{"type":"FeatureCollection","crs":{"type":"name","properties":{"name":"urn:ogc:def:crs:OGC:1.3:CRS84"}},"features":[{"type":"Feature","properties":{"pid":"063002300041"},"geometry":{"type":"Polygon","coordinates":[[[-84.798461,39.180012],[-84.798896,39.178593],[-84.800142,39.178652],[-84.799855,39.179511],[-84.799549,39.180063],[-84.798461,39.180012]]]}},{"type":"Feature","properties":{"pid":"063002300038"},"geometry":{"type":"Polygon","coordinates":[[[-84.801468,39.176117],[-84.800474,39.177598],[-84.800142,39.178652],[-84.798896,39.178593],[-84.800113,39.175906],[-84.801539,39.175915],[-84.801468,39.176117]]]}},{"type":"Feature","properties":{"pid":"063002200040"},"geometry":{"type":"Polygon","coordinates":[[[-84.800113,39.175906],[-84.796579,39.1759],[-84.797024,39.174566],[-84.80068,39.174557],[-84.800113,39.175906]]]}},{"type":"Feature","properties":{"pid":"063002200036"},"geometry":{"type":"Polygon","coordinates":[[[-84.801641,39.172192],[-84.802024,39.172195],[-84.802074,39.174406],[-84.801539,39.175915],[-84.800113,39.175906],[-84.801641,39.172192]]]}},{"type":"Feature","properties":{"pid":"063002200002"},"geometry":{"type":"Polygon","coordinates":[[[-84.797024,39.174566],[-84.797084,39.174385],[-84.797186,39.174407],[-84.79805,39.172268],[-84.799944,39.17227],[-84.799942,39.172185],[-84.801641,39.172192],[-84.80068,39.174557],[-84.797024,39.174566]]]}},{"type":"Feature","properties":{"pid":"057000900219"},"geometry":{"type":"Polygon","coordinates":[[[-84.713565,39.149095],[-84.712679,39.148729],[-84.713406,39.148171],[-84.713978,39.148488],[-84.713565,39.149095]]]}},{"type":"Feature","properties":{"pid":"057300030061"},"geometry":{"type":"Polygon","coordinates":[[[-84.749483,39.14857],[-84.75009,39.148518],[-84.749993,39.149366],[-84.74935,39.149355],[-84.749483,39.14857]]]}},{"type":"Feature","properties":{"pid":"057002400062"},"geometry":{"type":"Polygon","coordinates":[[[-84.768246,39.141504],[-84.768656,39.141226],[-84.772907,39.14322],[-84.772904,39.143254],[-84.77191,39.14319],[-84.768246,39.141504]]]}},{"type":"Feature","properties":{"pid":"063003000225"},"geometry":{"type":"Polygon","coordinates":[[[-84.819471,39.150434],[-84.819471,39.150708],[-84.820187,39.150708],[-84.820189,39.151026],[-84.817379,39.151001],[-84.81743,39.150433],[-84.819471,39.150434]]]}},{"type":"Feature","properties":{"pid":"063003000038"},"geometry":{"type":"Polygon","coordinates":[[[-84.817372,39.153162],[-84.817379,39.151001],[-84.819448,39.151002],[-84.819471,39.155563],[-84.820215,39.155569],[-84.820212,39.155671],[-84.81732,39.155653],[-84.817326,39.15482],[-84.817493,39.153433],[-84.817372,39.153162]]]}},{"type":"Feature","properties":{"pid":"063003000215"},"geometry":{"type":"Polygon","coordinates":[[[-84.816216,39.151182],[-84.816118,39.150719],[-84.81656,39.151226],[-84.817321,39.151088],[-84.81732,39.155653],[-84.816052,39.15564],[-84.816232,39.153559],[-84.816149,39.151588],[-84.816216,39.151182]]]}},{"type":"Feature","properties":{"pid":"057300030006"},"geometry":{"type":"MultiPolygon","coordinates":[[[[-84.748546,39.148612],[-84.748716,39.147758],[-84.749923,39.147727],[-84.750174,39.147687],[-84.750097,39.148462],[-84.748546,39.148612]]],[[[-84.749564,39.149438],[-84.748417,39.149296],[-84.748525,39.148728],[-84.749474,39.148626],[-84.74935,39.149355],[-84.749993,39.149366],[-84.749985,39.149436],[-84.749564,39.149438]]]]}},{"type":"Feature","properties":{"pid":"063003000041"},"geometry":{"type":"Polygon","coordinates":[[[-84.814485,39.147175],[-84.817337,39.147176],[-84.817336,39.147392],[-84.816699,39.148331],[-84.816288,39.14928],[-84.816277,39.149975],[-84.814479,39.151018],[-84.814485,39.147175]]]}},{"type":"Feature","properties":{"pid":"063003000210"},"geometry":{"type":"Polygon","coordinates":[[[-84.817336,39.147392],[-84.817553,39.147176],[-84.819218,39.147179],[-84.818388,39.148131],[-84.817809,39.149115],[-84.817331,39.149388],[-84.817336,39.147392]]]}},{"type":"Feature","properties":{"pid":"063003100025"},"geometry":{"type":"Polygon","coordinates":[[[-84.819218,39.147179],[-84.817553,39.147176],[-84.819478,39.145371],[-84.820166,39.144829],[-84.820173,39.146321],[-84.819218,39.147179]]]}},{"type":"Feature","properties":{"pid":"057000400415"},"geometry":{"type":"Polygon","coordinates":[[[-84.706536,39.157612],[-84.706038,39.157584],[-84.706045,39.15748],[-84.704019,39.157389],[-84.704103,39.156485],[-84.706427,39.156183],[-84.706474,39.156248],[-84.706564,39.156275],[-84.706536,39.157612]]]}},{"type":"Feature","properties":{"pid":"057000500127"},"geometry":{"type":"Polygon","coordinates":[[[-84.703829,39.154331],[-84.703741,39.154331],[-84.703745,39.153507],[-84.703468,39.151694],[-84.704085,39.151696],[-84.704891,39.153511],[-84.703833,39.153508],[-84.703829,39.154331]]]}},{"type":"Feature","properties":{"pid":"057000500128"},"geometry":{"type":"Polygon","coordinates":[[[-84.704358,39.154333],[-84.703829,39.154331],[-84.703833,39.153508],[-84.704362,39.15351],[-84.704358,39.154333]]]}},{"type":"Feature","properties":{"pid":"057000500129"},"geometry":{"type":"Polygon","coordinates":[[[-84.704887,39.154335],[-84.704358,39.154333],[-84.704362,39.15351],[-84.704891,39.153511],[-84.704887,39.154335]]]}},{"type":"Feature","properties":{"pid":"057000500130"},"geometry":{"type":"Polygon","coordinates":[[[-84.705416,39.154337],[-84.704887,39.154335],[-84.704891,39.153511],[-84.70542,39.153513],[-84.705416,39.154337]]]}},{"type":"Feature","properties":{"pid":"057000500131"},"geometry":{"type":"Polygon","coordinates":[[[-84.705945,39.154339],[-84.705416,39.154337],[-84.70542,39.153513],[-84.705949,39.153515],[-84.705945,39.154339]]]}},{"type":"Feature","properties":{"pid":"057000500132"},"geometry":{"type":"Polygon","coordinates":[[[-84.705945,39.154339],[-84.705949,39.153515],[-84.70645,39.153481],[-84.706505,39.154021],[-84.706473,39.154347],[-84.705945,39.154339]]]}},{"type":"Feature","properties":{"pid":"057000500134"},"geometry":{"type":"Polygon","coordinates":[[[-84.706414,39.151217],[-84.706006,39.150956],[-84.706677,39.150319],[-84.707086,39.15058],[-84.706414,39.151217]]]}},{"type":"Feature","properties":{"pid":"057000400505"},"geometry":{"type":"Polygon","coordinates":[[[-84.704189,39.155556],[-84.706513,39.155823],[-84.706507,39.155864],[-84.705124,39.155705],[-84.705067,39.156004],[-84.704146,39.156022],[-84.704189,39.155556]]]}},{"type":"Feature","properties":{"pid":"057000500135"},"geometry":{"type":"Polygon","coordinates":[[[-84.706006,39.150956],[-84.705597,39.150694],[-84.706268,39.150058],[-84.706677,39.150319],[-84.706006,39.150956]]]}},{"type":"Feature","properties":{"pid":"057000500136"},"geometry":{"type":"Polygon","coordinates":[[[-84.706268,39.150058],[-84.705597,39.150694],[-84.705188,39.150433],[-84.705859,39.149796],[-84.706268,39.150058]]]}},{"type":"Feature","properties":{"pid":"057000500137"},"geometry":{"type":"Polygon","coordinates":[[[-84.705188,39.150433],[-84.704081,39.149393],[-84.705535,39.149524],[-84.705568,39.149609],[-84.705859,39.149796],[-84.705188,39.150433]]]}},{"type":"Feature","properties":{"pid":"057000500238"},"geometry":{"type":"Polygon","coordinates":[[[-84.701542,39.154326],[-84.701504,39.154293],[-84.701512,39.153904],[-84.702598,39.153918],[-84.70255,39.154329],[-84.701542,39.154326]]]}},{"type":"Feature","properties":{"pid":"057000500239"},"geometry":{"type":"Polygon","coordinates":[[[-84.702598,39.153918],[-84.701512,39.153904],[-84.701522,39.153492],[-84.702645,39.153507],[-84.702598,39.153918]]]}},{"type":"Feature","properties":{"pid":"057000400506"},"geometry":{"type":"Polygon","coordinates":[[[-84.706507,39.155869],[-84.706503,39.155905],[-84.705168,39.155752],[-84.705112,39.156354],[-84.704103,39.156485],[-84.704146,39.156022],[-84.705067,39.156004],[-84.705124,39.155705],[-84.706507,39.155869]]]}},{"type":"Feature","properties":{"pid":"057000500124"},"geometry":{"type":"Polygon","coordinates":[[[-84.703124,39.154329],[-84.70255,39.154327],[-84.702646,39.153504],[-84.703128,39.153505],[-84.703124,39.154329]]]}},{"type":"Feature","properties":{"pid":"057000500125"},"geometry":{"type":"Polygon","coordinates":[[[-84.703652,39.154331],[-84.703124,39.154329],[-84.703128,39.153505],[-84.703657,39.153507],[-84.703652,39.154331]]]}},{"type":"Feature","properties":{"pid":"057000500126"},"geometry":{"type":"Polygon","coordinates":[[[-84.703657,39.153507],[-84.702646,39.153504],[-84.702855,39.151692],[-84.703468,39.151694],[-84.703745,39.153507],[-84.703741,39.154331],[-84.703652,39.154331],[-84.703657,39.153507]]]}},{"type":"Feature","properties":{"pid":"057000500240"},"geometry":{"type":"Polygon","coordinates":[[[-84.702646,39.153504],[-84.701522,39.153492],[-84.701634,39.153012],[-84.702694,39.153082],[-84.702646,39.153504]]]}},{"type":"Feature","properties":{"pid":"057000500241"},"geometry":{"type":"Polygon","coordinates":[[[-84.702694,39.153082],[-84.701634,39.153012],[-84.701802,39.152687],[-84.701851,39.152476],[-84.702759,39.152522],[-84.702694,39.153082]]]}},{"type":"Feature","properties":{"pid":"057000500242"},"geometry":{"type":"Polygon","coordinates":[[[-84.702928,39.151053],[-84.702759,39.152522],[-84.701851,39.152476],[-84.701786,39.152108],[-84.701604,39.151846],[-84.702928,39.151053]]]}},{"type":"Feature","properties":{"pid":"057000900010"},"geometry":{"type":"Polygon","coordinates":[[[-84.707133,39.154387],[-84.706473,39.154347],[-84.706505,39.154021],[-84.707206,39.154032],[-84.70718,39.154355],[-84.707133,39.154387]]]}},{"type":"Feature","properties":{"pid":"057000900012"},"geometry":{"type":"Polygon","coordinates":[[[-84.706489,39.153763],[-84.70645,39.153481],[-84.707152,39.153423],[-84.707191,39.153714],[-84.706489,39.153763]]]}},{"type":"Feature","properties":{"pid":"057000900013"},"geometry":{"type":"Polygon","coordinates":[[[-84.706518,39.152704],[-84.706556,39.152335],[-84.707255,39.152586],[-84.707153,39.152818],[-84.706518,39.152704]]]}},{"type":"Feature","properties":{"pid":"057000900014"},"geometry":{"type":"Polygon","coordinates":[[[-84.7066,39.151905],[-84.707415,39.152375],[-84.707255,39.152586],[-84.706556,39.152335],[-84.7066,39.151905]]]}},{"type":"Feature","properties":{"pid":"057000900015"},"geometry":{"type":"Polygon","coordinates":[[[-84.707627,39.152194],[-84.707415,39.152375],[-84.706601,39.151899],[-84.70709,39.151724],[-84.707627,39.152194]]]}},{"type":"Feature","properties":{"pid":"057000900018"},"geometry":{"type":"Polygon","coordinates":[[[-84.707971,39.15141],[-84.706601,39.151899],[-84.706633,39.151586],[-84.707586,39.150926],[-84.707971,39.15141]]]}},{"type":"Feature","properties":{"pid":"057000900019"},"geometry":{"type":"Polygon","coordinates":[[[-84.706655,39.151371],[-84.706414,39.151217],[-84.707086,39.15058],[-84.707586,39.150926],[-84.706633,39.151586],[-84.706655,39.151371]]]}},{"type":"Feature","properties":{"pid":"057000900039"},"geometry":{"type":"Polygon","coordinates":[[[-84.707306,39.153194],[-84.707343,39.152795],[-84.708029,39.152945],[-84.708008,39.153135],[-84.707306,39.153194]]]}},{"type":"Feature","properties":{"pid":"057000900040"},"geometry":{"type":"Polygon","coordinates":[[[-84.708017,39.153203],[-84.708055,39.153476],[-84.707345,39.153535],[-84.707316,39.153262],[-84.708017,39.153203]]]}},{"type":"Feature","properties":{"pid":"057000900041"},"geometry":{"type":"Polygon","coordinates":[[[-84.708096,39.153769],[-84.707376,39.153802],[-84.707345,39.153535],[-84.708055,39.153476],[-84.708096,39.153769]]]}},{"type":"Feature","properties":{"pid":"057000900042"},"geometry":{"type":"Polygon","coordinates":[[[-84.707381,39.154064],[-84.707376,39.153802],[-84.708096,39.153769],[-84.708101,39.15408],[-84.707381,39.154064]]]}},{"type":"Feature","properties":{"pid":"057000900043"},"geometry":{"type":"Polygon","coordinates":[[[-84.708066,39.154441],[-84.707375,39.154397],[-84.707381,39.154064],[-84.708101,39.15408],[-84.708066,39.154441]]]}},{"type":"Feature","properties":{"pid":"057001030082"},"geometry":{"type":"Polygon","coordinates":[[[-84.707157,39.154588],[-84.707115,39.154857],[-84.706923,39.155147],[-84.70602,39.154751],[-84.706021,39.154504],[-84.707116,39.154551],[-84.707157,39.154588]]]}},{"type":"Feature","properties":{"pid":"057001030083"},"geometry":{"type":"Polygon","coordinates":[[[-84.706664,39.155505],[-84.705761,39.15511],[-84.70602,39.154751],[-84.706923,39.155147],[-84.706664,39.155505]]]}},{"type":"Feature","properties":{"pid":"057001030084"},"geometry":{"type":"Polygon","coordinates":[[[-84.709026,39.157749],[-84.706536,39.157612],[-84.706564,39.156275],[-84.706666,39.156227],[-84.706682,39.156109],[-84.708659,39.156965],[-84.709026,39.157749]]]}},{"type":"Feature","properties":{"pid":"057001030088"},"geometry":{"type":"Polygon","coordinates":[[[-84.708153,39.155248],[-84.707254,39.154961],[-84.707345,39.154577],[-84.708214,39.154615],[-84.708153,39.155248]]]}},{"type":"Feature","properties":{"pid":"057001030085"},"geometry":{"type":"Polygon","coordinates":[[[-84.706666,39.155882],[-84.70675,39.155666],[-84.70838,39.156371],[-84.708659,39.156965],[-84.706682,39.156109],[-84.706666,39.155882]]]}},{"type":"Feature","properties":{"pid":"057001030086"},"geometry":{"type":"Polygon","coordinates":[[[-84.708101,39.155778],[-84.70838,39.156371],[-84.70675,39.155666],[-84.707009,39.155307],[-84.708101,39.155778]]]}},{"type":"Feature","properties":{"pid":"057001030087"},"geometry":{"type":"Polygon","coordinates":[[[-84.708101,39.155778],[-84.707009,39.155307],[-84.707254,39.154961],[-84.708153,39.155248],[-84.708101,39.155778]]]}},{"type":"Feature","properties":{"pid":"057000900029"},"geometry":{"type":"Polygon","coordinates":[[[-84.711209,39.151165],[-84.710581,39.15093],[-84.710687,39.1507],[-84.711444,39.150844],[-84.711209,39.151165]]]}},{"type":"Feature","properties":{"pid":"057000900030"},"geometry":{"type":"Polygon","coordinates":[[[-84.710986,39.15147],[-84.710425,39.151137],[-84.710581,39.15093],[-84.711209,39.151165],[-84.710986,39.15147]]]}},{"type":"Feature","properties":{"pid":"057000900031"},"geometry":{"type":"Polygon","coordinates":[[[-84.709995,39.152047],[-84.709701,39.151548],[-84.710006,39.151431],[-84.710379,39.15191],[-84.709995,39.152047]]]}},{"type":"Feature","properties":{"pid":"057000900032"},"geometry":{"type":"Polygon","coordinates":[[[-84.709995,39.152047],[-84.709675,39.152162],[-84.70938,39.151662],[-84.709701,39.151548],[-84.709995,39.152047]]]}},{"type":"Feature","properties":{"pid":"057000900033"},"geometry":{"type":"Polygon","coordinates":[[[-84.709354,39.152277],[-84.70906,39.151777],[-84.70938,39.151662],[-84.709675,39.152162],[-84.709354,39.152277]]]}},{"type":"Feature","properties":{"pid":"057000900034"},"geometry":{"type":"Polygon","coordinates":[[[-84.709034,39.152391],[-84.708739,39.151891],[-84.70906,39.151777],[-84.709354,39.152277],[-84.709034,39.152391]]]}},{"type":"Feature","properties":{"pid":"057000900035"},"geometry":{"type":"Polygon","coordinates":[[[-84.70872,39.152503],[-84.708426,39.152004],[-84.708739,39.151891],[-84.709034,39.152391],[-84.70872,39.152503]]]}},{"type":"Feature","properties":{"pid":"057000900047"},"geometry":{"type":"Polygon","coordinates":[[[-84.710519,39.150668],[-84.709594,39.15049],[-84.70954,39.150351],[-84.71052,39.150166],[-84.710558,39.150417],[-84.710519,39.150668]]]}},{"type":"Feature","properties":{"pid":"057000900080"},"geometry":{"type":"Polygon","coordinates":[[[-84.711444,39.150844],[-84.71069,39.1507],[-84.710733,39.150457],[-84.711711,39.15048],[-84.711444,39.150844]]]}},{"type":"Feature","properties":{"pid":"057000900149"},"geometry":{"type":"Polygon","coordinates":[[[-84.711105,39.152001],[-84.710379,39.15191],[-84.710006,39.151431],[-84.710233,39.151299],[-84.710741,39.151737],[-84.711357,39.15145],[-84.711543,39.15179],[-84.711105,39.152001]]]}},{"type":"Feature","properties":{"pid":"057000900150"},"geometry":{"type":"Polygon","coordinates":[[[-84.708684,39.15445],[-84.708838,39.152866],[-84.708346,39.152033],[-84.708426,39.152004],[-84.70872,39.152503],[-84.710379,39.15191],[-84.711105,39.152001],[-84.710772,39.152307],[-84.710577,39.152678],[-84.710463,39.153168],[-84.711036,39.15344],[-84.710987,39.153497],[-84.710391,39.153214],[-84.708906,39.154044],[-84.708866,39.154461],[-84.708684,39.15445]]]}},{"type":"Feature","properties":{"pid":"057000900209"},"geometry":{"type":"Polygon","coordinates":[[[-84.712317,39.151002],[-84.710741,39.151737],[-84.710233,39.151299],[-84.710425,39.151137],[-84.710986,39.15147],[-84.711711,39.15048],[-84.71159,39.150092],[-84.712141,39.149405],[-84.713747,39.150686],[-84.712317,39.151002]]]}},{"type":"Feature","properties":{"pid":"057000900314"},"geometry":{"type":"Polygon","coordinates":[[[-84.708614,39.154446],[-84.708069,39.154414],[-84.708099,39.153961],[-84.708658,39.153994],[-84.708614,39.154446]]]}},{"type":"Feature","properties":{"pid":"057000900315"},"geometry":{"type":"Polygon","coordinates":[[[-84.708658,39.153994],[-84.708099,39.153961],[-84.708065,39.153546],[-84.708768,39.153588],[-84.708684,39.15445],[-84.708614,39.154446],[-84.708658,39.153994]]]}},{"type":"Feature","properties":{"pid":"057000900316"},"geometry":{"type":"Polygon","coordinates":[[[-84.708065,39.153546],[-84.708017,39.153203],[-84.707316,39.153262],[-84.707311,39.153228],[-84.708283,39.153146],[-84.708808,39.153177],[-84.708768,39.153588],[-84.708065,39.153546]]]}},{"type":"Feature","properties":{"pid":"057000900317"},"geometry":{"type":"Polygon","coordinates":[[[-84.708029,39.152945],[-84.708141,39.152774],[-84.708325,39.152645],[-84.70864,39.152532],[-84.708838,39.152866],[-84.708808,39.153177],[-84.708283,39.153146],[-84.707311,39.153228],[-84.707306,39.153194],[-84.708008,39.153135],[-84.708029,39.152945]]]}},{"type":"Feature","properties":{"pid":"057000400059"},"geometry":{"type":"Polygon","coordinates":[[[-84.701207,39.158185],[-84.701034,39.157477],[-84.703236,39.157386],[-84.706045,39.15748],[-84.706036,39.157611],[-84.701207,39.158185]]]}},{"type":"Feature","properties":{"pid":"057000400282"},"geometry":{"type":"Polygon","coordinates":[[[-84.70423,39.155047],[-84.703893,39.155046],[-84.703897,39.154497],[-84.704273,39.154498],[-84.70423,39.155047]]]}},{"type":"Feature","properties":{"pid":"057000400295"},"geometry":{"type":"Polygon","coordinates":[[[-84.70387,39.155293],[-84.70421,39.155294],[-84.704149,39.15599],[-84.702794,39.155941],[-84.702803,39.154493],[-84.702839,39.154493],[-84.702835,39.155042],[-84.703893,39.155046],[-84.70387,39.155293]]]}},{"type":"Feature","properties":{"pid":"057000400296"},"geometry":{"type":"Polygon","coordinates":[[[-84.704019,39.157389],[-84.703236,39.157386],[-84.703449,39.156789],[-84.700591,39.156685],[-84.700667,39.155863],[-84.704149,39.15599],[-84.704019,39.157389]]]}},{"type":"Feature","properties":{"pid":"057000400410"},"geometry":{"type":"Polygon","coordinates":[[[-84.704189,39.155556],[-84.704273,39.154498],[-84.70479,39.154499],[-84.704783,39.155624],[-84.704189,39.155556]]]}},{"type":"Feature","properties":{"pid":"057000400411"},"geometry":{"type":"Polygon","coordinates":[[[-84.704783,39.155624],[-84.70479,39.154499],[-84.705319,39.154501],[-84.705312,39.155685],[-84.704783,39.155624]]]}},{"type":"Feature","properties":{"pid":"057000400412"},"geometry":{"type":"Polygon","coordinates":[[[-84.705342,39.155688],[-84.705319,39.154501],[-84.706021,39.154504],[-84.70602,39.154751],[-84.705342,39.155688]]]}},{"type":"Feature","properties":{"pid":"057000400413"},"geometry":{"type":"Polygon","coordinates":[[[-84.706513,39.155823],[-84.705342,39.155688],[-84.705761,39.15511],[-84.706664,39.155505],[-84.706513,39.155823]]]}},{"type":"Feature","properties":{"pid":"057000400414"},"geometry":{"type":"Polygon","coordinates":[[[-84.706503,39.155905],[-84.706427,39.156183],[-84.705112,39.156354],[-84.705168,39.155752],[-84.706503,39.155905]]]}},{"type":"Feature","properties":{"pid":"057000400391"},"geometry":{"type":"Polygon","coordinates":[[[-84.701014,39.165974],[-84.701066,39.16607],[-84.700402,39.166713],[-84.700324,39.166709],[-84.700553,39.165942],[-84.701014,39.165974]]]}},{"type":"Feature","properties":{"pid":"057000400390"},"geometry":{"type":"Polygon","coordinates":[[[-84.701409,39.166768],[-84.700899,39.16674],[-84.700402,39.166713],[-84.701066,39.16607],[-84.701213,39.166084],[-84.701409,39.166768]]]}},{"type":"Feature","properties":{"pid":"057001030089"},"geometry":{"type":"Polygon","coordinates":[[[-84.708214,39.154615],[-84.708794,39.154649],[-84.708749,39.155115],[-84.708101,39.155778],[-84.708214,39.154615]]]}},{"type":"Feature","properties":{"pid":"057001030091"},"geometry":{"type":"Polygon","coordinates":[[[-84.708132,39.155843],[-84.708101,39.155778],[-84.708749,39.155115],[-84.709663,39.155168],[-84.709666,39.155523],[-84.708132,39.155843]]]}},{"type":"Feature","properties":{"pid":"057300060080"},"geometry":{"type":"Polygon","coordinates":[[[-84.735649,39.147744],[-84.734988,39.147519],[-84.735076,39.147306],[-84.735466,39.147447],[-84.735758,39.147631],[-84.735649,39.147744]]]}},{"type":"Feature","properties":{"pid":"057300090006"},"geometry":{"type":"Polygon","coordinates":[[[-84.734618,39.149156],[-84.733783,39.148853],[-84.734408,39.148032],[-84.734739,39.148123],[-84.734988,39.147519],[-84.735649,39.147744],[-84.735758,39.147631],[-84.734618,39.149156]]]}},{"type":"Feature","properties":{"pid":"063003000262"},"geometry":{"type":"Polygon","coordinates":[[[-84.818332,39.156693],[-84.818098,39.157031],[-84.816844,39.156506],[-84.817141,39.155672],[-84.820212,39.155671],[-84.820217,39.156696],[-84.819023,39.156883],[-84.818988,39.156748],[-84.818332,39.156693]]]}},{"type":"Feature","properties":{"pid":"057000500140"},"geometry":{"type":"Polygon","coordinates":[[[-84.705971,39.14969],[-84.706642,39.149054],[-84.707051,39.149315],[-84.70638,39.149952],[-84.705971,39.14969]]]}},{"type":"Feature","properties":{"pid":"063003000045"},"geometry":{"type":"Polygon","coordinates":[[[-84.809318,39.147879],[-84.809324,39.147163],[-84.811651,39.147169],[-84.811654,39.147868],[-84.809318,39.147879]]]}},{"type":"Feature","properties":{"pid":"057000400525"},"geometry":{"type":"Polygon","coordinates":[[[-84.698181,39.158221],[-84.70115,39.157975],[-84.701194,39.158167],[-84.70015,39.158333],[-84.698155,39.158499],[-84.698181,39.158221]]]}},{"type":"Feature","properties":{"pid":"057000900020"},"geometry":{"type":"Polygon","coordinates":[[[-84.70638,39.149952],[-84.707051,39.149315],[-84.70746,39.149576],[-84.706789,39.150213],[-84.70638,39.149952]]]}},{"type":"Feature","properties":{"pid":"057000900021"},"geometry":{"type":"Polygon","coordinates":[[[-84.706789,39.150213],[-84.70746,39.149576],[-84.707869,39.149838],[-84.707198,39.150474],[-84.706789,39.150213]]]}},{"type":"Feature","properties":{"pid":"057300030013"},"geometry":{"type":"Polygon","coordinates":[[[-84.748168,39.150593],[-84.748189,39.150484],[-84.748538,39.150524],[-84.748517,39.150633],[-84.748168,39.150593]]]}},{"type":"Feature","properties":{"pid":"057300030014"},"geometry":{"type":"Polygon","coordinates":[[[-84.748545,39.150484],[-84.748538,39.150524],[-84.748189,39.150484],[-84.74821,39.150375],[-84.748353,39.150392],[-84.748545,39.150484]]]}},{"type":"Feature","properties":{"pid":"057300030022"},"geometry":{"type":"Polygon","coordinates":[[[-84.747659,39.150021],[-84.747781,39.150085],[-84.747711,39.150491],[-84.747604,39.150371],[-84.747659,39.150021]]]}},{"type":"Feature","properties":{"pid":"057300030024"},"geometry":{"type":"Polygon","coordinates":[[[-84.74765,39.150084],[-84.747609,39.150203],[-84.747587,39.150352],[-84.747388,39.150175],[-84.747424,39.149922],[-84.747609,39.149996],[-84.747595,39.150078],[-84.74765,39.150084]]]}},{"type":"Feature","properties":{"pid":"057300030025"},"geometry":{"type":"Polygon","coordinates":[[[-84.747254,39.149887],[-84.747423,39.149926],[-84.747388,39.150175],[-84.747227,39.150051],[-84.747254,39.149887]]]}},{"type":"Feature","properties":{"pid":"057002900004"},"geometry":{"type":"Polygon","coordinates":[[[-84.814526,39.114305],[-84.815995,39.114734],[-84.816227,39.116106],[-84.815293,39.116166],[-84.811765,39.116691],[-84.811448,39.114677],[-84.814526,39.114305]]]}},{"type":"Feature","properties":{"pid":"057001700015"},"geometry":{"type":"Polygon","coordinates":[[[-84.764146,39.142775],[-84.763993,39.142889],[-84.763555,39.142531],[-84.763708,39.142418],[-84.764146,39.142775]]]}},{"type":"Feature","properties":{"pid":"057003000001"},"geometry":{"type":"Polygon","coordinates":[[[-84.817153,39.120332],[-84.815962,39.12082],[-84.814291,39.121307],[-84.813191,39.121591],[-84.811436,39.121965],[-84.808906,39.12267],[-84.807913,39.120131],[-84.808338,39.118205],[-84.811173,39.117552],[-84.811661,39.116877],[-84.815344,39.116332],[-84.818147,39.116142],[-84.818482,39.116182],[-84.818768,39.116277],[-84.81897,39.116421],[-84.819215,39.116719],[-84.81935,39.117007],[-84.819405,39.117316],[-84.819266,39.118504],[-84.818737,39.119301],[-84.81775,39.12003],[-84.817153,39.120332]]]}},{"type":"Feature","properties":{"pid":"057002500007"},"geometry":{"type":"Polygon","coordinates":[[[-84.778633,39.126995],[-84.779188,39.127329],[-84.778596,39.128048],[-84.778038,39.127712],[-84.778633,39.126995]]]}},{"type":"Feature","properties":{"pid":"057002900005"},"geometry":{"type":"Polygon","coordinates":[[[-84.807902,39.115059],[-84.803933,39.115526],[-84.803863,39.115173],[-84.81423,39.113925],[-84.81419,39.113721],[-84.815315,39.113535],[-84.816403,39.113244],[-84.817438,39.112854],[-84.818453,39.112362],[-84.819052,39.113041],[-84.817973,39.113564],[-84.817146,39.113891],[-84.815992,39.114237],[-84.815098,39.114426],[-84.815068,39.11422],[-84.811448,39.114677],[-84.807908,39.115086],[-84.807902,39.115059]]]}},{"type":"Feature","properties":{"pid":"057002600002"},"geometry":{"type":"Polygon","coordinates":[[[-84.793167,39.12051],[-84.792479,39.120387],[-84.792734,39.119524],[-84.793416,39.119667],[-84.793167,39.12051]]]}},{"type":"Feature","properties":{"pid":"057002600017"},"geometry":{"type":"Polygon","coordinates":[[[-84.796159,39.120297],[-84.797042,39.120317],[-84.797068,39.120905],[-84.796187,39.120928],[-84.796159,39.120297]]]}},{"type":"Feature","properties":{"pid":"057300040122"},"geometry":{"type":"Polygon","coordinates":[[[-84.746661,39.150509],[-84.746485,39.150501],[-84.746508,39.150227],[-84.746684,39.150235],[-84.746661,39.150509]]]}},{"type":"Feature","properties":{"pid":"057300040129"},"geometry":{"type":"Polygon","coordinates":[[[-84.745963,39.150406],[-84.745597,39.150393],[-84.745602,39.150326],[-84.745968,39.150341],[-84.745963,39.150406]]]}},{"type":"Feature","properties":{"pid":"057300040124"},"geometry":{"type":"Polygon","coordinates":[[[-84.746356,39.149946],[-84.746532,39.149954],[-84.746513,39.150173],[-84.746337,39.150165],[-84.746356,39.149946]]]}},{"type":"Feature","properties":{"pid":"057300040133"},"geometry":{"type":"Polygon","coordinates":[[[-84.745986,39.150136],[-84.745619,39.150121],[-84.745625,39.150052],[-84.745992,39.150068],[-84.745986,39.150136]]]}},{"type":"Feature","properties":{"pid":"057300040123"},"geometry":{"type":"Polygon","coordinates":[[[-84.746532,39.149954],[-84.746708,39.149961],[-84.746684,39.150235],[-84.746508,39.150227],[-84.746532,39.149954]]]}},{"type":"Feature","properties":{"pid":"057300040134"},"geometry":{"type":"Polygon","coordinates":[[[-84.745625,39.150052],[-84.74563,39.149985],[-84.745998,39.149998],[-84.745992,39.150068],[-84.745625,39.150052]]]}},{"type":"Feature","properties":{"pid":"057300040202"},"geometry":{"type":"Polygon","coordinates":[[[-84.747252,39.150362],[-84.747349,39.150373],[-84.747501,39.150543],[-84.74721,39.150531],[-84.747252,39.150362]]]}},{"type":"Feature","properties":{"pid":"057300040126"},"geometry":{"type":"Polygon","coordinates":[[[-84.746309,39.150494],[-84.746132,39.150487],[-84.74618,39.149939],[-84.746356,39.149946],[-84.746309,39.150494]]]}},{"type":"Feature","properties":{"pid":"057300040125"},"geometry":{"type":"Polygon","coordinates":[[[-84.746485,39.150501],[-84.746309,39.150494],[-84.746337,39.150165],[-84.746513,39.150173],[-84.746485,39.150501]]]}},{"type":"Feature","properties":{"pid":"057300040127"},"geometry":{"type":"Polygon","coordinates":[[[-84.746132,39.150487],[-84.745956,39.15048],[-84.746004,39.149932],[-84.74618,39.149939],[-84.746132,39.150487]]]}},{"type":"Feature","properties":{"pid":"057000500304"},"geometry":{"type":"Polygon","coordinates":[[[-84.707786,39.146101],[-84.707218,39.14662],[-84.706329,39.146439],[-84.70635,39.146218],[-84.707786,39.146101]]]}},{"type":"Feature","properties":{"pid":"057000500305"},"geometry":{"type":"Polygon","coordinates":[[[-84.70635,39.146218],[-84.70636,39.145958],[-84.707748,39.145708],[-84.707871,39.146023],[-84.707786,39.146101],[-84.70635,39.146218]]]}},{"type":"Feature","properties":{"pid":"057000500314"},"geometry":{"type":"Polygon","coordinates":[[[-84.705035,39.147058],[-84.705468,39.146723],[-84.705948,39.146809],[-84.705909,39.14705],[-84.705035,39.147058]]]}},{"type":"Feature","properties":{"pid":"057000500313"},"geometry":{"type":"Polygon","coordinates":[[[-84.703473,39.146367],[-84.703496,39.146165],[-84.705487,39.14667],[-84.705968,39.146756],[-84.705948,39.146809],[-84.705468,39.146723],[-84.705035,39.147058],[-84.703936,39.147069],[-84.703473,39.146367]]]}},{"type":"Feature","properties":{"pid":"057000500316"},"geometry":{"type":"Polygon","coordinates":[[[-84.704565,39.147894],[-84.704464,39.147868],[-84.704317,39.147646],[-84.705953,39.147283],[-84.706054,39.147544],[-84.704565,39.147894]]]}},{"type":"Feature","properties":{"pid":"057000500317"},"geometry":{"type":"Polygon","coordinates":[[[-84.705089,39.148057],[-84.704565,39.147894],[-84.706054,39.147544],[-84.706156,39.147807],[-84.705089,39.148057]]]}},{"type":"Feature","properties":{"pid":"057000500318"},"geometry":{"type":"Polygon","coordinates":[[[-84.705554,39.148354],[-84.705089,39.148057],[-84.706156,39.147807],[-84.706274,39.148029],[-84.705554,39.148354]]]}},{"type":"Feature","properties":{"pid":"057000500319"},"geometry":{"type":"Polygon","coordinates":[[[-84.705956,39.148611],[-84.705554,39.148354],[-84.706274,39.148029],[-84.706459,39.148216],[-84.705956,39.148611]]]}},{"type":"Feature","properties":{"pid":"057000500321"},"geometry":{"type":"Polygon","coordinates":[[[-84.707134,39.148652],[-84.706687,39.149077],[-84.70636,39.148868],[-84.706807,39.148443],[-84.707134,39.148652]]]}},{"type":"Feature","properties":{"pid":"057000500322"},"geometry":{"type":"Polygon","coordinates":[[[-84.707407,39.148826],[-84.70696,39.149251],[-84.706687,39.149077],[-84.707134,39.148652],[-84.707407,39.148826]]]}},{"type":"Feature","properties":{"pid":"057000500323"},"geometry":{"type":"Polygon","coordinates":[[[-84.70768,39.149],[-84.707233,39.149425],[-84.70696,39.149251],[-84.707407,39.148826],[-84.70768,39.149]]]}},{"type":"Feature","properties":{"pid":"057000500324"},"geometry":{"type":"Polygon","coordinates":[[[-84.707952,39.149174],[-84.707505,39.149599],[-84.707233,39.149425],[-84.70768,39.149],[-84.707952,39.149174]]]}},{"type":"Feature","properties":{"pid":"057000500325"},"geometry":{"type":"Polygon","coordinates":[[[-84.708225,39.149348],[-84.707778,39.149773],[-84.707505,39.149599],[-84.707952,39.149174],[-84.708225,39.149348]]]}},{"type":"Feature","properties":{"pid":"057000500326"},"geometry":{"type":"Polygon","coordinates":[[[-84.708498,39.149522],[-84.708051,39.149947],[-84.707778,39.149773],[-84.708225,39.149348],[-84.708498,39.149522]]]}},{"type":"Feature","properties":{"pid":"057000500329"},"geometry":{"type":"Polygon","coordinates":[[[-84.709498,39.150868],[-84.708463,39.150209],[-84.70907,39.150067],[-84.709341,39.150619],[-84.709893,39.151278],[-84.709883,39.151329],[-84.709808,39.151361],[-84.709498,39.150868]]]}},{"type":"Feature","properties":{"pid":"057000500328"},"geometry":{"type":"Polygon","coordinates":[[[-84.708783,39.149705],[-84.708953,39.149862],[-84.70907,39.150067],[-84.708463,39.150209],[-84.708312,39.150113],[-84.708783,39.149705]]]}},{"type":"Feature","properties":{"pid":"057000500327"},"geometry":{"type":"Polygon","coordinates":[[[-84.708498,39.149522],[-84.708783,39.149705],[-84.708312,39.150113],[-84.708051,39.149947],[-84.708498,39.149522]]]}},{"type":"Feature","properties":{"pid":"057000500320"},"geometry":{"type":"Polygon","coordinates":[[[-84.706807,39.148443],[-84.70636,39.148868],[-84.705956,39.148611],[-84.706459,39.148216],[-84.706807,39.148443]]]}},{"type":"Feature","properties":{"pid":"057000500289"},"geometry":{"type":"Polygon","coordinates":[[[-84.708337,39.149242],[-84.708064,39.149068],[-84.708785,39.148382],[-84.708908,39.148699],[-84.708337,39.149242]]]}},{"type":"Feature","properties":{"pid":"057000500288"},"geometry":{"type":"Polygon","coordinates":[[[-84.70861,39.149416],[-84.708337,39.149242],[-84.708908,39.148699],[-84.709031,39.149015],[-84.70861,39.149416]]]}},{"type":"Feature","properties":{"pid":"057000400335"},"geometry":{"type":"Polygon","coordinates":[[[-84.704753,39.162597],[-84.704827,39.162854],[-84.704317,39.162829],[-84.704342,39.16252],[-84.704753,39.162597]]]}},{"type":"Feature","properties":{"pid":"057000400337"},"geometry":{"type":"Polygon","coordinates":[[[-84.704844,39.162505],[-84.704535,39.162073],[-84.705197,39.162106],[-84.705001,39.162497],[-84.704844,39.162505]]]}},{"type":"Feature","properties":{"pid":"057300070140"},"geometry":{"type":"Polygon","coordinates":[[[-84.732771,39.151869],[-84.734466,39.151796],[-84.735032,39.151838],[-84.735351,39.151488],[-84.73552,39.151653],[-84.735622,39.152027],[-84.735798,39.152049],[-84.735724,39.152563],[-84.737393,39.153191],[-84.737622,39.153467],[-84.737487,39.153639],[-84.734948,39.152816],[-84.732734,39.152808],[-84.731703,39.152626],[-84.731275,39.152699],[-84.730653,39.151899],[-84.729788,39.151388],[-84.729319,39.151389],[-84.728613,39.150911],[-84.728796,39.150346],[-84.729968,39.150479],[-84.730366,39.15031],[-84.731042,39.150545],[-84.730863,39.150814],[-84.732771,39.151869]]]}},{"type":"Feature","properties":{"pid":"057300070030"},"geometry":{"type":"Polygon","coordinates":[[[-84.728985,39.149235],[-84.729207,39.149373],[-84.729384,39.149427],[-84.730121,39.14932],[-84.730271,39.149667],[-84.730379,39.149763],[-84.730568,39.14984],[-84.730353,39.150216],[-84.730366,39.15031],[-84.729968,39.150479],[-84.728796,39.150346],[-84.728795,39.150007],[-84.728712,39.149761],[-84.728562,39.149535],[-84.728155,39.149095],[-84.728217,39.149065],[-84.728985,39.149235]],[[-84.730324,39.150043],[-84.730214,39.149951],[-84.730079,39.150194],[-84.730215,39.15024],[-84.730324,39.150043]],[[-84.729422,39.150186],[-84.72957,39.150185],[-84.729565,39.149857],[-84.729419,39.149959],[-84.729422,39.150186]],[[-84.729389,39.149963],[-84.729299,39.149954],[-84.729126,39.150137],[-84.729245,39.150206],[-84.729416,39.150025],[-84.729389,39.149963]],[[-84.72918,39.149832],[-84.729187,39.149726],[-84.728862,39.149831],[-84.728918,39.149938],[-84.72918,39.149832]],[[-84.728961,39.150017],[-84.729063,39.150101],[-84.729273,39.149945],[-84.729185,39.149852],[-84.728961,39.150017]],[[-84.728797,39.149696],[-84.728849,39.149804],[-84.729172,39.149709],[-84.729069,39.149616],[-84.728797,39.149696]],[[-84.729952,39.149788],[-84.729804,39.149789],[-84.729804,39.150016],[-84.729952,39.150016],[-84.729952,39.149788]],[[-84.730189,39.149931],[-84.730079,39.14984],[-84.729935,39.150092],[-84.73007,39.150139],[-84.730189,39.149931]],[[-84.729731,39.149812],[-84.729585,39.149851],[-84.729596,39.150102],[-84.729744,39.150098],[-84.729731,39.149812]]]}},{"type":"Feature","properties":{"pid":"057300070137"},"geometry":{"type":"Polygon","coordinates":[[[-84.732784,39.151203],[-84.733064,39.151358],[-84.732656,39.151805],[-84.732376,39.15165],[-84.732784,39.151203]]]}},{"type":"Feature","properties":{"pid":"057300070138"},"geometry":{"type":"Polygon","coordinates":[[[-84.732416,39.151061],[-84.732634,39.151181],[-84.732997,39.150782],[-84.733031,39.150801],[-84.732705,39.151159],[-84.732784,39.151203],[-84.732376,39.15165],[-84.732046,39.151468],[-84.732416,39.151061]]]}},{"type":"Feature","properties":{"pid":"057300090028"},"geometry":{"type":"Polygon","coordinates":[[[-84.730938,39.149968],[-84.731293,39.150091],[-84.731042,39.150545],[-84.730681,39.15042],[-84.730938,39.149968]]]}},{"type":"Feature","properties":{"pid":"057300090029"},"geometry":{"type":"Polygon","coordinates":[[[-84.730353,39.150216],[-84.730568,39.14984],[-84.730938,39.149968],[-84.730681,39.15042],[-84.730366,39.15031],[-84.730353,39.150216]]]}},{"type":"Feature","properties":{"pid":"057300090034"},"geometry":{"type":"Polygon","coordinates":[[[-84.732257,39.150912],[-84.732582,39.150554],[-84.732943,39.150752],[-84.732616,39.15111],[-84.732257,39.150912]]]}},{"type":"Feature","properties":{"pid":"057300090043"},"geometry":{"type":"Polygon","coordinates":[[[-84.733298,39.151624],[-84.733064,39.151358],[-84.73339,39.151],[-84.733578,39.151104],[-84.733665,39.15122],[-84.733298,39.151624]]]}},{"type":"Feature","properties":{"pid":"057300090045"},"geometry":{"type":"Polygon","coordinates":[[[-84.732705,39.151159],[-84.733031,39.150801],[-84.73339,39.151],[-84.733064,39.151358],[-84.732705,39.151159]]]}},{"type":"Feature","properties":{"pid":"057002800021"},"geometry":{"type":"Polygon","coordinates":[[[-84.783912,39.145979],[-84.784228,39.145962],[-84.784562,39.146023],[-84.78459,39.145943],[-84.78516,39.146066],[-84.786233,39.14661],[-84.786919,39.147041],[-84.787973,39.147264],[-84.789167,39.147926],[-84.788373,39.150211],[-84.782937,39.147876],[-84.783111,39.145967],[-84.7839,39.145897],[-84.783912,39.145979]]]}},{"type":"Feature","properties":{"pid":"057300040199"},"geometry":{"type":"Polygon","coordinates":[[[-84.747071,39.152035],[-84.747076,39.151266],[-84.747488,39.151128],[-84.747673,39.151454],[-84.748018,39.151337],[-84.748171,39.151891],[-84.747071,39.152035]]]}},{"type":"Feature","properties":{"pid":"057300040204"},"geometry":{"type":"Polygon","coordinates":[[[-84.74598,39.152079],[-84.745788,39.151692],[-84.746012,39.151618],[-84.746206,39.152008],[-84.74598,39.152079]]]}},{"type":"Feature","properties":{"pid":"057300040208"},"geometry":{"type":"Polygon","coordinates":[[[-84.745025,39.153738],[-84.744981,39.153455],[-84.745063,39.153306],[-84.745823,39.153543],[-84.745626,39.153926],[-84.745025,39.153738]]]}},{"type":"Feature","properties":{"pid":"057300040209"},"geometry":{"type":"MultiPolygon","coordinates":[[[[-84.748193,39.151214],[-84.748389,39.151175],[-84.748468,39.15153],[-84.748308,39.15156],[-84.748193,39.151214]]],[[[-84.748125,39.151012],[-84.748353,39.150964],[-84.748416,39.151168],[-84.748184,39.151187],[-84.748125,39.151012]]]]}},{"type":"Feature","properties":{"pid":"057000900262"},"geometry":{"type":"Polygon","coordinates":[[[-84.712295,39.145753],[-84.712399,39.145129],[-84.71275,39.145165],[-84.712645,39.145788],[-84.712295,39.145753]]]}},{"type":"Feature","properties":{"pid":"057000900263"},"geometry":{"type":"Polygon","coordinates":[[[-84.711946,39.145717],[-84.712051,39.145093],[-84.712399,39.145129],[-84.712295,39.145753],[-84.711946,39.145717]]]}},{"type":"Feature","properties":{"pid":"057000900264"},"geometry":{"type":"Polygon","coordinates":[[[-84.71155,39.145676],[-84.711465,39.145416],[-84.712013,39.145314],[-84.711946,39.145717],[-84.71155,39.145676]]]}},{"type":"Feature","properties":{"pid":"057000900265"},"geometry":{"type":"Polygon","coordinates":[[[-84.711343,39.145021],[-84.712051,39.145093],[-84.712013,39.145314],[-84.711465,39.145416],[-84.711343,39.145021]]]}},{"type":"Feature","properties":{"pid":"057300050062"},"geometry":{"type":"Polygon","coordinates":[[[-84.740811,39.150155],[-84.74084,39.149829],[-84.741151,39.149828],[-84.741121,39.150152],[-84.740811,39.150155]]]}},{"type":"Feature","properties":{"pid":"057300060062"},"geometry":{"type":"Polygon","coordinates":[[[-84.742566,39.148432],[-84.740291,39.148413],[-84.73959,39.148279],[-84.739014,39.14808],[-84.736081,39.146782],[-84.734023,39.146047],[-84.734104,39.14588],[-84.735529,39.146392],[-84.736632,39.146826],[-84.738087,39.147508],[-84.73809,39.147473],[-84.739038,39.147898],[-84.739613,39.148096],[-84.740314,39.148231],[-84.742588,39.14825],[-84.742566,39.148432]]]}},{"type":"Feature","properties":{"pid":"057300060077"},"geometry":{"type":"Polygon","coordinates":[[[-84.740123,39.148981],[-84.739529,39.148856],[-84.738847,39.148612],[-84.738025,39.148247],[-84.738042,39.148045],[-84.73933,39.148498],[-84.740035,39.148584],[-84.740661,39.148569],[-84.740623,39.148998],[-84.740123,39.148981]]]}},{"type":"Feature","properties":{"pid":"057002300012"},"geometry":{"type":"Polygon","coordinates":[[[-84.765276,39.149637],[-84.766585,39.149256],[-84.767225,39.149947],[-84.765822,39.150285],[-84.765276,39.149637]]]}},{"type":"Feature","properties":{"pid":"057002300019"},"geometry":{"type":"Polygon","coordinates":[[[-84.782526,39.145359],[-84.782564,39.145151],[-84.783349,39.144997],[-84.783347,39.145221],[-84.782526,39.145359]]]}},{"type":"Feature","properties":{"pid":"057002300039"},"geometry":{"type":"Polygon","coordinates":[[[-84.7669,39.151313],[-84.766315,39.150831],[-84.766728,39.150725],[-84.766987,39.150965],[-84.7669,39.151313]]]}},{"type":"Feature","properties":{"pid":"057002300051"},"geometry":{"type":"Polygon","coordinates":[[[-84.765982,39.150949],[-84.765373,39.150265],[-84.764924,39.149768],[-84.765276,39.149637],[-84.766286,39.150843],[-84.765982,39.150949]]]}},{"type":"Feature","properties":{"pid":"057002300052"},"geometry":{"type":"Polygon","coordinates":[[[-84.76567,39.151084],[-84.765091,39.150408],[-84.765373,39.150265],[-84.765982,39.150949],[-84.76567,39.151084]]]}},{"type":"Feature","properties":{"pid":"057002300063"},"geometry":{"type":"Polygon","coordinates":[[[-84.766286,39.150843],[-84.765822,39.150285],[-84.766158,39.150203],[-84.766588,39.150759],[-84.766286,39.150843]]]}},{"type":"Feature","properties":{"pid":"057002300070"},"geometry":{"type":"Polygon","coordinates":[[[-84.766958,39.150669],[-84.7665,39.15012],[-84.766841,39.150039],[-84.767298,39.150587],[-84.766958,39.150669]]]}},{"type":"Feature","properties":{"pid":"057002300072"},"geometry":{"type":"Polygon","coordinates":[[[-84.766588,39.150759],[-84.766158,39.150203],[-84.7665,39.15012],[-84.766958,39.150669],[-84.766588,39.150759]]]}},{"type":"Feature","properties":{"pid":"057002300074"},"geometry":{"type":"Polygon","coordinates":[[[-84.779791,39.149577],[-84.779684,39.146201],[-84.780984,39.145827],[-84.780602,39.149619],[-84.779791,39.149577]]]}},{"type":"Feature","properties":{"pid":"057002300082"},"geometry":{"type":"Polygon","coordinates":[[[-84.765324,39.151177],[-84.76479,39.150561],[-84.765091,39.150408],[-84.765611,39.151016],[-84.765324,39.151177]]]}},{"type":"Feature","properties":{"pid":"057001700001"},"geometry":{"type":"Polygon","coordinates":[[[-84.762715,39.157721],[-84.761017,39.157532],[-84.761282,39.156098],[-84.762952,39.155494],[-84.762715,39.157721]]]}},{"type":"Feature","properties":{"pid":"057001700004"},"geometry":{"type":"Polygon","coordinates":[[[-84.758278,39.157275],[-84.758378,39.156269],[-84.758709,39.156303],[-84.758601,39.157378],[-84.758278,39.157275]]]}},{"type":"Feature","properties":{"pid":"057002300100"},"geometry":{"type":"Polygon","coordinates":[[[-84.776132,39.149388],[-84.776001,39.148868],[-84.77595,39.148652],[-84.776324,39.148662],[-84.776503,39.149407],[-84.776132,39.149388]]]}},{"type":"Feature","properties":{"pid":"057002300111"},"geometry":{"type":"Polygon","coordinates":[[[-84.767653,39.152361],[-84.765881,39.151072],[-84.766334,39.150909],[-84.767631,39.151954],[-84.768,39.151906],[-84.768141,39.152044],[-84.767653,39.152361]]]}},{"type":"Feature","properties":{"pid":"057002300112"},"geometry":{"type":"Polygon","coordinates":[[[-84.767379,39.152539],[-84.765885,39.151621],[-84.765416,39.151332],[-84.765881,39.151072],[-84.767653,39.152361],[-84.767379,39.152539]]]}},{"type":"Feature","properties":{"pid":"057002300122"},"geometry":{"type":"Polygon","coordinates":[[[-84.766163,39.152966],[-84.764719,39.152454],[-84.76486,39.152202],[-84.766309,39.152716],[-84.766163,39.152966]]]}},{"type":"Feature","properties":{"pid":"057002300123"},"geometry":{"type":"Polygon","coordinates":[[[-84.76486,39.152202],[-84.765,39.15195],[-84.766455,39.152466],[-84.766309,39.152716],[-84.76486,39.152202]]]}},{"type":"Feature","properties":{"pid":"057002300124"},"geometry":{"type":"Polygon","coordinates":[[[-84.765,39.15195],[-84.765141,39.151699],[-84.766601,39.152216],[-84.766455,39.152466],[-84.765,39.15195]]]}},{"type":"Feature","properties":{"pid":"057002300125"},"geometry":{"type":"Polygon","coordinates":[[[-84.766163,39.152966],[-84.766601,39.152216],[-84.765141,39.151699],[-84.765169,39.151648],[-84.766699,39.152191],[-84.767325,39.152575],[-84.767447,39.153421],[-84.766163,39.152966]]]}},{"type":"Feature","properties":{"pid":"057002300127"},"geometry":{"type":"Polygon","coordinates":[[[-84.765197,39.151598],[-84.765294,39.151424],[-84.765416,39.151332],[-84.766735,39.152143],[-84.765197,39.151598]]]}},{"type":"Feature","properties":{"pid":"057002400026"},"geometry":{"type":"Polygon","coordinates":[[[-84.767343,39.140822],[-84.766583,39.140239],[-84.766843,39.140047],[-84.767596,39.140629],[-84.767343,39.140822]]]}},{"type":"Feature","properties":{"pid":"057001700052"},"geometry":{"type":"Polygon","coordinates":[[[-84.758651,39.156204],[-84.758684,39.155806],[-84.759035,39.155854],[-84.758999,39.156247],[-84.758651,39.156204]]]}},{"type":"Feature","properties":{"pid":"057001700057"},"geometry":{"type":"Polygon","coordinates":[[[-84.759282,39.156362],[-84.758991,39.156332],[-84.759042,39.155771],[-84.759332,39.15581],[-84.759282,39.156362]]]}},{"type":"Feature","properties":{"pid":"057001700068"},"geometry":{"type":"Polygon","coordinates":[[[-84.760834,39.158914],[-84.760927,39.158632],[-84.761136,39.158688],[-84.761457,39.158702],[-84.761431,39.15894],[-84.760834,39.158914]]]}},{"type":"Feature","properties":{"pid":"057001700069"},"geometry":{"type":"Polygon","coordinates":[[[-84.76049,39.158817],[-84.760582,39.15857],[-84.760784,39.158607],[-84.760706,39.158855],[-84.76049,39.158817]]]}},{"type":"Feature","properties":{"pid":"057001700070"},"geometry":{"type":"Polygon","coordinates":[[[-84.760373,39.159265],[-84.758701,39.158737],[-84.758741,39.158224],[-84.760184,39.158498],[-84.760113,39.15872],[-84.760706,39.158855],[-84.760689,39.158908],[-84.761431,39.15894],[-84.761395,39.159274],[-84.760373,39.159265]]]}},{"type":"Feature","properties":{"pid":"057001700076"},"geometry":{"type":"Polygon","coordinates":[[[-84.758972,39.158279],[-84.759223,39.157619],[-84.759915,39.157799],[-84.7597,39.158411],[-84.758972,39.158279]]]}},{"type":"Feature","properties":{"pid":"057001700077"},"geometry":{"type":"Polygon","coordinates":[[[-84.7597,39.158411],[-84.759915,39.157799],[-84.760115,39.157839],[-84.759902,39.158448],[-84.7597,39.158411]]]}},{"type":"Feature","properties":{"pid":"057001700078"},"geometry":{"type":"Polygon","coordinates":[[[-84.759902,39.158448],[-84.760213,39.157557],[-84.760395,39.157569],[-84.760077,39.158479],[-84.759902,39.158448]]]}},{"type":"Feature","properties":{"pid":"057001700080"},"geometry":{"type":"Polygon","coordinates":[[[-84.760115,39.157839],[-84.759511,39.157669],[-84.759529,39.157513],[-84.760213,39.157557],[-84.760115,39.157839]]]}},{"type":"Feature","properties":{"pid":"057001700081"},"geometry":{"type":"Polygon","coordinates":[[[-84.762245,39.158735],[-84.762295,39.158247],[-84.762475,39.158253],[-84.762423,39.158743],[-84.762245,39.158735]]]}},{"type":"Feature","properties":{"pid":"057001700082"},"geometry":{"type":"Polygon","coordinates":[[[-84.762423,39.158743],[-84.762475,39.158253],[-84.762659,39.158258],[-84.762609,39.15875],[-84.762423,39.158743]]]}},{"type":"Feature","properties":{"pid":"057001700087"},"geometry":{"type":"Polygon","coordinates":[[[-84.76031,39.158762],[-84.760355,39.15861],[-84.760554,39.158646],[-84.760496,39.158802],[-84.76031,39.158762]]]}},{"type":"Feature","properties":{"pid":"057001700093"},"geometry":{"type":"Polygon","coordinates":[[[-84.761895,39.15872],[-84.762,39.157672],[-84.762715,39.157721],[-84.762659,39.158258],[-84.762295,39.158247],[-84.762245,39.158735],[-84.761895,39.15872]]]}},{"type":"Feature","properties":{"pid":"057001700094"},"geometry":{"type":"Polygon","coordinates":[[[-84.760248,39.15851],[-84.760077,39.158479],[-84.760395,39.157569],[-84.760575,39.157581],[-84.760248,39.15851]]]}},{"type":"Feature","properties":{"pid":"057001700098"},"geometry":{"type":"Polygon","coordinates":[[[-84.761457,39.158702],[-84.761136,39.158688],[-84.760938,39.158634],[-84.76129,39.157626],[-84.761653,39.157649],[-84.761457,39.158702]]]}},{"type":"Feature","properties":{"pid":"057001700100"},"geometry":{"type":"Polygon","coordinates":[[[-84.760595,39.158573],[-84.760939,39.157604],[-84.761113,39.157615],[-84.760767,39.158604],[-84.760595,39.158573]]]}},{"type":"Feature","properties":{"pid":"057001700102"},"geometry":{"type":"Polygon","coordinates":[[[-84.761723,39.158713],[-84.761827,39.157661],[-84.762,39.157672],[-84.761895,39.15872],[-84.761723,39.158713]]]}},{"type":"Feature","properties":{"pid":"057001700107"},"geometry":{"type":"Polygon","coordinates":[[[-84.760423,39.158542],[-84.760248,39.15851],[-84.760575,39.157581],[-84.760756,39.157592],[-84.760423,39.158542]]]}},{"type":"Feature","properties":{"pid":"057001700108"},"geometry":{"type":"Polygon","coordinates":[[[-84.758601,39.157378],[-84.758709,39.156303],[-84.759024,39.156335],[-84.758909,39.157476],[-84.758601,39.157378]]]}},{"type":"Feature","properties":{"pid":"057001700109"},"geometry":{"type":"Polygon","coordinates":[[[-84.75924,39.157623],[-84.759237,39.157581],[-84.758909,39.157476],[-84.759017,39.156408],[-84.75936,39.15645],[-84.75924,39.157623]]]}},{"type":"Feature","properties":{"pid":"057001700110"},"geometry":{"type":"Polygon","coordinates":[[[-84.762644,39.157715],[-84.759529,39.157513],[-84.759511,39.157669],[-84.759244,39.157583],[-84.759369,39.156371],[-84.759568,39.156391],[-84.759613,39.155931],[-84.759699,39.155943],[-84.759554,39.157368],[-84.762644,39.157715]]]}},{"type":"Feature","properties":{"pid":"057001700113"},"geometry":{"type":"Polygon","coordinates":[[[-84.762756,39.154593],[-84.763075,39.154476],[-84.762952,39.155494],[-84.762858,39.155528],[-84.762756,39.154593]]]}},{"type":"Feature","properties":{"pid":"057001700114"},"geometry":{"type":"Polygon","coordinates":[[[-84.762437,39.154709],[-84.762756,39.154593],[-84.762858,39.155528],[-84.762762,39.155562],[-84.762437,39.154709]]]}},{"type":"Feature","properties":{"pid":"057001700115"},"geometry":{"type":"Polygon","coordinates":[[[-84.762182,39.154803],[-84.762437,39.154709],[-84.762762,39.155562],[-84.762602,39.15562],[-84.762182,39.154803]]]}},{"type":"Feature","properties":{"pid":"057001700116"},"geometry":{"type":"Polygon","coordinates":[[[-84.761926,39.154896],[-84.762182,39.154803],[-84.762602,39.15562],[-84.762401,39.155693],[-84.761926,39.154896]]]}},{"type":"Feature","properties":{"pid":"057001700117"},"geometry":{"type":"Polygon","coordinates":[[[-84.76167,39.154988],[-84.761926,39.154896],[-84.762401,39.155693],[-84.762145,39.155785],[-84.76167,39.154988]]]}},{"type":"Feature","properties":{"pid":"057001700118"},"geometry":{"type":"Polygon","coordinates":[[[-84.761414,39.155081],[-84.76167,39.154988],[-84.762145,39.155785],[-84.761889,39.155878],[-84.761414,39.155081]]]}},{"type":"Feature","properties":{"pid":"057001700119"},"geometry":{"type":"Polygon","coordinates":[[[-84.760904,39.155268],[-84.761,39.155232],[-84.761538,39.156005],[-84.761442,39.15604],[-84.760904,39.155268]]]}},{"type":"Feature","properties":{"pid":"057001700120"},"geometry":{"type":"Polygon","coordinates":[[[-84.760667,39.155383],[-84.760904,39.155268],[-84.761442,39.15604],[-84.761282,39.156098],[-84.760667,39.155383]]]}},{"type":"Feature","properties":{"pid":"057001700123"},"geometry":{"type":"Polygon","coordinates":[[[-84.760031,39.155775],[-84.760226,39.155655],[-84.760829,39.156261],[-84.760542,39.156365],[-84.760031,39.155775]]]}},{"type":"Feature","properties":{"pid":"057001700124"},"geometry":{"type":"Polygon","coordinates":[[[-84.759835,39.155897],[-84.760031,39.155775],[-84.760542,39.156365],[-84.760222,39.156481],[-84.759835,39.155897]]]}},{"type":"Feature","properties":{"pid":"057001700125"},"geometry":{"type":"Polygon","coordinates":[[[-84.759622,39.156697],[-84.759699,39.155943],[-84.759835,39.155897],[-84.760222,39.156481],[-84.759622,39.156697]]]}},{"type":"Feature","properties":{"pid":"057001700127"},"geometry":{"type":"Polygon","coordinates":[[[-84.761483,39.158703],[-84.761653,39.157649],[-84.761827,39.157661],[-84.761723,39.158713],[-84.761483,39.158703]]]}},{"type":"Feature","properties":{"pid":"057001700128"},"geometry":{"type":"Polygon","coordinates":[[[-84.760546,39.155976],[-84.760892,39.155767],[-84.760598,39.155426],[-84.760626,39.155409],[-84.761233,39.156115],[-84.760829,39.156261],[-84.760546,39.155976]]]}},{"type":"Feature","properties":{"pid":"057001700129"},"geometry":{"type":"Polygon","coordinates":[[[-84.760768,39.155841],[-84.760447,39.155519],[-84.760598,39.155426],[-84.760892,39.155767],[-84.760768,39.155841]]]}},{"type":"Feature","properties":{"pid":"057001700130"},"geometry":{"type":"Polygon","coordinates":[[[-84.759554,39.157368],[-84.759622,39.156697],[-84.761282,39.156098],[-84.761017,39.157532],[-84.759554,39.157368]]]}},{"type":"Feature","properties":{"pid":"057001700131"},"geometry":{"type":"Polygon","coordinates":[[[-84.761,39.155232],[-84.761414,39.155081],[-84.761889,39.155878],[-84.761538,39.156005],[-84.761,39.155232]]]}},{"type":"Feature","properties":{"pid":"057002400060"},"geometry":{"type":"Polygon","coordinates":[[[-84.770817,39.141469],[-84.769306,39.140767],[-84.769579,39.140587],[-84.771062,39.141279],[-84.770817,39.141469]]]}},{"type":"Feature","properties":{"pid":"057002400078"},"geometry":{"type":"Polygon","coordinates":[[[-84.770817,39.141469],[-84.771062,39.141279],[-84.773003,39.142183],[-84.772976,39.142476],[-84.770817,39.141469]]]}},{"type":"Feature","properties":{"pid":"057002400081"},"geometry":{"type":"Polygon","coordinates":[[[-84.76701,39.142123],[-84.767905,39.141396],[-84.768378,39.140977],[-84.768571,39.141215],[-84.767207,39.142278],[-84.76701,39.142123]]]}},{"type":"Feature","properties":{"pid":"057002400083"},"geometry":{"type":"Polygon","coordinates":[[[-84.772812,39.137489],[-84.773006,39.137254],[-84.773772,39.137463],[-84.773581,39.137689],[-84.772812,39.137489]]]}},{"type":"Feature","properties":{"pid":"057002400084"},"geometry":{"type":"Polygon","coordinates":[[[-84.773145,39.138124],[-84.772307,39.137903],[-84.772739,39.13747],[-84.773581,39.137689],[-84.773145,39.138124]]]}},{"type":"Feature","properties":{"pid":"057002400095"},"geometry":{"type":"Polygon","coordinates":[[[-84.770417,39.139958],[-84.770394,39.13991],[-84.770585,39.139564],[-84.771203,39.139873],[-84.770947,39.140204],[-84.770417,39.139958]]]}},{"type":"Feature","properties":{"pid":"057002400099"},"geometry":{"type":"Polygon","coordinates":[[[-84.772949,39.142766],[-84.769042,39.140946],[-84.769306,39.140767],[-84.770817,39.141469],[-84.772976,39.142476],[-84.772949,39.142766]]]}},{"type":"Feature","properties":{"pid":"057002400104"},"geometry":{"type":"Polygon","coordinates":[[[-84.772907,39.14322],[-84.768656,39.141226],[-84.769042,39.140946],[-84.772949,39.142766],[-84.772907,39.14322]]]}},{"type":"Feature","properties":{"pid":"057002400105"},"geometry":{"type":"Polygon","coordinates":[[[-84.770947,39.140204],[-84.771203,39.139873],[-84.771599,39.140078],[-84.771357,39.140394],[-84.770947,39.140204]]]}},{"type":"Feature","properties":{"pid":"057002400138"},"geometry":{"type":"Polygon","coordinates":[[[-84.773038,39.139901],[-84.771321,39.138802],[-84.771595,39.138555],[-84.773295,39.139648],[-84.773038,39.139901]]]}},{"type":"Feature","properties":{"pid":"057002400140"},"geometry":{"type":"Polygon","coordinates":[[[-84.767596,39.141644],[-84.766174,39.140544],[-84.766583,39.140239],[-84.767343,39.140822],[-84.767596,39.140629],[-84.768224,39.141113],[-84.767596,39.141644]]]}},{"type":"Feature","properties":{"pid":"057002400142"},"geometry":{"type":"Polygon","coordinates":[[[-84.76701,39.142123],[-84.765566,39.140992],[-84.766174,39.140544],[-84.767596,39.141644],[-84.76701,39.142123]]]}},{"type":"Feature","properties":{"pid":"057002300008"},"geometry":{"type":"Polygon","coordinates":[[[-84.764583,39.154957],[-84.764258,39.154678],[-84.765042,39.153441],[-84.765806,39.153763],[-84.764583,39.154957]]]}},{"type":"Feature","properties":{"pid":"057002800001"},"geometry":{"type":"Polygon","coordinates":[[[-84.782444,39.153223],[-84.786508,39.154885],[-84.788592,39.15577],[-84.786927,39.156643],[-84.786065,39.157233],[-84.785307,39.155966],[-84.781993,39.158136],[-84.782444,39.153223]]]}},{"type":"Feature","properties":{"pid":"063002100016"},"geometry":{"type":"Polygon","coordinates":[[[-84.800763,39.161409],[-84.798296,39.161414],[-84.798294,39.161272],[-84.800224,39.160533],[-84.801168,39.160225],[-84.801169,39.160587],[-84.800759,39.160588],[-84.800763,39.161409]]]}},{"type":"Feature","properties":{"pid":"063003000001"},"geometry":{"type":"Polygon","coordinates":[[[-84.819017,39.15965],[-84.818769,39.158748],[-84.819641,39.158552],[-84.819863,39.158893],[-84.819868,39.159648],[-84.819017,39.15965]]]}},{"type":"Feature","properties":{"pid":"063003000016"},"geometry":{"type":"Polygon","coordinates":[[[-84.808122,39.155585],[-84.808307,39.155424],[-84.808683,39.155594],[-84.808122,39.155585]]]}},{"type":"Feature","properties":{"pid":"063003000022"},"geometry":{"type":"Polygon","coordinates":[[[-84.804739,39.157461],[-84.805243,39.157241],[-84.805262,39.157267],[-84.804752,39.157489],[-84.804739,39.157461]]]}},{"type":"Feature","properties":{"pid":"063003000031"},"geometry":{"type":"Polygon","coordinates":[[[-84.80454,39.157097],[-84.805022,39.156919],[-84.805055,39.156981],[-84.805048,39.157038],[-84.804592,39.157207],[-84.80454,39.157097]]]}},{"type":"Feature","properties":{"pid":"063003000042"},"geometry":{"type":"Polygon","coordinates":[[[-84.813125,39.152608],[-84.813782,39.152233],[-84.814448,39.151817],[-84.814455,39.15281],[-84.813646,39.153194],[-84.813125,39.152608]]]}},{"type":"Feature","properties":{"pid":"063003000043"},"geometry":{"type":"MultiPolygon","coordinates":[[[[-84.811693,39.152582],[-84.811651,39.147169],[-84.814485,39.147175],[-84.814479,39.150941],[-84.811693,39.152582]]],[[[-84.811584,39.153121],[-84.814446,39.151486],[-84.814447,39.151587],[-84.813442,39.152205],[-84.812529,39.152719],[-84.811584,39.153169],[-84.811584,39.153121]]]]}},{"type":"Feature","properties":{"pid":"063003000053"},"geometry":{"type":"Polygon","coordinates":[[[-84.818568,39.149116],[-84.818716,39.149034],[-84.81877,39.14918],[-84.818616,39.149229],[-84.818568,39.149116]]]}},{"type":"Feature","properties":{"pid":"063003000058"},"geometry":{"type":"Polygon","coordinates":[[[-84.806696,39.159133],[-84.806699,39.158896],[-84.806928,39.158894],[-84.806926,39.159132],[-84.806696,39.159133]]]}},{"type":"Feature","properties":{"pid":"063003000059"},"geometry":{"type":"Polygon","coordinates":[[[-84.81664,39.150825],[-84.816765,39.150198],[-84.817327,39.149895],[-84.817322,39.150828],[-84.81664,39.150825]]]}},{"type":"Feature","properties":{"pid":"063003000125"},"geometry":{"type":"Polygon","coordinates":[[[-84.802982,39.15799],[-84.803127,39.157916],[-84.803336,39.158174],[-84.803191,39.158245],[-84.802982,39.15799]]]}},{"type":"Feature","properties":{"pid":"063003000142"},"geometry":{"type":"Polygon","coordinates":[[[-84.808849,39.156414],[-84.807997,39.155671],[-84.808122,39.155585],[-84.810037,39.1556],[-84.81003,39.155704],[-84.808849,39.156414]]]}},{"type":"Feature","properties":{"pid":"063003000144"},"geometry":{"type":"Polygon","coordinates":[[[-84.809558,39.157036],[-84.809082,39.156619],[-84.809873,39.156532],[-84.809777,39.157042],[-84.809558,39.157036]]]}},{"type":"Feature","properties":{"pid":"063003000145"},"geometry":{"type":"Polygon","coordinates":[[[-84.80827,39.157006],[-84.808839,39.156612],[-84.809316,39.157031],[-84.80827,39.157006]]]}},{"type":"Feature","properties":{"pid":"063003000147"},"geometry":{"type":"Polygon","coordinates":[[[-84.807954,39.156249],[-84.808086,39.156158],[-84.808395,39.156429],[-84.808263,39.15652],[-84.807954,39.156249]]]}},{"type":"Feature","properties":{"pid":"063003000148"},"geometry":{"type":"Polygon","coordinates":[[[-84.807822,39.15634],[-84.807954,39.156249],[-84.808263,39.15652],[-84.808131,39.156611],[-84.807822,39.15634]]]}},{"type":"Feature","properties":{"pid":"063003000149"},"geometry":{"type":"Polygon","coordinates":[[[-84.80769,39.156431],[-84.807822,39.15634],[-84.808131,39.156611],[-84.807999,39.156702],[-84.80769,39.156431]]]}},{"type":"Feature","properties":{"pid":"063003000150"},"geometry":{"type":"Polygon","coordinates":[[[-84.807558,39.156522],[-84.80769,39.156431],[-84.807999,39.156702],[-84.807867,39.156793],[-84.807558,39.156522]]]}},{"type":"Feature","properties":{"pid":"063003000151"},"geometry":{"type":"Polygon","coordinates":[[[-84.807426,39.156613],[-84.807558,39.156522],[-84.807867,39.156793],[-84.807735,39.156884],[-84.807426,39.156613]]]}},{"type":"Feature","properties":{"pid":"063003000152"},"geometry":{"type":"Polygon","coordinates":[[[-84.807568,39.156944],[-84.807295,39.156704],[-84.807426,39.156613],[-84.807735,39.156884],[-84.807646,39.156946],[-84.807568,39.156944]]]}},{"type":"Feature","properties":{"pid":"063003000153"},"geometry":{"type":"Polygon","coordinates":[[[-84.806897,39.156976],[-84.807248,39.156736],[-84.807538,39.15699],[-84.806897,39.156976]]]}},{"type":"Feature","properties":{"pid":"063003000154"},"geometry":{"type":"Polygon","coordinates":[[[-84.806408,39.156964],[-84.806577,39.156769],[-84.80674,39.156972],[-84.806408,39.156964]]]}},{"type":"Feature","properties":{"pid":"063003000155"},"geometry":{"type":"Polygon","coordinates":[[[-84.80674,39.156972],[-84.806577,39.156769],[-84.806686,39.156658],[-84.806946,39.156884],[-84.806817,39.156974],[-84.80674,39.156972]]]}},{"type":"Feature","properties":{"pid":"063003000156"},"geometry":{"type":"Polygon","coordinates":[[[-84.806686,39.156658],[-84.806799,39.156549],[-84.807077,39.156792],[-84.806946,39.156884],[-84.806686,39.156658]]]}},{"type":"Feature","properties":{"pid":"063003000157"},"geometry":{"type":"Polygon","coordinates":[[[-84.806799,39.156549],[-84.806916,39.156446],[-84.807208,39.1567],[-84.807077,39.156792],[-84.806799,39.156549]]]}},{"type":"Feature","properties":{"pid":"063003000158"},"geometry":{"type":"Polygon","coordinates":[[[-84.80696,39.15641],[-84.807082,39.15631],[-84.807388,39.156579],[-84.807256,39.15667],[-84.80696,39.15641]]]}},{"type":"Feature","properties":{"pid":"063003000159"},"geometry":{"type":"Polygon","coordinates":[[[-84.807082,39.15631],[-84.807216,39.156221],[-84.80752,39.156488],[-84.807388,39.156579],[-84.807082,39.15631]]]}},{"type":"Feature","properties":{"pid":"063003000160"},"geometry":{"type":"Polygon","coordinates":[[[-84.807216,39.156221],[-84.807341,39.156124],[-84.807652,39.156397],[-84.80752,39.156488],[-84.807216,39.156221]]]}},{"type":"Feature","properties":{"pid":"063003000161"},"geometry":{"type":"Polygon","coordinates":[[[-84.807341,39.156124],[-84.807473,39.156033],[-84.807784,39.156306],[-84.807652,39.156397],[-84.807341,39.156124]]]}},{"type":"Feature","properties":{"pid":"063003000162"},"geometry":{"type":"Polygon","coordinates":[[[-84.807473,39.156033],[-84.807605,39.155942],[-84.807916,39.156215],[-84.807784,39.156306],[-84.807473,39.156033]]]}},{"type":"Feature","properties":{"pid":"063003000164"},"geometry":{"type":"Polygon","coordinates":[[[-84.807737,39.155851],[-84.807869,39.15576],[-84.80818,39.156033],[-84.808048,39.156124],[-84.807737,39.155851]]]}},{"type":"Feature","properties":{"pid":"063003000168"},"geometry":{"type":"Polygon","coordinates":[[[-84.816118,39.150719],[-84.816741,39.15032],[-84.81664,39.150825],[-84.817322,39.150828],[-84.817321,39.151088],[-84.81656,39.151226],[-84.816118,39.150719]]]}},{"type":"Feature","properties":{"pid":"063003000171"},"geometry":{"type":"Polygon","coordinates":[[[-84.806926,39.159208],[-84.806928,39.158894],[-84.807166,39.158891],[-84.807165,39.159207],[-84.806926,39.159208]]]}},{"type":"Feature","properties":{"pid":"063003000172"},"geometry":{"type":"Polygon","coordinates":[[[-84.807142,39.160045],[-84.806918,39.160044],[-84.806921,39.159678],[-84.807159,39.159679],[-84.807142,39.160045]]]}},{"type":"Feature","properties":{"pid":"063003000174"},"geometry":{"type":"Polygon","coordinates":[[[-84.80784,39.156996],[-84.808644,39.156441],[-84.808839,39.156612],[-84.80827,39.157006],[-84.80784,39.156996]]]}},{"type":"Feature","properties":{"pid":"063003000177"},"geometry":{"type":"Polygon","coordinates":[[[-84.805429,39.157307],[-84.805766,39.156869],[-84.806072,39.157014],[-84.805701,39.157436],[-84.805429,39.157307]]]}},{"type":"Feature","properties":{"pid":"063003000182"},"geometry":{"type":"Polygon","coordinates":[[[-84.806922,39.159499],[-84.806926,39.159208],[-84.807165,39.159207],[-84.807164,39.159499],[-84.806922,39.159499]]]}},{"type":"Feature","properties":{"pid":"063003000183"},"geometry":{"type":"Polygon","coordinates":[[[-84.80691,39.160494],[-84.806916,39.16009],[-84.807158,39.160091],[-84.807154,39.160498],[-84.80691,39.160494]]]}},{"type":"Feature","properties":{"pid":"063003000184"},"geometry":{"type":"Polygon","coordinates":[[[-84.806691,39.159499],[-84.806696,39.159133],[-84.806926,39.159132],[-84.806922,39.159499],[-84.806691,39.159499]]]}},{"type":"Feature","properties":{"pid":"063003000186"},"geometry":{"type":"Polygon","coordinates":[[[-84.81107,39.159823],[-84.811372,39.159823],[-84.81137,39.160443],[-84.811073,39.160512],[-84.81107,39.159823]]]}},{"type":"Feature","properties":{"pid":"063003000187"},"geometry":{"type":"Polygon","coordinates":[[[-84.810839,39.160531],[-84.810778,39.160341],[-84.810776,39.159823],[-84.81107,39.159823],[-84.811073,39.160512],[-84.810887,39.160555],[-84.810839,39.160531]]]}},{"type":"Feature","properties":{"pid":"063003000188"},"geometry":{"type":"Polygon","coordinates":[[[-84.810297,39.160067],[-84.810599,39.160068],[-84.810601,39.160354],[-84.810672,39.160581],[-84.810297,39.160693],[-84.810297,39.160067]]]}},{"type":"Feature","properties":{"pid":"063003000196"},"geometry":{"type":"Polygon","coordinates":[[[-84.818658,39.149236],[-84.81874,39.149214],[-84.818757,39.149255],[-84.818673,39.149277],[-84.818658,39.149236]]]}},{"type":"Feature","properties":{"pid":"063003000203"},"geometry":{"type":"Polygon","coordinates":[[[-84.80758,39.161405],[-84.807573,39.160572],[-84.80809,39.160518],[-84.808089,39.161287],[-84.80758,39.161405]]]}},{"type":"Feature","properties":{"pid":"063003000207"},"geometry":{"type":"Polygon","coordinates":[[[-84.805701,39.157436],[-84.806072,39.157014],[-84.805766,39.156869],[-84.805989,39.156582],[-84.806122,39.156494],[-84.806129,39.156955],[-84.80573,39.15745],[-84.805701,39.157436]]]}},{"type":"Feature","properties":{"pid":"063003000208"},"geometry":{"type":"Polygon","coordinates":[[[-84.816277,39.149975],[-84.816288,39.14928],[-84.816699,39.148331],[-84.817336,39.147392],[-84.817331,39.149388],[-84.816277,39.149975]]]}},{"type":"Feature","properties":{"pid":"063003000226"},"geometry":{"type":"Polygon","coordinates":[[[-84.812542,39.152915],[-84.813125,39.152608],[-84.813646,39.153194],[-84.813013,39.15349],[-84.812542,39.152915]]]}},{"type":"Feature","properties":{"pid":"057000900025"},"geometry":{"type":"Polygon","coordinates":[[[-84.708407,39.151821],[-84.708132,39.151353],[-84.708533,39.15121],[-84.708826,39.151709],[-84.708458,39.15184],[-84.708407,39.151821]]]}},{"type":"Feature","properties":{"pid":"057000900026"},"geometry":{"type":"Polygon","coordinates":[[[-84.708533,39.15121],[-84.708853,39.151096],[-84.709147,39.151595],[-84.708826,39.151709],[-84.708533,39.15121]]]}},{"type":"Feature","properties":{"pid":"057000900027"},"geometry":{"type":"Polygon","coordinates":[[[-84.708853,39.151096],[-84.709174,39.150981],[-84.709467,39.15148],[-84.709147,39.151595],[-84.708853,39.151096]]]}},{"type":"Feature","properties":{"pid":"057100020053"},"geometry":{"type":"Polygon","coordinates":[[[-84.714675,39.144171],[-84.71492,39.144149],[-84.715025,39.144371],[-84.714431,39.14431],[-84.714675,39.144171]]]}},{"type":"Feature","properties":{"pid":"057000900294"},"geometry":{"type":"Polygon","coordinates":[[[-84.715278,39.144907],[-84.714463,39.144333],[-84.715025,39.144371],[-84.715278,39.144907]]]}},{"type":"Feature","properties":{"pid":"057000900293"},"geometry":{"type":"Polygon","coordinates":[[[-84.71422,39.144361],[-84.714463,39.144333],[-84.715278,39.144907],[-84.715264,39.145084],[-84.714604,39.14514],[-84.71422,39.144361]]]}},{"type":"Feature","properties":{"pid":"057100020037"},"geometry":{"type":"Polygon","coordinates":[[[-84.71446,39.144201],[-84.714653,39.144118],[-84.716856,39.14392],[-84.716802,39.144491],[-84.715025,39.144371],[-84.71492,39.144149],[-84.714675,39.144171],[-84.714463,39.144262],[-84.71446,39.144201]]]}},{"type":"Feature","properties":{"pid":"057300030019"},"geometry":{"type":"Polygon","coordinates":[[[-84.747723,39.150505],[-84.747771,39.150492],[-84.747963,39.15044],[-84.747944,39.150545],[-84.747802,39.150595],[-84.747723,39.150505]]]}},{"type":"Feature","properties":{"pid":"057300030020"},"geometry":{"type":"Polygon","coordinates":[[[-84.747818,39.150218],[-84.748001,39.150221],[-84.747963,39.15044],[-84.747771,39.150492],[-84.747818,39.150218]]]}},{"type":"Feature","properties":{"pid":"057300030041"},"geometry":{"type":"Polygon","coordinates":[[[-84.748125,39.14938],[-84.744461,39.148671],[-84.744477,39.148487],[-84.748156,39.1492],[-84.748125,39.14938]]]}},{"type":"Feature","properties":{"pid":"057300030057"},"geometry":{"type":"Polygon","coordinates":[[[-84.747807,39.1506],[-84.747944,39.150545],[-84.747913,39.15072],[-84.747807,39.1506]]]}},{"type":"Feature","properties":{"pid":"057000900094"},"geometry":{"type":"Polygon","coordinates":[[[-84.713414,39.147942],[-84.713518,39.147358],[-84.713756,39.147145],[-84.714849,39.147088],[-84.71365,39.148154],[-84.713414,39.147942]]]}},{"type":"Feature","properties":{"pid":"057000900095"},"geometry":{"type":"Polygon","coordinates":[[[-84.714076,39.148372],[-84.71365,39.148154],[-84.714181,39.147681],[-84.714492,39.147814],[-84.714076,39.148372]]]}},{"type":"Feature","properties":{"pid":"057000900096"},"geometry":{"type":"Polygon","coordinates":[[[-84.714076,39.148372],[-84.714492,39.147814],[-84.714801,39.147946],[-84.714396,39.148504],[-84.714076,39.148372]]]}},{"type":"Feature","properties":{"pid":"057000900097"},"geometry":{"type":"Polygon","coordinates":[[[-84.714758,39.148658],[-84.714396,39.148504],[-84.714801,39.147946],[-84.715195,39.148114],[-84.714758,39.148658]]]}},{"type":"Feature","properties":{"pid":"057000900098"},"geometry":{"type":"Polygon","coordinates":[[[-84.714816,39.148686],[-84.714758,39.148658],[-84.715195,39.148114],[-84.714181,39.147681],[-84.714849,39.147088],[-84.71573,39.146432],[-84.715604,39.147729],[-84.714816,39.148686]]]}},{"type":"Feature","properties":{"pid":"057000900099"},"geometry":{"type":"Polygon","coordinates":[[[-84.714912,39.14873],[-84.714834,39.148694],[-84.715604,39.147729],[-84.71573,39.146432],[-84.716599,39.146585],[-84.716418,39.148629],[-84.715357,39.148182],[-84.714912,39.14873]]]}},{"type":"Feature","properties":{"pid":"057000900104"},"geometry":{"type":"Polygon","coordinates":[[[-84.715834,39.149808],[-84.715708,39.149515],[-84.716357,39.149276],[-84.716321,39.149663],[-84.715834,39.149808]]]}},{"type":"Feature","properties":{"pid":"057000900105"},"geometry":{"type":"Polygon","coordinates":[[[-84.716177,39.150291],[-84.71596,39.15004],[-84.715834,39.149808],[-84.716321,39.149663],[-84.716718,39.149905],[-84.716251,39.150297],[-84.716177,39.150291]]]}},{"type":"Feature","properties":{"pid":"057000900106"},"geometry":{"type":"Polygon","coordinates":[[[-84.716321,39.149663],[-84.716355,39.149302],[-84.71695,39.149673],[-84.716718,39.149905],[-84.716321,39.149663]]]}},{"type":"Feature","properties":{"pid":"057000900107"},"geometry":{"type":"Polygon","coordinates":[[[-84.716355,39.149302],[-84.716386,39.148973],[-84.71717,39.149462],[-84.71695,39.149673],[-84.716355,39.149302]]]}},{"type":"Feature","properties":{"pid":"057000900108"},"geometry":{"type":"Polygon","coordinates":[[[-84.716386,39.148973],[-84.716417,39.148641],[-84.717382,39.149262],[-84.71717,39.149462],[-84.716386,39.148973]]]}},{"type":"Feature","properties":{"pid":"057000900109"},"geometry":{"type":"Polygon","coordinates":[[[-84.716417,39.148641],[-84.716442,39.148332],[-84.717745,39.14885],[-84.717382,39.149262],[-84.716417,39.148641]]]}},{"type":"Feature","properties":{"pid":"057000900110"},"geometry":{"type":"Polygon","coordinates":[[[-84.716442,39.148332],[-84.716458,39.148147],[-84.717954,39.148402],[-84.717745,39.14885],[-84.716442,39.148332]]]}},{"type":"Feature","properties":{"pid":"057000900111"},"geometry":{"type":"Polygon","coordinates":[[[-84.716458,39.148147],[-84.716481,39.14787],[-84.718033,39.14814],[-84.717954,39.148402],[-84.716458,39.148147]]]}},{"type":"Feature","properties":{"pid":"057000900112"},"geometry":{"type":"Polygon","coordinates":[[[-84.716481,39.14787],[-84.716497,39.147673],[-84.718128,39.1478],[-84.718033,39.14814],[-84.716481,39.14787]]]}},{"type":"Feature","properties":{"pid":"057000900118"},"geometry":{"type":"Polygon","coordinates":[[[-84.717068,39.149777],[-84.717283,39.149566],[-84.718162,39.15011],[-84.717793,39.150227],[-84.717068,39.149777]]]}},{"type":"Feature","properties":{"pid":"057000900119"},"geometry":{"type":"Polygon","coordinates":[[[-84.717556,39.150303],[-84.717159,39.150214],[-84.71683,39.150009],[-84.717068,39.149777],[-84.717793,39.150227],[-84.717556,39.150303]]]}},{"type":"Feature","properties":{"pid":"057000900120"},"geometry":{"type":"Polygon","coordinates":[[[-84.716364,39.150442],[-84.716363,39.150395],[-84.71683,39.150009],[-84.717159,39.150214],[-84.716883,39.1507],[-84.716364,39.150442]]]}},{"type":"Feature","properties":{"pid":"057000900121"},"geometry":{"type":"Polygon","coordinates":[[[-84.716883,39.1507],[-84.717159,39.150214],[-84.717562,39.150301],[-84.717502,39.150816],[-84.717185,39.150782],[-84.716883,39.1507]]]}},{"type":"Feature","properties":{"pid":"057000900122"},"geometry":{"type":"Polygon","coordinates":[[[-84.718155,39.150776],[-84.717502,39.150816],[-84.717562,39.150301],[-84.717949,39.150177],[-84.718155,39.150776]]]}},{"type":"Feature","properties":{"pid":"057000900123"},"geometry":{"type":"Polygon","coordinates":[[[-84.717949,39.150177],[-84.718414,39.15003],[-84.718438,39.150649],[-84.718155,39.150776],[-84.717949,39.150177]]]}},{"type":"Feature","properties":{"pid":"057000900126"},"geometry":{"type":"Polygon","coordinates":[[[-84.719497,39.151443],[-84.71853,39.150822],[-84.718565,39.150766],[-84.719372,39.150366],[-84.719726,39.151396],[-84.719497,39.151443]]]}},{"type":"Feature","properties":{"pid":"057000900127"},"geometry":{"type":"Polygon","coordinates":[[[-84.7186,39.151628],[-84.718345,39.150873],[-84.71853,39.150822],[-84.719497,39.151443],[-84.7186,39.151628]]]}},{"type":"Feature","properties":{"pid":"057000900130"},"geometry":{"type":"Polygon","coordinates":[[[-84.716708,39.151817],[-84.717072,39.150894],[-84.717392,39.150944],[-84.717218,39.151908],[-84.716896,39.15197],[-84.716708,39.151817]]]}},{"type":"Feature","properties":{"pid":"057000900131"},"geometry":{"type":"Polygon","coordinates":[[[-84.716332,39.151508],[-84.716765,39.150805],[-84.717072,39.150894],[-84.716708,39.151817],[-84.716332,39.151508]]]}},{"type":"Feature","properties":{"pid":"057000900134"},"geometry":{"type":"Polygon","coordinates":[[[-84.714819,39.150258],[-84.714754,39.150118],[-84.715675,39.149867],[-84.715805,39.150114],[-84.715025,39.150425],[-84.714819,39.150258]]]}},{"type":"Feature","properties":{"pid":"057000900135"},"geometry":{"type":"Polygon","coordinates":[[[-84.714638,39.149872],[-84.715565,39.149598],[-84.715675,39.149867],[-84.714754,39.150118],[-84.714638,39.149872]]]}},{"type":"Feature","properties":{"pid":"057000900136"},"geometry":{"type":"Polygon","coordinates":[[[-84.714559,39.149704],[-84.71538,39.1493],[-84.715565,39.149598],[-84.714638,39.149872],[-84.714559,39.149704]]]}},{"type":"Feature","properties":{"pid":"057000900137"},"geometry":{"type":"Polygon","coordinates":[[[-84.714559,39.149704],[-84.714473,39.14952],[-84.715107,39.149036],[-84.71538,39.1493],[-84.714559,39.149704]]]}},{"type":"Feature","properties":{"pid":"057000900138"},"geometry":{"type":"Polygon","coordinates":[[[-84.714494,39.149515],[-84.714298,39.149397],[-84.714771,39.148822],[-84.715107,39.149036],[-84.714494,39.149515]]]}},{"type":"Feature","properties":{"pid":"057000900139"},"geometry":{"type":"Polygon","coordinates":[[[-84.714032,39.149288],[-84.714445,39.148681],[-84.714771,39.148822],[-84.714298,39.149397],[-84.714032,39.149288]]]}},{"type":"Feature","properties":{"pid":"057000900140"},"geometry":{"type":"Polygon","coordinates":[[[-84.71243,39.148335],[-84.713175,39.147946],[-84.713406,39.148171],[-84.712687,39.148723],[-84.71243,39.148335]]]}},{"type":"Feature","properties":{"pid":"057000900143"},"geometry":{"type":"Polygon","coordinates":[[[-84.712166,39.147905],[-84.712943,39.1476],[-84.713087,39.147825],[-84.712356,39.148207],[-84.712166,39.147905]]]}},{"type":"Feature","properties":{"pid":"057000900144"},"geometry":{"type":"Polygon","coordinates":[[[-84.712012,39.147661],[-84.712788,39.147358],[-84.712943,39.1476],[-84.712166,39.147905],[-84.712012,39.147661]]]}},{"type":"Feature","properties":{"pid":"057000900154"},"geometry":{"type":"Polygon","coordinates":[[[-84.718128,39.1478],[-84.716497,39.147673],[-84.716535,39.147263],[-84.718209,39.147392],[-84.718128,39.1478]]]}},{"type":"Feature","properties":{"pid":"057000900155"},"geometry":{"type":"Polygon","coordinates":[[[-84.718209,39.147392],[-84.716535,39.147263],[-84.716574,39.146851],[-84.718216,39.146979],[-84.718209,39.147392]]]}},{"type":"Feature","properties":{"pid":"057000900156"},"geometry":{"type":"Polygon","coordinates":[[[-84.718216,39.146979],[-84.716574,39.146851],[-84.716614,39.146441],[-84.718199,39.146564],[-84.718216,39.146979]]]}},{"type":"Feature","properties":{"pid":"057000900157"},"geometry":{"type":"Polygon","coordinates":[[[-84.718199,39.146564],[-84.716614,39.146441],[-84.716652,39.14603],[-84.718128,39.146145],[-84.718199,39.146564]]]}},{"type":"Feature","properties":{"pid":"057000900158"},"geometry":{"type":"Polygon","coordinates":[[[-84.718128,39.146145],[-84.716652,39.14603],[-84.716694,39.145578],[-84.717931,39.145627],[-84.718128,39.146145]]]}},{"type":"Feature","properties":{"pid":"057000900159"},"geometry":{"type":"Polygon","coordinates":[[[-84.717931,39.145627],[-84.716694,39.145578],[-84.716735,39.145126],[-84.717814,39.145062],[-84.717961,39.14557],[-84.717931,39.145627]]]}},{"type":"Feature","properties":{"pid":"057000900160"},"geometry":{"type":"Polygon","coordinates":[[[-84.717814,39.145062],[-84.716735,39.145126],[-84.716794,39.144492],[-84.717763,39.144574],[-84.718041,39.145531],[-84.717961,39.14557],[-84.717814,39.145062]]]}},{"type":"Feature","properties":{"pid":"057000900161"},"geometry":{"type":"Polygon","coordinates":[[[-84.718041,39.145531],[-84.717763,39.144574],[-84.718967,39.14467],[-84.719072,39.145033],[-84.718039,39.145215],[-84.718135,39.14554],[-84.718041,39.145531]]]}},{"type":"Feature","properties":{"pid":"057000900162"},"geometry":{"type":"Polygon","coordinates":[[[-84.718135,39.14554],[-84.718039,39.145215],[-84.719072,39.145033],[-84.719189,39.145435],[-84.718208,39.145609],[-84.718135,39.14554]]]}},{"type":"Feature","properties":{"pid":"057000900163"},"geometry":{"type":"Polygon","coordinates":[[[-84.718274,39.14602],[-84.718208,39.145609],[-84.719189,39.145435],[-84.719306,39.145837],[-84.718274,39.14602]]]}},{"type":"Feature","properties":{"pid":"057000900164"},"geometry":{"type":"Polygon","coordinates":[[[-84.718275,39.146026],[-84.719306,39.145837],[-84.719424,39.14624],[-84.71836,39.146427],[-84.718275,39.146026]]]}},{"type":"Feature","properties":{"pid":"057300040004"},"geometry":{"type":"Polygon","coordinates":[[[-84.749095,39.154438],[-84.748995,39.154233],[-84.74949,39.154159],[-84.749557,39.154286],[-84.749095,39.154438]]]}},{"type":"Feature","properties":{"pid":"057300040005"},"geometry":{"type":"Polygon","coordinates":[[[-84.748931,39.154104],[-84.749436,39.154057],[-84.74949,39.154159],[-84.748995,39.154233],[-84.748931,39.154104]]]}},{"type":"Feature","properties":{"pid":"057300040012"},"geometry":{"type":"Polygon","coordinates":[[[-84.749304,39.153134],[-84.74899,39.153131],[-84.74897,39.152834],[-84.749282,39.152903],[-84.749304,39.153134]]]}},{"type":"Feature","properties":{"pid":"057300040014"},"geometry":{"type":"Polygon","coordinates":[[[-84.748824,39.153291],[-84.748796,39.152857],[-84.74897,39.152834],[-84.748999,39.153284],[-84.748824,39.153291]]]}},{"type":"Feature","properties":{"pid":"057300040015"},"geometry":{"type":"Polygon","coordinates":[[[-84.748283,39.152927],[-84.748796,39.152857],[-84.748812,39.153099],[-84.748295,39.153119],[-84.748283,39.152927]]]}},{"type":"Feature","properties":{"pid":"057300040016"},"geometry":{"type":"Polygon","coordinates":[[[-84.748295,39.153119],[-84.748812,39.153099],[-84.748824,39.153291],[-84.748308,39.153311],[-84.748295,39.153119]]]}},{"type":"Feature","properties":{"pid":"057300040021"},"geometry":{"type":"Polygon","coordinates":[[[-84.748403,39.154022],[-84.748366,39.153859],[-84.74886,39.153839],[-84.748882,39.154003],[-84.748403,39.154022]]]}},{"type":"Feature","properties":{"pid":"057300040050"},"geometry":{"type":"Polygon","coordinates":[[[-84.743942,39.155367],[-84.743979,39.154868],[-84.744858,39.155105],[-84.74457,39.155396],[-84.743942,39.155367]]]}},{"type":"Feature","properties":{"pid":"057300040051"},"geometry":{"type":"Polygon","coordinates":[[[-84.743979,39.154868],[-84.744004,39.154537],[-84.745165,39.154811],[-84.744858,39.155105],[-84.743979,39.154868]]]}},{"type":"Feature","properties":{"pid":"057300040058"},"geometry":{"type":"Polygon","coordinates":[[[-84.745122,39.153199],[-84.745134,39.152969],[-84.745999,39.153203],[-84.745879,39.153436],[-84.745122,39.153199]]]}},{"type":"Feature","properties":{"pid":"057300040059"},"geometry":{"type":"Polygon","coordinates":[[[-84.746007,39.153186],[-84.745132,39.152944],[-84.745,39.152576],[-84.744984,39.152393],[-84.745668,39.152178],[-84.746304,39.153049],[-84.746007,39.153186]]]}},{"type":"Feature","properties":{"pid":"057300040060"},"geometry":{"type":"Polygon","coordinates":[[[-84.744556,39.154091],[-84.744579,39.153781],[-84.744074,39.153649],[-84.744114,39.153136],[-84.744974,39.153342],[-84.744918,39.153445],[-84.744952,39.153771],[-84.74461,39.153743],[-84.744585,39.15407],[-84.744921,39.154157],[-84.744928,39.154188],[-84.744556,39.154091]]]}},{"type":"Feature","properties":{"pid":"057300040061"},"geometry":{"type":"Polygon","coordinates":[[[-84.744114,39.153136],[-84.744151,39.152674],[-84.744923,39.152418],[-84.744937,39.152584],[-84.745053,39.152848],[-84.745083,39.153143],[-84.744974,39.153342],[-84.744114,39.153136]]]}},{"type":"Feature","properties":{"pid":"057300040063"},"geometry":{"type":"Polygon","coordinates":[[[-84.744441,39.152471],[-84.744341,39.152287],[-84.744799,39.152135],[-84.744891,39.152323],[-84.744441,39.152471]]]}},{"type":"Feature","properties":{"pid":"057300040064"},"geometry":{"type":"Polygon","coordinates":[[[-84.744982,39.15237],[-84.744858,39.152115],[-84.744956,39.152083],[-84.745103,39.152355],[-84.744982,39.15237]]]}},{"type":"Feature","properties":{"pid":"057300040065"},"geometry":{"type":"Polygon","coordinates":[[[-84.744956,39.152083],[-84.745137,39.152023],[-84.745284,39.152299],[-84.745103,39.152355],[-84.744956,39.152083]]]}},{"type":"Feature","properties":{"pid":"057300040066"},"geometry":{"type":"Polygon","coordinates":[[[-84.745137,39.152023],[-84.74533,39.151959],[-84.745482,39.152236],[-84.745284,39.152299],[-84.745137,39.152023]]]}},{"type":"Feature","properties":{"pid":"057300040067"},"geometry":{"type":"Polygon","coordinates":[[[-84.74533,39.151959],[-84.745467,39.151894],[-84.745668,39.152178],[-84.745482,39.152236],[-84.74533,39.151959]]]}},{"type":"Feature","properties":{"pid":"057300040068"},"geometry":{"type":"Polygon","coordinates":[[[-84.745485,39.151888],[-84.745828,39.151773],[-84.74598,39.152079],[-84.745699,39.152169],[-84.745485,39.151888]]]}},{"type":"Feature","properties":{"pid":"057300040069"},"geometry":{"type":"Polygon","coordinates":[[[-84.746206,39.152008],[-84.746012,39.151618],[-84.746178,39.151563],[-84.746371,39.151955],[-84.746206,39.152008]]]}},{"type":"Feature","properties":{"pid":"057300040071"},"geometry":{"type":"Polygon","coordinates":[[[-84.746403,39.15202],[-84.746178,39.151563],[-84.746392,39.151492],[-84.746553,39.151972],[-84.746403,39.15202]]]}},{"type":"Feature","properties":{"pid":"057300040072"},"geometry":{"type":"Polygon","coordinates":[[[-84.746553,39.151972],[-84.746392,39.151492],[-84.746582,39.15143],[-84.746752,39.151909],[-84.746553,39.151972]]]}},{"type":"Feature","properties":{"pid":"057300040074"},"geometry":{"type":"Polygon","coordinates":[[[-84.746859,39.152065],[-84.747072,39.152038],[-84.747163,39.1525],[-84.746973,39.15253],[-84.746859,39.152065]]]}},{"type":"Feature","properties":{"pid":"057300040080"},"geometry":{"type":"Polygon","coordinates":[[[-84.747695,39.151148],[-84.747928,39.15107],[-84.748018,39.151337],[-84.747836,39.151399],[-84.747695,39.151148]]]}},{"type":"Feature","properties":{"pid":"057300040081"},"geometry":{"type":"Polygon","coordinates":[[[-84.747601,39.15118],[-84.747695,39.151148],[-84.747836,39.151399],[-84.747698,39.151446],[-84.747601,39.15118]]]}},{"type":"Feature","properties":{"pid":"057300040082"},"geometry":{"type":"Polygon","coordinates":[[[-84.748443,39.15226],[-84.748886,39.152197],[-84.748916,39.15233],[-84.748735,39.152355],[-84.748743,39.152393],[-84.748409,39.152435],[-84.748443,39.15226]]]}},{"type":"Feature","properties":{"pid":"057300040083"},"geometry":{"type":"Polygon","coordinates":[[[-84.748813,39.152697],[-84.748735,39.152355],[-84.748916,39.15233],[-84.748993,39.152673],[-84.748813,39.152697]]]}},{"type":"Feature","properties":{"pid":"057300040084"},"geometry":{"type":"Polygon","coordinates":[[[-84.749004,39.152672],[-84.748886,39.152197],[-84.74923,39.152151],[-84.749366,39.15275],[-84.749004,39.152672]]]}},{"type":"Feature","properties":{"pid":"057300040086"},"geometry":{"type":"Polygon","coordinates":[[[-84.750192,39.152927],[-84.749688,39.152819],[-84.749621,39.152425],[-84.749874,39.152381],[-84.750192,39.152927]]]}},{"type":"Feature","properties":{"pid":"057000900218"},"geometry":{"type":"Polygon","coordinates":[[[-84.713565,39.149095],[-84.713978,39.148488],[-84.714445,39.148681],[-84.714032,39.149288],[-84.713565,39.149095]]]}},{"type":"Feature","properties":{"pid":"057000900239"},"geometry":{"type":"Polygon","coordinates":[[[-84.719467,39.14749],[-84.719507,39.146876],[-84.719892,39.146594],[-84.720067,39.146739],[-84.719993,39.147531],[-84.719467,39.14749]]]}},{"type":"Feature","properties":{"pid":"057000900247"},"geometry":{"type":"Polygon","coordinates":[[[-84.711341,39.146153],[-84.71149,39.14582],[-84.711908,39.145851],[-84.711848,39.146205],[-84.711341,39.146153]]]}},{"type":"Feature","properties":{"pid":"057000900248"},"geometry":{"type":"Polygon","coordinates":[[[-84.712197,39.146241],[-84.711848,39.146205],[-84.711908,39.145851],[-84.712257,39.145887],[-84.712197,39.146241]]]}},{"type":"Feature","properties":{"pid":"057000900249"},"geometry":{"type":"Polygon","coordinates":[[[-84.712543,39.146301],[-84.712197,39.146241],[-84.712257,39.145887],[-84.712607,39.145923],[-84.712543,39.146301]]]}},{"type":"Feature","properties":{"pid":"057000900250"},"geometry":{"type":"Polygon","coordinates":[[[-84.712543,39.146301],[-84.712607,39.145923],[-84.712956,39.145959],[-84.71288,39.146414],[-84.712543,39.146301]]]}},{"type":"Feature","properties":{"pid":"057000900251"},"geometry":{"type":"Polygon","coordinates":[[[-84.713176,39.146513],[-84.71288,39.146414],[-84.712956,39.145959],[-84.71332,39.145997],[-84.713176,39.146513]]]}},{"type":"Feature","properties":{"pid":"057000900252"},"geometry":{"type":"Polygon","coordinates":[[[-84.713176,39.146513],[-84.71332,39.145997],[-84.713523,39.146078],[-84.713796,39.146341],[-84.713312,39.146661],[-84.713176,39.146513]]]}},{"type":"Feature","properties":{"pid":"057000900253"},"geometry":{"type":"Polygon","coordinates":[[[-84.713598,39.146973],[-84.713312,39.146661],[-84.713796,39.146341],[-84.713933,39.146503],[-84.713598,39.146973]]]}},{"type":"Feature","properties":{"pid":"057000900254"},"geometry":{"type":"Polygon","coordinates":[[[-84.713598,39.146973],[-84.713933,39.146503],[-84.714059,39.146507],[-84.714407,39.147111],[-84.713756,39.147145],[-84.713598,39.146973]]]}},{"type":"Feature","properties":{"pid":"057000900255"},"geometry":{"type":"Polygon","coordinates":[[[-84.714059,39.146507],[-84.714139,39.146431],[-84.715426,39.146658],[-84.714849,39.147088],[-84.714407,39.147111],[-84.714059,39.146507]]]}},{"type":"Feature","properties":{"pid":"057000900256"},"geometry":{"type":"Polygon","coordinates":[[[-84.714139,39.146431],[-84.714109,39.146335],[-84.715245,39.145584],[-84.715427,39.146057],[-84.71573,39.146432],[-84.715426,39.146658],[-84.714139,39.146431]]]}},{"type":"Feature","properties":{"pid":"057000900257"},"geometry":{"type":"Polygon","coordinates":[[[-84.714088,39.14632],[-84.71384,39.146153],[-84.715248,39.145222],[-84.715245,39.145584],[-84.714088,39.14632]]]}},{"type":"Feature","properties":{"pid":"057000900258"},"geometry":{"type":"Polygon","coordinates":[[[-84.71384,39.146153],[-84.713626,39.145966],[-84.714515,39.145148],[-84.715258,39.145084],[-84.715248,39.145222],[-84.71384,39.146153]]]}},{"type":"Feature","properties":{"pid":"057000900259"},"geometry":{"type":"Polygon","coordinates":[[[-84.713389,39.145869],[-84.713613,39.145227],[-84.714515,39.145148],[-84.713626,39.145966],[-84.713389,39.145869]]]}},{"type":"Feature","properties":{"pid":"057000900260"},"geometry":{"type":"Polygon","coordinates":[[[-84.713389,39.145869],[-84.713064,39.145831],[-84.71317,39.145207],[-84.713613,39.145227],[-84.713389,39.145869]]]}},{"type":"Feature","properties":{"pid":"057000900261"},"geometry":{"type":"Polygon","coordinates":[[[-84.712645,39.145788],[-84.71275,39.145165],[-84.71317,39.145207],[-84.713064,39.145831],[-84.712645,39.145788]]]}},{"type":"Feature","properties":{"pid":"057300040101"},"geometry":{"type":"Polygon","coordinates":[[[-84.746062,39.151258],[-84.746769,39.151287],[-84.746039,39.151524],[-84.746062,39.151258]]]}},{"type":"Feature","properties":{"pid":"057300040138"},"geometry":{"type":"Polygon","coordinates":[[[-84.745819,39.149866],[-84.745834,39.149662],[-84.746006,39.14968],[-84.745992,39.149874],[-84.745819,39.149866]]]}},{"type":"Feature","properties":{"pid":"057300040174"},"geometry":{"type":"Polygon","coordinates":[[[-84.744049,39.153958],[-84.744061,39.153804],[-84.744567,39.153936],[-84.744556,39.154091],[-84.744049,39.153958]]]}},{"type":"Feature","properties":{"pid":"057300040185"},"geometry":{"type":"Polygon","coordinates":[[[-84.744585,39.15407],[-84.744606,39.15379],[-84.744921,39.153873],[-84.744883,39.153998],[-84.744921,39.154157],[-84.744585,39.15407]]]}},{"type":"Feature","properties":{"pid":"057300040189"},"geometry":{"type":"Polygon","coordinates":[[[-84.74449,39.154652],[-84.744583,39.154415],[-84.745286,39.154581],[-84.745165,39.154811],[-84.74449,39.154652]]]}},{"type":"Feature","properties":{"pid":"057000500243"},"geometry":{"type":"Polygon","coordinates":[[[-84.701604,39.151846],[-84.701105,39.151529],[-84.702494,39.15046],[-84.702993,39.150495],[-84.702928,39.151053],[-84.701604,39.151846]]]}},{"type":"Feature","properties":{"pid":"057000500244"},"geometry":{"type":"Polygon","coordinates":[[[-84.701105,39.151529],[-84.700663,39.151303],[-84.701514,39.150292],[-84.702494,39.15046],[-84.701105,39.151529]]]}},{"type":"Feature","properties":{"pid":"057000500245"},"geometry":{"type":"Polygon","coordinates":[[[-84.70022,39.151077],[-84.700782,39.15041],[-84.701224,39.150636],[-84.700663,39.151303],[-84.70022,39.151077]]]}},{"type":"Feature","properties":{"pid":"057000500246"},"geometry":{"type":"Polygon","coordinates":[[[-84.699778,39.150852],[-84.700339,39.150185],[-84.700782,39.15041],[-84.70022,39.151077],[-84.699778,39.150852]]]}},{"type":"Feature","properties":{"pid":"057000500247"},"geometry":{"type":"Polygon","coordinates":[[[-84.699778,39.150852],[-84.699356,39.150602],[-84.699897,39.149959],[-84.700339,39.150185],[-84.699778,39.150852]]]}},{"type":"Feature","properties":{"pid":"057000500248"},"geometry":{"type":"Polygon","coordinates":[[[-84.701224,39.150636],[-84.699897,39.149959],[-84.700243,39.149643],[-84.701514,39.150292],[-84.701224,39.150636]]]}},{"type":"Feature","properties":{"pid":"057000500249"},"geometry":{"type":"Polygon","coordinates":[[[-84.700243,39.149643],[-84.700879,39.149265],[-84.701585,39.150007],[-84.701396,39.150232],[-84.700243,39.149643]]]}},{"type":"Feature","properties":{"pid":"057000500250"},"geometry":{"type":"Polygon","coordinates":[[[-84.700879,39.149265],[-84.701453,39.148979],[-84.702087,39.149411],[-84.701585,39.150007],[-84.700879,39.149265]]]}},{"type":"Feature","properties":{"pid":"057000500251"},"geometry":{"type":"Polygon","coordinates":[[[-84.702494,39.15046],[-84.701514,39.150292],[-84.701396,39.150232],[-84.702087,39.149411],[-84.701453,39.148979],[-84.701513,39.148947],[-84.70305,39.149995],[-84.702993,39.150495],[-84.702494,39.15046]]]}},{"type":"Feature","properties":{"pid":"057000500252"},"geometry":{"type":"Polygon","coordinates":[[[-84.701513,39.148947],[-84.701547,39.148861],[-84.701845,39.14869],[-84.70319,39.148785],[-84.70305,39.149995],[-84.701513,39.148947]]]}},{"type":"Feature","properties":{"pid":"057000500253"},"geometry":{"type":"Polygon","coordinates":[[[-84.70152,39.148809],[-84.703438,39.146631],[-84.70319,39.148785],[-84.701845,39.14869],[-84.701547,39.148861],[-84.70152,39.148809]]]}},{"type":"Feature","properties":{"pid":"057000900291"},"geometry":{"type":"Polygon","coordinates":[[[-84.714278,39.145168],[-84.713952,39.145195],[-84.713619,39.144522],[-84.713915,39.144433],[-84.714278,39.145168]]]}},{"type":"Feature","properties":{"pid":"057000500258"},"geometry":{"type":"Polygon","coordinates":[[[-84.69908,39.149165],[-84.699552,39.148728],[-84.700267,39.149448],[-84.699914,39.149711],[-84.69908,39.149165]]]}},{"type":"Feature","properties":{"pid":"057000900292"},"geometry":{"type":"Polygon","coordinates":[[[-84.714604,39.14514],[-84.714278,39.145168],[-84.713915,39.144433],[-84.71422,39.144361],[-84.714604,39.14514]]]}},{"type":"Feature","properties":{"pid":"057000500261"},"geometry":{"type":"Polygon","coordinates":[[[-84.699183,39.150557],[-84.698902,39.150541],[-84.698997,39.149606],[-84.699219,39.1494],[-84.699827,39.149797],[-84.699183,39.150557]]]}},{"type":"Feature","properties":{"pid":"057000500262"},"geometry":{"type":"Polygon","coordinates":[[[-84.698451,39.15058],[-84.69797,39.149542],[-84.698997,39.149606],[-84.698902,39.150541],[-84.698451,39.15058]]]}},{"type":"Feature","properties":{"pid":"057000500275"},"geometry":{"type":"Polygon","coordinates":[[[-84.697785,39.15141],[-84.697845,39.151196],[-84.697978,39.151003],[-84.698332,39.150766],[-84.698795,39.151468],[-84.697785,39.15141]]]}},{"type":"Feature","properties":{"pid":"057000500276"},"geometry":{"type":"Polygon","coordinates":[[[-84.698332,39.150766],[-84.698584,39.150695],[-84.69885,39.150676],[-84.699114,39.150713],[-84.699357,39.150801],[-84.698795,39.151468],[-84.698332,39.150766]]]}},{"type":"Feature","properties":{"pid":"057100020038"},"geometry":{"type":"Polygon","coordinates":[[[-84.714789,39.143266],[-84.716937,39.143073],[-84.716856,39.14392],[-84.714653,39.144118],[-84.71446,39.144201],[-84.714421,39.144155],[-84.714631,39.144065],[-84.714904,39.14404],[-84.714789,39.143266]]]}},{"type":"Feature","properties":{"pid":"057100020039"},"geometry":{"type":"Polygon","coordinates":[[[-84.714415,39.144095],[-84.714299,39.14331],[-84.714789,39.143266],[-84.714904,39.14404],[-84.714631,39.144065],[-84.714421,39.144155],[-84.714339,39.144127],[-84.714415,39.144095]]]}},{"type":"Feature","properties":{"pid":"057000900285"},"geometry":{"type":"Polygon","coordinates":[[[-84.712089,39.145091],[-84.711773,39.145058],[-84.711793,39.144592],[-84.712111,39.144601],[-84.712089,39.145091]]]}},{"type":"Feature","properties":{"pid":"057000900286"},"geometry":{"type":"Polygon","coordinates":[[[-84.712405,39.145124],[-84.712089,39.145091],[-84.712111,39.144601],[-84.712428,39.14461],[-84.712405,39.145124]]]}},{"type":"Feature","properties":{"pid":"057000900287"},"geometry":{"type":"Polygon","coordinates":[[[-84.712721,39.145156],[-84.712405,39.145124],[-84.712428,39.14461],[-84.712745,39.144618],[-84.712721,39.145156]]]}},{"type":"Feature","properties":{"pid":"057000900165"},"geometry":{"type":"Polygon","coordinates":[[[-84.719241,39.146858],[-84.718414,39.146843],[-84.71836,39.146427],[-84.719424,39.14624],[-84.719443,39.146735],[-84.719241,39.146858]]]}},{"type":"Feature","properties":{"pid":"057000900166"},"geometry":{"type":"Polygon","coordinates":[[[-84.719395,39.147485],[-84.718384,39.147406],[-84.718406,39.147014],[-84.718598,39.14699],[-84.719129,39.147018],[-84.719447,39.146915],[-84.719395,39.147485]]]}},{"type":"Feature","properties":{"pid":"057001700022"},"geometry":{"type":"Polygon","coordinates":[[[-84.762921,39.143685],[-84.762483,39.143327],[-84.762636,39.143213],[-84.763074,39.143571],[-84.762921,39.143685]]]}},{"type":"Feature","properties":{"pid":"057001700023"},"geometry":{"type":"Polygon","coordinates":[[[-84.762921,39.143685],[-84.762768,39.143798],[-84.76233,39.14344],[-84.762483,39.143327],[-84.762921,39.143685]]]}},{"type":"Feature","properties":{"pid":"057001700024"},"geometry":{"type":"Polygon","coordinates":[[[-84.762768,39.143798],[-84.762615,39.143912],[-84.762177,39.143554],[-84.76233,39.14344],[-84.762768,39.143798]]]}},{"type":"Feature","properties":{"pid":"057001700025"},"geometry":{"type":"Polygon","coordinates":[[[-84.762615,39.143912],[-84.762462,39.144026],[-84.762024,39.143668],[-84.762177,39.143554],[-84.762615,39.143912]]]}},{"type":"Feature","properties":{"pid":"057001700026"},"geometry":{"type":"Polygon","coordinates":[[[-84.761871,39.143781],[-84.762024,39.143668],[-84.762462,39.144026],[-84.762308,39.144139],[-84.761871,39.143781]]]}},{"type":"Feature","properties":{"pid":"057001700027"},"geometry":{"type":"Polygon","coordinates":[[[-84.762308,39.144139],[-84.762155,39.144253],[-84.761717,39.143895],[-84.761871,39.143781],[-84.762308,39.144139]]]}},{"type":"Feature","properties":{"pid":"057001700028"},"geometry":{"type":"Polygon","coordinates":[[[-84.762155,39.144253],[-84.762002,39.144366],[-84.761564,39.144009],[-84.761717,39.143895],[-84.762155,39.144253]]]}},{"type":"Feature","properties":{"pid":"057001700031"},"geometry":{"type":"Polygon","coordinates":[[[-84.761696,39.144594],[-84.761543,39.144707],[-84.761105,39.14435],[-84.761258,39.144236],[-84.761696,39.144594]]]}},{"type":"Feature","properties":{"pid":"057001700032"},"geometry":{"type":"Polygon","coordinates":[[[-84.761543,39.144707],[-84.761389,39.144821],[-84.760952,39.144463],[-84.761105,39.14435],[-84.761543,39.144707]]]}},{"type":"Feature","properties":{"pid":"057001700033"},"geometry":{"type":"Polygon","coordinates":[[[-84.761389,39.144821],[-84.761236,39.144935],[-84.760798,39.144577],[-84.760952,39.144463],[-84.761389,39.144821]]]}},{"type":"Feature","properties":{"pid":"057001700035"},"geometry":{"type":"Polygon","coordinates":[[[-84.761083,39.145048],[-84.76093,39.145162],[-84.760492,39.144804],[-84.760645,39.14469],[-84.761083,39.145048]]]}},{"type":"Feature","properties":{"pid":"057001700036"},"geometry":{"type":"Polygon","coordinates":[[[-84.76093,39.145162],[-84.760777,39.145276],[-84.760339,39.144918],[-84.760492,39.144804],[-84.76093,39.145162]]]}},{"type":"Feature","properties":{"pid":"057001700037"},"geometry":{"type":"Polygon","coordinates":[[[-84.760777,39.145276],[-84.760624,39.145389],[-84.760186,39.145031],[-84.760339,39.144918],[-84.760777,39.145276]]]}},{"type":"Feature","properties":{"pid":"057001700041"},"geometry":{"type":"Polygon","coordinates":[[[-84.760164,39.14573],[-84.760011,39.145844],[-84.759573,39.145486],[-84.759726,39.145372],[-84.760164,39.14573]]]}},{"type":"Feature","properties":{"pid":"057001700042"},"geometry":{"type":"Polygon","coordinates":[[[-84.759573,39.145486],[-84.760011,39.145844],[-84.759858,39.145957],[-84.75942,39.1456],[-84.759573,39.145486]]]}},{"type":"Feature","properties":{"pid":"057001700043"},"geometry":{"type":"Polygon","coordinates":[[[-84.759858,39.145957],[-84.759705,39.146071],[-84.759267,39.145713],[-84.75942,39.1456],[-84.759858,39.145957]]]}},{"type":"Feature","properties":{"pid":"057001700016"},"geometry":{"type":"Polygon","coordinates":[[[-84.763993,39.142889],[-84.76384,39.143003],[-84.763402,39.142645],[-84.763555,39.142531],[-84.763993,39.142889]]]}},{"type":"Feature","properties":{"pid":"057001700018"},"geometry":{"type":"Polygon","coordinates":[[[-84.763687,39.143116],[-84.763534,39.14323],[-84.763096,39.142872],[-84.763249,39.142759],[-84.763687,39.143116]]]}},{"type":"Feature","properties":{"pid":"057001700019"},"geometry":{"type":"Polygon","coordinates":[[[-84.763534,39.14323],[-84.763381,39.143344],[-84.762943,39.142986],[-84.763096,39.142872],[-84.763534,39.14323]]]}},{"type":"Feature","properties":{"pid":"057001700020"},"geometry":{"type":"Polygon","coordinates":[[[-84.763381,39.143344],[-84.763227,39.143457],[-84.76279,39.1431],[-84.762943,39.142986],[-84.763381,39.143344]]]}},{"type":"Feature","properties":{"pid":"057000900011"},"geometry":{"type":"Polygon","coordinates":[[[-84.706505,39.154021],[-84.706489,39.153763],[-84.707191,39.153714],[-84.707206,39.154032],[-84.706505,39.154021]]]}},{"type":"Feature","properties":{"pid":"057001700096"},"geometry":{"type":"Polygon","coordinates":[[[-84.760156,39.147178],[-84.76066,39.146859],[-84.761299,39.147619],[-84.76074,39.14781],[-84.760491,39.147587],[-84.760548,39.147565],[-84.760156,39.147178]]]}},{"type":"Feature","properties":{"pid":"057001700014"},"geometry":{"type":"Polygon","coordinates":[[[-84.764199,39.142054],[-84.764148,39.142754],[-84.764146,39.142775],[-84.763708,39.142418],[-84.764199,39.142054]]]}},{"type":"Feature","properties":{"pid":"057001700029"},"geometry":{"type":"Polygon","coordinates":[[[-84.761258,39.144236],[-84.761564,39.144009],[-84.762002,39.144366],[-84.761696,39.144594],[-84.761258,39.144236]]]}},{"type":"Feature","properties":{"pid":"057001700021"},"geometry":{"type":"Polygon","coordinates":[[[-84.763227,39.143457],[-84.763074,39.143571],[-84.762636,39.143213],[-84.76279,39.1431],[-84.763227,39.143457]]]}},{"type":"Feature","properties":{"pid":"057000400064"},"geometry":{"type":"Polygon","coordinates":[[[-84.700517,39.155949],[-84.698386,39.155874],[-84.698454,39.155106],[-84.700585,39.155198],[-84.700517,39.155949]]]}},{"type":"Feature","properties":{"pid":"057000400065"},"geometry":{"type":"Polygon","coordinates":[[[-84.700585,39.155198],[-84.698454,39.155106],[-84.698491,39.154711],[-84.70062,39.154803],[-84.700585,39.155198]]]}},{"type":"Feature","properties":{"pid":"057000400068"},"geometry":{"type":"Polygon","coordinates":[[[-84.70045,39.156679],[-84.698325,39.1566],[-84.698386,39.155874],[-84.700517,39.155949],[-84.70045,39.156679]]]}},{"type":"Feature","properties":{"pid":"057000400080"},"geometry":{"type":"Polygon","coordinates":[[[-84.703343,39.157085],[-84.700693,39.157014],[-84.70045,39.156679],[-84.703449,39.156789],[-84.703343,39.157085]]]}},{"type":"Feature","properties":{"pid":"057000400082"},"geometry":{"type":"Polygon","coordinates":[[[-84.702328,39.1612],[-84.701252,39.161148],[-84.701229,39.160937],[-84.702347,39.160994],[-84.702328,39.1612]]]}},{"type":"Feature","properties":{"pid":"057000400089"},"geometry":{"type":"Polygon","coordinates":[[[-84.703297,39.157216],[-84.700867,39.157253],[-84.700693,39.157014],[-84.703343,39.157085],[-84.703297,39.157216]]]}},{"type":"Feature","properties":{"pid":"057000400094"},"geometry":{"type":"Polygon","coordinates":[[[-84.700155,39.160974],[-84.701218,39.160877],[-84.70126,39.161103],[-84.700127,39.161245],[-84.700155,39.160974]]]}},{"type":"Feature","properties":{"pid":"057000400102"},"geometry":{"type":"Polygon","coordinates":[[[-84.698121,39.156592],[-84.698185,39.155867],[-84.698386,39.155874],[-84.698325,39.1566],[-84.698121,39.156592]]]}},{"type":"Feature","properties":{"pid":"057000400109"},"geometry":{"type":"Polygon","coordinates":[[[-84.700175,39.16073],[-84.701168,39.160611],[-84.701218,39.160877],[-84.700155,39.160974],[-84.700175,39.16073]]]}},{"type":"Feature","properties":{"pid":"057000400119"},"geometry":{"type":"Polygon","coordinates":[[[-84.698185,39.155867],[-84.698217,39.155504],[-84.698416,39.155512],[-84.698386,39.155874],[-84.698185,39.155867]]]}},{"type":"Feature","properties":{"pid":"057000400202"},"geometry":{"type":"Polygon","coordinates":[[[-84.701863,39.16339],[-84.701883,39.163144],[-84.70237,39.163186],[-84.702356,39.163414],[-84.701863,39.16339]]]}},{"type":"Feature","properties":{"pid":"057000400211"},"geometry":{"type":"Polygon","coordinates":[[[-84.702343,39.163028],[-84.701894,39.163007],[-84.701914,39.16276],[-84.702407,39.162784],[-84.702389,39.163002],[-84.702343,39.163028]]]}},{"type":"Feature","properties":{"pid":"057000400228"},"geometry":{"type":"Polygon","coordinates":[[[-84.696059,39.162366],[-84.69661,39.156503],[-84.696815,39.156515],[-84.696264,39.162377],[-84.696059,39.162366]]]}},{"type":"Feature","properties":{"pid":"057000400229"},"geometry":{"type":"Polygon","coordinates":[[[-84.69563,39.162343],[-84.696181,39.156476],[-84.69661,39.156503],[-84.696059,39.162366],[-84.69563,39.162343]]]}},{"type":"Feature","properties":{"pid":"057000400232"},"geometry":{"type":"Polygon","coordinates":[[[-84.695156,39.162592],[-84.695727,39.156447],[-84.696181,39.156476],[-84.695605,39.162617],[-84.695156,39.162592]]]}},{"type":"Feature","properties":{"pid":"057000400283"},"geometry":{"type":"Polygon","coordinates":[[[-84.703541,39.155045],[-84.703544,39.154496],[-84.703897,39.154497],[-84.703893,39.155046],[-84.703541,39.155045]]]}},{"type":"Feature","properties":{"pid":"057000400284"},"geometry":{"type":"Polygon","coordinates":[[[-84.703188,39.155044],[-84.703191,39.154494],[-84.703544,39.154496],[-84.703541,39.155045],[-84.703188,39.155044]]]}},{"type":"Feature","properties":{"pid":"057000400285"},"geometry":{"type":"Polygon","coordinates":[[[-84.702835,39.155042],[-84.702839,39.154493],[-84.703191,39.154494],[-84.703188,39.155044],[-84.702835,39.155042]]]}},{"type":"Feature","properties":{"pid":"057000400286"},"geometry":{"type":"Polygon","coordinates":[[[-84.702412,39.155041],[-84.702415,39.154492],[-84.702768,39.154493],[-84.702765,39.155042],[-84.702412,39.155041]]]}},{"type":"Feature","properties":{"pid":"057000400287"},"geometry":{"type":"Polygon","coordinates":[[[-84.702059,39.155039],[-84.702063,39.154491],[-84.702415,39.154492],[-84.702412,39.155041],[-84.702059,39.155039]]]}},{"type":"Feature","properties":{"pid":"057000400288"},"geometry":{"type":"Polygon","coordinates":[[[-84.701707,39.155038],[-84.70171,39.154489],[-84.702063,39.154491],[-84.702059,39.155039],[-84.701707,39.155038]]]}},{"type":"Feature","properties":{"pid":"057000400289"},"geometry":{"type":"Polygon","coordinates":[[[-84.701707,39.155038],[-84.701354,39.155037],[-84.701357,39.154488],[-84.70171,39.154489],[-84.701707,39.155038]]]}},{"type":"Feature","properties":{"pid":"057000400290"},"geometry":{"type":"Polygon","coordinates":[[[-84.700743,39.155035],[-84.700807,39.154504],[-84.701357,39.154488],[-84.701354,39.155037],[-84.700743,39.155035]]]}},{"type":"Feature","properties":{"pid":"057000400311"},"geometry":{"type":"Polygon","coordinates":[[[-84.703833,39.162477],[-84.70385,39.162258],[-84.704361,39.162283],[-84.704343,39.162502],[-84.703833,39.162477]]]}},{"type":"Feature","properties":{"pid":"057000400312"},"geometry":{"type":"Polygon","coordinates":[[[-84.703815,39.162697],[-84.703833,39.162477],[-84.704343,39.162502],[-84.704326,39.162721],[-84.703815,39.162697]]]}},{"type":"Feature","properties":{"pid":"057000400313"},"geometry":{"type":"Polygon","coordinates":[[[-84.703798,39.162916],[-84.703815,39.162697],[-84.704326,39.162721],[-84.704308,39.162941],[-84.703798,39.162916]]]}},{"type":"Feature","properties":{"pid":"057000400314"},"geometry":{"type":"Polygon","coordinates":[[[-84.70378,39.163135],[-84.703798,39.162916],[-84.704308,39.162941],[-84.704291,39.16316],[-84.70378,39.163135]]]}},{"type":"Feature","properties":{"pid":"057000400315"},"geometry":{"type":"Polygon","coordinates":[[[-84.703763,39.163354],[-84.70378,39.163135],[-84.704291,39.16316],[-84.704273,39.163379],[-84.703763,39.163354]]]}},{"type":"Feature","properties":{"pid":"057000400316"},"geometry":{"type":"Polygon","coordinates":[[[-84.703754,39.163585],[-84.703763,39.163354],[-84.704273,39.163379],[-84.704258,39.163567],[-84.703754,39.163585]]]}},{"type":"Feature","properties":{"pid":"057000400332"},"geometry":{"type":"Polygon","coordinates":[[[-84.704258,39.163567],[-84.704282,39.163268],[-84.704792,39.163292],[-84.704789,39.163492],[-84.704258,39.163567]]]}},{"type":"Feature","properties":{"pid":"057000400333"},"geometry":{"type":"Polygon","coordinates":[[[-84.704282,39.163268],[-84.7043,39.163048],[-84.70481,39.163073],[-84.704792,39.163292],[-84.704282,39.163268]]]}},{"type":"Feature","properties":{"pid":"057000400334"},"geometry":{"type":"Polygon","coordinates":[[[-84.7043,39.163048],[-84.704317,39.162829],[-84.704827,39.162854],[-84.70481,39.163073],[-84.7043,39.163048]]]}},{"type":"Feature","properties":{"pid":"057000500139"},"geometry":{"type":"Polygon","coordinates":[[[-84.705971,39.14969],[-84.705772,39.149457],[-84.705664,39.149427],[-84.705575,39.148372],[-84.706642,39.149054],[-84.705971,39.14969]]]}},{"type":"Feature","properties":{"pid":"057000500257"},"geometry":{"type":"Polygon","coordinates":[[[-84.700644,39.14923],[-84.700267,39.149448],[-84.698018,39.14719],[-84.698361,39.147093],[-84.699021,39.146662],[-84.699552,39.146779],[-84.700644,39.14923]]]}},{"type":"Feature","properties":{"pid":"057300090093"},"geometry":{"type":"Polygon","coordinates":[[[-84.727912,39.14887],[-84.728343,39.148437],[-84.728533,39.148515],[-84.728354,39.148952],[-84.728012,39.148954],[-84.727912,39.14887]]]}},{"type":"Feature","properties":{"pid":"057300090089"},"geometry":{"type":"Polygon","coordinates":[[[-84.72795,39.147871],[-84.727939,39.148035],[-84.727333,39.148106],[-84.727264,39.147735],[-84.72795,39.147871]]]}},{"type":"Feature","properties":{"pid":"057300090087"},"geometry":{"type":"Polygon","coordinates":[[[-84.728194,39.147567],[-84.728045,39.14772],[-84.72736,39.147317],[-84.727335,39.147245],[-84.727505,39.147161],[-84.728194,39.147567]]]}},{"type":"Feature","properties":{"pid":"057001700085"},"geometry":{"type":"Polygon","coordinates":[[[-84.761854,39.154074],[-84.761968,39.154337],[-84.761809,39.154397],[-84.761696,39.154134],[-84.761854,39.154074]]]}},{"type":"Feature","properties":{"pid":"057001700056"},"geometry":{"type":"Polygon","coordinates":[[[-84.761968,39.154337],[-84.762098,39.154644],[-84.761933,39.154705],[-84.761809,39.154397],[-84.761968,39.154337]]]}},{"type":"Feature","properties":{"pid":"057002300130"},"geometry":{"type":"Polygon","coordinates":[[[-84.763017,39.151981],[-84.763542,39.152155],[-84.763459,39.152307],[-84.763832,39.152431],[-84.763642,39.152777],[-84.764315,39.153009],[-84.764284,39.153058],[-84.763762,39.152896],[-84.763032,39.152559],[-84.763017,39.151981]]]}},{"type":"Feature","properties":{"pid":"057002300055"},"geometry":{"type":"Polygon","coordinates":[[[-84.763033,39.152577],[-84.764253,39.153104],[-84.764143,39.153285],[-84.763039,39.152803],[-84.763033,39.152577]]]}},{"type":"Feature","properties":{"pid":"057002300029"},"geometry":{"type":"Polygon","coordinates":[[[-84.763039,39.152803],[-84.764143,39.153285],[-84.763996,39.153541],[-84.763047,39.153128],[-84.763039,39.152803]]]}},{"type":"Feature","properties":{"pid":"057002300034"},"geometry":{"type":"Polygon","coordinates":[[[-84.763047,39.153128],[-84.763996,39.153541],[-84.763795,39.153881],[-84.763058,39.153557],[-84.763047,39.153128]]]}},{"type":"Feature","properties":{"pid":"057002300009"},"geometry":{"type":"Polygon","coordinates":[[[-84.763058,39.153557],[-84.763795,39.153881],[-84.763538,39.154173],[-84.763068,39.153924],[-84.763058,39.153557]]]}},{"type":"Feature","properties":{"pid":"057001700176"},"geometry":{"type":"Polygon","coordinates":[[[-84.760789,39.154308],[-84.761047,39.153393],[-84.76119,39.153386],[-84.761088,39.152865],[-84.759071,39.151812],[-84.763017,39.151954],[-84.763068,39.153924],[-84.761968,39.154337],[-84.761854,39.154074],[-84.761068,39.154367],[-84.760789,39.154308]]]}},{"type":"Feature","properties":{"pid":"057001700141"},"geometry":{"type":"Polygon","coordinates":[[[-84.758396,39.154963],[-84.758422,39.154692],[-84.758547,39.1547],[-84.758581,39.154353],[-84.758994,39.154501],[-84.758884,39.154649],[-84.758545,39.154903],[-84.758396,39.154963]]]}},{"type":"Feature","properties":{"pid":"057001700163"},"geometry":{"type":"Polygon","coordinates":[[[-84.759257,39.155114],[-84.759093,39.155239],[-84.758734,39.154954],[-84.758898,39.154829],[-84.759257,39.155114]]]}},{"type":"Feature","properties":{"pid":"057001700162"},"geometry":{"type":"Polygon","coordinates":[[[-84.758898,39.154829],[-84.75905,39.154708],[-84.759475,39.154954],[-84.759257,39.155114],[-84.758898,39.154829]]]}},{"type":"Feature","properties":{"pid":"057001700161"},"geometry":{"type":"Polygon","coordinates":[[[-84.759576,39.15479],[-84.759475,39.154954],[-84.75905,39.154708],[-84.759161,39.15455],[-84.759576,39.15479]]]}},{"type":"Feature","properties":{"pid":"057001700160"},"geometry":{"type":"Polygon","coordinates":[[[-84.759713,39.154647],[-84.759576,39.15479],[-84.759161,39.15455],[-84.759288,39.154401],[-84.759713,39.154647]]]}},{"type":"Feature","properties":{"pid":"057001700159"},"geometry":{"type":"Polygon","coordinates":[[[-84.75985,39.154504],[-84.759713,39.154647],[-84.759288,39.154401],[-84.759425,39.154258],[-84.75985,39.154504]]]}},{"type":"Feature","properties":{"pid":"057001700158"},"geometry":{"type":"Polygon","coordinates":[[[-84.759964,39.154384],[-84.75985,39.154504],[-84.759425,39.154258],[-84.759596,39.154097],[-84.759964,39.154384]]]}},{"type":"Feature","properties":{"pid":"057001700157"},"geometry":{"type":"Polygon","coordinates":[[[-84.759826,39.153956],[-84.760099,39.154309],[-84.759964,39.154384],[-84.759596,39.154097],[-84.759826,39.153956]]]}},{"type":"Feature","properties":{"pid":"057001700156"},"geometry":{"type":"Polygon","coordinates":[[[-84.76026,39.154236],[-84.760099,39.154309],[-84.759826,39.153956],[-84.760067,39.153855],[-84.76026,39.154236]]]}},{"type":"Feature","properties":{"pid":"057001700155"},"geometry":{"type":"Polygon","coordinates":[[[-84.760403,39.153813],[-84.760374,39.15422],[-84.76026,39.154236],[-84.760067,39.153855],[-84.760403,39.153813]]]}},{"type":"Feature","properties":{"pid":"057001700154"},"geometry":{"type":"Polygon","coordinates":[[[-84.760546,39.154256],[-84.760374,39.15422],[-84.760403,39.153813],[-84.760685,39.153859],[-84.760546,39.154256]]]}},{"type":"Feature","properties":{"pid":"057001700165"},"geometry":{"type":"Polygon","coordinates":[[[-84.758759,39.155329],[-84.75874,39.155452],[-84.758566,39.155428],[-84.758558,39.155481],[-84.758381,39.155117],[-84.758569,39.155053],[-84.758759,39.155329]]]}},{"type":"Feature","properties":{"pid":"057001700164"},"geometry":{"type":"Polygon","coordinates":[[[-84.758569,39.155053],[-84.758734,39.154954],[-84.759093,39.155239],[-84.758958,39.155342],[-84.758759,39.155329],[-84.758569,39.155053]]]}},{"type":"Feature","properties":{"pid":"057001700153"},"geometry":{"type":"Polygon","coordinates":[[[-84.760685,39.153859],[-84.760902,39.153904],[-84.760789,39.154308],[-84.760546,39.154256],[-84.760685,39.153859]]]}},{"type":"Feature","properties":{"pid":"057001700152"},"geometry":{"type":"Polygon","coordinates":[[[-84.760838,39.15335],[-84.761047,39.153393],[-84.760944,39.15377],[-84.760708,39.153721],[-84.760838,39.15335]]]}},{"type":"Feature","properties":{"pid":"057001700151"},"geometry":{"type":"Polygon","coordinates":[[[-84.760568,39.153294],[-84.760838,39.15335],[-84.760708,39.153721],[-84.760497,39.153682],[-84.760568,39.153294]]]}},{"type":"Feature","properties":{"pid":"057001700150"},"geometry":{"type":"Polygon","coordinates":[[[-84.760252,39.153294],[-84.760568,39.153294],[-84.760497,39.153682],[-84.760288,39.153677],[-84.760252,39.153294]]]}},{"type":"Feature","properties":{"pid":"057001700149"},"geometry":{"type":"Polygon","coordinates":[[[-84.759942,39.153338],[-84.760252,39.153294],[-84.760288,39.153677],[-84.760082,39.153706],[-84.759942,39.153338]]]}},{"type":"Feature","properties":{"pid":"057001700148"},"geometry":{"type":"Polygon","coordinates":[[[-84.75965,39.153433],[-84.759942,39.153338],[-84.760082,39.153706],[-84.759889,39.153769],[-84.75965,39.153433]]]}},{"type":"Feature","properties":{"pid":"057001700147"},"geometry":{"type":"Polygon","coordinates":[[[-84.759428,39.153535],[-84.75965,39.153433],[-84.759889,39.153769],[-84.759697,39.153858],[-84.759428,39.153535]]]}},{"type":"Feature","properties":{"pid":"057001700146"},"geometry":{"type":"Polygon","coordinates":[[[-84.759198,39.153674],[-84.759428,39.153535],[-84.759697,39.153858],[-84.759526,39.153959],[-84.759198,39.153674]]]}},{"type":"Feature","properties":{"pid":"057001700145"},"geometry":{"type":"Polygon","coordinates":[[[-84.758994,39.153836],[-84.759198,39.153674],[-84.759526,39.153959],[-84.759377,39.15408],[-84.758994,39.153836]]]}},{"type":"Feature","properties":{"pid":"057001700144"},"geometry":{"type":"Polygon","coordinates":[[[-84.758845,39.153992],[-84.758994,39.153836],[-84.759377,39.15408],[-84.759241,39.154221],[-84.758845,39.153992]]]}},{"type":"Feature","properties":{"pid":"057001700143"},"geometry":{"type":"Polygon","coordinates":[[[-84.758708,39.154135],[-84.758845,39.153992],[-84.759241,39.154221],[-84.759104,39.154365],[-84.758708,39.154135]]]}},{"type":"Feature","properties":{"pid":"057001700142"},"geometry":{"type":"Polygon","coordinates":[[[-84.758581,39.154353],[-84.75859,39.154259],[-84.758708,39.154135],[-84.759104,39.154365],[-84.758994,39.154501],[-84.758581,39.154353]]]}},{"type":"Feature","properties":{"pid":"057300050101"},"geometry":{"type":"Polygon","coordinates":[[[-84.741921,39.150753],[-84.74235,39.150301],[-84.742437,39.150095],[-84.742989,39.150137],[-84.742901,39.150829],[-84.741921,39.150753]]]}},{"type":"Feature","properties":{"pid":"057100020041"},"geometry":{"type":"Polygon","coordinates":[[[-84.713438,39.143637],[-84.713682,39.143365],[-84.714103,39.144218],[-84.713888,39.144294],[-84.713758,39.144285],[-84.713438,39.143637]]]}},{"type":"Feature","properties":{"pid":"057100020042"},"geometry":{"type":"Polygon","coordinates":[[[-84.713438,39.143637],[-84.713758,39.144285],[-84.713407,39.144262],[-84.713219,39.143882],[-84.713438,39.143637]]]}},{"type":"Feature","properties":{"pid":"057100020043"},"geometry":{"type":"Polygon","coordinates":[[[-84.713059,39.14394],[-84.713164,39.143943],[-84.713219,39.143882],[-84.713407,39.144262],[-84.713097,39.144241],[-84.713059,39.14394]]]}},{"type":"Feature","properties":{"pid":"057000900300"},"geometry":{"type":"Polygon","coordinates":[[[-84.71247,39.144473],[-84.712482,39.144199],[-84.712799,39.14422],[-84.712787,39.144482],[-84.71247,39.144473]]]}},{"type":"Feature","properties":{"pid":"057000900298"},"geometry":{"type":"Polygon","coordinates":[[[-84.713407,39.144262],[-84.713482,39.144415],[-84.713128,39.144482],[-84.713097,39.144241],[-84.713407,39.144262]]]}},{"type":"Feature","properties":{"pid":"057000900299"},"geometry":{"type":"Polygon","coordinates":[[[-84.712799,39.14422],[-84.713097,39.144241],[-84.713128,39.144482],[-84.712787,39.144482],[-84.712799,39.14422]]]}},{"type":"Feature","properties":{"pid":"057100020046"},"geometry":{"type":"Polygon","coordinates":[[[-84.712444,39.143477],[-84.713682,39.143365],[-84.713164,39.143943],[-84.712495,39.143925],[-84.712482,39.144199],[-84.712412,39.144194],[-84.712444,39.143477]]]}},{"type":"Feature","properties":{"pid":"057000900305"},"geometry":{"type":"Polygon","coordinates":[[[-84.711463,39.144483],[-84.711268,39.144117],[-84.711709,39.144147],[-84.711695,39.144452],[-84.711463,39.144483]]]}},{"type":"Feature","properties":{"pid":"057000900306"},"geometry":{"type":"Polygon","coordinates":[[[-84.711268,39.144117],[-84.711463,39.144483],[-84.711273,39.144587],[-84.710687,39.144175],[-84.710807,39.144086],[-84.711268,39.144117]]]}},{"type":"Feature","properties":{"pid":"057001700003"},"geometry":{"type":"Polygon","coordinates":[[[-84.760665,39.155174],[-84.760392,39.154617],[-84.761494,39.154209],[-84.761743,39.154775],[-84.760665,39.155174]]]}},{"type":"Feature","properties":{"pid":"057001700009"},"geometry":{"type":"Polygon","coordinates":[[[-84.758151,39.156246],[-84.758205,39.155706],[-84.758215,39.155611],[-84.758269,39.155641],[-84.758208,39.156252],[-84.758151,39.156246]]]}},{"type":"Feature","properties":{"pid":"057001700010"},"geometry":{"type":"Polygon","coordinates":[[[-84.75992,39.155361],[-84.760058,39.155275],[-84.760003,39.155685],[-84.75986,39.155776],[-84.75992,39.155361]]]}},{"type":"Feature","properties":{"pid":"057001700047"},"geometry":{"type":"Polygon","coordinates":[[[-84.758651,39.156204],[-84.758388,39.156172],[-84.758429,39.155688],[-84.758691,39.155723],[-84.758651,39.156204]]]}},{"type":"Feature","properties":{"pid":"057001700053"},"geometry":{"type":"Polygon","coordinates":[[[-84.763068,39.153924],[-84.763087,39.15438],[-84.76291,39.154445],[-84.762741,39.154047],[-84.763068,39.153924]]]}},{"type":"Feature","properties":{"pid":"057001700054"},"geometry":{"type":"Polygon","coordinates":[[[-84.76271,39.15442],[-84.762553,39.154478],[-84.762417,39.154168],[-84.762584,39.154106],[-84.76271,39.15442]]]}},{"type":"Feature","properties":{"pid":"057001700055"},"geometry":{"type":"Polygon","coordinates":[[[-84.76291,39.154445],[-84.762745,39.154505],[-84.762584,39.154106],[-84.762741,39.154047],[-84.76291,39.154445]]]}},{"type":"Feature","properties":{"pid":"057001700058"},"geometry":{"type":"Polygon","coordinates":[[[-84.762553,39.154478],[-84.762263,39.154584],[-84.762127,39.154277],[-84.762417,39.154168],[-84.762553,39.154478]]]}},{"type":"Feature","properties":{"pid":"057001700059"},"geometry":{"type":"Polygon","coordinates":[[[-84.762263,39.154584],[-84.762098,39.154644],[-84.761968,39.154337],[-84.762127,39.154277],[-84.762263,39.154584]]]}},{"type":"Feature","properties":{"pid":"057001700060"},"geometry":{"type":"Polygon","coordinates":[[[-84.759568,39.156391],[-84.759282,39.156362],[-84.759332,39.15581],[-84.759622,39.155849],[-84.759568,39.156391]]]}},{"type":"Feature","properties":{"pid":"057001700061"},"geometry":{"type":"Polygon","coordinates":[[[-84.758704,39.155725],[-84.758761,39.155315],[-84.758934,39.155339],[-84.758878,39.155749],[-84.758704,39.155725]]]}},{"type":"Feature","properties":{"pid":"057001700062"},"geometry":{"type":"Polygon","coordinates":[[[-84.759051,39.155772],[-84.759108,39.155362],[-84.759282,39.155386],[-84.759225,39.155795],[-84.759051,39.155772]]]}},{"type":"Feature","properties":{"pid":"057001700065"},"geometry":{"type":"Polygon","coordinates":[[[-84.759395,39.155818],[-84.759225,39.155795],[-84.759282,39.155386],[-84.759458,39.15541],[-84.759395,39.155818]]]}},{"type":"Feature","properties":{"pid":"057001700086"},"geometry":{"type":"Polygon","coordinates":[[[-84.760214,39.155059],[-84.760364,39.15497],[-84.760533,39.155361],[-84.760383,39.155451],[-84.760214,39.155059]]]}},{"type":"Feature","properties":{"pid":"057001700088"},"geometry":{"type":"Polygon","coordinates":[[[-84.75943,39.155823],[-84.759493,39.155414],[-84.759701,39.155442],[-84.759642,39.155852],[-84.75943,39.155823]]]}},{"type":"Feature","properties":{"pid":"057001700089"},"geometry":{"type":"Polygon","coordinates":[[[-84.75992,39.155361],[-84.75986,39.155776],[-84.75972,39.155862],[-84.759642,39.155852],[-84.759701,39.155442],[-84.75992,39.155361]]]}},{"type":"Feature","properties":{"pid":"057001700090"},"geometry":{"type":"Polygon","coordinates":[[[-84.761933,39.154705],[-84.761743,39.154775],[-84.761494,39.154209],[-84.761696,39.154134],[-84.761933,39.154705]]]}},{"type":"Feature","properties":{"pid":"057001700092"},"geometry":{"type":"Polygon","coordinates":[[[-84.760214,39.155059],[-84.760073,39.154735],[-84.760392,39.154617],[-84.760511,39.15488],[-84.760214,39.155059]]]}},{"type":"Feature","properties":{"pid":"057001700103"},"geometry":{"type":"Polygon","coordinates":[[[-84.758525,39.155701],[-84.758566,39.155428],[-84.75874,39.155452],[-84.758704,39.155725],[-84.758525,39.155701]]]}},{"type":"Feature","properties":{"pid":"057002300010"},"geometry":{"type":"Polygon","coordinates":[[[-84.763068,39.153935],[-84.763538,39.154173],[-84.763087,39.154378],[-84.76307,39.153997],[-84.763068,39.153935]]]}},{"type":"Feature","properties":{"pid":"057002300061"},"geometry":{"type":"Polygon","coordinates":[[[-84.76503,39.151488],[-84.763435,39.150971],[-84.763442,39.150899],[-84.764456,39.150736],[-84.764679,39.150623],[-84.765215,39.151256],[-84.765118,39.151328],[-84.76503,39.151488]]]}},{"type":"Feature","properties":{"pid":"057002300108"},"geometry":{"type":"Polygon","coordinates":[[[-84.76479,39.150561],[-84.765324,39.151177],[-84.765215,39.151256],[-84.764679,39.150623],[-84.764456,39.150736],[-84.763442,39.150899],[-84.763508,39.150221],[-84.764628,39.149863],[-84.765091,39.150408],[-84.76479,39.150561]]]}},{"type":"Feature","properties":{"pid":"057000900308"},"geometry":{"type":"Polygon","coordinates":[[[-84.710216,39.144524],[-84.711159,39.144745],[-84.711143,39.144925],[-84.709997,39.14506],[-84.709849,39.144795],[-84.710216,39.144524]]]}},{"type":"Feature","properties":{"pid":"057000900304"},"geometry":{"type":"Polygon","coordinates":[[[-84.711695,39.144452],[-84.711709,39.144147],[-84.712025,39.144168],[-84.712012,39.144461],[-84.711695,39.144452]]]}},{"type":"Feature","properties":{"pid":"057100020047"},"geometry":{"type":"Polygon","coordinates":[[[-84.711666,39.143547],[-84.712444,39.143477],[-84.712412,39.144194],[-84.712342,39.14419],[-84.712354,39.143921],[-84.711719,39.143904],[-84.711666,39.143547]]]}},{"type":"Feature","properties":{"pid":"057000900302"},"geometry":{"type":"Polygon","coordinates":[[[-84.712329,39.14447],[-84.712342,39.14419],[-84.712412,39.144194],[-84.7124,39.144471],[-84.712329,39.14447]]]}},{"type":"Feature","properties":{"pid":"057000900303"},"geometry":{"type":"Polygon","coordinates":[[[-84.712012,39.144461],[-84.712025,39.144168],[-84.712342,39.14419],[-84.712329,39.14447],[-84.712012,39.144461]]]}},{"type":"Feature","properties":{"pid":"057002300116"},"geometry":{"type":"Polygon","coordinates":[[[-84.764531,39.1549],[-84.7647,39.155077],[-84.765143,39.155399],[-84.765276,39.155691],[-84.765246,39.15596],[-84.76635,39.157317],[-84.764194,39.15713],[-84.764412,39.15485],[-84.763465,39.154215],[-84.763529,39.154187],[-84.764531,39.1549]]]}},{"type":"Feature","properties":{"pid":"057002300007"},"geometry":{"type":"Polygon","coordinates":[[[-84.762793,39.157],[-84.76299,39.155165],[-84.763538,39.15495],[-84.763235,39.154314],[-84.763465,39.154215],[-84.764412,39.15485],[-84.764194,39.15713],[-84.762793,39.157]]]}},{"type":"Feature","properties":{"pid":"057002300119"},"geometry":{"type":"Polygon","coordinates":[[[-84.764258,39.154678],[-84.763529,39.154187],[-84.763913,39.153599],[-84.764634,39.154085],[-84.764258,39.154678]]]}},{"type":"Feature","properties":{"pid":"057002300047"},"geometry":{"type":"Polygon","coordinates":[[[-84.76299,39.155165],[-84.763087,39.154378],[-84.763235,39.154314],[-84.763538,39.15495],[-84.76299,39.155165]]]}},{"type":"Feature","properties":{"pid":"057300050100"},"geometry":{"type":"Polygon","coordinates":[[[-84.744249,39.151422],[-84.742876,39.151033],[-84.742989,39.150137],[-84.742437,39.150095],[-84.742446,39.150057],[-84.744348,39.150203],[-84.744249,39.151422]]]}},{"type":"Feature","properties":{"pid":"057300040141"},"geometry":{"type":"Polygon","coordinates":[[[-84.744244,39.151491],[-84.744264,39.151246],[-84.745327,39.151302],[-84.745308,39.151542],[-84.744244,39.151491]]]}},{"type":"Feature","properties":{"pid":"057300040140"},"geometry":{"type":"Polygon","coordinates":[[[-84.745308,39.151542],[-84.745287,39.151794],[-84.744191,39.152158],[-84.744244,39.151491],[-84.745308,39.151542]]]}},{"type":"Feature","properties":{"pid":"057300070117"},"geometry":{"type":"Polygon","coordinates":[[[-84.726732,39.148581],[-84.726816,39.148543],[-84.726956,39.148729],[-84.726872,39.148768],[-84.726732,39.148581]]]}},{"type":"Feature","properties":{"pid":"057300080180"},"geometry":{"type":"Polygon","coordinates":[[[-84.729312,39.146531],[-84.728621,39.146581],[-84.728174,39.146717],[-84.72822,39.146211],[-84.727979,39.146222],[-84.728038,39.145563],[-84.72826,39.145205],[-84.728913,39.145554],[-84.72962,39.14601],[-84.729703,39.145921],[-84.729829,39.146002],[-84.72992,39.145884],[-84.730778,39.146054],[-84.730695,39.146234],[-84.730312,39.146258],[-84.729796,39.146362],[-84.729312,39.146531]]]}},{"type":"Feature","properties":{"pid":"057300070118"},"geometry":{"type":"Polygon","coordinates":[[[-84.726636,39.148625],[-84.726732,39.148581],[-84.726872,39.148768],[-84.726775,39.148811],[-84.726636,39.148625]]]}},{"type":"Feature","properties":{"pid":"057300070115"},"geometry":{"type":"Polygon","coordinates":[[[-84.726901,39.148504],[-84.726997,39.14846],[-84.727137,39.148647],[-84.727041,39.148691],[-84.726901,39.148504]]]}},{"type":"Feature","properties":{"pid":"057000900288"},"geometry":{"type":"Polygon","coordinates":[[[-84.712721,39.145156],[-84.712745,39.144618],[-84.713062,39.144623],[-84.713109,39.145197],[-84.712721,39.145156]]]}},{"type":"Feature","properties":{"pid":"057000900289"},"geometry":{"type":"Polygon","coordinates":[[[-84.713536,39.145231],[-84.713109,39.145197],[-84.713062,39.144623],[-84.713342,39.144593],[-84.713536,39.145231]]]}},{"type":"Feature","properties":{"pid":"057000900290"},"geometry":{"type":"Polygon","coordinates":[[[-84.713342,39.144593],[-84.713619,39.144522],[-84.713952,39.145195],[-84.713536,39.145231],[-84.713342,39.144593]]]}},{"type":"Feature","properties":{"pid":"057000900284"},"geometry":{"type":"Polygon","coordinates":[[[-84.711773,39.145058],[-84.711349,39.145014],[-84.711332,39.144775],[-84.711514,39.144616],[-84.711793,39.144592],[-84.711773,39.145058]]]}},{"type":"Feature","properties":{"pid":"057100020040"},"geometry":{"type":"Polygon","coordinates":[[[-84.713682,39.143365],[-84.714299,39.14331],[-84.714415,39.144095],[-84.714103,39.144218],[-84.713682,39.143365]]]}},{"type":"Feature","properties":{"pid":"057300070135"},"geometry":{"type":"Polygon","coordinates":[[[-84.726474,39.148543],[-84.726722,39.148426],[-84.72678,39.1485],[-84.726531,39.148617],[-84.726474,39.148543]]]}},{"type":"Feature","properties":{"pid":"057300070134"},"geometry":{"type":"Polygon","coordinates":[[[-84.726474,39.148543],[-84.726417,39.14847],[-84.726665,39.148352],[-84.726722,39.148426],[-84.726474,39.148543]]]}},{"type":"Feature","properties":{"pid":"057300070085"},"geometry":{"type":"Polygon","coordinates":[[[-84.726339,39.147648],[-84.726445,39.14757],[-84.726509,39.147636],[-84.727069,39.147369],[-84.727137,39.147368],[-84.726394,39.147758],[-84.726339,39.147648]]]}},{"type":"Feature","properties":{"pid":"057300070081"},"geometry":{"type":"Polygon","coordinates":[[[-84.726837,39.147863],[-84.726947,39.14785],[-84.726987,39.148063],[-84.726877,39.148075],[-84.726837,39.147863]]]}},{"type":"Feature","properties":{"pid":"057000400248"},"geometry":{"type":"Polygon","coordinates":[[[-84.705328,39.1617],[-84.70562,39.161715],[-84.705585,39.162126],[-84.705294,39.162111],[-84.705328,39.1617]]]}},{"type":"Feature","properties":{"pid":"057000400253"},"geometry":{"type":"Polygon","coordinates":[[[-84.703946,39.161631],[-84.704202,39.161644],[-84.704168,39.162054],[-84.703868,39.16204],[-84.703899,39.161663],[-84.703946,39.161631]]]}},{"type":"Feature","properties":{"pid":"057000400254"},"geometry":{"type":"Polygon","coordinates":[[[-84.703427,39.161605],[-84.703718,39.161637],[-84.703692,39.162031],[-84.703393,39.162016],[-84.703427,39.161605]]]}},{"type":"Feature","properties":{"pid":"057000400302"},"geometry":{"type":"Polygon","coordinates":[[[-84.703236,39.164007],[-84.703263,39.163568],[-84.703577,39.163562],[-84.703638,39.163978],[-84.703236,39.164007]]]}},{"type":"Feature","properties":{"pid":"057000400317"},"geometry":{"type":"Polygon","coordinates":[[[-84.703819,39.163928],[-84.703754,39.163585],[-84.704095,39.163573],[-84.704174,39.163913],[-84.703863,39.163957],[-84.703819,39.163928]]]}},{"type":"Feature","properties":{"pid":"057000400318"},"geometry":{"type":"Polygon","coordinates":[[[-84.704095,39.163573],[-84.704428,39.163543],[-84.704504,39.163867],[-84.704174,39.163913],[-84.704095,39.163573]]]}},{"type":"Feature","properties":{"pid":"057000400324"},"geometry":{"type":"Polygon","coordinates":[[[-84.70401,39.164076],[-84.704308,39.164057],[-84.704381,39.164371],[-84.704356,39.164488],[-84.704113,39.164522],[-84.70401,39.164076]]]}},{"type":"Feature","properties":{"pid":"057000400325"},"geometry":{"type":"Polygon","coordinates":[[[-84.703732,39.164115],[-84.70401,39.164076],[-84.704113,39.164522],[-84.703836,39.164561],[-84.703732,39.164115]]]}},{"type":"Feature","properties":{"pid":"057000400351"},"geometry":{"type":"Polygon","coordinates":[[[-84.700927,39.164719],[-84.701397,39.164741],[-84.701413,39.164857],[-84.700763,39.165261],[-84.700927,39.164719]]]}},{"type":"Feature","properties":{"pid":"057000400352"},"geometry":{"type":"Polygon","coordinates":[[[-84.700927,39.164719],[-84.700952,39.1645],[-84.701456,39.164524],[-84.701397,39.164741],[-84.700927,39.164719]]]}},{"type":"Feature","properties":{"pid":"057000400353"},"geometry":{"type":"Polygon","coordinates":[[[-84.700952,39.1645],[-84.700969,39.164281],[-84.701473,39.164305],[-84.701456,39.164524],[-84.700952,39.1645]]]}},{"type":"Feature","properties":{"pid":"057300070082"},"geometry":{"type":"Polygon","coordinates":[[[-84.726738,39.147874],[-84.726837,39.147863],[-84.726877,39.148075],[-84.726778,39.148087],[-84.726738,39.147874]]]}},{"type":"Feature","properties":{"pid":"057300070083"},"geometry":{"type":"Polygon","coordinates":[[[-84.726643,39.147885],[-84.726738,39.147874],[-84.726778,39.148087],[-84.726683,39.148098],[-84.726643,39.147885]]]}},{"type":"Feature","properties":{"pid":"057300070084"},"geometry":{"type":"Polygon","coordinates":[[[-84.726533,39.147897],[-84.726643,39.147885],[-84.726683,39.148098],[-84.726573,39.14811],[-84.726533,39.147897]]]}},{"type":"Feature","properties":{"pid":"057300070116"},"geometry":{"type":"Polygon","coordinates":[[[-84.726816,39.148543],[-84.726901,39.148504],[-84.727041,39.148691],[-84.726956,39.148729],[-84.726816,39.148543]]]}},{"type":"Feature","properties":{"pid":"057300070124"},"geometry":{"type":"Polygon","coordinates":[[[-84.726296,39.148236],[-84.726201,39.148281],[-84.726059,39.148095],[-84.726154,39.148051],[-84.726296,39.148236]]]}},{"type":"Feature","properties":{"pid":"057300070123"},"geometry":{"type":"Polygon","coordinates":[[[-84.72638,39.148197],[-84.726296,39.148236],[-84.726154,39.148051],[-84.726238,39.148012],[-84.72638,39.148197]]]}},{"type":"Feature","properties":{"pid":"057300070122"},"geometry":{"type":"Polygon","coordinates":[[[-84.726465,39.148158],[-84.72638,39.148197],[-84.726238,39.148012],[-84.726323,39.147973],[-84.726465,39.148158]]]}},{"type":"Feature","properties":{"pid":"057300070121"},"geometry":{"type":"Polygon","coordinates":[[[-84.72656,39.148114],[-84.726465,39.148158],[-84.726323,39.147973],[-84.726419,39.147928],[-84.72656,39.148114]]]}},{"type":"Feature","properties":{"pid":"057300010016"},"geometry":{"type":"Polygon","coordinates":[[[-84.75391,39.151612],[-84.753171,39.151468],[-84.752792,39.151199],[-84.752802,39.150956],[-84.754034,39.150783],[-84.754371,39.151254],[-84.75391,39.151612]]]}},{"type":"Feature","properties":{"pid":"057300070113"},"geometry":{"type":"Polygon","coordinates":[[[-84.726224,39.148964],[-84.72614,39.148908],[-84.726319,39.148744],[-84.726403,39.1488],[-84.726224,39.148964]]]}},{"type":"Feature","properties":{"pid":"057300070110"},"geometry":{"type":"Polygon","coordinates":[[[-84.72599,39.148808],[-84.725905,39.148752],[-84.726085,39.148589],[-84.726169,39.148645],[-84.72599,39.148808]]]}},{"type":"Feature","properties":{"pid":"057300070111"},"geometry":{"type":"Polygon","coordinates":[[[-84.72599,39.148808],[-84.726169,39.148645],[-84.726243,39.148694],[-84.726063,39.148857],[-84.72599,39.148808]]]}},{"type":"Feature","properties":{"pid":"057300070126"},"geometry":{"type":"Polygon","coordinates":[[[-84.725911,39.148265],[-84.726158,39.148276],[-84.726151,39.148362],[-84.725904,39.148351],[-84.725911,39.148265]]]}},{"type":"Feature","properties":{"pid":"057300070112"},"geometry":{"type":"Polygon","coordinates":[[[-84.72614,39.148908],[-84.726063,39.148857],[-84.726243,39.148694],[-84.726319,39.148744],[-84.72614,39.148908]]]}},{"type":"Feature","properties":{"pid":"057000900045"},"geometry":{"type":"Polygon","coordinates":[[[-84.723994,39.150913],[-84.724151,39.150708],[-84.725119,39.150518],[-84.725274,39.150351],[-84.725735,39.1503],[-84.725616,39.151677],[-84.724487,39.151709],[-84.724159,39.151105],[-84.723994,39.150913]]]}},{"type":"Feature","properties":{"pid":"057300070128"},"geometry":{"type":"Polygon","coordinates":[[[-84.725897,39.148428],[-84.726146,39.148439],[-84.726139,39.148525],[-84.72589,39.148514],[-84.725897,39.148428]]]}},{"type":"Feature","properties":{"pid":"057300070127"},"geometry":{"type":"Polygon","coordinates":[[[-84.725897,39.148428],[-84.725904,39.148351],[-84.726151,39.148362],[-84.726146,39.148439],[-84.725897,39.148428]]]}},{"type":"Feature","properties":{"pid":"057000900006"},"geometry":{"type":"Polygon","coordinates":[[[-84.723771,39.151204],[-84.723952,39.150968],[-84.724487,39.151709],[-84.724143,39.151718],[-84.723771,39.151204]]]}},{"type":"Feature","properties":{"pid":"057000900151"},"geometry":{"type":"Polygon","coordinates":[[[-84.718687,39.149011],[-84.71935,39.149143],[-84.720478,39.14912],[-84.720994,39.149235],[-84.721341,39.149434],[-84.721914,39.149951],[-84.722431,39.150323],[-84.723908,39.151045],[-84.723863,39.151104],[-84.722668,39.15054],[-84.722103,39.150195],[-84.721689,39.149854],[-84.721016,39.150298],[-84.719301,39.149931],[-84.718582,39.149973],[-84.718899,39.149143],[-84.718653,39.149074],[-84.718687,39.149011]]]}},{"type":"Feature","properties":{"pid":"063002800018"},"geometry":{"type":"Polygon","coordinates":[[[-84.80359,39.184172],[-84.803345,39.183848],[-84.802995,39.183587],[-84.802567,39.183411],[-84.802095,39.183331],[-84.802097,39.181492],[-84.807213,39.181475],[-84.807077,39.181901],[-84.807148,39.183157],[-84.80464,39.183193],[-84.804664,39.184265],[-84.80359,39.184172]]]}},{"type":"Feature","properties":{"pid":"063002800020"},"geometry":{"type":"Polygon","coordinates":[[[-84.802099,39.179627],[-84.802101,39.177813],[-84.809125,39.177857],[-84.809112,39.178835],[-84.808682,39.178891],[-84.808024,39.179246],[-84.807793,39.179609],[-84.802099,39.179627]]]}},{"type":"Feature","properties":{"pid":"063002900025"},"geometry":{"type":"Polygon","coordinates":[[[-84.805082,39.16341],[-84.805077,39.163107],[-84.805677,39.163121],[-84.805666,39.163415],[-84.805082,39.16341]]]}},{"type":"Feature","properties":{"pid":"063002900026"},"geometry":{"type":"Polygon","coordinates":[[[-84.805677,39.163121],[-84.805009,39.163106],[-84.804997,39.162812],[-84.805687,39.162827],[-84.805677,39.163121]]]}},{"type":"Feature","properties":{"pid":"063002900027"},"geometry":{"type":"Polygon","coordinates":[[[-84.804997,39.162812],[-84.804992,39.162542],[-84.805697,39.162558],[-84.805687,39.162827],[-84.804997,39.162812]]]}},{"type":"Feature","properties":{"pid":"063002900028"},"geometry":{"type":"Polygon","coordinates":[[[-84.804992,39.162542],[-84.80499,39.162284],[-84.805712,39.162301],[-84.805697,39.162558],[-84.804992,39.162542]]]}},{"type":"Feature","properties":{"pid":"063002900029"},"geometry":{"type":"Polygon","coordinates":[[[-84.80499,39.162284],[-84.804984,39.16204],[-84.805728,39.162034],[-84.805712,39.162301],[-84.80499,39.162284]]]}},{"type":"Feature","properties":{"pid":"063002900036"},"geometry":{"type":"Polygon","coordinates":[[[-84.803899,39.163891],[-84.803826,39.163622],[-84.803502,39.162289],[-84.803982,39.162291],[-84.803984,39.162675],[-84.804129,39.162674],[-84.804132,39.162919],[-84.80483,39.162923],[-84.804881,39.1636],[-84.804797,39.1639],[-84.803899,39.163891]]]}},{"type":"Feature","properties":{"pid":"063002900042"},"geometry":{"type":"Polygon","coordinates":[[[-84.805001,39.162924],[-84.804132,39.162919],[-84.804129,39.162674],[-84.804992,39.162669],[-84.805001,39.162924]]]}},{"type":"Feature","properties":{"pid":"057000400244"},"geometry":{"type":"Polygon","coordinates":[[[-84.702296,39.164392],[-84.701969,39.164424],[-84.701995,39.164082],[-84.702292,39.164109],[-84.702296,39.164392]]]}},{"type":"Feature","properties":{"pid":"057000400245"},"geometry":{"type":"Polygon","coordinates":[[[-84.701969,39.164424],[-84.701641,39.164409],[-84.701685,39.164073],[-84.701995,39.164082],[-84.701969,39.164424]]]}},{"type":"Feature","properties":{"pid":"057000400322"},"geometry":{"type":"Polygon","coordinates":[[[-84.7045,39.165279],[-84.704046,39.164972],[-84.704415,39.164558],[-84.70452,39.164576],[-84.704685,39.165289],[-84.7045,39.165279]]]}},{"type":"Feature","properties":{"pid":"057300080183"},"geometry":{"type":"Polygon","coordinates":[[[-84.72634,39.143917],[-84.726693,39.144065],[-84.726496,39.144343],[-84.7272,39.144646],[-84.727235,39.144289],[-84.728501,39.144818],[-84.728291,39.145155],[-84.728228,39.145131],[-84.728139,39.145274],[-84.726283,39.144499],[-84.72634,39.143917]]]}},{"type":"Feature","properties":{"pid":"057300080185"},"geometry":{"type":"Polygon","coordinates":[[[-84.727783,39.146827],[-84.726841,39.147284],[-84.726921,39.146449],[-84.726097,39.146401],[-84.726283,39.144499],[-84.72759,39.145045],[-84.727465,39.146425],[-84.727783,39.146827]]]}},{"type":"Feature","properties":{"pid":"057000900307"},"geometry":{"type":"Polygon","coordinates":[[[-84.710216,39.144524],[-84.710687,39.144175],[-84.711273,39.144587],[-84.711159,39.144745],[-84.710216,39.144524]]]}},{"type":"Feature","properties":{"pid":"057300090014"},"geometry":{"type":"Polygon","coordinates":[[[-84.735786,39.149778],[-84.736069,39.149853],[-84.73604,39.150181],[-84.735408,39.150235],[-84.735661,39.149853],[-84.735741,39.149837],[-84.735786,39.149778]]]}},{"type":"Feature","properties":{"pid":"057000400323"},"geometry":{"type":"Polygon","coordinates":[[[-84.704046,39.164972],[-84.703507,39.164608],[-84.704356,39.164488],[-84.704415,39.164558],[-84.704046,39.164972]]]}},{"type":"Feature","properties":{"pid":"057000400326"},"geometry":{"type":"Polygon","coordinates":[[[-84.703836,39.164561],[-84.703507,39.164608],[-84.703467,39.164143],[-84.703732,39.164115],[-84.703836,39.164561]]]}},{"type":"Feature","properties":{"pid":"057000400327"},"geometry":{"type":"Polygon","coordinates":[[[-84.703507,39.164608],[-84.703169,39.164531],[-84.7032,39.164143],[-84.703467,39.164143],[-84.703507,39.164608]]]}},{"type":"Feature","properties":{"pid":"057000400328"},"geometry":{"type":"Polygon","coordinates":[[[-84.702969,39.16448],[-84.702902,39.164334],[-84.702918,39.164129],[-84.7032,39.164143],[-84.703169,39.164531],[-84.702969,39.16448]]]}},{"type":"Feature","properties":{"pid":"057000400329"},"geometry":{"type":"Polygon","coordinates":[[[-84.702471,39.164376],[-84.702493,39.164114],[-84.702918,39.164129],[-84.702902,39.164334],[-84.702471,39.164376]]]}},{"type":"Feature","properties":{"pid":"057000400347"},"geometry":{"type":"Polygon","coordinates":[[[-84.701969,39.164424],[-84.702028,39.164702],[-84.701622,39.164683],[-84.701641,39.164409],[-84.701969,39.164424]]]}},{"type":"Feature","properties":{"pid":"057000400348"},"geometry":{"type":"Polygon","coordinates":[[[-84.701622,39.164683],[-84.702028,39.164702],[-84.702106,39.165066],[-84.701644,39.164846],[-84.701622,39.164683]]]}},{"type":"Feature","properties":{"pid":"057000400349"},"geometry":{"type":"Polygon","coordinates":[[[-84.701644,39.164846],[-84.702106,39.165066],[-84.702112,39.165092],[-84.701875,39.165213],[-84.701561,39.165256],[-84.701533,39.164898],[-84.701644,39.164846]]]}},{"type":"Feature","properties":{"pid":"057000400350"},"geometry":{"type":"Polygon","coordinates":[[[-84.701413,39.164857],[-84.701533,39.164898],[-84.701561,39.165256],[-84.70073,39.165369],[-84.700763,39.165261],[-84.701413,39.164857]]]}},{"type":"Feature","properties":{"pid":"057000400356"},"geometry":{"type":"Polygon","coordinates":[[[-84.702613,39.164662],[-84.702471,39.164376],[-84.702902,39.164334],[-84.702969,39.16448],[-84.702613,39.164662]]]}},{"type":"Feature","properties":{"pid":"057000400357"},"geometry":{"type":"Polygon","coordinates":[[[-84.702768,39.164845],[-84.702613,39.164662],[-84.702969,39.16448],[-84.703318,39.164564],[-84.702768,39.164845]]]}},{"type":"Feature","properties":{"pid":"057000400358"},"geometry":{"type":"Polygon","coordinates":[[[-84.702768,39.164845],[-84.703318,39.164564],[-84.703507,39.164608],[-84.703611,39.164678],[-84.702923,39.165029],[-84.702768,39.164845]]]}},{"type":"Feature","properties":{"pid":"057000400359"},"geometry":{"type":"Polygon","coordinates":[[[-84.702923,39.165029],[-84.703611,39.164678],[-84.703832,39.164827],[-84.703077,39.165213],[-84.702923,39.165029]]]}},{"type":"Feature","properties":{"pid":"057000400360"},"geometry":{"type":"Polygon","coordinates":[[[-84.703077,39.165213],[-84.703832,39.164827],[-84.704053,39.164977],[-84.703232,39.165397],[-84.703077,39.165213]]]}},{"type":"Feature","properties":{"pid":"057001030117"},"geometry":{"type":"Polygon","coordinates":[[[-84.719179,39.155176],[-84.720727,39.155267],[-84.720102,39.155603],[-84.719324,39.155582],[-84.719223,39.15542],[-84.719066,39.155326],[-84.719179,39.155176]]]}},{"type":"Feature","properties":{"pid":"057300060066"},"geometry":{"type":"Polygon","coordinates":[[[-84.734739,39.148123],[-84.733953,39.147908],[-84.734375,39.14702],[-84.735076,39.147306],[-84.734739,39.148123]]]}},{"type":"Feature","properties":{"pid":"057300090002"},"geometry":{"type":"Polygon","coordinates":[[[-84.733189,39.148692],[-84.732653,39.148538],[-84.733219,39.147707],[-84.733753,39.147853],[-84.733189,39.148692]]]}},{"type":"Feature","properties":{"pid":"057300090003"},"geometry":{"type":"Polygon","coordinates":[[[-84.732653,39.148538],[-84.732297,39.148397],[-84.732832,39.147601],[-84.733219,39.147707],[-84.732653,39.148538]]]}},{"type":"Feature","properties":{"pid":"057300090016"},"geometry":{"type":"Polygon","coordinates":[[[-84.732841,39.147604],[-84.732448,39.1475],[-84.73246,39.147305],[-84.732846,39.146514],[-84.733299,39.146661],[-84.732841,39.147604]]]}},{"type":"Feature","properties":{"pid":"057300090098"},"geometry":{"type":"Polygon","coordinates":[[[-84.734375,39.14702],[-84.733953,39.147908],[-84.733753,39.147853],[-84.734186,39.146942],[-84.734375,39.14702]]]}},{"type":"Feature","properties":{"pid":"057000400361"},"geometry":{"type":"Polygon","coordinates":[[[-84.704275,39.165127],[-84.703387,39.16558],[-84.703232,39.165397],[-84.704053,39.164977],[-84.704275,39.165127]]]}},{"type":"Feature","properties":{"pid":"057000400362"},"geometry":{"type":"Polygon","coordinates":[[[-84.703387,39.16558],[-84.704275,39.165127],[-84.7045,39.165279],[-84.703542,39.165764],[-84.703387,39.16558]]]}},{"type":"Feature","properties":{"pid":"057300070020"},"geometry":{"type":"Polygon","coordinates":[[[-84.726207,39.153359],[-84.726377,39.153064],[-84.726548,39.152898],[-84.726786,39.152991],[-84.727026,39.15369],[-84.726207,39.153359]]]}},{"type":"Feature","properties":{"pid":"057300070018"},"geometry":{"type":"Polygon","coordinates":[[[-84.726207,39.153359],[-84.726377,39.153064],[-84.726548,39.152898],[-84.726786,39.152991],[-84.727026,39.15369],[-84.726207,39.153359]]]}},{"type":"Feature","properties":{"pid":"057300070017"},"geometry":{"type":"Polygon","coordinates":[[[-84.726207,39.153359],[-84.726377,39.153064],[-84.726548,39.152898],[-84.726786,39.152991],[-84.727026,39.15369],[-84.726207,39.153359]]]}},{"type":"Feature","properties":{"pid":"057300070019"},"geometry":{"type":"Polygon","coordinates":[[[-84.726207,39.153359],[-84.726377,39.153064],[-84.726548,39.152898],[-84.726786,39.152991],[-84.727026,39.15369],[-84.726207,39.153359]]]}},{"type":"Feature","properties":{"pid":"057300070011"},"geometry":{"type":"Polygon","coordinates":[[[-84.727553,39.153039],[-84.727803,39.153636],[-84.727284,39.153794],[-84.727026,39.15369],[-84.726786,39.152991],[-84.726548,39.152898],[-84.727236,39.152294],[-84.727359,39.152304],[-84.727553,39.153039]]]}},{"type":"Feature","properties":{"pid":"057300070013"},"geometry":{"type":"Polygon","coordinates":[[[-84.727553,39.153039],[-84.727803,39.153636],[-84.727284,39.153794],[-84.727026,39.15369],[-84.726786,39.152991],[-84.726548,39.152898],[-84.727236,39.152294],[-84.727359,39.152304],[-84.727553,39.153039]]]}},{"type":"Feature","properties":{"pid":"057300070016"},"geometry":{"type":"Polygon","coordinates":[[[-84.727553,39.153039],[-84.727803,39.153636],[-84.727284,39.153794],[-84.727026,39.15369],[-84.726786,39.152991],[-84.726548,39.152898],[-84.727236,39.152294],[-84.727359,39.152304],[-84.727553,39.153039]]]}},{"type":"Feature","properties":{"pid":"057300070014"},"geometry":{"type":"Polygon","coordinates":[[[-84.727553,39.153039],[-84.727803,39.153636],[-84.727284,39.153794],[-84.727026,39.15369],[-84.726786,39.152991],[-84.726548,39.152898],[-84.727236,39.152294],[-84.727359,39.152304],[-84.727553,39.153039]]]}},{"type":"Feature","properties":{"pid":"057300070012"},"geometry":{"type":"Polygon","coordinates":[[[-84.727553,39.153039],[-84.727803,39.153636],[-84.727284,39.153794],[-84.727026,39.15369],[-84.726786,39.152991],[-84.726548,39.152898],[-84.727236,39.152294],[-84.727359,39.152304],[-84.727553,39.153039]]]}},{"type":"Feature","properties":{"pid":"057300070010"},"geometry":{"type":"Polygon","coordinates":[[[-84.727553,39.153039],[-84.727803,39.153636],[-84.727284,39.153794],[-84.727026,39.15369],[-84.726786,39.152991],[-84.726548,39.152898],[-84.727236,39.152294],[-84.727359,39.152304],[-84.727553,39.153039]]]}},{"type":"Feature","properties":{"pid":"057300070015"},"geometry":{"type":"Polygon","coordinates":[[[-84.727553,39.153039],[-84.727803,39.153636],[-84.727284,39.153794],[-84.727026,39.15369],[-84.726786,39.152991],[-84.726548,39.152898],[-84.727236,39.152294],[-84.727359,39.152304],[-84.727553,39.153039]]]}},{"type":"Feature","properties":{"pid":"057300070028"},"geometry":{"type":"Polygon","coordinates":[[[-84.727553,39.153039],[-84.727408,39.152447],[-84.727729,39.152401],[-84.728087,39.152493],[-84.727803,39.153636],[-84.727553,39.153039]]]}},{"type":"Feature","properties":{"pid":"057300070025"},"geometry":{"type":"Polygon","coordinates":[[[-84.727553,39.153039],[-84.727408,39.152447],[-84.727729,39.152401],[-84.728087,39.152493],[-84.727803,39.153636],[-84.727553,39.153039]]]}},{"type":"Feature","properties":{"pid":"057300070026"},"geometry":{"type":"Polygon","coordinates":[[[-84.727553,39.153039],[-84.727408,39.152447],[-84.727729,39.152401],[-84.728087,39.152493],[-84.727803,39.153636],[-84.727553,39.153039]]]}},{"type":"Feature","properties":{"pid":"057300070027"},"geometry":{"type":"Polygon","coordinates":[[[-84.727553,39.153039],[-84.727408,39.152447],[-84.727729,39.152401],[-84.728087,39.152493],[-84.727803,39.153636],[-84.727553,39.153039]]]}},{"type":"Feature","properties":{"pid":"057300070024"},"geometry":{"type":"Polygon","coordinates":[[[-84.728215,39.152506],[-84.727657,39.152399],[-84.727408,39.152447],[-84.727359,39.152304],[-84.727467,39.152241],[-84.727632,39.151928],[-84.727943,39.151697],[-84.728204,39.152108],[-84.728215,39.152506]]]}},{"type":"Feature","properties":{"pid":"057300070022"},"geometry":{"type":"Polygon","coordinates":[[[-84.728215,39.152506],[-84.727657,39.152399],[-84.727408,39.152447],[-84.727359,39.152304],[-84.727467,39.152241],[-84.727632,39.151928],[-84.727943,39.151697],[-84.728204,39.152108],[-84.728215,39.152506]]]}},{"type":"Feature","properties":{"pid":"057300070021"},"geometry":{"type":"Polygon","coordinates":[[[-84.728215,39.152506],[-84.727657,39.152399],[-84.727408,39.152447],[-84.727359,39.152304],[-84.727467,39.152241],[-84.727632,39.151928],[-84.727943,39.151697],[-84.728204,39.152108],[-84.728215,39.152506]]]}},{"type":"Feature","properties":{"pid":"057300070023"},"geometry":{"type":"Polygon","coordinates":[[[-84.728215,39.152506],[-84.727657,39.152399],[-84.727408,39.152447],[-84.727359,39.152304],[-84.727467,39.152241],[-84.727632,39.151928],[-84.727943,39.151697],[-84.728204,39.152108],[-84.728215,39.152506]]]}},{"type":"Feature","properties":{"pid":"057300070038"},"geometry":{"type":"Polygon","coordinates":[[[-84.728087,39.152493],[-84.728477,39.152474],[-84.72866,39.153375],[-84.727803,39.153636],[-84.728087,39.152493]]]}},{"type":"Feature","properties":{"pid":"057300070036"},"geometry":{"type":"Polygon","coordinates":[[[-84.728087,39.152493],[-84.728477,39.152474],[-84.72866,39.153375],[-84.727803,39.153636],[-84.728087,39.152493]]]}},{"type":"Feature","properties":{"pid":"057300070037"},"geometry":{"type":"Polygon","coordinates":[[[-84.728087,39.152493],[-84.728477,39.152474],[-84.72866,39.153375],[-84.727803,39.153636],[-84.728087,39.152493]]]}},{"type":"Feature","properties":{"pid":"057300070035"},"geometry":{"type":"Polygon","coordinates":[[[-84.728087,39.152493],[-84.728477,39.152474],[-84.72866,39.153375],[-84.727803,39.153636],[-84.728087,39.152493]]]}},{"type":"Feature","properties":{"pid":"057300070033"},"geometry":{"type":"Polygon","coordinates":[[[-84.728787,39.152411],[-84.728215,39.152506],[-84.728204,39.152108],[-84.727943,39.151697],[-84.72824,39.151436],[-84.728545,39.151038],[-84.728787,39.152411]]]}},{"type":"Feature","properties":{"pid":"057300070034"},"geometry":{"type":"Polygon","coordinates":[[[-84.728787,39.152411],[-84.728215,39.152506],[-84.728204,39.152108],[-84.727943,39.151697],[-84.72824,39.151436],[-84.728545,39.151038],[-84.728787,39.152411]]]}},{"type":"Feature","properties":{"pid":"057300070031"},"geometry":{"type":"Polygon","coordinates":[[[-84.728787,39.152411],[-84.728215,39.152506],[-84.728204,39.152108],[-84.727943,39.151697],[-84.72824,39.151436],[-84.728545,39.151038],[-84.728787,39.152411]]]}},{"type":"Feature","properties":{"pid":"057300070032"},"geometry":{"type":"Polygon","coordinates":[[[-84.728787,39.152411],[-84.728215,39.152506],[-84.728204,39.152108],[-84.727943,39.151697],[-84.72824,39.151436],[-84.728545,39.151038],[-84.728787,39.152411]]]}},{"type":"Feature","properties":{"pid":"057300070040"},"geometry":{"type":"Polygon","coordinates":[[[-84.728613,39.150911],[-84.729229,39.151328],[-84.72926,39.152348],[-84.728787,39.152411],[-84.728545,39.151038],[-84.728613,39.150911]]]}},{"type":"Feature","properties":{"pid":"057300070041"},"geometry":{"type":"Polygon","coordinates":[[[-84.728613,39.150911],[-84.729229,39.151328],[-84.72926,39.152348],[-84.728787,39.152411],[-84.728545,39.151038],[-84.728613,39.150911]]]}},{"type":"Feature","properties":{"pid":"057300070042"},"geometry":{"type":"Polygon","coordinates":[[[-84.728613,39.150911],[-84.729229,39.151328],[-84.72926,39.152348],[-84.728787,39.152411],[-84.728545,39.151038],[-84.728613,39.150911]]]}},{"type":"Feature","properties":{"pid":"057300070039"},"geometry":{"type":"Polygon","coordinates":[[[-84.728613,39.150911],[-84.729229,39.151328],[-84.72926,39.152348],[-84.728787,39.152411],[-84.728545,39.151038],[-84.728613,39.150911]]]}},{"type":"Feature","properties":{"pid":"057300070044"},"geometry":{"type":"Polygon","coordinates":[[[-84.729686,39.153063],[-84.729474,39.152324],[-84.730029,39.152262],[-84.73037,39.152855],[-84.729686,39.153063]]]}},{"type":"Feature","properties":{"pid":"057300070045"},"geometry":{"type":"Polygon","coordinates":[[[-84.729686,39.153063],[-84.729474,39.152324],[-84.730029,39.152262],[-84.73037,39.152855],[-84.729686,39.153063]]]}},{"type":"Feature","properties":{"pid":"057300070043"},"geometry":{"type":"Polygon","coordinates":[[[-84.729686,39.153063],[-84.729474,39.152324],[-84.730029,39.152262],[-84.73037,39.152855],[-84.729686,39.153063]]]}},{"type":"Feature","properties":{"pid":"057300070046"},"geometry":{"type":"Polygon","coordinates":[[[-84.729686,39.153063],[-84.729474,39.152324],[-84.730029,39.152262],[-84.73037,39.152855],[-84.729686,39.153063]]]}},{"type":"Feature","properties":{"pid":"057300070050"},"geometry":{"type":"Polygon","coordinates":[[[-84.728477,39.152474],[-84.728947,39.152383],[-84.729277,39.153187],[-84.72866,39.153375],[-84.728477,39.152474]]]}},{"type":"Feature","properties":{"pid":"057300070049"},"geometry":{"type":"Polygon","coordinates":[[[-84.728477,39.152474],[-84.728947,39.152383],[-84.729277,39.153187],[-84.72866,39.153375],[-84.728477,39.152474]]]}},{"type":"Feature","properties":{"pid":"057300070048"},"geometry":{"type":"Polygon","coordinates":[[[-84.728477,39.152474],[-84.728947,39.152383],[-84.729277,39.153187],[-84.72866,39.153375],[-84.728477,39.152474]]]}},{"type":"Feature","properties":{"pid":"057300070047"},"geometry":{"type":"Polygon","coordinates":[[[-84.728477,39.152474],[-84.728947,39.152383],[-84.729277,39.153187],[-84.72866,39.153375],[-84.728477,39.152474]]]}},{"type":"Feature","properties":{"pid":"057300070052"},"geometry":{"type":"Polygon","coordinates":[[[-84.729277,39.153187],[-84.728947,39.152383],[-84.729474,39.152324],[-84.729686,39.153063],[-84.729277,39.153187]]]}},{"type":"Feature","properties":{"pid":"057300070053"},"geometry":{"type":"Polygon","coordinates":[[[-84.729277,39.153187],[-84.728947,39.152383],[-84.729474,39.152324],[-84.729686,39.153063],[-84.729277,39.153187]]]}},{"type":"Feature","properties":{"pid":"057300070054"},"geometry":{"type":"Polygon","coordinates":[[[-84.729277,39.153187],[-84.728947,39.152383],[-84.729474,39.152324],[-84.729686,39.153063],[-84.729277,39.153187]]]}},{"type":"Feature","properties":{"pid":"057300070051"},"geometry":{"type":"Polygon","coordinates":[[[-84.729277,39.153187],[-84.728947,39.152383],[-84.729474,39.152324],[-84.729686,39.153063],[-84.729277,39.153187]]]}},{"type":"Feature","properties":{"pid":"057300070057"},"geometry":{"type":"Polygon","coordinates":[[[-84.730653,39.151899],[-84.731275,39.152699],[-84.73037,39.152855],[-84.730029,39.152262],[-84.72926,39.152348],[-84.729229,39.151328],[-84.729319,39.151389],[-84.729788,39.151388],[-84.730653,39.151899]]]}},{"type":"Feature","properties":{"pid":"057300070058"},"geometry":{"type":"Polygon","coordinates":[[[-84.730653,39.151899],[-84.731275,39.152699],[-84.73037,39.152855],[-84.730029,39.152262],[-84.72926,39.152348],[-84.729229,39.151328],[-84.729319,39.151389],[-84.729788,39.151388],[-84.730653,39.151899]]]}},{"type":"Feature","properties":{"pid":"057300070056"},"geometry":{"type":"Polygon","coordinates":[[[-84.730653,39.151899],[-84.731275,39.152699],[-84.73037,39.152855],[-84.730029,39.152262],[-84.72926,39.152348],[-84.729229,39.151328],[-84.729319,39.151389],[-84.729788,39.151388],[-84.730653,39.151899]]]}},{"type":"Feature","properties":{"pid":"057300070055"},"geometry":{"type":"Polygon","coordinates":[[[-84.730653,39.151899],[-84.731275,39.152699],[-84.73037,39.152855],[-84.730029,39.152262],[-84.72926,39.152348],[-84.729229,39.151328],[-84.729319,39.151389],[-84.729788,39.151388],[-84.730653,39.151899]]]}},{"type":"Feature","properties":{"pid":"057002300042"},"geometry":{"type":"Polygon","coordinates":[[[-84.764946,39.153592],[-84.76412,39.153272],[-84.764278,39.153021],[-84.765104,39.153343],[-84.764946,39.153592]]]}},{"type":"Feature","properties":{"pid":"057001030112"},"geometry":{"type":"Polygon","coordinates":[[[-84.719114,39.155348],[-84.719038,39.155489],[-84.718294,39.155445],[-84.718326,39.155127],[-84.718677,39.155163],[-84.719114,39.155348]]]}},{"type":"Feature","properties":{"pid":"057000400368"},"geometry":{"type":"Polygon","coordinates":[[[-84.704924,39.166436],[-84.704998,39.165669],[-84.705269,39.165685],[-84.705202,39.166452],[-84.704924,39.166436]]]}},{"type":"Feature","properties":{"pid":"057000400369"},"geometry":{"type":"Polygon","coordinates":[[[-84.705156,39.166987],[-84.704861,39.166969],[-84.7049,39.166572],[-84.70519,39.166589],[-84.705156,39.166987]]]}},{"type":"Feature","properties":{"pid":"057000400370"},"geometry":{"type":"Polygon","coordinates":[[[-84.704861,39.166969],[-84.704569,39.166952],[-84.704608,39.166555],[-84.7049,39.166572],[-84.704861,39.166969]]]}},{"type":"Feature","properties":{"pid":"057000400371"},"geometry":{"type":"Polygon","coordinates":[[[-84.704322,39.166538],[-84.704608,39.166555],[-84.704569,39.166952],[-84.704262,39.166934],[-84.704322,39.166538]]]}},{"type":"Feature","properties":{"pid":"057000400372"},"geometry":{"type":"Polygon","coordinates":[[[-84.704262,39.166934],[-84.703845,39.166909],[-84.704089,39.166488],[-84.704322,39.166538],[-84.704262,39.166934]]]}},{"type":"Feature","properties":{"pid":"057000400373"},"geometry":{"type":"Polygon","coordinates":[[[-84.703845,39.166909],[-84.703321,39.166879],[-84.703887,39.166385],[-84.704089,39.166488],[-84.703845,39.166909]]]}},{"type":"Feature","properties":{"pid":"057000400374"},"geometry":{"type":"Polygon","coordinates":[[[-84.703321,39.166879],[-84.702827,39.166849],[-84.702735,39.166743],[-84.703728,39.166236],[-84.703887,39.166385],[-84.703321,39.166879]]]}},{"type":"Feature","properties":{"pid":"057000400375"},"geometry":{"type":"Polygon","coordinates":[[[-84.702579,39.16656],[-84.703574,39.166052],[-84.703728,39.166236],[-84.702735,39.166743],[-84.702579,39.16656]]]}},{"type":"Feature","properties":{"pid":"057000400376"},"geometry":{"type":"Polygon","coordinates":[[[-84.702423,39.166376],[-84.703419,39.165868],[-84.703574,39.166052],[-84.702579,39.16656],[-84.702423,39.166376]]]}},{"type":"Feature","properties":{"pid":"057000400377"},"geometry":{"type":"Polygon","coordinates":[[[-84.702267,39.166193],[-84.703264,39.165685],[-84.703419,39.165868],[-84.702423,39.166376],[-84.702267,39.166193]]]}},{"type":"Feature","properties":{"pid":"057000400378"},"geometry":{"type":"Polygon","coordinates":[[[-84.702579,39.165772],[-84.703109,39.165501],[-84.703264,39.165685],[-84.702733,39.165956],[-84.702579,39.165772]]]}},{"type":"Feature","properties":{"pid":"057000400379"},"geometry":{"type":"Polygon","coordinates":[[[-84.702413,39.165575],[-84.702927,39.165319],[-84.703109,39.165501],[-84.702579,39.165772],[-84.702413,39.165575]]]}},{"type":"Feature","properties":{"pid":"057000400380"},"geometry":{"type":"Polygon","coordinates":[[[-84.702392,39.165424],[-84.702227,39.165229],[-84.702684,39.164996],[-84.702827,39.165197],[-84.702392,39.165424]]]}},{"type":"Feature","properties":{"pid":"057000400381"},"geometry":{"type":"Polygon","coordinates":[[[-84.702227,39.165229],[-84.702099,39.165032],[-84.702529,39.164812],[-84.702684,39.164996],[-84.702227,39.165229]]]}},{"type":"Feature","properties":{"pid":"057000400382"},"geometry":{"type":"Polygon","coordinates":[[[-84.702529,39.164812],[-84.702099,39.165032],[-84.702039,39.164751],[-84.702382,39.164624],[-84.702529,39.164812]]]}},{"type":"Feature","properties":{"pid":"057000400363"},"geometry":{"type":"Polygon","coordinates":[[[-84.703542,39.165764],[-84.7045,39.165279],[-84.704404,39.165586],[-84.703696,39.165948],[-84.703542,39.165764]]]}},{"type":"Feature","properties":{"pid":"057000400364"},"geometry":{"type":"Polygon","coordinates":[[[-84.703739,39.165998],[-84.704446,39.165637],[-84.704536,39.165642],[-84.704466,39.16589],[-84.703894,39.166182],[-84.703739,39.165998]]]}},{"type":"Feature","properties":{"pid":"057000400365"},"geometry":{"type":"Polygon","coordinates":[[[-84.703894,39.166182],[-84.704466,39.16589],[-84.704321,39.166399],[-84.704051,39.166312],[-84.703894,39.166182]]]}},{"type":"Feature","properties":{"pid":"057000400366"},"geometry":{"type":"Polygon","coordinates":[[[-84.704643,39.16642],[-84.704321,39.166399],[-84.704536,39.165642],[-84.704717,39.165652],[-84.704643,39.16642]]]}},{"type":"Feature","properties":{"pid":"057000400367"},"geometry":{"type":"Polygon","coordinates":[[[-84.704643,39.16642],[-84.704717,39.165652],[-84.704998,39.165669],[-84.704924,39.166436],[-84.704643,39.16642]]]}},{"type":"Feature","properties":{"pid":"057001020137"},"geometry":{"type":"Polygon","coordinates":[[[-84.705827,39.16655],[-84.707107,39.168206],[-84.705059,39.168105],[-84.705195,39.166541],[-84.705827,39.16655]]]}},{"type":"Feature","properties":{"pid":"057001020138"},"geometry":{"type":"Polygon","coordinates":[[[-84.707652,39.168211],[-84.707107,39.168206],[-84.705827,39.16655],[-84.705197,39.166517],[-84.707796,39.166562],[-84.707652,39.168211]]]}},{"type":"Feature","properties":{"pid":"057001020139"},"geometry":{"type":"Polygon","coordinates":[[[-84.705197,39.166517],[-84.705199,39.166492],[-84.705824,39.166501],[-84.707333,39.164981],[-84.707933,39.16499],[-84.707796,39.166562],[-84.705197,39.166517]]]}},{"type":"Feature","properties":{"pid":"057001020140"},"geometry":{"type":"Polygon","coordinates":[[[-84.705199,39.166492],[-84.705332,39.164954],[-84.707333,39.164981],[-84.705824,39.166501],[-84.705199,39.166492]]]}},{"type":"Feature","properties":{"pid":"057000400383"},"geometry":{"type":"Polygon","coordinates":[[[-84.702039,39.164751],[-84.701969,39.164424],[-84.702296,39.164393],[-84.702382,39.164624],[-84.702039,39.164751]]]}},{"type":"Feature","properties":{"pid":"057000400385"},"geometry":{"type":"Polygon","coordinates":[[[-84.702733,39.165956],[-84.702503,39.166073],[-84.702181,39.165695],[-84.702413,39.165575],[-84.702733,39.165956]]]}},{"type":"Feature","properties":{"pid":"057000400386"},"geometry":{"type":"Polygon","coordinates":[[[-84.702503,39.166073],[-84.702267,39.166193],[-84.701946,39.165817],[-84.702181,39.165695],[-84.702503,39.166073]]]}},{"type":"Feature","properties":{"pid":"057000400387"},"geometry":{"type":"Polygon","coordinates":[[[-84.702827,39.166849],[-84.702275,39.166817],[-84.701715,39.165924],[-84.701946,39.165817],[-84.702827,39.166849]]]}},{"type":"Feature","properties":{"pid":"057000400388"},"geometry":{"type":"Polygon","coordinates":[[[-84.701471,39.165997],[-84.701715,39.165924],[-84.702275,39.166817],[-84.701763,39.166787],[-84.701471,39.165997]]]}},{"type":"Feature","properties":{"pid":"057000400389"},"geometry":{"type":"Polygon","coordinates":[[[-84.701763,39.166787],[-84.701409,39.166768],[-84.701213,39.166084],[-84.701313,39.166028],[-84.701471,39.165997],[-84.701763,39.166787]]]}},{"type":"Feature","properties":{"pid":"057000400392"},"geometry":{"type":"Polygon","coordinates":[[[-84.700553,39.165942],[-84.700625,39.165704],[-84.70073,39.165369],[-84.701086,39.165888],[-84.701014,39.165974],[-84.700553,39.165942]]]}},{"type":"Feature","properties":{"pid":"057000400393"},"geometry":{"type":"Polygon","coordinates":[[[-84.701176,39.165309],[-84.70134,39.165882],[-84.701296,39.165889],[-84.701086,39.165888],[-84.70073,39.165369],[-84.701176,39.165309]]]}},{"type":"Feature","properties":{"pid":"057000400394"},"geometry":{"type":"Polygon","coordinates":[[[-84.701344,39.165881],[-84.701176,39.165309],[-84.701328,39.165288],[-84.701661,39.165791],[-84.701344,39.165881]]]}},{"type":"Feature","properties":{"pid":"057000400395"},"geometry":{"type":"Polygon","coordinates":[[[-84.701922,39.165664],[-84.701661,39.165791],[-84.701328,39.165288],[-84.701573,39.165255],[-84.701922,39.165664]]]}},{"type":"Feature","properties":{"pid":"057000400396"},"geometry":{"type":"Polygon","coordinates":[[[-84.702157,39.165543],[-84.701922,39.165664],[-84.701573,39.165255],[-84.701875,39.165213],[-84.702157,39.165543]]]}},{"type":"Feature","properties":{"pid":"057000400397"},"geometry":{"type":"Polygon","coordinates":[[[-84.702392,39.165424],[-84.702157,39.165543],[-84.701875,39.165213],[-84.702112,39.165092],[-84.702392,39.165424]]]}},{"type":"Feature","properties":{"pid":"063003000204"},"geometry":{"type":"Polygon","coordinates":[[[-84.802455,39.161407],[-84.801822,39.161405],[-84.801821,39.160582],[-84.802508,39.16059],[-84.802455,39.161407]]]}},{"type":"Feature","properties":{"pid":"057001030118"},"geometry":{"type":"Polygon","coordinates":[[[-84.720102,39.155603],[-84.719738,39.155986],[-84.719314,39.155739],[-84.719324,39.155582],[-84.720102,39.155603]]]}},{"type":"Feature","properties":{"pid":"057000900002"},"geometry":{"type":"Polygon","coordinates":[[[-84.723103,39.151799],[-84.723684,39.151023],[-84.72385,39.151101],[-84.723256,39.151877],[-84.722069,39.152796],[-84.72147,39.153044],[-84.721148,39.153096],[-84.71983,39.152789],[-84.719462,39.152826],[-84.718596,39.153148],[-84.717891,39.153576],[-84.717669,39.153785],[-84.716959,39.155046],[-84.716842,39.15504],[-84.71687,39.154978],[-84.715252,39.154878],[-84.71614,39.154832],[-84.716423,39.154758],[-84.716654,39.154647],[-84.717006,39.154306],[-84.717392,39.153605],[-84.717648,39.153366],[-84.718391,39.152927],[-84.719319,39.15259],[-84.719732,39.152567],[-84.720653,39.152845],[-84.721085,39.152864],[-84.721503,39.152801],[-84.72206,39.152566],[-84.723103,39.151799]]]}},{"type":"Feature","properties":{"pid":"057001020141"},"geometry":{"type":"Polygon","coordinates":[[[-84.705842,39.164194],[-84.706791,39.164368],[-84.707315,39.164981],[-84.705332,39.164954],[-84.705429,39.163846],[-84.70587,39.163857],[-84.705842,39.164194]]]}},{"type":"Feature","properties":{"pid":"057001020142"},"geometry":{"type":"Polygon","coordinates":[[[-84.707933,39.16499],[-84.707315,39.164981],[-84.706791,39.164368],[-84.705842,39.164194],[-84.70587,39.163857],[-84.705429,39.163846],[-84.705433,39.163795],[-84.707323,39.163571],[-84.708055,39.163612],[-84.707933,39.16499]]]}},{"type":"Feature","properties":{"pid":"057000400009"},"geometry":{"type":"Polygon","coordinates":[[[-84.700086,39.161642],[-84.700114,39.161373],[-84.701199,39.161426],[-84.701143,39.161695],[-84.700086,39.161642]]]}},{"type":"Feature","properties":{"pid":"057000400075"},"geometry":{"type":"Polygon","coordinates":[[[-84.699992,39.162402],[-84.699444,39.161862],[-84.699682,39.161725],[-84.700295,39.162232],[-84.699992,39.162402]]]}},{"type":"Feature","properties":{"pid":"057000400076"},"geometry":{"type":"Polygon","coordinates":[[[-84.699752,39.162535],[-84.699749,39.162599],[-84.699204,39.162],[-84.699444,39.161862],[-84.699992,39.162402],[-84.699752,39.162535]]]}},{"type":"Feature","properties":{"pid":"057000400079"},"geometry":{"type":"Polygon","coordinates":[[[-84.700295,39.162232],[-84.699682,39.161725],[-84.699924,39.161585],[-84.700591,39.162066],[-84.700295,39.162232]]]}},{"type":"Feature","properties":{"pid":"057000400081"},"geometry":{"type":"Polygon","coordinates":[[[-84.700591,39.162066],[-84.700513,39.16201],[-84.699924,39.161585],[-84.700103,39.161483],[-84.700086,39.161642],[-84.701143,39.161695],[-84.701128,39.161766],[-84.700591,39.162066]]]}},{"type":"Feature","properties":{"pid":"057000400083"},"geometry":{"type":"Polygon","coordinates":[[[-84.702308,39.161411],[-84.701217,39.161357],[-84.701246,39.161182],[-84.702325,39.161237],[-84.702308,39.161411]]]}},{"type":"Feature","properties":{"pid":"057000400090"},"geometry":{"type":"Polygon","coordinates":[[[-84.70126,39.161103],[-84.701199,39.161426],[-84.700114,39.161373],[-84.700127,39.161245],[-84.70126,39.161103]]]}},{"type":"Feature","properties":{"pid":"057000400095"},"geometry":{"type":"Polygon","coordinates":[[[-84.702347,39.160994],[-84.702826,39.161019],[-84.702793,39.161436],[-84.702308,39.161411],[-84.702347,39.160994]]]}},{"type":"Feature","properties":{"pid":"057000400096"},"geometry":{"type":"Polygon","coordinates":[[[-84.704817,39.161537],[-84.704411,39.161517],[-84.704454,39.161101],[-84.704855,39.161122],[-84.704817,39.161537]]]}},{"type":"Feature","properties":{"pid":"057000400097"},"geometry":{"type":"Polygon","coordinates":[[[-84.705633,39.161578],[-84.705218,39.161557],[-84.705262,39.161143],[-84.705675,39.161164],[-84.705633,39.161578]]]}},{"type":"Feature","properties":{"pid":"057000400098"},"geometry":{"type":"Polygon","coordinates":[[[-84.703195,39.161456],[-84.702793,39.161436],[-84.702826,39.161019],[-84.703233,39.161039],[-84.703195,39.161456]]]}},{"type":"Feature","properties":{"pid":"057000400099"},"geometry":{"type":"Polygon","coordinates":[[[-84.703598,39.161476],[-84.703195,39.161456],[-84.703233,39.161039],[-84.703635,39.16106],[-84.703598,39.161476]]]}},{"type":"Feature","properties":{"pid":"057000400100"},"geometry":{"type":"Polygon","coordinates":[[[-84.704041,39.16108],[-84.704001,39.161496],[-84.703598,39.161476],[-84.703635,39.16106],[-84.704041,39.16108]]]}},{"type":"Feature","properties":{"pid":"057000400107"},"geometry":{"type":"Polygon","coordinates":[[[-84.704411,39.161517],[-84.704001,39.161496],[-84.704041,39.16108],[-84.704454,39.161101],[-84.704411,39.161517]]]}},{"type":"Feature","properties":{"pid":"057000400108"},"geometry":{"type":"Polygon","coordinates":[[[-84.704817,39.161537],[-84.704855,39.161122],[-84.705262,39.161143],[-84.705218,39.161557],[-84.704817,39.161537]]]}},{"type":"Feature","properties":{"pid":"057000400177"},"geometry":{"type":"Polygon","coordinates":[[[-84.699802,39.163332],[-84.700432,39.163359],[-84.700424,39.163471],[-84.700189,39.163568],[-84.699786,39.163551],[-84.699802,39.163332]]]}},{"type":"Feature","properties":{"pid":"057000400178"},"geometry":{"type":"Polygon","coordinates":[[[-84.700432,39.163359],[-84.699802,39.163332],[-84.699817,39.163113],[-84.700448,39.16314],[-84.700432,39.163359]]]}},{"type":"Feature","properties":{"pid":"057000400179"},"geometry":{"type":"Polygon","coordinates":[[[-84.700448,39.16314],[-84.699817,39.163113],[-84.699833,39.162893],[-84.700464,39.16292],[-84.700448,39.16314]]]}},{"type":"Feature","properties":{"pid":"057000400180"},"geometry":{"type":"Polygon","coordinates":[[[-84.699916,39.162598],[-84.700474,39.162785],[-84.700464,39.16292],[-84.699833,39.162893],[-84.699916,39.162598]]]}},{"type":"Feature","properties":{"pid":"057000400181"},"geometry":{"type":"Polygon","coordinates":[[[-84.700474,39.162785],[-84.699916,39.162598],[-84.700248,39.162359],[-84.700555,39.162695],[-84.700478,39.162738],[-84.700474,39.162785]]]}},{"type":"Feature","properties":{"pid":"057000400182"},"geometry":{"type":"Polygon","coordinates":[[[-84.700478,39.162232],[-84.700785,39.162567],[-84.700555,39.162695],[-84.700248,39.162359],[-84.700478,39.162232]]]}},{"type":"Feature","properties":{"pid":"057000400183"},"geometry":{"type":"Polygon","coordinates":[[[-84.701015,39.16244],[-84.700785,39.162567],[-84.700478,39.162232],[-84.700707,39.162104],[-84.701015,39.16244]]]}},{"type":"Feature","properties":{"pid":"057000400184"},"geometry":{"type":"Polygon","coordinates":[[[-84.701245,39.162313],[-84.701015,39.16244],[-84.700707,39.162104],[-84.700937,39.161977],[-84.701245,39.162313]]]}},{"type":"Feature","properties":{"pid":"057000400185"},"geometry":{"type":"Polygon","coordinates":[[[-84.701475,39.162185],[-84.701245,39.162313],[-84.700937,39.161977],[-84.701167,39.161849],[-84.701475,39.162185]]]}},{"type":"Feature","properties":{"pid":"057000400186"},"geometry":{"type":"Polygon","coordinates":[[[-84.701475,39.162185],[-84.701167,39.161849],[-84.701239,39.161743],[-84.701715,39.161802],[-84.701687,39.162068],[-84.701475,39.162185]]]}},{"type":"Feature","properties":{"pid":"057000400187"},"geometry":{"type":"Polygon","coordinates":[[[-84.701715,39.161802],[-84.701239,39.161743],[-84.701291,39.161515],[-84.701738,39.16152],[-84.701715,39.161802]]]}},{"type":"Feature","properties":{"pid":"057000400201"},"geometry":{"type":"Polygon","coordinates":[[[-84.702356,39.163414],[-84.702339,39.163632],[-84.701987,39.163616],[-84.701851,39.163541],[-84.701863,39.16339],[-84.702356,39.163414]]]}},{"type":"Feature","properties":{"pid":"057000400209"},"geometry":{"type":"Polygon","coordinates":[[[-84.701613,39.162993],[-84.701332,39.162969],[-84.70139,39.162232],[-84.701687,39.162068],[-84.701613,39.162993]]]}},{"type":"Feature","properties":{"pid":"057000400210"},"geometry":{"type":"Polygon","coordinates":[[[-84.701894,39.163007],[-84.701613,39.162993],[-84.701687,39.162068],[-84.701912,39.161944],[-84.701979,39.161947],[-84.701894,39.163007]]]}},{"type":"Feature","properties":{"pid":"057000400214"},"geometry":{"type":"Polygon","coordinates":[[[-84.702527,39.16235],[-84.702404,39.162399],[-84.701962,39.16217],[-84.701979,39.161947],[-84.702548,39.161974],[-84.702527,39.16235]]]}},{"type":"Feature","properties":{"pid":"057000400215"},"geometry":{"type":"Polygon","coordinates":[[[-84.702548,39.161974],[-84.703182,39.162006],[-84.70317,39.162151],[-84.702642,39.162402],[-84.702527,39.16235],[-84.702548,39.161974]]]}},{"type":"Feature","properties":{"pid":"057000400216"},"geometry":{"type":"Polygon","coordinates":[[[-84.703136,39.162572],[-84.702616,39.162546],[-84.702662,39.162467],[-84.702642,39.162402],[-84.70317,39.162151],[-84.703136,39.162572]]]}},{"type":"Feature","properties":{"pid":"057000400203"},"geometry":{"type":"Polygon","coordinates":[[[-84.701851,39.163541],[-84.70157,39.163527],[-84.701602,39.16313],[-84.701883,39.163144],[-84.701851,39.163541]]]}},{"type":"Feature","properties":{"pid":"057000400217"},"geometry":{"type":"Polygon","coordinates":[[[-84.703119,39.162791],[-84.702585,39.162765],[-84.702616,39.162546],[-84.703136,39.162572],[-84.703119,39.162791]]]}},{"type":"Feature","properties":{"pid":"057000400204"},"geometry":{"type":"Polygon","coordinates":[[[-84.701319,39.163126],[-84.701602,39.16313],[-84.70157,39.163527],[-84.701288,39.163514],[-84.701319,39.163126]]]}},{"type":"Feature","properties":{"pid":"057000400218"},"geometry":{"type":"Polygon","coordinates":[[[-84.703101,39.16301],[-84.702568,39.162984],[-84.702585,39.162765],[-84.703119,39.162791],[-84.703101,39.16301]]]}},{"type":"Feature","properties":{"pid":"057000400205"},"geometry":{"type":"Polygon","coordinates":[[[-84.701288,39.163514],[-84.700764,39.163488],[-84.701132,39.163129],[-84.701319,39.163126],[-84.701288,39.163514]]]}},{"type":"Feature","properties":{"pid":"057000400206"},"geometry":{"type":"Polygon","coordinates":[[[-84.700424,39.163471],[-84.700458,39.163006],[-84.701079,39.163036],[-84.701132,39.163129],[-84.700764,39.163488],[-84.700424,39.163471]]]}},{"type":"Feature","properties":{"pid":"057000400207"},"geometry":{"type":"Polygon","coordinates":[[[-84.701146,39.162949],[-84.701079,39.163036],[-84.700458,39.163006],[-84.700478,39.162738],[-84.700828,39.162543],[-84.701146,39.162949]]]}},{"type":"Feature","properties":{"pid":"057000400208"},"geometry":{"type":"Polygon","coordinates":[[[-84.701309,39.162957],[-84.701146,39.162949],[-84.700828,39.162543],[-84.70139,39.162232],[-84.701309,39.162957]]]}},{"type":"Feature","properties":{"pid":"057300080013"},"geometry":{"type":"Polygon","coordinates":[[[-84.730036,39.14568],[-84.72983,39.145947],[-84.729841,39.145595],[-84.730036,39.14568]]]}},{"type":"Feature","properties":{"pid":"057300080102"},"geometry":{"type":"Polygon","coordinates":[[[-84.726097,39.146401],[-84.726921,39.146449],[-84.726841,39.147284],[-84.726397,39.147512],[-84.725952,39.14782],[-84.726097,39.146401]]]}},{"type":"Feature","properties":{"pid":"057300080106"},"geometry":{"type":"Polygon","coordinates":[[[-84.726672,39.144418],[-84.726894,39.144106],[-84.727081,39.144183],[-84.726857,39.144498],[-84.726672,39.144418]]]}},{"type":"Feature","properties":{"pid":"057300080107"},"geometry":{"type":"Polygon","coordinates":[[[-84.726496,39.144343],[-84.726693,39.144065],[-84.726834,39.144123],[-84.726635,39.144402],[-84.726496,39.144343]]]}},{"type":"Feature","properties":{"pid":"057001700006"},"geometry":{"type":"Polygon","coordinates":[[[-84.757936,39.157166],[-84.758187,39.157246],[-84.758177,39.157347],[-84.757928,39.157287],[-84.757936,39.157166]]]}},{"type":"Feature","properties":{"pid":"057001700072"},"geometry":{"type":"Polygon","coordinates":[[[-84.758177,39.157347],[-84.758112,39.157988],[-84.758104,39.158072],[-84.757879,39.158018],[-84.757928,39.157287],[-84.758177,39.157347]]]}},{"type":"Feature","properties":{"pid":"057000400219"},"geometry":{"type":"Polygon","coordinates":[[[-84.703101,39.16301],[-84.703084,39.163229],[-84.70255,39.163203],[-84.702568,39.162984],[-84.703101,39.16301]]]}},{"type":"Feature","properties":{"pid":"057000400220"},"geometry":{"type":"Polygon","coordinates":[[[-84.703066,39.163449],[-84.702533,39.163423],[-84.70255,39.163203],[-84.703084,39.163229],[-84.703066,39.163449]]]}},{"type":"Feature","properties":{"pid":"057000400221"},"geometry":{"type":"Polygon","coordinates":[[[-84.702902,39.163661],[-84.702515,39.163642],[-84.702533,39.163423],[-84.703066,39.163449],[-84.703056,39.163572],[-84.702902,39.163661]]]}},{"type":"Feature","properties":{"pid":"057000400252"},"geometry":{"type":"Polygon","coordinates":[[[-84.704449,39.162069],[-84.704168,39.162054],[-84.704202,39.161644],[-84.704483,39.161658],[-84.704449,39.162069]]]}},{"type":"Feature","properties":{"pid":"057000400255"},"geometry":{"type":"Polygon","coordinates":[[[-84.703393,39.162016],[-84.703112,39.162003],[-84.703146,39.161591],[-84.703427,39.161605],[-84.703393,39.162016]]]}},{"type":"Feature","properties":{"pid":"057000400256"},"geometry":{"type":"Polygon","coordinates":[[[-84.702864,39.161577],[-84.703146,39.161591],[-84.703112,39.162003],[-84.70283,39.161989],[-84.702864,39.161577]]]}},{"type":"Feature","properties":{"pid":"057000400257"},"geometry":{"type":"Polygon","coordinates":[[[-84.70283,39.161989],[-84.702548,39.161974],[-84.702583,39.161563],[-84.702864,39.161577],[-84.70283,39.161989]]]}},{"type":"Feature","properties":{"pid":"057000400258"},"geometry":{"type":"Polygon","coordinates":[[[-84.702548,39.161974],[-84.702267,39.161961],[-84.702301,39.161549],[-84.702583,39.161563],[-84.702548,39.161974]]]}},{"type":"Feature","properties":{"pid":"057000400259"},"geometry":{"type":"Polygon","coordinates":[[[-84.702267,39.161961],[-84.701979,39.161947],[-84.702019,39.161535],[-84.702301,39.161549],[-84.702267,39.161961]]]}},{"type":"Feature","properties":{"pid":"057000400260"},"geometry":{"type":"Polygon","coordinates":[[[-84.702019,39.161535],[-84.701979,39.161947],[-84.701912,39.161944],[-84.701687,39.162068],[-84.701738,39.16152],[-84.702019,39.161535]]]}},{"type":"Feature","properties":{"pid":"057000400303"},"geometry":{"type":"Polygon","coordinates":[[[-84.703056,39.163572],[-84.703076,39.163321],[-84.703587,39.163346],[-84.703577,39.163562],[-84.703056,39.163572]]]}},{"type":"Feature","properties":{"pid":"057000400304"},"geometry":{"type":"Polygon","coordinates":[[[-84.703076,39.163321],[-84.703094,39.163102],[-84.703604,39.163127],[-84.703587,39.163346],[-84.703076,39.163321]]]}},{"type":"Feature","properties":{"pid":"057000400305"},"geometry":{"type":"Polygon","coordinates":[[[-84.703094,39.163102],[-84.703111,39.162883],[-84.703622,39.162908],[-84.703604,39.163127],[-84.703094,39.163102]]]}},{"type":"Feature","properties":{"pid":"057000400306"},"geometry":{"type":"Polygon","coordinates":[[[-84.703111,39.162883],[-84.703129,39.162664],[-84.703639,39.162688],[-84.703622,39.162908],[-84.703111,39.162883]]]}},{"type":"Feature","properties":{"pid":"057000400307"},"geometry":{"type":"Polygon","coordinates":[[[-84.703129,39.162664],[-84.703146,39.162444],[-84.703657,39.162469],[-84.703639,39.162688],[-84.703129,39.162664]]]}},{"type":"Feature","properties":{"pid":"057000400308"},"geometry":{"type":"Polygon","coordinates":[[[-84.703675,39.16225],[-84.703657,39.162469],[-84.703146,39.162444],[-84.703164,39.162225],[-84.703675,39.16225]]]}},{"type":"Feature","properties":{"pid":"057000400309"},"geometry":{"type":"Polygon","coordinates":[[[-84.703164,39.162225],[-84.703182,39.162006],[-84.703692,39.162031],[-84.703675,39.16225],[-84.703164,39.162225]]]}},{"type":"Feature","properties":{"pid":"057000400310"},"geometry":{"type":"Polygon","coordinates":[[[-84.704361,39.162283],[-84.70385,39.162258],[-84.703868,39.16204],[-84.704378,39.162065],[-84.704361,39.162283]]]}},{"type":"Feature","properties":{"pid":"057000400336"},"geometry":{"type":"Polygon","coordinates":[[[-84.704342,39.16252],[-84.704378,39.162065],[-84.704535,39.162073],[-84.704844,39.162505],[-84.704753,39.162597],[-84.704342,39.16252]]]}},{"type":"Feature","properties":{"pid":"057000400339"},"geometry":{"type":"Polygon","coordinates":[[[-84.705526,39.162799],[-84.70502,39.162774],[-84.705112,39.162668],[-84.705107,39.16258],[-84.705556,39.162453],[-84.705526,39.162799]]]}},{"type":"Feature","properties":{"pid":"057000400340"},"geometry":{"type":"Polygon","coordinates":[[[-84.705504,39.163028],[-84.704995,39.163003],[-84.70502,39.162774],[-84.705526,39.162799],[-84.705504,39.163028]]]}},{"type":"Feature","properties":{"pid":"057000400341"},"geometry":{"type":"Polygon","coordinates":[[[-84.705483,39.163247],[-84.704978,39.163223],[-84.704995,39.163003],[-84.705504,39.163028],[-84.705483,39.163247]]]}},{"type":"Feature","properties":{"pid":"057000400342"},"geometry":{"type":"Polygon","coordinates":[[[-84.704966,39.163442],[-84.704978,39.163223],[-84.705483,39.163247],[-84.705462,39.163466],[-84.704966,39.163442]]]}},{"type":"Feature","properties":{"pid":"057001020144"},"geometry":{"type":"Polygon","coordinates":[[[-84.7082,39.161964],[-84.708066,39.163483],[-84.707323,39.163571],[-84.706795,39.163541],[-84.705433,39.163795],[-84.705438,39.163736],[-84.705696,39.163687],[-84.705709,39.163463],[-84.705462,39.163462],[-84.705529,39.162762],[-84.7082,39.161964]]]}},{"type":"Feature","properties":{"pid":"057000400176"},"geometry":{"type":"Polygon","coordinates":[[[-84.699768,39.163803],[-84.699786,39.163551],[-84.700189,39.163568],[-84.700166,39.163855],[-84.699802,39.163839],[-84.699768,39.163803]]]}},{"type":"Feature","properties":{"pid":"057000400193"},"geometry":{"type":"Polygon","coordinates":[[[-84.700166,39.163855],[-84.700189,39.163568],[-84.700424,39.163471],[-84.700515,39.163476],[-84.700482,39.163871],[-84.700166,39.163855]]]}},{"type":"Feature","properties":{"pid":"057000400194"},"geometry":{"type":"Polygon","coordinates":[[[-84.700764,39.163885],[-84.700482,39.163871],[-84.700515,39.163476],[-84.700796,39.16349],[-84.700764,39.163885]]]}},{"type":"Feature","properties":{"pid":"057000400195"},"geometry":{"type":"Polygon","coordinates":[[[-84.701046,39.163899],[-84.700764,39.163885],[-84.700796,39.16349],[-84.701078,39.163503],[-84.701046,39.163899]]]}},{"type":"Feature","properties":{"pid":"057000400196"},"geometry":{"type":"Polygon","coordinates":[[[-84.701377,39.163518],[-84.701345,39.163914],[-84.701046,39.163899],[-84.701078,39.163503],[-84.701377,39.163518]]]}},{"type":"Feature","properties":{"pid":"057000400197"},"geometry":{"type":"Polygon","coordinates":[[[-84.701644,39.163928],[-84.701345,39.163914],[-84.701377,39.163518],[-84.701676,39.163532],[-84.701644,39.163928]]]}},{"type":"Feature","properties":{"pid":"057000400198"},"geometry":{"type":"Polygon","coordinates":[[[-84.701961,39.163944],[-84.701644,39.163928],[-84.701676,39.163532],[-84.701851,39.163541],[-84.701987,39.163616],[-84.701961,39.163944]]]}},{"type":"Feature","properties":{"pid":"057000400199"},"geometry":{"type":"Polygon","coordinates":[[[-84.702314,39.163936],[-84.701961,39.163944],[-84.701987,39.163616],[-84.702339,39.163632],[-84.702314,39.163936]]]}},{"type":"Feature","properties":{"pid":"057000400222"},"geometry":{"type":"Polygon","coordinates":[[[-84.702876,39.16399],[-84.7025,39.163959],[-84.702515,39.163642],[-84.702902,39.163661],[-84.702876,39.16399]]]}},{"type":"Feature","properties":{"pid":"057000400301"},"geometry":{"type":"Polygon","coordinates":[[[-84.703228,39.164007],[-84.702876,39.16399],[-84.702902,39.163661],[-84.703056,39.163572],[-84.703263,39.163568],[-84.703228,39.164007]]]}},{"type":"Feature","properties":{"pid":"057000400319"},"geometry":{"type":"Polygon","coordinates":[[[-84.704877,39.164414],[-84.704634,39.164448],[-84.704553,39.16433],[-84.704501,39.164012],[-84.704774,39.163969],[-84.704877,39.164414]]]}},{"type":"Feature","properties":{"pid":"057000400320"},"geometry":{"type":"Polygon","coordinates":[[[-84.705335,39.164922],[-84.704611,39.164531],[-84.704634,39.164448],[-84.705385,39.164344],[-84.705335,39.164922]]]}},{"type":"Feature","properties":{"pid":"057000400321"},"geometry":{"type":"Polygon","coordinates":[[[-84.704611,39.164531],[-84.705335,39.164922],[-84.7053,39.165324],[-84.704685,39.165289],[-84.70452,39.164576],[-84.704611,39.164531]]]}},{"type":"Feature","properties":{"pid":"057000400331"},"geometry":{"type":"Polygon","coordinates":[[[-84.704843,39.163797],[-84.704504,39.163867],[-84.704428,39.163543],[-84.704789,39.163492],[-84.704843,39.163797]]]}},{"type":"Feature","properties":{"pid":"057000400343"},"geometry":{"type":"Polygon","coordinates":[[[-84.705071,39.163788],[-84.705019,39.16376],[-84.704966,39.163442],[-84.705462,39.163466],[-84.705438,39.163736],[-84.705071,39.163788]]]}},{"type":"Feature","properties":{"pid":"057000400344"},"geometry":{"type":"Polygon","coordinates":[[[-84.705385,39.164344],[-84.705154,39.164376],[-84.705051,39.16393],[-84.705426,39.163877],[-84.705385,39.164344]]]}},{"type":"Feature","properties":{"pid":"057000400345"},"geometry":{"type":"Polygon","coordinates":[[[-84.705154,39.164376],[-84.704877,39.164414],[-84.704774,39.163969],[-84.705051,39.16393],[-84.705154,39.164376]]]}},{"type":"Feature","properties":{"pid":"057000900237"},"geometry":{"type":"Polygon","coordinates":[[[-84.720793,39.147593],[-84.719993,39.147531],[-84.72004,39.147032],[-84.720746,39.147087],[-84.720615,39.146652],[-84.7207,39.146694],[-84.720835,39.147143],[-84.720793,39.147593]]]}},{"type":"Feature","properties":{"pid":"057000900238"},"geometry":{"type":"Polygon","coordinates":[[[-84.720479,39.146268],[-84.720746,39.147087],[-84.72004,39.147032],[-84.720067,39.146739],[-84.719892,39.146594],[-84.720419,39.146252],[-84.720479,39.146268]]]}},{"type":"Feature","properties":{"pid":"057000900240"},"geometry":{"type":"Polygon","coordinates":[[[-84.720271,39.147969],[-84.719358,39.147897],[-84.719447,39.146915],[-84.719507,39.146876],[-84.719467,39.14749],[-84.720327,39.147557],[-84.720271,39.147969]]]}},{"type":"Feature","properties":{"pid":"057000900313"},"geometry":{"type":"Polygon","coordinates":[[[-84.724812,39.145122],[-84.725679,39.14519],[-84.725646,39.145447],[-84.725502,39.14552],[-84.725522,39.145865],[-84.724959,39.145821],[-84.724794,39.145922],[-84.72571,39.147746],[-84.725939,39.147941],[-84.725887,39.147978],[-84.725649,39.147776],[-84.724729,39.145943],[-84.724812,39.145122]]]}},{"type":"Feature","properties":{"pid":"063003000129"},"geometry":{"type":"Polygon","coordinates":[[[-84.803775,39.158446],[-84.803624,39.158521],[-84.803419,39.158265],[-84.80357,39.15819],[-84.803775,39.158446]]]}},{"type":"Feature","properties":{"pid":"063003000130"},"geometry":{"type":"Polygon","coordinates":[[[-84.803922,39.158372],[-84.803777,39.158445],[-84.803911,39.158359],[-84.803922,39.158372]]]}},{"type":"Feature","properties":{"pid":"063003000131"},"geometry":{"type":"Polygon","coordinates":[[[-84.804047,39.158272],[-84.804069,39.158299],[-84.803922,39.158372],[-84.803911,39.158359],[-84.804047,39.158272]]]}},{"type":"Feature","properties":{"pid":"063003000132"},"geometry":{"type":"Polygon","coordinates":[[[-84.804069,39.158299],[-84.804047,39.158272],[-84.804188,39.158182],[-84.804221,39.158223],[-84.804069,39.158299]]]}},{"type":"Feature","properties":{"pid":"063003000133"},"geometry":{"type":"Polygon","coordinates":[[[-84.804221,39.158223],[-84.804188,39.158182],[-84.804327,39.158091],[-84.804373,39.158146],[-84.804221,39.158223]]]}},{"type":"Feature","properties":{"pid":"063003000135"},"geometry":{"type":"Polygon","coordinates":[[[-84.804331,39.158089],[-84.804675,39.157872],[-84.804724,39.157971],[-84.804373,39.158146],[-84.804331,39.158089]]]}},{"type":"Feature","properties":{"pid":"063002100014"},"geometry":{"type":"Polygon","coordinates":[[[-84.801822,39.161405],[-84.800763,39.161409],[-84.800759,39.160588],[-84.801821,39.160582],[-84.801822,39.161405]]]}},{"type":"Feature","properties":{"pid":"057300080171"},"geometry":{"type":"Polygon","coordinates":[[[-84.727465,39.146425],[-84.727549,39.145495],[-84.728035,39.145596],[-84.727973,39.146279],[-84.727833,39.146272],[-84.727817,39.146446],[-84.727465,39.146425]]]}},{"type":"Feature","properties":{"pid":"063002100017"},"geometry":{"type":"Polygon","coordinates":[[[-84.801622,39.160581],[-84.801169,39.160587],[-84.801168,39.160225],[-84.801622,39.160074],[-84.801622,39.160581]]]}},{"type":"Feature","properties":{"pid":"063003000139"},"geometry":{"type":"Polygon","coordinates":[[[-84.802228,39.158683],[-84.801816,39.158675],[-84.801816,39.158645],[-84.802067,39.158504],[-84.802228,39.158683]]]}},{"type":"Feature","properties":{"pid":"057300040119"},"geometry":{"type":"Polygon","coordinates":[[[-84.746863,39.150216],[-84.747039,39.150223],[-84.747013,39.150523],[-84.746837,39.150516],[-84.746863,39.150216]]]}},{"type":"Feature","properties":{"pid":"057300040176"},"geometry":{"type":"Polygon","coordinates":[[[-84.746863,39.150216],[-84.746879,39.15002],[-84.747045,39.150145],[-84.747039,39.150223],[-84.746863,39.150216]]]}},{"type":"Feature","properties":{"pid":"063003000015"},"geometry":{"type":"Polygon","coordinates":[[[-84.806686,39.160044],[-84.80669,39.159678],[-84.806921,39.159678],[-84.806918,39.160044],[-84.806686,39.160044]]]}},{"type":"Feature","properties":{"pid":"057300080006"},"geometry":{"type":"Polygon","coordinates":[[[-84.731378,39.146304],[-84.731541,39.145992],[-84.73189,39.146103],[-84.731889,39.146192],[-84.731684,39.14629],[-84.731378,39.146304]]]}},{"type":"Feature","properties":{"pid":"057300090100"},"geometry":{"type":"Polygon","coordinates":[[[-84.733753,39.147853],[-84.732841,39.147604],[-84.733299,39.146661],[-84.734186,39.146942],[-84.733753,39.147853]]]}},{"type":"Feature","properties":{"pid":"057300040117"},"geometry":{"type":"Polygon","coordinates":[[[-84.747013,39.150523],[-84.747039,39.150223],[-84.747092,39.15018],[-84.747339,39.150366],[-84.747252,39.150362],[-84.74721,39.150531],[-84.747013,39.150523]]]}},{"type":"Feature","properties":{"pid":"057300040121"},"geometry":{"type":"Polygon","coordinates":[[[-84.746805,39.149965],[-84.746879,39.15002],[-84.74686,39.150246],[-84.746684,39.150235],[-84.746708,39.149961],[-84.746805,39.149965]]]}},{"type":"Feature","properties":{"pid":"057300040166"},"geometry":{"type":"Polygon","coordinates":[[[-84.746837,39.150516],[-84.746661,39.150509],[-84.746684,39.150235],[-84.74686,39.150246],[-84.746837,39.150516]]]}},{"type":"Feature","properties":{"pid":"057300090084"},"geometry":{"type":"Polygon","coordinates":[[[-84.728607,39.147402],[-84.728478,39.147342],[-84.728536,39.146811],[-84.729213,39.146689],[-84.72938,39.147262],[-84.72885,39.147304],[-84.728607,39.147402]]]}},{"type":"Feature","properties":{"pid":"057300090070"},"geometry":{"type":"Polygon","coordinates":[[[-84.730255,39.147762],[-84.730198,39.147608],[-84.730241,39.147372],[-84.730894,39.146411],[-84.731172,39.146413],[-84.730255,39.147762]]]}},{"type":"Feature","properties":{"pid":"057300050087"},"geometry":{"type":"Polygon","coordinates":[[[-84.743441,39.155878],[-84.742023,39.15514],[-84.742047,39.154839],[-84.743568,39.155631],[-84.743548,39.155653],[-84.743907,39.155837],[-84.743905,39.155869],[-84.743587,39.155707],[-84.743441,39.155878]]]}},{"type":"Feature","properties":{"pid":"057300110021"},"geometry":{"type":"Polygon","coordinates":[[[-84.730786,39.15455],[-84.730951,39.154455],[-84.731405,39.154395],[-84.733168,39.15436],[-84.734124,39.154462],[-84.734339,39.154442],[-84.73436,39.154518],[-84.73456,39.15465],[-84.734779,39.154902],[-84.734991,39.155016],[-84.735062,39.155118],[-84.73497,39.15615],[-84.728513,39.155753],[-84.728279,39.15512],[-84.729338,39.154747],[-84.730786,39.15455]]]}},{"type":"Feature","properties":{"pid":"057300070002"},"geometry":{"type":"Polygon","coordinates":[[[-84.731703,39.152626],[-84.732734,39.152808],[-84.734948,39.152816],[-84.737487,39.153639],[-84.737622,39.153467],[-84.738538,39.153932],[-84.738266,39.154071],[-84.738025,39.154125],[-84.737036,39.15404],[-84.736327,39.154182],[-84.736221,39.153887],[-84.735678,39.1538],[-84.734768,39.153754],[-84.734672,39.154283],[-84.734458,39.154288],[-84.734558,39.153743],[-84.733229,39.153676],[-84.730566,39.153711],[-84.728622,39.154069],[-84.728041,39.154465],[-84.728513,39.155753],[-84.725281,39.155538],[-84.72582,39.149319],[-84.727274,39.149464],[-84.727328,39.149137],[-84.727718,39.148903],[-84.728419,39.149615],[-84.728558,39.149832],[-84.728627,39.150068],[-84.728624,39.15031],[-84.728527,39.150671],[-84.728256,39.151172],[-84.72792,39.15152],[-84.727169,39.152083],[-84.727135,39.15219],[-84.727236,39.152294],[-84.727195,39.152361],[-84.726953,39.152507],[-84.726377,39.153064],[-84.726207,39.153359],[-84.727284,39.153794],[-84.73037,39.152855],[-84.731703,39.152626]]]}},{"type":"Feature","properties":{"pid":"057300100027"},"geometry":{"type":"Polygon","coordinates":[[[-84.738789,39.15207],[-84.738964,39.151974],[-84.739848,39.152519],[-84.739626,39.152741],[-84.73953,39.152975],[-84.739061,39.152795],[-84.738884,39.152493],[-84.738789,39.15207]]]}},{"type":"Feature","properties":{"pid":"057300100028"},"geometry":{"type":"Polygon","coordinates":[[[-84.738789,39.15207],[-84.738964,39.151974],[-84.739848,39.152519],[-84.739626,39.152741],[-84.73953,39.152975],[-84.739061,39.152795],[-84.738884,39.152493],[-84.738789,39.15207]]]}},{"type":"Feature","properties":{"pid":"057300100055"},"geometry":{"type":"Polygon","coordinates":[[[-84.739061,39.152795],[-84.73953,39.152975],[-84.739429,39.153252],[-84.739162,39.153463],[-84.738623,39.153168],[-84.739061,39.152795]]]}},{"type":"Feature","properties":{"pid":"057300080008"},"geometry":{"type":"Polygon","coordinates":[[[-84.730778,39.146054],[-84.730915,39.145794],[-84.731078,39.145845],[-84.730941,39.146107],[-84.730778,39.146054]]]}},{"type":"Feature","properties":{"pid":"063003000136"},"geometry":{"type":"Polygon","coordinates":[[[-84.804796,39.158115],[-84.804573,39.158519],[-84.804004,39.158636],[-84.80337,39.158648],[-84.804724,39.157971],[-84.804796,39.158115]]]}},{"type":"Feature","properties":{"pid":"057300090072"},"geometry":{"type":"Polygon","coordinates":[[[-84.729213,39.146689],[-84.729969,39.146513],[-84.730084,39.147304],[-84.729989,39.147354],[-84.72965,39.147241],[-84.72938,39.147262],[-84.729213,39.146689]]]}},{"type":"Feature","properties":{"pid":"057300080153"},"geometry":{"type":"Polygon","coordinates":[[[-84.731378,39.146304],[-84.731044,39.146302],[-84.731215,39.145977],[-84.731501,39.146069],[-84.731378,39.146304]]]}},{"type":"Feature","properties":{"pid":"057300090069"},"geometry":{"type":"Polygon","coordinates":[[[-84.730516,39.147789],[-84.730255,39.147762],[-84.731172,39.146413],[-84.731449,39.146415],[-84.730516,39.147789]]]}},{"type":"Feature","properties":{"pid":"057300090086"},"geometry":{"type":"Polygon","coordinates":[[[-84.728325,39.147432],[-84.728194,39.147567],[-84.727505,39.147161],[-84.727913,39.146959],[-84.728325,39.147432]]]}},{"type":"Feature","properties":{"pid":"057300050084"},"geometry":{"type":"Polygon","coordinates":[[[-84.743807,39.155449],[-84.743626,39.155661],[-84.743909,39.155806],[-84.743907,39.155837],[-84.742047,39.154839],[-84.742073,39.154522],[-84.743807,39.155449]]]}},{"type":"Feature","properties":{"pid":"057300080166"},"geometry":{"type":"Polygon","coordinates":[[[-84.73246,39.147305],[-84.731765,39.147074],[-84.731889,39.146196],[-84.732846,39.146514],[-84.73246,39.147305]]]}},{"type":"Feature","properties":{"pid":"057300080154"},"geometry":{"type":"Polygon","coordinates":[[[-84.730839,39.1463],[-84.731038,39.145921],[-84.731215,39.145977],[-84.731044,39.146302],[-84.730839,39.1463]]]}},{"type":"Feature","properties":{"pid":"057300090085"},"geometry":{"type":"Polygon","coordinates":[[[-84.727924,39.146971],[-84.728536,39.146811],[-84.728478,39.147342],[-84.728325,39.147432],[-84.727924,39.146971]]]}},{"type":"Feature","properties":{"pid":"057300090071"},"geometry":{"type":"Polygon","coordinates":[[[-84.730241,39.147372],[-84.730178,39.147316],[-84.730084,39.147304],[-84.729969,39.146513],[-84.73035,39.146417],[-84.730894,39.146411],[-84.730241,39.147372]]]}},{"type":"Feature","properties":{"pid":"057300090068"},"geometry":{"type":"Polygon","coordinates":[[[-84.730806,39.147833],[-84.730516,39.147789],[-84.731449,39.146415],[-84.731703,39.146401],[-84.73187,39.146332],[-84.731765,39.147074],[-84.731402,39.146925],[-84.730806,39.147833]]]}},{"type":"Feature","properties":{"pid":"057300050068"},"geometry":{"type":"Polygon","coordinates":[[[-84.742902,39.156441],[-84.743103,39.15635],[-84.743489,39.156553],[-84.743242,39.15667],[-84.743072,39.15666],[-84.742902,39.156441]]]}},{"type":"Feature","properties":{"pid":"057300050072"},"geometry":{"type":"Polygon","coordinates":[[[-84.742753,39.156115],[-84.743156,39.156325],[-84.742499,39.156623],[-84.741902,39.156583],[-84.741981,39.155663],[-84.742782,39.15608],[-84.742753,39.156115]]]}},{"type":"Feature","properties":{"pid":"057002600018"},"geometry":{"type":"Polygon","coordinates":[[[-84.794972,39.119834],[-84.7931,39.119418],[-84.791011,39.119039],[-84.790998,39.118856],[-84.792507,39.119153],[-84.794972,39.119834]]]}},{"type":"Feature","properties":{"pid":"057300090056"},"geometry":{"type":"Polygon","coordinates":[[[-84.730348,39.148723],[-84.730064,39.148975],[-84.729211,39.148743],[-84.729641,39.148291],[-84.729903,39.148167],[-84.730348,39.148723]]]}},{"type":"Feature","properties":{"pid":"063003000071"},"geometry":{"type":"Polygon","coordinates":[[[-84.805065,39.159318],[-84.805068,39.159132],[-84.805533,39.159132],[-84.805531,39.159317],[-84.805065,39.159318]]]}},{"type":"Feature","properties":{"pid":"063003000072"},"geometry":{"type":"Polygon","coordinates":[[[-84.805062,39.159504],[-84.805065,39.159318],[-84.805531,39.159317],[-84.80553,39.159504],[-84.805062,39.159504]]]}},{"type":"Feature","properties":{"pid":"063003000073"},"geometry":{"type":"Polygon","coordinates":[[[-84.805055,39.159857],[-84.805057,39.159682],[-84.805531,39.159682],[-84.805531,39.159857],[-84.805055,39.159857]]]}},{"type":"Feature","properties":{"pid":"063003000076"},"geometry":{"type":"Polygon","coordinates":[[[-84.805045,39.160462],[-84.805049,39.160266],[-84.805528,39.160266],[-84.805526,39.160458],[-84.805045,39.160462]]]}},{"type":"Feature","properties":{"pid":"063003000077"},"geometry":{"type":"Polygon","coordinates":[[[-84.805039,39.160818],[-84.805037,39.160641],[-84.805513,39.160639],[-84.805517,39.16082],[-84.805039,39.160818]]]}},{"type":"Feature","properties":{"pid":"063003000078"},"geometry":{"type":"Polygon","coordinates":[[[-84.805041,39.161005],[-84.805039,39.160818],[-84.805517,39.16082],[-84.805521,39.161006],[-84.805041,39.161005]]]}},{"type":"Feature","properties":{"pid":"063003000083"},"geometry":{"type":"Polygon","coordinates":[[[-84.805521,39.161006],[-84.805517,39.16082],[-84.805982,39.160822],[-84.805984,39.161007],[-84.805521,39.161006]]]}},{"type":"Feature","properties":{"pid":"063003000084"},"geometry":{"type":"Polygon","coordinates":[[[-84.805517,39.16082],[-84.805513,39.160639],[-84.80598,39.160637],[-84.805982,39.160822],[-84.805517,39.16082]]]}},{"type":"Feature","properties":{"pid":"063003000085"},"geometry":{"type":"Polygon","coordinates":[[[-84.805526,39.160458],[-84.805528,39.160266],[-84.805981,39.160266],[-84.805976,39.160455],[-84.805526,39.160458]]]}},{"type":"Feature","properties":{"pid":"063003000088"},"geometry":{"type":"Polygon","coordinates":[[[-84.805531,39.159857],[-84.805531,39.159682],[-84.80599,39.159679],[-84.805989,39.159858],[-84.805531,39.159857]]]}},{"type":"Feature","properties":{"pid":"063003000089"},"geometry":{"type":"Polygon","coordinates":[[[-84.80553,39.159504],[-84.805531,39.159317],[-84.805992,39.159316],[-84.805991,39.159503],[-84.80553,39.159504]]]}},{"type":"Feature","properties":{"pid":"063003000090"},"geometry":{"type":"Polygon","coordinates":[[[-84.805531,39.159317],[-84.805533,39.159132],[-84.805993,39.159131],[-84.805992,39.159316],[-84.805531,39.159317]]]}},{"type":"Feature","properties":{"pid":"063003000091"},"geometry":{"type":"Polygon","coordinates":[[[-84.806221,39.159317],[-84.806224,39.159132],[-84.806696,39.159133],[-84.806694,39.159317],[-84.806221,39.159317]]]}},{"type":"Feature","properties":{"pid":"063003000092"},"geometry":{"type":"Polygon","coordinates":[[[-84.806219,39.1595],[-84.806221,39.159317],[-84.806694,39.159317],[-84.806691,39.159499],[-84.806219,39.1595]]]}},{"type":"Feature","properties":{"pid":"063003000093"},"geometry":{"type":"Polygon","coordinates":[[[-84.806688,39.15986],[-84.806216,39.159859],[-84.806217,39.159677],[-84.80669,39.159678],[-84.806688,39.15986]]]}},{"type":"Feature","properties":{"pid":"063003000095"},"geometry":{"type":"Polygon","coordinates":[[[-84.806212,39.160262],[-84.806214,39.160087],[-84.806685,39.16009],[-84.806684,39.160262],[-84.806212,39.160262]]]}},{"type":"Feature","properties":{"pid":"063003000096"},"geometry":{"type":"Polygon","coordinates":[[[-84.806206,39.160452],[-84.806212,39.160262],[-84.806684,39.160262],[-84.806683,39.160446],[-84.806206,39.160452]]]}},{"type":"Feature","properties":{"pid":"063003000099"},"geometry":{"type":"Polygon","coordinates":[[[-84.806218,39.161225],[-84.806215,39.161051],[-84.806685,39.161054],[-84.806686,39.161223],[-84.806218,39.161225]]]}},{"type":"Feature","properties":{"pid":"063003000101"},"geometry":{"type":"Polygon","coordinates":[[[-84.806224,39.159091],[-84.806225,39.158901],[-84.806699,39.158896],[-84.806696,39.159092],[-84.806224,39.159091]]]}},{"type":"Feature","properties":{"pid":"063003000102"},"geometry":{"type":"Polygon","coordinates":[[[-84.805534,39.159094],[-84.805535,39.158908],[-84.805995,39.158903],[-84.805995,39.159093],[-84.805534,39.159094]]]}},{"type":"Feature","properties":{"pid":"063003000103"},"geometry":{"type":"Polygon","coordinates":[[[-84.805066,39.159094],[-84.805066,39.158912],[-84.805535,39.158908],[-84.805534,39.159094],[-84.805066,39.159094]]]}},{"type":"Feature","properties":{"pid":"063003000165"},"geometry":{"type":"Polygon","coordinates":[[[-84.806216,39.159859],[-84.806688,39.15986],[-84.806687,39.15998],[-84.806216,39.159979],[-84.806216,39.159859]]]}},{"type":"Feature","properties":{"pid":"057003000006"},"geometry":{"type":"Polygon","coordinates":[[[-84.810025,39.117069],[-84.810152,39.116384],[-84.811733,39.116485],[-84.811765,39.116691],[-84.810025,39.117069]]]}},{"type":"Feature","properties":{"pid":"057002600004"},"geometry":{"type":"Polygon","coordinates":[[[-84.793862,39.118657],[-84.792049,39.118743],[-84.790987,39.118701],[-84.790983,39.118651],[-84.789891,39.118536],[-84.792365,39.117756],[-84.794886,39.117075],[-84.794742,39.117553],[-84.796061,39.117626],[-84.79492,39.11831],[-84.793862,39.118657]]]}},{"type":"Feature","properties":{"pid":"057002300011"},"geometry":{"type":"Polygon","coordinates":[[[-84.763542,39.152155],[-84.764612,39.152511],[-84.764315,39.153009],[-84.763642,39.152777],[-84.763832,39.152431],[-84.763459,39.152307],[-84.763542,39.152155]]]}},{"type":"Feature","properties":{"pid":"057002300064"},"geometry":{"type":"Polygon","coordinates":[[[-84.763704,39.152209],[-84.763815,39.152007],[-84.764723,39.152309],[-84.764612,39.152511],[-84.763704,39.152209]]]}},{"type":"Feature","properties":{"pid":"057002300066"},"geometry":{"type":"Polygon","coordinates":[[[-84.764284,39.153058],[-84.764253,39.153104],[-84.763889,39.152936],[-84.764284,39.153058]]]}},{"type":"Feature","properties":{"pid":"057002700094"},"geometry":{"type":"Polygon","coordinates":[[[-84.78976,39.134549],[-84.79043,39.134718],[-84.78976,39.136092],[-84.789313,39.135685],[-84.78976,39.134549]]]}},{"type":"Feature","properties":{"pid":"057300010041"},"geometry":{"type":"Polygon","coordinates":[[[-84.75327,39.152919],[-84.753585,39.152561],[-84.754472,39.152113],[-84.755493,39.152812],[-84.755313,39.153168],[-84.754757,39.153544],[-84.753156,39.154146],[-84.752243,39.154136],[-84.752317,39.153046],[-84.752626,39.152737],[-84.75327,39.152919]]]}},{"type":"Feature","properties":{"pid":"057002300083"},"geometry":{"type":"Polygon","coordinates":[[[-84.769459,39.149724],[-84.769843,39.149457],[-84.770547,39.150066],[-84.770163,39.150335],[-84.769459,39.149724]]]}},{"type":"Feature","properties":{"pid":"063003000024"},"geometry":{"type":"Polygon","coordinates":[[[-84.801813,39.158962],[-84.802854,39.1588],[-84.8034,39.158717],[-84.803398,39.158944],[-84.801813,39.159182],[-84.801813,39.158962]]]}},{"type":"Feature","properties":{"pid":"063003000061"},"geometry":{"type":"Polygon","coordinates":[[[-84.804334,39.161413],[-84.804336,39.161225],[-84.804806,39.161234],[-84.804804,39.161416],[-84.804334,39.161413]]]}},{"type":"Feature","properties":{"pid":"063003000062"},"geometry":{"type":"Polygon","coordinates":[[[-84.804806,39.161234],[-84.804336,39.161225],[-84.804338,39.161027],[-84.804807,39.161034],[-84.804806,39.161234]]]}},{"type":"Feature","properties":{"pid":"063003000070"},"geometry":{"type":"Polygon","coordinates":[[[-84.804823,39.159332],[-84.804357,39.159329],[-84.804182,39.158968],[-84.804745,39.158704],[-84.804834,39.158705],[-84.804823,39.159332]]]}},{"type":"Feature","properties":{"pid":"063003000137"},"geometry":{"type":"MultiPolygon","coordinates":[[[[-84.803307,39.158643],[-84.802469,39.15847],[-84.802115,39.158477],[-84.802839,39.158071],[-84.803307,39.158643]]],[[[-84.803348,39.158702],[-84.802228,39.158683],[-84.802081,39.158519],[-84.802504,39.158525],[-84.803348,39.158702]]]]}},{"type":"Feature","properties":{"pid":"063003000166"},"geometry":{"type":"Polygon","coordinates":[[[-84.803379,39.160599],[-84.801622,39.160581],[-84.801622,39.160074],[-84.80285,39.159585],[-84.802992,39.159819],[-84.803389,39.159678],[-84.803379,39.160599]]]}},{"type":"Feature","properties":{"pid":"063003000173"},"geometry":{"type":"Polygon","coordinates":[[[-84.802992,39.159819],[-84.80285,39.159585],[-84.803393,39.159357],[-84.803389,39.159678],[-84.802992,39.159819]]]}},{"type":"Feature","properties":{"pid":"063003000026"},"geometry":{"type":"Polygon","coordinates":[[[-84.804469,39.158702],[-84.804796,39.158115],[-84.804916,39.158348],[-84.804766,39.158704],[-84.804469,39.158702]]]}},{"type":"Feature","properties":{"pid":"063003000140"},"geometry":{"type":"Polygon","coordinates":[[[-84.804573,39.158519],[-84.804469,39.158702],[-84.803303,39.158682],[-84.80337,39.158648],[-84.804004,39.158636],[-84.804573,39.158519]]]}},{"type":"Feature","properties":{"pid":"057300020002"},"geometry":{"type":"Polygon","coordinates":[[[-84.757499,39.14798],[-84.75799,39.147844],[-84.758717,39.148752],[-84.758336,39.149041],[-84.757499,39.14798]]]}},{"type":"Feature","properties":{"pid":"057300020009"},"geometry":{"type":"Polygon","coordinates":[[[-84.756393,39.148186],[-84.757518,39.149586],[-84.75739,39.149678],[-84.75702,39.14974],[-84.755881,39.14832],[-84.756393,39.148186]]]}},{"type":"Feature","properties":{"pid":"057300040114"},"geometry":{"type":"Polygon","coordinates":[[[-84.746993,39.150689],[-84.747169,39.150698],[-84.747148,39.150972],[-84.746972,39.150964],[-84.746993,39.150689]]]}},{"type":"Feature","properties":{"pid":"057002400184"},"geometry":{"type":"Polygon","coordinates":[[[-84.7773,39.14378],[-84.773029,39.14195],[-84.773118,39.141127],[-84.774551,39.141357],[-84.775124,39.142098],[-84.77599,39.141954],[-84.77767,39.143418],[-84.7773,39.14378]]]}},{"type":"Feature","properties":{"pid":"057002400182"},"geometry":{"type":"Polygon","coordinates":[[[-84.778138,39.143236],[-84.777842,39.141855],[-84.778889,39.142004],[-84.778757,39.143319],[-84.778448,39.143239],[-84.778138,39.143236]]]}},{"type":"Feature","properties":{"pid":"057002400183"},"geometry":{"type":"Polygon","coordinates":[[[-84.778138,39.143236],[-84.777916,39.143289],[-84.77767,39.143418],[-84.77599,39.141954],[-84.776305,39.141902],[-84.776911,39.141722],[-84.777842,39.141855],[-84.778138,39.143236]]]}},{"type":"Feature","properties":{"pid":"057002300142"},"geometry":{"type":"Polygon","coordinates":[[[-84.77772,39.143384],[-84.777916,39.143289],[-84.778215,39.143229],[-84.778448,39.143239],[-84.778757,39.143319],[-84.778726,39.143624],[-84.778673,39.143621],[-84.778601,39.144283],[-84.777113,39.144184],[-84.7773,39.14378],[-84.77772,39.143384]]]}},{"type":"Feature","properties":{"pid":"057300040109"},"geometry":{"type":"Polygon","coordinates":[[[-84.746465,39.150665],[-84.746423,39.151213],[-84.746247,39.151205],[-84.746289,39.150657],[-84.746465,39.150665]]]}},{"type":"Feature","properties":{"pid":"057300040116"},"geometry":{"type":"Polygon","coordinates":[[[-84.747345,39.150706],[-84.747653,39.15072],[-84.747831,39.150922],[-84.747503,39.151028],[-84.74745,39.150934],[-84.747323,39.150975],[-84.747345,39.150706]]]}},{"type":"Feature","properties":{"pid":"063003000079"},"geometry":{"type":"Polygon","coordinates":[[[-84.805522,39.161228],[-84.805044,39.16123],[-84.805042,39.161046],[-84.805521,39.161049],[-84.805522,39.161228]]]}},{"type":"Feature","properties":{"pid":"063002900044"},"geometry":{"type":"Polygon","coordinates":[[[-84.80499,39.162284],[-84.803873,39.162291],[-84.803902,39.162043],[-84.804985,39.16205],[-84.80499,39.162284]]]}},{"type":"Feature","properties":{"pid":"057300070139"},"geometry":{"type":"Polygon","coordinates":[[[-84.732997,39.150782],[-84.732634,39.151181],[-84.732416,39.151061],[-84.732046,39.151468],[-84.730863,39.150814],[-84.731042,39.150545],[-84.731606,39.15062],[-84.73194,39.150737],[-84.732616,39.15111],[-84.732943,39.150752],[-84.732997,39.150782]]]}},{"type":"Feature","properties":{"pid":"057300090064"},"geometry":{"type":"Polygon","coordinates":[[[-84.731771,39.150678],[-84.731606,39.15062],[-84.731042,39.150545],[-84.731293,39.150091],[-84.731972,39.150326],[-84.731771,39.150678]]]}},{"type":"Feature","properties":{"pid":"063003000027"},"geometry":{"type":"Polygon","coordinates":[[[-84.804906,39.15836],[-84.804834,39.158705],[-84.804766,39.158704],[-84.804766,39.158704],[-84.804906,39.15836]]]}},{"type":"Feature","properties":{"pid":"063003000138"},"geometry":{"type":"Polygon","coordinates":[[[-84.803535,39.158566],[-84.803307,39.158643],[-84.803208,39.158522],[-84.803535,39.158566]]]}},{"type":"Feature","properties":{"pid":"063003000141"},"geometry":{"type":"Polygon","coordinates":[[[-84.802323,39.158509],[-84.802067,39.158504],[-84.802469,39.15847],[-84.80337,39.158648],[-84.803303,39.158682],[-84.803072,39.158651],[-84.802323,39.158509]]]}},{"type":"Feature","properties":{"pid":"057300070060"},"geometry":{"type":"Polygon","coordinates":[[[-84.729185,39.149852],[-84.728918,39.149938],[-84.728862,39.149831],[-84.729187,39.149726],[-84.729185,39.149852]]]}},{"type":"Feature","properties":{"pid":"057300070063"},"geometry":{"type":"Polygon","coordinates":[[[-84.728961,39.150017],[-84.729185,39.149852],[-84.729273,39.149945],[-84.729063,39.150101],[-84.728961,39.150017]]]}},{"type":"Feature","properties":{"pid":"057300070064"},"geometry":{"type":"Polygon","coordinates":[[[-84.729245,39.150206],[-84.729126,39.150137],[-84.729299,39.149954],[-84.729419,39.149959],[-84.729416,39.150025],[-84.729245,39.150206]]]}},{"type":"Feature","properties":{"pid":"057300070065"},"geometry":{"type":"Polygon","coordinates":[[[-84.729744,39.150098],[-84.729596,39.150102],[-84.729585,39.149851],[-84.729731,39.149812],[-84.729744,39.150098]]]}},{"type":"Feature","properties":{"pid":"057300070066"},"geometry":{"type":"Polygon","coordinates":[[[-84.72957,39.150185],[-84.729422,39.150186],[-84.729419,39.149959],[-84.729565,39.149857],[-84.72957,39.150185]]]}},{"type":"Feature","properties":{"pid":"057300070068"},"geometry":{"type":"Polygon","coordinates":[[[-84.729952,39.150016],[-84.729804,39.150016],[-84.729804,39.149789],[-84.729952,39.149788],[-84.729952,39.150016]]]}},{"type":"Feature","properties":{"pid":"057300070069"},"geometry":{"type":"Polygon","coordinates":[[[-84.73007,39.150139],[-84.729935,39.150092],[-84.730079,39.14984],[-84.730189,39.149931],[-84.73007,39.150139]]]}},{"type":"Feature","properties":{"pid":"057000900113"},"geometry":{"type":"Polygon","coordinates":[[[-84.719017,39.148192],[-84.718236,39.148061],[-84.718305,39.147814],[-84.719183,39.147883],[-84.719017,39.148192]]]}},{"type":"Feature","properties":{"pid":"057000900114"},"geometry":{"type":"Polygon","coordinates":[[[-84.718878,39.14845],[-84.718158,39.148325],[-84.718236,39.148061],[-84.719017,39.148192],[-84.718878,39.14845]]]}},{"type":"Feature","properties":{"pid":"057000900116"},"geometry":{"type":"Polygon","coordinates":[[[-84.717981,39.148843],[-84.718425,39.149],[-84.718064,39.149669],[-84.717536,39.149324],[-84.717981,39.148843]]]}},{"type":"Feature","properties":{"pid":"057000900117"},"geometry":{"type":"Polygon","coordinates":[[[-84.717536,39.149324],[-84.718064,39.149669],[-84.718554,39.149981],[-84.718162,39.15011],[-84.717283,39.149566],[-84.717536,39.149324]]]}},{"type":"Feature","properties":{"pid":"057000900124"},"geometry":{"type":"Polygon","coordinates":[[[-84.718548,39.150698],[-84.718438,39.150649],[-84.718414,39.15003],[-84.718582,39.149973],[-84.719301,39.149931],[-84.719845,39.150048],[-84.718548,39.150698]]]}},{"type":"Feature","properties":{"pid":"057000900125"},"geometry":{"type":"Polygon","coordinates":[[[-84.719372,39.150366],[-84.718565,39.150766],[-84.718548,39.150698],[-84.719845,39.150048],[-84.721016,39.150298],[-84.720745,39.151187],[-84.719726,39.151396],[-84.719372,39.150366]]]}},{"type":"Feature","properties":{"pid":"057002300059"},"geometry":{"type":"Polygon","coordinates":[[[-84.768062,39.150396],[-84.768616,39.15026],[-84.769705,39.151306],[-84.770081,39.152258],[-84.769765,39.152506],[-84.768062,39.150396]]]}},{"type":"Feature","properties":{"pid":"057002300084"},"geometry":{"type":"Polygon","coordinates":[[[-84.768542,39.150279],[-84.767843,39.150449],[-84.76729,39.14975],[-84.767922,39.149505],[-84.768542,39.150279]]]}},{"type":"Feature","properties":{"pid":"057002300120"},"geometry":{"type":"Polygon","coordinates":[[[-84.768616,39.15026],[-84.769064,39.149991],[-84.769772,39.150608],[-84.769328,39.15092],[-84.768616,39.15026]]]}},{"type":"Feature","properties":{"pid":"057002300136"},"geometry":{"type":"Polygon","coordinates":[[[-84.769064,39.149991],[-84.769459,39.149724],[-84.770163,39.150335],[-84.769772,39.150608],[-84.769064,39.149991]]]}},{"type":"Feature","properties":{"pid":"057002300137"},"geometry":{"type":"Polygon","coordinates":[[[-84.769127,39.149953],[-84.768542,39.150279],[-84.767922,39.149505],[-84.768564,39.149256],[-84.769127,39.149953]]]}},{"type":"Feature","properties":{"pid":"057002300096"},"geometry":{"type":"Polygon","coordinates":[[[-84.770818,39.155732],[-84.770533,39.155137],[-84.769991,39.154578],[-84.769284,39.15403],[-84.769316,39.153554],[-84.769701,39.153198],[-84.770136,39.152483],[-84.771642,39.152088],[-84.772331,39.15173],[-84.772546,39.151698],[-84.772921,39.151874],[-84.772696,39.154599],[-84.773435,39.155137],[-84.773302,39.156574],[-84.771627,39.15649],[-84.771574,39.156654],[-84.771118,39.156589],[-84.769982,39.156627],[-84.769974,39.155988],[-84.770163,39.155545],[-84.770818,39.155732]]]}},{"type":"Feature","properties":{"pid":"057002700065"},"geometry":{"type":"Polygon","coordinates":[[[-84.790244,39.13686],[-84.79144,39.134983],[-84.791944,39.13512],[-84.791099,39.136406],[-84.790244,39.13686]]]}},{"type":"Feature","properties":{"pid":"057002700069"},"geometry":{"type":"Polygon","coordinates":[[[-84.79027,39.136923],[-84.791158,39.136443],[-84.791389,39.136091],[-84.791822,39.13621],[-84.791622,39.136514],[-84.790289,39.13697],[-84.79027,39.136923]]]}},{"type":"Feature","properties":{"pid":"057002700076"},"geometry":{"type":"Polygon","coordinates":[[[-84.789025,39.135483],[-84.78758,39.136935],[-84.786366,39.136874],[-84.788244,39.134986],[-84.789025,39.135483]]]}},{"type":"Feature","properties":{"pid":"057002700079"},"geometry":{"type":"Polygon","coordinates":[[[-84.788766,39.136995],[-84.78945,39.135782],[-84.78976,39.136092],[-84.789956,39.13648],[-84.790244,39.13686],[-84.790331,39.137074],[-84.788766,39.136995]]]}},{"type":"Feature","properties":{"pid":"057002700082"},"geometry":{"type":"Polygon","coordinates":[[[-84.78758,39.136935],[-84.789025,39.135483],[-84.78945,39.135782],[-84.788766,39.136995],[-84.78758,39.136935]]]}},{"type":"Feature","properties":{"pid":"057002700055"},"geometry":{"type":"Polygon","coordinates":[[[-84.789028,39.134363],[-84.787711,39.133825],[-84.787285,39.132652],[-84.787412,39.129233],[-84.791443,39.129467],[-84.791437,39.134982],[-84.789028,39.134363]]]}},{"type":"Feature","properties":{"pid":"057300040183"},"geometry":{"type":"Polygon","coordinates":[[[-84.744967,39.150417],[-84.744884,39.150185],[-84.745418,39.150211],[-84.745399,39.150439],[-84.744967,39.150417]]]}},{"type":"Feature","properties":{"pid":"057002700028"},"geometry":{"type":"Polygon","coordinates":[[[-84.79043,39.134718],[-84.790775,39.134803],[-84.789894,39.136353],[-84.78976,39.136092],[-84.79043,39.134718]]]}},{"type":"Feature","properties":{"pid":"057002700037"},"geometry":{"type":"Polygon","coordinates":[[[-84.79144,39.134983],[-84.790229,39.136839],[-84.790049,39.136603],[-84.791106,39.134893],[-84.79144,39.134983]]]}},{"type":"Feature","properties":{"pid":"057002700027"},"geometry":{"type":"Polygon","coordinates":[[[-84.78905,39.1355],[-84.789433,39.134463],[-84.78976,39.134549],[-84.789313,39.135685],[-84.78905,39.1355]]]}},{"type":"Feature","properties":{"pid":"057002700040"},"geometry":{"type":"Polygon","coordinates":[[[-84.789433,39.134463],[-84.78905,39.1355],[-84.78878,39.135316],[-84.789028,39.134363],[-84.789433,39.134463]]]}},{"type":"Feature","properties":{"pid":"057000900227"},"geometry":{"type":"Polygon","coordinates":[[[-84.720387,39.14608],[-84.719443,39.146735],[-84.71941,39.146192],[-84.719999,39.145761],[-84.720187,39.145763],[-84.720387,39.14608]]]}},{"type":"Feature","properties":{"pid":"057000900228"},"geometry":{"type":"Polygon","coordinates":[[[-84.71941,39.146192],[-84.719161,39.145339],[-84.720243,39.145352],[-84.720236,39.145681],[-84.720187,39.145763],[-84.719999,39.145761],[-84.71941,39.146192]]]}},{"type":"Feature","properties":{"pid":"057000900229"},"geometry":{"type":"Polygon","coordinates":[[[-84.719161,39.145339],[-84.718967,39.14467],[-84.720325,39.144778],[-84.720307,39.145656],[-84.720236,39.145681],[-84.720243,39.145352],[-84.719161,39.145339]]]}},{"type":"Feature","properties":{"pid":"057000900230"},"geometry":{"type":"Polygon","coordinates":[[[-84.720307,39.145656],[-84.720325,39.144778],[-84.720889,39.144819],[-84.720875,39.145471],[-84.720548,39.145568],[-84.720384,39.145664],[-84.720307,39.145656]]]}},{"type":"Feature","properties":{"pid":"057000900231"},"geometry":{"type":"Polygon","coordinates":[[[-84.720384,39.145664],[-84.720548,39.145568],[-84.720875,39.145471],[-84.720889,39.144819],[-84.721618,39.144873],[-84.721621,39.145306],[-84.720582,39.145616],[-84.720441,39.145699],[-84.720384,39.145664]]]}},{"type":"Feature","properties":{"pid":"057000900232"},"geometry":{"type":"Polygon","coordinates":[[[-84.720505,39.145933],[-84.720441,39.145699],[-84.720582,39.145616],[-84.721621,39.145306],[-84.721624,39.145754],[-84.720597,39.14605],[-84.720505,39.145933]]]}},{"type":"Feature","properties":{"pid":"057300030037"},"geometry":{"type":"Polygon","coordinates":[[[-84.748156,39.1492],[-84.744477,39.148487],[-84.744546,39.147623],[-84.74469,39.147425],[-84.744896,39.147354],[-84.745228,39.147386],[-84.745566,39.147683],[-84.745876,39.147748],[-84.748443,39.147716],[-84.748156,39.1492]]]}},{"type":"Feature","properties":{"pid":"057300040023"},"geometry":{"type":"Polygon","coordinates":[[[-84.748688,39.154625],[-84.748456,39.154254],[-84.748931,39.154104],[-84.74912,39.15449],[-84.748688,39.154625]]]}},{"type":"Feature","properties":{"pid":"063002900084"},"geometry":{"type":"Polygon","coordinates":[[[-84.805065,39.165426],[-84.805051,39.165225],[-84.805155,39.16519],[-84.805143,39.165015],[-84.805039,39.16505],[-84.805002,39.163959],[-84.806346,39.163969],[-84.806383,39.163153],[-84.806913,39.16301],[-84.80781,39.162999],[-84.808068,39.163243],[-84.808083,39.163683],[-84.807455,39.164186],[-84.80607,39.165429],[-84.805065,39.165426]]]}},{"type":"Feature","properties":{"pid":"063002900101"},"geometry":{"type":"Polygon","coordinates":[[[-84.811609,39.16984],[-84.811204,39.168716],[-84.811694,39.168211],[-84.812224,39.168713],[-84.812689,39.168564],[-84.812847,39.168603],[-84.813034,39.168843],[-84.813295,39.169031],[-84.812741,39.169843],[-84.811609,39.16984]]]}},{"type":"Feature","properties":{"pid":"057300040055"},"geometry":{"type":"Polygon","coordinates":[[[-84.744962,39.154197],[-84.744915,39.153998],[-84.744991,39.153727],[-84.745626,39.153926],[-84.745429,39.154307],[-84.744962,39.154197]]]}},{"type":"Feature","properties":{"pid":"057000400491"},"geometry":{"type":"Polygon","coordinates":[[[-84.701204,39.159552],[-84.700495,39.159518],[-84.700396,39.159355],[-84.700422,39.159225],[-84.701269,39.159229],[-84.701204,39.159552]]]}},{"type":"Feature","properties":{"pid":"057000400507"},"geometry":{"type":"Polygon","coordinates":[[[-84.701275,39.158595],[-84.702857,39.158562],[-84.702867,39.158837],[-84.701272,39.15887],[-84.701275,39.158595]]]}},{"type":"Feature","properties":{"pid":"057000400429"},"geometry":{"type":"Polygon","coordinates":[[[-84.698155,39.158499],[-84.701212,39.158245],[-84.701275,39.158515],[-84.69813,39.158776],[-84.698155,39.158499]]]}},{"type":"Feature","properties":{"pid":"057000400427"},"geometry":{"type":"Polygon","coordinates":[[[-84.69813,39.158776],[-84.699592,39.158655],[-84.699929,39.159168],[-84.701269,39.159174],[-84.701269,39.159229],[-84.69809,39.159214],[-84.69813,39.158776]]]}},{"type":"Feature","properties":{"pid":"057000400077"},"geometry":{"type":"Polygon","coordinates":[[[-84.70115,39.157975],[-84.698181,39.158221],[-84.698239,39.15759],[-84.701034,39.157477],[-84.70115,39.157975]]]}},{"type":"Feature","properties":{"pid":"057000400103"},"geometry":{"type":"Polygon","coordinates":[[[-84.698239,39.15759],[-84.698181,39.158221],[-84.697998,39.158211],[-84.698056,39.15758],[-84.698239,39.15759]]]}},{"type":"Feature","properties":{"pid":"057000400409"},"geometry":{"type":"Polygon","coordinates":[[[-84.698908,39.157563],[-84.698056,39.15758],[-84.698121,39.156592],[-84.70045,39.156679],[-84.700479,39.15672],[-84.698986,39.156654],[-84.698908,39.157563]]]}},{"type":"Feature","properties":{"pid":"057000400019"},"geometry":{"type":"Polygon","coordinates":[[[-84.699592,39.158655],[-84.701275,39.158515],[-84.701269,39.159174],[-84.699929,39.159168],[-84.699592,39.158655]]]}},{"type":"Feature","properties":{"pid":"057000400416"},"geometry":{"type":"Polygon","coordinates":[[[-84.699819,39.156742],[-84.699753,39.157529],[-84.698908,39.157563],[-84.698986,39.156654],[-84.700479,39.15672],[-84.700518,39.156773],[-84.699819,39.156742]]]}},{"type":"Feature","properties":{"pid":"057000400490"},"geometry":{"type":"Polygon","coordinates":[[[-84.701085,39.160025],[-84.699266,39.159844],[-84.699373,39.15922],[-84.700261,39.159224],[-84.70015,39.159876],[-84.701099,39.159971],[-84.701085,39.160025]]]}},{"type":"Feature","properties":{"pid":"057002400002"},"geometry":{"type":"Polygon","coordinates":[[[-84.773003,39.142183],[-84.770797,39.141155],[-84.770824,39.141119],[-84.769691,39.140593],[-84.769806,39.140517],[-84.770878,39.141014],[-84.771086,39.140749],[-84.773118,39.141127],[-84.773003,39.142183]]]}},{"type":"Feature","properties":{"pid":"057002400094"},"geometry":{"type":"Polygon","coordinates":[[[-84.770135,39.1403],[-84.770273,39.140093],[-84.770326,39.140078],[-84.771267,39.140512],[-84.771086,39.140749],[-84.770135,39.1403]]]}},{"type":"Feature","properties":{"pid":"063003000044"},"geometry":{"type":"MultiPolygon","coordinates":[[[[-84.809395,39.153995],[-84.809318,39.147879],[-84.811654,39.147868],[-84.811693,39.152667],[-84.809395,39.153995]]],[[[-84.811113,39.153393],[-84.811584,39.153121],[-84.811584,39.153169],[-84.811113,39.153393]]]]}},{"type":"Feature","properties":{"pid":"063003000169"},"geometry":{"type":"Polygon","coordinates":[[[-84.815505,39.151744],[-84.815098,39.15128],[-84.816053,39.150644],[-84.81618,39.150863],[-84.816216,39.151182],[-84.816163,39.151425],[-84.815505,39.151744]]]}},{"type":"Feature","properties":{"pid":"063003000189"},"geometry":{"type":"Polygon","coordinates":[[[-84.809991,39.160708],[-84.809992,39.160067],[-84.810297,39.160067],[-84.810297,39.160693],[-84.810111,39.160736],[-84.809991,39.160708]]]}},{"type":"Feature","properties":{"pid":"063003000233"},"geometry":{"type":"Polygon","coordinates":[[[-84.808089,39.161287],[-84.808089,39.160429],[-84.808442,39.160428],[-84.808444,39.161205],[-84.808089,39.161287]]]}},{"type":"Feature","properties":{"pid":"057001700050"},"geometry":{"type":"Polygon","coordinates":[[[-84.758828,39.151803],[-84.758547,39.1547],[-84.758422,39.154692],[-84.758396,39.154963],[-84.758158,39.155042],[-84.758475,39.15179],[-84.758828,39.151803]]]}},{"type":"Feature","properties":{"pid":"057300010034"},"geometry":{"type":"Polygon","coordinates":[[[-84.75495,39.154111],[-84.754737,39.153551],[-84.755313,39.153168],[-84.755775,39.152257],[-84.756459,39.151804],[-84.756331,39.151412],[-84.75646,39.151147],[-84.756427,39.150994],[-84.758537,39.151091],[-84.758441,39.152144],[-84.75495,39.154111]]]}},{"type":"Feature","properties":{"pid":"057300070103"},"geometry":{"type":"Polygon","coordinates":[[[-84.726329,39.149032],[-84.726246,39.148976],[-84.726425,39.148813],[-84.726508,39.148868],[-84.726329,39.149032]]]}},{"type":"Feature","properties":{"pid":"057300070104"},"geometry":{"type":"Polygon","coordinates":[[[-84.726508,39.148868],[-84.726584,39.148918],[-84.726404,39.149082],[-84.726329,39.149032],[-84.726508,39.148868]]]}},{"type":"Feature","properties":{"pid":"057300070105"},"geometry":{"type":"Polygon","coordinates":[[[-84.72648,39.149132],[-84.726404,39.149082],[-84.726584,39.148918],[-84.726659,39.148968],[-84.72648,39.149132]]]}},{"type":"Feature","properties":{"pid":"057300070106"},"geometry":{"type":"Polygon","coordinates":[[[-84.726555,39.149182],[-84.72648,39.149132],[-84.726659,39.148968],[-84.726734,39.149018],[-84.726555,39.149182]]]}},{"type":"Feature","properties":{"pid":"063003000009"},"geometry":{"type":"Polygon","coordinates":[[[-84.810599,39.160068],[-84.809992,39.160067],[-84.809991,39.156174],[-84.810094,39.1556],[-84.81138,39.155605],[-84.811372,39.159823],[-84.810776,39.159823],[-84.810778,39.160341],[-84.810841,39.160536],[-84.810892,39.160554],[-84.810641,39.160613],[-84.810671,39.160576],[-84.810601,39.160354],[-84.810599,39.160068]]]}},{"type":"Feature","properties":{"pid":"063003000010"},"geometry":{"type":"Polygon","coordinates":[[[-84.811597,39.155607],[-84.810354,39.155601],[-84.810346,39.154005],[-84.811585,39.153361],[-84.811597,39.155607]]]}},{"type":"Feature","properties":{"pid":"057001030116"},"geometry":{"type":"Polygon","coordinates":[[[-84.719136,39.155359],[-84.719309,39.155538],[-84.719293,39.155783],[-84.719062,39.155986],[-84.718834,39.155973],[-84.718858,39.155726],[-84.719136,39.155359]]]}},{"type":"Feature","properties":{"pid":"057001030122"},"geometry":{"type":"Polygon","coordinates":[[[-84.718659,39.156269],[-84.718994,39.156557],[-84.718675,39.156729],[-84.718431,39.156726],[-84.718459,39.156324],[-84.718659,39.156269]]]}},{"type":"Feature","properties":{"pid":"057300070090"},"geometry":{"type":"Polygon","coordinates":[[[-84.72719,39.149376],[-84.727081,39.149366],[-84.727114,39.149151],[-84.727223,39.149162],[-84.72719,39.149376]]]}},{"type":"Feature","properties":{"pid":"057300070087"},"geometry":{"type":"Polygon","coordinates":[[[-84.726886,39.149348],[-84.726775,39.149337],[-84.726808,39.149123],[-84.726919,39.149133],[-84.726886,39.149348]]]}},{"type":"Feature","properties":{"pid":"057300070088"},"geometry":{"type":"Polygon","coordinates":[[[-84.726983,39.149357],[-84.726886,39.149348],[-84.726919,39.149133],[-84.727016,39.149142],[-84.726983,39.149357]]]}},{"type":"Feature","properties":{"pid":"057300070089"},"geometry":{"type":"Polygon","coordinates":[[[-84.727081,39.149366],[-84.726983,39.149357],[-84.727016,39.149142],[-84.727114,39.149151],[-84.727081,39.149366]]]}},{"type":"Feature","properties":{"pid":"057300070107"},"geometry":{"type":"Polygon","coordinates":[[[-84.726819,39.149074],[-84.72664,39.149238],[-84.726555,39.149182],[-84.726734,39.149018],[-84.726819,39.149074]]]}},{"type":"Feature","properties":{"pid":"063003000007"},"geometry":{"type":"Polygon","coordinates":[[[-84.81602,39.155729],[-84.815725,39.156622],[-84.814863,39.158039],[-84.813696,39.159109],[-84.813697,39.158434],[-84.811372,39.158438],[-84.811379,39.155699],[-84.81602,39.155729]]]}},{"type":"Feature","properties":{"pid":"063003000075"},"geometry":{"type":"Polygon","coordinates":[[[-84.805049,39.160266],[-84.805053,39.160088],[-84.80553,39.160089],[-84.805528,39.160266],[-84.805049,39.160266]]]}},{"type":"Feature","properties":{"pid":"063003000086"},"geometry":{"type":"Polygon","coordinates":[[[-84.805528,39.160266],[-84.80553,39.160089],[-84.805985,39.160089],[-84.805981,39.160266],[-84.805528,39.160266]]]}},{"type":"Feature","properties":{"pid":"063003000087"},"geometry":{"type":"Polygon","coordinates":[[[-84.80553,39.160043],[-84.805531,39.159857],[-84.805989,39.159858],[-84.805985,39.160044],[-84.80553,39.160043]]]}},{"type":"Feature","properties":{"pid":"057300040142"},"geometry":{"type":"Polygon","coordinates":[[[-84.744266,39.151216],[-84.744288,39.150943],[-84.745353,39.150998],[-84.74533,39.151272],[-84.744266,39.151216]]]}},{"type":"Feature","properties":{"pid":"057300040143"},"geometry":{"type":"Polygon","coordinates":[[[-84.744288,39.150943],[-84.74431,39.150669],[-84.745376,39.150721],[-84.745353,39.150998],[-84.744288,39.150943]]]}},{"type":"Feature","properties":{"pid":"057300040144"},"geometry":{"type":"Polygon","coordinates":[[[-84.74431,39.150669],[-84.744333,39.150386],[-84.745399,39.150439],[-84.745376,39.150721],[-84.74431,39.150669]]]}},{"type":"Feature","properties":{"pid":"057300040146"},"geometry":{"type":"Polygon","coordinates":[[[-84.745422,39.150164],[-84.744867,39.150137],[-84.744777,39.149975],[-84.744941,39.149992],[-84.745124,39.149875],[-84.745439,39.14989],[-84.745422,39.150164]]]}},{"type":"Feature","properties":{"pid":"057001030129"},"geometry":{"type":"Polygon","coordinates":[[[-84.719403,39.156337],[-84.719258,39.156415],[-84.718895,39.156104],[-84.719229,39.155864],[-84.719314,39.155739],[-84.719738,39.155986],[-84.719403,39.156337]]]}},{"type":"Feature","properties":{"pid":"057000900167"},"geometry":{"type":"Polygon","coordinates":[[[-84.719358,39.147897],[-84.718305,39.147814],[-84.718384,39.147406],[-84.719395,39.147485],[-84.719358,39.147897]]]}},{"type":"Feature","properties":{"pid":"057001030135"},"geometry":{"type":"Polygon","coordinates":[[[-84.71811,39.156776],[-84.718112,39.156721],[-84.718012,39.15672],[-84.71805,39.156166],[-84.718117,39.156145],[-84.718251,39.156277],[-84.718459,39.156324],[-84.718428,39.15678],[-84.71811,39.156776]]]}},{"type":"Feature","properties":{"pid":"057001030138"},"geometry":{"type":"Polygon","coordinates":[[[-84.718189,39.15585],[-84.718294,39.155445],[-84.719038,39.155489],[-84.718858,39.155726],[-84.718834,39.155973],[-84.71848,39.155951],[-84.718448,39.155909],[-84.718189,39.15585]]]}},{"type":"Feature","properties":{"pid":"057001030139"},"geometry":{"type":"Polygon","coordinates":[[[-84.719062,39.155986],[-84.718659,39.156269],[-84.718512,39.156319],[-84.718251,39.156277],[-84.718102,39.156103],[-84.718109,39.155972],[-84.718189,39.15585],[-84.718448,39.155909],[-84.71848,39.155951],[-84.719062,39.155986]]]}},{"type":"Feature","properties":{"pid":"057001030130"},"geometry":{"type":"Polygon","coordinates":[[[-84.718994,39.156557],[-84.718659,39.156269],[-84.718895,39.156104],[-84.719258,39.156415],[-84.718994,39.156557]]]}},{"type":"Feature","properties":{"pid":"057000400212"},"geometry":{"type":"Polygon","coordinates":[[[-84.701914,39.16276],[-84.701932,39.162541],[-84.702423,39.162565],[-84.702407,39.162784],[-84.701914,39.16276]]]}},{"type":"Feature","properties":{"pid":"057000400213"},"geometry":{"type":"Polygon","coordinates":[[[-84.701932,39.162541],[-84.701962,39.16217],[-84.702404,39.162399],[-84.702423,39.162565],[-84.701932,39.162541]]]}},{"type":"Feature","properties":{"pid":"057300050105"},"geometry":{"type":"Polygon","coordinates":[[[-84.742884,39.156084],[-84.742812,39.156046],[-84.742782,39.15608],[-84.741981,39.155663],[-84.742002,39.155393],[-84.743021,39.155924],[-84.742884,39.156084]]]}},{"type":"Feature","properties":{"pid":"057300040211"},"geometry":{"type":"Polygon","coordinates":[[[-84.744206,39.155958],[-84.743626,39.155661],[-84.743821,39.155432],[-84.744409,39.155734],[-84.744206,39.155958]]]}},{"type":"Feature","properties":{"pid":"057300050002"},"geometry":{"type":"Polygon","coordinates":[[[-84.743942,39.155367],[-84.74457,39.155396],[-84.744544,39.155422],[-84.74394,39.155395],[-84.743933,39.155489],[-84.742073,39.154522],[-84.742082,39.154411],[-84.744004,39.154531],[-84.743942,39.155367]]]}},{"type":"Feature","properties":{"pid":"057300050057"},"geometry":{"type":"Polygon","coordinates":[[[-84.743905,39.155869],[-84.743887,39.156106],[-84.743441,39.155878],[-84.743587,39.155707],[-84.743905,39.155869]]]}},{"type":"Feature","properties":{"pid":"057300050061"},"geometry":{"type":"Polygon","coordinates":[[[-84.743711,39.15651],[-84.743149,39.156222],[-84.743295,39.15605],[-84.743863,39.156341],[-84.743711,39.15651]]]}},{"type":"Feature","properties":{"pid":"057300050064"},"geometry":{"type":"Polygon","coordinates":[[[-84.743149,39.156222],[-84.742943,39.156115],[-84.743236,39.155772],[-84.743441,39.155878],[-84.743149,39.156222]]]}},{"type":"Feature","properties":{"pid":"057000900024"},"geometry":{"type":"Polygon","coordinates":[[[-84.708906,39.150501],[-84.709485,39.15087],[-84.708132,39.151353],[-84.707905,39.151023],[-84.708906,39.150501]]]}},{"type":"Feature","properties":{"pid":"057002300022"},"geometry":{"type":"Polygon","coordinates":[[[-84.768066,39.145874],[-84.769673,39.145416],[-84.769881,39.145858],[-84.769726,39.146422],[-84.768694,39.146716],[-84.768066,39.145874]]]}},{"type":"Feature","properties":{"pid":"057000900028"},"geometry":{"type":"Polygon","coordinates":[[[-84.709467,39.15148],[-84.709174,39.150981],[-84.709485,39.15087],[-84.709795,39.151363],[-84.709467,39.15148]]]}},{"type":"Feature","properties":{"pid":"057000900036"},"geometry":{"type":"Polygon","coordinates":[[[-84.70864,39.152532],[-84.708325,39.152645],[-84.707963,39.152173],[-84.708346,39.152033],[-84.70864,39.152532]]]}},{"type":"Feature","properties":{"pid":"057000500138"},"geometry":{"type":"Polygon","coordinates":[[[-84.705664,39.149427],[-84.705577,39.149457],[-84.705535,39.149524],[-84.704081,39.149393],[-84.704456,39.147866],[-84.705007,39.148008],[-84.705575,39.148372],[-84.705664,39.149427]]]}},{"type":"Feature","properties":{"pid":"057002300118"},"geometry":{"type":"Polygon","coordinates":[[[-84.769272,39.149852],[-84.768943,39.149445],[-84.77012,39.148628],[-84.770432,39.149044],[-84.769272,39.149852]]]}},{"type":"Feature","properties":{"pid":"057002300154"},"geometry":{"type":"Polygon","coordinates":[[[-84.769487,39.147779],[-84.769089,39.147246],[-84.770952,39.146716],[-84.77122,39.147287],[-84.769487,39.147779]]]}},{"type":"Feature","properties":{"pid":"057002300156"},"geometry":{"type":"Polygon","coordinates":[[[-84.769053,39.147197],[-84.770961,39.146655],[-84.771976,39.145633],[-84.771999,39.144751],[-84.773661,39.144277],[-84.773475,39.146362],[-84.772387,39.146383],[-84.77094,39.146691],[-84.769071,39.147222],[-84.769053,39.147197]]]}},{"type":"Feature","properties":{"pid":"057002300157"},"geometry":{"type":"Polygon","coordinates":[[[-84.770686,39.146149],[-84.769881,39.145858],[-84.769673,39.145416],[-84.771999,39.144751],[-84.771976,39.145633],[-84.770961,39.146655],[-84.769053,39.147197],[-84.769035,39.147173],[-84.770916,39.146639],[-84.770686,39.146149]]]}},{"type":"Feature","properties":{"pid":"057002300161"},"geometry":{"type":"Polygon","coordinates":[[[-84.769726,39.146422],[-84.769881,39.145858],[-84.770686,39.146149],[-84.770916,39.146639],[-84.769035,39.147173],[-84.768694,39.146716],[-84.769726,39.146422]]]}},{"type":"Feature","properties":{"pid":"063002100007"},"geometry":{"type":"Polygon","coordinates":[[[-84.796385,39.153795],[-84.796106,39.153637],[-84.796461,39.153403],[-84.798315,39.151011],[-84.798332,39.15463],[-84.797936,39.154503],[-84.797543,39.154318],[-84.796598,39.153729],[-84.796385,39.153795]]]}},{"type":"Feature","properties":{"pid":"063003000170"},"geometry":{"type":"Polygon","coordinates":[[[-84.814475,39.155629],[-84.814454,39.15266],[-84.815493,39.151973],[-84.814963,39.15137],[-84.815098,39.15128],[-84.815505,39.151744],[-84.816163,39.151425],[-84.816232,39.153559],[-84.816052,39.15564],[-84.814475,39.155629]]]}},{"type":"Feature","properties":{"pid":"057002400014"},"geometry":{"type":"Polygon","coordinates":[[[-84.766048,39.142088],[-84.765096,39.14134],[-84.765566,39.140992],[-84.766509,39.141732],[-84.766048,39.142088]]]}},{"type":"Feature","properties":{"pid":"057002400155"},"geometry":{"type":"Polygon","coordinates":[[[-84.770878,39.141014],[-84.769726,39.14048],[-84.769986,39.140288],[-84.771052,39.140792],[-84.770878,39.141014]]]}},{"type":"Feature","properties":{"pid":"057002400166"},"geometry":{"type":"Polygon","coordinates":[[[-84.773295,39.139648],[-84.771595,39.138555],[-84.771826,39.138346],[-84.772285,39.138513],[-84.77312,39.13868],[-84.773867,39.139082],[-84.773295,39.139648]]]}},{"type":"Feature","properties":{"pid":"063002100004"},"geometry":{"type":"Polygon","coordinates":[[[-84.798296,39.161414],[-84.797138,39.161418],[-84.798291,39.160764],[-84.798296,39.161414]]]}},{"type":"Feature","properties":{"pid":"057000400093"},"geometry":{"type":"Polygon","coordinates":[[[-84.700222,39.160105],[-84.701085,39.160191],[-84.701168,39.160611],[-84.700175,39.16073],[-84.700222,39.160105]]]}},{"type":"Feature","properties":{"pid":"057000400062"},"geometry":{"type":"Polygon","coordinates":[[[-84.701099,39.159971],[-84.70015,39.159876],[-84.700211,39.159504],[-84.701204,39.159552],[-84.701099,39.159971]]]}},{"type":"Feature","properties":{"pid":"057000400494"},"geometry":{"type":"Polygon","coordinates":[[[-84.698989,39.160515],[-84.698835,39.159912],[-84.701074,39.160134],[-84.701085,39.160191],[-84.700222,39.160105],[-84.700175,39.16073],[-84.698989,39.160515]]]}},{"type":"Feature","properties":{"pid":"057200110002"},"geometry":{"type":"Polygon","coordinates":[[[-84.757838,39.158469],[-84.757871,39.158101],[-84.758217,39.158185],[-84.758181,39.15858],[-84.757838,39.158469]]]}},{"type":"Feature","properties":{"pid":"057300040073"},"geometry":{"type":"Polygon","coordinates":[[[-84.746808,39.152069],[-84.746582,39.15143],[-84.747076,39.151266],[-84.747072,39.152038],[-84.746808,39.152069]]]}},{"type":"Feature","properties":{"pid":"057300090035"},"geometry":{"type":"Polygon","coordinates":[[[-84.732126,39.148326],[-84.732651,39.147553],[-84.732832,39.147601],[-84.732297,39.148397],[-84.732126,39.148326]]]}},{"type":"Feature","properties":{"pid":"057001700005"},"geometry":{"type":"Polygon","coordinates":[[[-84.758972,39.158279],[-84.758104,39.158072],[-84.758187,39.157246],[-84.759237,39.157581],[-84.758972,39.158279]]]}},{"type":"Feature","properties":{"pid":"057001700067"},"geometry":{"type":"Polygon","coordinates":[[[-84.761431,39.15894],[-84.761457,39.158702],[-84.762609,39.15875],[-84.762583,39.158988],[-84.761431,39.15894]]]}},{"type":"Feature","properties":{"pid":"057300040022"},"geometry":{"type":"Polygon","coordinates":[[[-84.748403,39.154022],[-84.748882,39.154003],[-84.748931,39.154104],[-84.748427,39.154125],[-84.748403,39.154022]]]}},{"type":"Feature","properties":{"pid":"057300040088"},"geometry":{"type":"Polygon","coordinates":[[[-84.748655,39.151495],[-84.748468,39.15153],[-84.748353,39.150964],[-84.74851,39.15093],[-84.748964,39.150953],[-84.749262,39.151612],[-84.748728,39.151718],[-84.748655,39.151495]]]}},{"type":"Feature","properties":{"pid":"057300050095"},"geometry":{"type":"Polygon","coordinates":[[[-84.739515,39.14967],[-84.739544,39.149249],[-84.739727,39.149324],[-84.739991,39.149342],[-84.739969,39.149668],[-84.739515,39.14967]]]}},{"type":"Feature","properties":{"pid":"057000900037"},"geometry":{"type":"Polygon","coordinates":[[[-84.708141,39.152774],[-84.707576,39.152437],[-84.707963,39.152173],[-84.708325,39.152645],[-84.708141,39.152774]]]}},{"type":"Feature","properties":{"pid":"063002900040"},"geometry":{"type":"Polygon","coordinates":[[[-84.804991,39.162476],[-84.803983,39.162483],[-84.803982,39.162291],[-84.80499,39.162284],[-84.804991,39.162476]]]}},{"type":"Feature","properties":{"pid":"057002700075"},"geometry":{"type":"Polygon","coordinates":[[[-84.785292,39.135834],[-84.785486,39.133802],[-84.785665,39.133615],[-84.786301,39.134088],[-84.786734,39.133741],[-84.786995,39.134121],[-84.785292,39.135834]]]}},{"type":"Feature","properties":{"pid":"057002700085"},"geometry":{"type":"Polygon","coordinates":[[[-84.786301,39.134088],[-84.785665,39.133615],[-84.786207,39.133048],[-84.786734,39.133741],[-84.786301,39.134088]]]}},{"type":"Feature","properties":{"pid":"057300040210"},"geometry":{"type":"Polygon","coordinates":[[[-84.747323,39.150975],[-84.74745,39.150934],[-84.747503,39.151028],[-84.747313,39.151089],[-84.747323,39.150975]]]}},{"type":"Feature","properties":{"pid":"057002300143"},"geometry":{"type":"Polygon","coordinates":[[[-84.776887,39.145187],[-84.775523,39.144391],[-84.773729,39.143593],[-84.773759,39.14331],[-84.775889,39.14406],[-84.777106,39.144217],[-84.777008,39.145018],[-84.776887,39.145187]]]}},{"type":"Feature","properties":{"pid":"057002300144"},"geometry":{"type":"Polygon","coordinates":[[[-84.776754,39.145256],[-84.776088,39.14544],[-84.775834,39.145583],[-84.773705,39.143827],[-84.773729,39.143593],[-84.775523,39.144391],[-84.776887,39.145187],[-84.776754,39.145256]]]}},{"type":"Feature","properties":{"pid":"057002300145"},"geometry":{"type":"Polygon","coordinates":[[[-84.775834,39.145583],[-84.775325,39.145957],[-84.773635,39.144571],[-84.773705,39.143827],[-84.775834,39.145583]]]}},{"type":"Feature","properties":{"pid":"057002400185"},"geometry":{"type":"Polygon","coordinates":[[[-84.777106,39.144217],[-84.775889,39.14406],[-84.773759,39.14331],[-84.772904,39.143254],[-84.773029,39.14195],[-84.7773,39.14378],[-84.777106,39.144217]]]}},{"type":"Feature","properties":{"pid":"057300020122"},"geometry":{"type":"Polygon","coordinates":[[[-84.755418,39.148413],[-84.755171,39.148489],[-84.754818,39.148045],[-84.754981,39.147964],[-84.755418,39.148413]]]}},{"type":"Feature","properties":{"pid":"057300020058"},"geometry":{"type":"Polygon","coordinates":[[[-84.759089,39.146339],[-84.759041,39.146936],[-84.758464,39.146342],[-84.758788,39.146031],[-84.759089,39.146339]]]}},{"type":"Feature","properties":{"pid":"057001700045"},"geometry":{"type":"Polygon","coordinates":[[[-84.759267,39.145713],[-84.75933,39.146349],[-84.759075,39.146538],[-84.759131,39.145803],[-84.759267,39.145713]]]}},{"type":"Feature","properties":{"pid":"057300020059"},"geometry":{"type":"MultiPolygon","coordinates":[[[[-84.758788,39.146031],[-84.75865,39.145889],[-84.759147,39.145595],[-84.759132,39.145762],[-84.758788,39.146031]]],[[[-84.758788,39.146031],[-84.759131,39.145803],[-84.759089,39.146339],[-84.758788,39.146031]]]]}},{"type":"Feature","properties":{"pid":"057000400018"},"geometry":{"type":"Polygon","coordinates":[[[-84.701034,39.157477],[-84.700867,39.157253],[-84.703297,39.157216],[-84.703236,39.157386],[-84.701034,39.157477]]]}},{"type":"Feature","properties":{"pid":"057000400063"},"geometry":{"type":"Polygon","coordinates":[[[-84.699819,39.156742],[-84.700518,39.156773],[-84.701034,39.157477],[-84.699753,39.157529],[-84.699819,39.156742]]]}},{"type":"Feature","properties":{"pid":"063002900007"},"geometry":{"type":"Polygon","coordinates":[[[-84.805473,39.167462],[-84.805945,39.166942],[-84.806946,39.166945],[-84.80695,39.167465],[-84.805473,39.167462]]]}},{"type":"Feature","properties":{"pid":"063002900017"},"geometry":{"type":"Polygon","coordinates":[[[-84.809529,39.167555],[-84.809529,39.167472],[-84.80875,39.16747],[-84.808951,39.166028],[-84.809166,39.166262],[-84.809914,39.166263],[-84.809903,39.167556],[-84.809529,39.167555]]]}},{"type":"Feature","properties":{"pid":"057001700007"},"geometry":{"type":"Polygon","coordinates":[[[-84.758278,39.157275],[-84.757936,39.157166],[-84.758028,39.156234],[-84.758208,39.156252],[-84.758269,39.155641],[-84.758429,39.155688],[-84.758278,39.157275]]]}},{"type":"Feature","properties":{"pid":"057001700008"},"geometry":{"type":"Polygon","coordinates":[[[-84.758028,39.156234],[-84.758086,39.155641],[-84.75809,39.155551],[-84.758215,39.155611],[-84.758151,39.156246],[-84.758028,39.156234]]]}},{"type":"Feature","properties":{"pid":"057002400013"},"geometry":{"type":"Polygon","coordinates":[[[-84.775694,39.134507],[-84.777082,39.135252],[-84.777278,39.134634],[-84.777759,39.134758],[-84.777921,39.134377],[-84.780431,39.135023],[-84.780181,39.13784],[-84.775042,39.136351],[-84.77471,39.13618],[-84.774332,39.135763],[-84.775253,39.134797],[-84.775348,39.134854],[-84.775694,39.134507]]]}},{"type":"Feature","properties":{"pid":"063002900020"},"geometry":{"type":"Polygon","coordinates":[[[-84.804388,39.166991],[-84.801928,39.16702],[-84.802936,39.165935],[-84.805034,39.165933],[-84.805044,39.166073],[-84.804956,39.166077],[-84.80498,39.166423],[-84.804388,39.166991]]]}},{"type":"Feature","properties":{"pid":"063002900024"},"geometry":{"type":"Polygon","coordinates":[[[-84.803068,39.165935],[-84.803621,39.165341],[-84.804331,39.164675],[-84.804362,39.164769],[-84.804452,39.164688],[-84.804374,39.164636],[-84.80448,39.16454],[-84.804815,39.164491],[-84.804901,39.165096],[-84.804788,39.165133],[-84.8048,39.165309],[-84.804913,39.165271],[-84.804968,39.165933],[-84.803068,39.165935]]]}},{"type":"Feature","properties":{"pid":"063002900058"},"geometry":{"type":"Polygon","coordinates":[[[-84.805136,39.166063],[-84.805048,39.166067],[-84.805038,39.165932],[-84.805109,39.165932],[-84.805065,39.165426],[-84.80607,39.165429],[-84.80515,39.166265],[-84.805136,39.166063]]]}},{"type":"Feature","properties":{"pid":"063002900018"},"geometry":{"type":"Polygon","coordinates":[[[-84.807847,39.167468],[-84.80786,39.165434],[-84.808754,39.165436],[-84.808739,39.16747],[-84.807847,39.167468]]]}},{"type":"Feature","properties":{"pid":"063002900041"},"geometry":{"type":"Polygon","coordinates":[[[-84.804992,39.162669],[-84.803984,39.162675],[-84.803983,39.162483],[-84.804991,39.162476],[-84.804992,39.162669]]]}},{"type":"Feature","properties":{"pid":"057300020034"},"geometry":{"type":"Polygon","coordinates":[[[-84.75626,39.147941],[-84.755857,39.147527],[-84.756005,39.147453],[-84.756408,39.147867],[-84.75626,39.147941]]]}},{"type":"Feature","properties":{"pid":"057300020032"},"geometry":{"type":"Polygon","coordinates":[[[-84.755418,39.148413],[-84.754981,39.147964],[-84.755263,39.147823],[-84.755692,39.148264],[-84.755418,39.148413]]]}},{"type":"Feature","properties":{"pid":"057300020033"},"geometry":{"type":"Polygon","coordinates":[[[-84.755412,39.147749],[-84.755709,39.147601],[-84.756111,39.148014],[-84.755813,39.148161],[-84.755412,39.147749]]]}},{"type":"Feature","properties":{"pid":"057300020101"},"geometry":{"type":"Polygon","coordinates":[[[-84.755412,39.147749],[-84.755813,39.148161],[-84.755664,39.148235],[-84.755263,39.147823],[-84.755412,39.147749]]]}},{"type":"Feature","properties":{"pid":"063002900071"},"geometry":{"type":"Polygon","coordinates":[[[-84.808083,39.163683],[-84.808005,39.161306],[-84.808244,39.161251],[-84.808932,39.163077],[-84.808083,39.163683]]]}},{"type":"Feature","properties":{"pid":"057000400399"},"geometry":{"type":"Polygon","coordinates":[[[-84.701072,39.160079],[-84.698032,39.159777],[-84.69809,39.159214],[-84.699373,39.15922],[-84.699266,39.159844],[-84.701085,39.160025],[-84.701072,39.160079]]]}},{"type":"Feature","properties":{"pid":"057000900235"},"geometry":{"type":"Polygon","coordinates":[[[-84.720863,39.147598],[-84.720906,39.147139],[-84.720771,39.146691],[-84.720834,39.146659],[-84.72093,39.146978],[-84.72175,39.146873],[-84.721675,39.14766],[-84.720863,39.147598]]]}},{"type":"Feature","properties":{"pid":"057000900236"},"geometry":{"type":"Polygon","coordinates":[[[-84.720271,39.147969],[-84.720327,39.147557],[-84.720793,39.147593],[-84.720835,39.147143],[-84.7207,39.146694],[-84.720771,39.146691],[-84.720906,39.147139],[-84.720863,39.147598],[-84.721675,39.14766],[-84.721635,39.148075],[-84.720271,39.147969]]]}},{"type":"Feature","properties":{"pid":"057000900003"},"geometry":{"type":"Polygon","coordinates":[[[-84.723409,39.145011],[-84.72332,39.145881],[-84.725835,39.148015],[-84.725621,39.148184],[-84.725517,39.148381],[-84.721635,39.148076],[-84.721806,39.146285],[-84.721619,39.1459],[-84.720877,39.146119],[-84.720839,39.146042],[-84.722198,39.145642],[-84.722255,39.14557],[-84.722251,39.14492],[-84.723409,39.145011]]]}},{"type":"Feature","properties":{"pid":"057000900206"},"geometry":{"type":"Polygon","coordinates":[[[-84.725835,39.148015],[-84.72332,39.145881],[-84.723409,39.145011],[-84.724812,39.145122],[-84.724729,39.145943],[-84.725649,39.147776],[-84.725887,39.147978],[-84.725835,39.148015]]]}},{"type":"Feature","properties":{"pid":"057000900233"},"geometry":{"type":"Polygon","coordinates":[[[-84.721619,39.1459],[-84.721806,39.146285],[-84.720847,39.146527],[-84.720714,39.146373],[-84.720652,39.146191],[-84.721619,39.1459]]]}},{"type":"Feature","properties":{"pid":"057000900234"},"geometry":{"type":"Polygon","coordinates":[[[-84.72093,39.146978],[-84.720834,39.146659],[-84.720847,39.146527],[-84.721806,39.146285],[-84.72175,39.146873],[-84.72093,39.146978]]]}},{"type":"Feature","properties":{"pid":"063002900094"},"geometry":{"type":"Polygon","coordinates":[[[-84.803381,39.168399],[-84.803155,39.168758],[-84.802067,39.168614],[-84.80205,39.167727],[-84.801944,39.167728],[-84.801944,39.167673],[-84.802078,39.167672],[-84.803381,39.168399]]]}},{"type":"Feature","properties":{"pid":"063002900085"},"geometry":{"type":"Polygon","coordinates":[[[-84.801978,39.169418],[-84.801944,39.167728],[-84.80205,39.167727],[-84.802067,39.168614],[-84.803155,39.168758],[-84.802807,39.169407],[-84.801978,39.169418]]]}},{"type":"Feature","properties":{"pid":"063003000260"},"geometry":{"type":"Polygon","coordinates":[[[-84.809781,39.157042],[-84.810037,39.1556],[-84.810094,39.1556],[-84.809991,39.156174],[-84.809991,39.157889],[-84.808661,39.157838],[-84.809781,39.157042]]]}},{"type":"Feature","properties":{"pid":"057300020099"},"geometry":{"type":"Polygon","coordinates":[[[-84.754818,39.148045],[-84.754967,39.148198],[-84.754777,39.148293],[-84.754703,39.148102],[-84.754818,39.148045]]]}},{"type":"Feature","properties":{"pid":"057300020027"},"geometry":{"type":"Polygon","coordinates":[[[-84.754177,39.148872],[-84.754064,39.148508],[-84.754192,39.14844],[-84.754323,39.148794],[-84.754177,39.148872]]]}},{"type":"Feature","properties":{"pid":"057300020053"},"geometry":{"type":"Polygon","coordinates":[[[-84.757048,39.146935],[-84.757356,39.147251],[-84.757947,39.147856],[-84.757598,39.147951],[-84.756766,39.147099],[-84.757048,39.146935]]]}},{"type":"Feature","properties":{"pid":"057300020055"},"geometry":{"type":"MultiPolygon","coordinates":[[[[-84.757636,39.146862],[-84.757265,39.147158],[-84.757048,39.146935],[-84.757523,39.146744],[-84.757636,39.146862]]],[[[-84.757724,39.146954],[-84.758343,39.14759],[-84.758415,39.147663],[-84.75788,39.147787],[-84.757356,39.147251],[-84.757724,39.146954]]]]}},{"type":"Feature","properties":{"pid":"063002900049"},"geometry":{"type":"Polygon","coordinates":[[[-84.802074,39.174406],[-84.802013,39.171222],[-84.802812,39.169407],[-84.804036,39.169379],[-84.802821,39.172288],[-84.802074,39.174406]]]}},{"type":"Feature","properties":{"pid":"063002900010"},"geometry":{"type":"Polygon","coordinates":[[[-84.811146,39.175864],[-84.802103,39.17591],[-84.802074,39.174406],[-84.802826,39.172276],[-84.811137,39.172287],[-84.811146,39.175864]]]}},{"type":"Feature","properties":{"pid":"063002900095"},"geometry":{"type":"Polygon","coordinates":[[[-84.803381,39.168399],[-84.802078,39.167672],[-84.801944,39.167673],[-84.801942,39.167618],[-84.802648,39.16761],[-84.802636,39.167012],[-84.804388,39.166991],[-84.803929,39.167563],[-84.803381,39.168399]]]}},{"type":"Feature","properties":{"pid":"063002300014"},"geometry":{"type":"Polygon","coordinates":[[[-84.801012,39.177805],[-84.801394,39.176537],[-84.801215,39.176476],[-84.801468,39.176117],[-84.801539,39.175915],[-84.802103,39.17591],[-84.802101,39.177813],[-84.801012,39.177805]]]}},{"type":"Feature","properties":{"pid":"057000900340"},"geometry":{"type":"Polygon","coordinates":[[[-84.721851,39.154343],[-84.721985,39.15415],[-84.722081,39.15419],[-84.721947,39.154383],[-84.721851,39.154343]]]}},{"type":"Feature","properties":{"pid":"057000900341"},"geometry":{"type":"Polygon","coordinates":[[[-84.721947,39.154383],[-84.722081,39.15419],[-84.722168,39.154227],[-84.722034,39.15442],[-84.721947,39.154383]]]}},{"type":"Feature","properties":{"pid":"057000900342"},"geometry":{"type":"Polygon","coordinates":[[[-84.722034,39.15442],[-84.722168,39.154227],[-84.722255,39.154263],[-84.72212,39.154457],[-84.722034,39.15442]]]}},{"type":"Feature","properties":{"pid":"057000900343"},"geometry":{"type":"Polygon","coordinates":[[[-84.72212,39.154457],[-84.722255,39.154263],[-84.722341,39.1543],[-84.722207,39.154493],[-84.72212,39.154457]]]}},{"type":"Feature","properties":{"pid":"057000900344"},"geometry":{"type":"Polygon","coordinates":[[[-84.722207,39.154493],[-84.722341,39.1543],[-84.722438,39.15434],[-84.722303,39.154534],[-84.722207,39.154493]]]}},{"type":"Feature","properties":{"pid":"057000900345"},"geometry":{"type":"Polygon","coordinates":[[[-84.72234,39.154555],[-84.72249,39.154369],[-84.722583,39.154415],[-84.722433,39.1546],[-84.72234,39.154555]]]}},{"type":"Feature","properties":{"pid":"057000900346"},"geometry":{"type":"Polygon","coordinates":[[[-84.722433,39.1546],[-84.722583,39.154415],[-84.722666,39.154456],[-84.722516,39.154641],[-84.722433,39.1546]]]}},{"type":"Feature","properties":{"pid":"057000900347"},"geometry":{"type":"Polygon","coordinates":[[[-84.722516,39.154641],[-84.722666,39.154456],[-84.72275,39.154497],[-84.7226,39.154682],[-84.722516,39.154641]]]}},{"type":"Feature","properties":{"pid":"057000900348"},"geometry":{"type":"Polygon","coordinates":[[[-84.7226,39.154682],[-84.72275,39.154497],[-84.722834,39.154537],[-84.722683,39.154723],[-84.7226,39.154682]]]}},{"type":"Feature","properties":{"pid":"057000900349"},"geometry":{"type":"Polygon","coordinates":[[[-84.722683,39.154723],[-84.722834,39.154537],[-84.722926,39.154583],[-84.722776,39.154769],[-84.722683,39.154723]]]}},{"type":"Feature","properties":{"pid":"057000900350"},"geometry":{"type":"Polygon","coordinates":[[[-84.722652,39.154184],[-84.722711,39.154112],[-84.722949,39.15423],[-84.72289,39.154302],[-84.722652,39.154184]]]}},{"type":"Feature","properties":{"pid":"057000900351"},"geometry":{"type":"Polygon","coordinates":[[[-84.722711,39.154112],[-84.722763,39.154048],[-84.723002,39.154165],[-84.722949,39.15423],[-84.722711,39.154112]]]}},{"type":"Feature","properties":{"pid":"057000900352"},"geometry":{"type":"Polygon","coordinates":[[[-84.722763,39.154048],[-84.722816,39.153983],[-84.723055,39.1541],[-84.723002,39.154165],[-84.722763,39.154048]]]}},{"type":"Feature","properties":{"pid":"057000900353"},"geometry":{"type":"Polygon","coordinates":[[[-84.722816,39.153983],[-84.722869,39.153918],[-84.723107,39.154035],[-84.723055,39.1541],[-84.722816,39.153983]]]}},{"type":"Feature","properties":{"pid":"057300090042"},"geometry":{"type":"Polygon","coordinates":[[[-84.731519,39.148975],[-84.731512,39.148753],[-84.731798,39.148337],[-84.732171,39.148492],[-84.731804,39.149027],[-84.731519,39.148975]]]}},{"type":"Feature","properties":{"pid":"057300090036"},"geometry":{"type":"Polygon","coordinates":[[[-84.731582,39.148099],[-84.732183,39.147213],[-84.73246,39.147305],[-84.732448,39.1475],[-84.732651,39.147553],[-84.732126,39.148326],[-84.731582,39.148099]]]}},{"type":"Feature","properties":{"pid":"057300090083"},"geometry":{"type":"Polygon","coordinates":[[[-84.728576,39.147534],[-84.728607,39.147402],[-84.72885,39.147304],[-84.72938,39.147262],[-84.729456,39.147524],[-84.72916,39.147679],[-84.728576,39.147534]]]}},{"type":"Feature","properties":{"pid":"057300090079"},"geometry":{"type":"Polygon","coordinates":[[[-84.728725,39.1484],[-84.728363,39.14827],[-84.728673,39.147995],[-84.72897,39.14834],[-84.728725,39.1484]]]}},{"type":"Feature","properties":{"pid":"057300090080"},"geometry":{"type":"Polygon","coordinates":[[[-84.728363,39.14827],[-84.728123,39.148049],[-84.728125,39.147892],[-84.728487,39.147929],[-84.728673,39.147995],[-84.728363,39.14827]]]}},{"type":"Feature","properties":{"pid":"057300090082"},"geometry":{"type":"Polygon","coordinates":[[[-84.728314,39.147671],[-84.728576,39.147534],[-84.72916,39.147679],[-84.728897,39.147816],[-84.728314,39.147671]]]}},{"type":"Feature","properties":{"pid":"057300090091"},"geometry":{"type":"Polygon","coordinates":[[[-84.727486,39.148439],[-84.728011,39.148189],[-84.728159,39.148314],[-84.727737,39.148693],[-84.727486,39.148439]]]}},{"type":"Feature","properties":{"pid":"057300090094"},"geometry":{"type":"Polygon","coordinates":[[[-84.728354,39.148952],[-84.728533,39.148515],[-84.728746,39.148537],[-84.728773,39.149043],[-84.728354,39.148952]]]}},{"type":"Feature","properties":{"pid":"057300090095"},"geometry":{"type":"Polygon","coordinates":[[[-84.728773,39.149043],[-84.728746,39.148537],[-84.729006,39.148483],[-84.729848,39.148047],[-84.730116,39.14795],[-84.730359,39.147918],[-84.730772,39.147968],[-84.730764,39.148001],[-84.730276,39.147989],[-84.729641,39.148291],[-84.7289,39.149071],[-84.728773,39.149043]]]}},{"type":"Feature","properties":{"pid":"057300090026"},"geometry":{"type":"Polygon","coordinates":[[[-84.733555,39.15092],[-84.733838,39.150612],[-84.734169,39.150795],[-84.733884,39.151104],[-84.733555,39.15092]]]}},{"type":"Feature","properties":{"pid":"057300090025"},"geometry":{"type":"Polygon","coordinates":[[[-84.733225,39.150737],[-84.733508,39.150429],[-84.733838,39.150612],[-84.733555,39.15092],[-84.733225,39.150737]]]}},{"type":"Feature","properties":{"pid":"057300090024"},"geometry":{"type":"Polygon","coordinates":[[[-84.732895,39.150553],[-84.733178,39.150246],[-84.733508,39.150429],[-84.733225,39.150737],[-84.732895,39.150553]]]}},{"type":"Feature","properties":{"pid":"057300090023"},"geometry":{"type":"Polygon","coordinates":[[[-84.732895,39.150553],[-84.732572,39.150384],[-84.732815,39.150045],[-84.733178,39.150246],[-84.732895,39.150553]]]}},{"type":"Feature","properties":{"pid":"057300090022"},"geometry":{"type":"Polygon","coordinates":[[[-84.732572,39.150384],[-84.732217,39.150253],[-84.732417,39.149907],[-84.732815,39.150045],[-84.732572,39.150384]]]}},{"type":"Feature","properties":{"pid":"057300090021"},"geometry":{"type":"Polygon","coordinates":[[[-84.731847,39.150124],[-84.732046,39.149778],[-84.732417,39.149907],[-84.732217,39.150253],[-84.731847,39.150124]]]}},{"type":"Feature","properties":{"pid":"057300090020"},"geometry":{"type":"Polygon","coordinates":[[[-84.731477,39.149994],[-84.731676,39.14965],[-84.732046,39.149778],[-84.731847,39.150124],[-84.731477,39.149994]]]}},{"type":"Feature","properties":{"pid":"057300090019"},"geometry":{"type":"Polygon","coordinates":[[[-84.731107,39.149865],[-84.731306,39.149521],[-84.731676,39.14965],[-84.731477,39.149994],[-84.731107,39.149865]]]}},{"type":"Feature","properties":{"pid":"057300090018"},"geometry":{"type":"Polygon","coordinates":[[[-84.730737,39.149735],[-84.730935,39.149393],[-84.731306,39.149521],[-84.731107,39.149865],[-84.730737,39.149735]]]}},{"type":"Feature","properties":{"pid":"057300090017"},"geometry":{"type":"Polygon","coordinates":[[[-84.730553,39.14967],[-84.73042,39.149566],[-84.730303,39.149295],[-84.730517,39.149247],[-84.730935,39.149393],[-84.730737,39.149735],[-84.730553,39.14967]]]}},{"type":"Feature","properties":{"pid":"057300090013"},"geometry":{"type":"Polygon","coordinates":[[[-84.733082,39.149261],[-84.733339,39.148878],[-84.733738,39.14899],[-84.733449,39.149393],[-84.733082,39.149261]]]}},{"type":"Feature","properties":{"pid":"057300090011"},"geometry":{"type":"Polygon","coordinates":[[[-84.73472,39.150091],[-84.735127,39.149556],[-84.735539,39.149742],[-84.735242,39.150158],[-84.735273,39.150397],[-84.73472,39.150091]]]}},{"type":"Feature","properties":{"pid":"057300090010"},"geometry":{"type":"Polygon","coordinates":[[[-84.734403,39.149915],[-84.734794,39.149402],[-84.735127,39.149556],[-84.73472,39.150091],[-84.734403,39.149915]]]}},{"type":"Feature","properties":{"pid":"057300090009"},"geometry":{"type":"Polygon","coordinates":[[[-84.732655,39.149182],[-84.732935,39.148769],[-84.733339,39.148878],[-84.73308,39.14926],[-84.732655,39.149182]]]}},{"type":"Feature","properties":{"pid":"057300090005"},"geometry":{"type":"Polygon","coordinates":[[[-84.734086,39.149739],[-84.73446,39.149248],[-84.734794,39.149402],[-84.734403,39.149915],[-84.734086,39.149739]]]}},{"type":"Feature","properties":{"pid":"057000900280"},"geometry":{"type":"Polygon","coordinates":[[[-84.72216,39.148117],[-84.722941,39.149094],[-84.721865,39.149804],[-84.722428,39.150233],[-84.723954,39.150987],[-84.723908,39.151045],[-84.722431,39.150323],[-84.721914,39.149951],[-84.721341,39.149434],[-84.720994,39.149235],[-84.720478,39.14912],[-84.71935,39.149143],[-84.718687,39.149011],[-84.718721,39.148948],[-84.719129,39.149047],[-84.719706,39.149017],[-84.720271,39.147969],[-84.72216,39.148117]]]}},{"type":"Feature","properties":{"pid":"057000900321"},"geometry":{"type":"Polygon","coordinates":[[[-84.721624,39.145754],[-84.721618,39.144873],[-84.722251,39.14492],[-84.722255,39.14557],[-84.722219,39.145614],[-84.722189,39.145592],[-84.721624,39.145754]]]}},{"type":"Feature","properties":{"pid":"057300090001"},"geometry":{"type":"Polygon","coordinates":[[[-84.731225,39.147949],[-84.731809,39.147089],[-84.732183,39.147213],[-84.731582,39.148099],[-84.731225,39.147949]]]}},{"type":"Feature","properties":{"pid":"057300090015"},"geometry":{"type":"Polygon","coordinates":[[[-84.735012,39.149338],[-84.734618,39.149156],[-84.735773,39.147641],[-84.736132,39.147868],[-84.735012,39.149338]]]}},{"type":"Feature","properties":{"pid":"057300090039"},"geometry":{"type":"Polygon","coordinates":[[[-84.735012,39.149338],[-84.736132,39.147868],[-84.736126,39.148072],[-84.736409,39.148085],[-84.735452,39.149541],[-84.735012,39.149338]]]}},{"type":"Feature","properties":{"pid":"057300090044"},"geometry":{"type":"Polygon","coordinates":[[[-84.735964,39.149836],[-84.735785,39.149775],[-84.73583,39.149716],[-84.735452,39.149541],[-84.736409,39.148085],[-84.736623,39.148095],[-84.735964,39.149836]]]}},{"type":"Feature","properties":{"pid":"057300090096"},"geometry":{"type":"Polygon","coordinates":[[[-84.728615,39.14749],[-84.728351,39.147633],[-84.728158,39.147834],[-84.72811,39.14797],[-84.728195,39.148153],[-84.728599,39.148387],[-84.72891,39.148366],[-84.730032,39.147823],[-84.730061,39.14777],[-84.729969,39.147401],[-84.730084,39.147304],[-84.730178,39.147316],[-84.730247,39.147388],[-84.730198,39.147608],[-84.730247,39.147754],[-84.730806,39.147833],[-84.730772,39.147968],[-84.730359,39.147918],[-84.730116,39.14795],[-84.729848,39.148047],[-84.729006,39.148483],[-84.728813,39.148532],[-84.728603,39.148528],[-84.728402,39.148468],[-84.728077,39.148255],[-84.727986,39.148152],[-84.727934,39.147994],[-84.728011,39.147759],[-84.728417,39.147355],[-84.728523,39.147347],[-84.728607,39.147402],[-84.728615,39.14749]]]}},{"type":"Feature","properties":{"pid":"057300090092"},"geometry":{"type":"Polygon","coordinates":[[[-84.727912,39.14887],[-84.727737,39.148693],[-84.728159,39.148314],[-84.728343,39.148437],[-84.727912,39.14887]]]}},{"type":"Feature","properties":{"pid":"057300090081"},"geometry":{"type":"Polygon","coordinates":[[[-84.728487,39.147929],[-84.728125,39.147892],[-84.728314,39.147671],[-84.728897,39.147816],[-84.728673,39.147995],[-84.728487,39.147929]]]}},{"type":"Feature","properties":{"pid":"057300040110"},"geometry":{"type":"Polygon","coordinates":[[[-84.746641,39.150673],[-84.74662,39.150947],[-84.746444,39.150939],[-84.746465,39.150665],[-84.746641,39.150673]]]}},{"type":"Feature","properties":{"pid":"057300090073"},"geometry":{"type":"Polygon","coordinates":[[[-84.729491,39.147564],[-84.72938,39.147262],[-84.72965,39.147241],[-84.729989,39.147354],[-84.729989,39.147502],[-84.729491,39.147564]]]}},{"type":"Feature","properties":{"pid":"057300090074"},"geometry":{"type":"Polygon","coordinates":[[[-84.729491,39.147564],[-84.729989,39.147502],[-84.730051,39.147804],[-84.729791,39.147913],[-84.729491,39.147564]]]}},{"type":"Feature","properties":{"pid":"057300090075"},"geometry":{"type":"Polygon","coordinates":[[[-84.729251,39.147631],[-84.729456,39.147524],[-84.729791,39.147913],[-84.729585,39.148019],[-84.729251,39.147631]]]}},{"type":"Feature","properties":{"pid":"057300090076"},"geometry":{"type":"Polygon","coordinates":[[[-84.729046,39.147738],[-84.729251,39.147631],[-84.729585,39.148019],[-84.72938,39.148126],[-84.729046,39.147738]]]}},{"type":"Feature","properties":{"pid":"057300090077"},"geometry":{"type":"Polygon","coordinates":[[[-84.728841,39.147845],[-84.729046,39.147738],[-84.72938,39.148126],[-84.729175,39.148233],[-84.728841,39.147845]]]}},{"type":"Feature","properties":{"pid":"057300090078"},"geometry":{"type":"Polygon","coordinates":[[[-84.728673,39.147995],[-84.728841,39.147845],[-84.729175,39.148233],[-84.72897,39.14834],[-84.728673,39.147995]]]}},{"type":"Feature","properties":{"pid":"057000900354"},"geometry":{"type":"Polygon","coordinates":[[[-84.722869,39.153918],[-84.722928,39.153846],[-84.723166,39.153963],[-84.723107,39.154035],[-84.722869,39.153918]]]}},{"type":"Feature","properties":{"pid":"057000900355"},"geometry":{"type":"Polygon","coordinates":[[[-84.722953,39.153815],[-84.723013,39.153744],[-84.723249,39.153864],[-84.723189,39.153936],[-84.722953,39.153815]]]}},{"type":"Feature","properties":{"pid":"057000900356"},"geometry":{"type":"Polygon","coordinates":[[[-84.723013,39.153744],[-84.723067,39.15368],[-84.723303,39.1538],[-84.723249,39.153864],[-84.723013,39.153744]]]}},{"type":"Feature","properties":{"pid":"057000900357"},"geometry":{"type":"Polygon","coordinates":[[[-84.723067,39.15368],[-84.723121,39.153615],[-84.723357,39.153736],[-84.723303,39.1538],[-84.723067,39.15368]]]}},{"type":"Feature","properties":{"pid":"057000900358"},"geometry":{"type":"Polygon","coordinates":[[[-84.723121,39.153615],[-84.723175,39.153551],[-84.723411,39.153672],[-84.723357,39.153736],[-84.723121,39.153615]]]}},{"type":"Feature","properties":{"pid":"057000900359"},"geometry":{"type":"Polygon","coordinates":[[[-84.723175,39.153551],[-84.723229,39.153487],[-84.723465,39.153607],[-84.723411,39.153672],[-84.723175,39.153551]]]}},{"type":"Feature","properties":{"pid":"057000900360"},"geometry":{"type":"Polygon","coordinates":[[[-84.723229,39.153487],[-84.723289,39.153416],[-84.723525,39.153536],[-84.723465,39.153607],[-84.723229,39.153487]]]}},{"type":"Feature","properties":{"pid":"057000900361"},"geometry":{"type":"Polygon","coordinates":[[[-84.723378,39.153408],[-84.723446,39.153341],[-84.723667,39.153478],[-84.723599,39.153544],[-84.723378,39.153408]]]}},{"type":"Feature","properties":{"pid":"057000900362"},"geometry":{"type":"Polygon","coordinates":[[[-84.723446,39.153341],[-84.723507,39.153281],[-84.723728,39.153417],[-84.723667,39.153478],[-84.723446,39.153341]]]}},{"type":"Feature","properties":{"pid":"057000900363"},"geometry":{"type":"Polygon","coordinates":[[[-84.723507,39.153281],[-84.723568,39.153221],[-84.723789,39.153357],[-84.723728,39.153417],[-84.723507,39.153281]]]}},{"type":"Feature","properties":{"pid":"057000900364"},"geometry":{"type":"Polygon","coordinates":[[[-84.723568,39.153221],[-84.723636,39.153154],[-84.723857,39.15329],[-84.723789,39.153357],[-84.723568,39.153221]]]}},{"type":"Feature","properties":{"pid":"057000900365"},"geometry":{"type":"Polygon","coordinates":[[[-84.722406,39.153722],[-84.722514,39.153708],[-84.722559,39.153925],[-84.722452,39.153939],[-84.722406,39.153722]]]}},{"type":"Feature","properties":{"pid":"057000900366"},"geometry":{"type":"Polygon","coordinates":[[[-84.722308,39.153735],[-84.722406,39.153722],[-84.722452,39.153939],[-84.722354,39.153951],[-84.722308,39.153735]]]}},{"type":"Feature","properties":{"pid":"057000900367"},"geometry":{"type":"Polygon","coordinates":[[[-84.722211,39.153747],[-84.722308,39.153735],[-84.722354,39.153951],[-84.722257,39.153964],[-84.722211,39.153747]]]}},{"type":"Feature","properties":{"pid":"057000900368"},"geometry":{"type":"Polygon","coordinates":[[[-84.722103,39.153761],[-84.722211,39.153747],[-84.722257,39.153964],[-84.722149,39.153978],[-84.722103,39.153761]]]}},{"type":"Feature","properties":{"pid":"063003000046"},"geometry":{"type":"Polygon","coordinates":[[[-84.809414,39.154039],[-84.80701,39.155437],[-84.80697,39.147155],[-84.809324,39.147163],[-84.809367,39.153933],[-84.809414,39.154039]]]}},{"type":"Feature","properties":{"pid":"063003000057"},"geometry":{"type":"Polygon","coordinates":[[[-84.809948,39.15397],[-84.807095,39.15598],[-84.80655,39.156479],[-84.806129,39.156955],[-84.806122,39.156494],[-84.805158,39.157128],[-84.805022,39.156919],[-84.80454,39.157097],[-84.804439,39.156988],[-84.804608,39.15689],[-84.805479,39.15655],[-84.805412,39.156438],[-84.810194,39.153686],[-84.810322,39.153771],[-84.809948,39.15397]]]}},{"type":"Feature","properties":{"pid":"063003000037"},"geometry":{"type":"Polygon","coordinates":[[[-84.804647,39.156786],[-84.804325,39.156249],[-84.805135,39.155976],[-84.805372,39.156371],[-84.804647,39.156786]]]}},{"type":"Feature","properties":{"pid":"057000500254"},"geometry":{"type":"Polygon","coordinates":[[[-84.701462,39.148774],[-84.701605,39.148692],[-84.702034,39.148186],[-84.701152,39.146207],[-84.701406,39.14615],[-84.701744,39.14594],[-84.702818,39.145671],[-84.70348,39.144835],[-84.703625,39.144968],[-84.703438,39.146631],[-84.70152,39.148809],[-84.701462,39.148774]]]}},{"type":"Feature","properties":{"pid":"063003000258"},"geometry":{"type":"Polygon","coordinates":[[[-84.801816,39.156027],[-84.801816,39.155417],[-84.806787,39.15556],[-84.805372,39.156371],[-84.805135,39.155976],[-84.804325,39.156249],[-84.803913,39.156781],[-84.801816,39.156027]]]}},{"type":"Feature","properties":{"pid":"063003000034"},"geometry":{"type":"Polygon","coordinates":[[[-84.80439,39.156946],[-84.803962,39.156717],[-84.804325,39.156249],[-84.804647,39.156786],[-84.80439,39.156946]]]}},{"type":"Feature","properties":{"pid":"063002100008"},"geometry":{"type":"Polygon","coordinates":[[[-84.800985,39.149587],[-84.801812,39.148799],[-84.801816,39.156027],[-84.798715,39.154927],[-84.798773,39.154827],[-84.798332,39.154629],[-84.798315,39.151011],[-84.800985,39.149587]]]}},{"type":"Feature","properties":{"pid":"063003000048"},"geometry":{"type":"Polygon","coordinates":[[[-84.806787,39.15556],[-84.804683,39.155499],[-84.804664,39.151618],[-84.806991,39.15163],[-84.80701,39.155437],[-84.806787,39.15556]]]}},{"type":"Feature","properties":{"pid":"057002300141"},"geometry":{"type":"Polygon","coordinates":[[[-84.777019,39.144963],[-84.777113,39.144184],[-84.778601,39.144283],[-84.778515,39.145062],[-84.777019,39.144963]]]}},{"type":"Feature","properties":{"pid":"057002300146"},"geometry":{"type":"Polygon","coordinates":[[[-84.773467,39.146455],[-84.773475,39.146362],[-84.773635,39.144571],[-84.775293,39.145937],[-84.774575,39.146512],[-84.773467,39.146455]]]}},{"type":"Feature","properties":{"pid":"057002400177"},"geometry":{"type":"Polygon","coordinates":[[[-84.780132,39.143713],[-84.779429,39.143669],[-84.779586,39.142103],[-84.780284,39.142203],[-84.780132,39.143713]]]}},{"type":"Feature","properties":{"pid":"057002400178"},"geometry":{"type":"Polygon","coordinates":[[[-84.780835,39.143758],[-84.780132,39.143713],[-84.780284,39.142203],[-84.780981,39.142302],[-84.780835,39.143758]]]}},{"type":"Feature","properties":{"pid":"057002400179"},"geometry":{"type":"Polygon","coordinates":[[[-84.781538,39.143803],[-84.780835,39.143758],[-84.780981,39.142302],[-84.781678,39.142402],[-84.781538,39.143803]]]}},{"type":"Feature","properties":{"pid":"057002400181"},"geometry":{"type":"Polygon","coordinates":[[[-84.7833,39.143915],[-84.78224,39.143847],[-84.782376,39.142501],[-84.783421,39.14265],[-84.7833,39.143915]]]}},{"type":"Feature","properties":{"pid":"057002400191"},"geometry":{"type":"Polygon","coordinates":[[[-84.781889,39.143825],[-84.781538,39.143803],[-84.781678,39.142402],[-84.782027,39.142451],[-84.781889,39.143825]]]}},{"type":"Feature","properties":{"pid":"057002400176"},"geometry":{"type":"Polygon","coordinates":[[[-84.779429,39.143669],[-84.778726,39.143624],[-84.778889,39.142004],[-84.779586,39.142103],[-84.779429,39.143669]]]}},{"type":"Feature","properties":{"pid":"057000500309"},"geometry":{"type":"Polygon","coordinates":[[[-84.706084,39.145998],[-84.706168,39.146196],[-84.706169,39.14636],[-84.705436,39.146266],[-84.705446,39.146062],[-84.706084,39.145998]]]}},{"type":"Feature","properties":{"pid":"057000500310"},"geometry":{"type":"Polygon","coordinates":[[[-84.705436,39.146266],[-84.706169,39.14636],[-84.706021,39.146653],[-84.705332,39.146515],[-84.705436,39.146266]]]}},{"type":"Feature","properties":{"pid":"057000500308"},"geometry":{"type":"Polygon","coordinates":[[[-84.705481,39.145276],[-84.706135,39.145898],[-84.706084,39.145998],[-84.705446,39.146062],[-84.705481,39.145276]]]}},{"type":"Feature","properties":{"pid":"057000500306"},"geometry":{"type":"Polygon","coordinates":[[[-84.707748,39.145708],[-84.70636,39.145958],[-84.706268,39.145879],[-84.707089,39.144006],[-84.707748,39.145708]]]}},{"type":"Feature","properties":{"pid":"057000500297"},"geometry":{"type":"Polygon","coordinates":[[[-84.707088,39.147582],[-84.707074,39.147726],[-84.706563,39.148102],[-84.706324,39.147762],[-84.707088,39.147582]]]}},{"type":"Feature","properties":{"pid":"057000500299"},"geometry":{"type":"Polygon","coordinates":[[[-84.707101,39.147453],[-84.707118,39.147288],[-84.706222,39.147499],[-84.706201,39.147446],[-84.707123,39.147229],[-84.707139,39.14707],[-84.708182,39.146825],[-84.708315,39.147167],[-84.707101,39.147453]]]}},{"type":"Feature","properties":{"pid":"057000500292"},"geometry":{"type":"Polygon","coordinates":[[[-84.707247,39.148546],[-84.707694,39.148122],[-84.707803,39.148191],[-84.708166,39.148106],[-84.70752,39.14872],[-84.707247,39.148546]]]}},{"type":"Feature","properties":{"pid":"057000500291"},"geometry":{"type":"Polygon","coordinates":[[[-84.707793,39.148894],[-84.70752,39.14872],[-84.708166,39.148106],[-84.708636,39.147995],[-84.708664,39.148066],[-84.707793,39.148894]]]}},{"type":"Feature","properties":{"pid":"057000500301"},"geometry":{"type":"Polygon","coordinates":[[[-84.707072,39.147039],[-84.707057,39.147188],[-84.706181,39.147394],[-84.706087,39.147047],[-84.707072,39.147039]]]}},{"type":"Feature","properties":{"pid":"057000500302"},"geometry":{"type":"Polygon","coordinates":[[[-84.707078,39.146979],[-84.707072,39.147039],[-84.706087,39.147047],[-84.706207,39.146669],[-84.707078,39.146979]]]}},{"type":"Feature","properties":{"pid":"057000500303"},"geometry":{"type":"Polygon","coordinates":[[[-84.707218,39.14662],[-84.707104,39.146724],[-84.707078,39.146979],[-84.706207,39.146669],[-84.706329,39.146439],[-84.707218,39.14662]]]}},{"type":"Feature","properties":{"pid":"057000900375"},"geometry":{"type":"Polygon","coordinates":[[[-84.721643,39.154025],[-84.721739,39.154006],[-84.721813,39.154225],[-84.721718,39.154245],[-84.721643,39.154025]]]}},{"type":"Feature","properties":{"pid":"057000900376"},"geometry":{"type":"Polygon","coordinates":[[[-84.721813,39.154225],[-84.721739,39.154006],[-84.721855,39.153982],[-84.721927,39.154196],[-84.721813,39.154225]]]}},{"type":"Feature","properties":{"pid":"057300090004"},"geometry":{"type":"Polygon","coordinates":[[[-84.733768,39.149564],[-84.734117,39.149107],[-84.73446,39.149248],[-84.734086,39.149739],[-84.733768,39.149564]]]}},{"type":"Feature","properties":{"pid":"057300090007"},"geometry":{"type":"Polygon","coordinates":[[[-84.733768,39.149564],[-84.733449,39.149393],[-84.733738,39.14899],[-84.734117,39.149107],[-84.733768,39.149564]]]}},{"type":"Feature","properties":{"pid":"057300090031"},"geometry":{"type":"Polygon","coordinates":[[[-84.731804,39.149027],[-84.732171,39.148492],[-84.732542,39.148643],[-84.732229,39.149105],[-84.731804,39.149027]]]}},{"type":"Feature","properties":{"pid":"057300090038"},"geometry":{"type":"Polygon","coordinates":[[[-84.732229,39.149105],[-84.732542,39.148643],[-84.732935,39.148769],[-84.732655,39.149182],[-84.732229,39.149105]]]}},{"type":"Feature","properties":{"pid":"057000500287"},"geometry":{"type":"Polygon","coordinates":[[[-84.709483,39.150534],[-84.7092,39.149937],[-84.70906,39.14974],[-84.70861,39.149416],[-84.709031,39.149015],[-84.709602,39.150489],[-84.709483,39.150534]]]}},{"type":"Feature","properties":{"pid":"057000500300"},"geometry":{"type":"Polygon","coordinates":[[[-84.708182,39.146825],[-84.707139,39.14707],[-84.707123,39.147229],[-84.706201,39.147446],[-84.706181,39.147394],[-84.707057,39.147188],[-84.707104,39.146724],[-84.707871,39.146023],[-84.708182,39.146825]]]}},{"type":"Feature","properties":{"pid":"057000500298"},"geometry":{"type":"Polygon","coordinates":[[[-84.707088,39.147582],[-84.706324,39.147762],[-84.706222,39.147499],[-84.707118,39.147288],[-84.707088,39.147582]]]}},{"type":"Feature","properties":{"pid":"057000500295"},"geometry":{"type":"Polygon","coordinates":[[[-84.707074,39.147726],[-84.707101,39.147453],[-84.708315,39.147167],[-84.708443,39.147496],[-84.707596,39.147695],[-84.70692,39.148337],[-84.706865,39.148303],[-84.707312,39.147878],[-84.707074,39.147726]]]}},{"type":"Feature","properties":{"pid":"057000500294"},"geometry":{"type":"Polygon","coordinates":[[[-84.708636,39.147995],[-84.707803,39.148191],[-84.707421,39.147948],[-84.706974,39.148372],[-84.70692,39.148337],[-84.707596,39.147695],[-84.708443,39.147496],[-84.708636,39.147995]]]}},{"type":"Feature","properties":{"pid":"057000500315"},"geometry":{"type":"Polygon","coordinates":[[[-84.704317,39.147646],[-84.703936,39.147069],[-84.705909,39.14705],[-84.705953,39.147283],[-84.704317,39.147646]]]}},{"type":"Feature","properties":{"pid":"057000500293"},"geometry":{"type":"Polygon","coordinates":[[[-84.707247,39.148546],[-84.706974,39.148372],[-84.707421,39.147948],[-84.707694,39.148122],[-84.707247,39.148546]]]}},{"type":"Feature","properties":{"pid":"057000500296"},"geometry":{"type":"Polygon","coordinates":[[[-84.707074,39.147726],[-84.707312,39.147878],[-84.706865,39.148303],[-84.706563,39.148102],[-84.707074,39.147726]]]}},{"type":"Feature","properties":{"pid":"057000500290"},"geometry":{"type":"Polygon","coordinates":[[[-84.708785,39.148382],[-84.708064,39.149068],[-84.707793,39.148894],[-84.708664,39.148066],[-84.708785,39.148382]]]}},{"type":"Feature","properties":{"pid":"057000500286"},"geometry":{"type":"Polygon","coordinates":[[[-84.709483,39.150534],[-84.709602,39.150489],[-84.710527,39.150665],[-84.710371,39.15096],[-84.710102,39.151208],[-84.710035,39.151197],[-84.709483,39.150534]]]}},{"type":"Feature","properties":{"pid":"063002900047"},"geometry":{"type":"Polygon","coordinates":[[[-84.810879,39.161468],[-84.811403,39.161472],[-84.811867,39.162273],[-84.811701,39.162427],[-84.811267,39.162693],[-84.810541,39.162934],[-84.810125,39.163166],[-84.807442,39.165434],[-84.80607,39.165429],[-84.807455,39.164186],[-84.808193,39.163595],[-84.810033,39.162305],[-84.810879,39.161468]]]}},{"type":"Feature","properties":{"pid":"063002900050"},"geometry":{"type":"Polygon","coordinates":[[[-84.811867,39.162273],[-84.811403,39.161472],[-84.812572,39.16148],[-84.811922,39.162212],[-84.811867,39.162273]]]}},{"type":"Feature","properties":{"pid":"063003000217"},"geometry":{"type":"Polygon","coordinates":[[[-84.812572,39.16148],[-84.811356,39.161472],[-84.811365,39.161065],[-84.812154,39.160415],[-84.813996,39.159951],[-84.813662,39.160234],[-84.812572,39.16148]]]}},{"type":"Feature","properties":{"pid":"063003000240"},"geometry":{"type":"Polygon","coordinates":[[[-84.809975,39.160941],[-84.811366,39.160598],[-84.811365,39.161065],[-84.811046,39.161329],[-84.810628,39.161103],[-84.809975,39.160941]]]}},{"type":"Feature","properties":{"pid":"063003000242"},"geometry":{"type":"Polygon","coordinates":[[[-84.810897,39.161451],[-84.810033,39.162305],[-84.808932,39.163077],[-84.808244,39.161251],[-84.80865,39.161157],[-84.80868,39.161235],[-84.809376,39.161093],[-84.809878,39.161092],[-84.810364,39.161193],[-84.810897,39.161451]]]}},{"type":"Feature","properties":{"pid":"057000900369"},"geometry":{"type":"Polygon","coordinates":[[[-84.721744,39.153448],[-84.722046,39.153935],[-84.722379,39.154127],[-84.722448,39.154113],[-84.72261,39.153926],[-84.722657,39.153704],[-84.722748,39.153668],[-84.722847,39.153696],[-84.722874,39.153808],[-84.722572,39.154195],[-84.723171,39.154509],[-84.72309,39.1546],[-84.722013,39.154073],[-84.721355,39.153175],[-84.721496,39.153152],[-84.721744,39.153448]]]}},{"type":"Feature","properties":{"pid":"057001700064"},"geometry":{"type":"Polygon","coordinates":[[[-84.760533,39.155361],[-84.760364,39.15497],[-84.760511,39.15488],[-84.76068,39.15527],[-84.760533,39.155361]]]}},{"type":"Feature","properties":{"pid":"057000900374"},"geometry":{"type":"Polygon","coordinates":[[[-84.721622,39.154265],[-84.721548,39.154045],[-84.721643,39.154025],[-84.721718,39.154245],[-84.721622,39.154265]]]}},{"type":"Feature","properties":{"pid":"057000400262"},"geometry":{"type":"Polygon","coordinates":[[[-84.70062,39.154803],[-84.698491,39.154711],[-84.698523,39.154375],[-84.700658,39.1544],[-84.70062,39.154803]]]}},{"type":"Feature","properties":{"pid":"057000400485"},"geometry":{"type":"Polygon","coordinates":[[[-84.698396,39.154969],[-84.690706,39.154458],[-84.690754,39.15391],[-84.698377,39.154417],[-84.69758,39.152842],[-84.697646,39.152821],[-84.698451,39.154387],[-84.698396,39.154969]]]}},{"type":"Feature","properties":{"pid":"057000400486"},"geometry":{"type":"Polygon","coordinates":[[[-84.697646,39.152821],[-84.697697,39.152763],[-84.698523,39.15437],[-84.698416,39.155512],[-84.690657,39.155021],[-84.690706,39.154458],[-84.698396,39.154969],[-84.698451,39.154387],[-84.697646,39.152821]]]}},{"type":"Feature","properties":{"pid":"057000500263"},"geometry":{"type":"Polygon","coordinates":[[[-84.69797,39.149542],[-84.698451,39.15058],[-84.698047,39.150749],[-84.697924,39.150622],[-84.696542,39.149685],[-84.697069,39.148643],[-84.69797,39.149542]]]}},{"type":"Feature","properties":{"pid":"057000500264"},"geometry":{"type":"Polygon","coordinates":[[[-84.697583,39.150937],[-84.696261,39.150621],[-84.696284,39.150196],[-84.696542,39.149685],[-84.697924,39.150622],[-84.698047,39.150749],[-84.69776,39.151014],[-84.697583,39.150937]]]}},{"type":"Feature","properties":{"pid":"057000500265"},"geometry":{"type":"Polygon","coordinates":[[[-84.696261,39.150621],[-84.697583,39.150937],[-84.69776,39.151014],[-84.697616,39.151349],[-84.69623,39.151205],[-84.696261,39.150621]]]}},{"type":"Feature","properties":{"pid":"057000500266"},"geometry":{"type":"Polygon","coordinates":[[[-84.696205,39.151673],[-84.69623,39.151205],[-84.697616,39.151349],[-84.697576,39.151751],[-84.696205,39.151673]]]}},{"type":"Feature","properties":{"pid":"057000500267"},"geometry":{"type":"Polygon","coordinates":[[[-84.696205,39.151673],[-84.697576,39.151751],[-84.697522,39.152325],[-84.696174,39.152248],[-84.696205,39.151673]]]}},{"type":"Feature","properties":{"pid":"057000500280"},"geometry":{"type":"Polygon","coordinates":[[[-84.701465,39.15193],[-84.700653,39.152416],[-84.700123,39.152145],[-84.700684,39.151478],[-84.701284,39.151788],[-84.701465,39.15193]]]}},{"type":"Feature","properties":{"pid":"057000500281"},"geometry":{"type":"Polygon","coordinates":[[[-84.700796,39.152669],[-84.7008,39.152491],[-84.700653,39.152416],[-84.701465,39.15193],[-84.701656,39.152254],[-84.701675,39.152469],[-84.701619,39.15268],[-84.700796,39.152669]]]}},{"type":"Feature","properties":{"pid":"057000500282"},"geometry":{"type":"Polygon","coordinates":[[[-84.700777,39.153515],[-84.700796,39.152669],[-84.701619,39.15268],[-84.701425,39.153078],[-84.701344,39.153522],[-84.700777,39.153515]]]}},{"type":"Feature","properties":{"pid":"057000500283"},"geometry":{"type":"Polygon","coordinates":[[[-84.701288,39.154325],[-84.700763,39.154323],[-84.700777,39.153515],[-84.701344,39.153522],[-84.701327,39.154288],[-84.701288,39.154325]]]}},{"type":"Feature","properties":{"pid":"057000900022"},"geometry":{"type":"Polygon","coordinates":[[[-84.707592,39.150733],[-84.707198,39.150474],[-84.707869,39.149838],[-84.708329,39.150132],[-84.707592,39.150733]]]}},{"type":"Feature","properties":{"pid":"057000500256"},"geometry":{"type":"Polygon","coordinates":[[[-84.701361,39.148771],[-84.700644,39.14923],[-84.699552,39.146779],[-84.700115,39.146683],[-84.70036,39.146517],[-84.701361,39.148771]]]}},{"type":"Feature","properties":{"pid":"063002900066"},"geometry":{"type":"Polygon","coordinates":[[[-84.81315,39.165446],[-84.807729,39.165434],[-84.810257,39.163286],[-84.810657,39.163067],[-84.811488,39.162782],[-84.811965,39.162451],[-84.812991,39.164242],[-84.812992,39.165088],[-84.813155,39.165148],[-84.81315,39.165446]]]}},{"type":"Feature","properties":{"pid":"063002900013"},"geometry":{"type":"Polygon","coordinates":[[[-84.811965,39.162451],[-84.812831,39.161481],[-84.813252,39.162001],[-84.813881,39.163092],[-84.812594,39.163542],[-84.811965,39.162451]]]}},{"type":"Feature","properties":{"pid":"063002900052"},"geometry":{"type":"Polygon","coordinates":[[[-84.803929,39.167563],[-84.804504,39.166855],[-84.80607,39.165429],[-84.807442,39.165434],[-84.806366,39.166283],[-84.805456,39.167164],[-84.804497,39.168583],[-84.804038,39.169379],[-84.802807,39.169407],[-84.80318,39.168711],[-84.803929,39.167563]]]}},{"type":"Feature","properties":{"pid":"063002900065"},"geometry":{"type":"Polygon","coordinates":[[[-84.807262,39.16708],[-84.807239,39.166523],[-84.80636,39.166535],[-84.80701,39.165976],[-84.807729,39.165434],[-84.80786,39.165434],[-84.80785,39.167083],[-84.807262,39.16708]]]}},{"type":"Feature","properties":{"pid":"057002400076"},"geometry":{"type":"Polygon","coordinates":[[[-84.783737,39.129012],[-84.781924,39.132034],[-84.7816,39.131925],[-84.783359,39.12899],[-84.783737,39.129012]]]}},{"type":"Feature","properties":{"pid":"063003000261"},"geometry":{"type":"Polygon","coordinates":[[[-84.818811,39.157788],[-84.818808,39.157257],[-84.819129,39.157285],[-84.819036,39.156935],[-84.820216,39.156751],[-84.820218,39.157234],[-84.818811,39.157788]]]}},{"type":"Feature","properties":{"pid":"057002400007"},"geometry":{"type":"Polygon","coordinates":[[[-84.76966,39.143051],[-84.766644,39.142866],[-84.767076,39.142511],[-84.770064,39.142693],[-84.76966,39.143051]]]}},{"type":"Feature","properties":{"pid":"057300040111"},"geometry":{"type":"Polygon","coordinates":[[[-84.746817,39.150681],[-84.746796,39.150955],[-84.74662,39.150947],[-84.746641,39.150673],[-84.746817,39.150681]]]}},{"type":"Feature","properties":{"pid":"057300040029"},"geometry":{"type":"Polygon","coordinates":[[[-84.748582,39.154895],[-84.748602,39.154928],[-84.748328,39.154991],[-84.748288,39.154883],[-84.748582,39.154895]]]}},{"type":"Feature","properties":{"pid":"057300040030"},"geometry":{"type":"Polygon","coordinates":[[[-84.748288,39.154883],[-84.748328,39.154991],[-84.747884,39.155],[-84.747894,39.154863],[-84.748288,39.154883]]]}},{"type":"Feature","properties":{"pid":"057300040036"},"geometry":{"type":"Polygon","coordinates":[[[-84.747884,39.155],[-84.747535,39.154978],[-84.747544,39.154781],[-84.7479,39.154779],[-84.747884,39.155]]]}},{"type":"Feature","properties":{"pid":"057002300080"},"geometry":{"type":"Polygon","coordinates":[[[-84.783111,39.145967],[-84.782765,39.149732],[-84.780602,39.149619],[-84.780984,39.145827],[-84.781493,39.145746],[-84.782377,39.145971],[-84.783111,39.145967]]]}},{"type":"Feature","properties":{"pid":"057002800005"},"geometry":{"type":"Polygon","coordinates":[[[-84.789255,39.148108],[-84.795278,39.1498],[-84.795311,39.149869],[-84.795238,39.150152],[-84.794856,39.151156],[-84.79398,39.152459],[-84.793863,39.152565],[-84.788373,39.150211],[-84.789128,39.148039],[-84.789255,39.148108]]]}},{"type":"Feature","properties":{"pid":"057002400039"},"geometry":{"type":"Polygon","coordinates":[[[-84.782982,39.128967],[-84.783359,39.12899],[-84.7816,39.131925],[-84.781276,39.131817],[-84.782982,39.128967]]]}},{"type":"Feature","properties":{"pid":"057002400069"},"geometry":{"type":"Polygon","coordinates":[[[-84.781849,39.128899],[-84.782227,39.128921],[-84.780629,39.1316],[-84.780305,39.131492],[-84.781849,39.128899]]]}},{"type":"Feature","properties":{"pid":"057002400072"},"geometry":{"type":"Polygon","coordinates":[[[-84.781924,39.132034],[-84.783737,39.129012],[-84.784316,39.129047],[-84.78241,39.132196],[-84.781924,39.132034]]]}},{"type":"Feature","properties":{"pid":"057002400073"},"geometry":{"type":"Polygon","coordinates":[[[-84.782982,39.128967],[-84.781276,39.131817],[-84.780952,39.131709],[-84.782604,39.128944],[-84.782982,39.128967]]]}},{"type":"Feature","properties":{"pid":"057002400077"},"geometry":{"type":"Polygon","coordinates":[[[-84.782604,39.128944],[-84.780952,39.131709],[-84.780629,39.1316],[-84.782227,39.128921],[-84.782604,39.128944]]]}},{"type":"Feature","properties":{"pid":"057000500270"},"geometry":{"type":"Polygon","coordinates":[[[-84.696447,39.153738],[-84.697349,39.152781],[-84.697436,39.152783],[-84.697499,39.152832],[-84.698019,39.153842],[-84.696447,39.153738]]]}},{"type":"Feature","properties":{"pid":"063002810010"},"geometry":{"type":"Polygon","coordinates":[[[-84.806074,39.18446],[-84.807317,39.184273],[-84.807183,39.18191],[-84.807598,39.180611],[-84.808828,39.180612],[-84.808829,39.179526],[-84.811052,39.179527],[-84.811152,39.179481],[-84.81114,39.173338],[-84.814914,39.173335],[-84.814746,39.173699],[-84.814568,39.174546],[-84.813771,39.17586],[-84.811217,39.175864],[-84.811223,39.179512],[-84.811072,39.179582],[-84.808899,39.179581],[-84.808899,39.180667],[-84.807653,39.180666],[-84.807254,39.181915],[-84.807391,39.184318],[-84.806181,39.184499],[-84.806074,39.18446]]]}},{"type":"Feature","properties":{"pid":"057002400143"},"geometry":{"type":"Polygon","coordinates":[[[-84.765962,39.142824],[-84.764677,39.142746],[-84.764199,39.142054],[-84.76421,39.141995],[-84.764581,39.141722],[-84.765962,39.142824]]]}},{"type":"Feature","properties":{"pid":"057002200004"},"geometry":{"type":"Polygon","coordinates":[[[-84.766219,39.159454],[-84.76663,39.158775],[-84.767129,39.158976],[-84.766914,39.159331],[-84.766653,39.159226],[-84.766451,39.159547],[-84.766219,39.159454]]]}},{"type":"Feature","properties":{"pid":"057002200028"},"geometry":{"type":"Polygon","coordinates":[[[-84.765118,39.158975],[-84.764762,39.159615],[-84.76274,39.159285],[-84.762551,39.159284],[-84.762609,39.15875],[-84.764458,39.158885],[-84.765118,39.158975]]]}},{"type":"Feature","properties":{"pid":"057002300114"},"geometry":{"type":"Polygon","coordinates":[[[-84.764583,39.152707],[-84.764722,39.152455],[-84.768471,39.153785],[-84.76824,39.154001],[-84.764583,39.152707]]]}},{"type":"Feature","properties":{"pid":"057002200029"},"geometry":{"type":"Polygon","coordinates":[[[-84.76737,39.159071],[-84.767169,39.159434],[-84.766914,39.159331],[-84.767129,39.158976],[-84.76737,39.159071]]]}},{"type":"Feature","properties":{"pid":"057002200019"},"geometry":{"type":"Polygon","coordinates":[[[-84.771085,39.158168],[-84.771284,39.159856],[-84.770194,39.159801],[-84.770072,39.158691],[-84.769238,39.158594],[-84.769454,39.158078],[-84.771085,39.158168]]]}},{"type":"Feature","properties":{"pid":"057002200013"},"geometry":{"type":"Polygon","coordinates":[[[-84.767854,39.159684],[-84.768482,39.159852],[-84.76835,39.160193],[-84.767702,39.160014],[-84.767854,39.159684]]]}},{"type":"Feature","properties":{"pid":"057002300035"},"geometry":{"type":"Polygon","coordinates":[[[-84.764816,39.155157],[-84.767527,39.154487],[-84.767336,39.154643],[-84.767022,39.155196],[-84.767075,39.155764],[-84.765246,39.15596],[-84.765281,39.155753],[-84.765216,39.15551],[-84.765063,39.155318],[-84.764816,39.155157]]]}},{"type":"Feature","properties":{"pid":"057002200008"},"geometry":{"type":"Polygon","coordinates":[[[-84.766987,39.159762],[-84.766741,39.160146],[-84.766401,39.160061],[-84.766674,39.159636],[-84.766987,39.159762]]]}},{"type":"Feature","properties":{"pid":"057002700046"},"geometry":{"type":"Polygon","coordinates":[[[-84.785276,39.132522],[-84.784971,39.132474],[-84.785029,39.13179],[-84.785481,39.131945],[-84.785276,39.132522]]]}},{"type":"Feature","properties":{"pid":"057002700063"},"geometry":{"type":"Polygon","coordinates":[[[-84.786357,39.133088],[-84.787285,39.132652],[-84.78737,39.132885],[-84.786514,39.133287],[-84.786357,39.133088]]]}},{"type":"Feature","properties":{"pid":"057002700032"},"geometry":{"type":"Polygon","coordinates":[[[-84.790955,39.13906],[-84.790503,39.139034],[-84.790556,39.138126],[-84.791,39.138235],[-84.790955,39.13906]]]}},{"type":"Feature","properties":{"pid":"063002900068"},"geometry":{"type":"Polygon","coordinates":[[[-84.80853,39.168254],[-84.808304,39.169327],[-84.808875,39.169415],[-84.809037,39.169333],[-84.80958,39.169416],[-84.810647,39.168878],[-84.810741,39.172287],[-84.804873,39.172283],[-84.80486,39.169715],[-84.805726,39.169689],[-84.805899,39.168441],[-84.807306,39.168235],[-84.8073,39.167604],[-84.808413,39.167607],[-84.80853,39.168254]]]}},{"type":"Feature","properties":{"pid":"057002700057"},"geometry":{"type":"Polygon","coordinates":[[[-84.796478,39.135786],[-84.795714,39.135575],[-84.796039,39.134866],[-84.796802,39.135075],[-84.796478,39.135786]]]}},{"type":"Feature","properties":{"pid":"057002200001"},"geometry":{"type":"Polygon","coordinates":[[[-84.764194,39.15713],[-84.764007,39.158847],[-84.762757,39.158761],[-84.762659,39.158258],[-84.762793,39.157],[-84.764194,39.15713]]]}},{"type":"Feature","properties":{"pid":"057002300126"},"geometry":{"type":"Polygon","coordinates":[[[-84.768471,39.153785],[-84.767447,39.153421],[-84.767325,39.152575],[-84.766699,39.152191],[-84.765169,39.151648],[-84.765197,39.151598],[-84.766735,39.152143],[-84.767379,39.152539],[-84.768141,39.152044],[-84.769351,39.153173],[-84.769115,39.153254],[-84.768471,39.153785]]]}},{"type":"Feature","properties":{"pid":"057002200017"},"geometry":{"type":"Polygon","coordinates":[[[-84.77015,39.160345],[-84.770194,39.159801],[-84.771284,39.159856],[-84.771347,39.160379],[-84.77015,39.160345]]]}},{"type":"Feature","properties":{"pid":"057002200009"},"geometry":{"type":"Polygon","coordinates":[[[-84.766987,39.159762],[-84.767465,39.159937],[-84.767233,39.160297],[-84.766741,39.160146],[-84.766987,39.159762]]]}},{"type":"Feature","properties":{"pid":"057002200010"},"geometry":{"type":"Polygon","coordinates":[[[-84.767465,39.159937],[-84.768306,39.160183],[-84.768123,39.160572],[-84.767233,39.160297],[-84.767465,39.159937]]]}},{"type":"Feature","properties":{"pid":"057002300109"},"geometry":{"type":"Polygon","coordinates":[[[-84.764488,39.152673],[-84.767438,39.15372],[-84.76824,39.154001],[-84.767852,39.154365],[-84.767527,39.154487],[-84.765042,39.153441],[-84.765104,39.153343],[-84.764278,39.153021],[-84.764488,39.152673]]]}},{"type":"Feature","properties":{"pid":"057002200006"},"geometry":{"type":"Polygon","coordinates":[[[-84.767169,39.159434],[-84.766987,39.159762],[-84.766719,39.159655],[-84.766914,39.159331],[-84.767169,39.159434]]]}},{"type":"Feature","properties":{"pid":"057002300098"},"geometry":{"type":"Polygon","coordinates":[[[-84.769351,39.153173],[-84.768,39.151906],[-84.766728,39.150725],[-84.767234,39.150602],[-84.769592,39.152866],[-84.769463,39.153133],[-84.769351,39.153173]]]}},{"type":"Feature","properties":{"pid":"057002300062"},"geometry":{"type":"Polygon","coordinates":[[[-84.767527,39.154487],[-84.764816,39.155157],[-84.764583,39.154957],[-84.765806,39.153763],[-84.767527,39.154487]]]}},{"type":"Feature","properties":{"pid":"057002200033"},"geometry":{"type":"Polygon","coordinates":[[[-84.764007,39.158847],[-84.764194,39.15713],[-84.76635,39.157317],[-84.765806,39.157883],[-84.765729,39.157879],[-84.765118,39.158975],[-84.764007,39.158847]]]}},{"type":"Feature","properties":{"pid":"057002200012"},"geometry":{"type":"Polygon","coordinates":[[[-84.767702,39.160014],[-84.767243,39.159859],[-84.767411,39.159527],[-84.767854,39.159684],[-84.767702,39.160014]]]}},{"type":"Feature","properties":{"pid":"057002200020"},"geometry":{"type":"Polygon","coordinates":[[[-84.766557,39.15959],[-84.766285,39.160013],[-84.76588,39.159935],[-84.76618,39.159438],[-84.766557,39.15959]]]}},{"type":"Feature","properties":{"pid":"057002200032"},"geometry":{"type":"Polygon","coordinates":[[[-84.768953,39.160304],[-84.769101,39.159747],[-84.769667,39.159777],[-84.769692,39.160341],[-84.768953,39.160304]]]}},{"type":"Feature","properties":{"pid":"057002210008"},"geometry":{"type":"Polygon","coordinates":[[[-84.779289,39.160791],[-84.778989,39.158593],[-84.781923,39.158749],[-84.789067,39.159016],[-84.787833,39.160939],[-84.785955,39.163527],[-84.784776,39.163832],[-84.783681,39.164314],[-84.783173,39.164106],[-84.780665,39.164306],[-84.780164,39.16427],[-84.777451,39.164511],[-84.7769,39.160461],[-84.777089,39.160392],[-84.77778,39.160439],[-84.77825,39.160706],[-84.778867,39.160945],[-84.779289,39.160791]]]}},{"type":"Feature","properties":{"pid":"057002200002"},"geometry":{"type":"Polygon","coordinates":[[[-84.765118,39.158975],[-84.765509,39.159091],[-84.76618,39.159438],[-84.76588,39.159935],[-84.764411,39.160246],[-84.765118,39.158975]]]}},{"type":"Feature","properties":{"pid":"057002200014"},"geometry":{"type":"Polygon","coordinates":[[[-84.768482,39.159852],[-84.767411,39.159527],[-84.767243,39.159859],[-84.766987,39.159762],[-84.767964,39.157998],[-84.769454,39.158078],[-84.769238,39.158594],[-84.770072,39.158691],[-84.770194,39.159801],[-84.768533,39.159719],[-84.768482,39.159852]]]}},{"type":"Feature","properties":{"pid":"057002200030"},"geometry":{"type":"Polygon","coordinates":[[[-84.768533,39.159719],[-84.769101,39.159747],[-84.768953,39.160304],[-84.768391,39.160202],[-84.768533,39.159719]]]}},{"type":"Feature","properties":{"pid":"057002200003"},"geometry":{"type":"Polygon","coordinates":[[[-84.765729,39.157879],[-84.767964,39.157998],[-84.76737,39.159071],[-84.76663,39.158775],[-84.766219,39.159454],[-84.765509,39.159091],[-84.765118,39.158975],[-84.765729,39.157879]]]}},{"type":"Feature","properties":{"pid":"057002200015"},"geometry":{"type":"Polygon","coordinates":[[[-84.769692,39.160341],[-84.769667,39.159777],[-84.770194,39.159801],[-84.77015,39.160345],[-84.769692,39.160341]]]}},{"type":"Feature","properties":{"pid":"057002210009"},"geometry":{"type":"Polygon","coordinates":[[[-84.773129,39.160468],[-84.774211,39.160406],[-84.774212,39.160639],[-84.773649,39.16066],[-84.773649,39.160765],[-84.77313,39.160785],[-84.773129,39.160468]]]}},{"type":"Feature","properties":{"pid":"057002210001"},"geometry":{"type":"Polygon","coordinates":[[[-84.771559,39.162142],[-84.771347,39.160379],[-84.772483,39.160479],[-84.773129,39.160468],[-84.77313,39.160785],[-84.773649,39.160765],[-84.773649,39.16066],[-84.774212,39.160639],[-84.774211,39.160406],[-84.77686,39.160172],[-84.777451,39.164511],[-84.7767,39.164347],[-84.775552,39.164003],[-84.77522,39.163941],[-84.773668,39.163397],[-84.772897,39.163079],[-84.771859,39.162481],[-84.771559,39.162142]]]}},{"type":"Feature","properties":{"pid":"057002300069"},"geometry":{"type":"Polygon","coordinates":[[[-84.767225,39.149947],[-84.767607,39.15042],[-84.767666,39.150492],[-84.767298,39.150587],[-84.766841,39.150039],[-84.767225,39.149947]]]}},{"type":"Feature","properties":{"pid":"057002300097"},"geometry":{"type":"Polygon","coordinates":[[[-84.768062,39.150396],[-84.769765,39.152506],[-84.769592,39.152866],[-84.767234,39.150602],[-84.768062,39.150396]]]}},{"type":"Feature","properties":{"pid":"057300100050"},"geometry":{"type":"Polygon","coordinates":[[[-84.736857,39.151603],[-84.736781,39.152148],[-84.736453,39.152091],[-84.7363,39.151918],[-84.73635,39.151711],[-84.736573,39.151593],[-84.736857,39.151603]]]}},{"type":"Feature","properties":{"pid":"057300100001"},"geometry":{"type":"Polygon","coordinates":[[[-84.735865,39.150828],[-84.736281,39.150885],[-84.736177,39.151373],[-84.735759,39.151319],[-84.735865,39.150828]]]}},{"type":"Feature","properties":{"pid":"057300100057"},"geometry":{"type":"Polygon","coordinates":[[[-84.736281,39.150885],[-84.736699,39.15094],[-84.73659,39.151446],[-84.736177,39.151373],[-84.736281,39.150885]]]}},{"type":"Feature","properties":{"pid":"057300100058"},"geometry":{"type":"Polygon","coordinates":[[[-84.73659,39.151446],[-84.736699,39.15094],[-84.737116,39.150994],[-84.737012,39.151478],[-84.73659,39.151446]]]}},{"type":"Feature","properties":{"pid":"057002300078"},"geometry":{"type":"Polygon","coordinates":[[[-84.766027,39.143868],[-84.76609,39.143986],[-84.766011,39.143874],[-84.766027,39.143868]]]}},{"type":"Feature","properties":{"pid":"057300100022"},"geometry":{"type":"Polygon","coordinates":[[[-84.736145,39.151728],[-84.735516,39.15165],[-84.735759,39.151319],[-84.736615,39.15145],[-84.736299,39.15155],[-84.736145,39.151728]]]}},{"type":"Feature","properties":{"pid":"057300100025"},"geometry":{"type":"Polygon","coordinates":[[[-84.736145,39.151728],[-84.736117,39.151884],[-84.736167,39.152037],[-84.73634,39.152198],[-84.736524,39.152263],[-84.736458,39.152829],[-84.735718,39.152559],[-84.735793,39.152046],[-84.735617,39.152024],[-84.735516,39.15165],[-84.736145,39.151728]]]}},{"type":"Feature","properties":{"pid":"057300100026"},"geometry":{"type":"Polygon","coordinates":[[[-84.736524,39.152263],[-84.736935,39.152302],[-84.737158,39.15237],[-84.736722,39.152925],[-84.736458,39.152829],[-84.736524,39.152263]]]}},{"type":"Feature","properties":{"pid":"057002700022"},"geometry":{"type":"Polygon","coordinates":[[[-84.805475,39.137885],[-84.795248,39.137286],[-84.794694,39.137254],[-84.794891,39.136705],[-84.795388,39.136203],[-84.795714,39.135575],[-84.796478,39.135786],[-84.796802,39.135075],[-84.796039,39.134866],[-84.796333,39.134248],[-84.805773,39.13563],[-84.80575,39.136523],[-84.805475,39.137885]]]}},{"type":"Feature","properties":{"pid":"063003000006"},"geometry":{"type":"Polygon","coordinates":[[[-84.81137,39.160531],[-84.811372,39.158438],[-84.813697,39.158434],[-84.813696,39.159109],[-84.81228,39.160313],[-84.81137,39.160531]]]}},{"type":"Feature","properties":{"pid":"057002700026"},"geometry":{"type":"Polygon","coordinates":[[[-84.78878,39.135316],[-84.787902,39.13482],[-84.788449,39.134127],[-84.789028,39.134363],[-84.78878,39.135316]]]}},{"type":"Feature","properties":{"pid":"057002700029"},"geometry":{"type":"Polygon","coordinates":[[[-84.787902,39.13482],[-84.787366,39.134522],[-84.786996,39.134123],[-84.787711,39.133825],[-84.788449,39.134127],[-84.787902,39.13482]]]}},{"type":"Feature","properties":{"pid":"057002700048"},"geometry":{"type":"Polygon","coordinates":[[[-84.785802,39.132641],[-84.786052,39.132119],[-84.786546,39.132333],[-84.785996,39.132759],[-84.785802,39.132641]]]}},{"type":"Feature","properties":{"pid":"057300100005"},"geometry":{"type":"Polygon","coordinates":[[[-84.737416,39.151472],[-84.737012,39.151478],[-84.737116,39.150994],[-84.737574,39.151081],[-84.737506,39.151406],[-84.737416,39.151472]]]}},{"type":"Feature","properties":{"pid":"057300100054"},"geometry":{"type":"Polygon","coordinates":[[[-84.735917,39.150696],[-84.735777,39.150618],[-84.736138,39.150273],[-84.736414,39.150325],[-84.736322,39.150752],[-84.735917,39.150696]]]}},{"type":"Feature","properties":{"pid":"057002300163"},"geometry":{"type":"Polygon","coordinates":[[[-84.770441,39.149892],[-84.770362,39.14939],[-84.770197,39.149209],[-84.770746,39.148824],[-84.771235,39.148754],[-84.77119,39.149233],[-84.771287,39.14933],[-84.771265,39.149562],[-84.770599,39.150029],[-84.770441,39.149892]]]}},{"type":"Feature","properties":{"pid":"057002300040"},"geometry":{"type":"Polygon","coordinates":[[[-84.766246,39.143877],[-84.766105,39.143976],[-84.766011,39.143874],[-84.765788,39.14356],[-84.765938,39.143453],[-84.766246,39.143877]]]}},{"type":"Feature","properties":{"pid":"057002300170"},"geometry":{"type":"Polygon","coordinates":[[[-84.771672,39.143174],[-84.768971,39.143948],[-84.768309,39.14306],[-84.768107,39.143034],[-84.766517,39.143758],[-84.766492,39.143722],[-84.768166,39.14296],[-84.771672,39.143174]]]}},{"type":"Feature","properties":{"pid":"057300100041"},"geometry":{"type":"Polygon","coordinates":[[[-84.737734,39.151652],[-84.737624,39.152444],[-84.737242,39.15225],[-84.737327,39.151635],[-84.737592,39.151539],[-84.737734,39.151652]]]}},{"type":"Feature","properties":{"pid":"057300100049"},"geometry":{"type":"Polygon","coordinates":[[[-84.736857,39.151603],[-84.737327,39.151635],[-84.737242,39.15225],[-84.736781,39.152148],[-84.736857,39.151603]]]}},{"type":"Feature","properties":{"pid":"057001700044"},"geometry":{"type":"Polygon","coordinates":[[[-84.75933,39.146349],[-84.759267,39.145713],[-84.759705,39.146071],[-84.75933,39.146349]]]}},{"type":"Feature","properties":{"pid":"057002700068"},"geometry":{"type":"Polygon","coordinates":[[[-84.792426,39.138657],[-84.793163,39.13905],[-84.79291,39.139565],[-84.792383,39.13955],[-84.792426,39.138657]]]}},{"type":"Feature","properties":{"pid":"057002700080"},"geometry":{"type":"Polygon","coordinates":[[[-84.785357,39.136822],[-84.787543,39.134624],[-84.788244,39.134986],[-84.786366,39.136874],[-84.785357,39.136822]]]}},{"type":"Feature","properties":{"pid":"057002700038"},"geometry":{"type":"Polygon","coordinates":[[[-84.792946,39.137173],[-84.790331,39.137074],[-84.790289,39.13697],[-84.791622,39.136514],[-84.792445,39.135255],[-84.792918,39.135377],[-84.792946,39.137173]]]}},{"type":"Feature","properties":{"pid":"057002700060"},"geometry":{"type":"Polygon","coordinates":[[[-84.787574,39.133447],[-84.787711,39.133825],[-84.78709,39.134085],[-84.786857,39.133746],[-84.787574,39.133447]]]}},{"type":"Feature","properties":{"pid":"057002700047"},"geometry":{"type":"Polygon","coordinates":[[[-84.785883,39.132082],[-84.785609,39.132569],[-84.785276,39.132522],[-84.785481,39.131945],[-84.785883,39.132082]]]}},{"type":"Feature","properties":{"pid":"057002300171"},"geometry":{"type":"Polygon","coordinates":[[[-84.766492,39.143722],[-84.766112,39.14316],[-84.766546,39.14286],[-84.768166,39.14296],[-84.766492,39.143722]]]}},{"type":"Feature","properties":{"pid":"057002300028"},"geometry":{"type":"Polygon","coordinates":[[[-84.765938,39.143453],[-84.766188,39.143272],[-84.766484,39.14371],[-84.766246,39.143877],[-84.765938,39.143453]]]}},{"type":"Feature","properties":{"pid":"057002300168"},"geometry":{"type":"Polygon","coordinates":[[[-84.768971,39.143948],[-84.768198,39.144169],[-84.767571,39.143326],[-84.766541,39.143795],[-84.766517,39.143758],[-84.768107,39.143034],[-84.768309,39.14306],[-84.768971,39.143948]]]}},{"type":"Feature","properties":{"pid":"057002700067"},"geometry":{"type":"Polygon","coordinates":[[[-84.795088,39.136065],[-84.794423,39.135622],[-84.794591,39.135262],[-84.795714,39.135575],[-84.795388,39.136203],[-84.795088,39.136065]]]}},{"type":"Feature","properties":{"pid":"057002700056"},"geometry":{"type":"Polygon","coordinates":[[[-84.79617,39.134572],[-84.795714,39.135575],[-84.794591,39.135262],[-84.795027,39.134272],[-84.79617,39.134572]]]}},{"type":"Feature","properties":{"pid":"057002700088"},"geometry":{"type":"Polygon","coordinates":[[[-84.794317,39.139403],[-84.793987,39.139384],[-84.793992,39.139357],[-84.794284,39.139374],[-84.794308,39.139124],[-84.794512,39.139136],[-84.794516,39.139164],[-84.794341,39.139154],[-84.794317,39.139403]]]}},{"type":"Feature","properties":{"pid":"057002700058"},"geometry":{"type":"Polygon","coordinates":[[[-84.794694,39.137254],[-84.792946,39.137173],[-84.792918,39.135377],[-84.794193,39.135724],[-84.795388,39.136203],[-84.794891,39.136705],[-84.794694,39.137254]]]}},{"type":"Feature","properties":{"pid":"057002700012"},"geometry":{"type":"MultiPolygon","coordinates":[[[[-84.79428,39.13794],[-84.793727,39.137863],[-84.79367,39.138218],[-84.794181,39.138287],[-84.793967,39.139099],[-84.793357,39.139062],[-84.792431,39.138559],[-84.792499,39.137151],[-84.794534,39.137246],[-84.79428,39.13794]]],[[[-84.794535,39.138666],[-84.794512,39.139136],[-84.794023,39.139075],[-84.794345,39.137901],[-84.794586,39.137249],[-84.794694,39.137254],[-84.794553,39.13778],[-84.794675,39.137849],[-84.794535,39.138666]]],[[[-84.795248,39.137286],[-84.805475,39.137885],[-84.805422,39.138249],[-84.804952,39.139748],[-84.794834,39.139155],[-84.795248,39.137286]]]]}},{"type":"Feature","properties":{"pid":"057002700024"},"geometry":{"type":"Polygon","coordinates":[[[-84.799115,39.12992],[-84.803614,39.130167],[-84.80362,39.130012],[-84.804337,39.130486],[-84.80497,39.131137],[-84.806092,39.132607],[-84.804751,39.133406],[-84.803101,39.134521],[-84.802856,39.135204],[-84.802165,39.135102],[-84.802501,39.133736],[-84.796897,39.133125],[-84.797045,39.132931],[-84.797385,39.132181],[-84.797526,39.131534],[-84.797791,39.131029],[-84.798229,39.130592],[-84.799115,39.12992]]]}},{"type":"Feature","properties":{"pid":"057002700025"},"geometry":{"type":"Polygon","coordinates":[[[-84.792729,39.132668],[-84.79288,39.129552],[-84.799115,39.12992],[-84.798229,39.130592],[-84.797791,39.131029],[-84.797584,39.13142],[-84.796296,39.13134],[-84.796222,39.132107],[-84.797385,39.132181],[-84.797045,39.132931],[-84.796897,39.133125],[-84.792729,39.132668]]]}},{"type":"Feature","properties":{"pid":"057002600009"},"geometry":{"type":"Polygon","coordinates":[[[-84.803798,39.125096],[-84.803614,39.130167],[-84.799246,39.129927],[-84.800955,39.127585],[-84.801425,39.12676],[-84.801829,39.126226],[-84.802207,39.125922],[-84.803798,39.125096]]]}},{"type":"Feature","properties":{"pid":"057002700054"},"geometry":{"type":"Polygon","coordinates":[[[-84.797385,39.132181],[-84.796222,39.132107],[-84.796296,39.13134],[-84.797584,39.13142],[-84.797385,39.132181]]]}},{"type":"Feature","properties":{"pid":"057002200011"},"geometry":{"type":"Polygon","coordinates":[[[-84.769474,39.160339],[-84.769505,39.160916],[-84.768123,39.160572],[-84.768306,39.160183],[-84.769131,39.160333],[-84.769474,39.160339]]]}},{"type":"Feature","properties":{"pid":"057002700039"},"geometry":{"type":"Polygon","coordinates":[[[-84.787054,39.132552],[-84.787193,39.12922],[-84.787412,39.129233],[-84.787285,39.132652],[-84.787054,39.132552]]]}},{"type":"Feature","properties":{"pid":"057002700049"},"geometry":{"type":"Polygon","coordinates":[[[-84.786193,39.132878],[-84.785996,39.132759],[-84.786546,39.132333],[-84.786994,39.132526],[-84.786193,39.132878]]]}},{"type":"Feature","properties":{"pid":"057002700045"},"geometry":{"type":"Polygon","coordinates":[[[-84.784971,39.132474],[-84.78469,39.132433],[-84.784748,39.131751],[-84.785029,39.13179],[-84.784971,39.132474]]]}},{"type":"Feature","properties":{"pid":"057002700034"},"geometry":{"type":"Polygon","coordinates":[[[-84.79367,39.138218],[-84.793727,39.137863],[-84.794332,39.137947],[-84.794233,39.138294],[-84.79367,39.138218]]]}},{"type":"Feature","properties":{"pid":"057002700078"},"geometry":{"type":"Polygon","coordinates":[[[-84.786519,39.135654],[-84.785924,39.135358],[-84.78712,39.134254],[-84.787366,39.134522],[-84.787543,39.134624],[-84.786519,39.135654]]]}},{"type":"Feature","properties":{"pid":"057002700043"},"geometry":{"type":"Polygon","coordinates":[[[-84.790049,39.136603],[-84.789894,39.136353],[-84.790775,39.134803],[-84.791106,39.134893],[-84.790049,39.136603]]]}},{"type":"Feature","properties":{"pid":"057002700014"},"geometry":{"type":"Polygon","coordinates":[[[-84.792403,39.139138],[-84.790955,39.13906],[-84.791,39.138235],[-84.791723,39.138423],[-84.792421,39.138751],[-84.792403,39.139138]]]}},{"type":"Feature","properties":{"pid":"057002700050"},"geometry":{"type":"Polygon","coordinates":[[[-84.786209,39.132898],[-84.786994,39.132526],[-84.787285,39.132652],[-84.786357,39.133088],[-84.786209,39.132898]]]}},{"type":"Feature","properties":{"pid":"063003000004"},"geometry":{"type":"Polygon","coordinates":[[[-84.816128,39.160461],[-84.815023,39.160538],[-84.814868,39.159675],[-84.816148,39.159348],[-84.816128,39.160461]]]}},{"type":"Feature","properties":{"pid":"057000900128"},"geometry":{"type":"Polygon","coordinates":[[[-84.717944,39.151763],[-84.717842,39.150954],[-84.718345,39.150873],[-84.7186,39.151628],[-84.717944,39.151763]]]}},{"type":"Feature","properties":{"pid":"057000900129"},"geometry":{"type":"Polygon","coordinates":[[[-84.717392,39.150944],[-84.717842,39.150954],[-84.717944,39.151763],[-84.717218,39.151908],[-84.717392,39.150944]]]}},{"type":"Feature","properties":{"pid":"057002410003"},"geometry":{"type":"Polygon","coordinates":[[[-84.770474,39.138013],[-84.770371,39.138126],[-84.769438,39.137612],[-84.769537,39.137504],[-84.770474,39.138013]]]}},{"type":"Feature","properties":{"pid":"057300040113"},"geometry":{"type":"Polygon","coordinates":[[[-84.746796,39.150955],[-84.746972,39.150964],[-84.746953,39.151211],[-84.74688,39.151234],[-84.746775,39.151229],[-84.746796,39.150955]]]}},{"type":"Feature","properties":{"pid":"057300040201"},"geometry":{"type":"Polygon","coordinates":[[[-84.745916,39.150914],[-84.746092,39.150923],[-84.746071,39.151197],[-84.745895,39.151189],[-84.745916,39.150914]]]}},{"type":"Feature","properties":{"pid":"063003000018"},"geometry":{"type":"Polygon","coordinates":[[[-84.805705,39.157854],[-84.806063,39.157484],[-84.806004,39.157454],[-84.806222,39.157189],[-84.806653,39.157194],[-84.806817,39.156974],[-84.809781,39.157042],[-84.808273,39.15811],[-84.805705,39.157854]]]}},{"type":"Feature","properties":{"pid":"057002300001"},"geometry":{"type":"Polygon","coordinates":[[[-84.780213,39.156339],[-84.780157,39.155814],[-84.78045,39.155686],[-84.780171,39.154128],[-84.778142,39.15223],[-84.777142,39.151867],[-84.776218,39.150952],[-84.782619,39.151328],[-84.781936,39.15875],[-84.778314,39.158557],[-84.780213,39.156339]]]}},{"type":"Feature","properties":{"pid":"063003000019"},"geometry":{"type":"Polygon","coordinates":[[[-84.805705,39.157854],[-84.807327,39.158015],[-84.808273,39.15811],[-84.807166,39.158891],[-84.805095,39.158913],[-84.805107,39.158567],[-84.805164,39.158393],[-84.805705,39.157854]]]}},{"type":"Feature","properties":{"pid":"063003000028"},"geometry":{"type":"Polygon","coordinates":[[[-84.805019,39.158069],[-84.804752,39.157489],[-84.805262,39.157267],[-84.805158,39.157128],[-84.805989,39.156582],[-84.805429,39.157307],[-84.805701,39.157436],[-84.805184,39.158034],[-84.805096,39.15809],[-84.805019,39.158069]]]}},{"type":"Feature","properties":{"pid":"057000900058"},"geometry":{"type":"Polygon","coordinates":[[[-84.708843,39.147539],[-84.709681,39.146796],[-84.710077,39.146995],[-84.709678,39.147682],[-84.708843,39.147539]]]}},{"type":"Feature","properties":{"pid":"063003000248"},"geometry":{"type":"Polygon","coordinates":[[[-84.815175,39.161381],[-84.815023,39.160538],[-84.816128,39.160461],[-84.816148,39.159348],[-84.816217,39.159331],[-84.816185,39.161165],[-84.815175,39.161381]]]}},{"type":"Feature","properties":{"pid":"057300040053"},"geometry":{"type":"Polygon","coordinates":[[[-84.746904,39.153126],[-84.748087,39.152969],[-84.748134,39.154099],[-84.748289,39.154405],[-84.747753,39.154379],[-84.747448,39.153913],[-84.747075,39.153531],[-84.746887,39.153406],[-84.746904,39.153126]]]}},{"type":"Feature","properties":{"pid":"057001700046"},"geometry":{"type":"Polygon","coordinates":[[[-84.759165,39.145364],[-84.759248,39.144311],[-84.764257,39.141174],[-84.764232,39.141625],[-84.759165,39.145364]]]}},{"type":"Feature","properties":{"pid":"057300030004"},"geometry":{"type":"Polygon","coordinates":[[[-84.749985,39.149436],[-84.749968,39.149654],[-84.750504,39.149664],[-84.750457,39.150214],[-84.749513,39.150165],[-84.749224,39.149854],[-84.748941,39.149662],[-84.748384,39.149476],[-84.748417,39.149296],[-84.749143,39.149412],[-84.749985,39.149436]]]}},{"type":"Feature","properties":{"pid":"057002410004"},"geometry":{"type":"Polygon","coordinates":[[[-84.770371,39.138126],[-84.770269,39.138237],[-84.769333,39.137726],[-84.769438,39.137612],[-84.770371,39.138126]]]}},{"type":"Feature","properties":{"pid":"057002400136"},"geometry":{"type":"Polygon","coordinates":[[[-84.7702,39.140011],[-84.76959,39.139742],[-84.769922,39.139232],[-84.770524,39.139534],[-84.7702,39.140011]]]}},{"type":"Feature","properties":{"pid":"057002410021"},"geometry":{"type":"Polygon","coordinates":[[[-84.768286,39.140082],[-84.767458,39.139548],[-84.767571,39.139443],[-84.7684,39.139974],[-84.768286,39.140082]]]}},{"type":"Feature","properties":{"pid":"057002410023"},"geometry":{"type":"Polygon","coordinates":[[[-84.767892,39.140453],[-84.767263,39.139728],[-84.767345,39.139652],[-84.768182,39.140179],[-84.767892,39.140453]]]}},{"type":"Feature","properties":{"pid":"057300020012"},"geometry":{"type":"Polygon","coordinates":[[[-84.755402,39.150064],[-84.754418,39.148836],[-84.754729,39.148632],[-84.754849,39.148596],[-84.755976,39.150001],[-84.755402,39.150064]]]}},{"type":"Feature","properties":{"pid":"057300020008"},"geometry":{"type":"Polygon","coordinates":[[[-84.756254,39.150195],[-84.75602,39.149995],[-84.756525,39.149825],[-84.756611,39.150139],[-84.756254,39.150195]]]}},{"type":"Feature","properties":{"pid":"057002300058"},"geometry":{"type":"Polygon","coordinates":[[[-84.763912,39.152039],[-84.764023,39.151837],[-84.764834,39.152107],[-84.764723,39.152309],[-84.763912,39.152039]]]}},{"type":"Feature","properties":{"pid":"057002300053"},"geometry":{"type":"Polygon","coordinates":[[[-84.764023,39.151837],[-84.764196,39.151522],[-84.765007,39.151791],[-84.764834,39.152107],[-84.764023,39.151837]]]}},{"type":"Feature","properties":{"pid":"057002300054"},"geometry":{"type":"Polygon","coordinates":[[[-84.764196,39.151522],[-84.764334,39.151269],[-84.765145,39.151539],[-84.765007,39.151791],[-84.764196,39.151522]]]}},{"type":"Feature","properties":{"pid":"057002410012"},"geometry":{"type":"Polygon","coordinates":[[[-84.769411,39.139021],[-84.7693,39.139126],[-84.768485,39.1386],[-84.768596,39.138497],[-84.769411,39.139021]]]}},{"type":"Feature","properties":{"pid":"057002600007"},"geometry":{"type":"Polygon","coordinates":[[[-84.794886,39.117075],[-84.792992,39.117578],[-84.791122,39.118135],[-84.786432,39.119622],[-84.785761,39.119936],[-84.785804,39.119597],[-84.786629,39.119267],[-84.794057,39.116978],[-84.800194,39.115605],[-84.803863,39.115173],[-84.803933,39.115526],[-84.803662,39.115558],[-84.803644,39.115449],[-84.801148,39.115837],[-84.801161,39.115872],[-84.799897,39.116047],[-84.79865,39.116285],[-84.798641,39.11622],[-84.794886,39.117075]]]}},{"type":"Feature","properties":{"pid":"057002410019"},"geometry":{"type":"Polygon","coordinates":[[[-84.768512,39.139868],[-84.767687,39.139337],[-84.7678,39.139232],[-84.768623,39.139764],[-84.768512,39.139868]]]}},{"type":"Feature","properties":{"pid":"057002400056"},"geometry":{"type":"Polygon","coordinates":[[[-84.769168,39.137506],[-84.768955,39.137732],[-84.768502,39.137461],[-84.768718,39.137239],[-84.769168,39.137506]]]}},{"type":"Feature","properties":{"pid":"057002410018"},"geometry":{"type":"Polygon","coordinates":[[[-84.768623,39.139764],[-84.7678,39.139232],[-84.767917,39.139124],[-84.768733,39.13966],[-84.768623,39.139764]]]}},{"type":"Feature","properties":{"pid":"057002400068"},"geometry":{"type":"Polygon","coordinates":[[[-84.77985,39.130294],[-84.780175,39.130403],[-84.779657,39.131275],[-84.779333,39.131167],[-84.77985,39.130294]]]}},{"type":"Feature","properties":{"pid":"057300090063"},"geometry":{"type":"Polygon","coordinates":[[[-84.732257,39.150912],[-84.731771,39.150678],[-84.731972,39.150326],[-84.732582,39.150554],[-84.732257,39.150912]]]}},{"type":"Feature","properties":{"pid":"057002400022"},"geometry":{"type":"Polygon","coordinates":[[[-84.768502,39.137461],[-84.768937,39.137751],[-84.768485,39.137478],[-84.768502,39.137461]]]}},{"type":"Feature","properties":{"pid":"057002400070"},"geometry":{"type":"Polygon","coordinates":[[[-84.781472,39.128876],[-84.781849,39.128899],[-84.780305,39.131492],[-84.779981,39.131384],[-84.781472,39.128876]]]}},{"type":"Feature","properties":{"pid":"057002400196"},"geometry":{"type":"Polygon","coordinates":[[[-84.7805,39.130511],[-84.779981,39.131384],[-84.779657,39.131275],[-84.780175,39.130403],[-84.7805,39.130511]]]}},{"type":"Feature","properties":{"pid":"063002200010"},"geometry":{"type":"Polygon","coordinates":[[[-84.801934,39.167181],[-84.801963,39.16865],[-84.801289,39.168649],[-84.801792,39.168075],[-84.801934,39.167181]]]}},{"type":"Feature","properties":{"pid":"057300040112"},"geometry":{"type":"Polygon","coordinates":[[[-84.746993,39.150689],[-84.746972,39.150964],[-84.746796,39.150955],[-84.746817,39.150681],[-84.746993,39.150689]]]}},{"type":"Feature","properties":{"pid":"057300040115"},"geometry":{"type":"Polygon","coordinates":[[[-84.747169,39.150698],[-84.747345,39.150706],[-84.747313,39.151089],[-84.747134,39.151151],[-84.747169,39.150698]]]}},{"type":"Feature","properties":{"pid":"057000500234"},"geometry":{"type":"Polygon","coordinates":[[[-84.700762,39.1544],[-84.698523,39.154375],[-84.698788,39.15155],[-84.700668,39.154323],[-84.700763,39.154323],[-84.700762,39.1544]]]}},{"type":"Feature","properties":{"pid":"057000500273"},"geometry":{"type":"Polygon","coordinates":[[[-84.697707,39.15224],[-84.697746,39.151825],[-84.698757,39.151883],[-84.698718,39.152298],[-84.697707,39.15224]]]}},{"type":"Feature","properties":{"pid":"057000500274"},"geometry":{"type":"Polygon","coordinates":[[[-84.697746,39.151825],[-84.697785,39.15141],[-84.698795,39.151468],[-84.698757,39.151883],[-84.697746,39.151825]]]}},{"type":"Feature","properties":{"pid":"057002400098"},"geometry":{"type":"Polygon","coordinates":[[[-84.772817,39.14012],[-84.770548,39.13866],[-84.770776,39.138452],[-84.773038,39.139901],[-84.772817,39.14012]]]}},{"type":"Feature","properties":{"pid":"057002410002"},"geometry":{"type":"Polygon","coordinates":[[[-84.770564,39.137914],[-84.770474,39.138013],[-84.769537,39.137504],[-84.769616,39.137417],[-84.770564,39.137914]]]}},{"type":"Feature","properties":{"pid":"057002410022"},"geometry":{"type":"Polygon","coordinates":[[[-84.768182,39.140179],[-84.767345,39.139652],[-84.767458,39.139548],[-84.768286,39.140082],[-84.768182,39.140179]]]}},{"type":"Feature","properties":{"pid":"063003000212"},"geometry":{"type":"Polygon","coordinates":[[[-84.817452,39.150188],[-84.817328,39.149895],[-84.818417,39.149468],[-84.818453,39.149992],[-84.818746,39.150126],[-84.818756,39.150265],[-84.81866,39.150265],[-84.81866,39.150434],[-84.81743,39.150433],[-84.817452,39.150188]]]}},{"type":"Feature","properties":{"pid":"063003000224"},"geometry":{"type":"Polygon","coordinates":[[[-84.819463,39.153975],[-84.819457,39.152017],[-84.820195,39.152019],[-84.820206,39.153975],[-84.819463,39.153975]]]}},{"type":"Feature","properties":{"pid":"063003000228"},"geometry":{"type":"Polygon","coordinates":[[[-84.819641,39.158552],[-84.820231,39.158378],[-84.820239,39.159647],[-84.819868,39.159648],[-84.819863,39.158893],[-84.819641,39.158552]]]}},{"type":"Feature","properties":{"pid":"063003000230"},"geometry":{"type":"Polygon","coordinates":[[[-84.81971,39.149184],[-84.820178,39.149119],[-84.820184,39.150106],[-84.818748,39.150153],[-84.818453,39.149992],[-84.818417,39.149468],[-84.81971,39.149184]]]}},{"type":"Feature","properties":{"pid":"063003000231"},"geometry":{"type":"Polygon","coordinates":[[[-84.81866,39.150265],[-84.819153,39.150246],[-84.819144,39.150134],[-84.820184,39.150106],[-84.820187,39.150708],[-84.819471,39.150708],[-84.819471,39.150434],[-84.81866,39.150434],[-84.81866,39.150265]]]}},{"type":"Feature","properties":{"pid":"063003000241"},"geometry":{"type":"Polygon","coordinates":[[[-84.819471,39.155563],[-84.819463,39.153975],[-84.820206,39.153975],[-84.820215,39.155569],[-84.819471,39.155563]]]}},{"type":"Feature","properties":{"pid":"063003000250"},"geometry":{"type":"Polygon","coordinates":[[[-84.819452,39.151849],[-84.819449,39.151029],[-84.820189,39.151026],[-84.820194,39.151847],[-84.819452,39.151849]]]}},{"type":"Feature","properties":{"pid":"057300040108"},"geometry":{"type":"Polygon","coordinates":[[[-84.746113,39.150649],[-84.746289,39.150657],[-84.746247,39.151205],[-84.746071,39.151197],[-84.746113,39.150649]]]}},{"type":"Feature","properties":{"pid":"057300090027"},"geometry":{"type":"Polygon","coordinates":[[[-84.734215,39.151288],[-84.733952,39.15119],[-84.733884,39.151104],[-84.734169,39.150795],[-84.734498,39.150977],[-84.734215,39.151288]]]}},{"type":"Feature","properties":{"pid":"057300090032"},"geometry":{"type":"Polygon","coordinates":[[[-84.73395,39.15122],[-84.733952,39.15119],[-84.734215,39.151288],[-84.734498,39.150977],[-84.734836,39.151198],[-84.734556,39.15151],[-84.734199,39.15131],[-84.73395,39.15122]]]}},{"type":"Feature","properties":{"pid":"063002900064"},"geometry":{"type":"Polygon","coordinates":[[[-84.805835,39.168908],[-84.805078,39.168842],[-84.805426,39.167598],[-84.805463,39.167598],[-84.805266,39.1683],[-84.805912,39.168347],[-84.805835,39.168908]]]}},{"type":"Feature","properties":{"pid":"063002900061"},"geometry":{"type":"Polygon","coordinates":[[[-84.80486,39.169715],[-84.804859,39.169368],[-84.80539,39.167598],[-84.804917,39.169291],[-84.805771,39.169364],[-84.805726,39.169689],[-84.80486,39.169715]]]}},{"type":"Feature","properties":{"pid":"063002900062"},"geometry":{"type":"Polygon","coordinates":[[[-84.805771,39.169364],[-84.804917,39.169291],[-84.80539,39.167598],[-84.805426,39.167598],[-84.805078,39.168842],[-84.805835,39.168908],[-84.805771,39.169364]]]}},{"type":"Feature","properties":{"pid":"063002900063"},"geometry":{"type":"Polygon","coordinates":[[[-84.805912,39.168347],[-84.805266,39.1683],[-84.805463,39.167598],[-84.806016,39.167601],[-84.805912,39.168347]]]}},{"type":"Feature","properties":{"pid":"063002900091"},"geometry":{"type":"Polygon","coordinates":[[[-84.809037,39.169333],[-84.808875,39.169415],[-84.808304,39.169327],[-84.80853,39.168254],[-84.808413,39.167607],[-84.809125,39.167607],[-84.809242,39.168254],[-84.809037,39.169333]]]}},{"type":"Feature","properties":{"pid":"063002900092"},"geometry":{"type":"Polygon","coordinates":[[[-84.80958,39.169416],[-84.809037,39.169333],[-84.809949,39.168876],[-84.80979,39.168102],[-84.809353,39.167607],[-84.810054,39.167611],[-84.810491,39.168107],[-84.810647,39.168878],[-84.80958,39.169416]]]}},{"type":"Feature","properties":{"pid":"057002800022"},"geometry":{"type":"Polygon","coordinates":[[[-84.784331,39.145804],[-84.78334,39.145864],[-84.783352,39.144693],[-84.783226,39.144717],[-84.7833,39.143915],[-84.787654,39.144157],[-84.78736,39.147048],[-84.786968,39.146965],[-84.786295,39.146542],[-84.785204,39.14599],[-84.784331,39.145804]]]}},{"type":"Feature","properties":{"pid":"057002400101"},"geometry":{"type":"Polygon","coordinates":[[[-84.770489,39.137261],[-84.769839,39.137087],[-84.770013,39.136897],[-84.770644,39.137065],[-84.770489,39.137261]]]}},{"type":"Feature","properties":{"pid":"057002400102"},"geometry":{"type":"Polygon","coordinates":[[[-84.771215,39.137218],[-84.770644,39.137065],[-84.770013,39.136897],[-84.770159,39.136735],[-84.771382,39.137034],[-84.771215,39.137218]]]}},{"type":"Feature","properties":{"pid":"057002410005"},"geometry":{"type":"Polygon","coordinates":[[[-84.770269,39.138237],[-84.770167,39.138349],[-84.769231,39.137837],[-84.769333,39.137726],[-84.770269,39.138237]]]}},{"type":"Feature","properties":{"pid":"057002400091"},"geometry":{"type":"Polygon","coordinates":[[[-84.772599,39.140335],[-84.772434,39.140498],[-84.769922,39.139232],[-84.770325,39.138864],[-84.772599,39.140335]]]}},{"type":"Feature","properties":{"pid":"057000500277"},"geometry":{"type":"Polygon","coordinates":[[[-84.699238,39.151694],[-84.698795,39.151468],[-84.699357,39.150801],[-84.6998,39.151027],[-84.699238,39.151694]]]}},{"type":"Feature","properties":{"pid":"057000500278"},"geometry":{"type":"Polygon","coordinates":[[[-84.699238,39.151694],[-84.6998,39.151027],[-84.700242,39.151253],[-84.69968,39.151919],[-84.699238,39.151694]]]}},{"type":"Feature","properties":{"pid":"057000500279"},"geometry":{"type":"Polygon","coordinates":[[[-84.69968,39.151919],[-84.700242,39.151253],[-84.700684,39.151478],[-84.700123,39.152145],[-84.69968,39.151919]]]}},{"type":"Feature","properties":{"pid":"057002400096"},"geometry":{"type":"Polygon","coordinates":[[[-84.770034,39.140253],[-84.76941,39.139979],[-84.76959,39.139742],[-84.7702,39.140011],[-84.770034,39.140253]]]}},{"type":"Feature","properties":{"pid":"057002400065"},"geometry":{"type":"Polygon","coordinates":[[[-84.769306,39.140767],[-84.76864,39.140376],[-84.768911,39.140236],[-84.769579,39.140587],[-84.769306,39.140767]]]}},{"type":"Feature","properties":{"pid":"057002410017"},"geometry":{"type":"Polygon","coordinates":[[[-84.768733,39.13966],[-84.767917,39.139124],[-84.768027,39.139022],[-84.768848,39.139552],[-84.768733,39.13966]]]}},{"type":"Feature","properties":{"pid":"057002400197"},"geometry":{"type":"Polygon","coordinates":[[[-84.781472,39.128876],[-84.7805,39.130511],[-84.77985,39.130294],[-84.779333,39.131167],[-84.778365,39.130843],[-84.779589,39.128762],[-84.781472,39.128876]]]}},{"type":"Feature","properties":{"pid":"057300090033"},"geometry":{"type":"Polygon","coordinates":[[[-84.733941,39.151248],[-84.73395,39.15122],[-84.734199,39.15131],[-84.734556,39.15151],[-84.734836,39.151198],[-84.735351,39.151488],[-84.735032,39.151838],[-84.734466,39.151796],[-84.734423,39.15147],[-84.733941,39.151248]]]}},{"type":"Feature","properties":{"pid":"057300090041"},"geometry":{"type":"Polygon","coordinates":[[[-84.731342,39.148942],[-84.731336,39.148756],[-84.731106,39.14848],[-84.731366,39.148162],[-84.731798,39.148337],[-84.731512,39.148753],[-84.731519,39.148975],[-84.731342,39.148942]]]}},{"type":"Feature","properties":{"pid":"057300090047"},"geometry":{"type":"Polygon","coordinates":[[[-84.733941,39.151248],[-84.734423,39.15147],[-84.734466,39.151796],[-84.733915,39.151836],[-84.733848,39.151307],[-84.733941,39.151248]]]}},{"type":"Feature","properties":{"pid":"057300090051"},"geometry":{"type":"Polygon","coordinates":[[[-84.731082,39.148987],[-84.730894,39.148896],[-84.730437,39.148843],[-84.731106,39.14848],[-84.731336,39.148756],[-84.731342,39.148942],[-84.731082,39.148987]]]}},{"type":"Feature","properties":{"pid":"057300090060"},"geometry":{"type":"Polygon","coordinates":[[[-84.733665,39.15122],[-84.733848,39.151307],[-84.733915,39.151836],[-84.733083,39.15186],[-84.733665,39.15122]]]}},{"type":"Feature","properties":{"pid":"057000900100"},"geometry":{"type":"Polygon","coordinates":[[[-84.714912,39.14873],[-84.715357,39.148182],[-84.71575,39.148347],[-84.715168,39.148887],[-84.714912,39.14873]]]}},{"type":"Feature","properties":{"pid":"057000900101"},"geometry":{"type":"Polygon","coordinates":[[[-84.715168,39.148887],[-84.71575,39.148347],[-84.716182,39.14853],[-84.715387,39.14907],[-84.715168,39.148887]]]}},{"type":"Feature","properties":{"pid":"057000900102"},"geometry":{"type":"Polygon","coordinates":[[[-84.715387,39.14907],[-84.716182,39.14853],[-84.716418,39.148629],[-84.716395,39.148871],[-84.71557,39.149282],[-84.715387,39.14907]]]}},{"type":"Feature","properties":{"pid":"057000900103"},"geometry":{"type":"Polygon","coordinates":[[[-84.71557,39.149282],[-84.716395,39.148871],[-84.716357,39.149276],[-84.715708,39.149515],[-84.71557,39.149282]]]}},{"type":"Feature","properties":{"pid":"057000500271"},"geometry":{"type":"Polygon","coordinates":[[[-84.698523,39.15437],[-84.697694,39.152659],[-84.698679,39.152715],[-84.698523,39.15437]]]}},{"type":"Feature","properties":{"pid":"057000500272"},"geometry":{"type":"Polygon","coordinates":[[[-84.697694,39.152659],[-84.697707,39.15224],[-84.698718,39.152298],[-84.698679,39.152715],[-84.697694,39.152659]]]}},{"type":"Feature","properties":{"pid":"057000900016"},"geometry":{"type":"Polygon","coordinates":[[[-84.707882,39.152051],[-84.707627,39.152194],[-84.70709,39.151724],[-84.707526,39.151569],[-84.707882,39.152051]]]}},{"type":"Feature","properties":{"pid":"057000900017"},"geometry":{"type":"Polygon","coordinates":[[[-84.708251,39.151889],[-84.707882,39.152051],[-84.707526,39.151569],[-84.707971,39.15141],[-84.708251,39.151889]]]}},{"type":"Feature","properties":{"pid":"057000900038"},"geometry":{"type":"Polygon","coordinates":[[[-84.707576,39.152437],[-84.708141,39.152774],[-84.708029,39.152945],[-84.707343,39.152795],[-84.707576,39.152437]]]}},{"type":"Feature","properties":{"pid":"057002400090"},"geometry":{"type":"Polygon","coordinates":[[[-84.772817,39.14012],[-84.772599,39.140335],[-84.770325,39.138864],[-84.770548,39.13866],[-84.772817,39.14012]]]}},{"type":"Feature","properties":{"pid":"057002410006"},"geometry":{"type":"Polygon","coordinates":[[[-84.770167,39.138349],[-84.770061,39.138466],[-84.769126,39.137949],[-84.769231,39.137837],[-84.770167,39.138349]]]}},{"type":"Feature","properties":{"pid":"057002400003"},"geometry":{"type":"Polygon","coordinates":[[[-84.769306,39.140767],[-84.768621,39.141252],[-84.768072,39.140669],[-84.76864,39.140376],[-84.769306,39.140767]]]}},{"type":"Feature","properties":{"pid":"057300070061"},"geometry":{"type":"Polygon","coordinates":[[[-84.730215,39.15024],[-84.730079,39.150194],[-84.730214,39.149951],[-84.730324,39.150043],[-84.730215,39.15024]]]}},{"type":"Feature","properties":{"pid":"057300070062"},"geometry":{"type":"Polygon","coordinates":[[[-84.729172,39.149709],[-84.728849,39.149804],[-84.728797,39.149696],[-84.729069,39.149616],[-84.729172,39.149709]]]}},{"type":"Feature","properties":{"pid":"057300040171"},"geometry":{"type":"Polygon","coordinates":[[[-84.745543,39.151172],[-84.745556,39.151],[-84.745908,39.151016],[-84.745895,39.151189],[-84.745543,39.151172]]]}},{"type":"Feature","properties":{"pid":"057002410020"},"geometry":{"type":"Polygon","coordinates":[[[-84.7684,39.139974],[-84.767571,39.139443],[-84.767687,39.139337],[-84.768512,39.139868],[-84.7684,39.139974]]]}},{"type":"Feature","properties":{"pid":"057002410016"},"geometry":{"type":"Polygon","coordinates":[[[-84.768848,39.139552],[-84.768027,39.139022],[-84.768142,39.138916],[-84.768959,39.139447],[-84.768848,39.139552]]]}},{"type":"Feature","properties":{"pid":"057300040200"},"geometry":{"type":"Polygon","coordinates":[[[-84.746423,39.151213],[-84.746444,39.150939],[-84.74662,39.150947],[-84.746599,39.151221],[-84.746423,39.151213]]]}},{"type":"Feature","properties":{"pid":"063003000273"},"geometry":{"type":"Polygon","coordinates":[[[-84.817033,39.159146],[-84.816981,39.159158],[-84.816975,39.158005],[-84.815947,39.158008],[-84.816297,39.15754],[-84.817794,39.157535],[-84.817797,39.158002],[-84.817028,39.158004],[-84.817033,39.159146]]]}},{"type":"Feature","properties":{"pid":"057300100044"},"geometry":{"type":"Polygon","coordinates":[[[-84.738281,39.151972],[-84.738543,39.152086],[-84.738293,39.15301],[-84.738114,39.152894],[-84.737921,39.152661],[-84.738281,39.151972]]]}},{"type":"Feature","properties":{"pid":"057300100043"},"geometry":{"type":"Polygon","coordinates":[[[-84.738281,39.151972],[-84.738543,39.152086],[-84.738293,39.15301],[-84.738114,39.152894],[-84.737921,39.152661],[-84.738281,39.151972]]]}},{"type":"Feature","properties":{"pid":"057300100033"},"geometry":{"type":"Polygon","coordinates":[[[-84.737994,39.152995],[-84.73829,39.15317],[-84.737922,39.153638],[-84.737622,39.153467],[-84.737994,39.152995]]]}},{"type":"Feature","properties":{"pid":"057300100059"},"geometry":{"type":"Polygon","coordinates":[[[-84.738606,39.153321],[-84.738847,39.15344],[-84.739007,39.153581],[-84.738535,39.153931],[-84.738238,39.153789],[-84.738606,39.153321]]]}},{"type":"Feature","properties":{"pid":"057300100016"},"geometry":{"type":"Polygon","coordinates":[[[-84.738606,39.153321],[-84.738238,39.153789],[-84.737922,39.153638],[-84.73829,39.15317],[-84.738606,39.153321]]]}},{"type":"Feature","properties":{"pid":"057300100006"},"geometry":{"type":"Polygon","coordinates":[[[-84.736722,39.152925],[-84.737158,39.15237],[-84.737468,39.152528],[-84.737059,39.153048],[-84.736722,39.152925]]]}},{"type":"Feature","properties":{"pid":"057300100007"},"geometry":{"type":"Polygon","coordinates":[[[-84.737059,39.153048],[-84.737468,39.152528],[-84.737762,39.152722],[-84.737393,39.153191],[-84.737059,39.153048]]]}},{"type":"Feature","properties":{"pid":"057300100008"},"geometry":{"type":"Polygon","coordinates":[[[-84.737762,39.152722],[-84.737994,39.152995],[-84.737622,39.153467],[-84.737393,39.153191],[-84.737762,39.152722]]]}},{"type":"Feature","properties":{"pid":"057002400027"},"geometry":{"type":"Polygon","coordinates":[[[-84.773035,39.137016],[-84.770606,39.13643],[-84.770532,39.136412],[-84.770985,39.135917],[-84.77356,39.136398],[-84.773035,39.137016]]]}},{"type":"Feature","properties":{"pid":"057002400041"},"geometry":{"type":"Polygon","coordinates":[[[-84.774875,39.131394],[-84.775607,39.130492],[-84.778041,39.130677],[-84.778007,39.130733],[-84.778162,39.130855],[-84.777065,39.132176],[-84.774875,39.131394]]]}},{"type":"Feature","properties":{"pid":"057002400030"},"geometry":{"type":"Polygon","coordinates":[[[-84.774875,39.131394],[-84.775253,39.131606],[-84.774335,39.132754],[-84.774187,39.133308],[-84.775953,39.133931],[-84.775253,39.134797],[-84.775198,39.134768],[-84.77356,39.136398],[-84.770985,39.135917],[-84.772994,39.133687],[-84.774875,39.131394]]]}},{"type":"Feature","properties":{"pid":"057002400055"},"geometry":{"type":"Polygon","coordinates":[[[-84.773724,39.136389],[-84.774332,39.135763],[-84.77471,39.13618],[-84.775222,39.136444],[-84.774357,39.137186],[-84.773724,39.136389]]]}},{"type":"Feature","properties":{"pid":"057002400009"},"geometry":{"type":"Polygon","coordinates":[[[-84.774591,39.137345],[-84.774501,39.137452],[-84.773339,39.136849],[-84.773733,39.136401],[-84.774357,39.137186],[-84.774591,39.137345]]]}},{"type":"Feature","properties":{"pid":"057002400164"},"geometry":{"type":"Polygon","coordinates":[[[-84.773282,39.136919],[-84.773339,39.136849],[-84.774501,39.137452],[-84.774591,39.137345],[-84.774895,39.13755],[-84.775345,39.137724],[-84.775221,39.137922],[-84.773282,39.136919]]]}},{"type":"Feature","properties":{"pid":"057002400145"},"geometry":{"type":"Polygon","coordinates":[[[-84.778766,39.139477],[-84.780036,39.139514],[-84.780001,39.139916],[-84.773145,39.138124],[-84.773421,39.137879],[-84.773772,39.137463],[-84.773006,39.137254],[-84.773282,39.136919],[-84.774442,39.13752],[-84.774758,39.137884],[-84.775146,39.138036],[-84.776931,39.138522],[-84.778766,39.139477]]]}},{"type":"Feature","properties":{"pid":"057002400187"},"geometry":{"type":"Polygon","coordinates":[[[-84.777278,39.134634],[-84.777082,39.135252],[-84.775694,39.134507],[-84.775897,39.134278],[-84.777278,39.134634]]]}},{"type":"Feature","properties":{"pid":"057300040106"},"geometry":{"type":"Polygon","coordinates":[[[-84.745564,39.150898],[-84.745585,39.150624],[-84.745937,39.15064],[-84.745916,39.150914],[-84.745564,39.150898]]]}},{"type":"Feature","properties":{"pid":"057003000008"},"geometry":{"type":"Polygon","coordinates":[[[-84.80647,39.126523],[-84.805577,39.1265],[-84.804506,39.126623],[-84.803733,39.126897],[-84.803798,39.125096],[-84.804961,39.124492],[-84.806341,39.123625],[-84.80668,39.123458],[-84.811501,39.12212],[-84.81326,39.121746],[-84.816017,39.120982],[-84.817261,39.120475],[-84.817853,39.120172],[-84.818424,39.120742],[-84.818629,39.120301],[-84.819429,39.119707],[-84.819957,39.11919],[-84.820022,39.121711],[-84.817943,39.122903],[-84.814608,39.12344],[-84.812628,39.124746],[-84.813335,39.128823],[-84.812451,39.128234],[-84.811472,39.127705],[-84.810576,39.127323],[-84.809822,39.127087],[-84.80859,39.126833],[-84.80647,39.126523]]]}},{"type":"Feature","properties":{"pid":"057002600022"},"geometry":{"type":"Polygon","coordinates":[[[-84.793416,39.119667],[-84.796469,39.120289],[-84.796159,39.120297],[-84.796187,39.120928],[-84.797068,39.120905],[-84.797042,39.120317],[-84.798645,39.120215],[-84.80002,39.120271],[-84.800929,39.120262],[-84.80153,39.120148],[-84.802058,39.11992],[-84.80247,39.120367],[-84.795619,39.122816],[-84.788518,39.119787],[-84.788399,39.11918],[-84.789134,39.119007],[-84.789754,39.119004],[-84.792734,39.119524],[-84.792479,39.120387],[-84.793167,39.12051],[-84.793416,39.119667]]]}},{"type":"Feature","properties":{"pid":"057003000007"},"geometry":{"type":"Polygon","coordinates":[[[-84.808338,39.118205],[-84.807913,39.120131],[-84.808906,39.12267],[-84.806472,39.123362],[-84.804386,39.124594],[-84.804375,39.124526],[-84.802045,39.125697],[-84.80158,39.122813],[-84.803888,39.121633],[-84.8038,39.121105],[-84.801492,39.122282],[-84.801236,39.12081],[-84.80247,39.120367],[-84.802058,39.11992],[-84.803291,39.119232],[-84.804684,39.118545],[-84.805394,39.118248],[-84.811661,39.116877],[-84.811173,39.117552],[-84.808338,39.118205]]]}},{"type":"Feature","properties":{"pid":"057002600005"},"geometry":{"type":"Polygon","coordinates":[[[-84.78897,39.115949],[-84.789888,39.115511],[-84.791094,39.117868],[-84.790108,39.118174],[-84.78897,39.115949]]]}},{"type":"Feature","properties":{"pid":"057002600013"},"geometry":{"type":"Polygon","coordinates":[[[-84.801036,39.120078],[-84.800266,39.12011],[-84.798775,39.120053],[-84.798177,39.120066],[-84.798726,39.118734],[-84.798725,39.118238],[-84.801785,39.117539],[-84.801148,39.115837],[-84.803644,39.115449],[-84.804005,39.117305],[-84.802758,39.118009],[-84.802991,39.119199],[-84.801715,39.119897],[-84.801036,39.120078]]]}},{"type":"Feature","properties":{"pid":"057002600008"},"geometry":{"type":"Polygon","coordinates":[[[-84.798725,39.118238],[-84.798723,39.117482],[-84.798808,39.117213],[-84.79865,39.116285],[-84.799897,39.116047],[-84.801161,39.115872],[-84.801785,39.117539],[-84.798725,39.118238]]]}},{"type":"Feature","properties":{"pid":"057002600019"},"geometry":{"type":"Polygon","coordinates":[[[-84.798389,39.117116],[-84.798578,39.116258],[-84.798645,39.11625],[-84.798808,39.117213],[-84.798723,39.117482],[-84.798726,39.118734],[-84.798477,39.11934],[-84.797416,39.119736],[-84.797182,39.120033],[-84.796881,39.12015],[-84.796293,39.120094],[-84.794972,39.119834],[-84.792507,39.119153],[-84.790998,39.118856],[-84.790989,39.118725],[-84.791463,39.118787],[-84.793099,39.119125],[-84.794404,39.11932],[-84.795678,39.119082],[-84.796704,39.118781],[-84.797397,39.118436],[-84.79786,39.11799],[-84.798389,39.117116]]]}},{"type":"Feature","properties":{"pid":"057000400484"},"geometry":{"type":"Polygon","coordinates":[[[-84.690754,39.15391],[-84.690802,39.153362],[-84.698019,39.153842],[-84.697499,39.152832],[-84.69758,39.152842],[-84.698377,39.154417],[-84.690754,39.15391]]]}},{"type":"Feature","properties":{"pid":"057000500260"},"geometry":{"type":"Polygon","coordinates":[[[-84.69987,39.149754],[-84.699827,39.149797],[-84.699219,39.1494],[-84.698997,39.149606],[-84.69797,39.149542],[-84.696906,39.14848],[-84.697166,39.147984],[-84.69987,39.149754]]]}},{"type":"Feature","properties":{"pid":"057300040207"},"geometry":{"type":"Polygon","coordinates":[[[-84.74662,39.150947],[-84.746796,39.150955],[-84.746775,39.151229],[-84.746599,39.151221],[-84.74662,39.150947]]]}},{"type":"Feature","properties":{"pid":"057300040107"},"geometry":{"type":"Polygon","coordinates":[[[-84.746102,39.150648],[-84.746081,39.150922],[-84.745916,39.150914],[-84.745937,39.15064],[-84.746102,39.150648]]]}},{"type":"Feature","properties":{"pid":"057300020130"},"geometry":{"type":"Polygon","coordinates":[[[-84.756443,39.14756],[-84.756378,39.147494],[-84.756749,39.147309],[-84.756814,39.147375],[-84.756443,39.14756]]]}},{"type":"Feature","properties":{"pid":"057002700062"},"geometry":{"type":"Polygon","coordinates":[[[-84.787469,39.133159],[-84.786696,39.133522],[-84.786514,39.133287],[-84.78737,39.132885],[-84.787469,39.133159]]]}},{"type":"Feature","properties":{"pid":"057002700061"},"geometry":{"type":"Polygon","coordinates":[[[-84.787469,39.133159],[-84.787574,39.133447],[-84.786857,39.133746],[-84.786696,39.133522],[-84.787469,39.133159]]]}},{"type":"Feature","properties":{"pid":"057300040049"},"geometry":{"type":"Polygon","coordinates":[[[-84.744409,39.155734],[-84.743933,39.155489],[-84.74394,39.155395],[-84.744682,39.155428],[-84.744409,39.155734]]]}},{"type":"Feature","properties":{"pid":"063002300009"},"geometry":{"type":"MultiPolygon","coordinates":[[[[-84.799549,39.180063],[-84.799796,39.180075],[-84.799301,39.180535],[-84.799549,39.180063]]],[[[-84.802097,39.181492],[-84.802093,39.184225],[-84.797166,39.184105],[-84.797168,39.184014],[-84.796266,39.18394],[-84.796157,39.183694],[-84.797234,39.182924],[-84.797977,39.182268],[-84.799131,39.181015],[-84.799221,39.181498],[-84.802097,39.181492]]]]}},{"type":"Feature","properties":{"pid":"057300050059"},"geometry":{"type":"Polygon","coordinates":[[[-84.743887,39.156106],[-84.743863,39.156341],[-84.743295,39.15605],[-84.743441,39.155878],[-84.743887,39.156106]]]}},{"type":"Feature","properties":{"pid":"063002300008"},"geometry":{"type":"MultiPolygon","coordinates":[[[[-84.799549,39.180063],[-84.799796,39.180075],[-84.799301,39.180535],[-84.799549,39.180063]]],[[[-84.802097,39.181492],[-84.802093,39.184225],[-84.797166,39.184105],[-84.797168,39.184014],[-84.796266,39.18394],[-84.796157,39.183694],[-84.797234,39.182924],[-84.797977,39.182268],[-84.799131,39.181015],[-84.799221,39.181498],[-84.802097,39.181492]]]]}},{"type":"Feature","properties":{"pid":"057300100014"},"geometry":{"type":"Polygon","coordinates":[[[-84.739789,39.151445],[-84.740279,39.152107],[-84.740104,39.152274],[-84.739659,39.151644],[-84.739595,39.151656],[-84.739535,39.15161],[-84.739116,39.151815],[-84.738926,39.152004],[-84.738789,39.15207],[-84.738543,39.152086],[-84.738281,39.151972],[-84.737921,39.152661],[-84.737722,39.152495],[-84.738071,39.15178],[-84.73795,39.151507],[-84.738117,39.151483],[-84.73827,39.151791],[-84.738511,39.151938],[-84.738636,39.15196],[-84.738796,39.151916],[-84.738982,39.15173],[-84.73938,39.151524],[-84.739395,39.151445],[-84.73931,39.151297],[-84.739339,39.151166],[-84.73975,39.151237],[-84.739828,39.151345],[-84.739789,39.151445]]]}},{"type":"Feature","properties":{"pid":"057300100012"},"geometry":{"type":"Polygon","coordinates":[[[-84.739789,39.151445],[-84.740279,39.152107],[-84.740104,39.152274],[-84.739659,39.151644],[-84.739595,39.151656],[-84.739535,39.15161],[-84.739116,39.151815],[-84.738926,39.152004],[-84.738789,39.15207],[-84.738543,39.152086],[-84.738281,39.151972],[-84.737921,39.152661],[-84.737722,39.152495],[-84.738071,39.15178],[-84.73795,39.151507],[-84.738117,39.151483],[-84.73827,39.151791],[-84.738511,39.151938],[-84.738636,39.15196],[-84.738796,39.151916],[-84.738982,39.15173],[-84.73938,39.151524],[-84.739395,39.151445],[-84.73931,39.151297],[-84.739339,39.151166],[-84.73975,39.151237],[-84.739828,39.151345],[-84.739789,39.151445]]]}},{"type":"Feature","properties":{"pid":"057300100013"},"geometry":{"type":"Polygon","coordinates":[[[-84.739789,39.151445],[-84.740279,39.152107],[-84.740104,39.152274],[-84.739659,39.151644],[-84.739595,39.151656],[-84.739535,39.15161],[-84.739116,39.151815],[-84.738926,39.152004],[-84.738789,39.15207],[-84.738543,39.152086],[-84.738281,39.151972],[-84.737921,39.152661],[-84.737722,39.152495],[-84.738071,39.15178],[-84.73795,39.151507],[-84.738117,39.151483],[-84.73827,39.151791],[-84.738511,39.151938],[-84.738636,39.15196],[-84.738796,39.151916],[-84.738982,39.15173],[-84.73938,39.151524],[-84.739395,39.151445],[-84.73931,39.151297],[-84.739339,39.151166],[-84.73975,39.151237],[-84.739828,39.151345],[-84.739789,39.151445]]]}},{"type":"Feature","properties":{"pid":"057300100015"},"geometry":{"type":"Polygon","coordinates":[[[-84.739789,39.151445],[-84.740279,39.152107],[-84.740104,39.152274],[-84.739659,39.151644],[-84.739595,39.151656],[-84.739535,39.15161],[-84.739116,39.151815],[-84.738926,39.152004],[-84.738789,39.15207],[-84.738543,39.152086],[-84.738281,39.151972],[-84.737921,39.152661],[-84.737722,39.152495],[-84.738071,39.15178],[-84.73795,39.151507],[-84.738117,39.151483],[-84.73827,39.151791],[-84.738511,39.151938],[-84.738636,39.15196],[-84.738796,39.151916],[-84.738982,39.15173],[-84.73938,39.151524],[-84.739395,39.151445],[-84.73931,39.151297],[-84.739339,39.151166],[-84.73975,39.151237],[-84.739828,39.151345],[-84.739789,39.151445]]]}},{"type":"Feature","properties":{"pid":"057300100035"},"geometry":{"type":"Polygon","coordinates":[[[-84.741089,39.15133],[-84.740279,39.152107],[-84.739789,39.151445],[-84.739828,39.151345],[-84.741001,39.151275],[-84.741089,39.15133]]]}},{"type":"Feature","properties":{"pid":"057300100034"},"geometry":{"type":"Polygon","coordinates":[[[-84.741089,39.15133],[-84.740279,39.152107],[-84.739789,39.151445],[-84.739828,39.151345],[-84.741001,39.151275],[-84.741089,39.15133]]]}},{"type":"Feature","properties":{"pid":"057300100036"},"geometry":{"type":"Polygon","coordinates":[[[-84.73674,39.150806],[-84.736322,39.150752],[-84.736414,39.150325],[-84.736828,39.150395],[-84.73674,39.150806]]]}},{"type":"Feature","properties":{"pid":"057300020066"},"geometry":{"type":"Polygon","coordinates":[[[-84.757225,39.146433],[-84.756775,39.146657],[-84.756522,39.146396],[-84.756972,39.146166],[-84.757225,39.146433]]]}},{"type":"Feature","properties":{"pid":"063003000121"},"geometry":{"type":"Polygon","coordinates":[[[-84.803769,39.15796],[-84.803561,39.157701],[-84.803709,39.157628],[-84.803918,39.157887],[-84.803769,39.15796]]]}},{"type":"Feature","properties":{"pid":"063003000122"},"geometry":{"type":"Polygon","coordinates":[[[-84.803427,39.157768],[-84.803561,39.157701],[-84.803769,39.15796],[-84.803622,39.158033],[-84.803427,39.157768]]]}},{"type":"Feature","properties":{"pid":"063003000123"},"geometry":{"type":"Polygon","coordinates":[[[-84.803489,39.158099],[-84.80328,39.157841],[-84.803412,39.157775],[-84.803622,39.158033],[-84.803489,39.158099]]]}},{"type":"Feature","properties":{"pid":"063003000127"},"geometry":{"type":"Polygon","coordinates":[[[-84.80312,39.158414],[-84.80327,39.158339],[-84.803437,39.158549],[-84.803208,39.158522],[-84.80312,39.158414]]]}},{"type":"Feature","properties":{"pid":"063003000134"},"geometry":{"type":"Polygon","coordinates":[[[-84.804163,39.157895],[-84.804583,39.157686],[-84.804654,39.157831],[-84.804267,39.158019],[-84.804163,39.157895]]]}},{"type":"Feature","properties":{"pid":"057300040224"},"geometry":{"type":"Polygon","coordinates":[[[-84.74933,39.153408],[-84.749356,39.153682],[-84.748851,39.153702],[-84.748833,39.153428],[-84.74933,39.153408]]]}},{"type":"Feature","properties":{"pid":"057300050097"},"geometry":{"type":"Polygon","coordinates":[[[-84.739116,39.149373],[-84.738568,39.149587],[-84.738536,39.14996],[-84.73787,39.149872],[-84.737882,39.14976],[-84.73803,39.149698],[-84.738106,39.148771],[-84.738716,39.149073],[-84.739051,39.149048],[-84.739228,39.149121],[-84.739116,39.149373]]]}},{"type":"Feature","properties":{"pid":"057300090048"},"geometry":{"type":"Polygon","coordinates":[[[-84.737665,39.148553],[-84.737554,39.149891],[-84.73709,39.14995],[-84.737223,39.14834],[-84.737665,39.148553]]]}},{"type":"Feature","properties":{"pid":"057300090057"},"geometry":{"type":"Polygon","coordinates":[[[-84.737554,39.149891],[-84.737665,39.148553],[-84.737999,39.148718],[-84.737882,39.14976],[-84.737554,39.149891]]]}},{"type":"Feature","properties":{"pid":"057300090066"},"geometry":{"type":"Polygon","coordinates":[[[-84.73709,39.14995],[-84.736572,39.149915],[-84.736873,39.148171],[-84.737223,39.14834],[-84.73709,39.14995]]]}},{"type":"Feature","properties":{"pid":"057300090067"},"geometry":{"type":"Polygon","coordinates":[[[-84.735985,39.149839],[-84.736623,39.148095],[-84.736721,39.1481],[-84.736873,39.148171],[-84.736572,39.149915],[-84.735985,39.149839]]]}},{"type":"Feature","properties":{"pid":"057300100056"},"geometry":{"type":"Polygon","coordinates":[[[-84.737157,39.15086],[-84.73674,39.150806],[-84.736828,39.150395],[-84.737242,39.150463],[-84.737157,39.15086]]]}},{"type":"Feature","properties":{"pid":"057300100021"},"geometry":{"type":"Polygon","coordinates":[[[-84.73753,39.150908],[-84.737157,39.15086],[-84.737242,39.150463],[-84.737737,39.150544],[-84.73753,39.150908]]]}},{"type":"Feature","properties":{"pid":"057000900276"},"geometry":{"type":"Polygon","coordinates":[[[-84.721588,39.152995],[-84.721898,39.152865],[-84.722392,39.153593],[-84.722082,39.153723],[-84.721588,39.152995]]]}},{"type":"Feature","properties":{"pid":"057000900087"},"geometry":{"type":"Polygon","coordinates":[[[-84.719816,39.152808],[-84.720301,39.152913],[-84.721584,39.155319],[-84.721141,39.155293],[-84.719816,39.152808]]]}},{"type":"Feature","properties":{"pid":"057000900086"},"geometry":{"type":"Polygon","coordinates":[[[-84.720229,39.155239],[-84.719042,39.153013],[-84.719106,39.15299],[-84.719664,39.154037],[-84.720141,39.153882],[-84.720789,39.155272],[-84.720229,39.155239]]]}},{"type":"Feature","properties":{"pid":"057000900279"},"geometry":{"type":"Polygon","coordinates":[[[-84.719106,39.15299],[-84.719487,39.15285],[-84.719816,39.152808],[-84.720353,39.153814],[-84.719664,39.154037],[-84.719106,39.15299]]]}},{"type":"Feature","properties":{"pid":"057000900085"},"geometry":{"type":"Polygon","coordinates":[[[-84.719042,39.153013],[-84.720229,39.155239],[-84.719145,39.155176],[-84.718206,39.153384],[-84.718481,39.15322],[-84.719042,39.153013]]]}},{"type":"Feature","properties":{"pid":"063003000120"},"geometry":{"type":"Polygon","coordinates":[[[-84.804086,39.157804],[-84.803918,39.157887],[-84.803709,39.157628],[-84.803895,39.157535],[-84.804086,39.157804]]]}},{"type":"Feature","properties":{"pid":"063003000117"},"geometry":{"type":"Polygon","coordinates":[[[-84.804398,39.157647],[-84.804196,39.157388],[-84.804384,39.157295],[-84.804528,39.157581],[-84.804398,39.157647]]]}},{"type":"Feature","properties":{"pid":"063003000118"},"geometry":{"type":"Polygon","coordinates":[[[-84.804256,39.157718],[-84.804047,39.157461],[-84.804196,39.157388],[-84.804398,39.157647],[-84.804256,39.157718]]]}},{"type":"Feature","properties":{"pid":"063003000124"},"geometry":{"type":"Polygon","coordinates":[[[-84.803336,39.158174],[-84.803127,39.157916],[-84.80328,39.157841],[-84.803489,39.158099],[-84.803336,39.158174]]]}},{"type":"Feature","properties":{"pid":"063003000126"},"geometry":{"type":"Polygon","coordinates":[[[-84.802839,39.158071],[-84.802982,39.15799],[-84.803191,39.158245],[-84.803041,39.158318],[-84.802839,39.158071]]]}},{"type":"Feature","properties":{"pid":"063003000119"},"geometry":{"type":"Polygon","coordinates":[[[-84.804024,39.157472],[-84.804256,39.157718],[-84.804106,39.157794],[-84.803895,39.157535],[-84.804024,39.157472]]]}},{"type":"Feature","properties":{"pid":"057002300177"},"geometry":{"type":"Polygon","coordinates":[[[-84.768215,39.147786],[-84.767574,39.14767],[-84.766636,39.146728],[-84.767427,39.146326],[-84.768414,39.147647],[-84.768777,39.147331],[-84.76905,39.147194],[-84.769076,39.147229],[-84.768812,39.147362],[-84.768525,39.147631],[-84.768215,39.147786]]]}},{"type":"Feature","properties":{"pid":"057002300178"},"geometry":{"type":"Polygon","coordinates":[[[-84.7689,39.147261],[-84.768414,39.147647],[-84.767427,39.146326],[-84.768135,39.145967],[-84.76905,39.147194],[-84.7689,39.147261]]]}},{"type":"Feature","properties":{"pid":"057002300179"},"geometry":{"type":"Polygon","coordinates":[[[-84.77012,39.148628],[-84.769453,39.149092],[-84.768437,39.147733],[-84.768847,39.147392],[-84.769103,39.147265],[-84.77012,39.148628]]]}},{"type":"Feature","properties":{"pid":"057002300180"},"geometry":{"type":"Polygon","coordinates":[[[-84.769103,39.147265],[-84.768847,39.147392],[-84.768437,39.147733],[-84.769453,39.149092],[-84.768943,39.149445],[-84.767951,39.14827],[-84.768076,39.147926],[-84.768212,39.147841],[-84.768215,39.147786],[-84.768525,39.147631],[-84.768867,39.147327],[-84.769076,39.147229],[-84.769103,39.147265]]]}},{"type":"Feature","properties":{"pid":"057300040008"},"geometry":{"type":"Polygon","coordinates":[[[-84.74937,39.153819],[-84.74886,39.153839],[-84.748851,39.153702],[-84.749356,39.153682],[-84.74937,39.153819]]]}},{"type":"Feature","properties":{"pid":"057300040011"},"geometry":{"type":"Polygon","coordinates":[[[-84.74933,39.153408],[-84.748833,39.153428],[-84.748824,39.153291],[-84.749317,39.153271],[-84.74933,39.153408]]]}},{"type":"Feature","properties":{"pid":"057300040017"},"geometry":{"type":"Polygon","coordinates":[[[-84.748824,39.153291],[-84.748833,39.153428],[-84.748317,39.153448],[-84.748308,39.153311],[-84.748824,39.153291]]]}},{"type":"Feature","properties":{"pid":"057300040018"},"geometry":{"type":"Polygon","coordinates":[[[-84.748317,39.153448],[-84.748833,39.153428],[-84.748842,39.153565],[-84.748326,39.153585],[-84.748317,39.153448]]]}},{"type":"Feature","properties":{"pid":"057300040019"},"geometry":{"type":"Polygon","coordinates":[[[-84.748326,39.153585],[-84.748842,39.153565],[-84.748851,39.153702],[-84.748335,39.153722],[-84.748326,39.153585]]]}},{"type":"Feature","properties":{"pid":"057300040020"},"geometry":{"type":"Polygon","coordinates":[[[-84.748335,39.153722],[-84.748851,39.153702],[-84.74886,39.153839],[-84.748366,39.153859],[-84.748335,39.153722]]]}},{"type":"Feature","properties":{"pid":"057300020064"},"geometry":{"type":"Polygon","coordinates":[[[-84.758105,39.145973],[-84.757672,39.146207],[-84.757413,39.14594],[-84.757835,39.145694],[-84.758105,39.145973]]]}},{"type":"Feature","properties":{"pid":"063002300039"},"geometry":{"type":"Polygon","coordinates":[[[-84.79381,39.183764],[-84.795508,39.183056],[-84.79699,39.181999],[-84.797275,39.181514],[-84.797961,39.180783],[-84.798461,39.180012],[-84.799549,39.180063],[-84.799301,39.180535],[-84.799131,39.181015],[-84.797977,39.182268],[-84.797234,39.182924],[-84.796157,39.183694],[-84.795367,39.184063],[-84.79385,39.184027],[-84.79381,39.183764]]]}},{"type":"Feature","properties":{"pid":"063002300015"},"geometry":{"type":"Polygon","coordinates":[[[-84.795694,39.178439],[-84.796579,39.1759],[-84.800113,39.175906],[-84.798896,39.178593],[-84.795694,39.178439]]]}},{"type":"Feature","properties":{"pid":"063002300011"},"geometry":{"type":"Polygon","coordinates":[[[-84.795694,39.178439],[-84.798896,39.178593],[-84.798461,39.180012],[-84.795288,39.179859],[-84.795694,39.178439]]]}},{"type":"Feature","properties":{"pid":"057300090059"},"geometry":{"type":"Polygon","coordinates":[[[-84.72935,39.149278],[-84.7289,39.149071],[-84.729211,39.148743],[-84.730064,39.148975],[-84.730035,39.149171],[-84.729524,39.149287],[-84.72935,39.149278]]]}},{"type":"Feature","properties":{"pid":"057300110003"},"geometry":{"type":"Polygon","coordinates":[[[-84.733229,39.153676],[-84.733188,39.154224],[-84.732848,39.154231],[-84.732815,39.153681],[-84.733229,39.153676]]]}},{"type":"Feature","properties":{"pid":"057300110016"},"geometry":{"type":"Polygon","coordinates":[[[-84.732463,39.153686],[-84.732815,39.153681],[-84.732848,39.154231],[-84.732495,39.154244],[-84.732463,39.153686]]]}},{"type":"Feature","properties":{"pid":"057300110015"},"geometry":{"type":"Polygon","coordinates":[[[-84.73211,39.153691],[-84.732463,39.153686],[-84.732495,39.154244],[-84.732143,39.154256],[-84.73211,39.153691]]]}},{"type":"Feature","properties":{"pid":"057300110008"},"geometry":{"type":"Polygon","coordinates":[[[-84.731788,39.154269],[-84.731753,39.153695],[-84.73211,39.153691],[-84.732143,39.154256],[-84.731788,39.154269]]]}},{"type":"Feature","properties":{"pid":"057300110020"},"geometry":{"type":"Polygon","coordinates":[[[-84.730536,39.153717],[-84.730566,39.15432],[-84.730624,39.15437],[-84.730577,39.154411],[-84.730192,39.154352],[-84.73012,39.153793],[-84.730536,39.153717]]]}},{"type":"Feature","properties":{"pid":"057300110006"},"geometry":{"type":"Polygon","coordinates":[[[-84.73141,39.154258],[-84.731382,39.1537],[-84.731753,39.153695],[-84.731782,39.154269],[-84.73141,39.154258]]]}},{"type":"Feature","properties":{"pid":"057300110014"},"geometry":{"type":"Polygon","coordinates":[[[-84.730566,39.153711],[-84.730994,39.153706],[-84.731025,39.154306],[-84.730624,39.15437],[-84.730566,39.15432],[-84.730566,39.153711]]]}},{"type":"Feature","properties":{"pid":"063002200039"},"geometry":{"type":"Polygon","coordinates":[[[-84.800869,39.168649],[-84.801963,39.16865],[-84.801998,39.170475],[-84.799189,39.170541],[-84.800869,39.168649]]]}},{"type":"Feature","properties":{"pid":"063002300060"},"geometry":{"type":"Polygon","coordinates":[[[-84.795288,39.179859],[-84.798461,39.180012],[-84.797961,39.180783],[-84.797275,39.181514],[-84.79699,39.181999],[-84.795508,39.183056],[-84.794957,39.183285],[-84.795288,39.179859]]]}},{"type":"Feature","properties":{"pid":"057300090065"},"geometry":{"type":"Polygon","coordinates":[[[-84.735777,39.150618],[-84.735457,39.150361],[-84.735408,39.150235],[-84.73604,39.150181],[-84.736138,39.150273],[-84.735777,39.150618]]]}},{"type":"Feature","properties":{"pid":"057002300017"},"geometry":{"type":"Polygon","coordinates":[[[-84.777892,39.146682],[-84.778437,39.149507],[-84.777063,39.149435],[-84.777689,39.148128],[-84.777138,39.146934],[-84.777892,39.146682]]]}},{"type":"Feature","properties":{"pid":"057002300020"},"geometry":{"type":"Polygon","coordinates":[[[-84.778673,39.143621],[-84.7833,39.143915],[-84.783226,39.144717],[-84.783352,39.144693],[-84.783349,39.144997],[-84.781879,39.145281],[-84.780376,39.145961],[-84.779506,39.146115],[-84.778969,39.146154],[-84.778368,39.146409],[-84.778673,39.143621]]]}},{"type":"Feature","properties":{"pid":"057002300068"},"geometry":{"type":"Polygon","coordinates":[[[-84.776003,39.147312],[-84.776324,39.148662],[-84.77595,39.148652],[-84.775657,39.147427],[-84.776003,39.147312]]]}},{"type":"Feature","properties":{"pid":"057002300075"},"geometry":{"type":"Polygon","coordinates":[[[-84.778437,39.149507],[-84.777892,39.146682],[-84.778829,39.14634],[-84.779138,39.149543],[-84.778437,39.149507]]]}},{"type":"Feature","properties":{"pid":"057002300076"},"geometry":{"type":"Polygon","coordinates":[[[-84.776336,39.147201],[-84.776489,39.147821],[-84.776147,39.147925],[-84.776003,39.147312],[-84.776336,39.147201]]]}},{"type":"Feature","properties":{"pid":"057002300077"},"geometry":{"type":"Polygon","coordinates":[[[-84.777063,39.149435],[-84.776503,39.149407],[-84.776147,39.147925],[-84.776489,39.147821],[-84.776336,39.147201],[-84.777138,39.146934],[-84.777689,39.148128],[-84.777063,39.149435]]]}},{"type":"Feature","properties":{"pid":"057002600006"},"geometry":{"type":"MultiPolygon","coordinates":[[[[-84.804237,39.113365],[-84.804228,39.113609],[-84.804175,39.113473],[-84.804122,39.113486],[-84.804088,39.1134],[-84.804237,39.113365]]],[[[-84.80329,39.112492],[-84.80317,39.11252],[-84.803152,39.112476],[-84.802863,39.112545],[-84.803119,39.113196],[-84.803184,39.113181],[-84.803685,39.114461],[-84.8042,39.114338],[-84.804181,39.114832],[-84.803754,39.114926],[-84.803805,39.11518],[-84.800194,39.115605],[-84.798951,39.115883],[-84.798876,39.11568],[-84.797588,39.115603],[-84.796731,39.11328],[-84.794074,39.114099],[-84.793672,39.113009],[-84.794115,39.112875],[-84.79651,39.112381],[-84.7978,39.112014],[-84.799971,39.111552],[-84.801507,39.111141],[-84.804339,39.110545],[-84.804259,39.112786],[-84.804126,39.112447],[-84.803748,39.112536],[-84.803806,39.112684],[-84.803403,39.11278],[-84.80329,39.112492]],[[-84.802318,39.11243],[-84.803594,39.112136],[-84.803579,39.112096],[-84.803978,39.112008],[-84.803993,39.112047],[-84.804139,39.112015],[-84.803977,39.111575],[-84.803832,39.111607],[-84.803805,39.111539],[-84.803393,39.111627],[-84.802727,39.111788],[-84.802755,39.111847],[-84.802241,39.111964],[-84.802318,39.11243]]]]}},{"type":"Feature","properties":{"pid":"057000900370"},"geometry":{"type":"Polygon","coordinates":[[[-84.721275,39.153188],[-84.72122,39.153085],[-84.721588,39.152995],[-84.721654,39.153092],[-84.721275,39.153188]]]}},{"type":"Feature","properties":{"pid":"057000900274"},"geometry":{"type":"Polygon","coordinates":[[[-84.72223,39.15267],[-84.722727,39.15306],[-84.722396,39.153315],[-84.722155,39.153126],[-84.72196,39.152839],[-84.72223,39.15267]]]}},{"type":"Feature","properties":{"pid":"057000900275"},"geometry":{"type":"Polygon","coordinates":[[[-84.723175,39.1531],[-84.722464,39.15365],[-84.721898,39.152865],[-84.72196,39.152839],[-84.722155,39.153126],[-84.722396,39.153315],[-84.722927,39.152905],[-84.723175,39.1531]]]}},{"type":"Feature","properties":{"pid":"057000900007"},"geometry":{"type":"Polygon","coordinates":[[[-84.722981,39.15209],[-84.723205,39.151917],[-84.723768,39.152199],[-84.72388,39.152019],[-84.724348,39.152194],[-84.723726,39.152675],[-84.722981,39.15209]]]}},{"type":"Feature","properties":{"pid":"057000900373"},"geometry":{"type":"Polygon","coordinates":[[[-84.721536,39.154393],[-84.72137,39.154082],[-84.721548,39.154045],[-84.721657,39.154368],[-84.721536,39.154393]]]}},{"type":"Feature","properties":{"pid":"057000900009"},"geometry":{"type":"Polygon","coordinates":[[[-84.722605,39.15238],[-84.722981,39.15209],[-84.723478,39.15248],[-84.723102,39.15277],[-84.722605,39.15238]]]}},{"type":"Feature","properties":{"pid":"057000900277"},"geometry":{"type":"Polygon","coordinates":[[[-84.72122,39.153085],[-84.721626,39.153846],[-84.7213,39.153951],[-84.720808,39.153027],[-84.721128,39.1531],[-84.72122,39.153085]]]}},{"type":"Feature","properties":{"pid":"057002300102"},"geometry":{"type":"Polygon","coordinates":[[[-84.775657,39.147427],[-84.77595,39.148652],[-84.775862,39.14865],[-84.774977,39.147817],[-84.775516,39.147473],[-84.775657,39.147427]]]}},{"type":"Feature","properties":{"pid":"057002300106"},"geometry":{"type":"Polygon","coordinates":[[[-84.773435,39.155137],[-84.772696,39.154599],[-84.772919,39.151897],[-84.774986,39.151639],[-84.774502,39.150883],[-84.775931,39.150941],[-84.775173,39.150022],[-84.774216,39.149751],[-84.774042,39.148549],[-84.774247,39.149308],[-84.774379,39.149483],[-84.775239,39.14998],[-84.777142,39.151867],[-84.778142,39.15223],[-84.780171,39.154128],[-84.78045,39.155686],[-84.780157,39.155814],[-84.780213,39.156339],[-84.778314,39.158557],[-84.773028,39.158273],[-84.773232,39.157279],[-84.773435,39.155137]]]}},{"type":"Feature","properties":{"pid":"057002300131"},"geometry":{"type":"Polygon","coordinates":[[[-84.774321,39.1492],[-84.774066,39.148437],[-84.774412,39.148188],[-84.77501,39.148758],[-84.774321,39.1492]]]}},{"type":"Feature","properties":{"pid":"057002300133"},"geometry":{"type":"Polygon","coordinates":[[[-84.774321,39.1492],[-84.77501,39.148758],[-84.774412,39.148188],[-84.774463,39.148151],[-84.775649,39.149268],[-84.774949,39.149708],[-84.774499,39.149458],[-84.774338,39.14925],[-84.774321,39.1492]]]}},{"type":"Feature","properties":{"pid":"057002300140"},"geometry":{"type":"Polygon","coordinates":[[[-84.776785,39.145925],[-84.776591,39.145296],[-84.776887,39.145187],[-84.777019,39.144963],[-84.778515,39.145062],[-84.77837,39.146388],[-84.777443,39.146713],[-84.777024,39.146319],[-84.776785,39.145925]]]}},{"type":"Feature","properties":{"pid":"057002300148"},"geometry":{"type":"Polygon","coordinates":[[[-84.775699,39.147293],[-84.77477,39.146434],[-84.775348,39.145972],[-84.776593,39.146996],[-84.775699,39.147293]]]}},{"type":"Feature","properties":{"pid":"057002300149"},"geometry":{"type":"Polygon","coordinates":[[[-84.776591,39.145296],[-84.776751,39.145855],[-84.776937,39.146194],[-84.777443,39.146713],[-84.776593,39.146996],[-84.775325,39.145957],[-84.775914,39.14553],[-84.776181,39.145403],[-84.776591,39.145296]]]}},{"type":"Feature","properties":{"pid":"057002300095"},"geometry":{"type":"Polygon","coordinates":[[[-84.769463,39.153133],[-84.769765,39.152506],[-84.770081,39.152258],[-84.771137,39.152045],[-84.771626,39.151767],[-84.77186,39.151556],[-84.772378,39.151601],[-84.772546,39.151698],[-84.772331,39.15173],[-84.771642,39.152088],[-84.770136,39.152483],[-84.769701,39.153198],[-84.769316,39.153554],[-84.769284,39.15403],[-84.769991,39.154578],[-84.770533,39.155137],[-84.770818,39.155732],[-84.770163,39.155545],[-84.769974,39.155988],[-84.769982,39.156627],[-84.771118,39.156589],[-84.771574,39.156654],[-84.771627,39.15649],[-84.773302,39.156574],[-84.773232,39.157279],[-84.773028,39.158273],[-84.768509,39.158027],[-84.768775,39.15753],[-84.76912,39.157169],[-84.768983,39.156538],[-84.768012,39.15655],[-84.767801,39.155882],[-84.767074,39.155777],[-84.767022,39.155196],[-84.767336,39.154643],[-84.767527,39.154487],[-84.767852,39.154365],[-84.769115,39.153254],[-84.769463,39.153133]]]}},{"type":"Feature","properties":{"pid":"057300110011"},"geometry":{"type":"Polygon","coordinates":[[[-84.728541,39.154125],[-84.728826,39.154912],[-84.729333,39.154734],[-84.730675,39.154569],[-84.729338,39.154747],[-84.728279,39.15512],[-84.728041,39.154465],[-84.728541,39.154125]]]}},{"type":"Feature","properties":{"pid":"057300110010"},"geometry":{"type":"Polygon","coordinates":[[[-84.729063,39.153988],[-84.729328,39.15472],[-84.73064,39.15456],[-84.729333,39.154734],[-84.728826,39.154912],[-84.728541,39.154125],[-84.728622,39.154069],[-84.729063,39.153988]]]}},{"type":"Feature","properties":{"pid":"057300110001"},"geometry":{"type":"Polygon","coordinates":[[[-84.735678,39.1538],[-84.736221,39.153887],[-84.736327,39.154182],[-84.735852,39.154285],[-84.735678,39.1538]]]}},{"type":"Feature","properties":{"pid":"057300110019"},"geometry":{"type":"Polygon","coordinates":[[[-84.729607,39.153888],[-84.729788,39.154646],[-84.730617,39.154549],[-84.729328,39.15472],[-84.729063,39.153988],[-84.729607,39.153888]]]}},{"type":"Feature","properties":{"pid":"057300110012"},"geometry":{"type":"Polygon","coordinates":[[[-84.734135,39.153722],[-84.734558,39.153743],[-84.734458,39.154288],[-84.734025,39.154314],[-84.734135,39.153722]]]}},{"type":"Feature","properties":{"pid":"057300110009"},"geometry":{"type":"Polygon","coordinates":[[[-84.7306,39.154538],[-84.729788,39.154646],[-84.729607,39.153888],[-84.73012,39.153793],[-84.730192,39.154352],[-84.730577,39.154411],[-84.7306,39.154538]]]}},{"type":"Feature","properties":{"pid":"057300110013"},"geometry":{"type":"Polygon","coordinates":[[[-84.733631,39.153696],[-84.734135,39.153722],[-84.734025,39.154314],[-84.733552,39.154261],[-84.733631,39.153696]]]}},{"type":"Feature","properties":{"pid":"057300110002"},"geometry":{"type":"Polygon","coordinates":[[[-84.733229,39.153676],[-84.733631,39.153696],[-84.733552,39.154261],[-84.733188,39.154224],[-84.733229,39.153676]]]}},{"type":"Feature","properties":{"pid":"057000400291"},"geometry":{"type":"Polygon","coordinates":[[[-84.701597,39.155358],[-84.700718,39.155309],[-84.700743,39.155035],[-84.701626,39.155038],[-84.701597,39.155358]]]}},{"type":"Feature","properties":{"pid":"057000400292"},"geometry":{"type":"Polygon","coordinates":[[[-84.701572,39.155632],[-84.700692,39.155582],[-84.700705,39.155446],[-84.701585,39.155494],[-84.701572,39.155632]]]}},{"type":"Feature","properties":{"pid":"057000400293"},"geometry":{"type":"Polygon","coordinates":[[[-84.701548,39.155895],[-84.700667,39.155863],[-84.700692,39.155582],[-84.701572,39.155632],[-84.701548,39.155895]]]}},{"type":"Feature","properties":{"pid":"057000400294"},"geometry":{"type":"Polygon","coordinates":[[[-84.702794,39.155941],[-84.701548,39.155895],[-84.701626,39.155038],[-84.702765,39.155042],[-84.702768,39.154493],[-84.702803,39.154493],[-84.702794,39.155941]]]}},{"type":"Feature","properties":{"pid":"057300090037"},"geometry":{"type":"Polygon","coordinates":[[[-84.731225,39.147949],[-84.730806,39.147833],[-84.731402,39.146925],[-84.731809,39.147089],[-84.731225,39.147949]]]}},{"type":"Feature","properties":{"pid":"057300090040"},"geometry":{"type":"Polygon","coordinates":[[[-84.733783,39.148853],[-84.733189,39.148692],[-84.733753,39.147853],[-84.734408,39.148032],[-84.733783,39.148853]]]}},{"type":"Feature","properties":{"pid":"057300090052"},"geometry":{"type":"Polygon","coordinates":[[[-84.730889,39.148452],[-84.730348,39.148723],[-84.729903,39.148167],[-84.730276,39.147989],[-84.730764,39.148001],[-84.730772,39.147968],[-84.730983,39.148008],[-84.73116,39.148113],[-84.730889,39.148452]]]}},{"type":"Feature","properties":{"pid":"057001030103"},"geometry":{"type":"Polygon","coordinates":[[[-84.712387,39.154861],[-84.712475,39.154866],[-84.712395,39.155687],[-84.712847,39.156728],[-84.711627,39.15636],[-84.711252,39.15562],[-84.712307,39.155682],[-84.712387,39.154861]]]}},{"type":"Feature","properties":{"pid":"057001030100"},"geometry":{"type":"Polygon","coordinates":[[[-84.710805,39.154767],[-84.711332,39.154799],[-84.711252,39.15562],[-84.710725,39.155589],[-84.710805,39.154767]]]}},{"type":"Feature","properties":{"pid":"057001030090"},"geometry":{"type":"Polygon","coordinates":[[[-84.708749,39.155115],[-84.708794,39.154649],[-84.709699,39.154717],[-84.709663,39.155168],[-84.708749,39.155115]]]}},{"type":"Feature","properties":{"pid":"057001030097"},"geometry":{"type":"Polygon","coordinates":[[[-84.711627,39.15636],[-84.711127,39.156531],[-84.710699,39.156313],[-84.710487,39.155935],[-84.710459,39.155805],[-84.710725,39.155589],[-84.711252,39.15562],[-84.711627,39.15636]]]}},{"type":"Feature","properties":{"pid":"057001030098"},"geometry":{"type":"Polygon","coordinates":[[[-84.710459,39.155805],[-84.71014,39.155747],[-84.709935,39.155635],[-84.709828,39.155458],[-84.70984,39.155169],[-84.71076,39.155224],[-84.710725,39.155589],[-84.710459,39.155805]]]}},{"type":"Feature","properties":{"pid":"057001030102"},"geometry":{"type":"Polygon","coordinates":[[[-84.711859,39.15483],[-84.712387,39.154861],[-84.712307,39.155682],[-84.71178,39.155651],[-84.711859,39.15483]]]}},{"type":"Feature","properties":{"pid":"057001030101"},"geometry":{"type":"Polygon","coordinates":[[[-84.711332,39.154799],[-84.711859,39.15483],[-84.71178,39.155651],[-84.711252,39.15562],[-84.711332,39.154799]]]}},{"type":"Feature","properties":{"pid":"057001030099"},"geometry":{"type":"Polygon","coordinates":[[[-84.709928,39.154716],[-84.710805,39.154767],[-84.71076,39.155224],[-84.70984,39.155169],[-84.709881,39.154747],[-84.709928,39.154716]]]}},{"type":"Feature","properties":{"pid":"057002400194"},"geometry":{"type":"Polygon","coordinates":[[[-84.768356,39.142492],[-84.767537,39.142115],[-84.767892,39.141809],[-84.768711,39.142187],[-84.768829,39.142085],[-84.769436,39.142365],[-84.769121,39.142636],[-84.768251,39.142583],[-84.768356,39.142492]]]}},{"type":"Feature","properties":{"pid":"057002400086"},"geometry":{"type":"Polygon","coordinates":[[[-84.768246,39.141504],[-84.768325,39.14154],[-84.769065,39.141882],[-84.768829,39.142085],[-84.76801,39.141707],[-84.768246,39.141504]]]}},{"type":"Feature","properties":{"pid":"057002400079"},"geometry":{"type":"Polygon","coordinates":[[[-84.767537,39.142115],[-84.76763,39.142157],[-84.768356,39.142492],[-84.768251,39.142583],[-84.767076,39.142511],[-84.767537,39.142115]]]}},{"type":"Feature","properties":{"pid":"057002400097"},"geometry":{"type":"Polygon","coordinates":[[[-84.769672,39.142161],[-84.77033,39.142464],[-84.770064,39.142693],[-84.769121,39.142636],[-84.769672,39.142161]]]}},{"type":"Feature","properties":{"pid":"057300110007"},"geometry":{"type":"Polygon","coordinates":[[[-84.735852,39.154285],[-84.735439,39.154333],[-84.735397,39.153786],[-84.735678,39.1538],[-84.735852,39.154285]]]}},{"type":"Feature","properties":{"pid":"057300110017"},"geometry":{"type":"Polygon","coordinates":[[[-84.735439,39.154333],[-84.735048,39.154345],[-84.735095,39.153771],[-84.735397,39.153786],[-84.735439,39.154333]]]}},{"type":"Feature","properties":{"pid":"057300110018"},"geometry":{"type":"Polygon","coordinates":[[[-84.734672,39.154283],[-84.734768,39.153754],[-84.735095,39.153771],[-84.735048,39.154345],[-84.734672,39.154283]]]}},{"type":"Feature","properties":{"pid":"057300110004"},"geometry":{"type":"Polygon","coordinates":[[[-84.730994,39.153706],[-84.731382,39.1537],[-84.73141,39.154258],[-84.731025,39.154306],[-84.730994,39.153706]]]}},{"type":"Feature","properties":{"pid":"057000500307"},"geometry":{"type":"Polygon","coordinates":[[[-84.704234,39.14409],[-84.70491,39.143785],[-84.705681,39.143713],[-84.705671,39.143598],[-84.706979,39.143723],[-84.707089,39.144006],[-84.706268,39.145879],[-84.706135,39.145898],[-84.704234,39.14409]]]}},{"type":"Feature","properties":{"pid":"057000500311"},"geometry":{"type":"Polygon","coordinates":[[[-84.706021,39.146653],[-84.705968,39.146756],[-84.705487,39.14667],[-84.703496,39.146165],[-84.703632,39.144971],[-84.704013,39.144189],[-84.704234,39.14409],[-84.705481,39.145276],[-84.705436,39.146266],[-84.705332,39.146515],[-84.706021,39.146653]]]}},{"type":"Feature","properties":{"pid":"057000400002"},"geometry":{"type":"Polygon","coordinates":[[[-84.700989,39.164033],[-84.700937,39.164687],[-84.70071,39.165435],[-84.699852,39.165277],[-84.699933,39.16501],[-84.699736,39.164732],[-84.699805,39.163984],[-84.700989,39.164033]]]}},{"type":"Feature","properties":{"pid":"057000900174"},"geometry":{"type":"Polygon","coordinates":[[[-84.711036,39.15344],[-84.710463,39.153168],[-84.710509,39.152968],[-84.711203,39.153066],[-84.711036,39.15344]]]}},{"type":"Feature","properties":{"pid":"057300090088"},"geometry":{"type":"Polygon","coordinates":[[[-84.72804,39.147725],[-84.72795,39.147871],[-84.727264,39.147735],[-84.72736,39.147317],[-84.72804,39.147725]]]}},{"type":"Feature","properties":{"pid":"057300090090"},"geometry":{"type":"Polygon","coordinates":[[[-84.727486,39.148439],[-84.727374,39.148307],[-84.727333,39.148106],[-84.727939,39.148035],[-84.728011,39.148189],[-84.727486,39.148439]]]}},{"type":"Feature","properties":{"pid":"057000900179"},"geometry":{"type":"Polygon","coordinates":[[[-84.711543,39.15179],[-84.711994,39.151698],[-84.712112,39.152239],[-84.711814,39.152297],[-84.711543,39.15179]]]}},{"type":"Feature","properties":{"pid":"057000900178"},"geometry":{"type":"Polygon","coordinates":[[[-84.711105,39.152001],[-84.711543,39.15179],[-84.711814,39.152297],[-84.711565,39.152417],[-84.711105,39.152001]]]}},{"type":"Feature","properties":{"pid":"057000900177"},"geometry":{"type":"Polygon","coordinates":[[[-84.710772,39.152307],[-84.711105,39.152001],[-84.711565,39.152417],[-84.711376,39.152591],[-84.710772,39.152307]]]}},{"type":"Feature","properties":{"pid":"057000900181"},"geometry":{"type":"Polygon","coordinates":[[[-84.71246,39.152193],[-84.712341,39.151652],[-84.712689,39.151605],[-84.712808,39.152147],[-84.71246,39.152193]]]}},{"type":"Feature","properties":{"pid":"057000900186"},"geometry":{"type":"Polygon","coordinates":[[[-84.713938,39.151229],[-84.714194,39.15104],[-84.714678,39.151439],[-84.714422,39.151628],[-84.713938,39.151229]]]}},{"type":"Feature","properties":{"pid":"057000900185"},"geometry":{"type":"Polygon","coordinates":[[[-84.713938,39.151229],[-84.714422,39.151628],[-84.714035,39.151879],[-84.713667,39.151428],[-84.713938,39.151229]]]}},{"type":"Feature","properties":{"pid":"057000900184"},"geometry":{"type":"Polygon","coordinates":[[[-84.713363,39.151516],[-84.713587,39.151486],[-84.713667,39.151428],[-84.714035,39.151879],[-84.71353,39.152047],[-84.713363,39.151516]]]}},{"type":"Feature","properties":{"pid":"057000900183"},"geometry":{"type":"Polygon","coordinates":[[[-84.71353,39.152047],[-84.713155,39.152101],[-84.713037,39.151559],[-84.713363,39.151516],[-84.71353,39.152047]]]}},{"type":"Feature","properties":{"pid":"057000900182"},"geometry":{"type":"Polygon","coordinates":[[[-84.712689,39.151605],[-84.713037,39.151559],[-84.713155,39.152101],[-84.712808,39.152147],[-84.712689,39.151605]]]}},{"type":"Feature","properties":{"pid":"057001030107"},"geometry":{"type":"Polygon","coordinates":[[[-84.713618,39.154933],[-84.714145,39.154964],[-84.71409,39.155787],[-84.713538,39.155754],[-84.713618,39.154933]]]}},{"type":"Feature","properties":{"pid":"057001030104"},"geometry":{"type":"Polygon","coordinates":[[[-84.71409,39.155787],[-84.713939,39.15803],[-84.712847,39.156728],[-84.712395,39.155687],[-84.712475,39.154866],[-84.712563,39.154871],[-84.712483,39.155692],[-84.71409,39.155787]]]}},{"type":"Feature","properties":{"pid":"057001030106"},"geometry":{"type":"Polygon","coordinates":[[[-84.71309,39.154902],[-84.713618,39.154933],[-84.713538,39.155754],[-84.713011,39.155723],[-84.71309,39.154902]]]}},{"type":"Feature","properties":{"pid":"057001030105"},"geometry":{"type":"Polygon","coordinates":[[[-84.712483,39.155692],[-84.712563,39.154871],[-84.71309,39.154902],[-84.713011,39.155723],[-84.712483,39.155692]]]}},{"type":"Feature","properties":{"pid":"057001030092"},"geometry":{"type":"Polygon","coordinates":[[[-84.708459,39.156539],[-84.708132,39.155843],[-84.709666,39.155523],[-84.709789,39.155713],[-84.708459,39.156539]]]}},{"type":"Feature","properties":{"pid":"057001030093"},"geometry":{"type":"Polygon","coordinates":[[[-84.708898,39.157475],[-84.708459,39.156539],[-84.709789,39.155713],[-84.71,39.155848],[-84.708898,39.157475]]]}},{"type":"Feature","properties":{"pid":"057001030095"},"geometry":{"type":"Polygon","coordinates":[[[-84.710419,39.155985],[-84.711492,39.15789],[-84.709433,39.157772],[-84.710287,39.155978],[-84.710419,39.155985]]]}},{"type":"Feature","properties":{"pid":"057001030096"},"geometry":{"type":"Polygon","coordinates":[[[-84.713939,39.15803],[-84.711492,39.15789],[-84.710419,39.155985],[-84.710487,39.155935],[-84.710699,39.156313],[-84.711127,39.156531],[-84.711627,39.15636],[-84.712847,39.156728],[-84.713939,39.15803]]]}},{"type":"Feature","properties":{"pid":"057000900132"},"geometry":{"type":"Polygon","coordinates":[[[-84.716235,39.150533],[-84.716765,39.150805],[-84.716332,39.151508],[-84.715633,39.150927],[-84.716167,39.150535],[-84.716235,39.150533]]]}},{"type":"Feature","properties":{"pid":"057000900133"},"geometry":{"type":"Polygon","coordinates":[[[-84.715512,39.150827],[-84.715025,39.150425],[-84.715805,39.150114],[-84.716059,39.150418],[-84.715512,39.150827]]]}},{"type":"Feature","properties":{"pid":"057000900170"},"geometry":{"type":"Polygon","coordinates":[[[-84.709787,39.154276],[-84.709033,39.153973],[-84.709624,39.153643],[-84.710035,39.154089],[-84.709787,39.154276]]]}},{"type":"Feature","properties":{"pid":"057000900175"},"geometry":{"type":"Polygon","coordinates":[[[-84.711203,39.153066],[-84.710509,39.152968],[-84.710577,39.152678],[-84.711266,39.152802],[-84.711203,39.153066]]]}},{"type":"Feature","properties":{"pid":"057300080155"},"geometry":{"type":"Polygon","coordinates":[[[-84.72992,39.145884],[-84.730158,39.145634],[-84.730458,39.14574],[-84.730332,39.145966],[-84.72992,39.145884]]]}},{"type":"Feature","properties":{"pid":"057000900066"},"geometry":{"type":"Polygon","coordinates":[[[-84.709408,39.146258],[-84.710383,39.145965],[-84.71041,39.146149],[-84.709798,39.146693],[-84.709569,39.146494],[-84.709408,39.146258]]]}},{"type":"Feature","properties":{"pid":"057000900067"},"geometry":{"type":"Polygon","coordinates":[[[-84.71041,39.146149],[-84.711003,39.146755],[-84.710664,39.147043],[-84.710056,39.146833],[-84.709798,39.146693],[-84.71041,39.146149]]]}},{"type":"Feature","properties":{"pid":"057000900068"},"geometry":{"type":"Polygon","coordinates":[[[-84.71157,39.147542],[-84.710708,39.147395],[-84.710821,39.14713],[-84.711048,39.146904],[-84.711611,39.147395],[-84.71157,39.147542]]]}},{"type":"Feature","properties":{"pid":"057000900069"},"geometry":{"type":"Polygon","coordinates":[[[-84.711494,39.147811],[-84.710633,39.147663],[-84.710708,39.147395],[-84.71157,39.147542],[-84.711494,39.147811]]]}},{"type":"Feature","properties":{"pid":"057000900070"},"geometry":{"type":"Polygon","coordinates":[[[-84.711419,39.148079],[-84.710557,39.147931],[-84.710633,39.147663],[-84.711494,39.147811],[-84.711419,39.148079]]]}},{"type":"Feature","properties":{"pid":"057000900071"},"geometry":{"type":"Polygon","coordinates":[[[-84.711343,39.148347],[-84.710481,39.1482],[-84.710557,39.147931],[-84.711419,39.148079],[-84.711343,39.148347]]]}},{"type":"Feature","properties":{"pid":"057000900072"},"geometry":{"type":"Polygon","coordinates":[[[-84.711268,39.148615],[-84.710406,39.148468],[-84.710481,39.1482],[-84.711343,39.148347],[-84.711268,39.148615]]]}},{"type":"Feature","properties":{"pid":"057000900073"},"geometry":{"type":"Polygon","coordinates":[[[-84.711211,39.148816],[-84.710354,39.1488],[-84.710406,39.148468],[-84.711268,39.148615],[-84.711211,39.148816]]]}},{"type":"Feature","properties":{"pid":"057000900074"},"geometry":{"type":"Polygon","coordinates":[[[-84.711252,39.14902],[-84.710385,39.149134],[-84.710354,39.1488],[-84.711211,39.148816],[-84.711252,39.14902]]]}},{"type":"Feature","properties":{"pid":"057000900075"},"geometry":{"type":"Polygon","coordinates":[[[-84.710385,39.149134],[-84.711252,39.14902],[-84.711326,39.149259],[-84.710469,39.149421],[-84.710385,39.149134]]]}},{"type":"Feature","properties":{"pid":"057000900076"},"geometry":{"type":"Polygon","coordinates":[[[-84.711409,39.149526],[-84.710552,39.149687],[-84.710469,39.149421],[-84.711326,39.149259],[-84.711409,39.149526]]]}},{"type":"Feature","properties":{"pid":"057000900077"},"geometry":{"type":"Polygon","coordinates":[[[-84.711492,39.149793],[-84.710635,39.149954],[-84.710552,39.149687],[-84.711409,39.149526],[-84.711492,39.149793]]]}},{"type":"Feature","properties":{"pid":"057000900078"},"geometry":{"type":"Polygon","coordinates":[[[-84.710712,39.150213],[-84.710635,39.149954],[-84.711492,39.149793],[-84.71159,39.150092],[-84.710712,39.150213]]]}},{"type":"Feature","properties":{"pid":"057000900079"},"geometry":{"type":"Polygon","coordinates":[[[-84.711711,39.15048],[-84.710733,39.150457],[-84.710712,39.150213],[-84.71159,39.150092],[-84.711711,39.15048]]]}},{"type":"Feature","properties":{"pid":"057000900141"},"geometry":{"type":"Polygon","coordinates":[[[-84.71159,39.150092],[-84.711211,39.148891],[-84.713127,39.147883],[-84.713175,39.147946],[-84.71243,39.148335],[-84.712687,39.148723],[-84.71159,39.150092]]]}},{"type":"Feature","properties":{"pid":"057000900142"},"geometry":{"type":"Polygon","coordinates":[[[-84.711211,39.148891],[-84.711607,39.147392],[-84.711853,39.14741],[-84.712356,39.148207],[-84.713087,39.147825],[-84.713127,39.147883],[-84.711211,39.148891]]]}},{"type":"Feature","properties":{"pid":"057000900147"},"geometry":{"type":"Polygon","coordinates":[[[-84.711745,39.147405],[-84.711607,39.147392],[-84.711048,39.146904],[-84.711444,39.146728],[-84.711818,39.146695],[-84.711745,39.147405]]]}},{"type":"Feature","properties":{"pid":"057000900176"},"geometry":{"type":"Polygon","coordinates":[[[-84.711266,39.152802],[-84.710577,39.152678],[-84.710772,39.152307],[-84.711376,39.152591],[-84.711266,39.152802]]]}},{"type":"Feature","properties":{"pid":"057000900180"},"geometry":{"type":"Polygon","coordinates":[[[-84.713747,39.150686],[-84.714194,39.15104],[-84.713587,39.151486],[-84.712341,39.151652],[-84.71246,39.152193],[-84.712112,39.152239],[-84.711994,39.151698],[-84.711543,39.15179],[-84.711357,39.15145],[-84.712317,39.151002],[-84.713747,39.150686]]]}},{"type":"Feature","properties":{"pid":"057000900210"},"geometry":{"type":"Polygon","coordinates":[[[-84.709681,39.154536],[-84.708863,39.154488],[-84.708906,39.154044],[-84.709033,39.153973],[-84.709787,39.154276],[-84.709727,39.15451],[-84.709681,39.154536]]]}},{"type":"Feature","properties":{"pid":"057000900212"},"geometry":{"type":"Polygon","coordinates":[[[-84.714986,39.151214],[-84.714678,39.151439],[-84.713988,39.150878],[-84.714297,39.150647],[-84.714986,39.151214]]]}},{"type":"Feature","properties":{"pid":"057000900213"},"geometry":{"type":"Polygon","coordinates":[[[-84.714986,39.151214],[-84.714297,39.150647],[-84.713988,39.150878],[-84.713187,39.150239],[-84.713658,39.149876],[-84.714338,39.150601],[-84.715037,39.151176],[-84.714986,39.151214]]]}},{"type":"Feature","properties":{"pid":"057000900214"},"geometry":{"type":"Polygon","coordinates":[[[-84.715088,39.151138],[-84.715037,39.151176],[-84.714338,39.150601],[-84.713658,39.149876],[-84.713187,39.150239],[-84.712141,39.149405],[-84.712494,39.148963],[-84.713685,39.149812],[-84.714393,39.150566],[-84.715088,39.151138]]]}},{"type":"Feature","properties":{"pid":"057000900215"},"geometry":{"type":"Polygon","coordinates":[[[-84.715191,39.151063],[-84.714501,39.150496],[-84.714819,39.150258],[-84.715512,39.150827],[-84.715191,39.151063]]]}},{"type":"Feature","properties":{"pid":"057000900216"},"geometry":{"type":"Polygon","coordinates":[[[-84.71514,39.1511],[-84.714447,39.150531],[-84.713759,39.149797],[-84.714504,39.149585],[-84.714819,39.150258],[-84.714501,39.150496],[-84.715191,39.151063],[-84.71514,39.1511]]]}},{"type":"Feature","properties":{"pid":"057000400067"},"geometry":{"type":"Polygon","coordinates":[[[-84.701141,39.160472],[-84.705723,39.160692],[-84.705675,39.161164],[-84.701229,39.160937],[-84.701141,39.160472]]]}},{"type":"Feature","properties":{"pid":"057000900225"},"geometry":{"type":"Polygon","coordinates":[[[-84.71436,39.152693],[-84.71348,39.152809],[-84.713349,39.152214],[-84.713419,39.152205],[-84.713537,39.152746],[-84.714327,39.152641],[-84.715283,39.151939],[-84.716373,39.152837],[-84.715841,39.153228],[-84.7148,39.15237],[-84.71436,39.152693]]]}},{"type":"Feature","properties":{"pid":"057000900222"},"geometry":{"type":"Polygon","coordinates":[[[-84.712602,39.152313],[-84.71321,39.152232],[-84.713364,39.152936],[-84.71272,39.152855],[-84.712602,39.152313]]]}},{"type":"Feature","properties":{"pid":"057000900220"},"geometry":{"type":"Polygon","coordinates":[[[-84.713114,39.153912],[-84.711918,39.153842],[-84.712069,39.153197],[-84.712233,39.152919],[-84.712581,39.152873],[-84.712463,39.152332],[-84.712532,39.152322],[-84.712651,39.152864],[-84.713114,39.153912]]]}},{"type":"Feature","properties":{"pid":"057000900221"},"geometry":{"type":"Polygon","coordinates":[[[-84.71272,39.152855],[-84.713364,39.152936],[-84.714777,39.15401],[-84.713114,39.153912],[-84.712651,39.152864],[-84.712532,39.152322],[-84.712602,39.152313],[-84.71272,39.152855]]]}},{"type":"Feature","properties":{"pid":"057000900223"},"geometry":{"type":"Polygon","coordinates":[[[-84.715309,39.153619],[-84.714777,39.15401],[-84.713364,39.152936],[-84.71321,39.152232],[-84.71328,39.152223],[-84.713422,39.152873],[-84.714268,39.152761],[-84.715309,39.153619]]]}},{"type":"Feature","properties":{"pid":"057000900224"},"geometry":{"type":"Polygon","coordinates":[[[-84.7148,39.15237],[-84.715841,39.153228],[-84.715309,39.153619],[-84.714268,39.152761],[-84.713422,39.152873],[-84.71328,39.152223],[-84.713349,39.152214],[-84.71348,39.152809],[-84.71436,39.152693],[-84.7148,39.15237]]]}},{"type":"Feature","properties":{"pid":"057000400017"},"geometry":{"type":"Polygon","coordinates":[[[-84.705772,39.160214],[-84.705723,39.160692],[-84.701141,39.160472],[-84.701067,39.160098],[-84.701957,39.16016],[-84.701966,39.160025],[-84.705772,39.160214]]]}},{"type":"Feature","properties":{"pid":"057000400074"},"geometry":{"type":"Polygon","coordinates":[[[-84.705918,39.158774],[-84.70587,39.159247],[-84.701269,39.159229],[-84.701272,39.15887],[-84.705918,39.158774]]]}},{"type":"Feature","properties":{"pid":"057000400078"},"geometry":{"type":"Polygon","coordinates":[[[-84.701269,39.159229],[-84.701358,39.159227],[-84.70587,39.159247],[-84.705822,39.159721],[-84.701182,39.159637],[-84.701269,39.159229]]]}},{"type":"Feature","properties":{"pid":"057000400092"},"geometry":{"type":"Polygon","coordinates":[[[-84.701957,39.16016],[-84.701067,39.160098],[-84.701182,39.159637],[-84.705822,39.159721],[-84.705772,39.160214],[-84.701966,39.160025],[-84.701957,39.16016]]]}},{"type":"Feature","properties":{"pid":"057000900226"},"geometry":{"type":"Polygon","coordinates":[[[-84.722967,39.154737],[-84.724148,39.153418],[-84.723381,39.152946],[-84.724352,39.152202],[-84.723879,39.152022],[-84.723766,39.152202],[-84.723205,39.151917],[-84.723256,39.151877],[-84.723709,39.152107],[-84.72395,39.151724],[-84.725616,39.151677],[-84.725281,39.155538],[-84.722147,39.155354],[-84.72216,39.155205],[-84.722683,39.155234],[-84.722956,39.154928],[-84.722967,39.154737]]]}},{"type":"Feature","properties":{"pid":"057002400018"},"geometry":{"type":"Polygon","coordinates":[[[-84.764251,39.141164],[-84.765547,39.140201],[-84.765833,39.140444],[-84.764232,39.141625],[-84.764251,39.141164]]]}},{"type":"Feature","properties":{"pid":"057002400019"},"geometry":{"type":"Polygon","coordinates":[[[-84.766644,39.139873],[-84.766246,39.139535],[-84.766496,39.139342],[-84.766895,39.13968],[-84.766644,39.139873]]]}},{"type":"Feature","properties":{"pid":"057002400020"},"geometry":{"type":"Polygon","coordinates":[[[-84.766745,39.13915],[-84.767145,39.139486],[-84.766895,39.13968],[-84.766496,39.139342],[-84.766745,39.13915]]]}},{"type":"Feature","properties":{"pid":"057000400338"},"geometry":{"type":"Polygon","coordinates":[[[-84.705001,39.162497],[-84.705197,39.162106],[-84.705585,39.162126],[-84.705556,39.162453],[-84.705107,39.16258],[-84.705001,39.162497]]]}},{"type":"Feature","properties":{"pid":"057000400249"},"geometry":{"type":"Polygon","coordinates":[[[-84.705294,39.162111],[-84.705012,39.162097],[-84.705046,39.161686],[-84.705328,39.1617],[-84.705294,39.162111]]]}},{"type":"Feature","properties":{"pid":"057000400250"},"geometry":{"type":"Polygon","coordinates":[[[-84.704765,39.161672],[-84.705046,39.161686],[-84.705012,39.162097],[-84.704731,39.162083],[-84.704765,39.161672]]]}},{"type":"Feature","properties":{"pid":"057300070101"},"geometry":{"type":"Polygon","coordinates":[[[-84.727484,39.148936],[-84.727397,39.148989],[-84.727228,39.148819],[-84.727315,39.148766],[-84.727484,39.148936]]]}},{"type":"Feature","properties":{"pid":"057300070099"},"geometry":{"type":"Polygon","coordinates":[[[-84.727061,39.148919],[-84.72715,39.148866],[-84.727319,39.149036],[-84.72723,39.149089],[-84.727061,39.148919]]]}},{"type":"Feature","properties":{"pid":"057300070100"},"geometry":{"type":"Polygon","coordinates":[[[-84.727397,39.148989],[-84.727319,39.149036],[-84.72715,39.148866],[-84.727228,39.148819],[-84.727397,39.148989]]]}},{"type":"Feature","properties":{"pid":"057000400246"},"geometry":{"type":"Polygon","coordinates":[[[-84.701458,39.164057],[-84.701473,39.164305],[-84.700969,39.164281],[-84.700989,39.164033],[-84.701458,39.164057]]]}},{"type":"Feature","properties":{"pid":"057000900217"},"geometry":{"type":"Polygon","coordinates":[[[-84.715088,39.151138],[-84.714393,39.150566],[-84.713685,39.149812],[-84.712494,39.148963],[-84.712679,39.148729],[-84.714444,39.149457],[-84.714504,39.149585],[-84.713759,39.149797],[-84.714447,39.150531],[-84.71514,39.1511],[-84.715088,39.151138]]]}},{"type":"Feature","properties":{"pid":"057000400071"},"geometry":{"type":"Polygon","coordinates":[[[-84.702867,39.158837],[-84.702857,39.158562],[-84.701275,39.158595],[-84.701275,39.158515],[-84.705966,39.158295],[-84.705918,39.158774],[-84.702867,39.158837]]]}},{"type":"Feature","properties":{"pid":"057000400060"},"geometry":{"type":"Polygon","coordinates":[[[-84.701207,39.158185],[-84.704228,39.157824],[-84.706036,39.157611],[-84.705966,39.158295],[-84.701275,39.158515],[-84.701207,39.158185]]]}},{"type":"Feature","properties":{"pid":"057002400024"},"geometry":{"type":"Polygon","coordinates":[[[-84.768264,39.138425],[-84.768167,39.138517],[-84.767795,39.138164],[-84.768264,39.138425]]]}},{"type":"Feature","properties":{"pid":"057002400100"},"geometry":{"type":"Polygon","coordinates":[[[-84.768052,39.138627],[-84.767828,39.138839],[-84.767456,39.138486],[-84.76768,39.138274],[-84.768052,39.138627]]]}},{"type":"Feature","properties":{"pid":"057002400139"},"geometry":{"type":"Polygon","coordinates":[[[-84.768167,39.138517],[-84.768052,39.138627],[-84.76768,39.138274],[-84.767795,39.138164],[-84.768167,39.138517]]]}},{"type":"Feature","properties":{"pid":"057002400023"},"geometry":{"type":"Polygon","coordinates":[[[-84.767795,39.138164],[-84.768485,39.137478],[-84.768937,39.137751],[-84.768264,39.138425],[-84.767795,39.138164]]]}},{"type":"Feature","properties":{"pid":"057002400021"},"geometry":{"type":"Polygon","coordinates":[[[-84.766777,39.139125],[-84.767247,39.138713],[-84.7676,39.139048],[-84.767178,39.139461],[-84.766777,39.139125]]]}},{"type":"Feature","properties":{"pid":"057002400198"},"geometry":{"type":"Polygon","coordinates":[[[-84.765972,39.140378],[-84.765574,39.14004],[-84.765847,39.139836],[-84.766247,39.140175],[-84.765972,39.140378]]]}},{"type":"Feature","properties":{"pid":"057000900008"},"geometry":{"type":"Polygon","coordinates":[[[-84.719116,39.155118],[-84.717,39.154975],[-84.717671,39.153779],[-84.717894,39.15357],[-84.718207,39.153383],[-84.719116,39.155118]]]}},{"type":"Feature","properties":{"pid":"057000900282"},"geometry":{"type":"Polygon","coordinates":[[[-84.718064,39.149669],[-84.718425,39.149],[-84.718899,39.149143],[-84.718582,39.149973],[-84.718064,39.149669]]]}},{"type":"Feature","properties":{"pid":"057000900281"},"geometry":{"type":"Polygon","coordinates":[[[-84.718626,39.148917],[-84.719183,39.147883],[-84.719734,39.147927],[-84.719129,39.149047],[-84.718626,39.148917]]]}},{"type":"Feature","properties":{"pid":"057000900187"},"geometry":{"type":"Polygon","coordinates":[[[-84.715283,39.151939],[-84.715027,39.152127],[-84.714543,39.151728],[-84.714799,39.151539],[-84.715283,39.151939]]]}},{"type":"Feature","properties":{"pid":"057000900191"},"geometry":{"type":"Polygon","coordinates":[[[-84.713972,39.152688],[-84.713537,39.152746],[-84.713419,39.152205],[-84.713732,39.152144],[-84.713972,39.152688]]]}},{"type":"Feature","properties":{"pid":"057000900190"},"geometry":{"type":"Polygon","coordinates":[[[-84.714406,39.152583],[-84.714327,39.152641],[-84.713972,39.152688],[-84.713732,39.152144],[-84.714026,39.152042],[-84.714406,39.152583]]]}},{"type":"Feature","properties":{"pid":"057000900189"},"geometry":{"type":"Polygon","coordinates":[[[-84.714739,39.152339],[-84.714406,39.152583],[-84.714026,39.152042],[-84.714293,39.151904],[-84.714739,39.152339]]]}},{"type":"Feature","properties":{"pid":"057000900188"},"geometry":{"type":"Polygon","coordinates":[[[-84.714293,39.151904],[-84.714543,39.151728],[-84.715027,39.152127],[-84.714739,39.152339],[-84.714293,39.151904]]]}},{"type":"Feature","properties":{"pid":"057000900193"},"geometry":{"type":"Polygon","coordinates":[[[-84.712463,39.152332],[-84.712581,39.152873],[-84.712233,39.152919],[-84.712115,39.152378],[-84.712463,39.152332]]]}},{"type":"Feature","properties":{"pid":"057000900202"},"geometry":{"type":"Polygon","coordinates":[[[-84.711832,39.154663],[-84.710806,39.154602],[-84.710816,39.154497],[-84.711907,39.153887],[-84.711832,39.154663]]]}},{"type":"Feature","properties":{"pid":"057000900197"},"geometry":{"type":"Polygon","coordinates":[[[-84.711154,39.153552],[-84.711296,39.153337],[-84.711988,39.153542],[-84.711907,39.153887],[-84.711852,39.153918],[-84.711154,39.153552]]]}},{"type":"Feature","properties":{"pid":"057000900198"},"geometry":{"type":"Polygon","coordinates":[[[-84.710952,39.153735],[-84.711154,39.153552],[-84.711852,39.153918],[-84.711443,39.154147],[-84.710952,39.153735]]]}},{"type":"Feature","properties":{"pid":"057000900199"},"geometry":{"type":"Polygon","coordinates":[[[-84.710691,39.153891],[-84.710952,39.153735],[-84.711443,39.154147],[-84.711102,39.154337],[-84.710691,39.153891]]]}},{"type":"Feature","properties":{"pid":"057000900200"},"geometry":{"type":"Polygon","coordinates":[[[-84.710405,39.154051],[-84.710691,39.153891],[-84.711102,39.154337],[-84.710816,39.154497],[-84.710405,39.154051]]]}},{"type":"Feature","properties":{"pid":"057000900201"},"geometry":{"type":"Polygon","coordinates":[[[-84.710405,39.154051],[-84.710816,39.154497],[-84.710806,39.154602],[-84.709908,39.154532],[-84.709962,39.154316],[-84.710405,39.154051]]]}},{"type":"Feature","properties":{"pid":"057000900204"},"geometry":{"type":"Polygon","coordinates":[[[-84.712439,39.153872],[-84.712967,39.153903],[-84.712887,39.154725],[-84.712359,39.154694],[-84.712439,39.153872]]]}},{"type":"Feature","properties":{"pid":"057000900203"},"geometry":{"type":"Polygon","coordinates":[[[-84.711918,39.153842],[-84.712439,39.153872],[-84.712359,39.154694],[-84.711832,39.154663],[-84.711918,39.153842]]]}},{"type":"Feature","properties":{"pid":"057000900196"},"geometry":{"type":"Polygon","coordinates":[[[-84.711296,39.153337],[-84.711375,39.153099],[-84.712069,39.153197],[-84.711988,39.153542],[-84.711296,39.153337]]]}},{"type":"Feature","properties":{"pid":"057000900195"},"geometry":{"type":"Polygon","coordinates":[[[-84.712202,39.152972],[-84.712069,39.153197],[-84.711375,39.153099],[-84.711449,39.152801],[-84.712202,39.152972]]]}},{"type":"Feature","properties":{"pid":"057000900194"},"geometry":{"type":"Polygon","coordinates":[[[-84.712233,39.152919],[-84.712202,39.152972],[-84.711449,39.152801],[-84.711545,39.15264],[-84.7117,39.152508],[-84.711898,39.152419],[-84.712115,39.152378],[-84.712233,39.152919]]]}},{"type":"Feature","properties":{"pid":"057000900115"},"geometry":{"type":"Polygon","coordinates":[[[-84.718031,39.148709],[-84.718158,39.148325],[-84.718878,39.14845],[-84.718626,39.148917],[-84.718031,39.148709]]]}},{"type":"Feature","properties":{"pid":"057000900173"},"geometry":{"type":"Polygon","coordinates":[[[-84.710608,39.153769],[-84.710197,39.153323],[-84.710391,39.153214],[-84.710987,39.153497],[-84.710608,39.153769]]]}},{"type":"Feature","properties":{"pid":"057000900172"},"geometry":{"type":"Polygon","coordinates":[[[-84.70991,39.153483],[-84.710197,39.153323],[-84.710608,39.153769],[-84.710322,39.153929],[-84.70991,39.153483]]]}},{"type":"Feature","properties":{"pid":"057000900171"},"geometry":{"type":"Polygon","coordinates":[[[-84.709624,39.153643],[-84.70991,39.153483],[-84.710322,39.153929],[-84.710035,39.154089],[-84.709624,39.153643]]]}},{"type":"Feature","properties":{"pid":"057000500268"},"geometry":{"type":"Polygon","coordinates":[[[-84.697522,39.152325],[-84.697436,39.152783],[-84.697349,39.152781],[-84.696447,39.153738],[-84.695266,39.153659],[-84.696,39.152797],[-84.696141,39.152501],[-84.696083,39.152494],[-84.696105,39.152437],[-84.696175,39.15243],[-84.696237,39.152301],[-84.696174,39.152248],[-84.697522,39.152325]]]}},{"type":"Feature","properties":{"pid":"057000900005"},"geometry":{"type":"Polygon","coordinates":[[[-84.723256,39.151877],[-84.723771,39.151204],[-84.724143,39.151718],[-84.72395,39.151724],[-84.723709,39.152107],[-84.723256,39.151877]]]}},{"type":"Feature","properties":{"pid":"057000900023"},"geometry":{"type":"Polygon","coordinates":[[[-84.707905,39.151023],[-84.707592,39.150733],[-84.708329,39.150132],[-84.708906,39.150501],[-84.707905,39.151023]]]}},{"type":"Feature","properties":{"pid":"057000900048"},"geometry":{"type":"Polygon","coordinates":[[[-84.70954,39.150351],[-84.709439,39.150088],[-84.710437,39.1499],[-84.71052,39.150166],[-84.70954,39.150351]]]}},{"type":"Feature","properties":{"pid":"057000900049"},"geometry":{"type":"Polygon","coordinates":[[[-84.710437,39.1499],[-84.709439,39.150088],[-84.709337,39.149825],[-84.710354,39.149633],[-84.710437,39.1499]]]}},{"type":"Feature","properties":{"pid":"057000900050"},"geometry":{"type":"Polygon","coordinates":[[[-84.709337,39.149825],[-84.709235,39.149561],[-84.71027,39.149366],[-84.710354,39.149633],[-84.709337,39.149825]]]}},{"type":"Feature","properties":{"pid":"057000900051"},"geometry":{"type":"Polygon","coordinates":[[[-84.709235,39.149561],[-84.709108,39.149233],[-84.710202,39.14911],[-84.71027,39.149366],[-84.709235,39.149561]]]}},{"type":"Feature","properties":{"pid":"057000900052"},"geometry":{"type":"Polygon","coordinates":[[[-84.709108,39.149233],[-84.708965,39.148862],[-84.710178,39.148856],[-84.710202,39.14911],[-84.709108,39.149233]]]}},{"type":"Feature","properties":{"pid":"057000900053"},"geometry":{"type":"Polygon","coordinates":[[[-84.708965,39.148862],[-84.70881,39.148461],[-84.710197,39.1486],[-84.710178,39.148856],[-84.708965,39.148862]]]}},{"type":"Feature","properties":{"pid":"057000900054"},"geometry":{"type":"Polygon","coordinates":[[[-84.71026,39.148343],[-84.710197,39.1486],[-84.70881,39.148461],[-84.708659,39.14807],[-84.71026,39.148343]]]}},{"type":"Feature","properties":{"pid":"057000900055"},"geometry":{"type":"Polygon","coordinates":[[[-84.710336,39.148075],[-84.71026,39.148343],[-84.708659,39.14807],[-84.708542,39.147769],[-84.710336,39.148075]]]}},{"type":"Feature","properties":{"pid":"057000900056"},"geometry":{"type":"Polygon","coordinates":[[[-84.710412,39.147807],[-84.710336,39.148075],[-84.708542,39.147769],[-84.708426,39.147468],[-84.710412,39.147807]]]}},{"type":"Feature","properties":{"pid":"057000900059"},"geometry":{"type":"Polygon","coordinates":[[[-84.708843,39.147539],[-84.708426,39.147468],[-84.708265,39.147052],[-84.709377,39.146516],[-84.709681,39.146796],[-84.708843,39.147539]]]}},{"type":"Feature","properties":{"pid":"057000900060"},"geometry":{"type":"Polygon","coordinates":[[[-84.708265,39.147052],[-84.708021,39.146421],[-84.70919,39.146179],[-84.709377,39.146516],[-84.708265,39.147052]]]}},{"type":"Feature","properties":{"pid":"057000900061"},"geometry":{"type":"Polygon","coordinates":[[[-84.708021,39.146421],[-84.707824,39.14591],[-84.709115,39.145793],[-84.70919,39.146179],[-84.708021,39.146421]]]}},{"type":"Feature","properties":{"pid":"057000900062"},"geometry":{"type":"Polygon","coordinates":[[[-84.707824,39.14591],[-84.707088,39.144006],[-84.707065,39.143946],[-84.709145,39.145619],[-84.709115,39.145793],[-84.707824,39.14591]]]}},{"type":"Feature","properties":{"pid":"057000900063"},"geometry":{"type":"Polygon","coordinates":[[[-84.709848,39.144794],[-84.709309,39.1456],[-84.709145,39.145619],[-84.707065,39.143946],[-84.709848,39.144794]]]}},{"type":"Feature","properties":{"pid":"057000900064"},"geometry":{"type":"Polygon","coordinates":[[[-84.709362,39.145771],[-84.709381,39.145673],[-84.709309,39.1456],[-84.709848,39.144794],[-84.710342,39.145682],[-84.709362,39.145771]]]}},{"type":"Feature","properties":{"pid":"057000900065"},"geometry":{"type":"Polygon","coordinates":[[[-84.710342,39.145682],[-84.710383,39.145965],[-84.709408,39.146258],[-84.70931,39.145906],[-84.709362,39.145771],[-84.710342,39.145682]]]}},{"type":"Feature","properties":{"pid":"057000900266"},"geometry":{"type":"Polygon","coordinates":[[[-84.710158,39.145352],[-84.709999,39.145068],[-84.711135,39.144932],[-84.711204,39.145157],[-84.710158,39.145352]]]}},{"type":"Feature","properties":{"pid":"057000900267"},"geometry":{"type":"Polygon","coordinates":[[[-84.710301,39.145608],[-84.710158,39.145352],[-84.711204,39.145157],[-84.711286,39.145424],[-84.710301,39.145608]]]}},{"type":"Feature","properties":{"pid":"057000900268"},"geometry":{"type":"Polygon","coordinates":[[[-84.710342,39.145682],[-84.710301,39.145608],[-84.711286,39.145424],[-84.71133,39.145616],[-84.711306,39.145794],[-84.710793,39.145692],[-84.710342,39.145682]]]}},{"type":"Feature","properties":{"pid":"057000900269"},"geometry":{"type":"Polygon","coordinates":[[[-84.711301,39.145809],[-84.711189,39.146063],[-84.710367,39.14585],[-84.710342,39.145685],[-84.710793,39.145692],[-84.711301,39.145809]]]}},{"type":"Feature","properties":{"pid":"057000900270"},"geometry":{"type":"Polygon","coordinates":[[[-84.710581,39.146323],[-84.71041,39.146149],[-84.710367,39.14585],[-84.711189,39.146063],[-84.711161,39.14627],[-84.710581,39.146323]]]}},{"type":"Feature","properties":{"pid":"057000900271"},"geometry":{"type":"Polygon","coordinates":[[[-84.711161,39.14627],[-84.711263,39.146639],[-84.711005,39.146757],[-84.710581,39.146323],[-84.711161,39.14627]]]}},{"type":"Feature","properties":{"pid":"057000400251"},"geometry":{"type":"Polygon","coordinates":[[[-84.704731,39.162083],[-84.704449,39.162069],[-84.704483,39.161658],[-84.704765,39.161672],[-84.704731,39.162083]]]}},{"type":"Feature","properties":{"pid":"057000500336"},"geometry":{"type":"Polygon","coordinates":[[[-84.704046,39.144061],[-84.704488,39.143345],[-84.704758,39.143221],[-84.704873,39.143706],[-84.704046,39.144061]]]}},{"type":"Feature","properties":{"pid":"063003000011"},"geometry":{"type":"Polygon","coordinates":[[[-84.810354,39.155601],[-84.810037,39.1556],[-84.809579,39.154509],[-84.810346,39.154005],[-84.810354,39.155601]]]}},{"type":"Feature","properties":{"pid":"057001700051"},"geometry":{"type":"Polygon","coordinates":[[[-84.764216,39.141912],[-84.759521,39.145364],[-84.759147,39.145595],[-84.759165,39.145364],[-84.76423,39.141661],[-84.764216,39.141912]]]}},{"type":"Feature","properties":{"pid":"057300010011"},"geometry":{"type":"Polygon","coordinates":[[[-84.751963,39.153026],[-84.751788,39.153019],[-84.751799,39.15248],[-84.751975,39.152484],[-84.751963,39.153026]]]}},{"type":"Feature","properties":{"pid":"057300010018"},"geometry":{"type":"Polygon","coordinates":[[[-84.752687,39.15097],[-84.752695,39.150809],[-84.752166,39.150788],[-84.751566,39.150399],[-84.752127,39.150369],[-84.752726,39.149963],[-84.753442,39.15088],[-84.752687,39.15097]]]}},{"type":"Feature","properties":{"pid":"057300010020"},"geometry":{"type":"Polygon","coordinates":[[[-84.75179,39.151505],[-84.750473,39.151267],[-84.750057,39.150752],[-84.750319,39.150546],[-84.750475,39.150513],[-84.751436,39.150602],[-84.751855,39.1508],[-84.75179,39.151505]]]}},{"type":"Feature","properties":{"pid":"057300010031"},"geometry":{"type":"Polygon","coordinates":[[[-84.753039,39.149643],[-84.753528,39.150294],[-84.753843,39.15081],[-84.753442,39.15088],[-84.752682,39.149906],[-84.753039,39.149643]]]}},{"type":"Feature","properties":{"pid":"057300010035"},"geometry":{"type":"Polygon","coordinates":[[[-84.754728,39.151984],[-84.75415,39.151544],[-84.754398,39.151348],[-84.75498,39.151787],[-84.754728,39.151984]]]}},{"type":"Feature","properties":{"pid":"057300020001"},"geometry":{"type":"Polygon","coordinates":[[[-84.758717,39.148752],[-84.757933,39.147773],[-84.758241,39.147689],[-84.75899,39.147576],[-84.75876,39.14872],[-84.758717,39.148752]]]}},{"type":"Feature","properties":{"pid":"063003000081"},"geometry":{"type":"Polygon","coordinates":[[[-84.805522,39.161228],[-84.805989,39.161226],[-84.805988,39.161434],[-84.805524,39.161431],[-84.805522,39.161228]]]}},{"type":"Feature","properties":{"pid":"063003000100"},"geometry":{"type":"Polygon","coordinates":[[[-84.806218,39.161225],[-84.806686,39.161223],[-84.806688,39.161439],[-84.806219,39.161436],[-84.806218,39.161225]]]}},{"type":"Feature","properties":{"pid":"063002900030"},"geometry":{"type":"Polygon","coordinates":[[[-84.805774,39.161979],[-84.804984,39.161985],[-84.80498,39.161776],[-84.805771,39.161794],[-84.805774,39.161979]]]}},{"type":"Feature","properties":{"pid":"063002900031"},"geometry":{"type":"Polygon","coordinates":[[[-84.807861,39.161967],[-84.80732,39.161974],[-84.807326,39.161444],[-84.807844,39.161447],[-84.807861,39.161967]]]}},{"type":"Feature","properties":{"pid":"063002900035"},"geometry":{"type":"Polygon","coordinates":[[[-84.804985,39.16205],[-84.804045,39.162044],[-84.804081,39.161762],[-84.80498,39.161765],[-84.804985,39.16205]]]}},{"type":"Feature","properties":{"pid":"063002900046"},"geometry":{"type":"Polygon","coordinates":[[[-84.803902,39.162043],[-84.803987,39.161411],[-84.804975,39.161427],[-84.80498,39.161765],[-84.804081,39.161762],[-84.804045,39.162044],[-84.803902,39.162043]]]}},{"type":"Feature","properties":{"pid":"057300020011"},"geometry":{"type":"Polygon","coordinates":[[[-84.756475,39.149842],[-84.755976,39.150001],[-84.755295,39.149151],[-84.755746,39.148932],[-84.756475,39.149842]]]}},{"type":"Feature","properties":{"pid":"057001030094"},"geometry":{"type":"Polygon","coordinates":[[[-84.709433,39.157772],[-84.709026,39.157749],[-84.708898,39.157475],[-84.71,39.155848],[-84.710287,39.155978],[-84.709433,39.157772]]]}},{"type":"Feature","properties":{"pid":"057000500210"},"geometry":{"type":"Polygon","coordinates":[[[-84.704091,39.149396],[-84.705199,39.150435],[-84.706667,39.151371],[-84.704244,39.152026],[-84.704098,39.151699],[-84.702864,39.151696],[-84.703473,39.146367],[-84.704464,39.147868],[-84.704091,39.149396]]]}},{"type":"Feature","properties":{"pid":"057000500206"},"geometry":{"type":"Polygon","coordinates":[[[-84.704091,39.149396],[-84.705199,39.150435],[-84.706667,39.151371],[-84.704244,39.152026],[-84.704098,39.151699],[-84.702864,39.151696],[-84.703473,39.146367],[-84.704464,39.147868],[-84.704091,39.149396]]]}},{"type":"Feature","properties":{"pid":"057000500202"},"geometry":{"type":"Polygon","coordinates":[[[-84.704091,39.149396],[-84.705199,39.150435],[-84.706667,39.151371],[-84.704244,39.152026],[-84.704098,39.151699],[-84.702864,39.151696],[-84.703473,39.146367],[-84.704464,39.147868],[-84.704091,39.149396]]]}},{"type":"Feature","properties":{"pid":"057000500209"},"geometry":{"type":"Polygon","coordinates":[[[-84.704091,39.149396],[-84.705199,39.150435],[-84.706667,39.151371],[-84.704244,39.152026],[-84.704098,39.151699],[-84.702864,39.151696],[-84.703473,39.146367],[-84.704464,39.147868],[-84.704091,39.149396]]]}},{"type":"Feature","properties":{"pid":"057000500201"},"geometry":{"type":"Polygon","coordinates":[[[-84.704091,39.149396],[-84.705199,39.150435],[-84.706667,39.151371],[-84.704244,39.152026],[-84.704098,39.151699],[-84.702864,39.151696],[-84.703473,39.146367],[-84.704464,39.147868],[-84.704091,39.149396]]]}},{"type":"Feature","properties":{"pid":"057000500205"},"geometry":{"type":"Polygon","coordinates":[[[-84.704091,39.149396],[-84.705199,39.150435],[-84.706667,39.151371],[-84.704244,39.152026],[-84.704098,39.151699],[-84.702864,39.151696],[-84.703473,39.146367],[-84.704464,39.147868],[-84.704091,39.149396]]]}},{"type":"Feature","properties":{"pid":"057000500207"},"geometry":{"type":"Polygon","coordinates":[[[-84.704091,39.149396],[-84.705199,39.150435],[-84.706667,39.151371],[-84.704244,39.152026],[-84.704098,39.151699],[-84.702864,39.151696],[-84.703473,39.146367],[-84.704464,39.147868],[-84.704091,39.149396]]]}},{"type":"Feature","properties":{"pid":"057000500214"},"geometry":{"type":"Polygon","coordinates":[[[-84.704091,39.149396],[-84.705199,39.150435],[-84.706667,39.151371],[-84.704244,39.152026],[-84.704098,39.151699],[-84.702864,39.151696],[-84.703473,39.146367],[-84.704464,39.147868],[-84.704091,39.149396]]]}},{"type":"Feature","properties":{"pid":"057000500208"},"geometry":{"type":"Polygon","coordinates":[[[-84.704091,39.149396],[-84.705199,39.150435],[-84.706667,39.151371],[-84.704244,39.152026],[-84.704098,39.151699],[-84.702864,39.151696],[-84.703473,39.146367],[-84.704464,39.147868],[-84.704091,39.149396]]]}},{"type":"Feature","properties":{"pid":"057000500213"},"geometry":{"type":"Polygon","coordinates":[[[-84.704091,39.149396],[-84.705199,39.150435],[-84.706667,39.151371],[-84.704244,39.152026],[-84.704098,39.151699],[-84.702864,39.151696],[-84.703473,39.146367],[-84.704464,39.147868],[-84.704091,39.149396]]]}},{"type":"Feature","properties":{"pid":"057000500215"},"geometry":{"type":"Polygon","coordinates":[[[-84.704091,39.149396],[-84.705199,39.150435],[-84.706667,39.151371],[-84.704244,39.152026],[-84.704098,39.151699],[-84.702864,39.151696],[-84.703473,39.146367],[-84.704464,39.147868],[-84.704091,39.149396]]]}},{"type":"Feature","properties":{"pid":"057000500203"},"geometry":{"type":"Polygon","coordinates":[[[-84.704091,39.149396],[-84.705199,39.150435],[-84.706667,39.151371],[-84.704244,39.152026],[-84.704098,39.151699],[-84.702864,39.151696],[-84.703473,39.146367],[-84.704464,39.147868],[-84.704091,39.149396]]]}},{"type":"Feature","properties":{"pid":"057000500212"},"geometry":{"type":"Polygon","coordinates":[[[-84.704091,39.149396],[-84.705199,39.150435],[-84.706667,39.151371],[-84.704244,39.152026],[-84.704098,39.151699],[-84.702864,39.151696],[-84.703473,39.146367],[-84.704464,39.147868],[-84.704091,39.149396]]]}},{"type":"Feature","properties":{"pid":"057000500211"},"geometry":{"type":"Polygon","coordinates":[[[-84.704091,39.149396],[-84.705199,39.150435],[-84.706667,39.151371],[-84.704244,39.152026],[-84.704098,39.151699],[-84.702864,39.151696],[-84.703473,39.146367],[-84.704464,39.147868],[-84.704091,39.149396]]]}},{"type":"Feature","properties":{"pid":"057000500204"},"geometry":{"type":"Polygon","coordinates":[[[-84.704091,39.149396],[-84.705199,39.150435],[-84.706667,39.151371],[-84.704244,39.152026],[-84.704098,39.151699],[-84.702864,39.151696],[-84.703473,39.146367],[-84.704464,39.147868],[-84.704091,39.149396]]]}},{"type":"Feature","properties":{"pid":"057000500216"},"geometry":{"type":"Polygon","coordinates":[[[-84.704091,39.149396],[-84.705199,39.150435],[-84.706667,39.151371],[-84.704244,39.152026],[-84.704098,39.151699],[-84.702864,39.151696],[-84.703473,39.146367],[-84.704464,39.147868],[-84.704091,39.149396]]]}},{"type":"Feature","properties":{"pid":"057300020083"},"geometry":{"type":"Polygon","coordinates":[[[-84.754114,39.147977],[-84.753964,39.148049],[-84.753854,39.147626],[-84.753993,39.147579],[-84.754114,39.147977]]]}},{"type":"Feature","properties":{"pid":"057300020106"},"geometry":{"type":"Polygon","coordinates":[[[-84.75739,39.149678],[-84.757627,39.149987],[-84.756968,39.150086],[-84.756884,39.149762],[-84.75739,39.149678]]]}},{"type":"Feature","properties":{"pid":"057300020107"},"geometry":{"type":"Polygon","coordinates":[[[-84.756968,39.150086],[-84.756611,39.150139],[-84.756525,39.149825],[-84.756884,39.149762],[-84.756968,39.150086]]]}},{"type":"Feature","properties":{"pid":"057300020108"},"geometry":{"type":"Polygon","coordinates":[[[-84.757462,39.149626],[-84.757735,39.149441],[-84.757966,39.149936],[-84.75763,39.149987],[-84.757462,39.149626]]]}},{"type":"Feature","properties":{"pid":"057300040037"},"geometry":{"type":"Polygon","coordinates":[[[-84.747361,39.154969],[-84.74739,39.154367],[-84.747573,39.15437],[-84.747535,39.154978],[-84.747361,39.154969]]]}},{"type":"Feature","properties":{"pid":"057300040038"},"geometry":{"type":"Polygon","coordinates":[[[-84.747361,39.154969],[-84.747181,39.154959],[-84.74721,39.154365],[-84.74739,39.154367],[-84.747361,39.154969]]]}},{"type":"Feature","properties":{"pid":"057300040039"},"geometry":{"type":"Polygon","coordinates":[[[-84.747181,39.154959],[-84.747006,39.154949],[-84.747034,39.154362],[-84.74721,39.154365],[-84.747181,39.154959]]]}},{"type":"Feature","properties":{"pid":"057300040041"},"geometry":{"type":"Polygon","coordinates":[[[-84.74684,39.154941],[-84.746663,39.154931],[-84.746688,39.154357],[-84.746867,39.154359],[-84.74684,39.154941]]]}},{"type":"Feature","properties":{"pid":"057300040042"},"geometry":{"type":"Polygon","coordinates":[[[-84.746663,39.154931],[-84.746474,39.154921],[-84.746499,39.154354],[-84.746688,39.154357],[-84.746663,39.154931]]]}},{"type":"Feature","properties":{"pid":"057300040043"},"geometry":{"type":"Polygon","coordinates":[[[-84.746474,39.154921],[-84.746284,39.154911],[-84.746309,39.154351],[-84.746499,39.154354],[-84.746474,39.154921]]]}},{"type":"Feature","properties":{"pid":"057300040044"},"geometry":{"type":"Polygon","coordinates":[[[-84.746103,39.154901],[-84.746127,39.154348],[-84.746309,39.154351],[-84.746284,39.154911],[-84.746103,39.154901]]]}},{"type":"Feature","properties":{"pid":"057300040045"},"geometry":{"type":"Polygon","coordinates":[[[-84.745933,39.154892],[-84.745957,39.154346],[-84.746127,39.154348],[-84.746103,39.154901],[-84.745933,39.154892]]]}},{"type":"Feature","properties":{"pid":"057300040046"},"geometry":{"type":"Polygon","coordinates":[[[-84.745755,39.154883],[-84.745778,39.154343],[-84.745957,39.154346],[-84.745933,39.154892],[-84.745755,39.154883]]]}},{"type":"Feature","properties":{"pid":"057300040047"},"geometry":{"type":"Polygon","coordinates":[[[-84.745334,39.15486],[-84.745654,39.154341],[-84.745778,39.154343],[-84.745755,39.154883],[-84.745334,39.15486]]]}},{"type":"Feature","properties":{"pid":"057300040054"},"geometry":{"type":"Polygon","coordinates":[[[-84.747753,39.154379],[-84.745654,39.154341],[-84.746202,39.153293],[-84.746335,39.153201],[-84.746904,39.153126],[-84.746887,39.153406],[-84.747075,39.153531],[-84.747448,39.153913],[-84.747753,39.154379]]]}},{"type":"Feature","properties":{"pid":"057300040070"},"geometry":{"type":"Polygon","coordinates":[[[-84.746371,39.151955],[-84.746904,39.153046],[-84.746362,39.15313],[-84.745668,39.152178],[-84.746371,39.151955]]]}},{"type":"Feature","properties":{"pid":"057300040075"},"geometry":{"type":"Polygon","coordinates":[[[-84.746904,39.153046],[-84.746403,39.15202],[-84.746752,39.151909],[-84.74681,39.152072],[-84.746859,39.152065],[-84.747089,39.153018],[-84.746904,39.153046]]]}},{"type":"Feature","properties":{"pid":"057300040076"},"geometry":{"type":"Polygon","coordinates":[[[-84.747534,39.152952],[-84.747363,39.152977],[-84.747228,39.15249],[-84.747403,39.152463],[-84.747534,39.152952]]]}},{"type":"Feature","properties":{"pid":"057000900057"},"geometry":{"type":"Polygon","coordinates":[[[-84.710587,39.147208],[-84.710412,39.147807],[-84.709678,39.147682],[-84.710077,39.146995],[-84.710563,39.147166],[-84.710587,39.147208]]]}},{"type":"Feature","properties":{"pid":"057000900145"},"geometry":{"type":"Polygon","coordinates":[[[-84.712477,39.146944],[-84.712788,39.147358],[-84.712012,39.147661],[-84.711853,39.14741],[-84.712477,39.146944]]]}},{"type":"Feature","properties":{"pid":"057000900146"},"geometry":{"type":"Polygon","coordinates":[[[-84.711818,39.146695],[-84.712141,39.14676],[-84.712477,39.146944],[-84.711846,39.147415],[-84.711745,39.147405],[-84.711818,39.146695]]]}},{"type":"Feature","properties":{"pid":"057000900242"},"geometry":{"type":"Polygon","coordinates":[[[-84.71278,39.147023],[-84.713387,39.146743],[-84.713756,39.147145],[-84.713518,39.147358],[-84.713414,39.147942],[-84.71278,39.147023]]]}},{"type":"Feature","properties":{"pid":"057000900243"},"geometry":{"type":"Polygon","coordinates":[[[-84.712542,39.146799],[-84.712952,39.146438],[-84.713176,39.146513],[-84.713387,39.146743],[-84.71278,39.147023],[-84.712542,39.146799]]]}},{"type":"Feature","properties":{"pid":"057000900244"},"geometry":{"type":"Polygon","coordinates":[[[-84.712542,39.146799],[-84.712226,39.146642],[-84.712438,39.146266],[-84.712952,39.146438],[-84.712542,39.146799]]]}},{"type":"Feature","properties":{"pid":"057000900245"},"geometry":{"type":"Polygon","coordinates":[[[-84.711864,39.146567],[-84.711912,39.146212],[-84.712421,39.146296],[-84.712226,39.146642],[-84.711864,39.146567]]]}},{"type":"Feature","properties":{"pid":"057000900246"},"geometry":{"type":"Polygon","coordinates":[[[-84.711864,39.146567],[-84.711461,39.14657],[-84.711341,39.146278],[-84.711341,39.146153],[-84.711912,39.146212],[-84.711864,39.146567]]]}},{"type":"Feature","properties":{"pid":"057000500192"},"geometry":{"type":"Polygon","coordinates":[[[-84.704418,39.152416],[-84.704244,39.152026],[-84.706667,39.151371],[-84.706548,39.152547],[-84.704418,39.152416]]]}},{"type":"Feature","properties":{"pid":"057000500194"},"geometry":{"type":"Polygon","coordinates":[[[-84.704418,39.152416],[-84.704244,39.152026],[-84.706667,39.151371],[-84.706548,39.152547],[-84.704418,39.152416]]]}},{"type":"Feature","properties":{"pid":"057000500195"},"geometry":{"type":"Polygon","coordinates":[[[-84.704418,39.152416],[-84.704244,39.152026],[-84.706667,39.151371],[-84.706548,39.152547],[-84.704418,39.152416]]]}},{"type":"Feature","properties":{"pid":"057000500185"},"geometry":{"type":"Polygon","coordinates":[[[-84.704418,39.152416],[-84.704244,39.152026],[-84.706667,39.151371],[-84.706548,39.152547],[-84.704418,39.152416]]]}},{"type":"Feature","properties":{"pid":"057000500186"},"geometry":{"type":"Polygon","coordinates":[[[-84.704418,39.152416],[-84.704244,39.152026],[-84.706667,39.151371],[-84.706548,39.152547],[-84.704418,39.152416]]]}},{"type":"Feature","properties":{"pid":"057000500189"},"geometry":{"type":"Polygon","coordinates":[[[-84.704418,39.152416],[-84.704244,39.152026],[-84.706667,39.151371],[-84.706548,39.152547],[-84.704418,39.152416]]]}},{"type":"Feature","properties":{"pid":"057000500188"},"geometry":{"type":"Polygon","coordinates":[[[-84.704418,39.152416],[-84.704244,39.152026],[-84.706667,39.151371],[-84.706548,39.152547],[-84.704418,39.152416]]]}},{"type":"Feature","properties":{"pid":"057000500187"},"geometry":{"type":"Polygon","coordinates":[[[-84.704418,39.152416],[-84.704244,39.152026],[-84.706667,39.151371],[-84.706548,39.152547],[-84.704418,39.152416]]]}},{"type":"Feature","properties":{"pid":"057000500198"},"geometry":{"type":"Polygon","coordinates":[[[-84.704418,39.152416],[-84.704244,39.152026],[-84.706667,39.151371],[-84.706548,39.152547],[-84.704418,39.152416]]]}},{"type":"Feature","properties":{"pid":"057000500200"},"geometry":{"type":"Polygon","coordinates":[[[-84.704418,39.152416],[-84.704244,39.152026],[-84.706667,39.151371],[-84.706548,39.152547],[-84.704418,39.152416]]]}},{"type":"Feature","properties":{"pid":"057000500197"},"geometry":{"type":"Polygon","coordinates":[[[-84.704418,39.152416],[-84.704244,39.152026],[-84.706667,39.151371],[-84.706548,39.152547],[-84.704418,39.152416]]]}},{"type":"Feature","properties":{"pid":"057000500190"},"geometry":{"type":"Polygon","coordinates":[[[-84.704418,39.152416],[-84.704244,39.152026],[-84.706667,39.151371],[-84.706548,39.152547],[-84.704418,39.152416]]]}},{"type":"Feature","properties":{"pid":"057000500193"},"geometry":{"type":"Polygon","coordinates":[[[-84.704418,39.152416],[-84.704244,39.152026],[-84.706667,39.151371],[-84.706548,39.152547],[-84.704418,39.152416]]]}},{"type":"Feature","properties":{"pid":"057000500191"},"geometry":{"type":"Polygon","coordinates":[[[-84.704418,39.152416],[-84.704244,39.152026],[-84.706667,39.151371],[-84.706548,39.152547],[-84.704418,39.152416]]]}},{"type":"Feature","properties":{"pid":"057000500196"},"geometry":{"type":"Polygon","coordinates":[[[-84.704418,39.152416],[-84.704244,39.152026],[-84.706667,39.151371],[-84.706548,39.152547],[-84.704418,39.152416]]]}},{"type":"Feature","properties":{"pid":"057000500199"},"geometry":{"type":"Polygon","coordinates":[[[-84.704418,39.152416],[-84.704244,39.152026],[-84.706667,39.151371],[-84.706548,39.152547],[-84.704418,39.152416]]]}},{"type":"Feature","properties":{"pid":"057000500177"},"geometry":{"type":"Polygon","coordinates":[[[-84.706548,39.152547],[-84.706532,39.152705],[-84.707167,39.152818],[-84.707129,39.153054],[-84.707167,39.153423],[-84.705964,39.153516],[-84.704906,39.153513],[-84.704418,39.152416],[-84.706548,39.152547]]]}},{"type":"Feature","properties":{"pid":"057000500180"},"geometry":{"type":"Polygon","coordinates":[[[-84.706548,39.152547],[-84.706532,39.152705],[-84.707167,39.152818],[-84.707129,39.153054],[-84.707167,39.153423],[-84.705964,39.153516],[-84.704906,39.153513],[-84.704418,39.152416],[-84.706548,39.152547]]]}},{"type":"Feature","properties":{"pid":"057000500183"},"geometry":{"type":"Polygon","coordinates":[[[-84.706548,39.152547],[-84.706532,39.152705],[-84.707167,39.152818],[-84.707129,39.153054],[-84.707167,39.153423],[-84.705964,39.153516],[-84.704906,39.153513],[-84.704418,39.152416],[-84.706548,39.152547]]]}},{"type":"Feature","properties":{"pid":"057000500174"},"geometry":{"type":"Polygon","coordinates":[[[-84.706548,39.152547],[-84.706532,39.152705],[-84.707167,39.152818],[-84.707129,39.153054],[-84.707167,39.153423],[-84.705964,39.153516],[-84.704906,39.153513],[-84.704418,39.152416],[-84.706548,39.152547]]]}},{"type":"Feature","properties":{"pid":"057000500181"},"geometry":{"type":"Polygon","coordinates":[[[-84.706548,39.152547],[-84.706532,39.152705],[-84.707167,39.152818],[-84.707129,39.153054],[-84.707167,39.153423],[-84.705964,39.153516],[-84.704906,39.153513],[-84.704418,39.152416],[-84.706548,39.152547]]]}},{"type":"Feature","properties":{"pid":"057000500172"},"geometry":{"type":"Polygon","coordinates":[[[-84.706548,39.152547],[-84.706532,39.152705],[-84.707167,39.152818],[-84.707129,39.153054],[-84.707167,39.153423],[-84.705964,39.153516],[-84.704906,39.153513],[-84.704418,39.152416],[-84.706548,39.152547]]]}},{"type":"Feature","properties":{"pid":"057000500173"},"geometry":{"type":"Polygon","coordinates":[[[-84.706548,39.152547],[-84.706532,39.152705],[-84.707167,39.152818],[-84.707129,39.153054],[-84.707167,39.153423],[-84.705964,39.153516],[-84.704906,39.153513],[-84.704418,39.152416],[-84.706548,39.152547]]]}},{"type":"Feature","properties":{"pid":"057000500176"},"geometry":{"type":"Polygon","coordinates":[[[-84.706548,39.152547],[-84.706532,39.152705],[-84.707167,39.152818],[-84.707129,39.153054],[-84.707167,39.153423],[-84.705964,39.153516],[-84.704906,39.153513],[-84.704418,39.152416],[-84.706548,39.152547]]]}},{"type":"Feature","properties":{"pid":"057000500184"},"geometry":{"type":"Polygon","coordinates":[[[-84.706548,39.152547],[-84.706532,39.152705],[-84.707167,39.152818],[-84.707129,39.153054],[-84.707167,39.153423],[-84.705964,39.153516],[-84.704906,39.153513],[-84.704418,39.152416],[-84.706548,39.152547]]]}},{"type":"Feature","properties":{"pid":"057000500170"},"geometry":{"type":"Polygon","coordinates":[[[-84.706548,39.152547],[-84.706532,39.152705],[-84.707167,39.152818],[-84.707129,39.153054],[-84.707167,39.153423],[-84.705964,39.153516],[-84.704906,39.153513],[-84.704418,39.152416],[-84.706548,39.152547]]]}},{"type":"Feature","properties":{"pid":"057000500182"},"geometry":{"type":"Polygon","coordinates":[[[-84.706548,39.152547],[-84.706532,39.152705],[-84.707167,39.152818],[-84.707129,39.153054],[-84.707167,39.153423],[-84.705964,39.153516],[-84.704906,39.153513],[-84.704418,39.152416],[-84.706548,39.152547]]]}},{"type":"Feature","properties":{"pid":"057000500179"},"geometry":{"type":"Polygon","coordinates":[[[-84.706548,39.152547],[-84.706532,39.152705],[-84.707167,39.152818],[-84.707129,39.153054],[-84.707167,39.153423],[-84.705964,39.153516],[-84.704906,39.153513],[-84.704418,39.152416],[-84.706548,39.152547]]]}},{"type":"Feature","properties":{"pid":"057000500169"},"geometry":{"type":"Polygon","coordinates":[[[-84.706548,39.152547],[-84.706532,39.152705],[-84.707167,39.152818],[-84.707129,39.153054],[-84.707167,39.153423],[-84.705964,39.153516],[-84.704906,39.153513],[-84.704418,39.152416],[-84.706548,39.152547]]]}},{"type":"Feature","properties":{"pid":"057000500178"},"geometry":{"type":"Polygon","coordinates":[[[-84.706548,39.152547],[-84.706532,39.152705],[-84.707167,39.152818],[-84.707129,39.153054],[-84.707167,39.153423],[-84.705964,39.153516],[-84.704906,39.153513],[-84.704418,39.152416],[-84.706548,39.152547]]]}},{"type":"Feature","properties":{"pid":"057000500175"},"geometry":{"type":"Polygon","coordinates":[[[-84.706548,39.152547],[-84.706532,39.152705],[-84.707167,39.152818],[-84.707129,39.153054],[-84.707167,39.153423],[-84.705964,39.153516],[-84.704906,39.153513],[-84.704418,39.152416],[-84.706548,39.152547]]]}},{"type":"Feature","properties":{"pid":"057000500171"},"geometry":{"type":"Polygon","coordinates":[[[-84.706548,39.152547],[-84.706532,39.152705],[-84.707167,39.152818],[-84.707129,39.153054],[-84.707167,39.153423],[-84.705964,39.153516],[-84.704906,39.153513],[-84.704418,39.152416],[-84.706548,39.152547]]]}},{"type":"Feature","properties":{"pid":"057300040077"},"geometry":{"type":"Polygon","coordinates":[[[-84.748171,39.151891],[-84.748191,39.152325],[-84.74812,39.152499],[-84.747636,39.152573],[-84.747744,39.152925],[-84.747687,39.152932],[-84.747556,39.152497],[-84.747418,39.15252],[-84.747279,39.152011],[-84.748171,39.151891]]]}},{"type":"Feature","properties":{"pid":"057300040078"},"geometry":{"type":"Polygon","coordinates":[[[-84.748184,39.152869],[-84.747744,39.152925],[-84.747636,39.152573],[-84.748236,39.15248],[-84.748179,39.152612],[-84.748184,39.152869]]]}},{"type":"Feature","properties":{"pid":"057300040167"},"geometry":{"type":"Polygon","coordinates":[[[-84.747296,39.152987],[-84.747089,39.153018],[-84.746973,39.15253],[-84.747163,39.1525],[-84.747296,39.152987]]]}},{"type":"Feature","properties":{"pid":"057300040169"},"geometry":{"type":"Polygon","coordinates":[[[-84.747687,39.152932],[-84.747534,39.152952],[-84.747418,39.15252],[-84.747556,39.152497],[-84.747687,39.152932]]]}},{"type":"Feature","properties":{"pid":"057000500259"},"geometry":{"type":"Polygon","coordinates":[[[-84.699914,39.149711],[-84.69987,39.149754],[-84.697166,39.147984],[-84.697591,39.147169],[-84.697847,39.147239],[-84.698018,39.14719],[-84.699552,39.148728],[-84.69908,39.149165],[-84.699914,39.149711]]]}},{"type":"Feature","properties":{"pid":"057300020157"},"geometry":{"type":"Polygon","coordinates":[[[-84.753745,39.15064],[-84.754256,39.150374],[-84.75477,39.150934],[-84.754414,39.151315],[-84.754034,39.150783],[-84.753843,39.15081],[-84.753745,39.15064]]]}},{"type":"Feature","properties":{"pid":"057300020158"},"geometry":{"type":"Polygon","coordinates":[[[-84.753355,39.149404],[-84.753955,39.149032],[-84.755017,39.150359],[-84.754905,39.150781],[-84.75477,39.150934],[-84.754256,39.150374],[-84.754009,39.150527],[-84.753355,39.149404]]]}},{"type":"Feature","properties":{"pid":"057300020013"},"geometry":{"type":"Polygon","coordinates":[[[-84.753955,39.149032],[-84.754352,39.148827],[-84.755278,39.149965],[-84.755346,39.150051],[-84.755071,39.150114],[-84.755017,39.150359],[-84.753955,39.149032]]]}},{"type":"Feature","properties":{"pid":"057001700013"},"geometry":{"type":"Polygon","coordinates":[[[-84.758926,39.148654],[-84.759087,39.147952],[-84.759217,39.147871],[-84.758828,39.151803],[-84.758475,39.15179],[-84.758755,39.148781],[-84.758926,39.148654]]]}},{"type":"Feature","properties":{"pid":"057000500255"},"geometry":{"type":"Polygon","coordinates":[[[-84.701361,39.148771],[-84.70036,39.146517],[-84.700651,39.14632],[-84.701152,39.146207],[-84.702034,39.148186],[-84.701605,39.148692],[-84.701462,39.148774],[-84.701361,39.148771]]]}},{"type":"Feature","properties":{"pid":"057300020159"},"geometry":{"type":"Polygon","coordinates":[[[-84.758696,39.149498],[-84.758663,39.149825],[-84.757966,39.149936],[-84.757735,39.149441],[-84.757518,39.149586],[-84.757141,39.149109],[-84.756978,39.148785],[-84.7565,39.148178],[-84.757447,39.147978],[-84.758696,39.149498]]]}},{"type":"Feature","properties":{"pid":"057300080080"},"geometry":{"type":"Polygon","coordinates":[[[-84.729291,39.145655],[-84.729473,39.145363],[-84.72956,39.145407],[-84.729373,39.145708],[-84.729291,39.145655]]]}},{"type":"Feature","properties":{"pid":"057002300002"},"geometry":{"type":"Polygon","coordinates":[[[-84.774205,39.150871],[-84.773069,39.150762],[-84.773285,39.148491],[-84.77338,39.148488],[-84.773285,39.149405],[-84.774114,39.150197],[-84.774205,39.150871]]]}},{"type":"Feature","properties":{"pid":"057002300015"},"geometry":{"type":"Polygon","coordinates":[[[-84.775173,39.150022],[-84.775931,39.150941],[-84.774502,39.150883],[-84.774087,39.150235],[-84.774114,39.150197],[-84.773285,39.149405],[-84.773301,39.149245],[-84.774125,39.149144],[-84.774216,39.149751],[-84.775173,39.150022]]]}},{"type":"Feature","properties":{"pid":"057002300086"},"geometry":{"type":"Polygon","coordinates":[[[-84.772919,39.151897],[-84.772944,39.15159],[-84.774205,39.150871],[-84.774087,39.150235],[-84.774986,39.151639],[-84.772919,39.151897]]]}},{"type":"Feature","properties":{"pid":"057002300094"},"geometry":{"type":"Polygon","coordinates":[[[-84.773212,39.149258],[-84.772165,39.14938],[-84.772239,39.148611],[-84.773285,39.148491],[-84.773212,39.149258]]]}},{"type":"Feature","properties":{"pid":"057002300110"},"geometry":{"type":"Polygon","coordinates":[[[-84.771392,39.1519],[-84.771634,39.149386],[-84.77181,39.149396],[-84.771881,39.148662],[-84.772239,39.148611],[-84.772165,39.14938],[-84.773212,39.149258],[-84.772988,39.151375],[-84.772866,39.151487],[-84.772378,39.151601],[-84.77186,39.151556],[-84.771626,39.151767],[-84.771392,39.1519]]]}},{"type":"Feature","properties":{"pid":"057002300147"},"geometry":{"type":"Polygon","coordinates":[[[-84.775699,39.147293],[-84.775443,39.147379],[-84.773962,39.148362],[-84.773295,39.148381],[-84.773467,39.146455],[-84.774575,39.146512],[-84.775293,39.145937],[-84.775348,39.145972],[-84.77477,39.146434],[-84.775699,39.147293]]]}},{"type":"Feature","properties":{"pid":"057002300155"},"geometry":{"type":"Polygon","coordinates":[[[-84.773475,39.146362],[-84.7734,39.147205],[-84.771301,39.147459],[-84.770952,39.146716],[-84.769089,39.147246],[-84.769071,39.147222],[-84.77094,39.146691],[-84.772387,39.146383],[-84.773475,39.146362]]]}},{"type":"Feature","properties":{"pid":"057002300160"},"geometry":{"type":"Polygon","coordinates":[[[-84.769777,39.148168],[-84.769487,39.147779],[-84.77122,39.147287],[-84.771301,39.147459],[-84.771442,39.147442],[-84.771725,39.148044],[-84.771583,39.148062],[-84.771118,39.147787],[-84.769777,39.148168]]]}},{"type":"Feature","properties":{"pid":"057002300159"},"geometry":{"type":"Polygon","coordinates":[[[-84.771866,39.148664],[-84.770746,39.148824],[-84.770432,39.149044],[-84.769777,39.148168],[-84.771118,39.147787],[-84.771583,39.148062],[-84.771866,39.148664]]]}},{"type":"Feature","properties":{"pid":"057002300165"},"geometry":{"type":"Polygon","coordinates":[[[-84.773257,39.148492],[-84.771866,39.148664],[-84.771583,39.148062],[-84.771725,39.148044],[-84.771442,39.147442],[-84.7734,39.147205],[-84.773257,39.148492]]]}},{"type":"Feature","properties":{"pid":"063003000200"},"geometry":{"type":"Polygon","coordinates":[[[-84.819741,39.158529],[-84.818602,39.15879],[-84.818597,39.15787],[-84.820218,39.157234],[-84.820231,39.158378],[-84.819741,39.158529]]]}},{"type":"Feature","properties":{"pid":"063003000229"},"geometry":{"type":"Polygon","coordinates":[[[-84.818144,39.159654],[-84.818129,39.158897],[-84.818769,39.158748],[-84.819017,39.15965],[-84.818144,39.159654]]]}},{"type":"Feature","properties":{"pid":"063003000270"},"geometry":{"type":"Polygon","coordinates":[[[-84.818599,39.158229],[-84.818602,39.15879],[-84.817481,39.159044],[-84.817871,39.158535],[-84.817904,39.158231],[-84.818599,39.158229]]]}},{"type":"Feature","properties":{"pid":"063003000014"},"geometry":{"type":"MultiPolygon","coordinates":[[[[-84.808648,39.161089],[-84.809414,39.160902],[-84.809446,39.160758],[-84.809588,39.160662],[-84.809728,39.160648],[-84.809991,39.160708],[-84.809991,39.160787],[-84.808648,39.161089]]],[[[-84.80758,39.161405],[-84.807145,39.161442],[-84.807155,39.160429],[-84.808089,39.160429],[-84.80809,39.160518],[-84.807573,39.160572],[-84.80758,39.161405]]]]}},{"type":"Feature","properties":{"pid":"063003000021"},"geometry":{"type":"Polygon","coordinates":[[[-84.806688,39.161439],[-84.806683,39.160998],[-84.807151,39.160991],[-84.807145,39.161442],[-84.806688,39.161439]]]}},{"type":"Feature","properties":{"pid":"063003000097"},"geometry":{"type":"Polygon","coordinates":[[[-84.806213,39.160822],[-84.806211,39.160638],[-84.806686,39.160632],[-84.806684,39.160823],[-84.806213,39.160822]]]}},{"type":"Feature","properties":{"pid":"063003000098"},"geometry":{"type":"Polygon","coordinates":[[[-84.806214,39.161006],[-84.806213,39.160822],[-84.806684,39.160823],[-84.80668,39.161003],[-84.806214,39.161006]]]}},{"type":"Feature","properties":{"pid":"063003000264"},"geometry":{"type":"Polygon","coordinates":[[[-84.80685,39.160911],[-84.806865,39.160549],[-84.807153,39.160545],[-84.807151,39.160911],[-84.80685,39.160911]]]}},{"type":"Feature","properties":{"pid":"063003000020"},"geometry":{"type":"Polygon","coordinates":[[[-84.806686,39.16059],[-84.806685,39.16009],[-84.806916,39.16009],[-84.806908,39.160548],[-84.806687,39.160552],[-84.806686,39.16059]]]}},{"type":"Feature","properties":{"pid":"057300100053"},"geometry":{"type":"Polygon","coordinates":[[[-84.739252,39.150792],[-84.739562,39.150843],[-84.739621,39.151205],[-84.739312,39.151162],[-84.739252,39.150792]]]}},{"type":"Feature","properties":{"pid":"057300100052"},"geometry":{"type":"Polygon","coordinates":[[[-84.739252,39.150792],[-84.739562,39.150843],[-84.739621,39.151205],[-84.739312,39.151162],[-84.739252,39.150792]]]}},{"type":"Feature","properties":{"pid":"063003000255"},"geometry":{"type":"Polygon","coordinates":[[[-84.815947,39.158008],[-84.816306,39.158007],[-84.816483,39.159271],[-84.815076,39.159622],[-84.815047,39.159557],[-84.81488,39.159599],[-84.814779,39.159359],[-84.815455,39.158663],[-84.815947,39.158008]]]}},{"type":"Feature","properties":{"pid":"063003000269"},"geometry":{"type":"Polygon","coordinates":[[[-84.817329,39.159079],[-84.817086,39.159134],[-84.817082,39.15832],[-84.817798,39.158318],[-84.81775,39.158548],[-84.817329,39.159079]]]}},{"type":"Feature","properties":{"pid":"063003000268"},"geometry":{"type":"Polygon","coordinates":[[[-84.817082,39.15832],[-84.817081,39.158045],[-84.81785,39.158043],[-84.817821,39.158522],[-84.817405,39.159061],[-84.817329,39.159079],[-84.81775,39.158548],[-84.817798,39.158318],[-84.817082,39.15832]]]}},{"type":"Feature","properties":{"pid":"063003000246"},"geometry":{"type":"Polygon","coordinates":[[[-84.816981,39.159158],[-84.816483,39.159271],[-84.816306,39.158007],[-84.816975,39.158005],[-84.816981,39.159158]]]}},{"type":"Feature","properties":{"pid":"063003000267"},"geometry":{"type":"Polygon","coordinates":[[[-84.81789,39.158485],[-84.817481,39.159044],[-84.817405,39.159061],[-84.817798,39.158566],[-84.817848,39.158429],[-84.817844,39.156925],[-84.818594,39.157238],[-84.818599,39.158229],[-84.817904,39.158231],[-84.81789,39.158485]]]}},{"type":"Feature","properties":{"pid":"063003000272"},"geometry":{"type":"Polygon","coordinates":[[[-84.817081,39.158045],[-84.817086,39.159134],[-84.817033,39.159146],[-84.817028,39.158004],[-84.817797,39.158002],[-84.817794,39.157535],[-84.816297,39.15754],[-84.81669,39.156918],[-84.816844,39.156506],[-84.817844,39.156925],[-84.81785,39.158043],[-84.817081,39.158045]]]}},{"type":"Feature","properties":{"pid":"063003000195"},"geometry":{"type":"Polygon","coordinates":[[[-84.816217,39.159331],[-84.818129,39.158897],[-84.818144,39.159654],[-84.820239,39.159647],[-84.82025,39.161533],[-84.812831,39.161481],[-84.814032,39.160164],[-84.814414,39.159915],[-84.814882,39.159756],[-84.815175,39.161381],[-84.816185,39.161165],[-84.816217,39.159331]]]}},{"type":"Feature","properties":{"pid":"063003000216"},"geometry":{"type":"Polygon","coordinates":[[[-84.815725,39.156622],[-84.81602,39.155729],[-84.81631,39.155731],[-84.816312,39.155642],[-84.81732,39.155653],[-84.817141,39.155672],[-84.81669,39.156918],[-84.816371,39.157441],[-84.815455,39.158663],[-84.814779,39.159359],[-84.81488,39.159599],[-84.814497,39.159697],[-84.814156,39.159853],[-84.813689,39.15997],[-84.813696,39.159109],[-84.814863,39.158039],[-84.815725,39.156622]]]}},{"type":"Feature","properties":{"pid":"057300100023"},"geometry":{"type":"Polygon","coordinates":[[[-84.73931,39.151297],[-84.739358,39.151331],[-84.73939,39.151509],[-84.739169,39.151634],[-84.738936,39.151315],[-84.738783,39.151294],[-84.738798,39.151227],[-84.738429,39.151177],[-84.738564,39.150679],[-84.738444,39.150659],[-84.73895,39.150743],[-84.739012,39.151121],[-84.739339,39.151166],[-84.73931,39.151297]]]}},{"type":"Feature","properties":{"pid":"057300100024"},"geometry":{"type":"Polygon","coordinates":[[[-84.73931,39.151297],[-84.739358,39.151331],[-84.73939,39.151509],[-84.739169,39.151634],[-84.738936,39.151315],[-84.738783,39.151294],[-84.738798,39.151227],[-84.738429,39.151177],[-84.738564,39.150679],[-84.738444,39.150659],[-84.73895,39.150743],[-84.739012,39.151121],[-84.739339,39.151166],[-84.73931,39.151297]]]}},{"type":"Feature","properties":{"pid":"057300100060"},"geometry":{"type":"Polygon","coordinates":[[[-84.739562,39.150843],[-84.739991,39.150914],[-84.739916,39.151189],[-84.739791,39.151267],[-84.739621,39.151205],[-84.739562,39.150843]]]}},{"type":"Feature","properties":{"pid":"057300100061"},"geometry":{"type":"Polygon","coordinates":[[[-84.739562,39.150843],[-84.739991,39.150914],[-84.739916,39.151189],[-84.739791,39.151267],[-84.739621,39.151205],[-84.739562,39.150843]]]}},{"type":"Feature","properties":{"pid":"057300100029"},"geometry":{"type":"MultiPolygon","coordinates":[[[[-84.739012,39.151121],[-84.73895,39.150743],[-84.739252,39.150792],[-84.739312,39.151162],[-84.739012,39.151121]]],[[[-84.739791,39.151267],[-84.739916,39.151189],[-84.739991,39.150914],[-84.740583,39.151012],[-84.741001,39.151275],[-84.739828,39.151345],[-84.739791,39.151267]]]]}},{"type":"Feature","properties":{"pid":"057300100031"},"geometry":{"type":"MultiPolygon","coordinates":[[[[-84.739012,39.151121],[-84.73895,39.150743],[-84.739252,39.150792],[-84.739312,39.151162],[-84.739012,39.151121]]],[[[-84.739791,39.151267],[-84.739916,39.151189],[-84.739991,39.150914],[-84.740583,39.151012],[-84.741001,39.151275],[-84.739828,39.151345],[-84.739791,39.151267]]]]}},{"type":"Feature","properties":{"pid":"057300100030"},"geometry":{"type":"MultiPolygon","coordinates":[[[[-84.739012,39.151121],[-84.73895,39.150743],[-84.739252,39.150792],[-84.739312,39.151162],[-84.739012,39.151121]]],[[[-84.739791,39.151267],[-84.739916,39.151189],[-84.739991,39.150914],[-84.740583,39.151012],[-84.741001,39.151275],[-84.739828,39.151345],[-84.739791,39.151267]]]]}},{"type":"Feature","properties":{"pid":"057300100032"},"geometry":{"type":"MultiPolygon","coordinates":[[[[-84.739012,39.151121],[-84.73895,39.150743],[-84.739252,39.150792],[-84.739312,39.151162],[-84.739012,39.151121]]],[[[-84.739791,39.151267],[-84.739916,39.151189],[-84.739991,39.150914],[-84.740583,39.151012],[-84.741001,39.151275],[-84.739828,39.151345],[-84.739791,39.151267]]]]}},{"type":"Feature","properties":{"pid":"057300100047"},"geometry":{"type":"MultiPolygon","coordinates":[[[[-84.738015,39.151035],[-84.737922,39.15097],[-84.737761,39.150938],[-84.737965,39.15058],[-84.738373,39.150648],[-84.73812,39.150978],[-84.738015,39.151035]]],[[[-84.738543,39.152086],[-84.738789,39.15207],[-84.738884,39.152493],[-84.739061,39.152795],[-84.738623,39.153168],[-84.738293,39.15301],[-84.738543,39.152086]]]]}},{"type":"Feature","properties":{"pid":"057300100048"},"geometry":{"type":"MultiPolygon","coordinates":[[[[-84.738015,39.151035],[-84.737922,39.15097],[-84.737761,39.150938],[-84.737965,39.15058],[-84.738373,39.150648],[-84.73812,39.150978],[-84.738015,39.151035]]],[[[-84.738543,39.152086],[-84.738789,39.15207],[-84.738884,39.152493],[-84.739061,39.152795],[-84.738623,39.153168],[-84.738293,39.15301],[-84.738543,39.152086]]]]}},{"type":"Feature","properties":{"pid":"057300100046"},"geometry":{"type":"MultiPolygon","coordinates":[[[[-84.738015,39.151035],[-84.737922,39.15097],[-84.737761,39.150938],[-84.737965,39.15058],[-84.738373,39.150648],[-84.73812,39.150978],[-84.738015,39.151035]]],[[[-84.738543,39.152086],[-84.738789,39.15207],[-84.738884,39.152493],[-84.739061,39.152795],[-84.738623,39.153168],[-84.738293,39.15301],[-84.738543,39.152086]]]]}},{"type":"Feature","properties":{"pid":"057300100045"},"geometry":{"type":"MultiPolygon","coordinates":[[[[-84.738015,39.151035],[-84.737922,39.15097],[-84.737761,39.150938],[-84.737965,39.15058],[-84.738373,39.150648],[-84.73812,39.150978],[-84.738015,39.151035]]],[[[-84.738543,39.152086],[-84.738789,39.15207],[-84.738884,39.152493],[-84.739061,39.152795],[-84.738623,39.153168],[-84.738293,39.15301],[-84.738543,39.152086]]]]}},{"type":"Feature","properties":{"pid":"057300100020"},"geometry":{"type":"Polygon","coordinates":[[[-84.738073,39.15122],[-84.738429,39.151177],[-84.738798,39.151227],[-84.738783,39.151294],[-84.738936,39.151315],[-84.739169,39.151634],[-84.738917,39.151791],[-84.738622,39.15141],[-84.738117,39.151483],[-84.738073,39.15122]]]}},{"type":"Feature","properties":{"pid":"057300100017"},"geometry":{"type":"Polygon","coordinates":[[[-84.738073,39.15122],[-84.738429,39.151177],[-84.738798,39.151227],[-84.738783,39.151294],[-84.738936,39.151315],[-84.739169,39.151634],[-84.738917,39.151791],[-84.738622,39.15141],[-84.738117,39.151483],[-84.738073,39.15122]]]}},{"type":"Feature","properties":{"pid":"057300100018"},"geometry":{"type":"Polygon","coordinates":[[[-84.738073,39.15122],[-84.738429,39.151177],[-84.738798,39.151227],[-84.738783,39.151294],[-84.738936,39.151315],[-84.739169,39.151634],[-84.738917,39.151791],[-84.738622,39.15141],[-84.738117,39.151483],[-84.738073,39.15122]]]}},{"type":"Feature","properties":{"pid":"057300100019"},"geometry":{"type":"Polygon","coordinates":[[[-84.738073,39.15122],[-84.738429,39.151177],[-84.738798,39.151227],[-84.738783,39.151294],[-84.738936,39.151315],[-84.739169,39.151634],[-84.738917,39.151791],[-84.738622,39.15141],[-84.738117,39.151483],[-84.738073,39.15122]]]}},{"type":"Feature","properties":{"pid":"057002700003"},"geometry":{"type":"Polygon","coordinates":[[[-84.790823,39.142358],[-84.793574,39.142522],[-84.793125,39.144429],[-84.78949,39.144251],[-84.790823,39.142358]]]}},{"type":"Feature","properties":{"pid":"057002700006"},"geometry":{"type":"Polygon","coordinates":[[[-84.79514,39.142617],[-84.792272,39.142444],[-84.792317,39.141759],[-84.794301,39.141877],[-84.79514,39.142617]]]}},{"type":"Feature","properties":{"pid":"057002700015"},"geometry":{"type":"Polygon","coordinates":[[[-84.792403,39.139138],[-84.792308,39.140848],[-84.787533,39.140552],[-84.787563,39.138867],[-84.792403,39.139138]]]}},{"type":"Feature","properties":{"pid":"057002700016"},"geometry":{"type":"Polygon","coordinates":[[[-84.788237,39.140596],[-84.791798,39.140817],[-84.790823,39.142358],[-84.788116,39.142208],[-84.788237,39.140596]]]}},{"type":"Feature","properties":{"pid":"057300100010"},"geometry":{"type":"Polygon","coordinates":[[[-84.73812,39.150978],[-84.738373,39.150648],[-84.738564,39.150679],[-84.738424,39.151195],[-84.738073,39.15122],[-84.738117,39.151483],[-84.73795,39.151507],[-84.737891,39.151133],[-84.737826,39.151085],[-84.73784,39.150948],[-84.738015,39.151035],[-84.73812,39.150978]]]}},{"type":"Feature","properties":{"pid":"057300100011"},"geometry":{"type":"Polygon","coordinates":[[[-84.73812,39.150978],[-84.738373,39.150648],[-84.738564,39.150679],[-84.738424,39.151195],[-84.738073,39.15122],[-84.738117,39.151483],[-84.73795,39.151507],[-84.737891,39.151133],[-84.737826,39.151085],[-84.73784,39.150948],[-84.738015,39.151035],[-84.73812,39.150978]]]}},{"type":"Feature","properties":{"pid":"057002700066"},"geometry":{"type":"Polygon","coordinates":[[[-84.79464,39.140182],[-84.794819,39.14068],[-84.795031,39.141022],[-84.793814,39.140942],[-84.793905,39.139818],[-84.793987,39.139384],[-84.794317,39.139403],[-84.794341,39.139154],[-84.794516,39.139164],[-84.79464,39.140182]]]}},{"type":"Feature","properties":{"pid":"057002700071"},"geometry":{"type":"Polygon","coordinates":[[[-84.793905,39.139818],[-84.793858,39.140404],[-84.792341,39.140283],[-84.792377,39.13966],[-84.792967,39.139646],[-84.793351,39.139166],[-84.793585,39.139378],[-84.793905,39.139818]]]}},{"type":"Feature","properties":{"pid":"057002700073"},"geometry":{"type":"Polygon","coordinates":[[[-84.791271,39.141697],[-84.791798,39.140817],[-84.793814,39.140942],[-84.793791,39.141091],[-84.793992,39.141526],[-84.794301,39.141877],[-84.791271,39.141697]]]}},{"type":"Feature","properties":{"pid":"057002700089"},"geometry":{"type":"Polygon","coordinates":[[[-84.796054,39.142672],[-84.795219,39.141035],[-84.804465,39.141535],[-84.804097,39.143047],[-84.796054,39.142672]]]}},{"type":"Feature","properties":{"pid":"057002300023"},"geometry":{"type":"Polygon","coordinates":[[[-84.771672,39.143174],[-84.773759,39.14331],[-84.773681,39.144057],[-84.768857,39.145432],[-84.7684,39.144833],[-84.767861,39.144997],[-84.767538,39.145182],[-84.767403,39.145005],[-84.768309,39.144713],[-84.767949,39.144241],[-84.771672,39.143174]]]}},{"type":"Feature","properties":{"pid":"057002300038"},"geometry":{"type":"Polygon","coordinates":[[[-84.76607,39.144],[-84.765904,39.144116],[-84.765594,39.143699],[-84.765774,39.143571],[-84.76607,39.144]]]}},{"type":"Feature","properties":{"pid":"057002300071"},"geometry":{"type":"Polygon","coordinates":[[[-84.767201,39.144742],[-84.768129,39.144477],[-84.768309,39.144713],[-84.767403,39.145005],[-84.767201,39.144742]]]}},{"type":"Feature","properties":{"pid":"057002300091"},"geometry":{"type":"Polygon","coordinates":[[[-84.767931,39.145696],[-84.767538,39.145182],[-84.767861,39.144997],[-84.7684,39.144833],[-84.768857,39.145432],[-84.767931,39.145696]]]}},{"type":"Feature","properties":{"pid":"057002300138"},"geometry":{"type":"Polygon","coordinates":[[[-84.767666,39.150492],[-84.766585,39.149256],[-84.764924,39.149768],[-84.763715,39.148359],[-84.764274,39.147992],[-84.7647,39.147966],[-84.765383,39.147846],[-84.767167,39.149598],[-84.767843,39.150449],[-84.767666,39.150492]]]}},{"type":"Feature","properties":{"pid":"057001700112"},"geometry":{"type":"Polygon","coordinates":[[[-84.763818,39.146062],[-84.763086,39.145469],[-84.763345,39.145277],[-84.763942,39.145762],[-84.763922,39.145985],[-84.763818,39.146062]]]}},{"type":"Feature","properties":{"pid":"057001700126"},"geometry":{"type":"Polygon","coordinates":[[[-84.763942,39.145762],[-84.763269,39.145215],[-84.764052,39.144667],[-84.763942,39.145762]]]}},{"type":"Feature","properties":{"pid":"057002300025"},"geometry":{"type":"Polygon","coordinates":[[[-84.765937,39.144093],[-84.766484,39.14371],[-84.766667,39.143982],[-84.766041,39.144243],[-84.765937,39.144093]]]}},{"type":"Feature","properties":{"pid":"057002300036"},"geometry":{"type":"Polygon","coordinates":[[[-84.766044,39.144241],[-84.766667,39.143982],[-84.766829,39.144225],[-84.76621,39.144483],[-84.766044,39.144241]]]}},{"type":"Feature","properties":{"pid":"057002300065"},"geometry":{"type":"Polygon","coordinates":[[[-84.767202,39.144742],[-84.76702,39.144505],[-84.767949,39.144241],[-84.768129,39.144477],[-84.767202,39.144742]]]}},{"type":"Feature","properties":{"pid":"057002300121"},"geometry":{"type":"Polygon","coordinates":[[[-84.76702,39.144505],[-84.766848,39.144252],[-84.767578,39.144042],[-84.76775,39.144297],[-84.76702,39.144505]]]}},{"type":"Feature","properties":{"pid":"057001700173"},"geometry":{"type":"Polygon","coordinates":[[[-84.764052,39.144667],[-84.762441,39.145838],[-84.760749,39.146811],[-84.76065,39.146698],[-84.759879,39.147166],[-84.759996,39.147277],[-84.759229,39.147758],[-84.759378,39.146314],[-84.764129,39.142788],[-84.764052,39.144667]]]}},{"type":"Feature","properties":{"pid":"057001700174"},"geometry":{"type":"Polygon","coordinates":[[[-84.759072,39.150033],[-84.760085,39.149241],[-84.760805,39.149274],[-84.763692,39.148329],[-84.763338,39.151966],[-84.758828,39.151803],[-84.759229,39.147758],[-84.759304,39.14771],[-84.759072,39.150033]]]}},{"type":"Feature","properties":{"pid":"057002300166"},"geometry":{"type":"Polygon","coordinates":[[[-84.767571,39.143326],[-84.768198,39.144169],[-84.76775,39.144297],[-84.767578,39.144042],[-84.766848,39.144252],[-84.766541,39.143795],[-84.767571,39.143326]]]}},{"type":"Feature","properties":{"pid":"057002300176"},"geometry":{"type":"Polygon","coordinates":[[[-84.768135,39.145967],[-84.766636,39.146728],[-84.767574,39.14767],[-84.768215,39.147786],[-84.766235,39.148683],[-84.764993,39.147463],[-84.768082,39.145896],[-84.768135,39.145967]]]}},{"type":"Feature","properties":{"pid":"057001700012"},"geometry":{"type":"Polygon","coordinates":[[[-84.762561,39.147006],[-84.761733,39.146341],[-84.762017,39.146177],[-84.762812,39.146818],[-84.762561,39.147006]]]}},{"type":"Feature","properties":{"pid":"057001700063"},"geometry":{"type":"Polygon","coordinates":[[[-84.763314,39.146441],[-84.762576,39.145847],[-84.76283,39.145659],[-84.763565,39.146252],[-84.763314,39.146441]]]}},{"type":"Feature","properties":{"pid":"057001700104"},"geometry":{"type":"Polygon","coordinates":[[[-84.763065,39.146628],[-84.762302,39.146012],[-84.762576,39.145847],[-84.763314,39.146441],[-84.763065,39.146628]]]}},{"type":"Feature","properties":{"pid":"057001700105"},"geometry":{"type":"Polygon","coordinates":[[[-84.761733,39.146341],[-84.762561,39.147006],[-84.762307,39.147196],[-84.76145,39.146504],[-84.761733,39.146341]]]}},{"type":"Feature","properties":{"pid":"057001700106"},"geometry":{"type":"Polygon","coordinates":[[[-84.762812,39.146818],[-84.762017,39.146177],[-84.762302,39.146012],[-84.763065,39.146628],[-84.762812,39.146818]]]}},{"type":"Feature","properties":{"pid":"057001700132"},"geometry":{"type":"Polygon","coordinates":[[[-84.763565,39.146252],[-84.76283,39.145659],[-84.763086,39.145469],[-84.763818,39.146062],[-84.763565,39.146252]]]}},{"type":"Feature","properties":{"pid":"057001700178"},"geometry":{"type":"Polygon","coordinates":[[[-84.759304,39.14771],[-84.759996,39.147277],[-84.760995,39.148227],[-84.76164,39.14783],[-84.760749,39.146811],[-84.76138,39.146448],[-84.763692,39.148329],[-84.760805,39.149274],[-84.760085,39.149241],[-84.759072,39.150033],[-84.759304,39.14771]]]}},{"type":"Feature","properties":{"pid":"063003000257"},"geometry":{"type":"Polygon","coordinates":[[[-84.80337,39.161408],[-84.803401,39.158703],[-84.804745,39.158704],[-84.804182,39.158968],[-84.804357,39.159329],[-84.804823,39.159332],[-84.804821,39.159513],[-84.804355,39.15951],[-84.804357,39.159388],[-84.804151,39.16055],[-84.804809,39.160555],[-84.804804,39.161008],[-84.804338,39.161005],[-84.804334,39.161413],[-84.80337,39.161408]]]}},{"type":"Feature","properties":{"pid":"063003000067"},"geometry":{"type":"Polygon","coordinates":[[[-84.804814,39.160057],[-84.804349,39.160054],[-84.804352,39.159782],[-84.804818,39.159785],[-84.804814,39.160057]]]}},{"type":"Feature","properties":{"pid":"063003000068"},"geometry":{"type":"Polygon","coordinates":[[[-84.804821,39.159513],[-84.804818,39.159785],[-84.804352,39.159782],[-84.804355,39.15951],[-84.804821,39.159513]]]}},{"type":"Feature","properties":{"pid":"063003000110"},"geometry":{"type":"Polygon","coordinates":[[[-84.804239,39.160053],[-84.804349,39.160054],[-84.804346,39.160281],[-84.804199,39.16028],[-84.804239,39.160053]]]}},{"type":"Feature","properties":{"pid":"063003000111"},"geometry":{"type":"Polygon","coordinates":[[[-84.804357,39.159388],[-84.804349,39.160054],[-84.804239,39.160053],[-84.804357,39.159388]]]}},{"type":"Feature","properties":{"pid":"057002400111"},"geometry":{"type":"Polygon","coordinates":[[[-84.782203,39.132814],[-84.781835,39.13269],[-84.782113,39.132186],[-84.782405,39.132283],[-84.782203,39.132814]]]}},{"type":"Feature","properties":{"pid":"057002400112"},"geometry":{"type":"Polygon","coordinates":[[[-84.781511,39.132582],[-84.781789,39.132078],[-84.782113,39.132186],[-84.781835,39.13269],[-84.781511,39.132582]]]}},{"type":"Feature","properties":{"pid":"057002400113"},"geometry":{"type":"Polygon","coordinates":[[[-84.781187,39.132474],[-84.781465,39.131969],[-84.781789,39.132078],[-84.781511,39.132582],[-84.781187,39.132474]]]}},{"type":"Feature","properties":{"pid":"057002400114"},"geometry":{"type":"Polygon","coordinates":[[[-84.780863,39.132365],[-84.781141,39.131861],[-84.781465,39.131969],[-84.781187,39.132474],[-84.780863,39.132365]]]}},{"type":"Feature","properties":{"pid":"057002400115"},"geometry":{"type":"Polygon","coordinates":[[[-84.780539,39.132257],[-84.780818,39.131752],[-84.781141,39.131861],[-84.780863,39.132365],[-84.780539,39.132257]]]}},{"type":"Feature","properties":{"pid":"057002400116"},"geometry":{"type":"Polygon","coordinates":[[[-84.780539,39.132257],[-84.780218,39.13215],[-84.780496,39.131645],[-84.780818,39.131752],[-84.780539,39.132257]]]}},{"type":"Feature","properties":{"pid":"057002400037"},"geometry":{"type":"Polygon","coordinates":[[[-84.779682,39.133714],[-84.77922,39.133565],[-84.779288,39.13278],[-84.779533,39.13261],[-84.779333,39.13226],[-84.779367,39.131865],[-84.780494,39.132242],[-84.779682,39.133714]]]}},{"type":"Feature","properties":{"pid":"057002400110"},"geometry":{"type":"Polygon","coordinates":[[[-84.783108,39.132517],[-84.782751,39.132887],[-84.782203,39.132814],[-84.782405,39.132283],[-84.783103,39.13238],[-84.783108,39.132517]]]}},{"type":"Feature","properties":{"pid":"057002400165"},"geometry":{"type":"Polygon","coordinates":[[[-84.779005,39.134656],[-84.779625,39.133739],[-84.777469,39.133049],[-84.776856,39.132786],[-84.776884,39.132744],[-84.777489,39.133005],[-84.782417,39.134598],[-84.782326,39.135518],[-84.779005,39.134656]]]}},{"type":"Feature","properties":{"pid":"057002400174"},"geometry":{"type":"Polygon","coordinates":[[[-84.780347,39.133929],[-84.779682,39.133714],[-84.780494,39.132242],[-84.780347,39.133929]]]}},{"type":"Feature","properties":{"pid":"057002400150"},"geometry":{"type":"Polygon","coordinates":[[[-84.782954,39.132914],[-84.78397,39.13305],[-84.783905,39.133373],[-84.784294,39.133647],[-84.784063,39.135993],[-84.782326,39.135518],[-84.782589,39.132865],[-84.782751,39.132887],[-84.783049,39.132616],[-84.783129,39.132422],[-84.783086,39.132375],[-84.783364,39.132412],[-84.783306,39.13244],[-84.783218,39.132668],[-84.782954,39.132914]]]}},{"type":"Feature","properties":{"pid":"063003000066"},"geometry":{"type":"Polygon","coordinates":[[[-84.804348,39.160099],[-84.804814,39.160103],[-84.804812,39.160284],[-84.804346,39.160281],[-84.804348,39.160099]]]}},{"type":"Feature","properties":{"pid":"063003000222"},"geometry":{"type":"Polygon","coordinates":[[[-84.80481,39.160465],[-84.804809,39.160555],[-84.804343,39.160552],[-84.804344,39.160462],[-84.80481,39.160465]]]}},{"type":"Feature","properties":{"pid":"063002900103"},"geometry":{"type":"Polygon","coordinates":[[[-84.80732,39.161974],[-84.805773,39.161952],[-84.805771,39.161794],[-84.80498,39.161776],[-84.804975,39.161427],[-84.807326,39.161444],[-84.80732,39.161974]]]}},{"type":"Feature","properties":{"pid":"063003000263"},"geometry":{"type":"Polygon","coordinates":[[[-84.806683,39.160998],[-84.806687,39.160552],[-84.806865,39.160549],[-84.80685,39.160911],[-84.807151,39.160911],[-84.807151,39.160991],[-84.806683,39.160998]]]}},{"type":"Feature","properties":{"pid":"063003000109"},"geometry":{"type":"Polygon","coordinates":[[[-84.804151,39.16055],[-84.804199,39.16028],[-84.804346,39.160281],[-84.804343,39.160552],[-84.804151,39.16055]]]}},{"type":"Feature","properties":{"pid":"057002400066"},"geometry":{"type":"Polygon","coordinates":[[[-84.783664,39.132378],[-84.784364,39.130069],[-84.784676,39.129579],[-84.784412,39.132468],[-84.783664,39.132378]]]}},{"type":"Feature","properties":{"pid":"057002400071"},"geometry":{"type":"Polygon","coordinates":[[[-84.784676,39.129579],[-84.78295,39.132287],[-84.78241,39.132196],[-84.784316,39.129047],[-84.784723,39.129072],[-84.784676,39.129579]]]}},{"type":"Feature","properties":{"pid":"057002400117"},"geometry":{"type":"Polygon","coordinates":[[[-84.779894,39.132041],[-84.780171,39.131536],[-84.780496,39.131645],[-84.780218,39.13215],[-84.779894,39.132041]]]}},{"type":"Feature","properties":{"pid":"057002400121"},"geometry":{"type":"Polygon","coordinates":[[[-84.778592,39.131605],[-84.77887,39.131112],[-84.779199,39.13121],[-84.778921,39.131715],[-84.778592,39.131605]]]}},{"type":"Feature","properties":{"pid":"057002400122"},"geometry":{"type":"Polygon","coordinates":[[[-84.778079,39.131226],[-84.778277,39.131044],[-84.778432,39.131007],[-84.77887,39.131112],[-84.778648,39.131517],[-84.778079,39.131226]]]}},{"type":"Feature","properties":{"pid":"057002400124"},"geometry":{"type":"Polygon","coordinates":[[[-84.77837,39.131867],[-84.778273,39.131982],[-84.777693,39.131685],[-84.777789,39.131571],[-84.77837,39.131867]]]}},{"type":"Feature","properties":{"pid":"057002400125"},"geometry":{"type":"Polygon","coordinates":[[[-84.777693,39.131685],[-84.778273,39.131982],[-84.778079,39.132211],[-84.777499,39.131915],[-84.777693,39.131685]]]}},{"type":"Feature","properties":{"pid":"057002400126"},"geometry":{"type":"Polygon","coordinates":[[[-84.777885,39.13244],[-84.777306,39.132145],[-84.777499,39.131915],[-84.778079,39.132211],[-84.777885,39.13244]]]}},{"type":"Feature","properties":{"pid":"057002400127"},"geometry":{"type":"Polygon","coordinates":[[[-84.777727,39.132658],[-84.777114,39.132405],[-84.777306,39.132145],[-84.777885,39.13244],[-84.777727,39.132658]]]}},{"type":"Feature","properties":{"pid":"057002400128"},"geometry":{"type":"Polygon","coordinates":[[[-84.777561,39.1329],[-84.77695,39.132648],[-84.777114,39.132405],[-84.777727,39.132658],[-84.777561,39.1329]]]}},{"type":"Feature","properties":{"pid":"057002400137"},"geometry":{"type":"Polygon","coordinates":[[[-84.77837,39.131867],[-84.777789,39.131571],[-84.777886,39.131456],[-84.778467,39.131753],[-84.77837,39.131867]]]}},{"type":"Feature","properties":{"pid":"057002700044"},"geometry":{"type":"Polygon","coordinates":[[[-84.78469,39.132433],[-84.784419,39.132393],[-84.784481,39.131713],[-84.784748,39.131751],[-84.78469,39.132433]]]}},{"type":"Feature","properties":{"pid":"057002400058"},"geometry":{"type":"Polygon","coordinates":[[[-84.773867,39.139082],[-84.77312,39.13868],[-84.772285,39.138513],[-84.771826,39.138346],[-84.772238,39.137973],[-84.774411,39.138544],[-84.773867,39.139082]]]}},{"type":"Feature","properties":{"pid":"057002400059"},"geometry":{"type":"Polygon","coordinates":[[[-84.77217,39.137955],[-84.771269,39.138769],[-84.770776,39.138452],[-84.771507,39.137783],[-84.77217,39.137955]]]}},{"type":"Feature","properties":{"pid":"057002400088"},"geometry":{"type":"Polygon","coordinates":[[[-84.774485,39.138474],[-84.774411,39.138544],[-84.772311,39.137992],[-84.772381,39.137923],[-84.774485,39.138474]]]}},{"type":"Feature","properties":{"pid":"057002400089"},"geometry":{"type":"Polygon","coordinates":[[[-84.773035,39.137016],[-84.77217,39.137955],[-84.770861,39.137614],[-84.771382,39.137034],[-84.770222,39.13675],[-84.770532,39.136412],[-84.773035,39.137016]]]}},{"type":"Feature","properties":{"pid":"057002400103"},"geometry":{"type":"Polygon","coordinates":[[[-84.770861,39.137614],[-84.769652,39.137293],[-84.769839,39.137087],[-84.771042,39.137408],[-84.770861,39.137614]]]}},{"type":"Feature","properties":{"pid":"057002400107"},"geometry":{"type":"Polygon","coordinates":[[[-84.784348,39.133103],[-84.78397,39.13305],[-84.784078,39.132507],[-84.784402,39.13255],[-84.784348,39.133103]]]}},{"type":"Feature","properties":{"pid":"057002400108"},"geometry":{"type":"Polygon","coordinates":[[[-84.78397,39.13305],[-84.783622,39.133003],[-84.783731,39.132461],[-84.784078,39.132507],[-84.78397,39.13305]]]}},{"type":"Feature","properties":{"pid":"057002400109"},"geometry":{"type":"Polygon","coordinates":[[[-84.783183,39.132705],[-84.783322,39.132426],[-84.783731,39.132461],[-84.783622,39.133003],[-84.782954,39.132914],[-84.783183,39.132705]]]}},{"type":"Feature","properties":{"pid":"057002400129"},"geometry":{"type":"Polygon","coordinates":[[[-84.777489,39.133005],[-84.776884,39.132744],[-84.77695,39.132648],[-84.777561,39.1329],[-84.777489,39.133005]]]}},{"type":"Feature","properties":{"pid":"057002400131"},"geometry":{"type":"Polygon","coordinates":[[[-84.77708,39.133633],[-84.776455,39.133377],[-84.776625,39.133126],[-84.777243,39.133392],[-84.77708,39.133633]]]}},{"type":"Feature","properties":{"pid":"057002400132"},"geometry":{"type":"Polygon","coordinates":[[[-84.776915,39.133876],[-84.776291,39.133619],[-84.776455,39.133377],[-84.77708,39.133633],[-84.776915,39.133876]]]}},{"type":"Feature","properties":{"pid":"057002400133"},"geometry":{"type":"Polygon","coordinates":[[[-84.776112,39.13391],[-84.776291,39.133619],[-84.776915,39.133876],[-84.776775,39.134081],[-84.776112,39.13391]]]}},{"type":"Feature","properties":{"pid":"057002400152"},"geometry":{"type":"Polygon","coordinates":[[[-84.777456,39.133078],[-84.77907,39.133595],[-84.778448,39.134512],[-84.776775,39.134081],[-84.777456,39.133078]]]}},{"type":"Feature","properties":{"pid":"057002700018"},"geometry":{"type":"Polygon","coordinates":[[[-84.7833,39.143915],[-84.783645,39.140311],[-84.788237,39.140596],[-84.787966,39.144173],[-84.7833,39.143915]]]}},{"type":"Feature","properties":{"pid":"057002410007"},"geometry":{"type":"Polygon","coordinates":[[[-84.768072,39.140669],[-84.767892,39.140453],[-84.769411,39.139021],[-84.768596,39.138497],[-84.769127,39.137949],[-84.770061,39.138466],[-84.770842,39.137609],[-84.771507,39.137783],[-84.769922,39.139232],[-84.76941,39.139979],[-84.768072,39.140669]]]}},{"type":"Feature","properties":{"pid":"057002400162"},"geometry":{"type":"Polygon","coordinates":[[[-84.782021,39.14245],[-84.776911,39.141722],[-84.776305,39.141902],[-84.775124,39.142098],[-84.774551,39.141357],[-84.771086,39.140749],[-84.771267,39.140512],[-84.770342,39.140083],[-84.770268,39.140099],[-84.770397,39.139904],[-84.770417,39.139958],[-84.771357,39.140394],[-84.771599,39.140078],[-84.772434,39.140498],[-84.774485,39.138474],[-84.780001,39.139916],[-84.779994,39.140002],[-84.783585,39.140946],[-84.783454,39.142308],[-84.782055,39.142108],[-84.782021,39.14245]]]}},{"type":"Feature","properties":{"pid":"057002410001"},"geometry":{"type":"Polygon","coordinates":[[[-84.770585,39.137891],[-84.769636,39.137395],[-84.769714,39.137309],[-84.770842,39.137609],[-84.770585,39.137891]]]}},{"type":"Feature","properties":{"pid":"057002600011"},"geometry":{"type":"Polygon","coordinates":[[[-84.80158,39.122813],[-84.802045,39.125697],[-84.801542,39.126076],[-84.801107,39.126662],[-84.800565,39.127593],[-84.799158,39.12956],[-84.798816,39.129903],[-84.784723,39.129072],[-84.785734,39.120141],[-84.786554,39.119764],[-84.788399,39.11918],[-84.788518,39.119787],[-84.795619,39.122816],[-84.801236,39.12081],[-84.801492,39.122282],[-84.8038,39.121105],[-84.803888,39.121633],[-84.80158,39.122813]]]}},{"type":"Feature","properties":{"pid":"057002400050"},"geometry":{"type":"Polygon","coordinates":[[[-84.778288,39.130262],[-84.777144,39.130083],[-84.777414,39.129583],[-84.776603,39.129256],[-84.777119,39.128613],[-84.778611,39.128704],[-84.778544,39.128963],[-84.778409,39.12917],[-84.778422,39.129405],[-84.778275,39.130017],[-84.778288,39.130262]]]}},{"type":"Feature","properties":{"pid":"057002400153"},"geometry":{"type":"Polygon","coordinates":[[[-84.777759,39.134758],[-84.775897,39.134278],[-84.776112,39.13391],[-84.777921,39.134377],[-84.777759,39.134758]]]}},{"type":"Feature","properties":{"pid":"057002700036"},"geometry":{"type":"Polygon","coordinates":[[[-84.785766,39.132326],[-84.785883,39.132082],[-84.785029,39.13179],[-84.784481,39.131713],[-84.784723,39.129072],[-84.787193,39.12922],[-84.787054,39.132552],[-84.786052,39.132119],[-84.785802,39.132641],[-84.785569,39.132582],[-84.785766,39.132326]]]}},{"type":"Feature","properties":{"pid":"057002700019"},"geometry":{"type":"Polygon","coordinates":[[[-84.783645,39.140311],[-84.783827,39.138412],[-84.785685,39.13808],[-84.786528,39.138216],[-84.790558,39.138082],[-84.790503,39.139034],[-84.787563,39.138867],[-84.787533,39.140552],[-84.783645,39.140311]]]}},{"type":"Feature","properties":{"pid":"057002700077"},"geometry":{"type":"Polygon","coordinates":[[[-84.784204,39.134565],[-84.785335,39.134642],[-84.785417,39.133782],[-84.786168,39.132997],[-84.786207,39.133048],[-84.785486,39.133802],[-84.785198,39.136814],[-84.783989,39.136753],[-84.784204,39.134565]]]}},{"type":"Feature","properties":{"pid":"057002700035"},"geometry":{"type":"Polygon","coordinates":[[[-84.786168,39.132997],[-84.785417,39.133782],[-84.785375,39.134223],[-84.784245,39.134144],[-84.784412,39.132468],[-84.785732,39.132693],[-84.786168,39.132997]]]}},{"type":"Feature","properties":{"pid":"057002400025"},"geometry":{"type":"Polygon","coordinates":[[[-84.769425,39.137235],[-84.769229,39.137442],[-84.768781,39.137175],[-84.768867,39.137087],[-84.769425,39.137235]]]}},{"type":"Feature","properties":{"pid":"057002400119"},"geometry":{"type":"Polygon","coordinates":[[[-84.779569,39.131932],[-84.779244,39.131823],[-84.779523,39.131319],[-84.779847,39.131427],[-84.779569,39.131932]]]}},{"type":"Feature","properties":{"pid":"057002400135"},"geometry":{"type":"Polygon","coordinates":[[[-84.783664,39.132378],[-84.78295,39.132287],[-84.784364,39.130069],[-84.783814,39.131875],[-84.783664,39.132378]]]}},{"type":"Feature","properties":{"pid":"057002300030"},"geometry":{"type":"Polygon","coordinates":[[[-84.765904,39.144116],[-84.765647,39.144297],[-84.765329,39.143884],[-84.765594,39.143699],[-84.765904,39.144116]]]}},{"type":"Feature","properties":{"pid":"057002300031"},"geometry":{"type":"Polygon","coordinates":[[[-84.765379,39.144486],[-84.765065,39.144056],[-84.765329,39.143884],[-84.765647,39.144297],[-84.765379,39.144486]]]}},{"type":"Feature","properties":{"pid":"057002300044"},"geometry":{"type":"Polygon","coordinates":[[[-84.763688,39.14838],[-84.764052,39.144667],[-84.764094,39.144637],[-84.764046,39.145751],[-84.767022,39.144508],[-84.767781,39.145499],[-84.76707,39.145859],[-84.767373,39.146256],[-84.764993,39.147463],[-84.765383,39.147846],[-84.7647,39.147966],[-84.764274,39.147992],[-84.763688,39.14838]]]}},{"type":"Feature","properties":{"pid":"057002300045"},"geometry":{"type":"Polygon","coordinates":[[[-84.76468,39.144339],[-84.764639,39.144275],[-84.764694,39.144329],[-84.76468,39.144339]]]}},{"type":"Feature","properties":{"pid":"057002300027"},"geometry":{"type":"Polygon","coordinates":[[[-84.766146,39.14321],[-84.764052,39.144667],[-84.764151,39.142713],[-84.766546,39.14286],[-84.766112,39.14316],[-84.766146,39.14321]]]}},{"type":"Feature","properties":{"pid":"057002300183"},"geometry":{"type":"Polygon","coordinates":[[[-84.764094,39.144637],[-84.764498,39.144368],[-84.764781,39.144778],[-84.764663,39.144927],[-84.765292,39.14523],[-84.764046,39.145751],[-84.764094,39.144637]]]}},{"type":"Feature","properties":{"pid":"057002300185"},"geometry":{"type":"Polygon","coordinates":[[[-84.766066,39.144907],[-84.765647,39.144297],[-84.765937,39.144093],[-84.76621,39.144483],[-84.766829,39.144225],[-84.767022,39.144508],[-84.766066,39.144907]]]}},{"type":"Feature","properties":{"pid":"057000400058"},"geometry":{"type":"Polygon","coordinates":[[[-84.699064,39.16208],[-84.699734,39.162814],[-84.699655,39.163916],[-84.699079,39.163891],[-84.698182,39.163661],[-84.698097,39.162681],[-84.699064,39.16208]]]}},{"type":"Feature","properties":{"pid":"057000400230"},"geometry":{"type":"Polygon","coordinates":[[[-84.696247,39.162573],[-84.696815,39.156515],[-84.697163,39.156537],[-84.696595,39.162592],[-84.696247,39.162573]]]}},{"type":"Feature","properties":{"pid":"057000400141"},"geometry":{"type":"Polygon","coordinates":[[[-84.699646,39.164053],[-84.699047,39.164025],[-84.698192,39.163803],[-84.698182,39.163661],[-84.699079,39.163891],[-84.699655,39.163916],[-84.699646,39.164053]]]}},{"type":"Feature","properties":{"pid":"057000400498"},"geometry":{"type":"Polygon","coordinates":[[[-84.699233,39.164116],[-84.699199,39.164598],[-84.698723,39.164526],[-84.698745,39.164092],[-84.699233,39.164116]]]}},{"type":"Feature","properties":{"pid":"057000400149"},"geometry":{"type":"Polygon","coordinates":[[[-84.699233,39.164116],[-84.699639,39.164136],[-84.699591,39.164757],[-84.699199,39.164598],[-84.699233,39.164116]]]}},{"type":"Feature","properties":{"pid":"057000400536"},"geometry":{"type":"Polygon","coordinates":[[[-84.697815,39.163776],[-84.698192,39.163802],[-84.699047,39.164025],[-84.699646,39.164053],[-84.699639,39.164136],[-84.698745,39.164092],[-84.698723,39.164526],[-84.697763,39.164426],[-84.697815,39.163776]]]}},{"type":"Feature","properties":{"pid":"057000400014"},"geometry":{"type":"Polygon","coordinates":[[[-84.696439,39.164327],[-84.696595,39.162592],[-84.697538,39.162646],[-84.697392,39.164271],[-84.696657,39.164282],[-84.696439,39.164327]]]}},{"type":"Feature","properties":{"pid":"057000400142"},"geometry":{"type":"Polygon","coordinates":[[[-84.697763,39.164426],[-84.697379,39.164408],[-84.697439,39.16375],[-84.697815,39.163776],[-84.697763,39.164426]]]}}],"name":"parcels-45052"}