{"type":"FeatureCollection","crs":{"type":"name","properties":{"name":"urn:ogc:def:crs:OGC:1.3:CRS84"}},"features":[{"type":"Feature","properties":{"pid":"024300040011"},"geometry":{"type":"Polygon","coordinates":[[[-84.467502,39.209124],[-84.467848,39.208667],[-84.468116,39.208755],[-84.467703,39.20929],[-84.467502,39.209124]]]}},{"type":"Feature","properties":{"pid":"059000720152"},"geometry":{"type":"Polygon","coordinates":[[[-84.488098,39.207577],[-84.488291,39.207594],[-84.488278,39.20793],[-84.488084,39.207926],[-84.488098,39.207577]]]}},{"type":"Feature","properties":{"pid":"024300070020"},"geometry":{"type":"Polygon","coordinates":[[[-84.462901,39.207254],[-84.463061,39.205732],[-84.463227,39.205576],[-84.463985,39.204397],[-84.466003,39.203288],[-84.466117,39.202903],[-84.467007,39.201848],[-84.467549,39.201772],[-84.467408,39.202091],[-84.4664,39.203708],[-84.464653,39.206406],[-84.463489,39.207292],[-84.462901,39.207254]]]}},{"type":"Feature","properties":{"pid":"059000720107"},"geometry":{"type":"Polygon","coordinates":[[[-84.488089,39.207093],[-84.488299,39.207111],[-84.488232,39.207589],[-84.488021,39.207571],[-84.488089,39.207093]]]}},{"type":"Feature","properties":{"pid":"024300070022"},"geometry":{"type":"Polygon","coordinates":[[[-84.466475,39.205807],[-84.467363,39.203947],[-84.467879,39.203016],[-84.467939,39.20364],[-84.467365,39.204716],[-84.466797,39.205603],[-84.466475,39.205807]]]}},{"type":"Feature","properties":{"pid":"024200020057"},"geometry":{"type":"Polygon","coordinates":[[[-84.472652,39.197914],[-84.473133,39.197472],[-84.472364,39.197451],[-84.472741,39.197254],[-84.47393,39.196334],[-84.474706,39.195913],[-84.475389,39.195412],[-84.475592,39.195449],[-84.475682,39.195357],[-84.475818,39.195445],[-84.476101,39.196279],[-84.476026,39.196349],[-84.476054,39.196366],[-84.4741,39.198227],[-84.473627,39.197917],[-84.47323,39.19829],[-84.472652,39.197914]]]}},{"type":"Feature","properties":{"pid":"024200020102"},"geometry":{"type":"Polygon","coordinates":[[[-84.472051,39.200011],[-84.471992,39.200065],[-84.470827,39.19973],[-84.471519,39.199173],[-84.471308,39.199036],[-84.472652,39.197914],[-84.472945,39.198105],[-84.470965,39.199698],[-84.472051,39.200011]]]}},{"type":"Feature","properties":{"pid":"024000030083"},"geometry":{"type":"Polygon","coordinates":[[[-84.478001,39.192119],[-84.477806,39.192486],[-84.477725,39.192479],[-84.477467,39.192311],[-84.477795,39.1921],[-84.478001,39.192119]]]}},{"type":"Feature","properties":{"pid":"011700020016"},"geometry":{"type":"Polygon","coordinates":[[[-84.482027,39.188549],[-84.481279,39.188424],[-84.481543,39.187504],[-84.481717,39.187259],[-84.482071,39.186269],[-84.482642,39.186341],[-84.482732,39.186813],[-84.482027,39.188549]]]}},{"type":"Feature","properties":{"pid":"011700020015"},"geometry":{"type":"Polygon","coordinates":[[[-84.481959,39.188685],[-84.481647,39.189158],[-84.482162,39.189176],[-84.479577,39.190609],[-84.480387,39.189878],[-84.481088,39.188882],[-84.481224,39.188556],[-84.481959,39.188685]]]}},{"type":"Feature","properties":{"pid":"011700020035"},"geometry":{"type":"Polygon","coordinates":[[[-84.476935,39.185707],[-84.479712,39.186014],[-84.479235,39.188154],[-84.477994,39.187988],[-84.478301,39.186639],[-84.476859,39.186382],[-84.476935,39.185707]]]}},{"type":"Feature","properties":{"pid":"066100020617"},"geometry":{"type":"Polygon","coordinates":[[[-84.481814,39.189164],[-84.481925,39.18891],[-84.482265,39.188826],[-84.482324,39.188883],[-84.482092,39.189173],[-84.481814,39.189164]]]}},{"type":"Feature","properties":{"pid":"011700020039"},"geometry":{"type":"Polygon","coordinates":[[[-84.481374,39.188131],[-84.481155,39.188408],[-84.48089,39.188373],[-84.480775,39.188264],[-84.480553,39.188328],[-84.479235,39.188154],[-84.479712,39.186014],[-84.482071,39.186269],[-84.481717,39.187259],[-84.481543,39.187504],[-84.481374,39.188131]]]}},{"type":"Feature","properties":{"pid":"066100020595"},"geometry":{"type":"Polygon","coordinates":[[[-84.482459,39.189186],[-84.482092,39.189173],[-84.482324,39.188883],[-84.482415,39.188899],[-84.482459,39.189186]]]}},{"type":"Feature","properties":{"pid":"024300070002"},"geometry":{"type":"Polygon","coordinates":[[[-84.466574,39.204834],[-84.467203,39.203881],[-84.467363,39.203947],[-84.466939,39.204841],[-84.466574,39.204834]]]}},{"type":"Feature","properties":{"pid":"024300070003"},"geometry":{"type":"Polygon","coordinates":[[[-84.468188,39.201597],[-84.468332,39.20218],[-84.467363,39.203947],[-84.467203,39.203881],[-84.466574,39.204834],[-84.465666,39.204819],[-84.467408,39.202091],[-84.467549,39.201772],[-84.468188,39.201597]]]}},{"type":"Feature","properties":{"pid":"024300070006"},"geometry":{"type":"Polygon","coordinates":[[[-84.464562,39.207942],[-84.466574,39.204834],[-84.466939,39.204841],[-84.465371,39.207898],[-84.464562,39.207942]]]}},{"type":"Feature","properties":{"pid":"024300070007"},"geometry":{"type":"Polygon","coordinates":[[[-84.464653,39.206406],[-84.465666,39.204819],[-84.466574,39.204834],[-84.464562,39.207942],[-84.464058,39.207969],[-84.463489,39.207292],[-84.464653,39.206406]]]}},{"type":"Feature","properties":{"pid":"059002030131"},"geometry":{"type":"Polygon","coordinates":[[[-84.498631,39.203505],[-84.497438,39.203408],[-84.497438,39.203193],[-84.497977,39.202133],[-84.497893,39.203092],[-84.498665,39.203154],[-84.498631,39.203505]]]}},{"type":"Feature","properties":{"pid":"059002030038"},"geometry":{"type":"Polygon","coordinates":[[[-84.499474,39.204506],[-84.498545,39.20443],[-84.498562,39.204293],[-84.499488,39.204369],[-84.499474,39.204506]]]}},{"type":"Feature","properties":{"pid":"059002030072"},"geometry":{"type":"Polygon","coordinates":[[[-84.49792,39.202818],[-84.497947,39.20253],[-84.498649,39.202587],[-84.498622,39.202875],[-84.49792,39.202818]]]}},{"type":"Feature","properties":{"pid":"059002030073"},"geometry":{"type":"Polygon","coordinates":[[[-84.497986,39.202133],[-84.498691,39.202154],[-84.498649,39.202587],[-84.497947,39.20253],[-84.497986,39.202133]]]}},{"type":"Feature","properties":{"pid":"059002030074"},"geometry":{"type":"Polygon","coordinates":[[[-84.498691,39.202154],[-84.49803,39.202115],[-84.498722,39.201834],[-84.498691,39.202154]]]}},{"type":"Feature","properties":{"pid":"059002030075"},"geometry":{"type":"Polygon","coordinates":[[[-84.497986,39.202133],[-84.498503,39.200804],[-84.49877,39.200204],[-84.498882,39.20027],[-84.498902,39.200383],[-84.498722,39.201834],[-84.497986,39.202133]]]}},{"type":"Feature","properties":{"pid":"059002030083"},"geometry":{"type":"Polygon","coordinates":[[[-84.496094,39.200749],[-84.494965,39.202208],[-84.494073,39.201501],[-84.494171,39.200644],[-84.496094,39.200749]]]}},{"type":"Feature","properties":{"pid":"059002030041"},"geometry":{"type":"Polygon","coordinates":[[[-84.499734,39.204044],[-84.499719,39.204186],[-84.498582,39.204092],[-84.498597,39.20395],[-84.499734,39.204044]]]}},{"type":"Feature","properties":{"pid":"059002030039"},"geometry":{"type":"Polygon","coordinates":[[[-84.498582,39.204092],[-84.499509,39.204169],[-84.499488,39.204369],[-84.498562,39.204293],[-84.498582,39.204092]]]}},{"type":"Feature","properties":{"pid":"059002030062"},"geometry":{"type":"Polygon","coordinates":[[[-84.498436,39.204424],[-84.497348,39.204337],[-84.497366,39.204155],[-84.498454,39.204244],[-84.498436,39.204424]]]}},{"type":"Feature","properties":{"pid":"059002030063"},"geometry":{"type":"Polygon","coordinates":[[[-84.498471,39.204066],[-84.498454,39.204244],[-84.497366,39.204155],[-84.497383,39.203977],[-84.498471,39.204066]]]}},{"type":"Feature","properties":{"pid":"059002030064"},"geometry":{"type":"Polygon","coordinates":[[[-84.498488,39.203888],[-84.498471,39.204066],[-84.497383,39.203977],[-84.4974,39.203799],[-84.498488,39.203888]]]}},{"type":"Feature","properties":{"pid":"059002030066"},"geometry":{"type":"Polygon","coordinates":[[[-84.497558,39.203633],[-84.497578,39.203419],[-84.498631,39.203505],[-84.498611,39.203718],[-84.497558,39.203633]]]}},{"type":"Feature","properties":{"pid":"059002030065"},"geometry":{"type":"Polygon","coordinates":[[[-84.4974,39.203799],[-84.497417,39.203621],[-84.498505,39.20371],[-84.498488,39.203888],[-84.4974,39.203799]]]}},{"type":"Feature","properties":{"pid":"059002030042"},"geometry":{"type":"Polygon","coordinates":[[[-84.499524,39.204027],[-84.498597,39.20395],[-84.49861,39.203814],[-84.499538,39.20389],[-84.499524,39.204027]]]}},{"type":"Feature","properties":{"pid":"059002030128"},"geometry":{"type":"Polygon","coordinates":[[[-84.49727,39.200333],[-84.496783,39.200481],[-84.496366,39.200279],[-84.496073,39.200748],[-84.494171,39.200644],[-84.49427,39.199542],[-84.497085,39.199762],[-84.497711,39.200331],[-84.49727,39.200333]]]}},{"type":"Feature","properties":{"pid":"059002030129"},"geometry":{"type":"Polygon","coordinates":[[[-84.495807,39.201132],[-84.496366,39.200279],[-84.496783,39.200481],[-84.49727,39.200333],[-84.49788,39.200304],[-84.498067,39.199838],[-84.498195,39.199848],[-84.497211,39.202238],[-84.495807,39.201132]]]}},{"type":"Feature","properties":{"pid":"024000010097"},"geometry":{"type":"Polygon","coordinates":[[[-84.477005,39.196397],[-84.476674,39.196186],[-84.47673,39.196133],[-84.477061,39.196344],[-84.477005,39.196397]]]}},{"type":"Feature","properties":{"pid":"024000010099"},"geometry":{"type":"Polygon","coordinates":[[[-84.47716,39.196248],[-84.47683,39.196037],[-84.476941,39.19593],[-84.477273,39.196142],[-84.47716,39.196248]]]}},{"type":"Feature","properties":{"pid":"024000010100"},"geometry":{"type":"Polygon","coordinates":[[[-84.477052,39.195823],[-84.477384,39.196036],[-84.477273,39.196142],[-84.476941,39.19593],[-84.477052,39.195823]]]}},{"type":"Feature","properties":{"pid":"024000010101"},"geometry":{"type":"Polygon","coordinates":[[[-84.477384,39.196036],[-84.477052,39.195823],[-84.477163,39.195717],[-84.477495,39.195929],[-84.477384,39.196036]]]}},{"type":"Feature","properties":{"pid":"024200010045"},"geometry":{"type":"Polygon","coordinates":[[[-84.471975,39.200142],[-84.471703,39.200398],[-84.471645,39.200362],[-84.470806,39.201149],[-84.470323,39.201279],[-84.469642,39.200646],[-84.470432,39.200127],[-84.470825,39.199812],[-84.471975,39.200142]]]}},{"type":"Feature","properties":{"pid":"024000010104"},"geometry":{"type":"Polygon","coordinates":[[[-84.477764,39.195507],[-84.477548,39.195364],[-84.477663,39.19526],[-84.477878,39.195402],[-84.477764,39.195507]]]}},{"type":"Feature","properties":{"pid":"024000010121"},"geometry":{"type":"Polygon","coordinates":[[[-84.477519,39.195471],[-84.477636,39.195572],[-84.477502,39.195694],[-84.477371,39.195607],[-84.477519,39.195471]]]}},{"type":"Feature","properties":{"pid":"024000010129"},"geometry":{"type":"Polygon","coordinates":[[[-84.477502,39.195694],[-84.477731,39.195485],[-84.477871,39.195578],[-84.477642,39.195787],[-84.477502,39.195694]]]}},{"type":"Feature","properties":{"pid":"024000010150"},"geometry":{"type":"Polygon","coordinates":[[[-84.476893,39.196504],[-84.476563,39.196293],[-84.476649,39.19621],[-84.476979,39.196422],[-84.476893,39.196504]]]}},{"type":"Feature","properties":{"pid":"024000010081"},"geometry":{"type":"Polygon","coordinates":[[[-84.478213,39.195985],[-84.478099,39.196089],[-84.477696,39.195822],[-84.47781,39.195718],[-84.478213,39.195985]]]}},{"type":"Feature","properties":{"pid":"024000010083"},"geometry":{"type":"Polygon","coordinates":[[[-84.478039,39.195509],[-84.478442,39.195776],[-84.478327,39.19588],[-84.477924,39.195613],[-84.478039,39.195509]]]}},{"type":"Feature","properties":{"pid":"024000010084"},"geometry":{"type":"Polygon","coordinates":[[[-84.478602,39.195629],[-84.478487,39.195734],[-84.478084,39.195467],[-84.478199,39.195362],[-84.478602,39.195629]]]}},{"type":"Feature","properties":{"pid":"024000010085"},"geometry":{"type":"Polygon","coordinates":[[[-84.478716,39.195525],[-84.478602,39.195629],[-84.478199,39.195362],[-84.478313,39.195258],[-84.478716,39.195525]]]}},{"type":"Feature","properties":{"pid":"024000010086"},"geometry":{"type":"Polygon","coordinates":[[[-84.478831,39.19542],[-84.478716,39.195525],[-84.478313,39.195258],[-84.478428,39.195153],[-84.478831,39.19542]]]}},{"type":"Feature","properties":{"pid":"024000010079"},"geometry":{"type":"Polygon","coordinates":[[[-84.47744,39.196068],[-84.477849,39.19633],[-84.477793,39.196383],[-84.477384,39.196121],[-84.47744,39.196068]]]}},{"type":"Feature","properties":{"pid":"024000010080"},"geometry":{"type":"Polygon","coordinates":[[[-84.477961,39.196224],[-84.477849,39.19633],[-84.477581,39.196159],[-84.477693,39.196053],[-84.477961,39.196224]]]}},{"type":"Feature","properties":{"pid":"024000010160"},"geometry":{"type":"Polygon","coordinates":[[[-84.4769,39.19555],[-84.476485,39.195294],[-84.476645,39.195148],[-84.477051,39.195412],[-84.4769,39.19555]]]}},{"type":"Feature","properties":{"pid":"024000030064"},"geometry":{"type":"Polygon","coordinates":[[[-84.476103,39.193277],[-84.476195,39.193161],[-84.476603,39.193417],[-84.476489,39.193524],[-84.476103,39.193277]]]}},{"type":"Feature","properties":{"pid":"024000010098"},"geometry":{"type":"Polygon","coordinates":[[[-84.476785,39.196079],[-84.477116,39.196291],[-84.477061,39.196344],[-84.47673,39.196133],[-84.476785,39.196079]]]}},{"type":"Feature","properties":{"pid":"024000010155"},"geometry":{"type":"Polygon","coordinates":[[[-84.477693,39.196053],[-84.477581,39.196159],[-84.47744,39.196068],[-84.477552,39.195962],[-84.477693,39.196053]]]}},{"type":"Feature","properties":{"pid":"024000010105"},"geometry":{"type":"Polygon","coordinates":[[[-84.478031,39.195431],[-84.477722,39.195227],[-84.477836,39.195122],[-84.478145,39.195327],[-84.478031,39.195431]]]}},{"type":"Feature","properties":{"pid":"024000010111"},"geometry":{"type":"Polygon","coordinates":[[[-84.476348,39.196067],[-84.476156,39.195602],[-84.476183,39.195084],[-84.476891,39.195558],[-84.476348,39.196067]]]}},{"type":"Feature","properties":{"pid":"024500030080"},"geometry":{"type":"Polygon","coordinates":[[[-84.473103,39.21636],[-84.473116,39.216229],[-84.473311,39.216231],[-84.473299,39.216362],[-84.473103,39.21636]]]}},{"type":"Feature","properties":{"pid":"066100020435"},"geometry":{"type":"Polygon","coordinates":[[[-84.485816,39.185058],[-84.485711,39.185047],[-84.485772,39.184735],[-84.485877,39.184746],[-84.485816,39.185058]]]}},{"type":"Feature","properties":{"pid":"066100020436"},"geometry":{"type":"Polygon","coordinates":[[[-84.485711,39.185047],[-84.485606,39.185036],[-84.485667,39.184724],[-84.485772,39.184735],[-84.485711,39.185047]]]}},{"type":"Feature","properties":{"pid":"066100020461"},"geometry":{"type":"Polygon","coordinates":[[[-84.485344,39.18501],[-84.485501,39.185026],[-84.48544,39.185338],[-84.485282,39.185322],[-84.485344,39.18501]]]}},{"type":"Feature","properties":{"pid":"066100020464"},"geometry":{"type":"Polygon","coordinates":[[[-84.485755,39.18537],[-84.48565,39.185359],[-84.485711,39.185047],[-84.485816,39.185058],[-84.485755,39.18537]]]}},{"type":"Feature","properties":{"pid":"059000720150"},"geometry":{"type":"Polygon","coordinates":[[[-84.487624,39.207537],[-84.487904,39.207561],[-84.48789,39.207921],[-84.487738,39.207931],[-84.487624,39.207537]]]}},{"type":"Feature","properties":{"pid":"059000720069"},"geometry":{"type":"Polygon","coordinates":[[[-84.489772,39.207237],[-84.490421,39.207293],[-84.490386,39.207657],[-84.489737,39.207602],[-84.489772,39.207237]]]}},{"type":"Feature","properties":{"pid":"059000720126"},"geometry":{"type":"Polygon","coordinates":[[[-84.48636,39.208115],[-84.48666,39.20831],[-84.486542,39.208452],[-84.486157,39.208258],[-84.486286,39.208106],[-84.48636,39.208115]]]}},{"type":"Feature","properties":{"pid":"024500050072"},"geometry":{"type":"Polygon","coordinates":[[[-84.465822,39.21274],[-84.465832,39.212338],[-84.46601,39.212345],[-84.465998,39.212742],[-84.465822,39.21274]]]}},{"type":"Feature","properties":{"pid":"066100030003"},"geometry":{"type":"Polygon","coordinates":[[[-84.489529,39.184261],[-84.48984,39.183954],[-84.48999,39.18397],[-84.489692,39.184252],[-84.489529,39.184261]]]}},{"type":"Feature","properties":{"pid":"024000010054"},"geometry":{"type":"Polygon","coordinates":[[[-84.478507,39.19635],[-84.478425,39.196297],[-84.478583,39.196149],[-84.478664,39.196202],[-84.478507,39.19635]]]}},{"type":"Feature","properties":{"pid":"024000010125"},"geometry":{"type":"Polygon","coordinates":[[[-84.478697,39.196473],[-84.478583,39.196399],[-84.47874,39.196251],[-84.478854,39.196325],[-84.478697,39.196473]]]}},{"type":"Feature","properties":{"pid":"024000030072"},"geometry":{"type":"Polygon","coordinates":[[[-84.476153,39.192773],[-84.476447,39.192508],[-84.476543,39.19257],[-84.476137,39.192943],[-84.476153,39.192773]]]}},{"type":"Feature","properties":{"pid":"024000030073"},"geometry":{"type":"Polygon","coordinates":[[[-84.476153,39.192773],[-84.476196,39.192346],[-84.476447,39.192508],[-84.476153,39.192773]]]}},{"type":"Feature","properties":{"pid":"024000010055"},"geometry":{"type":"Polygon","coordinates":[[[-84.479035,39.196156],[-84.478854,39.196325],[-84.478583,39.196149],[-84.478425,39.196297],[-84.478289,39.19621],[-84.478627,39.195893],[-84.479035,39.196156]]]}},{"type":"Feature","properties":{"pid":"024200010029"},"geometry":{"type":"Polygon","coordinates":[[[-84.468332,39.20218],[-84.468188,39.201597],[-84.468233,39.201314],[-84.468432,39.201087],[-84.469056,39.200691],[-84.468681,39.201206],[-84.468541,39.201628],[-84.468583,39.201759],[-84.468332,39.20218]]]}},{"type":"Feature","properties":{"pid":"059000620272"},"geometry":{"type":"Polygon","coordinates":[[[-84.472652,39.197914],[-84.471308,39.199036],[-84.470873,39.198753],[-84.472189,39.197625],[-84.472652,39.197914]]]}},{"type":"Feature","properties":{"pid":"024200010039"},"geometry":{"type":"Polygon","coordinates":[[[-84.470688,39.201326],[-84.468298,39.20358],[-84.46818,39.20323],[-84.468738,39.202208],[-84.468549,39.202198],[-84.468514,39.202025],[-84.46868,39.20178],[-84.470441,39.201306],[-84.470688,39.201326]]]}},{"type":"Feature","properties":{"pid":"059002030048"},"geometry":{"type":"Polygon","coordinates":[[[-84.500974,39.203716],[-84.499756,39.203632],[-84.499791,39.203298],[-84.499608,39.203282],[-84.499631,39.203052],[-84.501032,39.203173],[-84.500974,39.203716]]]}},{"type":"Feature","properties":{"pid":"059002030037"},"geometry":{"type":"Polygon","coordinates":[[[-84.499278,39.20449],[-84.499192,39.204901],[-84.498514,39.204693],[-84.498545,39.20443],[-84.499278,39.20449]]]}},{"type":"Feature","properties":{"pid":"011600010249"},"geometry":{"type":"Polygon","coordinates":[[[-84.482031,39.185835],[-84.482076,39.1856],[-84.482258,39.185621],[-84.482171,39.185921],[-84.482125,39.185854],[-84.482031,39.185835]]]}},{"type":"Feature","properties":{"pid":"059002030036"},"geometry":{"type":"Polygon","coordinates":[[[-84.499192,39.204901],[-84.499278,39.20449],[-84.499474,39.204506],[-84.499425,39.204979],[-84.499192,39.204901]]]}},{"type":"Feature","properties":{"pid":"011600010121"},"geometry":{"type":"Polygon","coordinates":[[[-84.481236,39.184455],[-84.481192,39.184839],[-84.480979,39.184816],[-84.481046,39.184434],[-84.481236,39.184455]]]}},{"type":"Feature","properties":{"pid":"011600010186"},"geometry":{"type":"Polygon","coordinates":[[[-84.477336,39.183367],[-84.47736,39.183152],[-84.477535,39.183171],[-84.477511,39.183386],[-84.477336,39.183367]]]}},{"type":"Feature","properties":{"pid":"059000710261"},"geometry":{"type":"Polygon","coordinates":[[[-84.475977,39.207876],[-84.476013,39.207491],[-84.476121,39.2075],[-84.476085,39.207886],[-84.475977,39.207876]]]}},{"type":"Feature","properties":{"pid":"059000710262"},"geometry":{"type":"Polygon","coordinates":[[[-84.475908,39.207482],[-84.476013,39.207491],[-84.475977,39.207876],[-84.475869,39.207866],[-84.475908,39.207482]]]}},{"type":"Feature","properties":{"pid":"059000710263"},"geometry":{"type":"Polygon","coordinates":[[[-84.475763,39.207857],[-84.475797,39.207473],[-84.475908,39.207482],[-84.475869,39.207866],[-84.475763,39.207857]]]}},{"type":"Feature","properties":{"pid":"059000710264"},"geometry":{"type":"Polygon","coordinates":[[[-84.475763,39.207857],[-84.475657,39.207847],[-84.47571,39.207466],[-84.475797,39.207473],[-84.475763,39.207857]]]}},{"type":"Feature","properties":{"pid":"059000710265"},"geometry":{"type":"Polygon","coordinates":[[[-84.475554,39.207837],[-84.475589,39.207456],[-84.47571,39.207466],[-84.475657,39.207847],[-84.475554,39.207837]]]}},{"type":"Feature","properties":{"pid":"059000710267"},"geometry":{"type":"Polygon","coordinates":[[[-84.475236,39.207808],[-84.47527,39.207429],[-84.475411,39.207441],[-84.475376,39.207821],[-84.475236,39.207808]]]}},{"type":"Feature","properties":{"pid":"059000710268"},"geometry":{"type":"Polygon","coordinates":[[[-84.475127,39.207417],[-84.47527,39.207429],[-84.475236,39.207808],[-84.475092,39.207794],[-84.475127,39.207417]]]}},{"type":"Feature","properties":{"pid":"059000710272"},"geometry":{"type":"Polygon","coordinates":[[[-84.475411,39.207441],[-84.474849,39.207394],[-84.474844,39.207454],[-84.474709,39.207443],[-84.474816,39.207273],[-84.475422,39.207326],[-84.475411,39.207441]]]}},{"type":"Feature","properties":{"pid":"059000710273"},"geometry":{"type":"Polygon","coordinates":[[[-84.475422,39.207326],[-84.474816,39.207273],[-84.474922,39.20716],[-84.475434,39.207201],[-84.475422,39.207326]]]}},{"type":"Feature","properties":{"pid":"059000710274"},"geometry":{"type":"Polygon","coordinates":[[[-84.475434,39.207201],[-84.474922,39.20716],[-84.475056,39.207017],[-84.475448,39.207053],[-84.475434,39.207201]]]}},{"type":"Feature","properties":{"pid":"059000710277"},"geometry":{"type":"Polygon","coordinates":[[[-84.475941,39.207485],[-84.475761,39.20747],[-84.475799,39.207085],[-84.475975,39.207101],[-84.475941,39.207485]]]}},{"type":"Feature","properties":{"pid":"059000710278"},"geometry":{"type":"Polygon","coordinates":[[[-84.476121,39.2075],[-84.475941,39.207485],[-84.475975,39.207101],[-84.476156,39.207117],[-84.476121,39.2075]]]}},{"type":"Feature","properties":{"pid":"059000710279"},"geometry":{"type":"Polygon","coordinates":[[[-84.476295,39.207515],[-84.476121,39.2075],[-84.476156,39.207117],[-84.476331,39.207133],[-84.476295,39.207515]]]}},{"type":"Feature","properties":{"pid":"059000710365"},"geometry":{"type":"Polygon","coordinates":[[[-84.475395,39.207822],[-84.475431,39.207442],[-84.475589,39.207456],[-84.475554,39.207837],[-84.475395,39.207822]]]}},{"type":"Feature","properties":{"pid":"059000720110"},"geometry":{"type":"Polygon","coordinates":[[[-84.487914,39.207078],[-84.488089,39.207093],[-84.488021,39.207571],[-84.487846,39.207556],[-84.487914,39.207078]]]}},{"type":"Feature","properties":{"pid":"059000710098"},"geometry":{"type":"Polygon","coordinates":[[[-84.478545,39.208109],[-84.4786,39.207564],[-84.479092,39.207947],[-84.47919,39.208082],[-84.479449,39.208193],[-84.478545,39.208109]]]}},{"type":"Feature","properties":{"pid":"059000710092"},"geometry":{"type":"Polygon","coordinates":[[[-84.477483,39.20801],[-84.477512,39.207722],[-84.47769,39.20784],[-84.47767,39.208027],[-84.477483,39.20801]]]}},{"type":"Feature","properties":{"pid":"059000710366"},"geometry":{"type":"Polygon","coordinates":[[[-84.477697,39.207642],[-84.477521,39.207626],[-84.477559,39.207242],[-84.477734,39.207258],[-84.477697,39.207642]]]}},{"type":"Feature","properties":{"pid":"059000710038"},"geometry":{"type":"Polygon","coordinates":[[[-84.482424,39.208192],[-84.482475,39.207604],[-84.48273,39.20759],[-84.482755,39.207864],[-84.48329,39.207835],[-84.483265,39.207561],[-84.483365,39.207556],[-84.483351,39.207669],[-84.483941,39.207848],[-84.483994,39.207563],[-84.484633,39.207635],[-84.484276,39.20813],[-84.483744,39.208102],[-84.48373,39.208267],[-84.482424,39.208192]]]}},{"type":"Feature","properties":{"pid":"059000710428"},"geometry":{"type":"Polygon","coordinates":[[[-84.483351,39.207669],[-84.483365,39.207556],[-84.48375,39.207535],[-84.483994,39.207563],[-84.483941,39.207848],[-84.483351,39.207669]]]}},{"type":"Feature","properties":{"pid":"059000710429"},"geometry":{"type":"Polygon","coordinates":[[[-84.48373,39.208267],[-84.483744,39.208102],[-84.484276,39.20813],[-84.484161,39.208289],[-84.48373,39.208267]]]}},{"type":"Feature","properties":{"pid":"059000720001"},"geometry":{"type":"Polygon","coordinates":[[[-84.487239,39.209929],[-84.485529,39.20979],[-84.485079,39.209568],[-84.485893,39.209116],[-84.486153,39.209036],[-84.486029,39.208869],[-84.485639,39.208667],[-84.4857,39.208633],[-84.48623,39.208907],[-84.48635,39.208758],[-84.487327,39.209251],[-84.487231,39.209366],[-84.487239,39.209929]]]}},{"type":"Feature","properties":{"pid":"059000710220"},"geometry":{"type":"Polygon","coordinates":[[[-84.477224,39.208956],[-84.477044,39.20894],[-84.477085,39.208529],[-84.477261,39.208543],[-84.477224,39.208956]]]}},{"type":"Feature","properties":{"pid":"059000710221"},"geometry":{"type":"Polygon","coordinates":[[[-84.477044,39.20894],[-84.47687,39.208924],[-84.476909,39.208515],[-84.477085,39.208529],[-84.477044,39.20894]]]}},{"type":"Feature","properties":{"pid":"059000710222"},"geometry":{"type":"Polygon","coordinates":[[[-84.47687,39.208924],[-84.476695,39.208908],[-84.476734,39.208501],[-84.476909,39.208515],[-84.47687,39.208924]]]}},{"type":"Feature","properties":{"pid":"059000710223"},"geometry":{"type":"Polygon","coordinates":[[[-84.476695,39.208908],[-84.476519,39.208893],[-84.476558,39.208487],[-84.476734,39.208501],[-84.476695,39.208908]]]}},{"type":"Feature","properties":{"pid":"059000710224"},"geometry":{"type":"Polygon","coordinates":[[[-84.476519,39.208893],[-84.47634,39.208877],[-84.476382,39.208461],[-84.476558,39.208487],[-84.476519,39.208893]]]}},{"type":"Feature","properties":{"pid":"059000710225"},"geometry":{"type":"Polygon","coordinates":[[[-84.476206,39.208446],[-84.476382,39.208461],[-84.47634,39.208877],[-84.476167,39.208861],[-84.476206,39.208446]]]}},{"type":"Feature","properties":{"pid":"059000710226"},"geometry":{"type":"Polygon","coordinates":[[[-84.476167,39.208861],[-84.475996,39.208846],[-84.476035,39.208431],[-84.476206,39.208446],[-84.476167,39.208861]]]}},{"type":"Feature","properties":{"pid":"059000710227"},"geometry":{"type":"Polygon","coordinates":[[[-84.475813,39.208829],[-84.475852,39.208416],[-84.476035,39.208431],[-84.475996,39.208846],[-84.475813,39.208829]]]}},{"type":"Feature","properties":{"pid":"059000710228"},"geometry":{"type":"Polygon","coordinates":[[[-84.475813,39.208829],[-84.47564,39.208814],[-84.475678,39.208401],[-84.475852,39.208416],[-84.475813,39.208829]]]}},{"type":"Feature","properties":{"pid":"059000710229"},"geometry":{"type":"Polygon","coordinates":[[[-84.475639,39.208814],[-84.475468,39.208798],[-84.475505,39.208386],[-84.475678,39.208401],[-84.475639,39.208814]]]}},{"type":"Feature","properties":{"pid":"059000710230"},"geometry":{"type":"Polygon","coordinates":[[[-84.475468,39.208798],[-84.475291,39.208783],[-84.475327,39.208371],[-84.475505,39.208386],[-84.475468,39.208798]]]}},{"type":"Feature","properties":{"pid":"059000710231"},"geometry":{"type":"Polygon","coordinates":[[[-84.475111,39.208766],[-84.475151,39.208356],[-84.475327,39.208371],[-84.475291,39.208783],[-84.475111,39.208766]]]}},{"type":"Feature","properties":{"pid":"059000710234"},"geometry":{"type":"Polygon","coordinates":[[[-84.474627,39.208311],[-84.475151,39.208356],[-84.475138,39.208491],[-84.474614,39.208448],[-84.474627,39.208311]]]}},{"type":"Feature","properties":{"pid":"059000710125"},"geometry":{"type":"Polygon","coordinates":[[[-84.480284,39.207496],[-84.480547,39.20752],[-84.48051,39.207904],[-84.480247,39.20788],[-84.480284,39.207496]]]}},{"type":"Feature","properties":{"pid":"059000720132"},"geometry":{"type":"Polygon","coordinates":[[[-84.486705,39.208937],[-84.48635,39.208758],[-84.486446,39.208643],[-84.486801,39.208822],[-84.486705,39.208937]]]}},{"type":"Feature","properties":{"pid":"059000720114"},"geometry":{"type":"Polygon","coordinates":[[[-84.485776,39.208563],[-84.485876,39.208443],[-84.486394,39.208704],[-84.486291,39.208829],[-84.485776,39.208563]]]}},{"type":"Feature","properties":{"pid":"059000720103"},"geometry":{"type":"Polygon","coordinates":[[[-84.485972,39.208328],[-84.48649,39.208589],[-84.486394,39.208704],[-84.485876,39.208443],[-84.485972,39.208328]]]}},{"type":"Feature","properties":{"pid":"059000710235"},"geometry":{"type":"Polygon","coordinates":[[[-84.475151,39.208356],[-84.474627,39.208311],[-84.47464,39.208174],[-84.475164,39.208219],[-84.475151,39.208356]]]}},{"type":"Feature","properties":{"pid":"059000710236"},"geometry":{"type":"Polygon","coordinates":[[[-84.475164,39.208219],[-84.47464,39.208174],[-84.474651,39.20805],[-84.475177,39.208083],[-84.475164,39.208219]]]}},{"type":"Feature","properties":{"pid":"059000710238"},"geometry":{"type":"Polygon","coordinates":[[[-84.475151,39.208356],[-84.47519,39.207947],[-84.475329,39.20796],[-84.475293,39.208368],[-84.475151,39.208356]]]}},{"type":"Feature","properties":{"pid":"059000710239"},"geometry":{"type":"Polygon","coordinates":[[[-84.475434,39.20838],[-84.475293,39.208368],[-84.475329,39.20796],[-84.475479,39.207973],[-84.475434,39.20838]]]}},{"type":"Feature","properties":{"pid":"059000710240"},"geometry":{"type":"Polygon","coordinates":[[[-84.475577,39.208392],[-84.475434,39.20838],[-84.475479,39.207973],[-84.475611,39.207985],[-84.475577,39.208392]]]}},{"type":"Feature","properties":{"pid":"059000710241"},"geometry":{"type":"Polygon","coordinates":[[[-84.475724,39.208405],[-84.475577,39.208392],[-84.475611,39.207985],[-84.475754,39.207998],[-84.475724,39.208405]]]}},{"type":"Feature","properties":{"pid":"059000710242"},"geometry":{"type":"Polygon","coordinates":[[[-84.475852,39.208416],[-84.475724,39.208405],[-84.475754,39.207998],[-84.475891,39.20801],[-84.475852,39.208416]]]}},{"type":"Feature","properties":{"pid":"059000710243"},"geometry":{"type":"Polygon","coordinates":[[[-84.476001,39.208428],[-84.475852,39.208416],[-84.475891,39.20801],[-84.476031,39.208023],[-84.476001,39.208428]]]}},{"type":"Feature","properties":{"pid":"059000710244"},"geometry":{"type":"Polygon","coordinates":[[[-84.476031,39.208023],[-84.476175,39.208035],[-84.476146,39.208441],[-84.476001,39.208428],[-84.476031,39.208023]]]}},{"type":"Feature","properties":{"pid":"059000710245"},"geometry":{"type":"Polygon","coordinates":[[[-84.476286,39.208453],[-84.476146,39.208441],[-84.476175,39.208035],[-84.47632,39.208048],[-84.476286,39.208453]]]}},{"type":"Feature","properties":{"pid":"059000710246"},"geometry":{"type":"Polygon","coordinates":[[[-84.476422,39.208464],[-84.476286,39.208453],[-84.47632,39.208048],[-84.476453,39.20806],[-84.476422,39.208464]]]}},{"type":"Feature","properties":{"pid":"059000710247"},"geometry":{"type":"Polygon","coordinates":[[[-84.476453,39.20806],[-84.476597,39.208073],[-84.476558,39.208487],[-84.476422,39.208464],[-84.476453,39.20806]]]}},{"type":"Feature","properties":{"pid":"059000710248"},"geometry":{"type":"Polygon","coordinates":[[[-84.4767,39.208498],[-84.476558,39.208487],[-84.476597,39.208073],[-84.47674,39.208086],[-84.4767,39.208498]]]}},{"type":"Feature","properties":{"pid":"059000710249"},"geometry":{"type":"Polygon","coordinates":[[[-84.476837,39.208509],[-84.4767,39.208498],[-84.47674,39.208086],[-84.476877,39.208098],[-84.476837,39.208509]]]}},{"type":"Feature","properties":{"pid":"059000710250"},"geometry":{"type":"Polygon","coordinates":[[[-84.477021,39.208111],[-84.476973,39.20852],[-84.476837,39.208509],[-84.476877,39.208098],[-84.477021,39.208111]]]}},{"type":"Feature","properties":{"pid":"059000710251"},"geometry":{"type":"Polygon","coordinates":[[[-84.477117,39.208531],[-84.476973,39.20852],[-84.477021,39.208111],[-84.47716,39.208124],[-84.477117,39.208531]]]}},{"type":"Feature","properties":{"pid":"059000710252"},"geometry":{"type":"Polygon","coordinates":[[[-84.477261,39.208543],[-84.477117,39.208531],[-84.47716,39.208124],[-84.477297,39.208136],[-84.477261,39.208543]]]}},{"type":"Feature","properties":{"pid":"059000710378"},"geometry":{"type":"Polygon","coordinates":[[[-84.474651,39.20805],[-84.474665,39.2079],[-84.475127,39.207941],[-84.47511,39.20809],[-84.474651,39.20805]]]}},{"type":"Feature","properties":{"pid":"011600010248"},"geometry":{"type":"Polygon","coordinates":[[[-84.477567,39.183726],[-84.477128,39.183654],[-84.477571,39.183702],[-84.477567,39.183726]]]}},{"type":"Feature","properties":{"pid":"011600010082"},"geometry":{"type":"Polygon","coordinates":[[[-84.479806,39.184156],[-84.479596,39.184134],[-84.479662,39.183758],[-84.479872,39.183781],[-84.479806,39.184156]]]}},{"type":"Feature","properties":{"pid":"011600010152"},"geometry":{"type":"Polygon","coordinates":[[[-84.48019,39.184197],[-84.480051,39.184182],[-84.480117,39.183807],[-84.480256,39.183822],[-84.48019,39.184197]]]}},{"type":"Feature","properties":{"pid":"011600010161"},"geometry":{"type":"Polygon","coordinates":[[[-84.480396,39.183836],[-84.480501,39.183848],[-84.480435,39.184223],[-84.48033,39.184212],[-84.480396,39.183836]]]}},{"type":"Feature","properties":{"pid":"011600010143"},"geometry":{"type":"Polygon","coordinates":[[[-84.477126,39.183679],[-84.477567,39.183726],[-84.477534,39.183914],[-84.477105,39.183868],[-84.477126,39.183679]]]}},{"type":"Feature","properties":{"pid":"011600010118"},"geometry":{"type":"Polygon","coordinates":[[[-84.480645,39.184245],[-84.480435,39.184223],[-84.480501,39.183848],[-84.480711,39.18387],[-84.480645,39.184245]]]}},{"type":"Feature","properties":{"pid":"011600010154"},"geometry":{"type":"Polygon","coordinates":[[[-84.480785,39.18426],[-84.480645,39.184245],[-84.480711,39.18387],[-84.480851,39.183885],[-84.480785,39.18426]]]}},{"type":"Feature","properties":{"pid":"011600010153"},"geometry":{"type":"Polygon","coordinates":[[[-84.48033,39.184212],[-84.480225,39.184201],[-84.480291,39.183825],[-84.480396,39.183836],[-84.48033,39.184212]]]}},{"type":"Feature","properties":{"pid":"011600010155"},"geometry":{"type":"Polygon","coordinates":[[[-84.481064,39.18429],[-84.480924,39.184275],[-84.48099,39.1839],[-84.48113,39.183915],[-84.481064,39.18429]]]}},{"type":"Feature","properties":{"pid":"011600010170"},"geometry":{"type":"Polygon","coordinates":[[[-84.480785,39.18426],[-84.480851,39.183885],[-84.48099,39.1839],[-84.480924,39.184275],[-84.480785,39.18426]]]}},{"type":"Feature","properties":{"pid":"011600010160"},"geometry":{"type":"Polygon","coordinates":[[[-84.479977,39.183792],[-84.480085,39.183803],[-84.480019,39.184179],[-84.479911,39.184167],[-84.479977,39.183792]]]}},{"type":"Feature","properties":{"pid":"011600010120"},"geometry":{"type":"Polygon","coordinates":[[[-84.48134,39.183937],[-84.481274,39.184313],[-84.481064,39.18429],[-84.48113,39.183915],[-84.48134,39.183937]]]}},{"type":"Feature","properties":{"pid":"024100010282"},"geometry":{"type":"Polygon","coordinates":[[[-84.485051,39.195516],[-84.486551,39.193901],[-84.486796,39.193599],[-84.48695,39.193818],[-84.485252,39.19564],[-84.485051,39.195516]]]}},{"type":"Feature","properties":{"pid":"059000720148"},"geometry":{"type":"Polygon","coordinates":[[[-84.487473,39.208041],[-84.487124,39.207754],[-84.487301,39.207542],[-84.487596,39.207972],[-84.487473,39.208041]]]}},{"type":"Feature","properties":{"pid":"011600010103"},"geometry":{"type":"Polygon","coordinates":[[[-84.48191,39.185582],[-84.482076,39.1856],[-84.482031,39.185835],[-84.481859,39.185853],[-84.48191,39.185582]]]}},{"type":"Feature","properties":{"pid":"011600010015"},"geometry":{"type":"Polygon","coordinates":[[[-84.477574,39.185105],[-84.477967,39.185148],[-84.477947,39.185253],[-84.477854,39.185298],[-84.477564,39.185268],[-84.477574,39.185105]]]}},{"type":"Feature","properties":{"pid":"011600010106"},"geometry":{"type":"Polygon","coordinates":[[[-84.481261,39.185786],[-84.481207,39.185725],[-84.481246,39.185511],[-84.481413,39.185529],[-84.481361,39.185799],[-84.481261,39.185786]]]}},{"type":"Feature","properties":{"pid":"011600010114"},"geometry":{"type":"Polygon","coordinates":[[[-84.48149,39.18515],[-84.481327,39.185078],[-84.481365,39.184857],[-84.481539,39.184876],[-84.48149,39.18515]]]}},{"type":"Feature","properties":{"pid":"011600010115"},"geometry":{"type":"Polygon","coordinates":[[[-84.481148,39.185056],[-84.480954,39.18508],[-84.481,39.184819],[-84.481192,39.184839],[-84.481148,39.185056]]]}},{"type":"Feature","properties":{"pid":"024100010293"},"geometry":{"type":"Polygon","coordinates":[[[-84.485721,39.194788],[-84.485313,39.195237],[-84.485117,39.195117],[-84.48556,39.194689],[-84.485721,39.194788]]]}},{"type":"Feature","properties":{"pid":"024100010246"},"geometry":{"type":"Polygon","coordinates":[[[-84.485117,39.195117],[-84.48484,39.194947],[-84.484895,39.194893],[-84.485172,39.195063],[-84.485117,39.195117]]]}},{"type":"Feature","properties":{"pid":"024100010014"},"geometry":{"type":"Polygon","coordinates":[[[-84.48506,39.194732],[-84.48528,39.194518],[-84.485377,39.194577],[-84.485157,39.194792],[-84.48506,39.194732]]]}},{"type":"Feature","properties":{"pid":"024100010013"},"geometry":{"type":"Polygon","coordinates":[[[-84.485488,39.194645],[-84.485268,39.19486],[-84.485157,39.194792],[-84.485377,39.194577],[-84.485488,39.194645]]]}},{"type":"Feature","properties":{"pid":"024200020110"},"geometry":{"type":"Polygon","coordinates":[[[-84.470852,39.199796],[-84.470528,39.199688],[-84.471308,39.199036],[-84.471519,39.199173],[-84.470827,39.19973],[-84.4709,39.199751],[-84.470852,39.199796]]]}},{"type":"Feature","properties":{"pid":"059000620270"},"geometry":{"type":"Polygon","coordinates":[[[-84.470523,39.199692],[-84.470248,39.199545],[-84.470193,39.199468],[-84.470873,39.198753],[-84.471308,39.199036],[-84.470523,39.199692]]]}},{"type":"Feature","properties":{"pid":"059000720137"},"geometry":{"type":"Polygon","coordinates":[[[-84.486978,39.20793],[-84.487124,39.207754],[-84.487473,39.208041],[-84.487378,39.208132],[-84.486978,39.20793]]]}},{"type":"Feature","properties":{"pid":"011600010084"},"geometry":{"type":"Polygon","coordinates":[[[-84.479655,39.184942],[-84.4797,39.184681],[-84.479846,39.184697],[-84.479802,39.184959],[-84.479655,39.184942]]]}},{"type":"Feature","properties":{"pid":"011600010087"},"geometry":{"type":"Polygon","coordinates":[[[-84.479426,39.184918],[-84.479196,39.184893],[-84.479241,39.184633],[-84.479471,39.184657],[-84.479426,39.184918]]]}},{"type":"Feature","properties":{"pid":"011600010091"},"geometry":{"type":"Polygon","coordinates":[[[-84.481455,39.184321],[-84.481523,39.183954],[-84.481707,39.183973],[-84.48164,39.184341],[-84.481455,39.184321]]]}},{"type":"Feature","properties":{"pid":"011600010092"},"geometry":{"type":"Polygon","coordinates":[[[-84.480395,39.185021],[-84.480441,39.18476],[-84.480617,39.184778],[-84.48057,39.18504],[-84.480395,39.185021]]]}},{"type":"Feature","properties":{"pid":"011600010093"},"geometry":{"type":"Polygon","coordinates":[[[-84.481527,39.185817],[-84.481579,39.185546],[-84.481744,39.185564],[-84.481693,39.185835],[-84.481527,39.185817]]]}},{"type":"Feature","properties":{"pid":"011600010094"},"geometry":{"type":"Polygon","coordinates":[[[-84.480762,39.18506],[-84.480809,39.184798],[-84.481,39.184819],[-84.480954,39.18508],[-84.480762,39.18506]]]}},{"type":"Feature","properties":{"pid":"011600010095"},"geometry":{"type":"Polygon","coordinates":[[[-84.480486,39.185691],[-84.480532,39.185434],[-84.480713,39.185454],[-84.480665,39.18571],[-84.480486,39.185691]]]}},{"type":"Feature","properties":{"pid":"011600010107"},"geometry":{"type":"Polygon","coordinates":[[[-84.480939,39.18574],[-84.480846,39.18573],[-84.480893,39.185473],[-84.481073,39.185492],[-84.481036,39.185693],[-84.480939,39.18574]]]}},{"type":"Feature","properties":{"pid":"011600010108"},"geometry":{"type":"Polygon","coordinates":[[[-84.480665,39.18571],[-84.480713,39.185454],[-84.480893,39.185473],[-84.480846,39.18573],[-84.480665,39.18571]]]}},{"type":"Feature","properties":{"pid":"011600010109"},"geometry":{"type":"Polygon","coordinates":[[[-84.480311,39.185672],[-84.480337,39.185414],[-84.480532,39.185434],[-84.480486,39.185691],[-84.480311,39.185672]]]}},{"type":"Feature","properties":{"pid":"011600010110"},"geometry":{"type":"Polygon","coordinates":[[[-84.480587,39.185441],[-84.480371,39.185417],[-84.480397,39.185159],[-84.480633,39.185184],[-84.480587,39.185441]]]}},{"type":"Feature","properties":{"pid":"011600010111"},"geometry":{"type":"Polygon","coordinates":[[[-84.48083,39.185466],[-84.480587,39.185441],[-84.480633,39.185184],[-84.480877,39.18521],[-84.48083,39.185466]]]}},{"type":"Feature","properties":{"pid":"011600010112"},"geometry":{"type":"Polygon","coordinates":[[[-84.481073,39.185492],[-84.48083,39.185466],[-84.480877,39.18521],[-84.481063,39.185233],[-84.481109,39.185292],[-84.481073,39.185492]]]}},{"type":"Feature","properties":{"pid":"011600010116"},"geometry":{"type":"Polygon","coordinates":[[[-84.48057,39.18504],[-84.480617,39.184778],[-84.480809,39.184798],[-84.480762,39.18506],[-84.48057,39.18504]]]}},{"type":"Feature","properties":{"pid":"011600010117"},"geometry":{"type":"Polygon","coordinates":[[[-84.48077,39.184794],[-84.480557,39.184772],[-84.480623,39.184389],[-84.480838,39.184412],[-84.48077,39.184794]]]}},{"type":"Feature","properties":{"pid":"011600010119"},"geometry":{"type":"Polygon","coordinates":[[[-84.479514,39.184662],[-84.479272,39.184636],[-84.479341,39.184252],[-84.479605,39.18428],[-84.479514,39.184662]]]}},{"type":"Feature","properties":{"pid":"011600010124"},"geometry":{"type":"Polygon","coordinates":[[[-84.481539,39.184876],[-84.481365,39.184857],[-84.48143,39.184476],[-84.481606,39.184495],[-84.481539,39.184876]]]}},{"type":"Feature","properties":{"pid":"011600010126"},"geometry":{"type":"Polygon","coordinates":[[[-84.480979,39.184816],[-84.48077,39.184794],[-84.480838,39.184412],[-84.481046,39.184434],[-84.480979,39.184816]]]}},{"type":"Feature","properties":{"pid":"011600010127"},"geometry":{"type":"Polygon","coordinates":[[[-84.481545,39.184876],[-84.481606,39.184495],[-84.481638,39.184499],[-84.481577,39.184879],[-84.481545,39.184876]]]}},{"type":"Feature","properties":{"pid":"011600010128"},"geometry":{"type":"Polygon","coordinates":[[[-84.481785,39.184901],[-84.481577,39.184879],[-84.481638,39.184499],[-84.48185,39.184522],[-84.481785,39.184901]]]}},{"type":"Feature","properties":{"pid":"011600010131"},"geometry":{"type":"Polygon","coordinates":[[[-84.480557,39.184772],[-84.480346,39.184749],[-84.480415,39.184367],[-84.480623,39.184389],[-84.480557,39.184772]]]}},{"type":"Feature","properties":{"pid":"011600010132"},"geometry":{"type":"Polygon","coordinates":[[[-84.480346,39.184749],[-84.480136,39.184727],[-84.480202,39.184344],[-84.480415,39.184367],[-84.480346,39.184749]]]}},{"type":"Feature","properties":{"pid":"011600010133"},"geometry":{"type":"Polygon","coordinates":[[[-84.479934,39.184706],[-84.479993,39.184322],[-84.480046,39.184328],[-84.479976,39.18471],[-84.479934,39.184706]]]}},{"type":"Feature","properties":{"pid":"011600010134"},"geometry":{"type":"Polygon","coordinates":[[[-84.479676,39.184679],[-84.479534,39.184664],[-84.479605,39.18428],[-84.479745,39.184295],[-84.479676,39.184679]]]}},{"type":"Feature","properties":{"pid":"011600010135"},"geometry":{"type":"Polygon","coordinates":[[[-84.479272,39.184636],[-84.479112,39.184619],[-84.479181,39.184235],[-84.479341,39.184252],[-84.479272,39.184636]]]}},{"type":"Feature","properties":{"pid":"011600010136"},"geometry":{"type":"Polygon","coordinates":[[[-84.478937,39.184601],[-84.478991,39.184215],[-84.47901,39.184217],[-84.478937,39.184601]]]}},{"type":"Feature","properties":{"pid":"011600010137"},"geometry":{"type":"Polygon","coordinates":[[[-84.478902,39.184597],[-84.478707,39.184576],[-84.478771,39.184191],[-84.478968,39.184212],[-84.478902,39.184597]]]}},{"type":"Feature","properties":{"pid":"011600010138"},"geometry":{"type":"Polygon","coordinates":[[[-84.478436,39.184548],[-84.478206,39.184524],[-84.478277,39.184138],[-84.478505,39.184163],[-84.478436,39.184548]]]}},{"type":"Feature","properties":{"pid":"011600010139"},"geometry":{"type":"Polygon","coordinates":[[[-84.47799,39.184501],[-84.477729,39.184473],[-84.477799,39.184087],[-84.478059,39.184115],[-84.47799,39.184501]]]}},{"type":"Feature","properties":{"pid":"011600010141"},"geometry":{"type":"Polygon","coordinates":[[[-84.477058,39.184402],[-84.477077,39.184209],[-84.477516,39.184248],[-84.477495,39.184448],[-84.477058,39.184402]]]}},{"type":"Feature","properties":{"pid":"011600010142"},"geometry":{"type":"Polygon","coordinates":[[[-84.477077,39.184209],[-84.477097,39.184012],[-84.477536,39.184059],[-84.477516,39.184248],[-84.477077,39.184209]]]}},{"type":"Feature","properties":{"pid":"011600010156"},"geometry":{"type":"Polygon","coordinates":[[[-84.48164,39.184341],[-84.481707,39.183973],[-84.481885,39.183992],[-84.481819,39.184361],[-84.48164,39.184341]]]}},{"type":"Feature","properties":{"pid":"011600010163"},"geometry":{"type":"Polygon","coordinates":[[[-84.480136,39.184727],[-84.479976,39.18471],[-84.480046,39.184328],[-84.480202,39.184344],[-84.480136,39.184727]]]}},{"type":"Feature","properties":{"pid":"011600010174"},"geometry":{"type":"Polygon","coordinates":[[[-84.481485,39.185536],[-84.48142,39.185529],[-84.481471,39.185259],[-84.481547,39.185268],[-84.481485,39.185536]]]}},{"type":"Feature","properties":{"pid":"011600010175"},"geometry":{"type":"Polygon","coordinates":[[[-84.479112,39.184619],[-84.478937,39.184601],[-84.47901,39.184217],[-84.479181,39.184235],[-84.479112,39.184619]]]}},{"type":"Feature","properties":{"pid":"011600010203"},"geometry":{"type":"Polygon","coordinates":[[[-84.481532,39.185155],[-84.481577,39.184879],[-84.481939,39.184916],[-84.481889,39.185193],[-84.481532,39.185155]]]}},{"type":"Feature","properties":{"pid":"011600010245"},"geometry":{"type":"Polygon","coordinates":[[[-84.481818,39.183985],[-84.481645,39.183967],[-84.481705,39.183617],[-84.481877,39.183637],[-84.481818,39.183985]]]}},{"type":"Feature","properties":{"pid":"066100020161"},"geometry":{"type":"Polygon","coordinates":[[[-84.483794,39.186416],[-84.483698,39.186391],[-84.483838,39.1861],[-84.483939,39.186126],[-84.483794,39.186416]]]}},{"type":"Feature","properties":{"pid":"066100020162"},"geometry":{"type":"Polygon","coordinates":[[[-84.483886,39.18644],[-84.483802,39.186418],[-84.483939,39.186126],[-84.484035,39.186151],[-84.483886,39.18644]]]}},{"type":"Feature","properties":{"pid":"066100020163"},"geometry":{"type":"Polygon","coordinates":[[[-84.483993,39.186467],[-84.483899,39.186443],[-84.484035,39.186151],[-84.484144,39.186179],[-84.483993,39.186467]]]}},{"type":"Feature","properties":{"pid":"066100020164"},"geometry":{"type":"Polygon","coordinates":[[[-84.484081,39.18649],[-84.484006,39.186471],[-84.484144,39.186179],[-84.484233,39.186202],[-84.484081,39.18649]]]}},{"type":"Feature","properties":{"pid":"066100020165"},"geometry":{"type":"Polygon","coordinates":[[[-84.4842,39.186521],[-84.484095,39.186494],[-84.484233,39.186202],[-84.484337,39.186229],[-84.4842,39.186521]]]}},{"type":"Feature","properties":{"pid":"066100020167"},"geometry":{"type":"Polygon","coordinates":[[[-84.484377,39.186567],[-84.484302,39.186547],[-84.484442,39.186256],[-84.484544,39.186282],[-84.484377,39.186567]]]}},{"type":"Feature","properties":{"pid":"066100020169"},"geometry":{"type":"Polygon","coordinates":[[[-84.484604,39.186625],[-84.484503,39.186599],[-84.484644,39.186308],[-84.484743,39.186333],[-84.484604,39.186625]]]}},{"type":"Feature","properties":{"pid":"066100020170"},"geometry":{"type":"Polygon","coordinates":[[[-84.484634,39.186633],[-84.484743,39.186333],[-84.484848,39.18636],[-84.484714,39.186654],[-84.484634,39.186633]]]}},{"type":"Feature","properties":{"pid":"066100020171"},"geometry":{"type":"Polygon","coordinates":[[[-84.484714,39.186654],[-84.484848,39.18636],[-84.484916,39.186378],[-84.484775,39.18667],[-84.484714,39.186654]]]}},{"type":"Feature","properties":{"pid":"066100020172"},"geometry":{"type":"Polygon","coordinates":[[[-84.484886,39.186699],[-84.484775,39.18667],[-84.484916,39.186378],[-84.485047,39.186412],[-84.484886,39.186699]]]}},{"type":"Feature","properties":{"pid":"066100020173"},"geometry":{"type":"Polygon","coordinates":[[[-84.485012,39.186732],[-84.484909,39.186705],[-84.485047,39.186412],[-84.485151,39.186439],[-84.485012,39.186732]]]}},{"type":"Feature","properties":{"pid":"066100020175"},"geometry":{"type":"Polygon","coordinates":[[[-84.485204,39.186781],[-84.485104,39.186755],[-84.48524,39.186462],[-84.485343,39.186488],[-84.485204,39.186781]]]}},{"type":"Feature","properties":{"pid":"066100020176"},"geometry":{"type":"Polygon","coordinates":[[[-84.485204,39.186781],[-84.485343,39.186488],[-84.485442,39.186514],[-84.485306,39.186808],[-84.485204,39.186781]]]}},{"type":"Feature","properties":{"pid":"066100020177"},"geometry":{"type":"Polygon","coordinates":[[[-84.485389,39.186829],[-84.485306,39.186808],[-84.485442,39.186514],[-84.485544,39.18654],[-84.485389,39.186829]]]}},{"type":"Feature","properties":{"pid":"011700040015"},"geometry":{"type":"Polygon","coordinates":[[[-84.479333,39.183139],[-84.479393,39.182562],[-84.47955,39.182579],[-84.479491,39.183156],[-84.479333,39.183139]]]}},{"type":"Feature","properties":{"pid":"066100020363"},"geometry":{"type":"Polygon","coordinates":[[[-84.486391,39.184353],[-84.486449,39.184055],[-84.486665,39.184079],[-84.486528,39.184368],[-84.486391,39.184353]]]}},{"type":"Feature","properties":{"pid":"066100020364"},"geometry":{"type":"Polygon","coordinates":[[[-84.486307,39.184345],[-84.486345,39.184043],[-84.486449,39.184055],[-84.486391,39.184353],[-84.486307,39.184345]]]}},{"type":"Feature","properties":{"pid":"066100020365"},"geometry":{"type":"Polygon","coordinates":[[[-84.48618,39.184332],[-84.486239,39.184031],[-84.486345,39.184043],[-84.486285,39.184343],[-84.48618,39.184332]]]}},{"type":"Feature","properties":{"pid":"066100020366"},"geometry":{"type":"Polygon","coordinates":[[[-84.486075,39.184321],[-84.486134,39.184019],[-84.486239,39.184031],[-84.48618,39.184332],[-84.486075,39.184321]]]}},{"type":"Feature","properties":{"pid":"066100020367"},"geometry":{"type":"Polygon","coordinates":[[[-84.48597,39.18431],[-84.486029,39.184008],[-84.486134,39.184019],[-84.486075,39.184321],[-84.48597,39.18431]]]}},{"type":"Feature","properties":{"pid":"066100020368"},"geometry":{"type":"Polygon","coordinates":[[[-84.485864,39.184299],[-84.485924,39.183996],[-84.486029,39.184008],[-84.48597,39.18431],[-84.485864,39.184299]]]}},{"type":"Feature","properties":{"pid":"066100020369"},"geometry":{"type":"Polygon","coordinates":[[[-84.48576,39.184289],[-84.485819,39.183984],[-84.485924,39.183996],[-84.485864,39.184299],[-84.48576,39.184289]]]}},{"type":"Feature","properties":{"pid":"066100020370"},"geometry":{"type":"Polygon","coordinates":[[[-84.485655,39.184277],[-84.485715,39.183972],[-84.485819,39.183984],[-84.48576,39.184289],[-84.485655,39.184277]]]}},{"type":"Feature","properties":{"pid":"066100020371"},"geometry":{"type":"Polygon","coordinates":[[[-84.485549,39.184267],[-84.48561,39.183961],[-84.485715,39.183972],[-84.485655,39.184277],[-84.485549,39.184267]]]}},{"type":"Feature","properties":{"pid":"066100020372"},"geometry":{"type":"Polygon","coordinates":[[[-84.485448,39.184257],[-84.485505,39.183949],[-84.48561,39.183961],[-84.485549,39.184267],[-84.485448,39.184257]]]}},{"type":"Feature","properties":{"pid":"066100020374"},"geometry":{"type":"Polygon","coordinates":[[[-84.485067,39.184206],[-84.485127,39.18391],[-84.485222,39.18392],[-84.485163,39.184216],[-84.485067,39.184206]]]}},{"type":"Feature","properties":{"pid":"066100020375"},"geometry":{"type":"Polygon","coordinates":[[[-84.484957,39.184194],[-84.485015,39.183898],[-84.485127,39.18391],[-84.485067,39.184206],[-84.484957,39.184194]]]}},{"type":"Feature","properties":{"pid":"066100020377"},"geometry":{"type":"Polygon","coordinates":[[[-84.484749,39.184171],[-84.484807,39.183876],[-84.484913,39.183887],[-84.484856,39.184183],[-84.484749,39.184171]]]}},{"type":"Feature","properties":{"pid":"066100020378"},"geometry":{"type":"Polygon","coordinates":[[[-84.484645,39.18416],[-84.484706,39.183865],[-84.484807,39.183876],[-84.484749,39.184171],[-84.484645,39.18416]]]}},{"type":"Feature","properties":{"pid":"066100020379"},"geometry":{"type":"Polygon","coordinates":[[[-84.484537,39.184148],[-84.484594,39.183853],[-84.484706,39.183865],[-84.484645,39.18416],[-84.484537,39.184148]]]}},{"type":"Feature","properties":{"pid":"066100020380"},"geometry":{"type":"Polygon","coordinates":[[[-84.484436,39.184137],[-84.484495,39.183842],[-84.484594,39.183853],[-84.484537,39.184148],[-84.484436,39.184137]]]}},{"type":"Feature","properties":{"pid":"066100020384"},"geometry":{"type":"Polygon","coordinates":[[[-84.484046,39.184424],[-84.48411,39.184101],[-84.484225,39.184114],[-84.48416,39.184436],[-84.484046,39.184424]]]}},{"type":"Feature","properties":{"pid":"066100020385"},"geometry":{"type":"Polygon","coordinates":[[[-84.48416,39.184436],[-84.484225,39.184114],[-84.48433,39.184125],[-84.484266,39.184447],[-84.48416,39.184436]]]}},{"type":"Feature","properties":{"pid":"066100020386"},"geometry":{"type":"Polygon","coordinates":[[[-84.484266,39.184447],[-84.48433,39.184125],[-84.484436,39.184137],[-84.484372,39.184457],[-84.484266,39.184447]]]}},{"type":"Feature","properties":{"pid":"066100020387"},"geometry":{"type":"Polygon","coordinates":[[[-84.484372,39.184457],[-84.484436,39.184137],[-84.484537,39.184148],[-84.484475,39.184468],[-84.484372,39.184457]]]}},{"type":"Feature","properties":{"pid":"066100020388"},"geometry":{"type":"Polygon","coordinates":[[[-84.484475,39.184468],[-84.484537,39.184148],[-84.484645,39.18416],[-84.48458,39.184478],[-84.484475,39.184468]]]}},{"type":"Feature","properties":{"pid":"066100020390"},"geometry":{"type":"Polygon","coordinates":[[[-84.484686,39.184488],[-84.484749,39.184171],[-84.484856,39.184183],[-84.484794,39.184499],[-84.484686,39.184488]]]}},{"type":"Feature","properties":{"pid":"066100020391"},"geometry":{"type":"Polygon","coordinates":[[[-84.484794,39.184499],[-84.484856,39.184183],[-84.484957,39.184194],[-84.484896,39.184509],[-84.484794,39.184499]]]}},{"type":"Feature","properties":{"pid":"066100020392"},"geometry":{"type":"Polygon","coordinates":[[[-84.484896,39.184509],[-84.484957,39.184194],[-84.485067,39.184206],[-84.485004,39.18452],[-84.484896,39.184509]]]}},{"type":"Feature","properties":{"pid":"066100020393"},"geometry":{"type":"Polygon","coordinates":[[[-84.485004,39.18452],[-84.485067,39.184206],[-84.485163,39.184216],[-84.4851,39.184529],[-84.485004,39.18452]]]}},{"type":"Feature","properties":{"pid":"066100020395"},"geometry":{"type":"Polygon","coordinates":[[[-84.485392,39.184561],[-84.485448,39.184257],[-84.485549,39.184267],[-84.4855,39.184573],[-84.485392,39.184561]]]}},{"type":"Feature","properties":{"pid":"066100020396"},"geometry":{"type":"Polygon","coordinates":[[[-84.4855,39.184573],[-84.485549,39.184267],[-84.485655,39.184277],[-84.485595,39.184583],[-84.4855,39.184573]]]}},{"type":"Feature","properties":{"pid":"066100020398"},"geometry":{"type":"Polygon","coordinates":[[[-84.485701,39.184595],[-84.48576,39.184289],[-84.485864,39.184299],[-84.485805,39.184606],[-84.485701,39.184595]]]}},{"type":"Feature","properties":{"pid":"066100020399"},"geometry":{"type":"Polygon","coordinates":[[[-84.485805,39.184606],[-84.485864,39.184299],[-84.48597,39.18431],[-84.48591,39.184618],[-84.485805,39.184606]]]}},{"type":"Feature","properties":{"pid":"066100020400"},"geometry":{"type":"Polygon","coordinates":[[[-84.48591,39.184618],[-84.48597,39.18431],[-84.486075,39.184321],[-84.486015,39.184629],[-84.48591,39.184618]]]}},{"type":"Feature","properties":{"pid":"066100020401"},"geometry":{"type":"Polygon","coordinates":[[[-84.486015,39.184629],[-84.486075,39.184321],[-84.48618,39.184332],[-84.48612,39.184641],[-84.486015,39.184629]]]}},{"type":"Feature","properties":{"pid":"066100020402"},"geometry":{"type":"Polygon","coordinates":[[[-84.486225,39.184652],[-84.48612,39.184641],[-84.48618,39.184332],[-84.486307,39.184345],[-84.486225,39.184652]]]}},{"type":"Feature","properties":{"pid":"066100020403"},"geometry":{"type":"Polygon","coordinates":[[[-84.486245,39.184655],[-84.486307,39.184345],[-84.486528,39.184368],[-84.486384,39.18467],[-84.486245,39.184655]]]}},{"type":"Feature","properties":{"pid":"066100020441"},"geometry":{"type":"Polygon","coordinates":[[[-84.484906,39.184966],[-84.48497,39.184657],[-84.485069,39.184668],[-84.485003,39.184977],[-84.484906,39.184966]]]}},{"type":"Feature","properties":{"pid":"066100020442"},"geometry":{"type":"Polygon","coordinates":[[[-84.484796,39.184955],[-84.48486,39.184645],[-84.48497,39.184657],[-84.484906,39.184966],[-84.484796,39.184955]]]}},{"type":"Feature","properties":{"pid":"066100020443"},"geometry":{"type":"Polygon","coordinates":[[[-84.484696,39.184945],[-84.484761,39.184635],[-84.48486,39.184645],[-84.484796,39.184955],[-84.484696,39.184945]]]}},{"type":"Feature","properties":{"pid":"066100020444"},"geometry":{"type":"Polygon","coordinates":[[[-84.484595,39.184934],[-84.484658,39.184624],[-84.484761,39.184635],[-84.484696,39.184945],[-84.484595,39.184934]]]}},{"type":"Feature","properties":{"pid":"066100040111"},"geometry":{"type":"Polygon","coordinates":[[[-84.493414,39.184875],[-84.493878,39.185058],[-84.493829,39.185114],[-84.493365,39.184931],[-84.493414,39.184875]]]}},{"type":"Feature","properties":{"pid":"066100020445"},"geometry":{"type":"Polygon","coordinates":[[[-84.484482,39.184922],[-84.484544,39.184612],[-84.484658,39.184624],[-84.484595,39.184934],[-84.484482,39.184922]]]}},{"type":"Feature","properties":{"pid":"066100020446"},"geometry":{"type":"Polygon","coordinates":[[[-84.484377,39.184911],[-84.484439,39.1846],[-84.484544,39.184612],[-84.484482,39.184922],[-84.484377,39.184911]]]}},{"type":"Feature","properties":{"pid":"066100020447"},"geometry":{"type":"Polygon","coordinates":[[[-84.484377,39.184911],[-84.484275,39.184901],[-84.484339,39.18459],[-84.484439,39.1846],[-84.484377,39.184911]]]}},{"type":"Feature","properties":{"pid":"066100020449"},"geometry":{"type":"Polygon","coordinates":[[[-84.484065,39.184879],[-84.484128,39.184567],[-84.484233,39.184578],[-84.484171,39.18489],[-84.484065,39.184879]]]}},{"type":"Feature","properties":{"pid":"066100020450"},"geometry":{"type":"Polygon","coordinates":[[[-84.483953,39.184867],[-84.484014,39.184555],[-84.484128,39.184567],[-84.484065,39.184879],[-84.483953,39.184867]]]}},{"type":"Feature","properties":{"pid":"066100020451"},"geometry":{"type":"Polygon","coordinates":[[[-84.483892,39.185177],[-84.483953,39.184867],[-84.484065,39.184879],[-84.484004,39.185189],[-84.483892,39.185177]]]}},{"type":"Feature","properties":{"pid":"066100020452"},"geometry":{"type":"Polygon","coordinates":[[[-84.484004,39.185189],[-84.484065,39.184879],[-84.484171,39.18489],[-84.484109,39.1852],[-84.484004,39.185189]]]}},{"type":"Feature","properties":{"pid":"066100020453"},"geometry":{"type":"Polygon","coordinates":[[[-84.484251,39.185216],[-84.484109,39.1852],[-84.484171,39.18489],[-84.484315,39.184905],[-84.484251,39.185216]]]}},{"type":"Feature","properties":{"pid":"066100020454"},"geometry":{"type":"Polygon","coordinates":[[[-84.484419,39.185234],[-84.484251,39.185216],[-84.484315,39.184905],[-84.484482,39.184922],[-84.484419,39.185234]]]}},{"type":"Feature","properties":{"pid":"066100020455"},"geometry":{"type":"Polygon","coordinates":[[[-84.484419,39.185234],[-84.484482,39.184922],[-84.484595,39.184934],[-84.484531,39.185246],[-84.484419,39.185234]]]}},{"type":"Feature","properties":{"pid":"066100020457"},"geometry":{"type":"Polygon","coordinates":[[[-84.484631,39.185256],[-84.484696,39.184945],[-84.484796,39.184955],[-84.484732,39.185267],[-84.484631,39.185256]]]}},{"type":"Feature","properties":{"pid":"066100020458"},"geometry":{"type":"Polygon","coordinates":[[[-84.484732,39.185267],[-84.484796,39.184955],[-84.484906,39.184966],[-84.484842,39.185278],[-84.484732,39.185267]]]}},{"type":"Feature","properties":{"pid":"066100020482"},"geometry":{"type":"Polygon","coordinates":[[[-84.485685,39.185824],[-84.485744,39.185514],[-84.485849,39.185524],[-84.485789,39.185835],[-84.485685,39.185824]]]}},{"type":"Feature","properties":{"pid":"066100020484"},"geometry":{"type":"Polygon","coordinates":[[[-84.485548,39.185812],[-84.485449,39.185801],[-84.485516,39.185491],[-84.48564,39.185503],[-84.485548,39.185812]]]}},{"type":"Feature","properties":{"pid":"066100020485"},"geometry":{"type":"Polygon","coordinates":[[[-84.485449,39.185801],[-84.485342,39.185789],[-84.485409,39.18548],[-84.485516,39.185491],[-84.485449,39.185801]]]}},{"type":"Feature","properties":{"pid":"066100020487"},"geometry":{"type":"Polygon","coordinates":[[[-84.485137,39.185766],[-84.485202,39.185459],[-84.485306,39.185469],[-84.485244,39.185778],[-84.485137,39.185766]]]}},{"type":"Feature","properties":{"pid":"066100020488"},"geometry":{"type":"Polygon","coordinates":[[[-84.485021,39.185753],[-84.485083,39.185447],[-84.485202,39.185459],[-84.485137,39.185766],[-84.485021,39.185753]]]}},{"type":"Feature","properties":{"pid":"066100020500"},"geometry":{"type":"Polygon","coordinates":[[[-84.48579,39.185917],[-84.485366,39.18588],[-84.485383,39.185794],[-84.485827,39.185839],[-84.48579,39.185917]]]}},{"type":"Feature","properties":{"pid":"066100020501"},"geometry":{"type":"Polygon","coordinates":[[[-84.485753,39.185996],[-84.48535,39.185958],[-84.485366,39.18588],[-84.48579,39.185917],[-84.485753,39.185996]]]}},{"type":"Feature","properties":{"pid":"066100020502"},"geometry":{"type":"Polygon","coordinates":[[[-84.485715,39.186075],[-84.485334,39.186039],[-84.48535,39.185958],[-84.485753,39.185996],[-84.485715,39.186075]]]}},{"type":"Feature","properties":{"pid":"066100020503"},"geometry":{"type":"Polygon","coordinates":[[[-84.485672,39.186167],[-84.485315,39.186136],[-84.485334,39.186039],[-84.485715,39.186075],[-84.485672,39.186167]]]}},{"type":"Feature","properties":{"pid":"066100020504"},"geometry":{"type":"Polygon","coordinates":[[[-84.485628,39.186259],[-84.485298,39.186225],[-84.485315,39.186136],[-84.485672,39.186167],[-84.485628,39.186259]]]}},{"type":"Feature","properties":{"pid":"066100020505"},"geometry":{"type":"Polygon","coordinates":[[[-84.485278,39.186326],[-84.485298,39.186225],[-84.485628,39.186259],[-84.485562,39.186399],[-84.485278,39.186326]]]}},{"type":"Feature","properties":{"pid":"066100020507"},"geometry":{"type":"Polygon","coordinates":[[[-84.484938,39.18616],[-84.484954,39.18608],[-84.485318,39.18612],[-84.485302,39.186201],[-84.484938,39.18616]]]}},{"type":"Feature","properties":{"pid":"066100020508"},"geometry":{"type":"Polygon","coordinates":[[[-84.484954,39.18608],[-84.484971,39.185997],[-84.485334,39.186039],[-84.485318,39.18612],[-84.484954,39.18608]]]}},{"type":"Feature","properties":{"pid":"066100020509"},"geometry":{"type":"Polygon","coordinates":[[[-84.484971,39.185997],[-84.484987,39.185918],[-84.48535,39.185958],[-84.485334,39.186039],[-84.484971,39.185997]]]}},{"type":"Feature","properties":{"pid":"066100020510"},"geometry":{"type":"Polygon","coordinates":[[[-84.484987,39.185918],[-84.485003,39.18584],[-84.485366,39.18588],[-84.48535,39.185958],[-84.484987,39.185918]]]}},{"type":"Feature","properties":{"pid":"066100030008"},"geometry":{"type":"Polygon","coordinates":[[[-84.48745,39.18406],[-84.487598,39.182448],[-84.488295,39.182517],[-84.488158,39.184133],[-84.48745,39.18406]]]}},{"type":"Feature","properties":{"pid":"066100030010"},"geometry":{"type":"Polygon","coordinates":[[[-84.487243,39.184039],[-84.487277,39.183679],[-84.487383,39.183686],[-84.487348,39.184049],[-84.487243,39.184039]]]}},{"type":"Feature","properties":{"pid":"066100030017"},"geometry":{"type":"Polygon","coordinates":[[[-84.487095,39.183335],[-84.487103,39.183253],[-84.487523,39.183279],[-84.487516,39.183361],[-84.487095,39.183335]]]}},{"type":"Feature","properties":{"pid":"066100030022"},"geometry":{"type":"Polygon","coordinates":[[[-84.487133,39.182922],[-84.487141,39.18284],[-84.48756,39.182865],[-84.487553,39.182947],[-84.487133,39.182922]]]}},{"type":"Feature","properties":{"pid":"066100030031"},"geometry":{"type":"Polygon","coordinates":[[[-84.486555,39.182721],[-84.486563,39.182639],[-84.486981,39.182664],[-84.486973,39.182746],[-84.486555,39.182721]]]}},{"type":"Feature","properties":{"pid":"066100030032"},"geometry":{"type":"Polygon","coordinates":[[[-84.486547,39.182804],[-84.486555,39.182721],[-84.486973,39.182746],[-84.486966,39.182826],[-84.486547,39.182804]]]}},{"type":"Feature","properties":{"pid":"066100030033"},"geometry":{"type":"Polygon","coordinates":[[[-84.486539,39.182886],[-84.486547,39.182804],[-84.486966,39.182826],[-84.486958,39.182912],[-84.486539,39.182886]]]}},{"type":"Feature","properties":{"pid":"066100030034"},"geometry":{"type":"Polygon","coordinates":[[[-84.486536,39.182969],[-84.486539,39.182886],[-84.486958,39.182912],[-84.48695,39.182995],[-84.486536,39.182969]]]}},{"type":"Feature","properties":{"pid":"066100030035"},"geometry":{"type":"Polygon","coordinates":[[[-84.486527,39.183052],[-84.486531,39.182969],[-84.48695,39.182995],[-84.486943,39.183077],[-84.486527,39.183052]]]}},{"type":"Feature","properties":{"pid":"066100030037"},"geometry":{"type":"Polygon","coordinates":[[[-84.486511,39.183217],[-84.486516,39.183134],[-84.486935,39.18316],[-84.486928,39.183242],[-84.486511,39.183217]]]}},{"type":"Feature","properties":{"pid":"066100030039"},"geometry":{"type":"Polygon","coordinates":[[[-84.486495,39.183382],[-84.4865,39.183299],[-84.48692,39.183325],[-84.486912,39.183407],[-84.486495,39.183382]]]}},{"type":"Feature","properties":{"pid":"066100030040"},"geometry":{"type":"Polygon","coordinates":[[[-84.486486,39.183464],[-84.486492,39.183381],[-84.486912,39.183407],[-84.486905,39.18349],[-84.486486,39.183464]]]}},{"type":"Feature","properties":{"pid":"066100030041"},"geometry":{"type":"Polygon","coordinates":[[[-84.486478,39.183546],[-84.486484,39.183464],[-84.486905,39.18349],[-84.486897,39.183572],[-84.486478,39.183546]]]}},{"type":"Feature","properties":{"pid":"066100030043"},"geometry":{"type":"Polygon","coordinates":[[[-84.486883,39.183724],[-84.486566,39.183704],[-84.486574,39.183635],[-84.486889,39.183655],[-84.486883,39.183724]]]}},{"type":"Feature","properties":{"pid":"066100030044"},"geometry":{"type":"Polygon","coordinates":[[[-84.486877,39.183792],[-84.486559,39.183772],[-84.486566,39.183704],[-84.486883,39.183724],[-84.486877,39.183792]]]}},{"type":"Feature","properties":{"pid":"066100030045"},"geometry":{"type":"Polygon","coordinates":[[[-84.48687,39.183861],[-84.486552,39.183841],[-84.486559,39.183772],[-84.486877,39.183792],[-84.48687,39.183861]]]}},{"type":"Feature","properties":{"pid":"066100030046"},"geometry":{"type":"Polygon","coordinates":[[[-84.486863,39.18393],[-84.486545,39.18391],[-84.486552,39.183841],[-84.48687,39.183861],[-84.486863,39.18393]]]}},{"type":"Feature","properties":{"pid":"066100030047"},"geometry":{"type":"Polygon","coordinates":[[[-84.486856,39.183999],[-84.48654,39.183965],[-84.486545,39.18391],[-84.486863,39.18393],[-84.486856,39.183999]]]}},{"type":"Feature","properties":{"pid":"066100030048"},"geometry":{"type":"Polygon","coordinates":[[[-84.486438,39.183954],[-84.486469,39.183628],[-84.486574,39.183635],[-84.48654,39.183965],[-84.486438,39.183954]]]}},{"type":"Feature","properties":{"pid":"066100040001"},"geometry":{"type":"Polygon","coordinates":[[[-84.49423,39.187191],[-84.493538,39.186733],[-84.494326,39.185889],[-84.495069,39.186184],[-84.494769,39.186617],[-84.494608,39.186958],[-84.494424,39.187125],[-84.49423,39.187191]]]}},{"type":"Feature","properties":{"pid":"066100040017"},"geometry":{"type":"Polygon","coordinates":[[[-84.491537,39.185394],[-84.491595,39.185343],[-84.491756,39.185453],[-84.491698,39.185505],[-84.491537,39.185394]]]}},{"type":"Feature","properties":{"pid":"066100040019"},"geometry":{"type":"Polygon","coordinates":[[[-84.491985,39.185518],[-84.491654,39.185292],[-84.491723,39.185229],[-84.492054,39.185456],[-84.491985,39.185518]]]}},{"type":"Feature","properties":{"pid":"066100040020"},"geometry":{"type":"Polygon","coordinates":[[[-84.491723,39.185229],[-84.491794,39.185167],[-84.492123,39.185394],[-84.492054,39.185456],[-84.491723,39.185229]]]}},{"type":"Feature","properties":{"pid":"066100040021"},"geometry":{"type":"Polygon","coordinates":[[[-84.491458,39.18534],[-84.49171,39.185117],[-84.491789,39.185172],[-84.491537,39.185394],[-84.491458,39.18534]]]}},{"type":"Feature","properties":{"pid":"066100040022"},"geometry":{"type":"Polygon","coordinates":[[[-84.491378,39.185286],[-84.49167,39.185027],[-84.491749,39.185081],[-84.491458,39.18534],[-84.491378,39.185286]]]}},{"type":"Feature","properties":{"pid":"066100040024"},"geometry":{"type":"Polygon","coordinates":[[[-84.491219,39.185177],[-84.491436,39.184985],[-84.491515,39.185039],[-84.491299,39.185232],[-84.491219,39.185177]]]}},{"type":"Feature","properties":{"pid":"066100040025"},"geometry":{"type":"Polygon","coordinates":[[[-84.49114,39.185123],[-84.491326,39.184957],[-84.491406,39.185011],[-84.491219,39.185177],[-84.49114,39.185123]]]}},{"type":"Feature","properties":{"pid":"066100040027"},"geometry":{"type":"Polygon","coordinates":[[[-84.490981,39.185014],[-84.491167,39.184849],[-84.491247,39.184904],[-84.491061,39.185068],[-84.490981,39.185014]]]}},{"type":"Feature","properties":{"pid":"066100040028"},"geometry":{"type":"Polygon","coordinates":[[[-84.490882,39.184946],[-84.491057,39.184791],[-84.491157,39.184859],[-84.490981,39.185014],[-84.490882,39.184946]]]}},{"type":"Feature","properties":{"pid":"066100040029"},"geometry":{"type":"Polygon","coordinates":[[[-84.490782,39.184878],[-84.490958,39.184723],[-84.491057,39.184791],[-84.490882,39.184946],[-84.490782,39.184878]]]}},{"type":"Feature","properties":{"pid":"066100040030"},"geometry":{"type":"Polygon","coordinates":[[[-84.49065,39.184787],[-84.490825,39.184632],[-84.490958,39.184723],[-84.490782,39.184878],[-84.49065,39.184787]]]}},{"type":"Feature","properties":{"pid":"066100040031"},"geometry":{"type":"Polygon","coordinates":[[[-84.491057,39.184791],[-84.490825,39.184632],[-84.490875,39.184589],[-84.491127,39.184761],[-84.491057,39.184791]]]}},{"type":"Feature","properties":{"pid":"066100040032"},"geometry":{"type":"Polygon","coordinates":[[[-84.490875,39.184589],[-84.490935,39.184535],[-84.491242,39.184658],[-84.491127,39.184761],[-84.490875,39.184589]]]}},{"type":"Feature","properties":{"pid":"066100040033"},"geometry":{"type":"Polygon","coordinates":[[[-84.491077,39.184805],[-84.491242,39.184658],[-84.491339,39.184697],[-84.491157,39.184859],[-84.491077,39.184805]]]}},{"type":"Feature","properties":{"pid":"066100040034"},"geometry":{"type":"Polygon","coordinates":[[[-84.491167,39.184849],[-84.491339,39.184697],[-84.491437,39.184736],[-84.491247,39.184904],[-84.491167,39.184849]]]}},{"type":"Feature","properties":{"pid":"066100040035"},"geometry":{"type":"Polygon","coordinates":[[[-84.491247,39.184904],[-84.491437,39.184736],[-84.491533,39.184775],[-84.491326,39.184957],[-84.491247,39.184904]]]}},{"type":"Feature","properties":{"pid":"066100040036"},"geometry":{"type":"Polygon","coordinates":[[[-84.491326,39.184957],[-84.491533,39.184775],[-84.49163,39.184813],[-84.491406,39.185011],[-84.491326,39.184957]]]}},{"type":"Feature","properties":{"pid":"066100040037"},"geometry":{"type":"Polygon","coordinates":[[[-84.491512,39.184919],[-84.49163,39.184813],[-84.491726,39.184852],[-84.49159,39.184973],[-84.491512,39.184919]]]}},{"type":"Feature","properties":{"pid":"066100040039"},"geometry":{"type":"Polygon","coordinates":[[[-84.49167,39.185027],[-84.491823,39.184891],[-84.49192,39.18493],[-84.491749,39.185081],[-84.49167,39.185027]]]}},{"type":"Feature","properties":{"pid":"066100040040"},"geometry":{"type":"Polygon","coordinates":[[[-84.49171,39.185117],[-84.49192,39.18493],[-84.492017,39.184969],[-84.491789,39.185172],[-84.49171,39.185117]]]}},{"type":"Feature","properties":{"pid":"066100040041"},"geometry":{"type":"Polygon","coordinates":[[[-84.491794,39.185167],[-84.491863,39.185105],[-84.492194,39.185332],[-84.492123,39.185394],[-84.491794,39.185167]]]}},{"type":"Feature","properties":{"pid":"066100040042"},"geometry":{"type":"Polygon","coordinates":[[[-84.491863,39.185105],[-84.491934,39.185043],[-84.492263,39.18527],[-84.492194,39.185332],[-84.491863,39.185105]]]}},{"type":"Feature","properties":{"pid":"066100040043"},"geometry":{"type":"Polygon","coordinates":[[[-84.491934,39.185043],[-84.492003,39.184981],[-84.492332,39.185208],[-84.492263,39.18527],[-84.491934,39.185043]]]}},{"type":"Feature","properties":{"pid":"066100040044"},"geometry":{"type":"Polygon","coordinates":[[[-84.492332,39.185208],[-84.492017,39.184969],[-84.492418,39.185131],[-84.492332,39.185208]]]}},{"type":"Feature","properties":{"pid":"066100040084"},"geometry":{"type":"Polygon","coordinates":[[[-84.491798,39.184757],[-84.492048,39.184474],[-84.492126,39.184505],[-84.491875,39.184788],[-84.491798,39.184757]]]}},{"type":"Feature","properties":{"pid":"066100040086"},"geometry":{"type":"Polygon","coordinates":[[[-84.491748,39.184737],[-84.49161,39.184682],[-84.491861,39.184399],[-84.491999,39.184454],[-84.491748,39.184737]]]}},{"type":"Feature","properties":{"pid":"066100040087"},"geometry":{"type":"Polygon","coordinates":[[[-84.491516,39.184644],[-84.491766,39.184361],[-84.491861,39.184399],[-84.49161,39.184682],[-84.491516,39.184644]]]}},{"type":"Feature","properties":{"pid":"066100040088"},"geometry":{"type":"Polygon","coordinates":[[[-84.491422,39.184606],[-84.491673,39.184324],[-84.491766,39.184361],[-84.491516,39.184644],[-84.491422,39.184606]]]}},{"type":"Feature","properties":{"pid":"066100040089"},"geometry":{"type":"Polygon","coordinates":[[[-84.491031,39.18445],[-84.491082,39.184394],[-84.491472,39.18455],[-84.491422,39.184606],[-84.491031,39.18445]]]}},{"type":"Feature","properties":{"pid":"066100040092"},"geometry":{"type":"Polygon","coordinates":[[[-84.491182,39.18428],[-84.491231,39.184223],[-84.491622,39.184379],[-84.491573,39.184437],[-84.491182,39.18428]]]}},{"type":"Feature","properties":{"pid":"066100040097"},"geometry":{"type":"Polygon","coordinates":[[[-84.492204,39.184537],[-84.491999,39.184454],[-84.491789,39.18437],[-84.491839,39.184313],[-84.492255,39.18448],[-84.492204,39.184537]]]}},{"type":"Feature","properties":{"pid":"066100040098"},"geometry":{"type":"Polygon","coordinates":[[[-84.491839,39.184313],[-84.491888,39.184256],[-84.492305,39.184424],[-84.492255,39.18448],[-84.491839,39.184313]]]}},{"type":"Feature","properties":{"pid":"066100040121"},"geometry":{"type":"Polygon","coordinates":[[[-84.492259,39.183858],[-84.492326,39.183778],[-84.49272,39.183964],[-84.492641,39.184052],[-84.492259,39.183858]]]}},{"type":"Feature","properties":{"pid":"066100040122"},"geometry":{"type":"Polygon","coordinates":[[[-84.491907,39.184234],[-84.491436,39.184003],[-84.491929,39.183436],[-84.49239,39.183644],[-84.492288,39.18376],[-84.492326,39.183778],[-84.491907,39.184234]]]}},{"type":"Feature","properties":{"pid":"066100040125"},"geometry":{"type":"Polygon","coordinates":[[[-84.491929,39.183436],[-84.49198,39.183378],[-84.492435,39.183591],[-84.49239,39.183644],[-84.491929,39.183436]]]}},{"type":"Feature","properties":{"pid":"066100040126"},"geometry":{"type":"Polygon","coordinates":[[[-84.49198,39.183378],[-84.492085,39.183259],[-84.492537,39.183472],[-84.492435,39.183591],[-84.49198,39.183378]]]}},{"type":"Feature","properties":{"pid":"066100040135"},"geometry":{"type":"Polygon","coordinates":[[[-84.49215,39.183988],[-84.492203,39.183925],[-84.492584,39.184116],[-84.492529,39.184177],[-84.49215,39.183988]]]}},{"type":"Feature","properties":{"pid":"066100040137"},"geometry":{"type":"Polygon","coordinates":[[[-84.492203,39.183925],[-84.492259,39.183858],[-84.492641,39.184052],[-84.492584,39.184116],[-84.492203,39.183925]]]}},{"type":"Feature","properties":{"pid":"066100040148"},"geometry":{"type":"Polygon","coordinates":[[[-84.492104,39.184043],[-84.49215,39.183988],[-84.492529,39.184177],[-84.492474,39.18424],[-84.492104,39.184043]]]}},{"type":"Feature","properties":{"pid":"066100040149"},"geometry":{"type":"Polygon","coordinates":[[[-84.491934,39.184246],[-84.492104,39.184043],[-84.492474,39.18424],[-84.49236,39.184367],[-84.491934,39.184246]]]}},{"type":"Feature","properties":{"pid":"066100040156"},"geometry":{"type":"Polygon","coordinates":[[[-84.491698,39.185505],[-84.491815,39.185402],[-84.491985,39.185518],[-84.491868,39.185621],[-84.491698,39.185505]]]}},{"type":"Feature","properties":{"pid":"011600010006"},"geometry":{"type":"Polygon","coordinates":[[[-84.477044,39.184558],[-84.477058,39.184402],[-84.47762,39.184462],[-84.477607,39.184617],[-84.477044,39.184558]]]}},{"type":"Feature","properties":{"pid":"011600010008"},"geometry":{"type":"Polygon","coordinates":[[[-84.481955,39.185587],[-84.481607,39.185549],[-84.481657,39.185279],[-84.48188,39.185303],[-84.481999,39.185371],[-84.481955,39.185587]]]}},{"type":"Feature","properties":{"pid":"011600010009"},"geometry":{"type":"Polygon","coordinates":[[[-84.48188,39.185303],[-84.481397,39.185252],[-84.481416,39.185143],[-84.481889,39.185193],[-84.481924,39.185242],[-84.48188,39.185303]]]}},{"type":"Feature","properties":{"pid":"011600010013"},"geometry":{"type":"Polygon","coordinates":[[[-84.479717,39.184683],[-84.479785,39.1843],[-84.479895,39.184311],[-84.479826,39.184695],[-84.479717,39.184683]]]}},{"type":"Feature","properties":{"pid":"011600010017"},"geometry":{"type":"Polygon","coordinates":[[[-84.476994,39.185521],[-84.477006,39.185345],[-84.477555,39.185406],[-84.47754,39.185581],[-84.476994,39.185521]]]}},{"type":"Feature","properties":{"pid":"011600010030"},"geometry":{"type":"Polygon","coordinates":[[[-84.480086,39.185648],[-84.480131,39.185391],[-84.480337,39.185414],[-84.480311,39.185672],[-84.480086,39.185648]]]}},{"type":"Feature","properties":{"pid":"011600010031"},"geometry":{"type":"Polygon","coordinates":[[[-84.479871,39.185625],[-84.479916,39.185368],[-84.480131,39.185391],[-84.480086,39.185648],[-84.479871,39.185625]]]}},{"type":"Feature","properties":{"pid":"011600010032"},"geometry":{"type":"Polygon","coordinates":[[[-84.479659,39.185602],[-84.479704,39.185346],[-84.479913,39.185368],[-84.479867,39.185625],[-84.479659,39.185602]]]}},{"type":"Feature","properties":{"pid":"011600010033"},"geometry":{"type":"Polygon","coordinates":[[[-84.479449,39.18558],[-84.479493,39.185323],[-84.479693,39.185345],[-84.479649,39.185601],[-84.479449,39.18558]]]}},{"type":"Feature","properties":{"pid":"011600010034"},"geometry":{"type":"Polygon","coordinates":[[[-84.479229,39.185557],[-84.479274,39.1853],[-84.479475,39.185321],[-84.479431,39.185578],[-84.479229,39.185557]]]}},{"type":"Feature","properties":{"pid":"011600010035"},"geometry":{"type":"Polygon","coordinates":[[[-84.478995,39.185531],[-84.479038,39.185275],[-84.479257,39.185298],[-84.479213,39.185555],[-84.478995,39.185531]]]}},{"type":"Feature","properties":{"pid":"011600010036"},"geometry":{"type":"Polygon","coordinates":[[[-84.478779,39.185508],[-84.478823,39.185252],[-84.479004,39.185271],[-84.47896,39.185527],[-84.478779,39.185508]]]}},{"type":"Feature","properties":{"pid":"011600010038"},"geometry":{"type":"Polygon","coordinates":[[[-84.478341,39.185461],[-84.478382,39.185205],[-84.478601,39.185228],[-84.478558,39.185484],[-84.478341,39.185461]]]}},{"type":"Feature","properties":{"pid":"011600010039"},"geometry":{"type":"Polygon","coordinates":[[[-84.478216,39.185447],[-84.478113,39.185376],[-84.47814,39.185179],[-84.478382,39.185205],[-84.478341,39.185461],[-84.478216,39.185447]]]}},{"type":"Feature","properties":{"pid":"011600010041"},"geometry":{"type":"Polygon","coordinates":[[[-84.478597,39.185228],[-84.478382,39.185205],[-84.478424,39.184948],[-84.47864,39.184971],[-84.478597,39.185228]]]}},{"type":"Feature","properties":{"pid":"011600010042"},"geometry":{"type":"Polygon","coordinates":[[[-84.478601,39.185228],[-84.47864,39.184971],[-84.478855,39.184995],[-84.478813,39.185251],[-84.478601,39.185228]]]}},{"type":"Feature","properties":{"pid":"011600010043"},"geometry":{"type":"Polygon","coordinates":[[[-84.479004,39.185271],[-84.478813,39.185251],[-84.478855,39.184995],[-84.479071,39.185018],[-84.479004,39.185271]]]}},{"type":"Feature","properties":{"pid":"011600010044"},"geometry":{"type":"Polygon","coordinates":[[[-84.479038,39.185275],[-84.479071,39.185018],[-84.479286,39.18504],[-84.479243,39.185297],[-84.479038,39.185275]]]}},{"type":"Feature","properties":{"pid":"011600010045"},"geometry":{"type":"Polygon","coordinates":[[[-84.479274,39.1853],[-84.479286,39.18504],[-84.479502,39.185064],[-84.479458,39.18532],[-84.479274,39.1853]]]}},{"type":"Feature","properties":{"pid":"011600010046"},"geometry":{"type":"Polygon","coordinates":[[[-84.479672,39.185343],[-84.479458,39.18532],[-84.479502,39.185064],[-84.479717,39.185087],[-84.479672,39.185343]]]}},{"type":"Feature","properties":{"pid":"011600010047"},"geometry":{"type":"Polygon","coordinates":[[[-84.479704,39.185346],[-84.479717,39.185087],[-84.479933,39.185109],[-84.479887,39.185366],[-84.479704,39.185346]]]}},{"type":"Feature","properties":{"pid":"011600010048"},"geometry":{"type":"Polygon","coordinates":[[[-84.479916,39.185368],[-84.479933,39.185109],[-84.480148,39.185133],[-84.480103,39.185389],[-84.479916,39.185368]]]}},{"type":"Feature","properties":{"pid":"011600010049"},"geometry":{"type":"Polygon","coordinates":[[[-84.480131,39.185391],[-84.480148,39.185133],[-84.480362,39.185156],[-84.480337,39.185414],[-84.480131,39.185391]]]}},{"type":"Feature","properties":{"pid":"011600010050"},"geometry":{"type":"Polygon","coordinates":[[[-84.480219,39.185003],[-84.480265,39.184741],[-84.480441,39.18476],[-84.480395,39.185021],[-84.480219,39.185003]]]}},{"type":"Feature","properties":{"pid":"011600010051"},"geometry":{"type":"Polygon","coordinates":[[[-84.480011,39.18498],[-84.480056,39.184719],[-84.480178,39.184732],[-84.480132,39.184993],[-84.480011,39.18498]]]}},{"type":"Feature","properties":{"pid":"011600010054"},"geometry":{"type":"Polygon","coordinates":[[[-84.479426,39.184918],[-84.479471,39.184657],[-84.479637,39.184675],[-84.479592,39.184936],[-84.479426,39.184918]]]}},{"type":"Feature","properties":{"pid":"011600010056"},"geometry":{"type":"Polygon","coordinates":[[[-84.478966,39.184868],[-84.47901,39.184608],[-84.47922,39.184631],[-84.479175,39.184891],[-84.478966,39.184868]]]}},{"type":"Feature","properties":{"pid":"011600010057"},"geometry":{"type":"Polygon","coordinates":[[[-84.478757,39.184846],[-84.478801,39.184586],[-84.47901,39.184608],[-84.478966,39.184868],[-84.478757,39.184846]]]}},{"type":"Feature","properties":{"pid":"011600010059"},"geometry":{"type":"Polygon","coordinates":[[[-84.478338,39.184802],[-84.478381,39.184542],[-84.478591,39.184564],[-84.478548,39.184824],[-84.478338,39.184802]]]}},{"type":"Feature","properties":{"pid":"011600010063"},"geometry":{"type":"Polygon","coordinates":[[[-84.477574,39.185105],[-84.477584,39.184942],[-84.477992,39.184985],[-84.477967,39.185148],[-84.477574,39.185105]]]}},{"type":"Feature","properties":{"pid":"011600010064"},"geometry":{"type":"Polygon","coordinates":[[[-84.477026,39.184829],[-84.477033,39.184694],[-84.477596,39.184753],[-84.477587,39.184889],[-84.477026,39.184829]]]}},{"type":"Feature","properties":{"pid":"011600010065"},"geometry":{"type":"Polygon","coordinates":[[[-84.477019,39.18502],[-84.477026,39.184829],[-84.477587,39.184889],[-84.477575,39.185079],[-84.477019,39.18502]]]}},{"type":"Feature","properties":{"pid":"011600010066"},"geometry":{"type":"Polygon","coordinates":[[[-84.476978,39.185206],[-84.476983,39.185016],[-84.477575,39.185079],[-84.477564,39.185268],[-84.476978,39.185206]]]}},{"type":"Feature","properties":{"pid":"011600010067"},"geometry":{"type":"Polygon","coordinates":[[[-84.478032,39.184505],[-84.478102,39.18412],[-84.47824,39.184135],[-84.478173,39.18452],[-84.478032,39.184505]]]}},{"type":"Feature","properties":{"pid":"011600010068"},"geometry":{"type":"Polygon","coordinates":[[[-84.478558,39.185484],[-84.478601,39.185228],[-84.478813,39.185251],[-84.47877,39.185507],[-84.478558,39.185484]]]}},{"type":"Feature","properties":{"pid":"011600010078"},"geometry":{"type":"Polygon","coordinates":[[[-84.477729,39.184473],[-84.477495,39.184448],[-84.477536,39.184059],[-84.477799,39.184087],[-84.477729,39.184473]]]}},{"type":"Feature","properties":{"pid":"011600010083"},"geometry":{"type":"Polygon","coordinates":[[[-84.478707,39.184576],[-84.478436,39.184548],[-84.478505,39.184163],[-84.478771,39.184191],[-84.478707,39.184576]]]}},{"type":"Feature","properties":{"pid":"066100010298"},"geometry":{"type":"Polygon","coordinates":[[[-84.492223,39.186961],[-84.492275,39.186905],[-84.492606,39.187131],[-84.492554,39.187187],[-84.492223,39.186961]]]}},{"type":"Feature","properties":{"pid":"066100010299"},"geometry":{"type":"Polygon","coordinates":[[[-84.492275,39.186905],[-84.492327,39.186849],[-84.492658,39.187076],[-84.492606,39.187131],[-84.492275,39.186905]]]}},{"type":"Feature","properties":{"pid":"066100010300"},"geometry":{"type":"Polygon","coordinates":[[[-84.492327,39.186849],[-84.492389,39.186783],[-84.492721,39.187009],[-84.492658,39.187076],[-84.492327,39.186849]]]}},{"type":"Feature","properties":{"pid":"066100010302"},"geometry":{"type":"Polygon","coordinates":[[[-84.492452,39.186716],[-84.492515,39.186649],[-84.492846,39.186875],[-84.492783,39.186942],[-84.492452,39.186716]]]}},{"type":"Feature","properties":{"pid":"066100010303"},"geometry":{"type":"Polygon","coordinates":[[[-84.492515,39.186649],[-84.492577,39.186582],[-84.492908,39.186809],[-84.492846,39.186875],[-84.492515,39.186649]]]}},{"type":"Feature","properties":{"pid":"066100010304"},"geometry":{"type":"Polygon","coordinates":[[[-84.492577,39.186582],[-84.49264,39.186515],[-84.492971,39.186742],[-84.492908,39.186809],[-84.492577,39.186582]]]}},{"type":"Feature","properties":{"pid":"066100010305"},"geometry":{"type":"Polygon","coordinates":[[[-84.49264,39.186515],[-84.492692,39.18646],[-84.493023,39.186686],[-84.492971,39.186742],[-84.49264,39.186515]]]}},{"type":"Feature","properties":{"pid":"066100010306"},"geometry":{"type":"Polygon","coordinates":[[[-84.492692,39.18646],[-84.492744,39.186404],[-84.493075,39.18663],[-84.493023,39.186686],[-84.492692,39.18646]]]}},{"type":"Feature","properties":{"pid":"066100010307"},"geometry":{"type":"Polygon","coordinates":[[[-84.49215,39.186911],[-84.49244,39.186653],[-84.492483,39.186682],[-84.492223,39.186961],[-84.49215,39.186911]]]}},{"type":"Feature","properties":{"pid":"066100010308"},"geometry":{"type":"Polygon","coordinates":[[[-84.49215,39.186911],[-84.491991,39.186803],[-84.492281,39.186544],[-84.49244,39.186653],[-84.49215,39.186911]]]}},{"type":"Feature","properties":{"pid":"066100010309"},"geometry":{"type":"Polygon","coordinates":[[[-84.491911,39.186748],[-84.492202,39.18649],[-84.492281,39.186544],[-84.491991,39.186803],[-84.491911,39.186748]]]}},{"type":"Feature","properties":{"pid":"066100010311"},"geometry":{"type":"Polygon","coordinates":[[[-84.491752,39.18664],[-84.492043,39.186381],[-84.492122,39.186436],[-84.491832,39.186694],[-84.491752,39.18664]]]}},{"type":"Feature","properties":{"pid":"066100010313"},"geometry":{"type":"Polygon","coordinates":[[[-84.491593,39.186531],[-84.491884,39.186273],[-84.491964,39.186327],[-84.491673,39.186585],[-84.491593,39.186531]]]}},{"type":"Feature","properties":{"pid":"066100010315"},"geometry":{"type":"Polygon","coordinates":[[[-84.491434,39.186422],[-84.491725,39.186164],[-84.491805,39.186218],[-84.491514,39.186477],[-84.491434,39.186422]]]}},{"type":"Feature","properties":{"pid":"066100010316"},"geometry":{"type":"Polygon","coordinates":[[[-84.491368,39.186377],[-84.491659,39.186119],[-84.491725,39.186164],[-84.491434,39.186422],[-84.491368,39.186377]]]}},{"type":"Feature","properties":{"pid":"066100010317"},"geometry":{"type":"Polygon","coordinates":[[[-84.491302,39.186332],[-84.491593,39.186074],[-84.491659,39.186119],[-84.491368,39.186377],[-84.491302,39.186332]]]}},{"type":"Feature","properties":{"pid":"066100010318"},"geometry":{"type":"Polygon","coordinates":[[[-84.492483,39.186682],[-84.492361,39.186599],[-84.492651,39.186341],[-84.492744,39.186404],[-84.492483,39.186682]]]}},{"type":"Feature","properties":{"pid":"066100010321"},"geometry":{"type":"Polygon","coordinates":[[[-84.492122,39.186436],[-84.492413,39.186178],[-84.492492,39.186232],[-84.492202,39.18649],[-84.492122,39.186436]]]}},{"type":"Feature","properties":{"pid":"066100010323"},"geometry":{"type":"Polygon","coordinates":[[[-84.491964,39.186327],[-84.492254,39.186069],[-84.492333,39.186123],[-84.492043,39.186381],[-84.491964,39.186327]]]}},{"type":"Feature","properties":{"pid":"066100010324"},"geometry":{"type":"Polygon","coordinates":[[[-84.491884,39.186273],[-84.492175,39.186015],[-84.492254,39.186069],[-84.491964,39.186327],[-84.491884,39.186273]]]}},{"type":"Feature","properties":{"pid":"066100010325"},"geometry":{"type":"Polygon","coordinates":[[[-84.491805,39.186218],[-84.492095,39.18596],[-84.492175,39.186015],[-84.491884,39.186273],[-84.491805,39.186218]]]}},{"type":"Feature","properties":{"pid":"066100010327"},"geometry":{"type":"Polygon","coordinates":[[[-84.491659,39.186119],[-84.491946,39.185862],[-84.492016,39.185906],[-84.491725,39.186164],[-84.491659,39.186119]]]}},{"type":"Feature","properties":{"pid":"066100010329"},"geometry":{"type":"Polygon","coordinates":[[[-84.491362,39.185549],[-84.491421,39.185498],[-84.491752,39.185725],[-84.491693,39.185776],[-84.491362,39.185549]]]}},{"type":"Feature","properties":{"pid":"066100010332"},"geometry":{"type":"Polygon","coordinates":[[[-84.491234,39.185663],[-84.491304,39.185602],[-84.491634,39.185828],[-84.491565,39.18589],[-84.491234,39.185663]]]}},{"type":"Feature","properties":{"pid":"066100010333"},"geometry":{"type":"Polygon","coordinates":[[[-84.491165,39.185725],[-84.491234,39.185663],[-84.491565,39.18589],[-84.491495,39.185952],[-84.491165,39.185725]]]}},{"type":"Feature","properties":{"pid":"066100010335"},"geometry":{"type":"Polygon","coordinates":[[[-84.491025,39.18585],[-84.491095,39.185787],[-84.491425,39.186014],[-84.491355,39.186076],[-84.491025,39.18585]]]}},{"type":"Feature","properties":{"pid":"066100010336"},"geometry":{"type":"Polygon","coordinates":[[[-84.490954,39.185912],[-84.491024,39.18585],[-84.491355,39.186076],[-84.491286,39.186138],[-84.490954,39.185912]]]}},{"type":"Feature","properties":{"pid":"066100010337"},"geometry":{"type":"Polygon","coordinates":[[[-84.491227,39.18619],[-84.490896,39.185963],[-84.490954,39.185912],[-84.491286,39.186138],[-84.491227,39.18619]]]}},{"type":"Feature","properties":{"pid":"066100010340"},"geometry":{"type":"Polygon","coordinates":[[[-84.490712,39.186284],[-84.490764,39.186239],[-84.490994,39.186396],[-84.490943,39.186442],[-84.490712,39.186284]]]}},{"type":"Feature","properties":{"pid":"066100010342"},"geometry":{"type":"Polygon","coordinates":[[[-84.490796,39.186572],[-84.490465,39.186346],[-84.490535,39.186284],[-84.490866,39.18651],[-84.490796,39.186572]]]}},{"type":"Feature","properties":{"pid":"066100010343"},"geometry":{"type":"Polygon","coordinates":[[[-84.490466,39.186511],[-84.490571,39.186418],[-84.490796,39.186572],[-84.490692,39.186665],[-84.490466,39.186511]]]}},{"type":"Feature","properties":{"pid":"066100010345"},"geometry":{"type":"Polygon","coordinates":[[[-84.490197,39.186584],[-84.490255,39.186532],[-84.490587,39.186758],[-84.490529,39.18681],[-84.490197,39.186584]]]}},{"type":"Feature","properties":{"pid":"066100010347"},"geometry":{"type":"Polygon","coordinates":[[[-84.490059,39.186581],[-84.49035,39.186323],[-84.49043,39.186377],[-84.490138,39.186635],[-84.490059,39.186581]]]}},{"type":"Feature","properties":{"pid":"066100010348"},"geometry":{"type":"Polygon","coordinates":[[[-84.489979,39.186527],[-84.490271,39.186268],[-84.49035,39.186323],[-84.490059,39.186581],[-84.489979,39.186527]]]}},{"type":"Feature","properties":{"pid":"066100010349"},"geometry":{"type":"Polygon","coordinates":[[[-84.489899,39.186473],[-84.490191,39.186214],[-84.490271,39.186268],[-84.489979,39.186527],[-84.489899,39.186473]]]}},{"type":"Feature","properties":{"pid":"066100010350"},"geometry":{"type":"Polygon","coordinates":[[[-84.48982,39.186418],[-84.490111,39.18616],[-84.490191,39.186214],[-84.489899,39.186473],[-84.48982,39.186418]]]}},{"type":"Feature","properties":{"pid":"066100010351"},"geometry":{"type":"Polygon","coordinates":[[[-84.48974,39.186364],[-84.490032,39.186105],[-84.490111,39.18616],[-84.48982,39.186418],[-84.48974,39.186364]]]}},{"type":"Feature","properties":{"pid":"066100010352"},"geometry":{"type":"Polygon","coordinates":[[[-84.489661,39.18631],[-84.489942,39.186044],[-84.490032,39.186105],[-84.48974,39.186364],[-84.489661,39.18631]]]}},{"type":"Feature","properties":{"pid":"066100010353"},"geometry":{"type":"Polygon","coordinates":[[[-84.489581,39.186255],[-84.489873,39.185997],[-84.489942,39.186044],[-84.48965,39.186302],[-84.489581,39.186255]]]}},{"type":"Feature","properties":{"pid":"066100010354"},"geometry":{"type":"Polygon","coordinates":[[[-84.49035,39.186323],[-84.490642,39.186064],[-84.490721,39.186118],[-84.49043,39.186377],[-84.49035,39.186323]]]}},{"type":"Feature","properties":{"pid":"066100010356"},"geometry":{"type":"Polygon","coordinates":[[[-84.490191,39.186214],[-84.490483,39.185955],[-84.490562,39.18601],[-84.490271,39.186268],[-84.490191,39.186214]]]}},{"type":"Feature","properties":{"pid":"066100010358"},"geometry":{"type":"Polygon","coordinates":[[[-84.490032,39.186105],[-84.490324,39.185847],[-84.490403,39.185901],[-84.490111,39.18616],[-84.490032,39.186105]]]}},{"type":"Feature","properties":{"pid":"066100010360"},"geometry":{"type":"Polygon","coordinates":[[[-84.489942,39.186044],[-84.489873,39.185997],[-84.490164,39.185738],[-84.490244,39.185792],[-84.489942,39.186044]]]}},{"type":"Feature","properties":{"pid":"066100010362"},"geometry":{"type":"Polygon","coordinates":[[[-84.489639,39.186204],[-84.489314,39.185972],[-84.489366,39.185926],[-84.489698,39.186152],[-84.489639,39.186204]]]}},{"type":"Feature","properties":{"pid":"066100010363"},"geometry":{"type":"Polygon","coordinates":[[[-84.489366,39.185926],[-84.489421,39.185877],[-84.489752,39.186103],[-84.489698,39.186152],[-84.489366,39.185926]]]}},{"type":"Feature","properties":{"pid":"066100010364"},"geometry":{"type":"Polygon","coordinates":[[[-84.489421,39.185877],[-84.489483,39.185822],[-84.489814,39.186049],[-84.489752,39.186103],[-84.489421,39.185877]]]}},{"type":"Feature","properties":{"pid":"066100010367"},"geometry":{"type":"Polygon","coordinates":[[[-84.4896,39.185719],[-84.489658,39.185667],[-84.489989,39.185893],[-84.489931,39.185945],[-84.4896,39.185719]]]}},{"type":"Feature","properties":{"pid":"066100010369"},"geometry":{"type":"Polygon","coordinates":[[[-84.489716,39.185615],[-84.489775,39.185564],[-84.490106,39.18579],[-84.490048,39.185842],[-84.489716,39.185615]]]}},{"type":"Feature","properties":{"pid":"066100010370"},"geometry":{"type":"Polygon","coordinates":[[[-84.489775,39.185564],[-84.489833,39.185512],[-84.490164,39.185738],[-84.490106,39.18579],[-84.489775,39.185564]]]}},{"type":"Feature","properties":{"pid":"066100010371"},"geometry":{"type":"Polygon","coordinates":[[[-84.490281,39.185635],[-84.490573,39.185376],[-84.490652,39.18543],[-84.490361,39.185689],[-84.490281,39.185635]]]}},{"type":"Feature","properties":{"pid":"066100010372"},"geometry":{"type":"Polygon","coordinates":[[[-84.490361,39.185689],[-84.490652,39.18543],[-84.490732,39.185485],[-84.49044,39.185743],[-84.490361,39.185689]]]}},{"type":"Feature","properties":{"pid":"066100010374"},"geometry":{"type":"Polygon","coordinates":[[[-84.490494,39.18578],[-84.490785,39.185521],[-84.490838,39.185557],[-84.490546,39.185815],[-84.490494,39.18578]]]}},{"type":"Feature","properties":{"pid":"066100010375"},"geometry":{"type":"Polygon","coordinates":[[[-84.490546,39.185815],[-84.490838,39.185557],[-84.490891,39.185594],[-84.490599,39.185852],[-84.490546,39.185815]]]}},{"type":"Feature","properties":{"pid":"066100010377"},"geometry":{"type":"Polygon","coordinates":[[[-84.490679,39.185906],[-84.490971,39.185648],[-84.49105,39.185702],[-84.490758,39.185961],[-84.490679,39.185906]]]}},{"type":"Feature","properties":{"pid":"066100010378"},"geometry":{"type":"Polygon","coordinates":[[[-84.490758,39.185961],[-84.49105,39.185702],[-84.491129,39.185756],[-84.490838,39.186015],[-84.490758,39.185961]]]}},{"type":"Feature","properties":{"pid":"066100010379"},"geometry":{"type":"Polygon","coordinates":[[[-84.49105,39.185702],[-84.491341,39.185443],[-84.491421,39.185498],[-84.491129,39.185756],[-84.49105,39.185702]]]}},{"type":"Feature","properties":{"pid":"066100010380"},"geometry":{"type":"Polygon","coordinates":[[[-84.490971,39.185648],[-84.491262,39.18539],[-84.491341,39.185443],[-84.49105,39.185702],[-84.490971,39.185648]]]}},{"type":"Feature","properties":{"pid":"066100010381"},"geometry":{"type":"Polygon","coordinates":[[[-84.490891,39.185594],[-84.491183,39.185335],[-84.491262,39.18539],[-84.490971,39.185648],[-84.490891,39.185594]]]}},{"type":"Feature","properties":{"pid":"066100010383"},"geometry":{"type":"Polygon","coordinates":[[[-84.490811,39.185539],[-84.490732,39.185485],[-84.491024,39.185227],[-84.491103,39.185281],[-84.490811,39.185539]]]}},{"type":"Feature","properties":{"pid":"066100010385"},"geometry":{"type":"Polygon","coordinates":[[[-84.490573,39.185376],[-84.490865,39.185118],[-84.490944,39.185172],[-84.490652,39.18543],[-84.490573,39.185376]]]}},{"type":"Feature","properties":{"pid":"066100010386"},"geometry":{"type":"Polygon","coordinates":[[[-84.48995,39.185408],[-84.490008,39.185357],[-84.49034,39.185583],[-84.490281,39.185635],[-84.48995,39.185408]]]}},{"type":"Feature","properties":{"pid":"066100010388"},"geometry":{"type":"Polygon","coordinates":[[[-84.490067,39.185305],[-84.490125,39.185253],[-84.490456,39.185479],[-84.490398,39.185531],[-84.490067,39.185305]]]}},{"type":"Feature","properties":{"pid":"066100010389"},"geometry":{"type":"Polygon","coordinates":[[[-84.490125,39.185253],[-84.490183,39.185201],[-84.490515,39.185428],[-84.490456,39.185479],[-84.490125,39.185253]]]}},{"type":"Feature","properties":{"pid":"066100010390"},"geometry":{"type":"Polygon","coordinates":[[[-84.490183,39.185201],[-84.490232,39.185159],[-84.490562,39.185385],[-84.490515,39.185428],[-84.490183,39.185201]]]}},{"type":"Feature","properties":{"pid":"066100010391"},"geometry":{"type":"Polygon","coordinates":[[[-84.490242,39.18515],[-84.490335,39.185067],[-84.490667,39.185294],[-84.490573,39.185376],[-84.490242,39.18515]]]}},{"type":"Feature","properties":{"pid":"066100010392"},"geometry":{"type":"Polygon","coordinates":[[[-84.490335,39.185067],[-84.490452,39.184963],[-84.490783,39.18519],[-84.490667,39.185294],[-84.490335,39.185067]]]}},{"type":"Feature","properties":{"pid":"066100010393"},"geometry":{"type":"Polygon","coordinates":[[[-84.490452,39.184963],[-84.490534,39.184891],[-84.490865,39.185118],[-84.490783,39.18519],[-84.490452,39.184963]]]}},{"type":"Feature","properties":{"pid":"066100010399"},"geometry":{"type":"Polygon","coordinates":[[[-84.489249,39.186029],[-84.489298,39.185986],[-84.489484,39.186112],[-84.489435,39.186156],[-84.489249,39.186029]]]}},{"type":"Feature","properties":{"pid":"066100010401"},"geometry":{"type":"Polygon","coordinates":[[[-84.48905,39.18854],[-84.488918,39.18845],[-84.488987,39.188388],[-84.489119,39.188477],[-84.48905,39.18854]]]}},{"type":"Feature","properties":{"pid":"066100010402"},"geometry":{"type":"Polygon","coordinates":[[[-84.490864,39.186033],[-84.490923,39.185981],[-84.491227,39.18619],[-84.491169,39.186241],[-84.490864,39.186033]]]}},{"type":"Feature","properties":{"pid":"066100010405"},"geometry":{"type":"Polygon","coordinates":[[[-84.490321,39.186577],[-84.490415,39.186495],[-84.49068,39.186676],[-84.490587,39.186758],[-84.490321,39.186577]]]}},{"type":"Feature","properties":{"pid":"066100010411"},"geometry":{"type":"Polygon","coordinates":[[[-84.491035,39.187885],[-84.490967,39.187838],[-84.491257,39.18758],[-84.491337,39.187634],[-84.491035,39.187885]]]}},{"type":"Feature","properties":{"pid":"066100010415"},"geometry":{"type":"Polygon","coordinates":[[[-84.489332,39.186726],[-84.489173,39.186618],[-84.489464,39.186359],[-84.489504,39.186386],[-84.489352,39.186521],[-84.489472,39.186602],[-84.489332,39.186726]]]}},{"type":"Feature","properties":{"pid":"066100010419"},"geometry":{"type":"Polygon","coordinates":[[[-84.489363,39.189389],[-84.489651,39.189127],[-84.489731,39.189181],[-84.489443,39.189442],[-84.489363,39.189389]]]}},{"type":"Feature","properties":{"pid":"066100010421"},"geometry":{"type":"Polygon","coordinates":[[[-84.488646,39.188905],[-84.488514,39.188815],[-84.488675,39.188669],[-84.488808,39.188759],[-84.488646,39.188905]]]}},{"type":"Feature","properties":{"pid":"066100010422"},"geometry":{"type":"Polygon","coordinates":[[[-84.489443,39.189442],[-84.489731,39.189181],[-84.48981,39.189235],[-84.489523,39.189496],[-84.489443,39.189442]]]}},{"type":"Feature","properties":{"pid":"066100010423"},"geometry":{"type":"Polygon","coordinates":[[[-84.486666,39.18866],[-84.486783,39.188556],[-84.486911,39.188643],[-84.486795,39.188747],[-84.486666,39.18866]]]}},{"type":"Feature","properties":{"pid":"023800050016"},"geometry":{"type":"Polygon","coordinates":[[[-84.494944,39.196833],[-84.495468,39.196466],[-84.495588,39.196566],[-84.495064,39.196933],[-84.494944,39.196833]]]}},{"type":"Feature","properties":{"pid":"023800050017"},"geometry":{"type":"Polygon","coordinates":[[[-84.494823,39.196732],[-84.495347,39.196365],[-84.495468,39.196466],[-84.494944,39.196833],[-84.494823,39.196732]]]}},{"type":"Feature","properties":{"pid":"023800050018"},"geometry":{"type":"Polygon","coordinates":[[[-84.494703,39.196632],[-84.495227,39.196265],[-84.495347,39.196365],[-84.494823,39.196732],[-84.494703,39.196632]]]}},{"type":"Feature","properties":{"pid":"023800050019"},"geometry":{"type":"Polygon","coordinates":[[[-84.494613,39.196557],[-84.495126,39.196181],[-84.495227,39.196265],[-84.494703,39.196632],[-84.494613,39.196557]]]}},{"type":"Feature","properties":{"pid":"023800050020"},"geometry":{"type":"Polygon","coordinates":[[[-84.494597,39.196513],[-84.494549,39.196384],[-84.495026,39.196033],[-84.495104,39.196162],[-84.494597,39.196513]]]}},{"type":"Feature","properties":{"pid":"023800050021"},"geometry":{"type":"Polygon","coordinates":[[[-84.494549,39.196384],[-84.494489,39.196222],[-84.49494,39.19589],[-84.495026,39.196033],[-84.494549,39.196384]]]}},{"type":"Feature","properties":{"pid":"023800050022"},"geometry":{"type":"Polygon","coordinates":[[[-84.494489,39.196222],[-84.494435,39.196074],[-84.494862,39.19576],[-84.49494,39.19589],[-84.494489,39.196222]]]}},{"type":"Feature","properties":{"pid":"023800050023"},"geometry":{"type":"Polygon","coordinates":[[[-84.494382,39.195927],[-84.494633,39.195741],[-84.494784,39.195629],[-84.494862,39.19576],[-84.494435,39.196074],[-84.494382,39.195927]]]}},{"type":"Feature","properties":{"pid":"023800050024"},"geometry":{"type":"Polygon","coordinates":[[[-84.494328,39.195779],[-84.494653,39.195538],[-84.494706,39.195499],[-84.494784,39.195629],[-84.494382,39.195927],[-84.494328,39.195779]]]}},{"type":"Feature","properties":{"pid":"023800050025"},"geometry":{"type":"Polygon","coordinates":[[[-84.494274,39.195632],[-84.494628,39.195369],[-84.494706,39.195499],[-84.494328,39.195779],[-84.494274,39.195632]]]}},{"type":"Feature","properties":{"pid":"023800050026"},"geometry":{"type":"Polygon","coordinates":[[[-84.494221,39.195484],[-84.494555,39.195248],[-84.494628,39.195369],[-84.494274,39.195632],[-84.494221,39.195484]]]}},{"type":"Feature","properties":{"pid":"023800050027"},"geometry":{"type":"Polygon","coordinates":[[[-84.494167,39.195337],[-84.494293,39.195247],[-84.494475,39.195115],[-84.494555,39.195248],[-84.494221,39.195484],[-84.494167,39.195337]]]}},{"type":"Feature","properties":{"pid":"023800050058"},"geometry":{"type":"Polygon","coordinates":[[[-84.493953,39.195314],[-84.494306,39.195052],[-84.494475,39.195115],[-84.494148,39.195322],[-84.493953,39.195314]]]}},{"type":"Feature","properties":{"pid":"023900010020"},"geometry":{"type":"Polygon","coordinates":[[[-84.486301,39.196425],[-84.486338,39.195914],[-84.486445,39.195909],[-84.486301,39.196425]]]}},{"type":"Feature","properties":{"pid":"023900010023"},"geometry":{"type":"Polygon","coordinates":[[[-84.486007,39.196391],[-84.486056,39.195926],[-84.486144,39.195922],[-84.486094,39.196401],[-84.486007,39.196391]]]}},{"type":"Feature","properties":{"pid":"023900010024"},"geometry":{"type":"Polygon","coordinates":[[[-84.486094,39.196401],[-84.486144,39.195922],[-84.486232,39.195918],[-84.486181,39.196411],[-84.486094,39.196401]]]}},{"type":"Feature","properties":{"pid":"023900010026"},"geometry":{"type":"Polygon","coordinates":[[[-84.485834,39.196371],[-84.48588,39.195933],[-84.485968,39.19593],[-84.485921,39.196381],[-84.485834,39.196371]]]}},{"type":"Feature","properties":{"pid":"023900010027"},"geometry":{"type":"Polygon","coordinates":[[[-84.485921,39.196381],[-84.485968,39.19593],[-84.486056,39.195926],[-84.486007,39.196391],[-84.485921,39.196381]]]}},{"type":"Feature","properties":{"pid":"023900010029"},"geometry":{"type":"Polygon","coordinates":[[[-84.493386,39.196406],[-84.493423,39.196245],[-84.494411,39.196394],[-84.494482,39.196583],[-84.493386,39.196406]]]}},{"type":"Feature","properties":{"pid":"023900010030"},"geometry":{"type":"Polygon","coordinates":[[[-84.485487,39.196331],[-84.485499,39.196213],[-84.485847,39.196253],[-84.485834,39.196371],[-84.485487,39.196331]]]}},{"type":"Feature","properties":{"pid":"023900010031"},"geometry":{"type":"Polygon","coordinates":[[[-84.493423,39.196245],[-84.493455,39.196107],[-84.494355,39.196245],[-84.494411,39.196394],[-84.493423,39.196245]]]}},{"type":"Feature","properties":{"pid":"023900010032"},"geometry":{"type":"Polygon","coordinates":[[[-84.493455,39.196107],[-84.493486,39.195972],[-84.494299,39.196097],[-84.494355,39.196245],[-84.493455,39.196107]]]}},{"type":"Feature","properties":{"pid":"023900010039"},"geometry":{"type":"Polygon","coordinates":[[[-84.485651,39.196231],[-84.485681,39.195942],[-84.48588,39.195933],[-84.485847,39.196253],[-84.485651,39.196231]]]}},{"type":"Feature","properties":{"pid":"023900010040"},"geometry":{"type":"Polygon","coordinates":[[[-84.492649,39.195988],[-84.492808,39.195377],[-84.492983,39.195384],[-84.492806,39.196012],[-84.492649,39.195988]]]}},{"type":"Feature","properties":{"pid":"023900010041"},"geometry":{"type":"Polygon","coordinates":[[[-84.493566,39.195847],[-84.493606,39.195713],[-84.494188,39.195801],[-84.494244,39.195949],[-84.493566,39.195847]]]}},{"type":"Feature","properties":{"pid":"023900010042"},"geometry":{"type":"Polygon","coordinates":[[[-84.493527,39.195978],[-84.493557,39.195877],[-84.494255,39.195979],[-84.494299,39.196097],[-84.493527,39.195978]]]}},{"type":"Feature","properties":{"pid":"023900010043"},"geometry":{"type":"Polygon","coordinates":[[[-84.492374,39.195945],[-84.492133,39.19591],[-84.492279,39.195355],[-84.492544,39.195366],[-84.492374,39.195945]]]}},{"type":"Feature","properties":{"pid":"023900010044"},"geometry":{"type":"Polygon","coordinates":[[[-84.492393,39.195948],[-84.492544,39.195366],[-84.492808,39.195377],[-84.492649,39.195988],[-84.492393,39.195948]]]}},{"type":"Feature","properties":{"pid":"023900010047"},"geometry":{"type":"Polygon","coordinates":[[[-84.493327,39.196087],[-84.493519,39.195406],[-84.493694,39.195413],[-84.493527,39.195978],[-84.493486,39.195972],[-84.493455,39.196107],[-84.493327,39.196087]]]}},{"type":"Feature","properties":{"pid":"023900010048"},"geometry":{"type":"Polygon","coordinates":[[[-84.493153,39.196063],[-84.49334,39.195399],[-84.493519,39.195406],[-84.493327,39.196087],[-84.493153,39.196063]]]}},{"type":"Feature","properties":{"pid":"023900010049"},"geometry":{"type":"Polygon","coordinates":[[[-84.493606,39.195713],[-84.493645,39.195579],[-84.494132,39.195653],[-84.494188,39.195801],[-84.493606,39.195713]]]}},{"type":"Feature","properties":{"pid":"023900010052"},"geometry":{"type":"Polygon","coordinates":[[[-84.492806,39.196012],[-84.492983,39.195384],[-84.493162,39.195392],[-84.492982,39.196038],[-84.492806,39.196012]]]}},{"type":"Feature","properties":{"pid":"023900010053"},"geometry":{"type":"Polygon","coordinates":[[[-84.493153,39.196063],[-84.492982,39.196038],[-84.493162,39.195392],[-84.49334,39.195399],[-84.493153,39.196063]]]}},{"type":"Feature","properties":{"pid":"023900010054"},"geometry":{"type":"Polygon","coordinates":[[[-84.490771,39.19542],[-84.491026,39.195363],[-84.490926,39.195785],[-84.490771,39.19542]]]}},{"type":"Feature","properties":{"pid":"023900010062"},"geometry":{"type":"Polygon","coordinates":[[[-84.493008,39.196182],[-84.493038,39.196047],[-84.493455,39.196107],[-84.493423,39.196245],[-84.493008,39.196182]]]}},{"type":"Feature","properties":{"pid":"023900020029"},"geometry":{"type":"Polygon","coordinates":[[[-84.482887,39.196439],[-84.482917,39.196213],[-84.482959,39.196219],[-84.48293,39.196444],[-84.482887,39.196439]]]}},{"type":"Feature","properties":{"pid":"023900020097"},"geometry":{"type":"Polygon","coordinates":[[[-84.484922,39.196752],[-84.484933,39.19662],[-84.485306,39.196666],[-84.485292,39.196798],[-84.484922,39.196752]]]}},{"type":"Feature","properties":{"pid":"023900020105"},"geometry":{"type":"Polygon","coordinates":[[[-84.484032,39.196571],[-84.483632,39.196516],[-84.483645,39.196419],[-84.484117,39.196478],[-84.484032,39.196571]]]}},{"type":"Feature","properties":{"pid":"023900020111"},"geometry":{"type":"Polygon","coordinates":[[[-84.484933,39.19662],[-84.484942,39.196525],[-84.485315,39.196571],[-84.485306,39.196666],[-84.484933,39.19662]]]}},{"type":"Feature","properties":{"pid":"023900020112"},"geometry":{"type":"Polygon","coordinates":[[[-84.484942,39.196525],[-84.48495,39.196427],[-84.485325,39.196474],[-84.485315,39.196571],[-84.484942,39.196525]]]}},{"type":"Feature","properties":{"pid":"023900020126"},"geometry":{"type":"Polygon","coordinates":[[[-84.48523,39.196123],[-84.485233,39.195954],[-84.485378,39.195952],[-84.485361,39.196121],[-84.48523,39.196123]]]}},{"type":"Feature","properties":{"pid":"023900020127"},"geometry":{"type":"Polygon","coordinates":[[[-84.485021,39.196339],[-84.485105,39.196252],[-84.485345,39.196282],[-84.485335,39.196378],[-84.485021,39.196339]]]}},{"type":"Feature","properties":{"pid":"023900020130"},"geometry":{"type":"Polygon","coordinates":[[[-84.484798,39.196126],[-84.484945,39.195958],[-84.485233,39.195954],[-84.485215,39.196123],[-84.484798,39.196126]]]}},{"type":"Feature","properties":{"pid":"023900020142"},"geometry":{"type":"Polygon","coordinates":[[[-84.48495,39.196427],[-84.485021,39.196339],[-84.485335,39.196378],[-84.485325,39.196474],[-84.48495,39.196427]]]}},{"type":"Feature","properties":{"pid":"023900020143"},"geometry":{"type":"Polygon","coordinates":[[[-84.485105,39.196252],[-84.48523,39.196123],[-84.485361,39.196121],[-84.485345,39.196282],[-84.485105,39.196252]]]}},{"type":"Feature","properties":{"pid":"023900020146"},"geometry":{"type":"Polygon","coordinates":[[[-84.484884,39.197155],[-84.484299,39.197091],[-84.48495,39.196427],[-84.484922,39.196752],[-84.485292,39.196798],[-84.485281,39.196908],[-84.484912,39.196862],[-84.484884,39.197155]]]}},{"type":"Feature","properties":{"pid":"023900030003"},"geometry":{"type":"Polygon","coordinates":[[[-84.489141,39.194972],[-84.488513,39.194292],[-84.488722,39.193548],[-84.489119,39.194104],[-84.489088,39.194117],[-84.48913,39.194177],[-84.489161,39.194164],[-84.489871,39.195145],[-84.489239,39.195236],[-84.489141,39.194972]]]}},{"type":"Feature","properties":{"pid":"023900030005"},"geometry":{"type":"Polygon","coordinates":[[[-84.488018,39.194145],[-84.488355,39.194152],[-84.488594,39.194363],[-84.489141,39.194972],[-84.489239,39.195236],[-84.489463,39.195598],[-84.489361,39.195585],[-84.489213,39.195643],[-84.488896,39.195675],[-84.486512,39.195743],[-84.488018,39.194145]]]}},{"type":"Feature","properties":{"pid":"023900030006"},"geometry":{"type":"Polygon","coordinates":[[[-84.488355,39.194152],[-84.488266,39.194151],[-84.488016,39.193398],[-84.487618,39.1931],[-84.489255,39.191323],[-84.48946,39.19147],[-84.489232,39.19162],[-84.488513,39.194292],[-84.488355,39.194152]]]}},{"type":"Feature","properties":{"pid":"023900040002"},"geometry":{"type":"Polygon","coordinates":[[[-84.494769,39.186617],[-84.495069,39.186184],[-84.495116,39.186203],[-84.494769,39.186812],[-84.494608,39.186958],[-84.494769,39.186617]]]}},{"type":"Feature","properties":{"pid":"024100010002"},"geometry":{"type":"Polygon","coordinates":[[[-84.484675,39.195108],[-84.48473,39.195054],[-84.485204,39.195348],[-84.485153,39.195405],[-84.484675,39.195108]]]}},{"type":"Feature","properties":{"pid":"024100010016"},"geometry":{"type":"Polygon","coordinates":[[[-84.484443,39.195047],[-84.484752,39.194747],[-84.484806,39.194781],[-84.484497,39.195081],[-84.484443,39.195047]]]}},{"type":"Feature","properties":{"pid":"024100010017"},"geometry":{"type":"Polygon","coordinates":[[[-84.48443,39.195039],[-84.484361,39.194996],[-84.484669,39.194695],[-84.484752,39.194747],[-84.48443,39.195039]]]}},{"type":"Feature","properties":{"pid":"024100010018"},"geometry":{"type":"Polygon","coordinates":[[[-84.484296,39.194956],[-84.484603,39.194655],[-84.484669,39.194695],[-84.484361,39.194996],[-84.484296,39.194956]]]}},{"type":"Feature","properties":{"pid":"024100010019"},"geometry":{"type":"Polygon","coordinates":[[[-84.484223,39.19491],[-84.48453,39.194609],[-84.4846,39.194653],[-84.48429,39.194952],[-84.484223,39.19491]]]}},{"type":"Feature","properties":{"pid":"024100010020"},"geometry":{"type":"Polygon","coordinates":[[[-84.484152,39.194867],[-84.484461,39.194567],[-84.48453,39.194609],[-84.484223,39.19491],[-84.484152,39.194867]]]}},{"type":"Feature","properties":{"pid":"024100010021"},"geometry":{"type":"Polygon","coordinates":[[[-84.484083,39.194824],[-84.484393,39.194524],[-84.484461,39.194567],[-84.484152,39.194867],[-84.484083,39.194824]]]}},{"type":"Feature","properties":{"pid":"024100010022"},"geometry":{"type":"Polygon","coordinates":[[[-84.484016,39.194782],[-84.484323,39.194481],[-84.484393,39.194524],[-84.484083,39.194824],[-84.484016,39.194782]]]}},{"type":"Feature","properties":{"pid":"024100010024"},"geometry":{"type":"Polygon","coordinates":[[[-84.483878,39.194696],[-84.484131,39.19445],[-84.4842,39.194493],[-84.483945,39.194738],[-84.483878,39.194696]]]}},{"type":"Feature","properties":{"pid":"024100010027"},"geometry":{"type":"Polygon","coordinates":[[[-84.4842,39.194493],[-84.483993,39.194365],[-84.484049,39.194311],[-84.484255,39.194439],[-84.4842,39.194493]]]}},{"type":"Feature","properties":{"pid":"024100010028"},"geometry":{"type":"Polygon","coordinates":[[[-84.483532,39.194483],[-84.483816,39.194174],[-84.483906,39.194232],[-84.4836,39.194527],[-84.483532,39.194483]]]}},{"type":"Feature","properties":{"pid":"024100010029"},"geometry":{"type":"Polygon","coordinates":[[[-84.483463,39.194442],[-84.48377,39.194145],[-84.483816,39.194174],[-84.483509,39.19447],[-84.483463,39.194442]]]}},{"type":"Feature","properties":{"pid":"024100010031"},"geometry":{"type":"Polygon","coordinates":[[[-84.483394,39.194398],[-84.483326,39.194355],[-84.483634,39.194059],[-84.483725,39.194117],[-84.483394,39.194398]]]}},{"type":"Feature","properties":{"pid":"024100010032"},"geometry":{"type":"Polygon","coordinates":[[[-84.483256,39.194313],[-84.483565,39.194016],[-84.483634,39.194059],[-84.483326,39.194355],[-84.483256,39.194313]]]}},{"type":"Feature","properties":{"pid":"024100010033"},"geometry":{"type":"Polygon","coordinates":[[[-84.483188,39.194269],[-84.483497,39.193973],[-84.483565,39.194016],[-84.483256,39.194313],[-84.483188,39.194269]]]}},{"type":"Feature","properties":{"pid":"024100010034"},"geometry":{"type":"Polygon","coordinates":[[[-84.483119,39.194226],[-84.483428,39.19393],[-84.483497,39.193973],[-84.483188,39.194269],[-84.483119,39.194226]]]}},{"type":"Feature","properties":{"pid":"024100010037"},"geometry":{"type":"Polygon","coordinates":[[[-84.482981,39.194141],[-84.483292,39.193844],[-84.48336,39.193887],[-84.48305,39.194183],[-84.482981,39.194141]]]}},{"type":"Feature","properties":{"pid":"024100010039"},"geometry":{"type":"Polygon","coordinates":[[[-84.482843,39.194056],[-84.483156,39.193758],[-84.483223,39.193801],[-84.482914,39.194098],[-84.482843,39.194056]]]}},{"type":"Feature","properties":{"pid":"024100010042"},"geometry":{"type":"Polygon","coordinates":[[[-84.482707,39.193969],[-84.483017,39.193672],[-84.483084,39.193715],[-84.482776,39.194013],[-84.482707,39.193969]]]}},{"type":"Feature","properties":{"pid":"024100010045"},"geometry":{"type":"Polygon","coordinates":[[[-84.4825,39.193842],[-84.482812,39.193543],[-84.48288,39.193586],[-84.482573,39.193887],[-84.4825,39.193842]]]}},{"type":"Feature","properties":{"pid":"024100010046"},"geometry":{"type":"Polygon","coordinates":[[[-84.48228,39.193705],[-84.482592,39.193407],[-84.48266,39.193449],[-84.482349,39.193748],[-84.48228,39.193705]]]}},{"type":"Feature","properties":{"pid":"024100010048"},"geometry":{"type":"Polygon","coordinates":[[[-84.482143,39.19362],[-84.482455,39.19332],[-84.482523,39.193364],[-84.482212,39.193663],[-84.482143,39.19362]]]}},{"type":"Feature","properties":{"pid":"024100010050"},"geometry":{"type":"Polygon","coordinates":[[[-84.482007,39.193535],[-84.482318,39.193235],[-84.482387,39.193278],[-84.482075,39.193577],[-84.482007,39.193535]]]}},{"type":"Feature","properties":{"pid":"024100010060"},"geometry":{"type":"Polygon","coordinates":[[[-84.482235,39.192828],[-84.482304,39.192763],[-84.482487,39.192878],[-84.482419,39.192943],[-84.482235,39.192828]]]}},{"type":"Feature","properties":{"pid":"024100010062"},"geometry":{"type":"Polygon","coordinates":[[[-84.482293,39.193149],[-84.482609,39.192848],[-84.482678,39.192891],[-84.482363,39.193191],[-84.482293,39.193149]]]}},{"type":"Feature","properties":{"pid":"024100010063"},"geometry":{"type":"Polygon","coordinates":[[[-84.482363,39.193191],[-84.482678,39.192891],[-84.482746,39.192934],[-84.482431,39.193235],[-84.482363,39.193191]]]}},{"type":"Feature","properties":{"pid":"024100010064"},"geometry":{"type":"Polygon","coordinates":[[[-84.482431,39.193235],[-84.482746,39.192934],[-84.482814,39.192976],[-84.4825,39.193278],[-84.482431,39.193235]]]}},{"type":"Feature","properties":{"pid":"024100010067"},"geometry":{"type":"Polygon","coordinates":[[[-84.482637,39.193363],[-84.482951,39.193062],[-84.483019,39.193104],[-84.482706,39.193407],[-84.482637,39.193363]]]}},{"type":"Feature","properties":{"pid":"024100010068"},"geometry":{"type":"Polygon","coordinates":[[[-84.482857,39.1935],[-84.483013,39.193351],[-84.483082,39.193394],[-84.482925,39.193544],[-84.482857,39.1935]]]}},{"type":"Feature","properties":{"pid":"011600010012"},"geometry":{"type":"Polygon","coordinates":[[[-84.482056,39.18401],[-84.481818,39.183985],[-84.481877,39.183637],[-84.482147,39.183669],[-84.482056,39.18401]]]}},{"type":"Feature","properties":{"pid":"011600010125"},"geometry":{"type":"Polygon","coordinates":[[[-84.481819,39.184361],[-84.481885,39.183992],[-84.482056,39.18401],[-84.48199,39.18438],[-84.481819,39.184361]]]}},{"type":"Feature","properties":{"pid":"011600010140"},"geometry":{"type":"Polygon","coordinates":[[[-84.482165,39.184399],[-84.48199,39.18438],[-84.482056,39.18401],[-84.482228,39.184028],[-84.482165,39.184399]]]}},{"type":"Feature","properties":{"pid":"011600010162"},"geometry":{"type":"Polygon","coordinates":[[[-84.481939,39.184916],[-84.482006,39.18454],[-84.482138,39.184554],[-84.482071,39.18493],[-84.481939,39.184916]]]}},{"type":"Feature","properties":{"pid":"011600010190"},"geometry":{"type":"Polygon","coordinates":[[[-84.482071,39.18493],[-84.482138,39.184554],[-84.482415,39.184585],[-84.482345,39.184958],[-84.482071,39.18493]]]}},{"type":"Feature","properties":{"pid":"011600010196"},"geometry":{"type":"Polygon","coordinates":[[[-84.482445,39.18443],[-84.482515,39.184058],[-84.482579,39.184065],[-84.482511,39.184438],[-84.482445,39.18443]]]}},{"type":"Feature","properties":{"pid":"011600010197"},"geometry":{"type":"Polygon","coordinates":[[[-84.482345,39.184958],[-84.482415,39.184585],[-84.482483,39.184593],[-84.482416,39.184965],[-84.482345,39.184958]]]}},{"type":"Feature","properties":{"pid":"011600010199"},"geometry":{"type":"Polygon","coordinates":[[[-84.482165,39.184399],[-84.482228,39.184028],[-84.482515,39.184058],[-84.482445,39.18443],[-84.482165,39.184399]]]}},{"type":"Feature","properties":{"pid":"011600010201"},"geometry":{"type":"Polygon","coordinates":[[[-84.482258,39.185621],[-84.481955,39.185587],[-84.481999,39.185371],[-84.48188,39.185303],[-84.481924,39.185242],[-84.482446,39.185302],[-84.482258,39.185621]]]}},{"type":"Feature","properties":{"pid":"011600010202"},"geometry":{"type":"Polygon","coordinates":[[[-84.481924,39.185242],[-84.481889,39.185193],[-84.481939,39.184916],[-84.482565,39.18498],[-84.482446,39.185302],[-84.481924,39.185242]]]}},{"type":"Feature","properties":{"pid":"011600010246"},"geometry":{"type":"Polygon","coordinates":[[[-84.482349,39.184041],[-84.482084,39.184013],[-84.482147,39.183669],[-84.482406,39.183699],[-84.482349,39.184041]]]}},{"type":"Feature","properties":{"pid":"024100010070"},"geometry":{"type":"Polygon","coordinates":[[[-84.482994,39.193586],[-84.483308,39.193284],[-84.483377,39.193327],[-84.483063,39.19363],[-84.482994,39.193586]]]}},{"type":"Feature","properties":{"pid":"024100010071"},"geometry":{"type":"Polygon","coordinates":[[[-84.483063,39.19363],[-84.483377,39.193327],[-84.483445,39.19337],[-84.48313,39.193673],[-84.483063,39.19363]]]}},{"type":"Feature","properties":{"pid":"024100010072"},"geometry":{"type":"Polygon","coordinates":[[[-84.48313,39.193673],[-84.483445,39.19337],[-84.483514,39.193412],[-84.483199,39.193715],[-84.48313,39.193673]]]}},{"type":"Feature","properties":{"pid":"024100010073"},"geometry":{"type":"Polygon","coordinates":[[[-84.483199,39.193715],[-84.483514,39.193412],[-84.483582,39.193455],[-84.483267,39.193759],[-84.483199,39.193715]]]}},{"type":"Feature","properties":{"pid":"024100010074"},"geometry":{"type":"Polygon","coordinates":[[[-84.483267,39.193759],[-84.483582,39.193455],[-84.483651,39.193498],[-84.483335,39.193801],[-84.483267,39.193759]]]}},{"type":"Feature","properties":{"pid":"024100010075"},"geometry":{"type":"Polygon","coordinates":[[[-84.483335,39.193801],[-84.483651,39.193498],[-84.483719,39.193541],[-84.483404,39.193844],[-84.483335,39.193801]]]}},{"type":"Feature","properties":{"pid":"024100010076"},"geometry":{"type":"Polygon","coordinates":[[[-84.483472,39.193888],[-84.483404,39.193844],[-84.483719,39.193541],[-84.483793,39.193587],[-84.483472,39.193888]]]}},{"type":"Feature","properties":{"pid":"024100010077"},"geometry":{"type":"Polygon","coordinates":[[[-84.483477,39.193891],[-84.483793,39.193587],[-84.483857,39.193627],[-84.48354,39.19393],[-84.483477,39.193891]]]}},{"type":"Feature","properties":{"pid":"024100010078"},"geometry":{"type":"Polygon","coordinates":[[[-84.48354,39.19393],[-84.483857,39.193627],[-84.483925,39.193669],[-84.483609,39.193974],[-84.48354,39.19393]]]}},{"type":"Feature","properties":{"pid":"024100010079"},"geometry":{"type":"Polygon","coordinates":[[[-84.483609,39.193974],[-84.483925,39.193669],[-84.483994,39.193713],[-84.483677,39.194016],[-84.483609,39.193974]]]}},{"type":"Feature","properties":{"pid":"024100010080"},"geometry":{"type":"Polygon","coordinates":[[[-84.483677,39.194016],[-84.483994,39.193713],[-84.484062,39.193755],[-84.483745,39.194059],[-84.483677,39.194016]]]}},{"type":"Feature","properties":{"pid":"024100010081"},"geometry":{"type":"Polygon","coordinates":[[[-84.483745,39.194059],[-84.484062,39.193755],[-84.48413,39.193797],[-84.483814,39.194102],[-84.483745,39.194059]]]}},{"type":"Feature","properties":{"pid":"024100010082"},"geometry":{"type":"Polygon","coordinates":[[[-84.483814,39.194102],[-84.48413,39.193797],[-84.484199,39.193841],[-84.483881,39.194146],[-84.483814,39.194102]]]}},{"type":"Feature","properties":{"pid":"024100010083"},"geometry":{"type":"Polygon","coordinates":[[[-84.483881,39.194146],[-84.484199,39.193841],[-84.484267,39.193883],[-84.483952,39.194189],[-84.483881,39.194146]]]}},{"type":"Feature","properties":{"pid":"024100010084"},"geometry":{"type":"Polygon","coordinates":[[[-84.484097,39.194264],[-84.484403,39.193968],[-84.484471,39.19401],[-84.484166,39.194307],[-84.484097,39.194264]]]}},{"type":"Feature","properties":{"pid":"024100010085"},"geometry":{"type":"Polygon","coordinates":[[[-84.484166,39.194307],[-84.484471,39.19401],[-84.48454,39.194054],[-84.484234,39.19435],[-84.484166,39.194307]]]}},{"type":"Feature","properties":{"pid":"024100010087"},"geometry":{"type":"Polygon","coordinates":[[[-84.484302,39.194393],[-84.484608,39.194096],[-84.484677,39.194139],[-84.48437,39.194437],[-84.484302,39.194393]]]}},{"type":"Feature","properties":{"pid":"024100010088"},"geometry":{"type":"Polygon","coordinates":[[[-84.48437,39.194437],[-84.484677,39.194139],[-84.484745,39.194182],[-84.484438,39.19448],[-84.48437,39.194437]]]}},{"type":"Feature","properties":{"pid":"024100010089"},"geometry":{"type":"Polygon","coordinates":[[[-84.484438,39.19448],[-84.484745,39.194182],[-84.484813,39.194224],[-84.484507,39.194524],[-84.484438,39.19448]]]}},{"type":"Feature","properties":{"pid":"024100010090"},"geometry":{"type":"Polygon","coordinates":[[[-84.484507,39.194524],[-84.484813,39.194224],[-84.484882,39.194267],[-84.484575,39.194567],[-84.484507,39.194524]]]}},{"type":"Feature","properties":{"pid":"024100010091"},"geometry":{"type":"Polygon","coordinates":[[[-84.484575,39.194567],[-84.484882,39.194267],[-84.48495,39.19431],[-84.484643,39.19461],[-84.484575,39.194567]]]}},{"type":"Feature","properties":{"pid":"024100010092"},"geometry":{"type":"Polygon","coordinates":[[[-84.484643,39.19461],[-84.48495,39.19431],[-84.485018,39.194352],[-84.484712,39.194654],[-84.484643,39.19461]]]}},{"type":"Feature","properties":{"pid":"024100010094"},"geometry":{"type":"Polygon","coordinates":[[[-84.484779,39.194697],[-84.485087,39.194395],[-84.485155,39.194438],[-84.484847,39.194739],[-84.484779,39.194697]]]}},{"type":"Feature","properties":{"pid":"024100010095"},"geometry":{"type":"Polygon","coordinates":[[[-84.484847,39.194739],[-84.485155,39.194438],[-84.485226,39.194482],[-84.484916,39.194783],[-84.484847,39.194739]]]}},{"type":"Feature","properties":{"pid":"024100010096"},"geometry":{"type":"Polygon","coordinates":[[[-84.48574,39.194627],[-84.486048,39.194326],[-84.486112,39.194367],[-84.485826,39.194681],[-84.48574,39.194627]]]}},{"type":"Feature","properties":{"pid":"024100010097"},"geometry":{"type":"Polygon","coordinates":[[[-84.485671,39.194584],[-84.485979,39.194283],[-84.486048,39.194326],[-84.48574,39.194627],[-84.485671,39.194584]]]}},{"type":"Feature","properties":{"pid":"024100010098"},"geometry":{"type":"Polygon","coordinates":[[[-84.485602,39.194541],[-84.48591,39.19424],[-84.485979,39.194283],[-84.485671,39.194584],[-84.485602,39.194541]]]}},{"type":"Feature","properties":{"pid":"024100010101"},"geometry":{"type":"Polygon","coordinates":[[[-84.485396,39.194412],[-84.485653,39.194161],[-84.485722,39.194204],[-84.485456,39.194449],[-84.485396,39.194412]]]}},{"type":"Feature","properties":{"pid":"024100010102"},"geometry":{"type":"Polygon","coordinates":[[[-84.485272,39.194334],[-84.48558,39.194034],[-84.485649,39.194077],[-84.485341,39.194378],[-84.485272,39.194334]]]}},{"type":"Feature","properties":{"pid":"024100010103"},"geometry":{"type":"Polygon","coordinates":[[[-84.485204,39.194292],[-84.485512,39.193992],[-84.48558,39.194034],[-84.485272,39.194334],[-84.485204,39.194292]]]}},{"type":"Feature","properties":{"pid":"024100010104"},"geometry":{"type":"Polygon","coordinates":[[[-84.485136,39.19425],[-84.485443,39.193949],[-84.485512,39.193992],[-84.485204,39.194292],[-84.485136,39.19425]]]}},{"type":"Feature","properties":{"pid":"024100010105"},"geometry":{"type":"Polygon","coordinates":[[[-84.485066,39.194206],[-84.485376,39.193907],[-84.485443,39.193949],[-84.485136,39.19425],[-84.485066,39.194206]]]}},{"type":"Feature","properties":{"pid":"024100010106"},"geometry":{"type":"Polygon","coordinates":[[[-84.484998,39.194163],[-84.485308,39.193864],[-84.485376,39.193907],[-84.485066,39.194206],[-84.484998,39.194163]]]}},{"type":"Feature","properties":{"pid":"024100010107"},"geometry":{"type":"Polygon","coordinates":[[[-84.48493,39.194121],[-84.485239,39.193821],[-84.485308,39.193864],[-84.484998,39.194163],[-84.48493,39.194121]]]}},{"type":"Feature","properties":{"pid":"024100010108"},"geometry":{"type":"Polygon","coordinates":[[[-84.484861,39.194078],[-84.485172,39.193779],[-84.485239,39.193821],[-84.48493,39.194121],[-84.484861,39.194078]]]}},{"type":"Feature","properties":{"pid":"024100010110"},"geometry":{"type":"Polygon","coordinates":[[[-84.484724,39.193992],[-84.485035,39.193694],[-84.485104,39.193737],[-84.484793,39.194036],[-84.484724,39.193992]]]}},{"type":"Feature","properties":{"pid":"024100010111"},"geometry":{"type":"Polygon","coordinates":[[[-84.484656,39.19395],[-84.484966,39.193651],[-84.485035,39.193694],[-84.484724,39.193992],[-84.484656,39.19395]]]}},{"type":"Feature","properties":{"pid":"024100010112"},"geometry":{"type":"Polygon","coordinates":[[[-84.484588,39.193908],[-84.484897,39.193608],[-84.484966,39.193651],[-84.484656,39.19395],[-84.484588,39.193908]]]}},{"type":"Feature","properties":{"pid":"024100010113"},"geometry":{"type":"Polygon","coordinates":[[[-84.484514,39.193861],[-84.484825,39.193562],[-84.484897,39.193608],[-84.484588,39.193908],[-84.484514,39.193861]]]}},{"type":"Feature","properties":{"pid":"024100010114"},"geometry":{"type":"Polygon","coordinates":[[[-84.48431,39.193734],[-84.48462,39.193435],[-84.484688,39.193477],[-84.484379,39.193777],[-84.48431,39.193734]]]}},{"type":"Feature","properties":{"pid":"024100010116"},"geometry":{"type":"Polygon","coordinates":[[[-84.484173,39.193648],[-84.484483,39.193349],[-84.484551,39.193391],[-84.484242,39.193691],[-84.484173,39.193648]]]}},{"type":"Feature","properties":{"pid":"024100010117"},"geometry":{"type":"Polygon","coordinates":[[[-84.484105,39.193605],[-84.484415,39.193307],[-84.484483,39.193349],[-84.484173,39.193648],[-84.484105,39.193605]]]}},{"type":"Feature","properties":{"pid":"024100010118"},"geometry":{"type":"Polygon","coordinates":[[[-84.484036,39.193563],[-84.484346,39.193264],[-84.484415,39.193307],[-84.484105,39.193605],[-84.484036,39.193563]]]}},{"type":"Feature","properties":{"pid":"024100010119"},"geometry":{"type":"Polygon","coordinates":[[[-84.483968,39.19352],[-84.484278,39.193221],[-84.484346,39.193264],[-84.484036,39.193563],[-84.483968,39.19352]]]}},{"type":"Feature","properties":{"pid":"024100010120"},"geometry":{"type":"Polygon","coordinates":[[[-84.483899,39.193477],[-84.48421,39.193179],[-84.484278,39.193221],[-84.483968,39.19352],[-84.483899,39.193477]]]}},{"type":"Feature","properties":{"pid":"024100010121"},"geometry":{"type":"Polygon","coordinates":[[[-84.483831,39.193435],[-84.484141,39.193135],[-84.48421,39.193179],[-84.483899,39.193477],[-84.483831,39.193435]]]}},{"type":"Feature","properties":{"pid":"024100010122"},"geometry":{"type":"Polygon","coordinates":[[[-84.483762,39.193392],[-84.484073,39.193093],[-84.484141,39.193135],[-84.483831,39.193435],[-84.483762,39.193392]]]}},{"type":"Feature","properties":{"pid":"024100010123"},"geometry":{"type":"Polygon","coordinates":[[[-84.483693,39.193349],[-84.484004,39.19305],[-84.484073,39.193093],[-84.483762,39.193392],[-84.483693,39.193349]]]}},{"type":"Feature","properties":{"pid":"024100010125"},"geometry":{"type":"Polygon","coordinates":[[[-84.483556,39.193263],[-84.483869,39.192965],[-84.483936,39.193008],[-84.483624,39.193305],[-84.483556,39.193263]]]}},{"type":"Feature","properties":{"pid":"024100010128"},"geometry":{"type":"Polygon","coordinates":[[[-84.483419,39.193177],[-84.483731,39.192879],[-84.483799,39.192922],[-84.483488,39.19322],[-84.483419,39.193177]]]}},{"type":"Feature","properties":{"pid":"024100010129"},"geometry":{"type":"Polygon","coordinates":[[[-84.483351,39.193135],[-84.483663,39.192837],[-84.483731,39.192879],[-84.483419,39.193177],[-84.483351,39.193135]]]}},{"type":"Feature","properties":{"pid":"024100010130"},"geometry":{"type":"Polygon","coordinates":[[[-84.483282,39.193092],[-84.483593,39.192793],[-84.483663,39.192837],[-84.483351,39.193135],[-84.483282,39.193092]]]}},{"type":"Feature","properties":{"pid":"024100010155"},"geometry":{"type":"Polygon","coordinates":[[[-84.483926,39.192691],[-84.483791,39.192604],[-84.483868,39.19253],[-84.484003,39.192617],[-84.483926,39.192691]]]}},{"type":"Feature","properties":{"pid":"024100010158"},"geometry":{"type":"Polygon","coordinates":[[[-84.484003,39.192617],[-84.483868,39.19253],[-84.483949,39.192452],[-84.484086,39.192538],[-84.484003,39.192617]]]}},{"type":"Feature","properties":{"pid":"024100010159"},"geometry":{"type":"Polygon","coordinates":[[[-84.484014,39.192986],[-84.483912,39.192922],[-84.484223,39.192623],[-84.484327,39.192688],[-84.484014,39.192986]]]}},{"type":"Feature","properties":{"pid":"024100010161"},"geometry":{"type":"Polygon","coordinates":[[[-84.484049,39.193007],[-84.484361,39.19271],[-84.484429,39.192752],[-84.484117,39.19305],[-84.484049,39.193007]]]}},{"type":"Feature","properties":{"pid":"024100010162"},"geometry":{"type":"Polygon","coordinates":[[[-84.484117,39.19305],[-84.484429,39.192752],[-84.484497,39.192794],[-84.484186,39.193093],[-84.484117,39.19305]]]}},{"type":"Feature","properties":{"pid":"024100010163"},"geometry":{"type":"Polygon","coordinates":[[[-84.484186,39.193093],[-84.484497,39.192794],[-84.484566,39.192838],[-84.484254,39.193135],[-84.484186,39.193093]]]}},{"type":"Feature","properties":{"pid":"024100010164"},"geometry":{"type":"Polygon","coordinates":[[[-84.484254,39.193135],[-84.484566,39.192838],[-84.484634,39.19288],[-84.484322,39.193178],[-84.484254,39.193135]]]}},{"type":"Feature","properties":{"pid":"024100010165"},"geometry":{"type":"Polygon","coordinates":[[[-84.484322,39.193178],[-84.484634,39.19288],[-84.484703,39.192923],[-84.484392,39.193222],[-84.484322,39.193178]]]}},{"type":"Feature","properties":{"pid":"024100010166"},"geometry":{"type":"Polygon","coordinates":[[[-84.484392,39.193222],[-84.484703,39.192923],[-84.484771,39.192965],[-84.48446,39.193264],[-84.484392,39.193222]]]}},{"type":"Feature","properties":{"pid":"024100010167"},"geometry":{"type":"Polygon","coordinates":[[[-84.48446,39.193264],[-84.484771,39.192965],[-84.484839,39.193008],[-84.484529,39.193307],[-84.48446,39.193264]]]}},{"type":"Feature","properties":{"pid":"024100010169"},"geometry":{"type":"Polygon","coordinates":[[[-84.484653,39.193385],[-84.484597,39.19335],[-84.484908,39.193051],[-84.484975,39.193093],[-84.484653,39.193385]]]}},{"type":"Feature","properties":{"pid":"024100010170"},"geometry":{"type":"Polygon","coordinates":[[[-84.484664,39.193392],[-84.484975,39.193093],[-84.485043,39.193135],[-84.484733,39.193435],[-84.484664,39.193392]]]}},{"type":"Feature","properties":{"pid":"024100010171"},"geometry":{"type":"Polygon","coordinates":[[[-84.484921,39.193471],[-84.484971,39.193422],[-84.485038,39.193466],[-84.484987,39.193515],[-84.484921,39.193471]]]}},{"type":"Feature","properties":{"pid":"024100010175"},"geometry":{"type":"Polygon","coordinates":[[[-84.485145,39.193692],[-84.485455,39.193393],[-84.485523,39.193436],[-84.485214,39.193735],[-84.485145,39.193692]]]}},{"type":"Feature","properties":{"pid":"024100010176"},"geometry":{"type":"Polygon","coordinates":[[[-84.485214,39.193735],[-84.485523,39.193436],[-84.485592,39.193479],[-84.485283,39.193778],[-84.485214,39.193735]]]}},{"type":"Feature","properties":{"pid":"024100010177"},"geometry":{"type":"Polygon","coordinates":[[[-84.485283,39.193778],[-84.485592,39.193479],[-84.485661,39.193521],[-84.485351,39.193821],[-84.485283,39.193778]]]}},{"type":"Feature","properties":{"pid":"024100010179"},"geometry":{"type":"Polygon","coordinates":[[[-84.48542,39.193864],[-84.48573,39.193564],[-84.485799,39.193607],[-84.485489,39.193907],[-84.48542,39.193864]]]}},{"type":"Feature","properties":{"pid":"024100010180"},"geometry":{"type":"Polygon","coordinates":[[[-84.485489,39.193907],[-84.485799,39.193607],[-84.485867,39.19365],[-84.485558,39.19395],[-84.485489,39.193907]]]}},{"type":"Feature","properties":{"pid":"024100010183"},"geometry":{"type":"Polygon","coordinates":[[[-84.485627,39.193993],[-84.485936,39.193693],[-84.486005,39.193736],[-84.485695,39.194036],[-84.485627,39.193993]]]}},{"type":"Feature","properties":{"pid":"024100010184"},"geometry":{"type":"Polygon","coordinates":[[[-84.485816,39.194111],[-84.48575,39.19407],[-84.48606,39.193771],[-84.486132,39.193815],[-84.485816,39.194111]]]}},{"type":"Feature","properties":{"pid":"024100010185"},"geometry":{"type":"Polygon","coordinates":[[[-84.485887,39.194156],[-84.485822,39.194115],[-84.486132,39.193815],[-84.486203,39.19386],[-84.485887,39.194156]]]}},{"type":"Feature","properties":{"pid":"024100010187"},"geometry":{"type":"Polygon","coordinates":[[[-84.48603,39.194245],[-84.485965,39.194204],[-84.486275,39.193905],[-84.486346,39.193949],[-84.48603,39.194245]]]}},{"type":"Feature","properties":{"pid":"024100010188"},"geometry":{"type":"Polygon","coordinates":[[[-84.486037,39.194249],[-84.486346,39.193949],[-84.486443,39.19401],[-84.486156,39.194323],[-84.486037,39.194249]]]}},{"type":"Feature","properties":{"pid":"024100010198"},"geometry":{"type":"Polygon","coordinates":[[[-84.485803,39.193433],[-84.486255,39.192996],[-84.486296,39.193043],[-84.485857,39.193467],[-84.485803,39.193433]]]}},{"type":"Feature","properties":{"pid":"024100010201"},"geometry":{"type":"Polygon","coordinates":[[[-84.485578,39.193294],[-84.485798,39.19308],[-84.485882,39.193133],[-84.485662,39.193346],[-84.485578,39.193294]]]}},{"type":"Feature","properties":{"pid":"024100010202"},"geometry":{"type":"Polygon","coordinates":[[[-84.485458,39.193125],[-84.485625,39.192967],[-84.485722,39.193029],[-84.485556,39.193188],[-84.485458,39.193125]]]}},{"type":"Feature","properties":{"pid":"024100010205"},"geometry":{"type":"Polygon","coordinates":[[[-84.485938,39.193079],[-84.485572,39.192841],[-84.485625,39.19279],[-84.485992,39.193026],[-84.485938,39.193079]]]}},{"type":"Feature","properties":{"pid":"024100010206"},"geometry":{"type":"Polygon","coordinates":[[[-84.485992,39.193026],[-84.485625,39.19279],[-84.485686,39.192731],[-84.486049,39.192971],[-84.485992,39.193026]]]}},{"type":"Feature","properties":{"pid":"024100010207"},"geometry":{"type":"Polygon","coordinates":[[[-84.486049,39.192971],[-84.485686,39.192731],[-84.485732,39.192687],[-84.486101,39.192921],[-84.486049,39.192971]]]}},{"type":"Feature","properties":{"pid":"024100010208"},"geometry":{"type":"Polygon","coordinates":[[[-84.485732,39.192687],[-84.485789,39.192631],[-84.486164,39.19286],[-84.486101,39.192921],[-84.485732,39.192687]]]}},{"type":"Feature","properties":{"pid":"024100010209"},"geometry":{"type":"Polygon","coordinates":[[[-84.485789,39.192631],[-84.485845,39.192577],[-84.486219,39.192806],[-84.486164,39.19286],[-84.485789,39.192631]]]}},{"type":"Feature","properties":{"pid":"024100010211"},"geometry":{"type":"Polygon","coordinates":[[[-84.485085,39.192986],[-84.485417,39.192671],[-84.485498,39.192723],[-84.485168,39.193038],[-84.485085,39.192986]]]}},{"type":"Feature","properties":{"pid":"024100010212"},"geometry":{"type":"Polygon","coordinates":[[[-84.485001,39.192933],[-84.485339,39.19262],[-84.485417,39.192671],[-84.485085,39.192986],[-84.485001,39.192933]]]}},{"type":"Feature","properties":{"pid":"024100010213"},"geometry":{"type":"Polygon","coordinates":[[[-84.48493,39.192889],[-84.485264,39.192572],[-84.485339,39.19262],[-84.485001,39.192933],[-84.48493,39.192889]]]}},{"type":"Feature","properties":{"pid":"024100010214"},"geometry":{"type":"Polygon","coordinates":[[[-84.484858,39.192844],[-84.485201,39.192531],[-84.485264,39.192572],[-84.48493,39.192889],[-84.484858,39.192844]]]}},{"type":"Feature","properties":{"pid":"024100010215"},"geometry":{"type":"Polygon","coordinates":[[[-84.484787,39.1928],[-84.485126,39.192482],[-84.485201,39.192531],[-84.484858,39.192844],[-84.484787,39.1928]]]}},{"type":"Feature","properties":{"pid":"024100010216"},"geometry":{"type":"Polygon","coordinates":[[[-84.485498,39.192723],[-84.485126,39.192482],[-84.485185,39.192427],[-84.485552,39.192671],[-84.485498,39.192723]]]}},{"type":"Feature","properties":{"pid":"024100010217"},"geometry":{"type":"Polygon","coordinates":[[[-84.485185,39.192427],[-84.485237,39.192378],[-84.485607,39.192618],[-84.485552,39.192671],[-84.485185,39.192427]]]}},{"type":"Feature","properties":{"pid":"024100010218"},"geometry":{"type":"Polygon","coordinates":[[[-84.485237,39.192378],[-84.485293,39.192326],[-84.485668,39.19256],[-84.485607,39.192618],[-84.485237,39.192378]]]}},{"type":"Feature","properties":{"pid":"024100010219"},"geometry":{"type":"Polygon","coordinates":[[[-84.485668,39.19256],[-84.485313,39.192307],[-84.485754,39.192477],[-84.485668,39.19256]]]}},{"type":"Feature","properties":{"pid":"024100010220"},"geometry":{"type":"Polygon","coordinates":[[[-84.484678,39.192731],[-84.484957,39.192467],[-84.485024,39.192508],[-84.484747,39.192775],[-84.484678,39.192731]]]}},{"type":"Feature","properties":{"pid":"024100010221"},"geometry":{"type":"Polygon","coordinates":[[[-84.484617,39.192694],[-84.484897,39.192429],[-84.484957,39.192467],[-84.484678,39.192731],[-84.484617,39.192694]]]}},{"type":"Feature","properties":{"pid":"024100010226"},"geometry":{"type":"Polygon","coordinates":[[[-84.484528,39.192229],[-84.484704,39.19206],[-84.484787,39.192098],[-84.484599,39.192277],[-84.484528,39.192229]]]}},{"type":"Feature","properties":{"pid":"024100010228"},"geometry":{"type":"Polygon","coordinates":[[[-84.484439,39.192198],[-84.4843,39.192107],[-84.484461,39.19195],[-84.484622,39.192022],[-84.484439,39.192198]]]}},{"type":"Feature","properties":{"pid":"024100010229"},"geometry":{"type":"Polygon","coordinates":[[[-84.484197,39.192431],[-84.484058,39.192344],[-84.4843,39.192107],[-84.484439,39.192198],[-84.484197,39.192431]]]}},{"type":"Feature","properties":{"pid":"024100010231"},"geometry":{"type":"Polygon","coordinates":[[[-84.483782,39.192172],[-84.484044,39.19192],[-84.484104,39.191971],[-84.483851,39.192215],[-84.483782,39.192172]]]}},{"type":"Feature","properties":{"pid":"024100010232"},"geometry":{"type":"Polygon","coordinates":[[[-84.483713,39.192129],[-84.484003,39.19185],[-84.484064,39.191901],[-84.483782,39.192172],[-84.483713,39.192129]]]}},{"type":"Feature","properties":{"pid":"024100010234"},"geometry":{"type":"Polygon","coordinates":[[[-84.483576,39.192043],[-84.483885,39.191746],[-84.483945,39.191798],[-84.483644,39.192086],[-84.483576,39.192043]]]}},{"type":"Feature","properties":{"pid":"024100010235"},"geometry":{"type":"Polygon","coordinates":[[[-84.483507,39.192],[-84.483826,39.191694],[-84.483885,39.191746],[-84.483576,39.192043],[-84.483507,39.192]]]}},{"type":"Feature","properties":{"pid":"024100010236"},"geometry":{"type":"Polygon","coordinates":[[[-84.483037,39.191706],[-84.483093,39.191652],[-84.483419,39.191862],[-84.483366,39.191911],[-84.483037,39.191706]]]}},{"type":"Feature","properties":{"pid":"024100010237"},"geometry":{"type":"Polygon","coordinates":[[[-84.483093,39.191652],[-84.483147,39.191601],[-84.483474,39.19181],[-84.483419,39.191862],[-84.483093,39.191652]]]}},{"type":"Feature","properties":{"pid":"024100010238"},"geometry":{"type":"Polygon","coordinates":[[[-84.483147,39.191601],[-84.483259,39.191494],[-84.483588,39.191704],[-84.483474,39.19181],[-84.483147,39.191601]]]}},{"type":"Feature","properties":{"pid":"024100010239"},"geometry":{"type":"Polygon","coordinates":[[[-84.483366,39.191911],[-84.483588,39.191704],[-84.483668,39.191755],[-84.483447,39.191962],[-84.483366,39.191911]]]}},{"type":"Feature","properties":{"pid":"024100010240"},"geometry":{"type":"Polygon","coordinates":[[[-84.483668,39.191755],[-84.483259,39.191494],[-84.483315,39.19144],[-84.483724,39.191702],[-84.483668,39.191755]]]}},{"type":"Feature","properties":{"pid":"024100010241"},"geometry":{"type":"Polygon","coordinates":[[[-84.483315,39.19144],[-84.483369,39.191388],[-84.483777,39.191652],[-84.483724,39.191702],[-84.483315,39.19144]]]}},{"type":"Feature","properties":{"pid":"024100010243"},"geometry":{"type":"Polygon","coordinates":[[[-84.48315,39.193437],[-84.483013,39.193351],[-84.483171,39.193199],[-84.483308,39.193284],[-84.48315,39.193437]]]}},{"type":"Feature","properties":{"pid":"024100010252"},"geometry":{"type":"Polygon","coordinates":[[[-84.484473,39.192603],[-84.48475,39.192338],[-84.484821,39.192383],[-84.484544,39.192648],[-84.484473,39.192603]]]}},{"type":"Feature","properties":{"pid":"024100010253"},"geometry":{"type":"Polygon","coordinates":[[[-84.484544,39.192648],[-84.484821,39.192383],[-84.484897,39.192429],[-84.484617,39.192694],[-84.484544,39.192648]]]}},{"type":"Feature","properties":{"pid":"024100010254"},"geometry":{"type":"Polygon","coordinates":[[[-84.483784,39.191658],[-84.483369,39.191388],[-84.48344,39.191321],[-84.483864,39.191593],[-84.483784,39.191658]]]}},{"type":"Feature","properties":{"pid":"024100010259"},"geometry":{"type":"Polygon","coordinates":[[[-84.483528,39.191237],[-84.483585,39.191183],[-84.484007,39.191457],[-84.483941,39.191519],[-84.483528,39.191237]]]}},{"type":"Feature","properties":{"pid":"024100010260"},"geometry":{"type":"Polygon","coordinates":[[[-84.482077,39.192621],[-84.482143,39.192557],[-84.482371,39.192699],[-84.482304,39.192763],[-84.482077,39.192621]]]}},{"type":"Feature","properties":{"pid":"024100010263"},"geometry":{"type":"Polygon","coordinates":[[[-84.483782,39.192722],[-84.483859,39.192648],[-84.483926,39.192691],[-84.483849,39.192765],[-84.483782,39.192722]]]}},{"type":"Feature","properties":{"pid":"024100010266"},"geometry":{"type":"Polygon","coordinates":[[[-84.483707,39.192794],[-84.483782,39.192722],[-84.483849,39.192765],[-84.483775,39.192836],[-84.483707,39.192794]]]}},{"type":"Feature","properties":{"pid":"024100010270"},"geometry":{"type":"Polygon","coordinates":[[[-84.48529,39.193114],[-84.485515,39.192896],[-84.485625,39.192967],[-84.485399,39.193182],[-84.48529,39.193114]]]}},{"type":"Feature","properties":{"pid":"024100010271"},"geometry":{"type":"Polygon","coordinates":[[[-84.48427,39.192476],[-84.484528,39.192229],[-84.484599,39.192277],[-84.484342,39.192522],[-84.48427,39.192476]]]}},{"type":"Feature","properties":{"pid":"024100010272"},"geometry":{"type":"Polygon","coordinates":[[[-84.484342,39.192522],[-84.484599,39.192277],[-84.484658,39.192316],[-84.484403,39.192559],[-84.484342,39.192522]]]}},{"type":"Feature","properties":{"pid":"024100010273"},"geometry":{"type":"Polygon","coordinates":[[[-84.484197,39.192431],[-84.484456,39.192182],[-84.484528,39.192229],[-84.48427,39.192476],[-84.484197,39.192431]]]}},{"type":"Feature","properties":{"pid":"024100010274"},"geometry":{"type":"Polygon","coordinates":[[[-84.485506,39.193249],[-84.48573,39.193035],[-84.485798,39.19308],[-84.485578,39.193294],[-84.485506,39.193249]]]}},{"type":"Feature","properties":{"pid":"024100010275"},"geometry":{"type":"Polygon","coordinates":[[[-84.485393,39.193452],[-84.485124,39.193275],[-84.48518,39.193221],[-84.485455,39.193393],[-84.485393,39.193452]]]}},{"type":"Feature","properties":{"pid":"024100010276"},"geometry":{"type":"Polygon","coordinates":[[[-84.485343,39.193501],[-84.485073,39.193324],[-84.485124,39.193275],[-84.485392,39.193453],[-84.485343,39.193501]]]}},{"type":"Feature","properties":{"pid":"024100010278"},"geometry":{"type":"Polygon","coordinates":[[[-84.483646,39.191453],[-84.483528,39.191237],[-84.483941,39.191519],[-84.483864,39.191593],[-84.483646,39.191453]]]}},{"type":"Feature","properties":{"pid":"024100010279"},"geometry":{"type":"Polygon","coordinates":[[[-84.483606,39.191163],[-84.483701,39.191072],[-84.483954,39.191411],[-84.483606,39.191163]]]}},{"type":"Feature","properties":{"pid":"024100010280"},"geometry":{"type":"Polygon","coordinates":[[[-84.485145,39.193692],[-84.48487,39.19352],[-84.484921,39.193471],[-84.48519,39.193648],[-84.485145,39.193692]]]}},{"type":"Feature","properties":{"pid":"024100010281"},"geometry":{"type":"Polygon","coordinates":[[[-84.485241,39.193599],[-84.484971,39.193422],[-84.485073,39.193324],[-84.485343,39.193501],[-84.485241,39.193599]]]}},{"type":"Feature","properties":{"pid":"024100010283"},"geometry":{"type":"Polygon","coordinates":[[[-84.484186,39.192003],[-84.48379,39.191663],[-84.483907,39.191552],[-84.484299,39.191895],[-84.484186,39.192003]]]}},{"type":"Feature","properties":{"pid":"024100010286"},"geometry":{"type":"Polygon","coordinates":[[[-84.485465,39.194455],[-84.485725,39.194206],[-84.485653,39.194161],[-84.485704,39.194112],[-84.485841,39.194197],[-84.485533,39.194498],[-84.485465,39.194455]]]}},{"type":"Feature","properties":{"pid":"024100020001"},"geometry":{"type":"Polygon","coordinates":[[[-84.484234,39.191233],[-84.483823,39.190956],[-84.483896,39.190887],[-84.48431,39.191168],[-84.484234,39.191233]]]}},{"type":"Feature","properties":{"pid":"024100020006"},"geometry":{"type":"Polygon","coordinates":[[[-84.485012,39.190274],[-84.484734,39.190087],[-84.484846,39.189981],[-84.485132,39.190174],[-84.485012,39.190274]]]}},{"type":"Feature","properties":{"pid":"024100020007"},"geometry":{"type":"Polygon","coordinates":[[[-84.484846,39.189981],[-84.484958,39.189874],[-84.485248,39.19007],[-84.485132,39.190174],[-84.484846,39.189981]]]}},{"type":"Feature","properties":{"pid":"024100020008"},"geometry":{"type":"Polygon","coordinates":[[[-84.485017,39.190278],[-84.485248,39.19007],[-84.485328,39.190124],[-84.485097,39.190332],[-84.485017,39.190278]]]}},{"type":"Feature","properties":{"pid":"024100020009"},"geometry":{"type":"Polygon","coordinates":[[[-84.485207,39.190406],[-84.485097,39.190332],[-84.485328,39.190124],[-84.485438,39.190198],[-84.485207,39.190406]]]}},{"type":"Feature","properties":{"pid":"024100020010"},"geometry":{"type":"Polygon","coordinates":[[[-84.485207,39.190406],[-84.485438,39.190198],[-84.485518,39.190252],[-84.485288,39.190461],[-84.485207,39.190406]]]}},{"type":"Feature","properties":{"pid":"024100020011"},"geometry":{"type":"Polygon","coordinates":[[[-84.485288,39.190461],[-84.485518,39.190252],[-84.485599,39.190307],[-84.485368,39.190515],[-84.485288,39.190461]]]}},{"type":"Feature","properties":{"pid":"024100020012"},"geometry":{"type":"Polygon","coordinates":[[[-84.485368,39.190515],[-84.485599,39.190307],[-84.485679,39.190361],[-84.485448,39.190569],[-84.485368,39.190515]]]}},{"type":"Feature","properties":{"pid":"024100020015"},"geometry":{"type":"Polygon","coordinates":[[[-84.485127,39.189715],[-84.485185,39.189663],[-84.485519,39.189889],[-84.485461,39.189941],[-84.485127,39.189715]]]}},{"type":"Feature","properties":{"pid":"024100020016"},"geometry":{"type":"Polygon","coordinates":[[[-84.485185,39.189663],[-84.485243,39.189611],[-84.485577,39.189837],[-84.485519,39.189889],[-84.485185,39.189663]]]}},{"type":"Feature","properties":{"pid":"024100020017"},"geometry":{"type":"Polygon","coordinates":[[[-84.485243,39.189611],[-84.4853,39.189559],[-84.485635,39.189785],[-84.485577,39.189837],[-84.485243,39.189611]]]}},{"type":"Feature","properties":{"pid":"024100020018"},"geometry":{"type":"Polygon","coordinates":[[[-84.4853,39.189559],[-84.485358,39.189507],[-84.485693,39.189733],[-84.485635,39.189785],[-84.4853,39.189559]]]}},{"type":"Feature","properties":{"pid":"024100020019"},"geometry":{"type":"Polygon","coordinates":[[[-84.485358,39.189507],[-84.485416,39.189455],[-84.485751,39.189681],[-84.485693,39.189733],[-84.485358,39.189507]]]}},{"type":"Feature","properties":{"pid":"024100020020"},"geometry":{"type":"Polygon","coordinates":[[[-84.485416,39.189455],[-84.485474,39.189403],[-84.485809,39.189629],[-84.485751,39.189681],[-84.485416,39.189455]]]}},{"type":"Feature","properties":{"pid":"024100020021"},"geometry":{"type":"Polygon","coordinates":[[[-84.485474,39.189403],[-84.485532,39.189351],[-84.485866,39.189577],[-84.485809,39.189629],[-84.485474,39.189403]]]}},{"type":"Feature","properties":{"pid":"024100020023"},"geometry":{"type":"Polygon","coordinates":[[[-84.48559,39.1893],[-84.485648,39.189248],[-84.485982,39.189473],[-84.485924,39.189525],[-84.48559,39.1893]]]}},{"type":"Feature","properties":{"pid":"024100020024"},"geometry":{"type":"Polygon","coordinates":[[[-84.485403,39.189993],[-84.485693,39.189733],[-84.485773,39.189787],[-84.485483,39.190048],[-84.485403,39.189993]]]}},{"type":"Feature","properties":{"pid":"024100020025"},"geometry":{"type":"Polygon","coordinates":[[[-84.485483,39.190048],[-84.485773,39.189787],[-84.485853,39.189842],[-84.485564,39.190101],[-84.485483,39.190048]]]}},{"type":"Feature","properties":{"pid":"024100020026"},"geometry":{"type":"Polygon","coordinates":[[[-84.485564,39.190101],[-84.485853,39.189842],[-84.485934,39.189896],[-84.485645,39.190156],[-84.485564,39.190101]]]}},{"type":"Feature","properties":{"pid":"024100020027"},"geometry":{"type":"Polygon","coordinates":[[[-84.485645,39.190156],[-84.485934,39.189896],[-84.486014,39.18995],[-84.485725,39.19021],[-84.485645,39.190156]]]}},{"type":"Feature","properties":{"pid":"024100020028"},"geometry":{"type":"Polygon","coordinates":[[[-84.485725,39.19021],[-84.486014,39.18995],[-84.486095,39.190004],[-84.485805,39.190264],[-84.485725,39.19021]]]}},{"type":"Feature","properties":{"pid":"024100020029"},"geometry":{"type":"Polygon","coordinates":[[[-84.485805,39.190264],[-84.486095,39.190004],[-84.486175,39.190059],[-84.485886,39.190319],[-84.485805,39.190264]]]}},{"type":"Feature","properties":{"pid":"024100020030"},"geometry":{"type":"Polygon","coordinates":[[[-84.485886,39.190319],[-84.486175,39.190059],[-84.486255,39.190113],[-84.485966,39.190373],[-84.485886,39.190319]]]}},{"type":"Feature","properties":{"pid":"024100020032"},"geometry":{"type":"Polygon","coordinates":[[[-84.485773,39.189787],[-84.486063,39.189528],[-84.486143,39.189582],[-84.485853,39.189842],[-84.485773,39.189787]]]}},{"type":"Feature","properties":{"pid":"024100020034"},"geometry":{"type":"Polygon","coordinates":[[[-84.485934,39.189896],[-84.486223,39.189636],[-84.486304,39.18969],[-84.486014,39.18995],[-84.485934,39.189896]]]}},{"type":"Feature","properties":{"pid":"024100020035"},"geometry":{"type":"Polygon","coordinates":[[[-84.486014,39.18995],[-84.486304,39.18969],[-84.486384,39.189745],[-84.486095,39.190004],[-84.486014,39.18995]]]}},{"type":"Feature","properties":{"pid":"024100020036"},"geometry":{"type":"Polygon","coordinates":[[[-84.486095,39.190004],[-84.486384,39.189745],[-84.486464,39.189799],[-84.486175,39.190059],[-84.486095,39.190004]]]}},{"type":"Feature","properties":{"pid":"024100020037"},"geometry":{"type":"Polygon","coordinates":[[[-84.486175,39.190059],[-84.486464,39.189799],[-84.486545,39.189853],[-84.486255,39.190113],[-84.486175,39.190059]]]}},{"type":"Feature","properties":{"pid":"024100020038"},"geometry":{"type":"Polygon","coordinates":[[[-84.485966,39.190373],[-84.486024,39.190321],[-84.48636,39.190548],[-84.486302,39.1906],[-84.485966,39.190373]]]}},{"type":"Feature","properties":{"pid":"024100020039"},"geometry":{"type":"Polygon","coordinates":[[[-84.486033,39.190313],[-84.486082,39.190269],[-84.486417,39.190496],[-84.486369,39.19054],[-84.486033,39.190313]]]}},{"type":"Feature","properties":{"pid":"024100020040"},"geometry":{"type":"Polygon","coordinates":[[[-84.486082,39.190269],[-84.486151,39.190207],[-84.486487,39.190434],[-84.486417,39.190496],[-84.486082,39.190269]]]}},{"type":"Feature","properties":{"pid":"024100020041"},"geometry":{"type":"Polygon","coordinates":[[[-84.486151,39.190207],[-84.486221,39.190144],[-84.486556,39.190371],[-84.486487,39.190434],[-84.486151,39.190207]]]}},{"type":"Feature","properties":{"pid":"024100020042"},"geometry":{"type":"Polygon","coordinates":[[[-84.486221,39.190144],[-84.48629,39.190082],[-84.486625,39.190309],[-84.486556,39.190371],[-84.486221,39.190144]]]}},{"type":"Feature","properties":{"pid":"024100020043"},"geometry":{"type":"Polygon","coordinates":[[[-84.48629,39.190082],[-84.48636,39.19002],[-84.486695,39.190246],[-84.486625,39.190309],[-84.48629,39.190082]]]}},{"type":"Feature","properties":{"pid":"024100020044"},"geometry":{"type":"Polygon","coordinates":[[[-84.48636,39.19002],[-84.486429,39.189957],[-84.486764,39.190184],[-84.486695,39.190246],[-84.48636,39.19002]]]}},{"type":"Feature","properties":{"pid":"024100020045"},"geometry":{"type":"Polygon","coordinates":[[[-84.486429,39.189957],[-84.486487,39.189905],[-84.486822,39.190132],[-84.486764,39.190184],[-84.486429,39.189957]]]}},{"type":"Feature","properties":{"pid":"024100020047"},"geometry":{"type":"Polygon","coordinates":[[[-84.486436,39.190691],[-84.486725,39.190431],[-84.486791,39.190476],[-84.486503,39.190736],[-84.486436,39.190691]]]}},{"type":"Feature","properties":{"pid":"024100020048"},"geometry":{"type":"Polygon","coordinates":[[[-84.486503,39.190736],[-84.486791,39.190476],[-84.486858,39.190521],[-84.486569,39.190781],[-84.486503,39.190736]]]}},{"type":"Feature","properties":{"pid":"024100020049"},"geometry":{"type":"Polygon","coordinates":[[[-84.486569,39.190781],[-84.486858,39.190521],[-84.486938,39.190575],[-84.486649,39.190835],[-84.486569,39.190781]]]}},{"type":"Feature","properties":{"pid":"024100020050"},"geometry":{"type":"Polygon","coordinates":[[[-84.486649,39.190835],[-84.486938,39.190575],[-84.487018,39.190629],[-84.486729,39.190889],[-84.486649,39.190835]]]}},{"type":"Feature","properties":{"pid":"024100020051"},"geometry":{"type":"Polygon","coordinates":[[[-84.486729,39.190889],[-84.487018,39.190629],[-84.487098,39.190683],[-84.486809,39.190943],[-84.486729,39.190889]]]}},{"type":"Feature","properties":{"pid":"024100020052"},"geometry":{"type":"Polygon","coordinates":[[[-84.486809,39.190943],[-84.487098,39.190683],[-84.487177,39.190737],[-84.486889,39.190997],[-84.486809,39.190943]]]}},{"type":"Feature","properties":{"pid":"024100020053"},"geometry":{"type":"Polygon","coordinates":[[[-84.486889,39.190997],[-84.487177,39.190737],[-84.487257,39.190791],[-84.486969,39.191051],[-84.486889,39.190997]]]}},{"type":"Feature","properties":{"pid":"024100020054"},"geometry":{"type":"Polygon","coordinates":[[[-84.486969,39.191051],[-84.487257,39.190791],[-84.487337,39.190845],[-84.487048,39.191105],[-84.486969,39.191051]]]}},{"type":"Feature","properties":{"pid":"024100020055"},"geometry":{"type":"Polygon","coordinates":[[[-84.487048,39.191105],[-84.487337,39.190845],[-84.487417,39.190899],[-84.487128,39.19116],[-84.487048,39.191105]]]}},{"type":"Feature","properties":{"pid":"024100020056"},"geometry":{"type":"Polygon","coordinates":[[[-84.487134,39.191164],[-84.487417,39.190899],[-84.487497,39.190953],[-84.487207,39.191214],[-84.487134,39.191164]]]}},{"type":"Feature","properties":{"pid":"024100020057"},"geometry":{"type":"Polygon","coordinates":[[[-84.487214,39.191219],[-84.487497,39.190953],[-84.487577,39.191007],[-84.487287,39.191268],[-84.487214,39.191219]]]}},{"type":"Feature","properties":{"pid":"024100020058"},"geometry":{"type":"Polygon","coordinates":[[[-84.487287,39.191268],[-84.487577,39.191007],[-84.487656,39.191061],[-84.487367,39.191322],[-84.487287,39.191268]]]}},{"type":"Feature","properties":{"pid":"024100020059"},"geometry":{"type":"Polygon","coordinates":[[[-84.487367,39.191322],[-84.487656,39.191061],[-84.487736,39.191116],[-84.487447,39.191376],[-84.487367,39.191322]]]}},{"type":"Feature","properties":{"pid":"024100020060"},"geometry":{"type":"Polygon","coordinates":[[[-84.487447,39.191376],[-84.487736,39.191116],[-84.487816,39.19117],[-84.487527,39.19143],[-84.487447,39.191376]]]}},{"type":"Feature","properties":{"pid":"024100020061"},"geometry":{"type":"Polygon","coordinates":[[[-84.487527,39.19143],[-84.487816,39.19117],[-84.487896,39.191224],[-84.487607,39.191484],[-84.487527,39.19143]]]}},{"type":"Feature","properties":{"pid":"024100020062"},"geometry":{"type":"Polygon","coordinates":[[[-84.487607,39.191484],[-84.487896,39.191224],[-84.487976,39.191278],[-84.487687,39.191539],[-84.487607,39.191484]]]}},{"type":"Feature","properties":{"pid":"024100020063"},"geometry":{"type":"Polygon","coordinates":[[[-84.487687,39.191539],[-84.487976,39.191278],[-84.488056,39.191332],[-84.487767,39.191593],[-84.487687,39.191539]]]}},{"type":"Feature","properties":{"pid":"024100020064"},"geometry":{"type":"Polygon","coordinates":[[[-84.487777,39.1916],[-84.488056,39.191332],[-84.488115,39.191372],[-84.487853,39.191651],[-84.487777,39.1916]]]}},{"type":"Feature","properties":{"pid":"024100020066"},"geometry":{"type":"Polygon","coordinates":[[[-84.488033,39.191681],[-84.488085,39.191625],[-84.488196,39.1917],[-84.488144,39.191756],[-84.488033,39.191681]]]}},{"type":"Feature","properties":{"pid":"024100020068"},"geometry":{"type":"Polygon","coordinates":[[[-84.488355,39.191698],[-84.488021,39.191472],[-84.488083,39.191405],[-84.488418,39.191631],[-84.488355,39.191698]]]}},{"type":"Feature","properties":{"pid":"024100020071"},"geometry":{"type":"Polygon","coordinates":[[[-84.488146,39.191338],[-84.488208,39.191271],[-84.488543,39.191497],[-84.48848,39.191564],[-84.488146,39.191338]]]}},{"type":"Feature","properties":{"pid":"024100020073"},"geometry":{"type":"Polygon","coordinates":[[[-84.488271,39.191204],[-84.488323,39.191148],[-84.488658,39.191374],[-84.488605,39.19143],[-84.488271,39.191204]]]}},{"type":"Feature","properties":{"pid":"024100020076"},"geometry":{"type":"Polygon","coordinates":[[[-84.487986,39.191284],[-84.488265,39.191017],[-84.488345,39.191071],[-84.488056,39.191332],[-84.487986,39.191284]]]}},{"type":"Feature","properties":{"pid":"024100020077"},"geometry":{"type":"Polygon","coordinates":[[[-84.487905,39.19123],[-84.488185,39.190963],[-84.488265,39.191017],[-84.487976,39.191278],[-84.487905,39.19123]]]}},{"type":"Feature","properties":{"pid":"024100020078"},"geometry":{"type":"Polygon","coordinates":[[[-84.487824,39.191175],[-84.488105,39.190909],[-84.488185,39.190963],[-84.487896,39.191224],[-84.487824,39.191175]]]}},{"type":"Feature","properties":{"pid":"024100020079"},"geometry":{"type":"Polygon","coordinates":[[[-84.487744,39.191121],[-84.488025,39.190855],[-84.488105,39.190909],[-84.487816,39.19117],[-84.487744,39.191121]]]}},{"type":"Feature","properties":{"pid":"024100020080"},"geometry":{"type":"Polygon","coordinates":[[[-84.487664,39.191066],[-84.487945,39.190801],[-84.488025,39.190855],[-84.487736,39.191116],[-84.487664,39.191066]]]}},{"type":"Feature","properties":{"pid":"024100020081"},"geometry":{"type":"Polygon","coordinates":[[[-84.487577,39.191007],[-84.487865,39.190747],[-84.487945,39.190801],[-84.487656,39.191061],[-84.487577,39.191007]]]}},{"type":"Feature","properties":{"pid":"024100020082"},"geometry":{"type":"Polygon","coordinates":[[[-84.487567,39.191001],[-84.487497,39.190953],[-84.487786,39.190693],[-84.487865,39.190747],[-84.487567,39.191001]]]}},{"type":"Feature","properties":{"pid":"024100020085"},"geometry":{"type":"Polygon","coordinates":[[[-84.487342,39.190848],[-84.487626,39.190585],[-84.487706,39.190639],[-84.487417,39.190899],[-84.487342,39.190848]]]}},{"type":"Feature","properties":{"pid":"024100020086"},"geometry":{"type":"Polygon","coordinates":[[[-84.487261,39.190794],[-84.487546,39.190531],[-84.487626,39.190585],[-84.487337,39.190845],[-84.487261,39.190794]]]}},{"type":"Feature","properties":{"pid":"024100020087"},"geometry":{"type":"Polygon","coordinates":[[[-84.487181,39.190739],[-84.487466,39.190477],[-84.487546,39.190531],[-84.487257,39.190791],[-84.487181,39.190739]]]}},{"type":"Feature","properties":{"pid":"024100020088"},"geometry":{"type":"Polygon","coordinates":[[[-84.4871,39.190685],[-84.487386,39.190422],[-84.487466,39.190477],[-84.487177,39.190737],[-84.4871,39.190685]]]}},{"type":"Feature","properties":{"pid":"024100020090"},"geometry":{"type":"Polygon","coordinates":[[[-84.48702,39.19063],[-84.487306,39.190368],[-84.487348,39.190397],[-84.48706,39.190658],[-84.48702,39.19063]]]}},{"type":"Feature","properties":{"pid":"024100020092"},"geometry":{"type":"Polygon","coordinates":[[[-84.486859,39.190521],[-84.487147,39.19026],[-84.487227,39.190314],[-84.486938,39.190575],[-84.486859,39.190521]]]}},{"type":"Feature","properties":{"pid":"024100020093"},"geometry":{"type":"Polygon","coordinates":[[[-84.486792,39.190476],[-84.48708,39.190215],[-84.487147,39.19026],[-84.486858,39.190521],[-84.486792,39.190476]]]}},{"type":"Feature","properties":{"pid":"024100020096"},"geometry":{"type":"Polygon","coordinates":[[[-84.486098,39.18937],[-84.486388,39.18911],[-84.486469,39.189164],[-84.486179,39.189424],[-84.486098,39.18937]]]}},{"type":"Feature","properties":{"pid":"024100020098"},"geometry":{"type":"Polygon","coordinates":[[[-84.486299,39.189505],[-84.486232,39.18946],[-84.486522,39.1892],[-84.486589,39.189245],[-84.486299,39.189505]]]}},{"type":"Feature","properties":{"pid":"024100020100"},"geometry":{"type":"Polygon","coordinates":[[[-84.486339,39.189532],[-84.486629,39.189273],[-84.486709,39.189327],[-84.486419,39.189587],[-84.486339,39.189532]]]}},{"type":"Feature","properties":{"pid":"024100020103"},"geometry":{"type":"Polygon","coordinates":[[[-84.48658,39.189695],[-84.4865,39.189641],[-84.486789,39.189381],[-84.486875,39.189439],[-84.48658,39.189695]]]}},{"type":"Feature","properties":{"pid":"024100020104"},"geometry":{"type":"Polygon","coordinates":[[[-84.486585,39.189699],[-84.486875,39.189439],[-84.48695,39.189489],[-84.48666,39.189749],[-84.486585,39.189699]]]}},{"type":"Feature","properties":{"pid":"024100020105"},"geometry":{"type":"Polygon","coordinates":[[[-84.487869,39.191662],[-84.488021,39.191472],[-84.488147,39.191557],[-84.487981,39.191738],[-84.487869,39.191662]]]}},{"type":"Feature","properties":{"pid":"024100020106"},"geometry":{"type":"Polygon","coordinates":[[[-84.484007,39.191457],[-84.483701,39.191072],[-84.483742,39.191033],[-84.484163,39.191308],[-84.484007,39.191457]]]}},{"type":"Feature","properties":{"pid":"024100020107"},"geometry":{"type":"Polygon","coordinates":[[[-84.484841,39.190661],[-84.484427,39.19038],[-84.484493,39.190317],[-84.484909,39.190599],[-84.484841,39.190661]]]}},{"type":"Feature","properties":{"pid":"024100020108"},"geometry":{"type":"Polygon","coordinates":[[[-84.48666,39.189749],[-84.486718,39.189697],[-84.487053,39.189923],[-84.486995,39.189976],[-84.48666,39.189749]]]}},{"type":"Feature","properties":{"pid":"024100020112"},"geometry":{"type":"Polygon","coordinates":[[[-84.48688,39.189552],[-84.48695,39.189489],[-84.487284,39.189715],[-84.487215,39.189778],[-84.48688,39.189552]]]}},{"type":"Feature","properties":{"pid":"024100020113"},"geometry":{"type":"Polygon","coordinates":[[[-84.48695,39.189489],[-84.486984,39.189458],[-84.487319,39.189684],[-84.487284,39.189715],[-84.48695,39.189489]]]}},{"type":"Feature","properties":{"pid":"024100020117"},"geometry":{"type":"Polygon","coordinates":[[[-84.487181,39.189281],[-84.487239,39.189229],[-84.487573,39.189455],[-84.487515,39.189507],[-84.487181,39.189281]]]}},{"type":"Feature","properties":{"pid":"024100020119"},"geometry":{"type":"Polygon","coordinates":[[[-84.487196,39.190111],[-84.487484,39.189851],[-84.487551,39.189896],[-84.487263,39.190157],[-84.487196,39.190111]]]}},{"type":"Feature","properties":{"pid":"024100020120"},"geometry":{"type":"Polygon","coordinates":[[[-84.487263,39.190157],[-84.487551,39.189896],[-84.487631,39.18995],[-84.487343,39.190211],[-84.487263,39.190157]]]}},{"type":"Feature","properties":{"pid":"024100020121"},"geometry":{"type":"Polygon","coordinates":[[[-84.487343,39.190211],[-84.487631,39.18995],[-84.487712,39.190004],[-84.487424,39.190265],[-84.487343,39.190211]]]}},{"type":"Feature","properties":{"pid":"024100020123"},"geometry":{"type":"Polygon","coordinates":[[[-84.487504,39.19032],[-84.487792,39.190059],[-84.487832,39.190086],[-84.487544,39.190347],[-84.487504,39.19032]]]}},{"type":"Feature","properties":{"pid":"024100020125"},"geometry":{"type":"Polygon","coordinates":[[[-84.487584,39.190374],[-84.487872,39.190113],[-84.487952,39.190167],[-84.487665,39.190428],[-84.487584,39.190374]]]}},{"type":"Feature","properties":{"pid":"024100020126"},"geometry":{"type":"Polygon","coordinates":[[[-84.487665,39.190428],[-84.487952,39.190167],[-84.488033,39.190221],[-84.487745,39.190483],[-84.487665,39.190428]]]}},{"type":"Feature","properties":{"pid":"024100020127"},"geometry":{"type":"Polygon","coordinates":[[[-84.487745,39.190483],[-84.488033,39.190221],[-84.488113,39.190276],[-84.487825,39.190537],[-84.487745,39.190483]]]}},{"type":"Feature","properties":{"pid":"024100020128"},"geometry":{"type":"Polygon","coordinates":[[[-84.487825,39.190537],[-84.488113,39.190276],[-84.488193,39.19033],[-84.487906,39.190592],[-84.487825,39.190537]]]}},{"type":"Feature","properties":{"pid":"024100020131"},"geometry":{"type":"Polygon","coordinates":[[[-84.487986,39.190646],[-84.488273,39.190384],[-84.488354,39.190439],[-84.488066,39.1907],[-84.487986,39.190646]]]}},{"type":"Feature","properties":{"pid":"024100020132"},"geometry":{"type":"Polygon","coordinates":[[[-84.488066,39.1907],[-84.488354,39.190439],[-84.488434,39.190493],[-84.488147,39.190755],[-84.488066,39.1907]]]}},{"type":"Feature","properties":{"pid":"024100020133"},"geometry":{"type":"Polygon","coordinates":[[[-84.488147,39.190755],[-84.488434,39.190493],[-84.488514,39.190547],[-84.488227,39.190809],[-84.488147,39.190755]]]}},{"type":"Feature","properties":{"pid":"066100010001"},"geometry":{"type":"Polygon","coordinates":[[[-84.485764,39.189144],[-84.48588,39.18904],[-84.486081,39.189175],[-84.485965,39.189279],[-84.485764,39.189144]]]}},{"type":"Feature","properties":{"pid":"066100010002"},"geometry":{"type":"Polygon","coordinates":[[[-84.485965,39.189279],[-84.486081,39.189175],[-84.486214,39.189266],[-84.486098,39.18937],[-84.485965,39.189279]]]}},{"type":"Feature","properties":{"pid":"066100010004"},"geometry":{"type":"Polygon","coordinates":[[[-84.485938,39.188988],[-84.485996,39.188936],[-84.48633,39.189162],[-84.486272,39.189214],[-84.485938,39.188988]]]}},{"type":"Feature","properties":{"pid":"066100010005"},"geometry":{"type":"Polygon","coordinates":[[[-84.485996,39.188936],[-84.486054,39.188884],[-84.486388,39.18911],[-84.48633,39.189162],[-84.485996,39.188936]]]}},{"type":"Feature","properties":{"pid":"066100010006"},"geometry":{"type":"Polygon","coordinates":[[[-84.486054,39.188884],[-84.486112,39.188832],[-84.486446,39.189058],[-84.486388,39.18911],[-84.486054,39.188884]]]}},{"type":"Feature","properties":{"pid":"066100010007"},"geometry":{"type":"Polygon","coordinates":[[[-84.486112,39.188832],[-84.48617,39.188781],[-84.486504,39.189006],[-84.486446,39.189058],[-84.486112,39.188832]]]}},{"type":"Feature","properties":{"pid":"066100010008"},"geometry":{"type":"Polygon","coordinates":[[[-84.48617,39.188781],[-84.486228,39.188729],[-84.486562,39.188954],[-84.486504,39.189006],[-84.48617,39.188781]]]}},{"type":"Feature","properties":{"pid":"066100010009"},"geometry":{"type":"Polygon","coordinates":[[[-84.486228,39.188729],[-84.486345,39.188626],[-84.486585,39.188787],[-84.486469,39.188891],[-84.486228,39.188729]]]}},{"type":"Feature","properties":{"pid":"066100010010"},"geometry":{"type":"Polygon","coordinates":[[[-84.486469,39.188891],[-84.486585,39.188787],[-84.486678,39.18885],[-84.486562,39.188954],[-84.486469,39.188891]]]}},{"type":"Feature","properties":{"pid":"066100010011"},"geometry":{"type":"Polygon","coordinates":[[[-84.486388,39.18911],[-84.486678,39.18885],[-84.486759,39.188905],[-84.486469,39.189164],[-84.486388,39.18911]]]}},{"type":"Feature","properties":{"pid":"066100010012"},"geometry":{"type":"Polygon","coordinates":[[[-84.486549,39.189218],[-84.486469,39.189164],[-84.486759,39.188905],[-84.486839,39.188959],[-84.486549,39.189218]]]}},{"type":"Feature","properties":{"pid":"066100010013"},"geometry":{"type":"Polygon","coordinates":[[[-84.486629,39.189273],[-84.486549,39.189218],[-84.486839,39.188959],[-84.486919,39.189013],[-84.486629,39.189273]]]}},{"type":"Feature","properties":{"pid":"066100010014"},"geometry":{"type":"Polygon","coordinates":[[[-84.486629,39.189273],[-84.486919,39.189013],[-84.486999,39.189067],[-84.486709,39.189327],[-84.486629,39.189273]]]}},{"type":"Feature","properties":{"pid":"066100010015"},"geometry":{"type":"Polygon","coordinates":[[[-84.486789,39.189381],[-84.486709,39.189327],[-84.486999,39.189067],[-84.487084,39.189125],[-84.486789,39.189381]]]}},{"type":"Feature","properties":{"pid":"066100010016"},"geometry":{"type":"Polygon","coordinates":[[[-84.486795,39.189385],[-84.487084,39.189125],[-84.487159,39.189175],[-84.48687,39.189435],[-84.486795,39.189385]]]}},{"type":"Feature","properties":{"pid":"066100010017"},"geometry":{"type":"Polygon","coordinates":[[[-84.486917,39.189393],[-84.487159,39.189175],[-84.487239,39.189229],[-84.486997,39.189446],[-84.486917,39.189393]]]}},{"type":"Feature","properties":{"pid":"066100010020"},"geometry":{"type":"Polygon","coordinates":[[[-84.487955,39.189531],[-84.488243,39.18927],[-84.488323,39.189324],[-84.488035,39.189585],[-84.487955,39.189531]]]}},{"type":"Feature","properties":{"pid":"066100010022"},"geometry":{"type":"Polygon","coordinates":[[[-84.488642,39.189539],[-84.48893,39.189278],[-84.489009,39.189332],[-84.488722,39.189593],[-84.488642,39.189539]]]}},{"type":"Feature","properties":{"pid":"066100010023"},"geometry":{"type":"Polygon","coordinates":[[[-84.488562,39.189485],[-84.48885,39.189224],[-84.48893,39.189278],[-84.488642,39.189539],[-84.488562,39.189485]]]}},{"type":"Feature","properties":{"pid":"066100010024"},"geometry":{"type":"Polygon","coordinates":[[[-84.488483,39.189431],[-84.48877,39.18917],[-84.48885,39.189224],[-84.488562,39.189485],[-84.488483,39.189431]]]}},{"type":"Feature","properties":{"pid":"066100010025"},"geometry":{"type":"Polygon","coordinates":[[[-84.488403,39.189378],[-84.488691,39.189116],[-84.48877,39.18917],[-84.488483,39.189431],[-84.488403,39.189378]]]}},{"type":"Feature","properties":{"pid":"066100010026"},"geometry":{"type":"Polygon","coordinates":[[[-84.488323,39.189324],[-84.488611,39.189063],[-84.488691,39.189116],[-84.488403,39.189378],[-84.488323,39.189324]]]}},{"type":"Feature","properties":{"pid":"024100020134"},"geometry":{"type":"Polygon","coordinates":[[[-84.488227,39.190809],[-84.488514,39.190547],[-84.488594,39.190601],[-84.488308,39.190864],[-84.488227,39.190809]]]}},{"type":"Feature","properties":{"pid":"024100020136"},"geometry":{"type":"Polygon","coordinates":[[[-84.488388,39.190918],[-84.488675,39.190656],[-84.488741,39.1907],[-84.48848,39.19098],[-84.488388,39.190918]]]}},{"type":"Feature","properties":{"pid":"024100020137"},"geometry":{"type":"Polygon","coordinates":[[[-84.48848,39.19098],[-84.488532,39.190924],[-84.488866,39.19115],[-84.488814,39.191206],[-84.48848,39.19098]]]}},{"type":"Feature","properties":{"pid":"024100020138"},"geometry":{"type":"Polygon","coordinates":[[[-84.488532,39.190924],[-84.488584,39.190868],[-84.488919,39.191094],[-84.488866,39.19115],[-84.488532,39.190924]]]}},{"type":"Feature","properties":{"pid":"024100020139"},"geometry":{"type":"Polygon","coordinates":[[[-84.488584,39.190868],[-84.488647,39.190801],[-84.488981,39.191027],[-84.488919,39.191094],[-84.488584,39.190868]]]}},{"type":"Feature","properties":{"pid":"024100020141"},"geometry":{"type":"Polygon","coordinates":[[[-84.48871,39.190734],[-84.488772,39.190667],[-84.489107,39.190893],[-84.489044,39.19096],[-84.48871,39.190734]]]}},{"type":"Feature","properties":{"pid":"024100020142"},"geometry":{"type":"Polygon","coordinates":[[[-84.488772,39.190667],[-84.488835,39.1906],[-84.489169,39.190826],[-84.489107,39.190893],[-84.488772,39.190667]]]}},{"type":"Feature","properties":{"pid":"024100020143"},"geometry":{"type":"Polygon","coordinates":[[[-84.488835,39.1906],[-84.488898,39.190533],[-84.489232,39.190758],[-84.489169,39.190826],[-84.488835,39.1906]]]}},{"type":"Feature","properties":{"pid":"024100020145"},"geometry":{"type":"Polygon","coordinates":[[[-84.48895,39.190477],[-84.489002,39.190421],[-84.489336,39.190647],[-84.489284,39.190703],[-84.48895,39.190477]]]}},{"type":"Feature","properties":{"pid":"024100020147"},"geometry":{"type":"Polygon","coordinates":[[[-84.488594,39.190601],[-84.488881,39.190339],[-84.488961,39.190393],[-84.488675,39.190656],[-84.488594,39.190601]]]}},{"type":"Feature","properties":{"pid":"024100020149"},"geometry":{"type":"Polygon","coordinates":[[[-84.488434,39.190493],[-84.488721,39.190231],[-84.488801,39.190285],[-84.488514,39.190547],[-84.488434,39.190493]]]}},{"type":"Feature","properties":{"pid":"024100020151"},"geometry":{"type":"Polygon","coordinates":[[[-84.488273,39.190384],[-84.48856,39.190122],[-84.488641,39.190176],[-84.488354,39.190439],[-84.488273,39.190384]]]}},{"type":"Feature","properties":{"pid":"024100020152"},"geometry":{"type":"Polygon","coordinates":[[[-84.488273,39.190384],[-84.488193,39.19033],[-84.48848,39.190068],[-84.48856,39.190122],[-84.488273,39.190384]]]}},{"type":"Feature","properties":{"pid":"024100020155"},"geometry":{"type":"Polygon","coordinates":[[[-84.487952,39.190167],[-84.48824,39.189906],[-84.48832,39.18996],[-84.488033,39.190221],[-84.487952,39.190167]]]}},{"type":"Feature","properties":{"pid":"024100020156"},"geometry":{"type":"Polygon","coordinates":[[[-84.487872,39.190113],[-84.48816,39.189851],[-84.48824,39.189906],[-84.487952,39.190167],[-84.487872,39.190113]]]}},{"type":"Feature","properties":{"pid":"024100020157"},"geometry":{"type":"Polygon","coordinates":[[[-84.487872,39.190113],[-84.487792,39.190059],[-84.48808,39.189797],[-84.48816,39.189851],[-84.487872,39.190113]]]}},{"type":"Feature","properties":{"pid":"024100020158"},"geometry":{"type":"Polygon","coordinates":[[[-84.487712,39.190004],[-84.488,39.189743],[-84.48808,39.189797],[-84.487792,39.190059],[-84.487712,39.190004]]]}},{"type":"Feature","properties":{"pid":"024100020159"},"geometry":{"type":"Polygon","coordinates":[[[-84.487631,39.18995],[-84.48792,39.189689],[-84.488,39.189743],[-84.487712,39.190004],[-84.487631,39.18995]]]}},{"type":"Feature","properties":{"pid":"024100020160"},"geometry":{"type":"Polygon","coordinates":[[[-84.487551,39.189896],[-84.487839,39.189635],[-84.48792,39.189689],[-84.487631,39.18995],[-84.487551,39.189896]]]}},{"type":"Feature","properties":{"pid":"024100020162"},"geometry":{"type":"Polygon","coordinates":[[[-84.487418,39.189805],[-84.487706,39.189545],[-84.487773,39.18959],[-84.487484,39.189851],[-84.487418,39.189805]]]}},{"type":"Feature","properties":{"pid":"024100020163"},"geometry":{"type":"Polygon","coordinates":[[[-84.484158,39.191305],[-84.483742,39.191033],[-84.483823,39.190956],[-84.484239,39.191236],[-84.484158,39.191305]]]}},{"type":"Feature","properties":{"pid":"024100020164"},"geometry":{"type":"Polygon","coordinates":[[[-84.484371,39.191104],[-84.48396,39.190825],[-84.484021,39.190767],[-84.484441,39.191044],[-84.484371,39.191104]]]}},{"type":"Feature","properties":{"pid":"024100020165"},"geometry":{"type":"Polygon","coordinates":[[[-84.484441,39.191044],[-84.484506,39.190982],[-84.484946,39.19128],[-84.484885,39.191337],[-84.484441,39.191044]]]}},{"type":"Feature","properties":{"pid":"024100020166"},"geometry":{"type":"Polygon","coordinates":[[[-84.488092,39.191813],[-84.488258,39.191632],[-84.488355,39.191698],[-84.488188,39.191877],[-84.488092,39.191813]]]}},{"type":"Feature","properties":{"pid":"024100020167"},"geometry":{"type":"Polygon","coordinates":[[[-84.488115,39.189639],[-84.488403,39.189378],[-84.488483,39.189431],[-84.488195,39.189693],[-84.488115,39.189639]]]}},{"type":"Feature","properties":{"pid":"024100020168"},"geometry":{"type":"Polygon","coordinates":[[[-84.488195,39.189693],[-84.488483,39.189431],[-84.488562,39.189485],[-84.488275,39.189747],[-84.488195,39.189693]]]}},{"type":"Feature","properties":{"pid":"024100020169"},"geometry":{"type":"Polygon","coordinates":[[[-84.488275,39.189747],[-84.488562,39.189485],[-84.488642,39.189539],[-84.488355,39.189801],[-84.488275,39.189747]]]}},{"type":"Feature","properties":{"pid":"024100020171"},"geometry":{"type":"Polygon","coordinates":[[[-84.488435,39.189855],[-84.488722,39.189593],[-84.488802,39.189647],[-84.488515,39.189909],[-84.488435,39.189855]]]}},{"type":"Feature","properties":{"pid":"024100020172"},"geometry":{"type":"Polygon","coordinates":[[[-84.488515,39.189909],[-84.488802,39.189647],[-84.488882,39.189701],[-84.488595,39.189963],[-84.488515,39.189909]]]}},{"type":"Feature","properties":{"pid":"024100020174"},"geometry":{"type":"Polygon","coordinates":[[[-84.488675,39.190017],[-84.488962,39.189755],[-84.489042,39.189809],[-84.488755,39.190071],[-84.488675,39.190017]]]}},{"type":"Feature","properties":{"pid":"024100020175"},"geometry":{"type":"Polygon","coordinates":[[[-84.488755,39.190071],[-84.489042,39.189809],[-84.489122,39.189863],[-84.488835,39.190126],[-84.488755,39.190071]]]}},{"type":"Feature","properties":{"pid":"024100020176"},"geometry":{"type":"Polygon","coordinates":[[[-84.488835,39.190126],[-84.489122,39.189863],[-84.489202,39.189917],[-84.488915,39.19018],[-84.488835,39.190126]]]}},{"type":"Feature","properties":{"pid":"024100020179"},"geometry":{"type":"Polygon","coordinates":[[[-84.488996,39.190234],[-84.489282,39.189971],[-84.489362,39.190025],[-84.489105,39.190308],[-84.488996,39.190234]]]}},{"type":"Feature","properties":{"pid":"024100020181"},"geometry":{"type":"Polygon","coordinates":[[[-84.489157,39.190251],[-84.489208,39.190195],[-84.489542,39.190421],[-84.489491,39.190477],[-84.489157,39.190251]]]}},{"type":"Feature","properties":{"pid":"024100020183"},"geometry":{"type":"Polygon","coordinates":[[[-84.489269,39.190127],[-84.489331,39.190059],[-84.489665,39.190285],[-84.489604,39.190353],[-84.489269,39.190127]]]}},{"type":"Feature","properties":{"pid":"024100020184"},"geometry":{"type":"Polygon","coordinates":[[[-84.489331,39.190059],[-84.489393,39.189991],[-84.489727,39.190217],[-84.489665,39.190285],[-84.489331,39.190059]]]}},{"type":"Feature","properties":{"pid":"024100020185"},"geometry":{"type":"Polygon","coordinates":[[[-84.489393,39.189991],[-84.489454,39.189924],[-84.489789,39.190149],[-84.489727,39.190217],[-84.489393,39.189991]]]}},{"type":"Feature","properties":{"pid":"024100020186"},"geometry":{"type":"Polygon","coordinates":[[[-84.489454,39.189924],[-84.489516,39.189856],[-84.489851,39.190082],[-84.489789,39.190149],[-84.489454,39.189924]]]}},{"type":"Feature","properties":{"pid":"024100020187"},"geometry":{"type":"Polygon","coordinates":[[[-84.489516,39.189856],[-84.489567,39.189799],[-84.489902,39.190025],[-84.489851,39.190082],[-84.489516,39.189856]]]}},{"type":"Feature","properties":{"pid":"024100020188"},"geometry":{"type":"Polygon","coordinates":[[[-84.489567,39.189799],[-84.489618,39.189743],[-84.489952,39.189968],[-84.489902,39.190025],[-84.489567,39.189799]]]}},{"type":"Feature","properties":{"pid":"024100020189"},"geometry":{"type":"Polygon","coordinates":[[[-84.489282,39.189971],[-84.489549,39.189696],[-84.489618,39.189743],[-84.489362,39.190025],[-84.489282,39.189971]]]}},{"type":"Feature","properties":{"pid":"024100020190"},"geometry":{"type":"Polygon","coordinates":[[[-84.489242,39.189944],[-84.489192,39.189911],[-84.489479,39.189648],[-84.489549,39.189696],[-84.489242,39.189944]]]}},{"type":"Feature","properties":{"pid":"024100020191"},"geometry":{"type":"Polygon","coordinates":[[[-84.489122,39.189863],[-84.489408,39.189601],[-84.489479,39.189648],[-84.489192,39.189911],[-84.489122,39.189863]]]}},{"type":"Feature","properties":{"pid":"024100020192"},"geometry":{"type":"Polygon","coordinates":[[[-84.489042,39.189809],[-84.489328,39.189547],[-84.489408,39.189601],[-84.489122,39.189863],[-84.489042,39.189809]]]}},{"type":"Feature","properties":{"pid":"024100020193"},"geometry":{"type":"Polygon","coordinates":[[[-84.488962,39.189755],[-84.489249,39.189493],[-84.489328,39.189547],[-84.489042,39.189809],[-84.488962,39.189755]]]}},{"type":"Feature","properties":{"pid":"024100020194"},"geometry":{"type":"Polygon","coordinates":[[[-84.488882,39.189701],[-84.489169,39.189439],[-84.489249,39.189493],[-84.488962,39.189755],[-84.488882,39.189701]]]}},{"type":"Feature","properties":{"pid":"024100020195"},"geometry":{"type":"Polygon","coordinates":[[[-84.488802,39.189647],[-84.489089,39.189385],[-84.489169,39.189439],[-84.488882,39.189701],[-84.488802,39.189647]]]}},{"type":"Feature","properties":{"pid":"024100020196"},"geometry":{"type":"Polygon","coordinates":[[[-84.488722,39.189593],[-84.489009,39.189332],[-84.489089,39.189385],[-84.488802,39.189647],[-84.488722,39.189593]]]}},{"type":"Feature","properties":{"pid":"024100020197"},"geometry":{"type":"Polygon","coordinates":[[[-84.484923,39.190349],[-84.485012,39.190274],[-84.485125,39.190351],[-84.485046,39.190424],[-84.484923,39.190349]]]}},{"type":"Feature","properties":{"pid":"024100020198"},"geometry":{"type":"Polygon","coordinates":[[[-84.484306,39.191165],[-84.483896,39.190887],[-84.48396,39.190825],[-84.484375,39.191107],[-84.484306,39.191165]]]}},{"type":"Feature","properties":{"pid":"024100020202"},"geometry":{"type":"Polygon","coordinates":[[[-84.489523,39.189496],[-84.48981,39.189235],[-84.48989,39.189289],[-84.489603,39.18955],[-84.489523,39.189496]]]}},{"type":"Feature","properties":{"pid":"024100020203"},"geometry":{"type":"Polygon","coordinates":[[[-84.489603,39.18955],[-84.48989,39.189289],[-84.489993,39.189358],[-84.489733,39.189638],[-84.489603,39.18955]]]}},{"type":"Feature","properties":{"pid":"024100020204"},"geometry":{"type":"Polygon","coordinates":[[[-84.489733,39.189638],[-84.489785,39.189582],[-84.490119,39.189808],[-84.490067,39.189863],[-84.489733,39.189638]]]}},{"type":"Feature","properties":{"pid":"024100020206"},"geometry":{"type":"Polygon","coordinates":[[[-84.489837,39.189526],[-84.4899,39.189459],[-84.490234,39.189685],[-84.490171,39.189752],[-84.489837,39.189526]]]}},{"type":"Feature","properties":{"pid":"024100020207"},"geometry":{"type":"Polygon","coordinates":[[[-84.4899,39.189459],[-84.489962,39.189392],[-84.490297,39.189618],[-84.490234,39.189685],[-84.4899,39.189459]]]}},{"type":"Feature","properties":{"pid":"024100020208"},"geometry":{"type":"Polygon","coordinates":[[[-84.483989,39.191516],[-84.484031,39.191478],[-84.484446,39.191755],[-84.484299,39.191895],[-84.483989,39.191516]]]}},{"type":"Feature","properties":{"pid":"024100020209"},"geometry":{"type":"Polygon","coordinates":[[[-84.48431,39.191168],[-84.484375,39.191107],[-84.484813,39.191405],[-84.484749,39.191466],[-84.48431,39.191168]]]}},{"type":"Feature","properties":{"pid":"024100020210"},"geometry":{"type":"Polygon","coordinates":[[[-84.48687,39.193704],[-84.488321,39.192145],[-84.488241,39.19209],[-84.490763,39.189351],[-84.491087,39.189359],[-84.490889,39.189572],[-84.490939,39.189821],[-84.48946,39.19147],[-84.489255,39.191323],[-84.48695,39.193818],[-84.48687,39.193704]]]}},{"type":"Feature","properties":{"pid":"024100020211"},"geometry":{"type":"Polygon","coordinates":[[[-84.484909,39.190599],[-84.484979,39.190532],[-84.485418,39.19083],[-84.485349,39.190896],[-84.484909,39.190599]]]}},{"type":"Feature","properties":{"pid":"024100020212"},"geometry":{"type":"Polygon","coordinates":[[[-84.484979,39.190532],[-84.485073,39.190443],[-84.485512,39.19074],[-84.485418,39.19083],[-84.484979,39.190532]]]}},{"type":"Feature","properties":{"pid":"024100020213"},"geometry":{"type":"Polygon","coordinates":[[[-84.484777,39.190724],[-84.484843,39.190662],[-84.485281,39.19096],[-84.485216,39.191023],[-84.484777,39.190724]]]}},{"type":"Feature","properties":{"pid":"024100020215"},"geometry":{"type":"Polygon","coordinates":[[[-84.484706,39.190792],[-84.484777,39.190724],[-84.485216,39.191023],[-84.485147,39.191088],[-84.484706,39.190792]]]}},{"type":"Feature","properties":{"pid":"024100020216"},"geometry":{"type":"Polygon","coordinates":[[[-84.484908,39.190598],[-84.484493,39.190317],[-84.484564,39.19025],[-84.484979,39.190532],[-84.484908,39.190598]]]}},{"type":"Feature","properties":{"pid":"024100020217"},"geometry":{"type":"Polygon","coordinates":[[[-84.484575,39.190917],[-84.484639,39.190856],[-84.485082,39.191149],[-84.485014,39.191215],[-84.484575,39.190917]]]}},{"type":"Feature","properties":{"pid":"024100020218"},"geometry":{"type":"Polygon","coordinates":[[[-84.484704,39.19079],[-84.484286,39.190515],[-84.484362,39.190442],[-84.484777,39.190724],[-84.484704,39.19079]]]}},{"type":"Feature","properties":{"pid":"024100020219"},"geometry":{"type":"Polygon","coordinates":[[[-84.484099,39.19137],[-84.484163,39.191308],[-84.48461,39.191599],[-84.484531,39.191674],[-84.484099,39.19137]]]}},{"type":"Feature","properties":{"pid":"066100010027"},"geometry":{"type":"Polygon","coordinates":[[[-84.488243,39.18927],[-84.488531,39.189009],[-84.488611,39.189063],[-84.488323,39.189324],[-84.488243,39.18927]]]}},{"type":"Feature","properties":{"pid":"066100010028"},"geometry":{"type":"Polygon","coordinates":[[[-84.488176,39.189225],[-84.488465,39.188964],[-84.488531,39.189009],[-84.488243,39.18927],[-84.488176,39.189225]]]}},{"type":"Feature","properties":{"pid":"066100010031"},"geometry":{"type":"Polygon","coordinates":[[[-84.487818,39.188709],[-84.487876,39.188657],[-84.488208,39.188882],[-84.48815,39.188934],[-84.487818,39.188709]]]}},{"type":"Feature","properties":{"pid":"066100010032"},"geometry":{"type":"Polygon","coordinates":[[[-84.487749,39.188771],[-84.487818,39.188709],[-84.48815,39.188934],[-84.488081,39.188996],[-84.487749,39.188771]]]}},{"type":"Feature","properties":{"pid":"066100010034"},"geometry":{"type":"Polygon","coordinates":[[[-84.48761,39.188896],[-84.487679,39.188834],[-84.488012,39.189059],[-84.487942,39.189121],[-84.48761,39.188896]]]}},{"type":"Feature","properties":{"pid":"066100010035"},"geometry":{"type":"Polygon","coordinates":[[[-84.48754,39.188959],[-84.48761,39.188896],[-84.487942,39.189121],[-84.487873,39.189184],[-84.48754,39.188959]]]}},{"type":"Feature","properties":{"pid":"066100010036"},"geometry":{"type":"Polygon","coordinates":[[[-84.487804,39.189246],[-84.487471,39.189021],[-84.48754,39.188959],[-84.487873,39.189184],[-84.487804,39.189246]]]}},{"type":"Feature","properties":{"pid":"066100010037"},"geometry":{"type":"Polygon","coordinates":[[[-84.487495,39.189123],[-84.487549,39.189074],[-84.487804,39.189246],[-84.487749,39.189295],[-84.487495,39.189123]]]}},{"type":"Feature","properties":{"pid":"066100010038"},"geometry":{"type":"Polygon","coordinates":[[[-84.487355,39.189125],[-84.487471,39.189021],[-84.487549,39.189074],[-84.487495,39.189123],[-84.487749,39.189295],[-84.487688,39.18935],[-84.487355,39.189125]]]}},{"type":"Feature","properties":{"pid":"066100010040"},"geometry":{"type":"Polygon","coordinates":[[[-84.487195,39.189017],[-84.487485,39.188757],[-84.487564,39.188811],[-84.487275,39.189071],[-84.487195,39.189017]]]}},{"type":"Feature","properties":{"pid":"066100010041"},"geometry":{"type":"Polygon","coordinates":[[[-84.487115,39.188963],[-84.487405,39.188703],[-84.487485,39.188757],[-84.487195,39.189017],[-84.487115,39.188963]]]}},{"type":"Feature","properties":{"pid":"066100010043"},"geometry":{"type":"Polygon","coordinates":[[[-84.486955,39.188855],[-84.487245,39.188595],[-84.487325,39.188649],[-84.487035,39.188909],[-84.486955,39.188855]]]}},{"type":"Feature","properties":{"pid":"066100010044"},"geometry":{"type":"Polygon","coordinates":[[[-84.486875,39.188801],[-84.487165,39.188541],[-84.487245,39.188595],[-84.486955,39.188855],[-84.486875,39.188801]]]}},{"type":"Feature","properties":{"pid":"066100010045"},"geometry":{"type":"Polygon","coordinates":[[[-84.486795,39.188747],[-84.487085,39.188487],[-84.487165,39.188541],[-84.486875,39.188801],[-84.486795,39.188747]]]}},{"type":"Feature","properties":{"pid":"066100010047"},"geometry":{"type":"Polygon","coordinates":[[[-84.487485,39.188757],[-84.487774,39.188497],[-84.487854,39.188551],[-84.487564,39.188811],[-84.487485,39.188757]]]}},{"type":"Feature","properties":{"pid":"066100010048"},"geometry":{"type":"Polygon","coordinates":[[[-84.487471,39.188748],[-84.487405,39.188703],[-84.487695,39.188443],[-84.487774,39.188497],[-84.487471,39.188748]]]}},{"type":"Feature","properties":{"pid":"066100010050"},"geometry":{"type":"Polygon","coordinates":[[[-84.487245,39.188595],[-84.487535,39.188335],[-84.487615,39.188389],[-84.487325,39.188649],[-84.487245,39.188595]]]}},{"type":"Feature","properties":{"pid":"066100010051"},"geometry":{"type":"Polygon","coordinates":[[[-84.487165,39.188541],[-84.487455,39.188281],[-84.487535,39.188335],[-84.487245,39.188595],[-84.487165,39.188541]]]}},{"type":"Feature","properties":{"pid":"066100010052"},"geometry":{"type":"Polygon","coordinates":[[[-84.487085,39.188487],[-84.487375,39.188227],[-84.487455,39.188281],[-84.487165,39.188541],[-84.487085,39.188487]]]}},{"type":"Feature","properties":{"pid":"066100010054"},"geometry":{"type":"Polygon","coordinates":[[[-84.486461,39.188522],[-84.486507,39.18848],[-84.486705,39.188617],[-84.486661,39.188656],[-84.486461,39.188522]]]}},{"type":"Feature","properties":{"pid":"066100010055"},"geometry":{"type":"Polygon","coordinates":[[[-84.486519,39.18847],[-84.486578,39.188418],[-84.486783,39.188556],[-84.486725,39.188608],[-84.486519,39.18847]]]}},{"type":"Feature","properties":{"pid":"066100010056"},"geometry":{"type":"Polygon","coordinates":[[[-84.486911,39.188643],[-84.486578,39.188418],[-84.486636,39.188366],[-84.486969,39.188591],[-84.486911,39.188643]]]}},{"type":"Feature","properties":{"pid":"066100010057"},"geometry":{"type":"Polygon","coordinates":[[[-84.486636,39.188366],[-84.486694,39.188314],[-84.487027,39.188539],[-84.486969,39.188591],[-84.486636,39.188366]]]}},{"type":"Feature","properties":{"pid":"066100010058"},"geometry":{"type":"Polygon","coordinates":[[[-84.486694,39.188314],[-84.486752,39.188262],[-84.487085,39.188487],[-84.487027,39.188539],[-84.486694,39.188314]]]}},{"type":"Feature","properties":{"pid":"066100010059"},"geometry":{"type":"Polygon","coordinates":[[[-84.486752,39.188262],[-84.48681,39.18821],[-84.487133,39.188444],[-84.487085,39.188487],[-84.486752,39.188262]]]}},{"type":"Feature","properties":{"pid":"066100010060"},"geometry":{"type":"Polygon","coordinates":[[[-84.487133,39.188444],[-84.48681,39.18821],[-84.486868,39.188158],[-84.487201,39.188383],[-84.487133,39.188444]]]}},{"type":"Feature","properties":{"pid":"066100010062"},"geometry":{"type":"Polygon","coordinates":[[[-84.486926,39.188106],[-84.486983,39.188054],[-84.487317,39.188279],[-84.487259,39.188331],[-84.486926,39.188106]]]}},{"type":"Feature","properties":{"pid":"066100010066"},"geometry":{"type":"Polygon","coordinates":[[[-84.487465,39.188106],[-84.48758,39.188002],[-84.487273,39.187794],[-84.487331,39.187742],[-84.487665,39.187968],[-84.487491,39.188124],[-84.487465,39.188106]]]}},{"type":"Feature","properties":{"pid":"066100010068"},"geometry":{"type":"Polygon","coordinates":[[[-84.487389,39.187691],[-84.487447,39.187639],[-84.487781,39.187864],[-84.487723,39.187916],[-84.487389,39.187691]]]}},{"type":"Feature","properties":{"pid":"066100010069"},"geometry":{"type":"Polygon","coordinates":[[[-84.487491,39.188124],[-84.487781,39.187864],[-84.487861,39.187918],[-84.487571,39.188178],[-84.487491,39.188124]]]}},{"type":"Feature","properties":{"pid":"066100010072"},"geometry":{"type":"Polygon","coordinates":[[[-84.487731,39.188286],[-84.487962,39.188078],[-84.488042,39.188132],[-84.487811,39.188339],[-84.487731,39.188286]]]}},{"type":"Feature","properties":{"pid":"066100010074"},"geometry":{"type":"Polygon","coordinates":[[[-84.48789,39.188393],[-84.48818,39.188133],[-84.488259,39.188187],[-84.48797,39.188447],[-84.48789,39.188393]]]}},{"type":"Feature","properties":{"pid":"066100010079"},"geometry":{"type":"Polygon","coordinates":[[[-84.487647,39.187774],[-84.487937,39.187513],[-84.488004,39.187558],[-84.487714,39.187819],[-84.487647,39.187774]]]}},{"type":"Feature","properties":{"pid":"066100010092"},"geometry":{"type":"Polygon","coordinates":[[[-84.488304,39.188272],[-84.488374,39.18821],[-84.488705,39.188434],[-84.488635,39.188496],[-84.488304,39.188272]]]}},{"type":"Feature","properties":{"pid":"066100010097"},"geometry":{"type":"Polygon","coordinates":[[[-84.488675,39.188669],[-84.488802,39.188554],[-84.488868,39.188599],[-84.488742,39.188714],[-84.488675,39.188669]]]}},{"type":"Feature","properties":{"pid":"066100010099"},"geometry":{"type":"Polygon","coordinates":[[[-84.488646,39.188905],[-84.488935,39.188644],[-84.489014,39.188697],[-84.488726,39.188958],[-84.488646,39.188905]]]}},{"type":"Feature","properties":{"pid":"066100010100"},"geometry":{"type":"Polygon","coordinates":[[[-84.488726,39.188958],[-84.489014,39.188697],[-84.489094,39.188751],[-84.488806,39.189012],[-84.488726,39.188958]]]}},{"type":"Feature","properties":{"pid":"066100010101"},"geometry":{"type":"Polygon","coordinates":[[[-84.488806,39.189012],[-84.489094,39.188751],[-84.489173,39.188805],[-84.488885,39.189066],[-84.488806,39.189012]]]}},{"type":"Feature","properties":{"pid":"066100010102"},"geometry":{"type":"Polygon","coordinates":[[[-84.488885,39.189066],[-84.489173,39.188805],[-84.489253,39.188859],[-84.488965,39.18912],[-84.488885,39.189066]]]}},{"type":"Feature","properties":{"pid":"066100010103"},"geometry":{"type":"Polygon","coordinates":[[[-84.488965,39.18912],[-84.489253,39.188859],[-84.489332,39.188912],[-84.489044,39.189173],[-84.488965,39.18912]]]}},{"type":"Feature","properties":{"pid":"066100010105"},"geometry":{"type":"Polygon","coordinates":[[[-84.489124,39.189227],[-84.489412,39.188966],[-84.489491,39.18902],[-84.489204,39.189281],[-84.489124,39.189227]]]}},{"type":"Feature","properties":{"pid":"066100010107"},"geometry":{"type":"Polygon","coordinates":[[[-84.489284,39.189335],[-84.489571,39.189073],[-84.489651,39.189127],[-84.489363,39.189389],[-84.489284,39.189335]]]}},{"type":"Feature","properties":{"pid":"066100010108"},"geometry":{"type":"Polygon","coordinates":[[[-84.489962,39.189392],[-84.490025,39.189325],[-84.490359,39.189551],[-84.490297,39.189618],[-84.489962,39.189392]]]}},{"type":"Feature","properties":{"pid":"066100010109"},"geometry":{"type":"Polygon","coordinates":[[[-84.490025,39.189325],[-84.490087,39.189258],[-84.490422,39.189484],[-84.490359,39.189551],[-84.490025,39.189325]]]}},{"type":"Feature","properties":{"pid":"066100010110"},"geometry":{"type":"Polygon","coordinates":[[[-84.490087,39.189258],[-84.49015,39.189191],[-84.490484,39.189417],[-84.490422,39.189484],[-84.490087,39.189258]]]}},{"type":"Feature","properties":{"pid":"024100020220"},"geometry":{"type":"Polygon","coordinates":[[[-84.484506,39.190982],[-84.484575,39.190917],[-84.485014,39.191215],[-84.484946,39.19128],[-84.484506,39.190982]]]}},{"type":"Feature","properties":{"pid":"024100020221"},"geometry":{"type":"Polygon","coordinates":[[[-84.484375,39.191107],[-84.484441,39.191044],[-84.484885,39.191337],[-84.484813,39.191405],[-84.484375,39.191107]]]}},{"type":"Feature","properties":{"pid":"024100020222"},"geometry":{"type":"Polygon","coordinates":[[[-84.484843,39.190662],[-84.484909,39.190599],[-84.485349,39.190896],[-84.485281,39.19096],[-84.484843,39.190662]]]}},{"type":"Feature","properties":{"pid":"024100020223"},"geometry":{"type":"Polygon","coordinates":[[[-84.484639,39.190856],[-84.484706,39.190792],[-84.485147,39.191088],[-84.485082,39.191149],[-84.484639,39.190856]]]}},{"type":"Feature","properties":{"pid":"024100020224"},"geometry":{"type":"Polygon","coordinates":[[[-84.485517,39.190616],[-84.485748,39.190407],[-84.485815,39.190453],[-84.485591,39.190666],[-84.485517,39.190616]]]}},{"type":"Feature","properties":{"pid":"024100020226"},"geometry":{"type":"Polygon","coordinates":[[[-84.485512,39.19074],[-84.485046,39.190424],[-84.485125,39.190351],[-84.485591,39.190666],[-84.485512,39.19074]]]}},{"type":"Feature","properties":{"pid":"024100020227"},"geometry":{"type":"Polygon","coordinates":[[[-84.484503,39.190979],[-84.484091,39.1907],[-84.484159,39.190635],[-84.484575,39.190917],[-84.484503,39.190979]]]}},{"type":"Feature","properties":{"pid":"024100020228"},"geometry":{"type":"Polygon","coordinates":[[[-84.484163,39.191308],[-84.484239,39.191236],[-84.484679,39.191533],[-84.48461,39.191599],[-84.484163,39.191308]]]}},{"type":"Feature","properties":{"pid":"024100020229"},"geometry":{"type":"Polygon","coordinates":[[[-84.484775,39.190723],[-84.484362,39.190442],[-84.484427,39.19038],[-84.484843,39.190662],[-84.484775,39.190723]]]}},{"type":"Feature","properties":{"pid":"024100020230"},"geometry":{"type":"Polygon","coordinates":[[[-84.484239,39.191236],[-84.48431,39.191168],[-84.484749,39.191466],[-84.484679,39.191533],[-84.484239,39.191236]]]}},{"type":"Feature","properties":{"pid":"024100020231"},"geometry":{"type":"Polygon","coordinates":[[[-84.484437,39.191042],[-84.484021,39.190767],[-84.484091,39.1907],[-84.484506,39.190982],[-84.484437,39.191042]]]}},{"type":"Feature","properties":{"pid":"024100020232"},"geometry":{"type":"Polygon","coordinates":[[[-84.484659,39.190159],[-84.484734,39.190087],[-84.485012,39.190274],[-84.484927,39.190345],[-84.484659,39.190159]]]}},{"type":"Feature","properties":{"pid":"024100020233"},"geometry":{"type":"Polygon","coordinates":[[[-84.484636,39.190854],[-84.484213,39.190585],[-84.484286,39.190515],[-84.484706,39.190792],[-84.484636,39.190854]]]}},{"type":"Feature","properties":{"pid":"024100020234"},"geometry":{"type":"Polygon","coordinates":[[[-84.484572,39.190915],[-84.484159,39.190635],[-84.484213,39.190585],[-84.484639,39.190856],[-84.484572,39.190915]]]}},{"type":"Feature","properties":{"pid":"024100020236"},"geometry":{"type":"Polygon","coordinates":[[[-84.487203,39.189788],[-84.48688,39.189552],[-84.487215,39.189778],[-84.487203,39.189788]]]}},{"type":"Feature","properties":{"pid":"024100020239"},"geometry":{"type":"Polygon","coordinates":[[[-84.485043,39.190471],[-84.484623,39.190193],[-84.484659,39.190159],[-84.485073,39.190443],[-84.485043,39.190471]]]}},{"type":"Feature","properties":{"pid":"024100020240"},"geometry":{"type":"Polygon","coordinates":[[[-84.485025,39.192188],[-84.484788,39.192098],[-84.484461,39.19195],[-84.484533,39.19188],[-84.485025,39.192188]]]}},{"type":"Feature","properties":{"pid":"024100020304"},"geometry":{"type":"Polygon","coordinates":[[[-84.486421,39.19382],[-84.486731,39.193521],[-84.486843,39.193591],[-84.486528,39.193888],[-84.486421,39.19382]]]}},{"type":"Feature","properties":{"pid":"024100020305"},"geometry":{"type":"Polygon","coordinates":[[[-84.485709,39.193374],[-84.486272,39.19283],[-84.486255,39.192996],[-84.485803,39.193433],[-84.485709,39.193374]]]}},{"type":"Feature","properties":{"pid":"066100010114"},"geometry":{"type":"Polygon","coordinates":[[[-84.48981,39.189235],[-84.490098,39.188974],[-84.490178,39.189028],[-84.48989,39.189289],[-84.48981,39.189235]]]}},{"type":"Feature","properties":{"pid":"066100010115"},"geometry":{"type":"Polygon","coordinates":[[[-84.489731,39.189181],[-84.490018,39.18892],[-84.490098,39.188974],[-84.48981,39.189235],[-84.489731,39.189181]]]}},{"type":"Feature","properties":{"pid":"066100010116"},"geometry":{"type":"Polygon","coordinates":[[[-84.489651,39.189127],[-84.489938,39.188866],[-84.490018,39.18892],[-84.489731,39.189181],[-84.489651,39.189127]]]}},{"type":"Feature","properties":{"pid":"066100010117"},"geometry":{"type":"Polygon","coordinates":[[[-84.489571,39.189073],[-84.489859,39.188812],[-84.489938,39.188866],[-84.489651,39.189127],[-84.489571,39.189073]]]}},{"type":"Feature","properties":{"pid":"066100010118"},"geometry":{"type":"Polygon","coordinates":[[[-84.489491,39.18902],[-84.489779,39.188759],[-84.489859,39.188812],[-84.489571,39.189073],[-84.489491,39.18902]]]}},{"type":"Feature","properties":{"pid":"066100010119"},"geometry":{"type":"Polygon","coordinates":[[[-84.489412,39.188966],[-84.489699,39.188705],[-84.489779,39.188759],[-84.489491,39.18902],[-84.489412,39.188966]]]}},{"type":"Feature","properties":{"pid":"066100010120"},"geometry":{"type":"Polygon","coordinates":[[[-84.489332,39.188912],[-84.48962,39.188651],[-84.489699,39.188705],[-84.489412,39.188966],[-84.489332,39.188912]]]}},{"type":"Feature","properties":{"pid":"066100010121"},"geometry":{"type":"Polygon","coordinates":[[[-84.489253,39.188859],[-84.48954,39.188598],[-84.48962,39.188651],[-84.489332,39.188912],[-84.489253,39.188859]]]}},{"type":"Feature","properties":{"pid":"066100010122"},"geometry":{"type":"Polygon","coordinates":[[[-84.489173,39.188805],[-84.489461,39.188544],[-84.48954,39.188598],[-84.489253,39.188859],[-84.489173,39.188805]]]}},{"type":"Feature","properties":{"pid":"066100010124"},"geometry":{"type":"Polygon","coordinates":[[[-84.489014,39.188697],[-84.489294,39.188431],[-84.489382,39.18849],[-84.489094,39.188751],[-84.489014,39.188697]]]}},{"type":"Feature","properties":{"pid":"066100010125"},"geometry":{"type":"Polygon","coordinates":[[[-84.488937,39.188646],[-84.489223,39.188383],[-84.489294,39.188431],[-84.489006,39.188692],[-84.488937,39.188646]]]}},{"type":"Feature","properties":{"pid":"066100010127"},"geometry":{"type":"Polygon","coordinates":[[[-84.488802,39.188554],[-84.488918,39.18845],[-84.488984,39.188495],[-84.488868,39.188599],[-84.488802,39.188554]]]}},{"type":"Feature","properties":{"pid":"066100010130"},"geometry":{"type":"Polygon","coordinates":[[[-84.489334,39.188278],[-84.489274,39.188237],[-84.489564,39.187979],[-84.489631,39.188024],[-84.489334,39.188278]]]}},{"type":"Feature","properties":{"pid":"066100010132"},"geometry":{"type":"Polygon","coordinates":[[[-84.48942,39.188337],[-84.489711,39.188078],[-84.489791,39.188133],[-84.489499,39.188391],[-84.48942,39.188337]]]}},{"type":"Feature","properties":{"pid":"066100010133"},"geometry":{"type":"Polygon","coordinates":[[[-84.489499,39.188391],[-84.489791,39.188133],[-84.489871,39.188187],[-84.489579,39.188446],[-84.489499,39.188391]]]}},{"type":"Feature","properties":{"pid":"066100010135"},"geometry":{"type":"Polygon","coordinates":[[[-84.489659,39.1885],[-84.489951,39.188241],[-84.49003,39.188295],[-84.48974,39.188553],[-84.489659,39.1885]]]}},{"type":"Feature","properties":{"pid":"066100010136"},"geometry":{"type":"Polygon","coordinates":[[[-84.48974,39.188553],[-84.49003,39.188295],[-84.49011,39.188349],[-84.48982,39.188608],[-84.48974,39.188553]]]}},{"type":"Feature","properties":{"pid":"066100010137"},"geometry":{"type":"Polygon","coordinates":[[[-84.48982,39.188608],[-84.49011,39.188349],[-84.49019,39.188403],[-84.489899,39.188662],[-84.48982,39.188608]]]}},{"type":"Feature","properties":{"pid":"066100010138"},"geometry":{"type":"Polygon","coordinates":[[[-84.489979,39.188716],[-84.489899,39.188662],[-84.49019,39.188403],[-84.490283,39.188467],[-84.489979,39.188716]]]}},{"type":"Feature","properties":{"pid":"066100010139"},"geometry":{"type":"Polygon","coordinates":[[[-84.489993,39.188725],[-84.490283,39.188467],[-84.49035,39.188512],[-84.490059,39.18877],[-84.489993,39.188725]]]}},{"type":"Feature","properties":{"pid":"066100010141"},"geometry":{"type":"Polygon","coordinates":[[[-84.490139,39.188824],[-84.490429,39.188566],[-84.490484,39.188603],[-84.490194,39.188862],[-84.490139,39.188824]]]}},{"type":"Feature","properties":{"pid":"066100010142"},"geometry":{"type":"Polygon","coordinates":[[[-84.490297,39.188934],[-84.490194,39.188862],[-84.490484,39.188603],[-84.490589,39.188675],[-84.490297,39.188934]]]}},{"type":"Feature","properties":{"pid":"066100010146"},"geometry":{"type":"Polygon","coordinates":[[[-84.490407,39.188916],[-84.49049,39.188826],[-84.490823,39.189053],[-84.49074,39.189143],[-84.490407,39.188916]]]}},{"type":"Feature","properties":{"pid":"066100010147"},"geometry":{"type":"Polygon","coordinates":[[[-84.49049,39.188826],[-84.490584,39.188726],[-84.490917,39.188953],[-84.490823,39.189053],[-84.49049,39.188826]]]}},{"type":"Feature","properties":{"pid":"066100010150"},"geometry":{"type":"Polygon","coordinates":[[[-84.490709,39.188592],[-84.490771,39.188525],[-84.491104,39.188752],[-84.491042,39.188819],[-84.490709,39.188592]]]}},{"type":"Feature","properties":{"pid":"066100010151"},"geometry":{"type":"Polygon","coordinates":[[[-84.490869,39.188592],[-84.490921,39.188536],[-84.491156,39.188696],[-84.491104,39.188752],[-84.490869,39.188592]]]}},{"type":"Feature","properties":{"pid":"066100010153"},"geometry":{"type":"Polygon","coordinates":[[[-84.490771,39.188525],[-84.490875,39.188414],[-84.490973,39.18848],[-84.490869,39.188592],[-84.490771,39.188525]]]}},{"type":"Feature","properties":{"pid":"066100010154"},"geometry":{"type":"Polygon","coordinates":[[[-84.490615,39.188692],[-84.490485,39.188604],[-84.490776,39.188346],[-84.490875,39.188414],[-84.490615,39.188692]]]}},{"type":"Feature","properties":{"pid":"066100010156"},"geometry":{"type":"Polygon","coordinates":[[[-84.49035,39.188512],[-84.49064,39.188254],[-84.49072,39.188308],[-84.490429,39.188566],[-84.49035,39.188512]]]}},{"type":"Feature","properties":{"pid":"066100010157"},"geometry":{"type":"Polygon","coordinates":[[[-84.490283,39.188467],[-84.49056,39.188199],[-84.49064,39.188254],[-84.49035,39.188512],[-84.490283,39.188467]]]}},{"type":"Feature","properties":{"pid":"066100010159"},"geometry":{"type":"Polygon","coordinates":[[[-84.49011,39.188349],[-84.490401,39.188091],[-84.490481,39.188145],[-84.49019,39.188403],[-84.49011,39.188349]]]}},{"type":"Feature","properties":{"pid":"066100010162"},"geometry":{"type":"Polygon","coordinates":[[[-84.489871,39.188187],[-84.490161,39.187928],[-84.490241,39.187983],[-84.489951,39.188241],[-84.489871,39.188187]]]}},{"type":"Feature","properties":{"pid":"066100010163"},"geometry":{"type":"Polygon","coordinates":[[[-84.489791,39.188133],[-84.490081,39.187874],[-84.490161,39.187928],[-84.489871,39.188187],[-84.489791,39.188133]]]}},{"type":"Feature","properties":{"pid":"066100010164"},"geometry":{"type":"Polygon","coordinates":[[[-84.489791,39.188133],[-84.489671,39.188051],[-84.489962,39.187793],[-84.490081,39.187874],[-84.489791,39.188133]]]}},{"type":"Feature","properties":{"pid":"066100010165"},"geometry":{"type":"Polygon","coordinates":[[[-84.489671,39.188051],[-84.489567,39.187981],[-84.489858,39.187722],[-84.489962,39.187793],[-84.489671,39.188051]]]}},{"type":"Feature","properties":{"pid":"066100010167"},"geometry":{"type":"Polygon","coordinates":[[[-84.489235,39.187437],[-84.489323,39.187359],[-84.489655,39.187585],[-84.489568,39.187663],[-84.489235,39.187437]]]}},{"type":"Feature","properties":{"pid":"066100010168"},"geometry":{"type":"Polygon","coordinates":[[[-84.489136,39.187525],[-84.489235,39.187437],[-84.489568,39.187663],[-84.489469,39.187751],[-84.489136,39.187525]]]}},{"type":"Feature","properties":{"pid":"066100010170"},"geometry":{"type":"Polygon","coordinates":[[[-84.488997,39.187649],[-84.489066,39.187587],[-84.489399,39.187813],[-84.48933,39.187875],[-84.488997,39.187649]]]}},{"type":"Feature","properties":{"pid":"066100010175"},"geometry":{"type":"Polygon","coordinates":[[[-84.488661,39.187822],[-84.488952,39.187564],[-84.489031,39.187618],[-84.488741,39.187876],[-84.488661,39.187822]]]}},{"type":"Feature","properties":{"pid":"066100010176"},"geometry":{"type":"Polygon","coordinates":[[[-84.488581,39.187768],[-84.488872,39.187509],[-84.488952,39.187564],[-84.488661,39.187822],[-84.488581,39.187768]]]}},{"type":"Feature","properties":{"pid":"066100010177"},"geometry":{"type":"Polygon","coordinates":[[[-84.488501,39.187713],[-84.488792,39.187455],[-84.488872,39.187509],[-84.488581,39.187768],[-84.488501,39.187713]]]}},{"type":"Feature","properties":{"pid":"066100010178"},"geometry":{"type":"Polygon","coordinates":[[[-84.488422,39.187659],[-84.488712,39.187401],[-84.488792,39.187455],[-84.488501,39.187713],[-84.488422,39.187659]]]}},{"type":"Feature","properties":{"pid":"066100010182"},"geometry":{"type":"Polygon","coordinates":[[[-84.488952,39.187564],[-84.489243,39.187305],[-84.489323,39.187359],[-84.489031,39.187618],[-84.488952,39.187564]]]}},{"type":"Feature","properties":{"pid":"066100010183"},"geometry":{"type":"Polygon","coordinates":[[[-84.488872,39.187509],[-84.489163,39.187251],[-84.489243,39.187305],[-84.488952,39.187564],[-84.488872,39.187509]]]}},{"type":"Feature","properties":{"pid":"066100010184"},"geometry":{"type":"Polygon","coordinates":[[[-84.488792,39.187455],[-84.489083,39.187197],[-84.489163,39.187251],[-84.488872,39.187509],[-84.488792,39.187455]]]}},{"type":"Feature","properties":{"pid":"066100010186"},"geometry":{"type":"Polygon","coordinates":[[[-84.488712,39.187401],[-84.488632,39.187347],[-84.488924,39.187088],[-84.489004,39.187142],[-84.488712,39.187401]]]}},{"type":"Feature","properties":{"pid":"066100010192"},"geometry":{"type":"Polygon","coordinates":[[[-84.488025,39.187115],[-84.488083,39.187064],[-84.488415,39.18729],[-84.488357,39.187342],[-84.488025,39.187115]]]}},{"type":"Feature","properties":{"pid":"024100030013"},"geometry":{"type":"Polygon","coordinates":[[[-84.482193,39.19106],[-84.482257,39.190996],[-84.482525,39.191168],[-84.482459,39.191231],[-84.482193,39.19106]]]}},{"type":"Feature","properties":{"pid":"024100030111"},"geometry":{"type":"Polygon","coordinates":[[[-84.481903,39.191333],[-84.481957,39.191281],[-84.482323,39.191517],[-84.482269,39.191569],[-84.481903,39.191333]]]}},{"type":"Feature","properties":{"pid":"024100030112"},"geometry":{"type":"Polygon","coordinates":[[[-84.481957,39.191281],[-84.482013,39.191228],[-84.482379,39.191464],[-84.482323,39.191517],[-84.481957,39.191281]]]}},{"type":"Feature","properties":{"pid":"024100030113"},"geometry":{"type":"Polygon","coordinates":[[[-84.482013,39.191228],[-84.482069,39.191175],[-84.482435,39.19141],[-84.482379,39.191464],[-84.482013,39.191228]]]}},{"type":"Feature","properties":{"pid":"024100030115"},"geometry":{"type":"Polygon","coordinates":[[[-84.482125,39.191121],[-84.482183,39.19107],[-84.482548,39.191303],[-84.482491,39.191357],[-84.482125,39.191121]]]}},{"type":"Feature","properties":{"pid":"024100030117"},"geometry":{"type":"Polygon","coordinates":[[[-84.482257,39.190996],[-84.482325,39.190931],[-84.482593,39.191103],[-84.482525,39.191168],[-84.482257,39.190996]]]}},{"type":"Feature","properties":{"pid":"024100030118"},"geometry":{"type":"Polygon","coordinates":[[[-84.482459,39.191231],[-84.482725,39.190977],[-84.482824,39.19104],[-84.482558,39.191294],[-84.482459,39.191231]]]}},{"type":"Feature","properties":{"pid":"024100030119"},"geometry":{"type":"Polygon","coordinates":[[[-84.482325,39.190931],[-84.482391,39.190868],[-84.482659,39.19104],[-84.482593,39.191103],[-84.482325,39.190931]]]}},{"type":"Feature","properties":{"pid":"024100030120"},"geometry":{"type":"Polygon","coordinates":[[[-84.482391,39.190868],[-84.48246,39.190807],[-84.482725,39.190977],[-84.482659,39.19104],[-84.482391,39.190868]]]}},{"type":"Feature","properties":{"pid":"024100030124"},"geometry":{"type":"Polygon","coordinates":[[[-84.481958,39.191992],[-84.482014,39.191938],[-84.482308,39.192128],[-84.482252,39.192181],[-84.481958,39.191992]]]}},{"type":"Feature","properties":{"pid":"024100030125"},"geometry":{"type":"Polygon","coordinates":[[[-84.482308,39.192128],[-84.481935,39.191888],[-84.481991,39.191834],[-84.482364,39.192074],[-84.482308,39.192128]]]}},{"type":"Feature","properties":{"pid":"024100030126"},"geometry":{"type":"Polygon","coordinates":[[[-84.481991,39.191834],[-84.482047,39.191781],[-84.48242,39.192021],[-84.482364,39.192074],[-84.481991,39.191834]]]}},{"type":"Feature","properties":{"pid":"024100030127"},"geometry":{"type":"Polygon","coordinates":[[[-84.482047,39.191781],[-84.482101,39.191729],[-84.482474,39.19197],[-84.48242,39.192021],[-84.482047,39.191781]]]}},{"type":"Feature","properties":{"pid":"024100030128"},"geometry":{"type":"Polygon","coordinates":[[[-84.482101,39.191729],[-84.482157,39.191676],[-84.48253,39.191916],[-84.482474,39.19197],[-84.482101,39.191729]]]}},{"type":"Feature","properties":{"pid":"024100030129"},"geometry":{"type":"Polygon","coordinates":[[[-84.482157,39.191676],[-84.482213,39.191622],[-84.482587,39.191863],[-84.48253,39.191916],[-84.482157,39.191676]]]}},{"type":"Feature","properties":{"pid":"024100030132"},"geometry":{"type":"Polygon","coordinates":[[[-84.482323,39.191517],[-84.482379,39.191464],[-84.482754,39.191705],[-84.482698,39.191758],[-84.482323,39.191517]]]}},{"type":"Feature","properties":{"pid":"024100030133"},"geometry":{"type":"Polygon","coordinates":[[[-84.482379,39.191464],[-84.482435,39.19141],[-84.482811,39.191651],[-84.482754,39.191705],[-84.482379,39.191464]]]}},{"type":"Feature","properties":{"pid":"024100030134"},"geometry":{"type":"Polygon","coordinates":[[[-84.482435,39.19141],[-84.482491,39.191357],[-84.482867,39.191598],[-84.482811,39.191651],[-84.482435,39.19141]]]}},{"type":"Feature","properties":{"pid":"024100030136"},"geometry":{"type":"Polygon","coordinates":[[[-84.482548,39.191303],[-84.482602,39.191252],[-84.482978,39.191493],[-84.482924,39.191545],[-84.482548,39.191303]]]}},{"type":"Feature","properties":{"pid":"024100030137"},"geometry":{"type":"Polygon","coordinates":[[[-84.482602,39.191252],[-84.482658,39.191198],[-84.483034,39.19144],[-84.482978,39.191493],[-84.482602,39.191252]]]}},{"type":"Feature","properties":{"pid":"024100030138"},"geometry":{"type":"Polygon","coordinates":[[[-84.482658,39.191198],[-84.482714,39.191145],[-84.483091,39.191387],[-84.483034,39.19144],[-84.482658,39.191198]]]}},{"type":"Feature","properties":{"pid":"024100030139"},"geometry":{"type":"Polygon","coordinates":[[[-84.482714,39.191145],[-84.48277,39.191092],[-84.483147,39.191333],[-84.483091,39.191387],[-84.482714,39.191145]]]}},{"type":"Feature","properties":{"pid":"024100040001"},"geometry":{"type":"Polygon","coordinates":[[[-84.483098,39.191037],[-84.483154,39.190983],[-84.483371,39.191122],[-84.483314,39.191175],[-84.483098,39.191037]]]}},{"type":"Feature","properties":{"pid":"024100040002"},"geometry":{"type":"Polygon","coordinates":[[[-84.483154,39.190983],[-84.483211,39.19093],[-84.483427,39.191068],[-84.483371,39.191122],[-84.483154,39.190983]]]}},{"type":"Feature","properties":{"pid":"024100040003"},"geometry":{"type":"Polygon","coordinates":[[[-84.483427,39.191068],[-84.483048,39.190826],[-84.483102,39.190774],[-84.483481,39.191017],[-84.483427,39.191068]]]}},{"type":"Feature","properties":{"pid":"024100040004"},"geometry":{"type":"Polygon","coordinates":[[[-84.483102,39.190774],[-84.483157,39.190721],[-84.483537,39.190963],[-84.483481,39.191017],[-84.483102,39.190774]]]}},{"type":"Feature","properties":{"pid":"024100040005"},"geometry":{"type":"Polygon","coordinates":[[[-84.483157,39.190721],[-84.483213,39.190667],[-84.483593,39.19091],[-84.483537,39.190963],[-84.483157,39.190721]]]}},{"type":"Feature","properties":{"pid":"024100040006"},"geometry":{"type":"Polygon","coordinates":[[[-84.483213,39.190667],[-84.483269,39.190614],[-84.48365,39.190856],[-84.483593,39.19091],[-84.483213,39.190667]]]}},{"type":"Feature","properties":{"pid":"024100040007"},"geometry":{"type":"Polygon","coordinates":[[[-84.483269,39.190614],[-84.483323,39.190562],[-84.483704,39.190804],[-84.48365,39.190856],[-84.483269,39.190614]]]}},{"type":"Feature","properties":{"pid":"024100040008"},"geometry":{"type":"Polygon","coordinates":[[[-84.483323,39.190562],[-84.483379,39.190508],[-84.48376,39.190751],[-84.483704,39.190804],[-84.483323,39.190562]]]}},{"type":"Feature","properties":{"pid":"024100040009"},"geometry":{"type":"Polygon","coordinates":[[[-84.483379,39.190508],[-84.483435,39.190455],[-84.483816,39.190697],[-84.48376,39.190751],[-84.483379,39.190508]]]}},{"type":"Feature","properties":{"pid":"024100040011"},"geometry":{"type":"Polygon","coordinates":[[[-84.483491,39.190401],[-84.483547,39.190348],[-84.483928,39.19059],[-84.483872,39.190644],[-84.483491,39.190401]]]}},{"type":"Feature","properties":{"pid":"024100040013"},"geometry":{"type":"Polygon","coordinates":[[[-84.4836,39.190296],[-84.483656,39.190242],[-84.484038,39.190485],[-84.483982,39.190538],[-84.4836,39.190296]]]}},{"type":"Feature","properties":{"pid":"024100040016"},"geometry":{"type":"Polygon","coordinates":[[[-84.483712,39.190189],[-84.483768,39.190135],[-84.48415,39.190378],[-84.484094,39.190431],[-84.483712,39.190189]]]}},{"type":"Feature","properties":{"pid":"024100040018"},"geometry":{"type":"Polygon","coordinates":[[[-84.483822,39.190083],[-84.483878,39.19003],[-84.48426,39.190272],[-84.484204,39.190326],[-84.483822,39.190083]]]}},{"type":"Feature","properties":{"pid":"024100040020"},"geometry":{"type":"Polygon","coordinates":[[[-84.483933,39.189976],[-84.483989,39.189922],[-84.484372,39.190165],[-84.484316,39.190218],[-84.483933,39.189976]]]}},{"type":"Feature","properties":{"pid":"024100040021"},"geometry":{"type":"Polygon","coordinates":[[[-84.483989,39.189922],[-84.484045,39.189869],[-84.484427,39.190111],[-84.484372,39.190165],[-84.483989,39.189922]]]}},{"type":"Feature","properties":{"pid":"024100040022"},"geometry":{"type":"Polygon","coordinates":[[[-84.484045,39.189869],[-84.484099,39.189817],[-84.484481,39.190059],[-84.484427,39.190111],[-84.484045,39.189869]]]}},{"type":"Feature","properties":{"pid":"024100040025"},"geometry":{"type":"Polygon","coordinates":[[[-84.484211,39.189709],[-84.484266,39.189656],[-84.484649,39.189898],[-84.484593,39.189952],[-84.484211,39.189709]]]}},{"type":"Feature","properties":{"pid":"024100040026"},"geometry":{"type":"Polygon","coordinates":[[[-84.484266,39.189656],[-84.484298,39.189625],[-84.48468,39.189868],[-84.484649,39.189898],[-84.484266,39.189656]]]}},{"type":"Feature","properties":{"pid":"024100040039"},"geometry":{"type":"Polygon","coordinates":[[[-84.484182,39.189602],[-84.484267,39.189521],[-84.484362,39.189565],[-84.484266,39.189656],[-84.484182,39.189602]]]}},{"type":"Feature","properties":{"pid":"024100040041"},"geometry":{"type":"Polygon","coordinates":[[[-84.483796,39.189537],[-84.483852,39.189484],[-84.484211,39.189709],[-84.484155,39.189763],[-84.483796,39.189537]]]}},{"type":"Feature","properties":{"pid":"024100040043"},"geometry":{"type":"Polygon","coordinates":[[[-84.483683,39.189641],[-84.483767,39.189565],[-84.484126,39.189791],[-84.484045,39.189869],[-84.483683,39.189641]]]}},{"type":"Feature","properties":{"pid":"024100040044"},"geometry":{"type":"Polygon","coordinates":[[[-84.48363,39.189695],[-84.483683,39.189641],[-84.484045,39.189869],[-84.483989,39.189922],[-84.48363,39.189695]]]}},{"type":"Feature","properties":{"pid":"024100040045"},"geometry":{"type":"Polygon","coordinates":[[[-84.483574,39.189749],[-84.48363,39.189695],[-84.483989,39.189922],[-84.483933,39.189976],[-84.483574,39.189749]]]}},{"type":"Feature","properties":{"pid":"024100040046"},"geometry":{"type":"Polygon","coordinates":[[[-84.483518,39.189802],[-84.483574,39.189749],[-84.483933,39.189976],[-84.483878,39.19003],[-84.483518,39.189802]]]}},{"type":"Feature","properties":{"pid":"024100040049"},"geometry":{"type":"Polygon","coordinates":[[[-84.483351,39.18996],[-84.483405,39.189905],[-84.483768,39.190135],[-84.483712,39.190189],[-84.483351,39.18996]]]}},{"type":"Feature","properties":{"pid":"024100040052"},"geometry":{"type":"Polygon","coordinates":[[[-84.483182,39.190117],[-84.483239,39.190067],[-84.4836,39.190296],[-84.483547,39.190348],[-84.483182,39.190117]]]}},{"type":"Feature","properties":{"pid":"066100010195"},"geometry":{"type":"Polygon","coordinates":[[[-84.4882,39.18696],[-84.488258,39.186909],[-84.48859,39.187135],[-84.488531,39.187187],[-84.4882,39.18696]]]}},{"type":"Feature","properties":{"pid":"066100010196"},"geometry":{"type":"Polygon","coordinates":[[[-84.488258,39.186909],[-84.488316,39.186857],[-84.488648,39.187083],[-84.48859,39.187135],[-84.488258,39.186909]]]}},{"type":"Feature","properties":{"pid":"066100010197"},"geometry":{"type":"Polygon","coordinates":[[[-84.488316,39.186857],[-84.488374,39.186805],[-84.488618,39.186972],[-84.48856,39.187023],[-84.488316,39.186857]]]}},{"type":"Feature","properties":{"pid":"066100010198"},"geometry":{"type":"Polygon","coordinates":[[[-84.488374,39.186805],[-84.488433,39.186754],[-84.488618,39.18688],[-84.48856,39.186932],[-84.488374,39.186805]]]}},{"type":"Feature","properties":{"pid":"066100010199"},"geometry":{"type":"Polygon","coordinates":[[[-84.488815,39.186831],[-84.488989,39.186676],[-84.489056,39.186721],[-84.488881,39.186876],[-84.488815,39.186831]]]}},{"type":"Feature","properties":{"pid":"066100010200"},"geometry":{"type":"Polygon","coordinates":[[[-84.488549,39.18665],[-84.488608,39.186598],[-84.488873,39.186779],[-84.488815,39.186831],[-84.488549,39.18665]]]}},{"type":"Feature","properties":{"pid":"066100010201"},"geometry":{"type":"Polygon","coordinates":[[[-84.488608,39.186598],[-84.488666,39.186547],[-84.488931,39.186727],[-84.488873,39.186779],[-84.488608,39.186598]]]}},{"type":"Feature","properties":{"pid":"066100010202"},"geometry":{"type":"Polygon","coordinates":[[[-84.488666,39.186547],[-84.488724,39.186495],[-84.488989,39.186676],[-84.488931,39.186727],[-84.488666,39.186547]]]}},{"type":"Feature","properties":{"pid":"066100010203"},"geometry":{"type":"Polygon","coordinates":[[[-84.489056,39.186721],[-84.488724,39.186495],[-84.488781,39.186444],[-84.489113,39.18667],[-84.489056,39.186721]]]}},{"type":"Feature","properties":{"pid":"066100010204"},"geometry":{"type":"Polygon","coordinates":[[[-84.488781,39.186444],[-84.488841,39.186392],[-84.489173,39.186618],[-84.489113,39.18667],[-84.488781,39.186444]]]}},{"type":"Feature","properties":{"pid":"066100010205"},"geometry":{"type":"Polygon","coordinates":[[[-84.488841,39.186392],[-84.488899,39.18634],[-84.489231,39.186566],[-84.489173,39.186618],[-84.488841,39.186392]]]}},{"type":"Feature","properties":{"pid":"066100010207"},"geometry":{"type":"Polygon","coordinates":[[[-84.488958,39.186288],[-84.489016,39.186236],[-84.489348,39.186462],[-84.489289,39.186514],[-84.488958,39.186288]]]}},{"type":"Feature","properties":{"pid":"066100010209"},"geometry":{"type":"Polygon","coordinates":[[[-84.489074,39.186185],[-84.489133,39.186133],[-84.489464,39.186359],[-84.489406,39.186411],[-84.489074,39.186185]]]}},{"type":"Feature","properties":{"pid":"066100010211"},"geometry":{"type":"Polygon","coordinates":[[[-84.489392,39.186548],[-84.489544,39.186413],[-84.489624,39.186467],[-84.489472,39.186602],[-84.489392,39.186548]]]}},{"type":"Feature","properties":{"pid":"066100010213"},"geometry":{"type":"Polygon","coordinates":[[[-84.489412,39.18678],[-84.489703,39.186522],[-84.489783,39.186576],[-84.489491,39.186835],[-84.489412,39.18678]]]}},{"type":"Feature","properties":{"pid":"066100010215"},"geometry":{"type":"Polygon","coordinates":[[[-84.489571,39.186889],[-84.489863,39.18663],[-84.489942,39.186685],[-84.489651,39.186943],[-84.489571,39.186889]]]}},{"type":"Feature","properties":{"pid":"066100010216"},"geometry":{"type":"Polygon","coordinates":[[[-84.489651,39.186943],[-84.489942,39.186685],[-84.490022,39.186739],[-84.489731,39.186997],[-84.489651,39.186943]]]}},{"type":"Feature","properties":{"pid":"066100010217"},"geometry":{"type":"Polygon","coordinates":[[[-84.488881,39.186876],[-84.489173,39.186618],[-84.489252,39.186672],[-84.488961,39.18693],[-84.488881,39.186876]]]}},{"type":"Feature","properties":{"pid":"066100010219"},"geometry":{"type":"Polygon","coordinates":[[[-84.48904,39.186985],[-84.489332,39.186726],[-84.489412,39.18678],[-84.48912,39.187039],[-84.48904,39.186985]]]}},{"type":"Feature","properties":{"pid":"066100010220"},"geometry":{"type":"Polygon","coordinates":[[[-84.48912,39.187039],[-84.489412,39.18678],[-84.489491,39.186835],[-84.4892,39.187093],[-84.48912,39.187039]]]}},{"type":"Feature","properties":{"pid":"066100010221"},"geometry":{"type":"Polygon","coordinates":[[[-84.4892,39.187093],[-84.489491,39.186835],[-84.489571,39.186889],[-84.48928,39.187147],[-84.4892,39.187093]]]}},{"type":"Feature","properties":{"pid":"066100010223"},"geometry":{"type":"Polygon","coordinates":[[[-84.489359,39.187202],[-84.489651,39.186943],[-84.489731,39.186997],[-84.489439,39.187256],[-84.489359,39.187202]]]}},{"type":"Feature","properties":{"pid":"066100010224"},"geometry":{"type":"Polygon","coordinates":[[[-84.489439,39.187256],[-84.489556,39.187153],[-84.489689,39.187243],[-84.489572,39.187346],[-84.489439,39.187256]]]}},{"type":"Feature","properties":{"pid":"066100010226"},"geometry":{"type":"Polygon","coordinates":[[[-84.489631,39.187295],[-84.489689,39.187243],[-84.489888,39.187378],[-84.48983,39.18743],[-84.489631,39.187295]]]}},{"type":"Feature","properties":{"pid":"066100010228"},"geometry":{"type":"Polygon","coordinates":[[[-84.489626,39.18709],[-84.489696,39.187028],[-84.490028,39.187254],[-84.489958,39.187316],[-84.489626,39.18709]]]}},{"type":"Feature","properties":{"pid":"066100010230"},"geometry":{"type":"Polygon","coordinates":[[[-84.4898,39.186935],[-84.489905,39.186842],[-84.490238,39.187068],[-84.490133,39.187161],[-84.4898,39.186935]]]}},{"type":"Feature","properties":{"pid":"066100010231"},"geometry":{"type":"Polygon","coordinates":[[[-84.489905,39.186842],[-84.489964,39.186791],[-84.490296,39.187017],[-84.490238,39.187068],[-84.489905,39.186842]]]}},{"type":"Feature","properties":{"pid":"066100010234"},"geometry":{"type":"Polygon","coordinates":[[[-84.489971,39.187617],[-84.490262,39.187359],[-84.490329,39.187404],[-84.490038,39.187663],[-84.489971,39.187617]]]}},{"type":"Feature","properties":{"pid":"066100010235"},"geometry":{"type":"Polygon","coordinates":[[[-84.490038,39.187663],[-84.490329,39.187404],[-84.490409,39.187458],[-84.490118,39.187717],[-84.490038,39.187663]]]}},{"type":"Feature","properties":{"pid":"066100010236"},"geometry":{"type":"Polygon","coordinates":[[[-84.490118,39.187717],[-84.490409,39.187458],[-84.490488,39.187513],[-84.490198,39.187771],[-84.490118,39.187717]]]}},{"type":"Feature","properties":{"pid":"066100010238"},"geometry":{"type":"Polygon","coordinates":[[[-84.490278,39.187825],[-84.490568,39.187567],[-84.490648,39.187621],[-84.490357,39.187879],[-84.490278,39.187825]]]}},{"type":"Feature","properties":{"pid":"066100010239"},"geometry":{"type":"Polygon","coordinates":[[[-84.490477,39.187961],[-84.490357,39.187879],[-84.490648,39.187621],[-84.490768,39.187702],[-84.490477,39.187961]]]}},{"type":"Feature","properties":{"pid":"066100010240"},"geometry":{"type":"Polygon","coordinates":[[[-84.490597,39.188042],[-84.490477,39.187961],[-84.490768,39.187702],[-84.490887,39.187784],[-84.490597,39.188042]]]}},{"type":"Feature","properties":{"pid":"066100010241"},"geometry":{"type":"Polygon","coordinates":[[[-84.490716,39.188123],[-84.490597,39.188042],[-84.490887,39.187784],[-84.491007,39.187865],[-84.490716,39.188123]]]}},{"type":"Feature","properties":{"pid":"066100010242"},"geometry":{"type":"Polygon","coordinates":[[[-84.490828,39.188199],[-84.490716,39.188123],[-84.491007,39.187865],[-84.491118,39.187941],[-84.490828,39.188199]]]}},{"type":"Feature","properties":{"pid":"066100010243"},"geometry":{"type":"Polygon","coordinates":[[[-84.490836,39.188205],[-84.491126,39.187947],[-84.491166,39.187974],[-84.490876,39.188232],[-84.490836,39.188205]]]}},{"type":"Feature","properties":{"pid":"066100010244"},"geometry":{"type":"Polygon","coordinates":[[[-84.490916,39.188259],[-84.491206,39.188001],[-84.491239,39.188023],[-84.490979,39.188302],[-84.490916,39.188259]]]}},{"type":"Feature","properties":{"pid":"066100010246"},"geometry":{"type":"Polygon","coordinates":[[[-84.491125,39.188311],[-84.491178,39.188255],[-84.491416,39.188418],[-84.491364,39.188473],[-84.491125,39.188311]]]}},{"type":"Feature","properties":{"pid":"066100010247"},"geometry":{"type":"Polygon","coordinates":[[[-84.490979,39.188302],[-84.491083,39.188191],[-84.491178,39.188255],[-84.491073,39.188366],[-84.490979,39.188302]]]}},{"type":"Feature","properties":{"pid":"066100010248"},"geometry":{"type":"Polygon","coordinates":[[[-84.491416,39.188418],[-84.491083,39.188191],[-84.491146,39.188124],[-84.491479,39.188351],[-84.491416,39.188418]]]}},{"type":"Feature","properties":{"pid":"066100010249"},"geometry":{"type":"Polygon","coordinates":[[[-84.491146,39.188124],[-84.491208,39.188057],[-84.491541,39.188284],[-84.491479,39.188351],[-84.491146,39.188124]]]}},{"type":"Feature","properties":{"pid":"066100010250"},"geometry":{"type":"Polygon","coordinates":[[[-84.491208,39.188057],[-84.49127,39.18799],[-84.491604,39.188217],[-84.491541,39.188284],[-84.491208,39.188057]]]}},{"type":"Feature","properties":{"pid":"066100010251"},"geometry":{"type":"Polygon","coordinates":[[[-84.491526,39.188139],[-84.491741,39.18791],[-84.491832,39.187972],[-84.491618,39.188202],[-84.491526,39.188139]]]}},{"type":"Feature","properties":{"pid":"066100010252"},"geometry":{"type":"Polygon","coordinates":[[[-84.491618,39.188202],[-84.491429,39.188098],[-84.491658,39.187853],[-84.491741,39.18791],[-84.491526,39.188139],[-84.491618,39.188202]]]}},{"type":"Feature","properties":{"pid":"066100010253"},"geometry":{"type":"Polygon","coordinates":[[[-84.491346,39.188041],[-84.491575,39.187797],[-84.491658,39.187853],[-84.491429,39.188098],[-84.491346,39.188041]]]}},{"type":"Feature","properties":{"pid":"066100010254"},"geometry":{"type":"Polygon","coordinates":[[[-84.49127,39.18799],[-84.491499,39.187745],[-84.491575,39.187797],[-84.491346,39.188041],[-84.49127,39.18799]]]}},{"type":"Feature","properties":{"pid":"066100010255"},"geometry":{"type":"Polygon","coordinates":[[[-84.491239,39.188023],[-84.491126,39.187947],[-84.491417,39.187688],[-84.491499,39.187745],[-84.491239,39.188023]]]}},{"type":"Feature","properties":{"pid":"066100010256"},"geometry":{"type":"Polygon","coordinates":[[[-84.491118,39.187941],[-84.491047,39.187892],[-84.491337,39.187634],[-84.491417,39.187688],[-84.491118,39.187941]]]}},{"type":"Feature","properties":{"pid":"066100010258"},"geometry":{"type":"Polygon","coordinates":[[[-84.490887,39.187784],[-84.491178,39.187526],[-84.491257,39.18758],[-84.490967,39.187838],[-84.490887,39.187784]]]}},{"type":"Feature","properties":{"pid":"066100010260"},"geometry":{"type":"Polygon","coordinates":[[[-84.490807,39.18773],[-84.490728,39.187675],[-84.491018,39.187417],[-84.491098,39.187471],[-84.490807,39.18773]]]}},{"type":"Feature","properties":{"pid":"066100010261"},"geometry":{"type":"Polygon","coordinates":[[[-84.490648,39.187621],[-84.490938,39.187363],[-84.491018,39.187417],[-84.490728,39.187675],[-84.490648,39.187621]]]}},{"type":"Feature","properties":{"pid":"066100010262"},"geometry":{"type":"Polygon","coordinates":[[[-84.490568,39.187567],[-84.490859,39.187309],[-84.490938,39.187363],[-84.490648,39.187621],[-84.490568,39.187567]]]}},{"type":"Feature","properties":{"pid":"066100010263"},"geometry":{"type":"Polygon","coordinates":[[[-84.490488,39.187513],[-84.490779,39.187254],[-84.490859,39.187309],[-84.490568,39.187567],[-84.490488,39.187513]]]}},{"type":"Feature","properties":{"pid":"066100010264"},"geometry":{"type":"Polygon","coordinates":[[[-84.490409,39.187458],[-84.490699,39.1872],[-84.490779,39.187254],[-84.490488,39.187513],[-84.490409,39.187458]]]}},{"type":"Feature","properties":{"pid":"066100010265"},"geometry":{"type":"Polygon","coordinates":[[[-84.490329,39.187404],[-84.49062,39.187146],[-84.490699,39.1872],[-84.490409,39.187458],[-84.490329,39.187404]]]}},{"type":"Feature","properties":{"pid":"066100010267"},"geometry":{"type":"Polygon","coordinates":[[[-84.490297,39.187328],[-84.490231,39.187283],[-84.490487,39.187055],[-84.490567,39.18711],[-84.490297,39.187328]]]}},{"type":"Feature","properties":{"pid":"066100010268"},"geometry":{"type":"Polygon","coordinates":[[[-84.491928,39.187855],[-84.492449,39.187299],[-84.49259,39.187394],[-84.49207,39.187951],[-84.491928,39.187855]]]}},{"type":"Feature","properties":{"pid":"024100040054"},"geometry":{"type":"Polygon","coordinates":[[[-84.483073,39.190225],[-84.483126,39.19017],[-84.483491,39.190401],[-84.483435,39.190455],[-84.483073,39.190225]]]}},{"type":"Feature","properties":{"pid":"024100040055"},"geometry":{"type":"Polygon","coordinates":[[[-84.483017,39.190278],[-84.483073,39.190225],[-84.483435,39.190455],[-84.483379,39.190508],[-84.483017,39.190278]]]}},{"type":"Feature","properties":{"pid":"024100040056"},"geometry":{"type":"Polygon","coordinates":[[[-84.482958,39.19033],[-84.483017,39.190278],[-84.483379,39.190508],[-84.483323,39.190562],[-84.482958,39.19033]]]}},{"type":"Feature","properties":{"pid":"024100040058"},"geometry":{"type":"Polygon","coordinates":[[[-84.482848,39.190434],[-84.482904,39.190381],[-84.483269,39.190614],[-84.483213,39.190667],[-84.482848,39.190434]]]}},{"type":"Feature","properties":{"pid":"024100040062"},"geometry":{"type":"Polygon","coordinates":[[[-84.482626,39.190646],[-84.482682,39.190592],[-84.482911,39.190739],[-84.482856,39.190793],[-84.482626,39.190646]]]}},{"type":"Feature","properties":{"pid":"024100040067"},"geometry":{"type":"Polygon","coordinates":[[[-84.481953,39.190095],[-84.482009,39.190042],[-84.482382,39.190272],[-84.482326,39.190325],[-84.481953,39.190095]]]}},{"type":"Feature","properties":{"pid":"024100040073"},"geometry":{"type":"Polygon","coordinates":[[[-84.482288,39.189776],[-84.4824,39.189669],[-84.482563,39.18977],[-84.482473,39.189855],[-84.482683,39.189985],[-84.482661,39.190006],[-84.482288,39.189776]]]}},{"type":"Feature","properties":{"pid":"024100040074"},"geometry":{"type":"Polygon","coordinates":[[[-84.482473,39.189855],[-84.482563,39.18977],[-84.482772,39.1899],[-84.482683,39.189985],[-84.482473,39.189855]]]}},{"type":"Feature","properties":{"pid":"024100040082"},"geometry":{"type":"Polygon","coordinates":[[[-84.482741,39.189249],[-84.482808,39.189185],[-84.483241,39.189454],[-84.483174,39.189517],[-84.482741,39.189249]]]}},{"type":"Feature","properties":{"pid":"024100040083"},"geometry":{"type":"Polygon","coordinates":[[[-84.482808,39.189185],[-84.482875,39.189122],[-84.483308,39.18939],[-84.483241,39.189454],[-84.482808,39.189185]]]}},{"type":"Feature","properties":{"pid":"024100040085"},"geometry":{"type":"Polygon","coordinates":[[[-84.482897,39.1891],[-84.482942,39.189058],[-84.483375,39.189326],[-84.48333,39.189369],[-84.482897,39.1891]]]}},{"type":"Feature","properties":{"pid":"024100040086"},"geometry":{"type":"Polygon","coordinates":[[[-84.482942,39.189058],[-84.483009,39.188994],[-84.483442,39.189262],[-84.483375,39.189326],[-84.482942,39.189058]]]}},{"type":"Feature","properties":{"pid":"024100040087"},"geometry":{"type":"Polygon","coordinates":[[[-84.483009,39.188994],[-84.483042,39.188962],[-84.483528,39.18918],[-84.483442,39.189262],[-84.483009,39.188994]]]}},{"type":"Feature","properties":{"pid":"024100040104"},"geometry":{"type":"Polygon","coordinates":[[[-84.483852,39.189484],[-84.483962,39.18938],[-84.484267,39.189521],[-84.484126,39.189656],[-84.483852,39.189484]]]}},{"type":"Feature","properties":{"pid":"024100040105"},"geometry":{"type":"Polygon","coordinates":[[[-84.4828,39.190846],[-84.482987,39.190666],[-84.483124,39.190753],[-84.482936,39.190933],[-84.4828,39.190846]]]}},{"type":"Feature","properties":{"pid":"024100040106"},"geometry":{"type":"Polygon","coordinates":[[[-84.482936,39.190933],[-84.483048,39.190826],[-84.483211,39.19093],[-84.483098,39.191037],[-84.482936,39.190933]]]}},{"type":"Feature","properties":{"pid":"066100040164"},"geometry":{"type":"Polygon","coordinates":[[[-84.493994,39.185636],[-84.493601,39.185481],[-84.493651,39.185424],[-84.494046,39.185581],[-84.493994,39.185636]]]}},{"type":"Feature","properties":{"pid":"059000720129"},"geometry":{"type":"Polygon","coordinates":[[[-84.487119,39.207761],[-84.487023,39.207876],[-84.486638,39.207682],[-84.486734,39.207567],[-84.487119,39.207761]]]}},{"type":"Feature","properties":{"pid":"066100040158"},"geometry":{"type":"Polygon","coordinates":[[[-84.4935,39.185163],[-84.493242,39.18507],[-84.493316,39.184986],[-84.493567,39.185086],[-84.4935,39.185163]]]}},{"type":"Feature","properties":{"pid":"066100040112"},"geometry":{"type":"Polygon","coordinates":[[[-84.493829,39.185114],[-84.493756,39.185161],[-84.493316,39.184986],[-84.493365,39.184931],[-84.493829,39.185114]]]}},{"type":"Feature","properties":{"pid":"066100040071"},"geometry":{"type":"Polygon","coordinates":[[[-84.4935,39.185163],[-84.493318,39.185369],[-84.493066,39.185269],[-84.493242,39.18507],[-84.4935,39.185163]]]}},{"type":"Feature","properties":{"pid":"066100040118"},"geometry":{"type":"Polygon","coordinates":[[[-84.494983,39.186078],[-84.494409,39.185852],[-84.494943,39.18525],[-84.495389,39.185425],[-84.494983,39.186078]]]}},{"type":"Feature","properties":{"pid":"066100040119"},"geometry":{"type":"Polygon","coordinates":[[[-84.493689,39.182902],[-84.49397,39.182572],[-84.49481,39.182821],[-84.495774,39.183166],[-84.495207,39.183472],[-84.494735,39.183879],[-84.49447,39.184058],[-84.494433,39.184039],[-84.493938,39.184541],[-84.492876,39.183993],[-84.493297,39.183513],[-84.493439,39.183578],[-84.493674,39.183305],[-84.493733,39.182924],[-84.493689,39.182902]]]}},{"type":"Feature","properties":{"pid":"066100040107"},"geometry":{"type":"Polygon","coordinates":[[[-84.493376,39.184657],[-84.493292,39.184755],[-84.492889,39.184592],[-84.49294,39.184534],[-84.493376,39.184657]]]}},{"type":"Feature","properties":{"pid":"011600010191"},"geometry":{"type":"Polygon","coordinates":[[[-84.478006,39.183582],[-84.477831,39.183563],[-84.477893,39.183209],[-84.478068,39.183228],[-84.478006,39.183582]]]}},{"type":"Feature","properties":{"pid":"011600010144"},"geometry":{"type":"Polygon","coordinates":[[[-84.477128,39.183654],[-84.477146,39.18349],[-84.4776,39.183538],[-84.477571,39.183702],[-84.477128,39.183654]]]}},{"type":"Feature","properties":{"pid":"066100020525"},"geometry":{"type":"Polygon","coordinates":[[[-84.483637,39.185676],[-84.483621,39.185758],[-84.483186,39.18571],[-84.483225,39.185631],[-84.483637,39.185676]]]}},{"type":"Feature","properties":{"pid":"023900020086"},"geometry":{"type":"Polygon","coordinates":[[[-84.482002,39.196189],[-84.481787,39.196158],[-84.481837,39.195721],[-84.482051,39.195751],[-84.482002,39.196189]]]}},{"type":"Feature","properties":{"pid":"066100040120"},"geometry":{"type":"Polygon","coordinates":[[[-84.492512,39.184408],[-84.492588,39.184322],[-84.49299,39.184463],[-84.492931,39.184531],[-84.492512,39.184408]]]}},{"type":"Feature","properties":{"pid":"024100010052"},"geometry":{"type":"Polygon","coordinates":[[[-84.481474,39.193199],[-84.48154,39.193135],[-84.48195,39.193393],[-84.481884,39.193458],[-84.481474,39.193199]]]}},{"type":"Feature","properties":{"pid":"024100010053"},"geometry":{"type":"Polygon","coordinates":[[[-84.48154,39.193135],[-84.481606,39.193071],[-84.482016,39.193329],[-84.48195,39.193393],[-84.48154,39.193135]]]}},{"type":"Feature","properties":{"pid":"024100010054"},"geometry":{"type":"Polygon","coordinates":[[[-84.481606,39.193071],[-84.481674,39.193007],[-84.482084,39.193265],[-84.482016,39.193329],[-84.481606,39.193071]]]}},{"type":"Feature","properties":{"pid":"024100010055"},"geometry":{"type":"Polygon","coordinates":[[[-84.481674,39.193007],[-84.48174,39.192943],[-84.48215,39.1932],[-84.482084,39.193265],[-84.481674,39.193007]]]}},{"type":"Feature","properties":{"pid":"024100010056"},"geometry":{"type":"Polygon","coordinates":[[[-84.48174,39.192943],[-84.481806,39.192881],[-84.482216,39.193138],[-84.48215,39.1932],[-84.48174,39.192943]]]}},{"type":"Feature","properties":{"pid":"024100010057"},"geometry":{"type":"Polygon","coordinates":[[[-84.481806,39.192881],[-84.481874,39.192814],[-84.482285,39.193072],[-84.482216,39.193138],[-84.481806,39.192881]]]}},{"type":"Feature","properties":{"pid":"024100010058"},"geometry":{"type":"Polygon","coordinates":[[[-84.481874,39.192814],[-84.481942,39.19275],[-84.482351,39.193007],[-84.482285,39.193072],[-84.481874,39.192814]]]}},{"type":"Feature","properties":{"pid":"024100030008"},"geometry":{"type":"Polygon","coordinates":[[[-84.478834,39.1914],[-84.478902,39.191329],[-84.479397,39.191638],[-84.479323,39.191709],[-84.478834,39.1914]]]}},{"type":"Feature","properties":{"pid":"024100030052"},"geometry":{"type":"Polygon","coordinates":[[[-84.480889,39.192354],[-84.480726,39.192339],[-84.481152,39.191931],[-84.48122,39.191974],[-84.48093,39.192254],[-84.480997,39.192296],[-84.480889,39.192354]]]}},{"type":"Feature","properties":{"pid":"024100030053"},"geometry":{"type":"Polygon","coordinates":[[[-84.48093,39.192254],[-84.48122,39.191974],[-84.481288,39.192017],[-84.480997,39.192296],[-84.48093,39.192254]]]}},{"type":"Feature","properties":{"pid":"024100030054"},"geometry":{"type":"Polygon","coordinates":[[[-84.481387,39.192396],[-84.481138,39.192375],[-84.481424,39.192102],[-84.481586,39.192207],[-84.481387,39.192396]]]}},{"type":"Feature","properties":{"pid":"024100030101"},"geometry":{"type":"Polygon","coordinates":[[[-84.481343,39.19186],[-84.481568,39.191651],[-84.481631,39.191691],[-84.481409,39.191904],[-84.481343,39.19186]]]}},{"type":"Feature","properties":{"pid":"024100030103"},"geometry":{"type":"Polygon","coordinates":[[[-84.481476,39.191947],[-84.481697,39.191734],[-84.481816,39.191811],[-84.481595,39.192023],[-84.481476,39.191947]]]}},{"type":"Feature","properties":{"pid":"024100030104"},"geometry":{"type":"Polygon","coordinates":[[[-84.481595,39.192023],[-84.481816,39.191811],[-84.481935,39.191888],[-84.481714,39.1921],[-84.481595,39.192023]]]}},{"type":"Feature","properties":{"pid":"024100030105"},"geometry":{"type":"Polygon","coordinates":[[[-84.481935,39.191888],[-84.481568,39.191651],[-84.481624,39.191597],[-84.481991,39.191834],[-84.481935,39.191888]]]}},{"type":"Feature","properties":{"pid":"024100030106"},"geometry":{"type":"Polygon","coordinates":[[[-84.481624,39.191597],[-84.48168,39.191544],[-84.482047,39.191781],[-84.481991,39.191834],[-84.481624,39.191597]]]}},{"type":"Feature","properties":{"pid":"024100030108"},"geometry":{"type":"Polygon","coordinates":[[[-84.481734,39.191493],[-84.48179,39.191439],[-84.482157,39.191676],[-84.482101,39.191729],[-84.481734,39.191493]]]}},{"type":"Feature","properties":{"pid":"024100030109"},"geometry":{"type":"Polygon","coordinates":[[[-84.48179,39.191439],[-84.481846,39.191386],[-84.482213,39.191622],[-84.482157,39.191676],[-84.48179,39.191439]]]}},{"type":"Feature","properties":{"pid":"024100030110"},"geometry":{"type":"Polygon","coordinates":[[[-84.481846,39.191386],[-84.481903,39.191333],[-84.482269,39.191569],[-84.482213,39.191622],[-84.481846,39.191386]]]}},{"type":"Feature","properties":{"pid":"024100030142"},"geometry":{"type":"Polygon","coordinates":[[[-84.481714,39.1921],[-84.481935,39.191888],[-84.482014,39.191938],[-84.481793,39.19215],[-84.481714,39.1921]]]}},{"type":"Feature","properties":{"pid":"024100040064"},"geometry":{"type":"Polygon","coordinates":[[[-84.481786,39.190254],[-84.481842,39.190201],[-84.482214,39.190432],[-84.482159,39.190485],[-84.481786,39.190254]]]}},{"type":"Feature","properties":{"pid":"066100010288"},"geometry":{"type":"Polygon","coordinates":[[[-84.491314,39.186527],[-84.491024,39.186786],[-84.490958,39.186741],[-84.491247,39.186482],[-84.491314,39.186527]]]}},{"type":"Feature","properties":{"pid":"066100010285"},"geometry":{"type":"Polygon","coordinates":[[[-84.490735,39.187045],[-84.490669,39.187],[-84.490958,39.186741],[-84.491024,39.186786],[-84.490735,39.187045]]]}},{"type":"Feature","properties":{"pid":"066100010294"},"geometry":{"type":"Polygon","coordinates":[[[-84.491424,39.187056],[-84.491713,39.186798],[-84.491793,39.186852],[-84.491504,39.187111],[-84.491424,39.187056]]]}},{"type":"Feature","properties":{"pid":"011600010205"},"geometry":{"type":"Polygon","coordinates":[[[-84.47889,39.183676],[-84.478705,39.183656],[-84.478767,39.183303],[-84.478953,39.183322],[-84.47889,39.183676]]]}},{"type":"Feature","properties":{"pid":"011600010220"},"geometry":{"type":"Polygon","coordinates":[[[-84.480229,39.183819],[-84.480054,39.1838],[-84.480117,39.183446],[-84.480292,39.183465],[-84.480229,39.183819]]]}},{"type":"Feature","properties":{"pid":"011600010214"},"geometry":{"type":"Polygon","coordinates":[[[-84.481137,39.183916],[-84.48098,39.183899],[-84.481043,39.183545],[-84.481201,39.183562],[-84.481137,39.183916]]]}},{"type":"Feature","properties":{"pid":"011600010213"},"geometry":{"type":"Polygon","coordinates":[[[-84.481402,39.183583],[-84.48134,39.183937],[-84.481137,39.183916],[-84.481201,39.183562],[-84.481402,39.183583]]]}},{"type":"Feature","properties":{"pid":"066100020524"},"geometry":{"type":"Polygon","coordinates":[[[-84.483621,39.185758],[-84.483594,39.185892],[-84.483152,39.185779],[-84.483186,39.18571],[-84.483621,39.185758]]]}},{"type":"Feature","properties":{"pid":"024400030005"},"geometry":{"type":"Polygon","coordinates":[[[-84.468869,39.211727],[-84.46888,39.211413],[-84.468657,39.211316],[-84.468994,39.210834],[-84.469523,39.211061],[-84.469151,39.211589],[-84.469656,39.211797],[-84.469614,39.211842],[-84.468969,39.211576],[-84.468869,39.211727]]]}},{"type":"Feature","properties":{"pid":"011600010145"},"geometry":{"type":"Polygon","coordinates":[[[-84.477831,39.183945],[-84.477569,39.183917],[-84.477635,39.183542],[-84.477897,39.18357],[-84.477831,39.183945]]]}},{"type":"Feature","properties":{"pid":"011600010193"},"geometry":{"type":"Polygon","coordinates":[[[-84.47818,39.1836],[-84.478006,39.183582],[-84.478068,39.183228],[-84.478243,39.183247],[-84.47818,39.1836]]]}},{"type":"Feature","properties":{"pid":"066100020526"},"geometry":{"type":"Polygon","coordinates":[[[-84.483637,39.185676],[-84.483225,39.185631],[-84.483264,39.185552],[-84.483653,39.185595],[-84.483637,39.185676]]]}},{"type":"Feature","properties":{"pid":"066100020530"},"geometry":{"type":"Polygon","coordinates":[[[-84.483733,39.185188],[-84.483717,39.185269],[-84.483419,39.185236],[-84.483458,39.185158],[-84.483733,39.185188]]]}},{"type":"Feature","properties":{"pid":"011600010077"},"geometry":{"type":"Polygon","coordinates":[[[-84.478093,39.183973],[-84.477831,39.183945],[-84.477897,39.18357],[-84.478159,39.183598],[-84.478093,39.183973]]]}},{"type":"Feature","properties":{"pid":"011600010217"},"geometry":{"type":"Polygon","coordinates":[[[-84.480753,39.183875],[-84.480578,39.183856],[-84.480641,39.183502],[-84.480816,39.183521],[-84.480753,39.183875]]]}},{"type":"Feature","properties":{"pid":"011600010192"},"geometry":{"type":"Polygon","coordinates":[[[-84.477831,39.183563],[-84.477656,39.183544],[-84.477718,39.183191],[-84.477893,39.183209],[-84.477831,39.183563]]]}},{"type":"Feature","properties":{"pid":"066100010293"},"geometry":{"type":"Polygon","coordinates":[[[-84.491633,39.186743],[-84.491713,39.186798],[-84.491424,39.187056],[-84.491344,39.187002],[-84.491633,39.186743]]]}},{"type":"Feature","properties":{"pid":"066100010279"},"geometry":{"type":"Polygon","coordinates":[[[-84.491424,39.187056],[-84.491504,39.187111],[-84.491214,39.187369],[-84.491134,39.187315],[-84.491424,39.187056]]]}},{"type":"Feature","properties":{"pid":"066100010292"},"geometry":{"type":"Polygon","coordinates":[[[-84.491553,39.186689],[-84.491633,39.186743],[-84.491344,39.187002],[-84.491264,39.186948],[-84.491553,39.186689]]]}},{"type":"Feature","properties":{"pid":"011600010150"},"geometry":{"type":"Polygon","coordinates":[[[-84.479393,39.184112],[-84.47946,39.183737],[-84.479662,39.183758],[-84.479596,39.184134],[-84.479393,39.184112]]]}},{"type":"Feature","properties":{"pid":"066100010290"},"geometry":{"type":"Polygon","coordinates":[[[-84.491394,39.186581],[-84.491474,39.186635],[-84.491184,39.186894],[-84.491104,39.18684],[-84.491394,39.186581]]]}},{"type":"Feature","properties":{"pid":"066100010297"},"geometry":{"type":"Polygon","coordinates":[[[-84.491643,39.187205],[-84.491933,39.186946],[-84.491983,39.186981],[-84.491724,39.18726],[-84.491643,39.187205]]]}},{"type":"Feature","properties":{"pid":"066100010277"},"geometry":{"type":"Polygon","coordinates":[[[-84.491623,39.187192],[-84.491724,39.18726],[-84.491464,39.187539],[-84.491334,39.187451],[-84.491623,39.187192]]]}},{"type":"Feature","properties":{"pid":"066100040177"},"geometry":{"type":"Polygon","coordinates":[[[-84.493658,39.184397],[-84.493961,39.184553],[-84.494342,39.184145],[-84.494735,39.183879],[-84.495207,39.183472],[-84.495774,39.183166],[-84.495875,39.183199],[-84.495866,39.183279],[-84.496049,39.183519],[-84.495268,39.184547],[-84.494703,39.185154],[-84.493424,39.18467],[-84.493658,39.184397]]]}},{"type":"Feature","properties":{"pid":"066100010432"},"geometry":{"type":"Polygon","coordinates":[[[-84.490823,39.187105],[-84.491112,39.186846],[-84.491344,39.187002],[-84.491054,39.187261],[-84.490823,39.187105]]]}},{"type":"Feature","properties":{"pid":"011600010195"},"geometry":{"type":"Polygon","coordinates":[[[-84.47853,39.183637],[-84.478355,39.183619],[-84.478418,39.183265],[-84.478592,39.183284],[-84.47853,39.183637]]]}},{"type":"Feature","properties":{"pid":"011600010219"},"geometry":{"type":"Polygon","coordinates":[[[-84.480403,39.183837],[-84.480229,39.183819],[-84.480292,39.183465],[-84.480466,39.183484],[-84.480403,39.183837]]]}},{"type":"Feature","properties":{"pid":"066100020531"},"geometry":{"type":"Polygon","coordinates":[[[-84.483496,39.185079],[-84.48375,39.185106],[-84.483733,39.185188],[-84.483458,39.185158],[-84.483496,39.185079]]]}},{"type":"Feature","properties":{"pid":"059000720109"},"geometry":{"type":"Polygon","coordinates":[[[-84.485972,39.208328],[-84.486068,39.208213],[-84.486586,39.208474],[-84.48649,39.208589],[-84.485972,39.208328]]]}},{"type":"Feature","properties":{"pid":"011600010184"},"geometry":{"type":"Polygon","coordinates":[[[-84.477161,39.18335],[-84.477511,39.183386],[-84.477494,39.183527],[-84.477146,39.18349],[-84.477161,39.18335]]]}},{"type":"Feature","properties":{"pid":"011600010149"},"geometry":{"type":"Polygon","coordinates":[[[-84.479386,39.184111],[-84.479177,39.184089],[-84.479243,39.183714],[-84.479453,39.183736],[-84.479386,39.184111]]]}},{"type":"Feature","properties":{"pid":"011600010204"},"geometry":{"type":"Polygon","coordinates":[[[-84.479421,39.183733],[-84.479246,39.183714],[-84.479309,39.18336],[-84.479484,39.183379],[-84.479421,39.183733]]]}},{"type":"Feature","properties":{"pid":"011600010222"},"geometry":{"type":"Polygon","coordinates":[[[-84.479823,39.183775],[-84.479648,39.183757],[-84.479711,39.183403],[-84.479886,39.183422],[-84.479823,39.183775]]]}},{"type":"Feature","properties":{"pid":"011600010247"},"geometry":{"type":"Polygon","coordinates":[[[-84.48091,39.183891],[-84.480753,39.183875],[-84.480816,39.183521],[-84.480973,39.183538],[-84.48091,39.183891]]]}},{"type":"Feature","properties":{"pid":"066100010280"},"geometry":{"type":"Polygon","coordinates":[[[-84.491134,39.187315],[-84.491054,39.187261],[-84.491344,39.187002],[-84.491424,39.187056],[-84.491134,39.187315]]]}},{"type":"Feature","properties":{"pid":"066100010284"},"geometry":{"type":"Polygon","coordinates":[[[-84.490735,39.187045],[-84.491024,39.186786],[-84.491112,39.186846],[-84.490823,39.187105],[-84.490735,39.187045]]]}},{"type":"Feature","properties":{"pid":"011600010223"},"geometry":{"type":"Polygon","coordinates":[[[-84.479648,39.183757],[-84.479474,39.183738],[-84.479536,39.183385],[-84.479711,39.183403],[-84.479648,39.183757]]]}},{"type":"Feature","properties":{"pid":"011600010218"},"geometry":{"type":"Polygon","coordinates":[[[-84.480578,39.183856],[-84.480403,39.183837],[-84.480466,39.183484],[-84.480641,39.183502],[-84.480578,39.183856]]]}},{"type":"Feature","properties":{"pid":"011600010221"},"geometry":{"type":"Polygon","coordinates":[[[-84.480054,39.1838],[-84.479823,39.183775],[-84.479886,39.183422],[-84.480117,39.183446],[-84.480054,39.1838]]]}},{"type":"Feature","properties":{"pid":"011600010212"},"geometry":{"type":"Polygon","coordinates":[[[-84.479054,39.183693],[-84.47889,39.183676],[-84.478953,39.183322],[-84.479117,39.18334],[-84.479054,39.183693]]]}},{"type":"Feature","properties":{"pid":"066100010431"},"geometry":{"type":"Polygon","coordinates":[[[-84.491623,39.187192],[-84.491334,39.187451],[-84.491214,39.187369],[-84.491793,39.186852],[-84.491873,39.186906],[-84.491583,39.187165],[-84.491623,39.187192]]]}},{"type":"Feature","properties":{"pid":"066100010296"},"geometry":{"type":"Polygon","coordinates":[[[-84.491873,39.186906],[-84.491933,39.186946],[-84.491643,39.187205],[-84.491583,39.187165],[-84.491873,39.186906]]]}},{"type":"Feature","properties":{"pid":"066100010270"},"geometry":{"type":"Polygon","coordinates":[[[-84.491516,39.187483],[-84.491568,39.187427],[-84.491901,39.187652],[-84.491849,39.187708],[-84.491516,39.187483]]]}},{"type":"Feature","properties":{"pid":"066100010272"},"geometry":{"type":"Polygon","coordinates":[[[-84.492025,39.187518],[-84.491963,39.187585],[-84.49163,39.18736],[-84.491693,39.187293],[-84.492025,39.187518]]]}},{"type":"Feature","properties":{"pid":"066100010275"},"geometry":{"type":"Polygon","coordinates":[[[-84.492212,39.187317],[-84.49188,39.187092],[-84.491932,39.187036],[-84.492264,39.187262],[-84.492212,39.187317]]]}},{"type":"Feature","properties":{"pid":"066100010273"},"geometry":{"type":"Polygon","coordinates":[[[-84.491693,39.187293],[-84.491796,39.187182],[-84.492129,39.187407],[-84.492025,39.187518],[-84.491693,39.187293]]]}},{"type":"Feature","properties":{"pid":"066100010274"},"geometry":{"type":"Polygon","coordinates":[[[-84.491796,39.187182],[-84.49188,39.187092],[-84.492212,39.187317],[-84.492129,39.187407],[-84.491796,39.187182]]]}},{"type":"Feature","properties":{"pid":"066100020535"},"geometry":{"type":"Polygon","coordinates":[[[-84.483814,39.184781],[-84.483798,39.184862],[-84.483613,39.184842],[-84.483651,39.184763],[-84.483814,39.184781]]]}},{"type":"Feature","properties":{"pid":"011600010177"},"geometry":{"type":"Polygon","coordinates":[[[-84.478887,39.184058],[-84.478953,39.183683],[-84.479155,39.183704],[-84.479089,39.18408],[-84.478887,39.184058]]]}},{"type":"Feature","properties":{"pid":"011600010181"},"geometry":{"type":"Polygon","coordinates":[[[-84.477161,39.183349],[-84.477176,39.18321],[-84.477351,39.183229],[-84.477336,39.183367],[-84.477161,39.183349]]]}},{"type":"Feature","properties":{"pid":"011600010189"},"geometry":{"type":"Polygon","coordinates":[[[-84.477663,39.183404],[-84.477511,39.183387],[-84.477535,39.183171],[-84.477718,39.183191],[-84.477656,39.183544],[-84.477663,39.183404]]]}},{"type":"Feature","properties":{"pid":"011600010178"},"geometry":{"type":"Polygon","coordinates":[[[-84.478792,39.184048],[-84.478691,39.184037],[-84.478757,39.183662],[-84.478858,39.183673],[-84.478792,39.184048]]]}},{"type":"Feature","properties":{"pid":"011600010194"},"geometry":{"type":"Polygon","coordinates":[[[-84.478355,39.183619],[-84.47818,39.1836],[-84.478243,39.183247],[-84.478418,39.183265],[-84.478355,39.183619]]]}},{"type":"Feature","properties":{"pid":"011600010206"},"geometry":{"type":"Polygon","coordinates":[[[-84.479246,39.183714],[-84.479054,39.183693],[-84.479117,39.18334],[-84.479309,39.18336],[-84.479246,39.183714]]]}},{"type":"Feature","properties":{"pid":"064100080026"},"geometry":{"type":"Polygon","coordinates":[[[-84.463945,39.218382],[-84.463966,39.217971],[-84.4641,39.217971],[-84.464098,39.218383],[-84.463945,39.218382]]]}},{"type":"Feature","properties":{"pid":"064100080028"},"geometry":{"type":"Polygon","coordinates":[[[-84.463562,39.21838],[-84.4636,39.217968],[-84.463834,39.21797],[-84.463832,39.218382],[-84.463562,39.21838]]]}},{"type":"Feature","properties":{"pid":"064100080031"},"geometry":{"type":"Polygon","coordinates":[[[-84.463209,39.218379],[-84.46323,39.218283],[-84.463563,39.218285],[-84.463562,39.21838],[-84.463209,39.218379]]]}},{"type":"Feature","properties":{"pid":"064100080043"},"geometry":{"type":"Polygon","coordinates":[[[-84.464098,39.218383],[-84.4641,39.217971],[-84.464236,39.217972],[-84.464191,39.218383],[-84.464098,39.218383]]]}},{"type":"Feature","properties":{"pid":"066100040136"},"geometry":{"type":"Polygon","coordinates":[[[-84.493354,39.183446],[-84.49301,39.183293],[-84.49343,39.18277],[-84.493733,39.182924],[-84.493674,39.183305],[-84.493439,39.183578],[-84.493297,39.183513],[-84.493354,39.183446]]]}},{"type":"Feature","properties":{"pid":"059000710396"},"geometry":{"type":"Polygon","coordinates":[[[-84.476189,39.206839],[-84.476213,39.206568],[-84.476389,39.206583],[-84.476356,39.206938],[-84.476189,39.206839]]]}},{"type":"Feature","properties":{"pid":"059000810032"},"geometry":{"type":"Polygon","coordinates":[[[-84.474221,39.213335],[-84.474232,39.213231],[-84.474584,39.213253],[-84.474573,39.213357],[-84.474221,39.213335]]]}},{"type":"Feature","properties":{"pid":"059000810033"},"geometry":{"type":"Polygon","coordinates":[[[-84.47421,39.21345],[-84.474221,39.21334],[-84.474573,39.213362],[-84.474562,39.213472],[-84.47421,39.21345]]]}},{"type":"Feature","properties":{"pid":"059000810034"},"geometry":{"type":"Polygon","coordinates":[[[-84.474199,39.213559],[-84.47421,39.21345],[-84.474562,39.213472],[-84.474551,39.213581],[-84.474199,39.213559]]]}},{"type":"Feature","properties":{"pid":"059000810039"},"geometry":{"type":"Polygon","coordinates":[[[-84.474143,39.214107],[-84.474155,39.213997],[-84.474506,39.21402],[-84.474495,39.214129],[-84.474143,39.214107]]]}},{"type":"Feature","properties":{"pid":"059000810041"},"geometry":{"type":"Polygon","coordinates":[[[-84.474121,39.214326],[-84.474132,39.214216],[-84.474484,39.214239],[-84.474473,39.214348],[-84.474121,39.214326]]]}},{"type":"Feature","properties":{"pid":"059000810042"},"geometry":{"type":"Polygon","coordinates":[[[-84.47411,39.214435],[-84.474121,39.214326],[-84.474473,39.214348],[-84.474462,39.214457],[-84.47411,39.214435]]]}},{"type":"Feature","properties":{"pid":"059000810043"},"geometry":{"type":"Polygon","coordinates":[[[-84.474099,39.214545],[-84.47411,39.214435],[-84.474462,39.214457],[-84.474451,39.214566],[-84.474099,39.214545]]]}},{"type":"Feature","properties":{"pid":"059000810045"},"geometry":{"type":"Polygon","coordinates":[[[-84.474077,39.214764],[-84.474088,39.214654],[-84.47444,39.214676],[-84.474429,39.214785],[-84.474077,39.214764]]]}},{"type":"Feature","properties":{"pid":"059000810051"},"geometry":{"type":"Polygon","coordinates":[[[-84.474316,39.215547],[-84.474327,39.215441],[-84.47476,39.21548],[-84.474742,39.215602],[-84.474316,39.215547]]]}},{"type":"Feature","properties":{"pid":"059000810052"},"geometry":{"type":"Polygon","coordinates":[[[-84.474327,39.215441],[-84.474338,39.215331],[-84.474776,39.215371],[-84.47476,39.21548],[-84.474327,39.215441]]]}},{"type":"Feature","properties":{"pid":"059000810053"},"geometry":{"type":"Polygon","coordinates":[[[-84.474338,39.215331],[-84.474384,39.215225],[-84.474793,39.215262],[-84.474776,39.215371],[-84.474338,39.215331]]]}},{"type":"Feature","properties":{"pid":"059000810054"},"geometry":{"type":"Polygon","coordinates":[[[-84.474384,39.215225],[-84.474395,39.215115],[-84.474809,39.215153],[-84.474793,39.215262],[-84.474384,39.215225]]]}},{"type":"Feature","properties":{"pid":"059000810055"},"geometry":{"type":"Polygon","coordinates":[[[-84.474395,39.215115],[-84.474407,39.215006],[-84.474825,39.215044],[-84.474809,39.215153],[-84.474395,39.215115]]]}},{"type":"Feature","properties":{"pid":"059000810056"},"geometry":{"type":"Polygon","coordinates":[[[-84.474407,39.215006],[-84.474418,39.214896],[-84.474842,39.214935],[-84.474825,39.215044],[-84.474407,39.215006]]]}},{"type":"Feature","properties":{"pid":"059000810057"},"geometry":{"type":"Polygon","coordinates":[[[-84.474418,39.214896],[-84.474429,39.214787],[-84.474858,39.214826],[-84.474842,39.214935],[-84.474418,39.214896]]]}},{"type":"Feature","properties":{"pid":"059000810058"},"geometry":{"type":"Polygon","coordinates":[[[-84.474429,39.214787],[-84.47444,39.214677],[-84.474875,39.214717],[-84.474858,39.214826],[-84.474429,39.214787]]]}},{"type":"Feature","properties":{"pid":"059000810059"},"geometry":{"type":"Polygon","coordinates":[[[-84.47444,39.214677],[-84.474451,39.214567],[-84.474891,39.214607],[-84.474875,39.214717],[-84.47444,39.214677]]]}},{"type":"Feature","properties":{"pid":"059000810060"},"geometry":{"type":"Polygon","coordinates":[[[-84.474451,39.214567],[-84.474462,39.214458],[-84.474907,39.214498],[-84.474891,39.214607],[-84.474451,39.214567]]]}},{"type":"Feature","properties":{"pid":"059000810061"},"geometry":{"type":"Polygon","coordinates":[[[-84.474462,39.214458],[-84.474473,39.214348],[-84.474924,39.214389],[-84.474907,39.214498],[-84.474462,39.214458]]]}},{"type":"Feature","properties":{"pid":"059000810062"},"geometry":{"type":"Polygon","coordinates":[[[-84.474473,39.214348],[-84.474484,39.214239],[-84.47494,39.21428],[-84.474924,39.214389],[-84.474473,39.214348]]]}},{"type":"Feature","properties":{"pid":"059000810063"},"geometry":{"type":"Polygon","coordinates":[[[-84.474484,39.214239],[-84.474495,39.214129],[-84.474957,39.214171],[-84.47494,39.21428],[-84.474484,39.214239]]]}},{"type":"Feature","properties":{"pid":"059000810064"},"geometry":{"type":"Polygon","coordinates":[[[-84.474495,39.214129],[-84.474506,39.21402],[-84.474973,39.214062],[-84.474957,39.214171],[-84.474495,39.214129]]]}},{"type":"Feature","properties":{"pid":"059000810065"},"geometry":{"type":"Polygon","coordinates":[[[-84.474506,39.21402],[-84.474517,39.21391],[-84.474989,39.213953],[-84.474973,39.214062],[-84.474506,39.21402]]]}},{"type":"Feature","properties":{"pid":"059000810066"},"geometry":{"type":"Polygon","coordinates":[[[-84.474517,39.21391],[-84.474528,39.213801],[-84.475006,39.213844],[-84.474989,39.213953],[-84.474517,39.21391]]]}},{"type":"Feature","properties":{"pid":"059000810067"},"geometry":{"type":"Polygon","coordinates":[[[-84.474528,39.213801],[-84.47454,39.213691],[-84.475022,39.213735],[-84.475006,39.213844],[-84.474528,39.213801]]]}},{"type":"Feature","properties":{"pid":"059000810068"},"geometry":{"type":"Polygon","coordinates":[[[-84.47454,39.213691],[-84.474551,39.213581],[-84.475038,39.213626],[-84.475022,39.213735],[-84.47454,39.213691]]]}},{"type":"Feature","properties":{"pid":"059000810069"},"geometry":{"type":"Polygon","coordinates":[[[-84.474551,39.213581],[-84.474562,39.213472],[-84.475055,39.213517],[-84.475038,39.213626],[-84.474551,39.213581]]]}},{"type":"Feature","properties":{"pid":"059000810070"},"geometry":{"type":"Polygon","coordinates":[[[-84.474562,39.213472],[-84.474573,39.213362],[-84.475071,39.213408],[-84.475055,39.213517],[-84.474562,39.213472]]]}},{"type":"Feature","properties":{"pid":"059000810071"},"geometry":{"type":"Polygon","coordinates":[[[-84.474573,39.213362],[-84.474584,39.213253],[-84.475088,39.213298],[-84.475071,39.213408],[-84.474573,39.213362]]]}},{"type":"Feature","properties":{"pid":"059000810074"},"geometry":{"type":"Polygon","coordinates":[[[-84.475211,39.21342],[-84.475228,39.213311],[-84.475596,39.213345],[-84.47558,39.213454],[-84.475211,39.21342]]]}},{"type":"Feature","properties":{"pid":"059000810076"},"geometry":{"type":"Polygon","coordinates":[[[-84.475179,39.213638],[-84.475195,39.213529],[-84.475563,39.213563],[-84.475547,39.213672],[-84.475179,39.213638]]]}},{"type":"Feature","properties":{"pid":"059000810077"},"geometry":{"type":"Polygon","coordinates":[[[-84.475162,39.213748],[-84.475179,39.213638],[-84.475547,39.213672],[-84.47553,39.213781],[-84.475162,39.213748]]]}},{"type":"Feature","properties":{"pid":"059000810078"},"geometry":{"type":"Polygon","coordinates":[[[-84.475146,39.213857],[-84.475162,39.213748],[-84.47553,39.213781],[-84.475514,39.21389],[-84.475146,39.213857]]]}},{"type":"Feature","properties":{"pid":"059000810079"},"geometry":{"type":"Polygon","coordinates":[[[-84.47513,39.213966],[-84.475146,39.213857],[-84.475514,39.21389],[-84.475498,39.213999],[-84.47513,39.213966]]]}},{"type":"Feature","properties":{"pid":"059000810080"},"geometry":{"type":"Polygon","coordinates":[[[-84.475113,39.214075],[-84.47513,39.213966],[-84.475498,39.213999],[-84.475481,39.214108],[-84.475113,39.214075]]]}},{"type":"Feature","properties":{"pid":"059000810081"},"geometry":{"type":"Polygon","coordinates":[[[-84.475097,39.214184],[-84.475113,39.214075],[-84.475481,39.214108],[-84.475465,39.214217],[-84.475097,39.214184]]]}},{"type":"Feature","properties":{"pid":"059000810082"},"geometry":{"type":"Polygon","coordinates":[[[-84.47508,39.214293],[-84.475097,39.214184],[-84.475465,39.214217],[-84.475449,39.214326],[-84.47508,39.214293]]]}},{"type":"Feature","properties":{"pid":"059000810083"},"geometry":{"type":"Polygon","coordinates":[[[-84.475064,39.214402],[-84.47508,39.214293],[-84.475449,39.214326],[-84.475432,39.214436],[-84.475064,39.214402]]]}},{"type":"Feature","properties":{"pid":"059000810084"},"geometry":{"type":"Polygon","coordinates":[[[-84.475048,39.214511],[-84.475064,39.214402],[-84.475432,39.214436],[-84.475416,39.214545],[-84.475048,39.214511]]]}},{"type":"Feature","properties":{"pid":"059000810085"},"geometry":{"type":"Polygon","coordinates":[[[-84.475031,39.21462],[-84.475048,39.214511],[-84.475416,39.214545],[-84.475399,39.214654],[-84.475031,39.21462]]]}},{"type":"Feature","properties":{"pid":"059000810086"},"geometry":{"type":"Polygon","coordinates":[[[-84.475015,39.214729],[-84.475031,39.21462],[-84.475399,39.214654],[-84.475383,39.214763],[-84.475015,39.214729]]]}},{"type":"Feature","properties":{"pid":"059000810087"},"geometry":{"type":"Polygon","coordinates":[[[-84.474998,39.214838],[-84.475015,39.214729],[-84.475383,39.214763],[-84.475367,39.214872],[-84.474998,39.214838]]]}},{"type":"Feature","properties":{"pid":"059000810088"},"geometry":{"type":"Polygon","coordinates":[[[-84.474982,39.214947],[-84.474998,39.214838],[-84.475367,39.214872],[-84.47535,39.214981],[-84.474982,39.214947]]]}},{"type":"Feature","properties":{"pid":"059000810089"},"geometry":{"type":"Polygon","coordinates":[[[-84.474966,39.215057],[-84.474982,39.214947],[-84.47535,39.214981],[-84.475334,39.21509],[-84.474966,39.215057]]]}},{"type":"Feature","properties":{"pid":"059000810090"},"geometry":{"type":"Polygon","coordinates":[[[-84.474949,39.215166],[-84.474966,39.215057],[-84.475334,39.21509],[-84.475317,39.215199],[-84.474949,39.215166]]]}},{"type":"Feature","properties":{"pid":"059000810091"},"geometry":{"type":"Polygon","coordinates":[[[-84.474933,39.215275],[-84.474949,39.215166],[-84.475317,39.215199],[-84.475301,39.215308],[-84.474933,39.215275]]]}},{"type":"Feature","properties":{"pid":"059000810092"},"geometry":{"type":"Polygon","coordinates":[[[-84.474917,39.215384],[-84.474933,39.215275],[-84.475301,39.215308],[-84.475285,39.215417],[-84.474917,39.215384]]]}},{"type":"Feature","properties":{"pid":"059000810093"},"geometry":{"type":"Polygon","coordinates":[[[-84.474898,39.215507],[-84.474917,39.215384],[-84.475285,39.215417],[-84.475266,39.21554],[-84.474898,39.215507]]]}},{"type":"Feature","properties":{"pid":"059000810094"},"geometry":{"type":"Polygon","coordinates":[[[-84.474881,39.21562],[-84.474898,39.215507],[-84.475266,39.21554],[-84.475247,39.215667],[-84.474881,39.21562]]]}},{"type":"Feature","properties":{"pid":"059000810095"},"geometry":{"type":"Polygon","coordinates":[[[-84.475247,39.215667],[-84.475266,39.21554],[-84.475634,39.215573],[-84.475613,39.215714],[-84.475247,39.215667]]]}},{"type":"Feature","properties":{"pid":"059000810096"},"geometry":{"type":"Polygon","coordinates":[[[-84.475266,39.21554],[-84.475285,39.215417],[-84.475653,39.215451],[-84.475634,39.215573],[-84.475266,39.21554]]]}},{"type":"Feature","properties":{"pid":"059000810097"},"geometry":{"type":"Polygon","coordinates":[[[-84.475285,39.215417],[-84.475301,39.215308],[-84.475669,39.215342],[-84.475653,39.215451],[-84.475285,39.215417]]]}},{"type":"Feature","properties":{"pid":"059000810098"},"geometry":{"type":"Polygon","coordinates":[[[-84.475301,39.215308],[-84.475317,39.215199],[-84.475685,39.215233],[-84.475669,39.215342],[-84.475301,39.215308]]]}},{"type":"Feature","properties":{"pid":"059000810099"},"geometry":{"type":"Polygon","coordinates":[[[-84.475317,39.215199],[-84.475334,39.21509],[-84.475702,39.215123],[-84.475685,39.215233],[-84.475317,39.215199]]]}},{"type":"Feature","properties":{"pid":"059000810100"},"geometry":{"type":"Polygon","coordinates":[[[-84.475334,39.21509],[-84.47535,39.214981],[-84.475718,39.215014],[-84.475702,39.215123],[-84.475334,39.21509]]]}},{"type":"Feature","properties":{"pid":"059000810101"},"geometry":{"type":"Polygon","coordinates":[[[-84.47535,39.214981],[-84.475367,39.214872],[-84.475735,39.214905],[-84.475718,39.215014],[-84.47535,39.214981]]]}},{"type":"Feature","properties":{"pid":"059000810102"},"geometry":{"type":"Polygon","coordinates":[[[-84.475367,39.214872],[-84.475383,39.214763],[-84.475751,39.214796],[-84.475735,39.214905],[-84.475367,39.214872]]]}},{"type":"Feature","properties":{"pid":"059000810103"},"geometry":{"type":"Polygon","coordinates":[[[-84.475383,39.214763],[-84.475399,39.214654],[-84.475767,39.214687],[-84.475751,39.214796],[-84.475383,39.214763]]]}},{"type":"Feature","properties":{"pid":"059000810104"},"geometry":{"type":"Polygon","coordinates":[[[-84.475399,39.214654],[-84.475416,39.214545],[-84.475784,39.214578],[-84.475767,39.214687],[-84.475399,39.214654]]]}},{"type":"Feature","properties":{"pid":"059000810105"},"geometry":{"type":"Polygon","coordinates":[[[-84.475416,39.214545],[-84.475432,39.214436],[-84.4758,39.214469],[-84.475784,39.214578],[-84.475416,39.214545]]]}},{"type":"Feature","properties":{"pid":"059000810106"},"geometry":{"type":"Polygon","coordinates":[[[-84.475432,39.214436],[-84.475449,39.214326],[-84.475817,39.21436],[-84.4758,39.214469],[-84.475432,39.214436]]]}},{"type":"Feature","properties":{"pid":"059000810107"},"geometry":{"type":"Polygon","coordinates":[[[-84.475449,39.214326],[-84.475465,39.214217],[-84.475833,39.214251],[-84.475817,39.21436],[-84.475449,39.214326]]]}},{"type":"Feature","properties":{"pid":"059000810108"},"geometry":{"type":"Polygon","coordinates":[[[-84.475465,39.214217],[-84.475481,39.214108],[-84.475849,39.214142],[-84.475833,39.214251],[-84.475465,39.214217]]]}},{"type":"Feature","properties":{"pid":"059000810109"},"geometry":{"type":"Polygon","coordinates":[[[-84.475481,39.214108],[-84.475498,39.213999],[-84.475866,39.214033],[-84.475849,39.214142],[-84.475481,39.214108]]]}},{"type":"Feature","properties":{"pid":"059000810110"},"geometry":{"type":"Polygon","coordinates":[[[-84.475498,39.213999],[-84.475514,39.21389],[-84.475882,39.213924],[-84.475866,39.214033],[-84.475498,39.213999]]]}},{"type":"Feature","properties":{"pid":"059000810111"},"geometry":{"type":"Polygon","coordinates":[[[-84.475514,39.21389],[-84.47553,39.213781],[-84.475899,39.213814],[-84.475882,39.213924],[-84.475514,39.21389]]]}},{"type":"Feature","properties":{"pid":"059000810112"},"geometry":{"type":"Polygon","coordinates":[[[-84.47553,39.213781],[-84.475547,39.213672],[-84.475915,39.213705],[-84.475899,39.213814],[-84.47553,39.213781]]]}},{"type":"Feature","properties":{"pid":"059000810113"},"geometry":{"type":"Polygon","coordinates":[[[-84.475547,39.213672],[-84.475563,39.213563],[-84.475931,39.213596],[-84.475915,39.213705],[-84.475547,39.213672]]]}},{"type":"Feature","properties":{"pid":"059000810114"},"geometry":{"type":"Polygon","coordinates":[[[-84.475563,39.213563],[-84.47558,39.213454],[-84.475948,39.213487],[-84.475931,39.213596],[-84.475563,39.213563]]]}},{"type":"Feature","properties":{"pid":"059000810115"},"geometry":{"type":"Polygon","coordinates":[[[-84.47558,39.213454],[-84.475596,39.213345],[-84.475964,39.213378],[-84.475948,39.213487],[-84.47558,39.213454]]]}},{"type":"Feature","properties":{"pid":"059000810118"},"geometry":{"type":"Polygon","coordinates":[[[-84.476123,39.213503],[-84.476139,39.213394],[-84.476507,39.213428],[-84.476491,39.213537],[-84.476123,39.213503]]]}},{"type":"Feature","properties":{"pid":"059000810119"},"geometry":{"type":"Polygon","coordinates":[[[-84.476107,39.213612],[-84.476123,39.213503],[-84.476491,39.213537],[-84.476474,39.213646],[-84.476107,39.213612]]]}},{"type":"Feature","properties":{"pid":"059000810120"},"geometry":{"type":"Polygon","coordinates":[[[-84.47609,39.213721],[-84.476107,39.213612],[-84.476474,39.213646],[-84.476458,39.213755],[-84.47609,39.213721]]]}},{"type":"Feature","properties":{"pid":"059000810126"},"geometry":{"type":"Polygon","coordinates":[[[-84.476025,39.214158],[-84.476039,39.214062],[-84.476407,39.214096],[-84.476393,39.214191],[-84.476025,39.214158]]]}},{"type":"Feature","properties":{"pid":"059000810129"},"geometry":{"type":"Polygon","coordinates":[[[-84.475992,39.214376],[-84.476008,39.214267],[-84.476376,39.2143],[-84.47636,39.214409],[-84.475992,39.214376]]]}},{"type":"Feature","properties":{"pid":"059000810144"},"geometry":{"type":"Polygon","coordinates":[[[-84.476421,39.215909],[-84.476149,39.21581],[-84.476163,39.215718],[-84.476531,39.215752],[-84.476508,39.215881],[-84.476421,39.215909]]]}},{"type":"Feature","properties":{"pid":"059000810145"},"geometry":{"type":"Polygon","coordinates":[[[-84.476163,39.215718],[-84.47618,39.215609],[-84.476548,39.215643],[-84.476531,39.215752],[-84.476163,39.215718]]]}},{"type":"Feature","properties":{"pid":"059000810157"},"geometry":{"type":"Polygon","coordinates":[[[-84.47636,39.214409],[-84.476376,39.2143],[-84.476744,39.214334],[-84.476728,39.214443],[-84.47636,39.214409]]]}},{"type":"Feature","properties":{"pid":"059000810163"},"geometry":{"type":"Polygon","coordinates":[[[-84.476458,39.213755],[-84.476474,39.213646],[-84.476843,39.213679],[-84.476826,39.213788],[-84.476458,39.213755]]]}},{"type":"Feature","properties":{"pid":"059000810164"},"geometry":{"type":"Polygon","coordinates":[[[-84.476474,39.213646],[-84.476491,39.213537],[-84.476859,39.21357],[-84.476843,39.213679],[-84.476474,39.213646]]]}},{"type":"Feature","properties":{"pid":"059000810165"},"geometry":{"type":"Polygon","coordinates":[[[-84.476491,39.213537],[-84.476507,39.213428],[-84.476875,39.213461],[-84.476859,39.21357],[-84.476491,39.213537]]]}},{"type":"Feature","properties":{"pid":"059000810168"},"geometry":{"type":"Polygon","coordinates":[[[-84.477034,39.213586],[-84.477051,39.213477],[-84.477419,39.21351],[-84.477402,39.213619],[-84.477034,39.213586]]]}},{"type":"Feature","properties":{"pid":"059000810169"},"geometry":{"type":"Polygon","coordinates":[[[-84.477018,39.213695],[-84.477034,39.213586],[-84.477402,39.213619],[-84.477386,39.213729],[-84.477018,39.213695]]]}},{"type":"Feature","properties":{"pid":"059000810174"},"geometry":{"type":"Polygon","coordinates":[[[-84.476952,39.214131],[-84.476965,39.21405],[-84.477333,39.214083],[-84.477321,39.214165],[-84.476952,39.214131]]]}},{"type":"Feature","properties":{"pid":"059000810182"},"geometry":{"type":"Polygon","coordinates":[[[-84.476834,39.214922],[-84.47685,39.214813],[-84.477218,39.214847],[-84.477202,39.214956],[-84.476834,39.214922]]]}},{"type":"Feature","properties":{"pid":"059000810183"},"geometry":{"type":"Polygon","coordinates":[[[-84.476817,39.215031],[-84.476834,39.214922],[-84.477202,39.214956],[-84.477185,39.215065],[-84.476817,39.215031]]]}},{"type":"Feature","properties":{"pid":"059000810192"},"geometry":{"type":"Polygon","coordinates":[[[-84.476686,39.215904],[-84.476703,39.215795],[-84.477071,39.215828],[-84.477054,39.215937],[-84.476686,39.215904]]]}},{"type":"Feature","properties":{"pid":"059000810194"},"geometry":{"type":"Polygon","coordinates":[[[-84.477023,39.216149],[-84.477054,39.215937],[-84.477422,39.215971],[-84.4773,39.216131],[-84.477164,39.216168],[-84.477023,39.216149]]]}},{"type":"Feature","properties":{"pid":"059000810195"},"geometry":{"type":"Polygon","coordinates":[[[-84.477422,39.215971],[-84.477054,39.215937],[-84.477071,39.215828],[-84.477439,39.215862],[-84.477422,39.215971]]]}},{"type":"Feature","properties":{"pid":"059000810204"},"geometry":{"type":"Polygon","coordinates":[[[-84.477202,39.214956],[-84.477218,39.214847],[-84.477586,39.21488],[-84.47757,39.214989],[-84.477202,39.214956]]]}},{"type":"Feature","properties":{"pid":"059000810216"},"geometry":{"type":"Polygon","coordinates":[[[-84.477402,39.213619],[-84.477415,39.213537],[-84.477783,39.21357],[-84.477771,39.213653],[-84.477402,39.213619]]]}},{"type":"Feature","properties":{"pid":"059000810229"},"geometry":{"type":"Polygon","coordinates":[[[-84.477782,39.21476],[-84.477798,39.214651],[-84.478167,39.214684],[-84.47815,39.214793],[-84.477782,39.21476]]]}},{"type":"Feature","properties":{"pid":"059000810230"},"geometry":{"type":"Polygon","coordinates":[[[-84.477766,39.214869],[-84.477782,39.21476],[-84.47815,39.214793],[-84.478134,39.214902],[-84.477766,39.214869]]]}},{"type":"Feature","properties":{"pid":"059000810231"},"geometry":{"type":"Polygon","coordinates":[[[-84.477745,39.215005],[-84.477762,39.214896],[-84.47813,39.21493],[-84.478113,39.215039],[-84.477745,39.215005]]]}},{"type":"Feature","properties":{"pid":"059000810232"},"geometry":{"type":"Polygon","coordinates":[[[-84.477729,39.215114],[-84.477745,39.215005],[-84.478113,39.215039],[-84.478097,39.215148],[-84.477729,39.215114]]]}},{"type":"Feature","properties":{"pid":"059000810241"},"geometry":{"type":"Polygon","coordinates":[[[-84.477582,39.216096],[-84.477598,39.215987],[-84.477966,39.21602],[-84.47795,39.216129],[-84.477582,39.216096]]]}},{"type":"Feature","properties":{"pid":"059000810242"},"geometry":{"type":"Polygon","coordinates":[[[-84.477462,39.216306],[-84.477583,39.21621],[-84.477933,39.216238],[-84.477917,39.216348],[-84.477462,39.216306]]]}},{"type":"Feature","properties":{"pid":"059000810243"},"geometry":{"type":"Polygon","coordinates":[[[-84.477524,39.21641],[-84.477462,39.216306],[-84.477917,39.216348],[-84.477879,39.216594],[-84.477524,39.21641]]]}},{"type":"Feature","properties":{"pid":"059000810260"},"geometry":{"type":"Polygon","coordinates":[[[-84.476909,39.214418],[-84.47692,39.21435],[-84.477288,39.214383],[-84.477278,39.214451],[-84.476909,39.214418]]]}},{"type":"Feature","properties":{"pid":"059000810274"},"geometry":{"type":"Polygon","coordinates":[[[-84.477185,39.215065],[-84.477201,39.214961],[-84.477569,39.214995],[-84.477553,39.215098],[-84.477185,39.215065]]]}},{"type":"Feature","properties":{"pid":"059000810277"},"geometry":{"type":"Polygon","coordinates":[[[-84.479218,39.217505],[-84.479234,39.217393],[-84.479602,39.217427],[-84.479586,39.217539],[-84.479218,39.217505]]]}},{"type":"Feature","properties":{"pid":"059000810287"},"geometry":{"type":"Polygon","coordinates":[[[-84.479404,39.216262],[-84.479421,39.216153],[-84.479789,39.216186],[-84.479773,39.216295],[-84.479404,39.216262]]]}},{"type":"Feature","properties":{"pid":"059000810298"},"geometry":{"type":"Polygon","coordinates":[[[-84.479589,39.215034],[-84.479605,39.214925],[-84.479973,39.214959],[-84.479957,39.215068],[-84.479589,39.215034]]]}},{"type":"Feature","properties":{"pid":"059000810299"},"geometry":{"type":"Polygon","coordinates":[[[-84.479606,39.21492],[-84.479621,39.214816],[-84.479989,39.21485],[-84.479974,39.214953],[-84.479606,39.21492]]]}},{"type":"Feature","properties":{"pid":"059000810306"},"geometry":{"type":"Polygon","coordinates":[[[-84.47972,39.214162],[-84.479736,39.214053],[-84.480104,39.214086],[-84.480088,39.214195],[-84.47972,39.214162]]]}},{"type":"Feature","properties":{"pid":"059000810307"},"geometry":{"type":"Polygon","coordinates":[[[-84.479736,39.214053],[-84.479752,39.213944],[-84.48012,39.213977],[-84.480104,39.214086],[-84.479736,39.214053]]]}},{"type":"Feature","properties":{"pid":"059000810308"},"geometry":{"type":"Polygon","coordinates":[[[-84.479752,39.213944],[-84.479769,39.213835],[-84.480137,39.213868],[-84.48012,39.213977],[-84.479752,39.213944]]]}},{"type":"Feature","properties":{"pid":"059000810309"},"geometry":{"type":"Polygon","coordinates":[[[-84.479769,39.213835],[-84.479785,39.213725],[-84.480152,39.213759],[-84.480137,39.213868],[-84.479769,39.213835]]]}},{"type":"Feature","properties":{"pid":"059000810323"},"geometry":{"type":"Polygon","coordinates":[[[-84.479045,39.214985],[-84.479062,39.214876],[-84.47943,39.214909],[-84.479413,39.215018],[-84.479045,39.214985]]]}},{"type":"Feature","properties":{"pid":"059000810324"},"geometry":{"type":"Polygon","coordinates":[[[-84.479025,39.215121],[-84.479041,39.215012],[-84.479409,39.215046],[-84.479393,39.215155],[-84.479025,39.215121]]]}},{"type":"Feature","properties":{"pid":"059000810334"},"geometry":{"type":"Polygon","coordinates":[[[-84.478861,39.216212],[-84.478877,39.216103],[-84.479245,39.216137],[-84.479229,39.216246],[-84.478861,39.216212]]]}},{"type":"Feature","properties":{"pid":"059000810335"},"geometry":{"type":"Polygon","coordinates":[[[-84.478828,39.21643],[-84.478845,39.216321],[-84.479213,39.216355],[-84.479196,39.216464],[-84.478828,39.21643]]]}},{"type":"Feature","properties":{"pid":"059000810336"},"geometry":{"type":"Polygon","coordinates":[[[-84.478812,39.216539],[-84.478827,39.216439],[-84.479195,39.216472],[-84.47918,39.216573],[-84.478812,39.216539]]]}},{"type":"Feature","properties":{"pid":"059000810340"},"geometry":{"type":"Polygon","coordinates":[[[-84.47874,39.217017],[-84.478751,39.216946],[-84.479119,39.216979],[-84.479108,39.21705],[-84.47874,39.217017]]]}},{"type":"Feature","properties":{"pid":"059000810347"},"geometry":{"type":"Polygon","coordinates":[[[-84.478444,39.216506],[-84.478459,39.216405],[-84.478827,39.216439],[-84.478812,39.216539],[-84.478444,39.216506]]]}},{"type":"Feature","properties":{"pid":"059000810349"},"geometry":{"type":"Polygon","coordinates":[[[-84.478493,39.216179],[-84.478509,39.21607],[-84.478877,39.216103],[-84.478861,39.216212],[-84.478493,39.216179]]]}},{"type":"Feature","properties":{"pid":"059000810350"},"geometry":{"type":"Polygon","coordinates":[[[-84.478512,39.216048],[-84.478526,39.215961],[-84.478894,39.215994],[-84.478881,39.216081],[-84.478512,39.216048]]]}},{"type":"Feature","properties":{"pid":"059000810359"},"geometry":{"type":"Polygon","coordinates":[[[-84.478657,39.215088],[-84.478673,39.214979],[-84.479041,39.215012],[-84.479025,39.215121],[-84.478657,39.215088]]]}},{"type":"Feature","properties":{"pid":"059000810360"},"geometry":{"type":"Polygon","coordinates":[[[-84.478677,39.214952],[-84.478693,39.214843],[-84.479062,39.214876],[-84.479045,39.214985],[-84.478677,39.214952]]]}},{"type":"Feature","properties":{"pid":"059000810379"},"geometry":{"type":"Polygon","coordinates":[[[-84.478232,39.214248],[-84.478245,39.214163],[-84.478613,39.214197],[-84.4786,39.214281],[-84.478232,39.214248]]]}},{"type":"Feature","properties":{"pid":"059000810385"},"geometry":{"type":"Polygon","coordinates":[[[-84.478134,39.214902],[-84.47815,39.214793],[-84.478518,39.214827],[-84.478502,39.214936],[-84.478134,39.214902]]]}},{"type":"Feature","properties":{"pid":"059000810396"},"geometry":{"type":"Polygon","coordinates":[[[-84.47795,39.216129],[-84.477966,39.21602],[-84.478334,39.216054],[-84.478318,39.216163],[-84.47795,39.216129]]]}},{"type":"Feature","properties":{"pid":"059000810398"},"geometry":{"type":"Polygon","coordinates":[[[-84.4779,39.216457],[-84.477914,39.216364],[-84.478282,39.216397],[-84.478268,39.21649],[-84.4779,39.216457]]]}},{"type":"Feature","properties":{"pid":"059000810406"},"geometry":{"type":"Polygon","coordinates":[[[-84.477386,39.213729],[-84.477396,39.213661],[-84.477764,39.213695],[-84.477754,39.213762],[-84.477386,39.213729]]]}},{"type":"Feature","properties":{"pid":"059000810407"},"geometry":{"type":"Polygon","coordinates":[[[-84.47731,39.214234],[-84.477321,39.214165],[-84.477689,39.214198],[-84.477678,39.214268],[-84.47731,39.214234]]]}},{"type":"Feature","properties":{"pid":"059000810408"},"geometry":{"type":"Polygon","coordinates":[[[-84.477294,39.214342],[-84.477304,39.214274],[-84.477672,39.214307],[-84.477662,39.214376],[-84.477294,39.214342]]]}},{"type":"Feature","properties":{"pid":"059000810414"},"geometry":{"type":"Polygon","coordinates":[[[-84.477854,39.214281],[-84.477864,39.214214],[-84.478232,39.214248],[-84.478222,39.214315],[-84.477854,39.214281]]]}},{"type":"Feature","properties":{"pid":"059000810416"},"geometry":{"type":"Polygon","coordinates":[[[-84.477884,39.216566],[-84.477895,39.216489],[-84.478263,39.216523],[-84.478252,39.216599],[-84.477884,39.216566]]]}},{"type":"Feature","properties":{"pid":"059000810479"},"geometry":{"type":"Polygon","coordinates":[[[-84.479256,39.217249],[-84.479271,39.217148],[-84.479639,39.217181],[-84.479624,39.217282],[-84.479256,39.217249]]]}},{"type":"Feature","properties":{"pid":"059000810480"},"geometry":{"type":"Polygon","coordinates":[[[-84.479236,39.217382],[-84.479253,39.217271],[-84.479621,39.217304],[-84.479604,39.217416],[-84.479236,39.217382]]]}},{"type":"Feature","properties":{"pid":"024500040005"},"geometry":{"type":"Polygon","coordinates":[[[-84.46291,39.214246],[-84.461859,39.214076],[-84.461807,39.214066],[-84.462172,39.213855],[-84.462986,39.213978],[-84.46291,39.214246]]]}},{"type":"Feature","properties":{"pid":"024500040006"},"geometry":{"type":"Polygon","coordinates":[[[-84.463025,39.213843],[-84.462986,39.213978],[-84.462172,39.213855],[-84.462347,39.213741],[-84.463025,39.213843]]]}},{"type":"Feature","properties":{"pid":"024500040007"},"geometry":{"type":"Polygon","coordinates":[[[-84.462355,39.213736],[-84.462502,39.213625],[-84.463063,39.213709],[-84.463025,39.213843],[-84.462355,39.213736]]]}},{"type":"Feature","properties":{"pid":"024500040075"},"geometry":{"type":"Polygon","coordinates":[[[-84.463139,39.213441],[-84.462791,39.213389],[-84.463043,39.213147],[-84.463215,39.213173],[-84.463139,39.213441]]]}},{"type":"Feature","properties":{"pid":"011700040231"},"geometry":{"type":"Polygon","coordinates":[[[-84.48293,39.183418],[-84.483519,39.183021],[-84.484124,39.182441],[-84.484495,39.181924],[-84.485126,39.18075],[-84.485687,39.181021],[-84.484656,39.18287],[-84.48388,39.183141],[-84.483483,39.18339],[-84.483299,39.183585],[-84.482651,39.183515],[-84.482657,39.183474],[-84.48293,39.183418]]]}},{"type":"Feature","properties":{"pid":"024000040080"},"geometry":{"type":"Polygon","coordinates":[[[-84.48249,39.194505],[-84.482424,39.194458],[-84.482734,39.194162],[-84.482802,39.194204],[-84.48249,39.194505]]]}},{"type":"Feature","properties":{"pid":"023900020128"},"geometry":{"type":"Polygon","coordinates":[[[-84.484734,39.197429],[-84.484762,39.197142],[-84.484884,39.197155],[-84.484857,39.197443],[-84.484734,39.197429]]]}},{"type":"Feature","properties":{"pid":"023900020144"},"geometry":{"type":"Polygon","coordinates":[[[-84.483598,39.198264],[-84.483192,39.19823],[-84.483455,39.197968],[-84.483624,39.197977],[-84.483598,39.198264]]]}},{"type":"Feature","properties":{"pid":"024200040005"},"geometry":{"type":"Polygon","coordinates":[[[-84.484673,39.200448],[-84.483923,39.20036],[-84.483968,39.200291],[-84.483612,39.200106],[-84.484072,39.198486],[-84.484996,39.198588],[-84.485026,39.198626],[-84.484673,39.200448]]]}},{"type":"Feature","properties":{"pid":"024200040006"},"geometry":{"type":"Polygon","coordinates":[[[-84.482291,39.1994],[-84.483229,39.198396],[-84.484072,39.198486],[-84.483612,39.200106],[-84.482291,39.1994]]]}},{"type":"Feature","properties":{"pid":"059000720075"},"geometry":{"type":"Polygon","coordinates":[[[-84.486579,39.207538],[-84.485854,39.207478],[-84.485969,39.207323],[-84.486716,39.207395],[-84.486579,39.207538]]]}},{"type":"Feature","properties":{"pid":"059000720100"},"geometry":{"type":"Polygon","coordinates":[[[-84.485319,39.209435],[-84.484953,39.209032],[-84.485095,39.208956],[-84.485459,39.209357],[-84.485319,39.209435]]]}},{"type":"Feature","properties":{"pid":"059000720102"},"geometry":{"type":"Polygon","coordinates":[[[-84.485459,39.209357],[-84.485095,39.208955],[-84.48524,39.208878],[-84.485605,39.209276],[-84.485459,39.209357]]]}},{"type":"Feature","properties":{"pid":"059000720104"},"geometry":{"type":"Polygon","coordinates":[[[-84.485893,39.209116],[-84.485532,39.208723],[-84.485639,39.208667],[-84.486029,39.208869],[-84.486122,39.208989],[-84.485893,39.209116]]]}},{"type":"Feature","properties":{"pid":"059000720108"},"geometry":{"type":"Polygon","coordinates":[[[-84.484685,39.209373],[-84.484605,39.209163],[-84.484785,39.209123],[-84.485089,39.209563],[-84.484685,39.209373]]]}},{"type":"Feature","properties":{"pid":"059000720111"},"geometry":{"type":"Polygon","coordinates":[[[-84.485089,39.209563],[-84.484785,39.209123],[-84.484953,39.209032],[-84.485319,39.209435],[-84.485089,39.209563]]]}},{"type":"Feature","properties":{"pid":"059000720113"},"geometry":{"type":"Polygon","coordinates":[[[-84.483867,39.209664],[-84.48389,39.209359],[-84.484228,39.209246],[-84.484404,39.209705],[-84.483867,39.209664]]]}},{"type":"Feature","properties":{"pid":"059000720115"},"geometry":{"type":"Polygon","coordinates":[[[-84.485605,39.209276],[-84.48524,39.208878],[-84.485386,39.208798],[-84.485749,39.209196],[-84.485605,39.209276]]]}},{"type":"Feature","properties":{"pid":"059000720119"},"geometry":{"type":"Polygon","coordinates":[[[-84.485749,39.209196],[-84.485386,39.208798],[-84.485532,39.208723],[-84.485893,39.209116],[-84.485749,39.209196]]]}},{"type":"Feature","properties":{"pid":"024500010078"},"geometry":{"type":"Polygon","coordinates":[[[-84.461471,39.217794],[-84.461494,39.217714],[-84.461873,39.217766],[-84.46185,39.217847],[-84.461471,39.217794]]]}},{"type":"Feature","properties":{"pid":"024500010079"},"geometry":{"type":"Polygon","coordinates":[[[-84.461494,39.217714],[-84.461519,39.217633],[-84.461895,39.217693],[-84.461873,39.217766],[-84.461494,39.217714]]]}},{"type":"Feature","properties":{"pid":"024500010111"},"geometry":{"type":"Polygon","coordinates":[[[-84.461095,39.217742],[-84.461096,39.217658],[-84.46146,39.217709],[-84.461436,39.217789],[-84.461095,39.217742]]]}},{"type":"Feature","properties":{"pid":"024500010112"},"geometry":{"type":"Polygon","coordinates":[[[-84.461096,39.217658],[-84.461098,39.217567],[-84.461484,39.217628],[-84.46146,39.217709],[-84.461096,39.217658]]]}},{"type":"Feature","properties":{"pid":"024500010113"},"geometry":{"type":"Polygon","coordinates":[[[-84.461098,39.217567],[-84.461099,39.217489],[-84.461507,39.217552],[-84.461484,39.217628],[-84.461098,39.217567]]]}},{"type":"Feature","properties":{"pid":"024500010116"},"geometry":{"type":"Polygon","coordinates":[[[-84.461102,39.217322],[-84.461103,39.217237],[-84.461579,39.217311],[-84.461555,39.217393],[-84.461102,39.217322]]]}},{"type":"Feature","properties":{"pid":"024500010117"},"geometry":{"type":"Polygon","coordinates":[[[-84.461579,39.217311],[-84.461103,39.217237],[-84.461104,39.217161],[-84.461601,39.217239],[-84.461579,39.217311]]]}},{"type":"Feature","properties":{"pid":"024500010118"},"geometry":{"type":"Polygon","coordinates":[[[-84.461601,39.217239],[-84.461104,39.217161],[-84.461106,39.217075],[-84.461626,39.217154],[-84.461601,39.217239]]]}},{"type":"Feature","properties":{"pid":"024500010119"},"geometry":{"type":"Polygon","coordinates":[[[-84.461626,39.217154],[-84.461106,39.217075],[-84.461107,39.216986],[-84.461651,39.217071],[-84.461626,39.217154]]]}},{"type":"Feature","properties":{"pid":"024500010120"},"geometry":{"type":"Polygon","coordinates":[[[-84.461109,39.2169],[-84.461675,39.21699],[-84.461651,39.217071],[-84.461107,39.216986],[-84.461109,39.2169]]]}},{"type":"Feature","properties":{"pid":"024500010121"},"geometry":{"type":"Polygon","coordinates":[[[-84.461698,39.216915],[-84.461675,39.21699],[-84.461109,39.2169],[-84.46111,39.21682],[-84.461698,39.216915]]]}},{"type":"Feature","properties":{"pid":"024500010122"},"geometry":{"type":"Polygon","coordinates":[[[-84.461723,39.216832],[-84.461698,39.216915],[-84.46111,39.21682],[-84.461112,39.216734],[-84.461723,39.216832]]]}},{"type":"Feature","properties":{"pid":"024500010123"},"geometry":{"type":"Polygon","coordinates":[[[-84.461112,39.216734],[-84.461114,39.216652],[-84.461748,39.216753],[-84.461723,39.216832],[-84.461112,39.216734]]]}},{"type":"Feature","properties":{"pid":"024500010124"},"geometry":{"type":"Polygon","coordinates":[[[-84.461843,39.216427],[-84.461755,39.216727],[-84.461663,39.216712],[-84.461739,39.216412],[-84.461843,39.216427]]]}},{"type":"Feature","properties":{"pid":"024500010137"},"geometry":{"type":"Polygon","coordinates":[[[-84.461671,39.215672],[-84.462054,39.215724],[-84.462029,39.215806],[-84.461647,39.215751],[-84.461671,39.215672]]]}},{"type":"Feature","properties":{"pid":"024500010125"},"geometry":{"type":"Polygon","coordinates":[[[-84.461663,39.216712],[-84.461571,39.216698],[-84.461635,39.216397],[-84.461739,39.216412],[-84.461663,39.216712]]]}},{"type":"Feature","properties":{"pid":"024500010128"},"geometry":{"type":"Polygon","coordinates":[[[-84.461388,39.216669],[-84.461296,39.216655],[-84.461324,39.216351],[-84.461428,39.216366],[-84.461388,39.216669]]]}},{"type":"Feature","properties":{"pid":"024500010129"},"geometry":{"type":"Polygon","coordinates":[[[-84.461296,39.216655],[-84.461205,39.21664],[-84.46122,39.216335],[-84.461324,39.216351],[-84.461296,39.216655]]]}},{"type":"Feature","properties":{"pid":"024500010132"},"geometry":{"type":"Polygon","coordinates":[[[-84.461522,39.216166],[-84.461546,39.216084],[-84.461926,39.216143],[-84.461901,39.216225],[-84.461522,39.216166]]]}},{"type":"Feature","properties":{"pid":"024500010133"},"geometry":{"type":"Polygon","coordinates":[[[-84.461546,39.216084],[-84.461575,39.215989],[-84.461955,39.216047],[-84.461926,39.216143],[-84.461546,39.216084]]]}},{"type":"Feature","properties":{"pid":"024500010134"},"geometry":{"type":"Polygon","coordinates":[[[-84.461955,39.216047],[-84.461575,39.215989],[-84.461599,39.215909],[-84.46198,39.215965],[-84.461955,39.216047]]]}},{"type":"Feature","properties":{"pid":"024500010135"},"geometry":{"type":"Polygon","coordinates":[[[-84.46198,39.215965],[-84.461599,39.215909],[-84.461624,39.215826],[-84.462004,39.215886],[-84.46198,39.215965]]]}},{"type":"Feature","properties":{"pid":"024500010136"},"geometry":{"type":"Polygon","coordinates":[[[-84.462004,39.215886],[-84.461624,39.215826],[-84.461647,39.215751],[-84.462029,39.215806],[-84.462004,39.215886]]]}},{"type":"Feature","properties":{"pid":"011600010200"},"geometry":{"type":"Polygon","coordinates":[[[-84.478705,39.183656],[-84.47853,39.183637],[-84.478592,39.183284],[-84.478767,39.183303],[-84.478705,39.183656]]]}},{"type":"Feature","properties":{"pid":"011600010079"},"geometry":{"type":"Polygon","coordinates":[[[-84.478618,39.184029],[-84.478355,39.184001],[-84.478421,39.183626],[-84.478684,39.183654],[-84.478618,39.184029]]]}},{"type":"Feature","properties":{"pid":"024000040076"},"geometry":{"type":"Polygon","coordinates":[[[-84.482369,39.194337],[-84.482204,39.194234],[-84.482458,39.193991],[-84.482528,39.194034],[-84.482306,39.194246],[-84.482444,39.194331],[-84.482369,39.194337]]]}},{"type":"Feature","properties":{"pid":"024000040079"},"geometry":{"type":"Polygon","coordinates":[[[-84.482424,39.194458],[-84.482356,39.194416],[-84.482664,39.194119],[-84.482734,39.194162],[-84.482424,39.194458]]]}},{"type":"Feature","properties":{"pid":"066100030001"},"geometry":{"type":"Polygon","coordinates":[[[-84.491524,39.183576],[-84.491204,39.183942],[-84.490447,39.183865],[-84.490373,39.184306],[-84.489794,39.184248],[-84.490078,39.183978],[-84.489535,39.183924],[-84.490053,39.183433],[-84.491524,39.183576]]]}},{"type":"Feature","properties":{"pid":"066100030165"},"geometry":{"type":"Polygon","coordinates":[[[-84.491001,39.184173],[-84.490563,39.184129],[-84.490373,39.184306],[-84.490447,39.183865],[-84.491204,39.183942],[-84.491001,39.184173]]]}},{"type":"Feature","properties":{"pid":"059002030009"},"geometry":{"type":"Polygon","coordinates":[[[-84.494901,39.20503],[-84.494983,39.204978],[-84.495162,39.204999],[-84.49532,39.205697],[-84.495054,39.205733],[-84.494901,39.20503]]]}},{"type":"Feature","properties":{"pid":"059002030010"},"geometry":{"type":"Polygon","coordinates":[[[-84.4972,39.204977],[-84.497252,39.204498],[-84.497438,39.204508],[-84.497386,39.204989],[-84.4972,39.204977]]]}},{"type":"Feature","properties":{"pid":"059002030011"},"geometry":{"type":"Polygon","coordinates":[[[-84.497726,39.205016],[-84.49754,39.204995],[-84.497602,39.204516],[-84.497759,39.204546],[-84.497726,39.205016]]]}},{"type":"Feature","properties":{"pid":"059002030012"},"geometry":{"type":"Polygon","coordinates":[[[-84.497735,39.204886],[-84.497759,39.204546],[-84.498076,39.20464],[-84.49804,39.204976],[-84.497735,39.204886]]]}},{"type":"Feature","properties":{"pid":"059002030013"},"geometry":{"type":"Polygon","coordinates":[[[-84.49804,39.204976],[-84.498076,39.20464],[-84.498409,39.204742],[-84.498375,39.205076],[-84.49804,39.204976]]]}},{"type":"Feature","properties":{"pid":"059002030014"},"geometry":{"type":"Polygon","coordinates":[[[-84.498541,39.205168],[-84.498577,39.204794],[-84.498585,39.204714],[-84.498716,39.204755],[-84.498676,39.205198],[-84.498541,39.205168]]]}},{"type":"Feature","properties":{"pid":"059002030015"},"geometry":{"type":"Polygon","coordinates":[[[-84.498676,39.205198],[-84.498709,39.204834],[-84.498716,39.204755],[-84.498877,39.204804],[-84.498845,39.205234],[-84.498676,39.205198]]]}},{"type":"Feature","properties":{"pid":"059002030016"},"geometry":{"type":"Polygon","coordinates":[[[-84.498845,39.205234],[-84.498871,39.204884],[-84.498877,39.204804],[-84.499049,39.204857],[-84.499017,39.205271],[-84.498845,39.205234]]]}},{"type":"Feature","properties":{"pid":"011600010146"},"geometry":{"type":"Polygon","coordinates":[[[-84.478355,39.184001],[-84.478093,39.183973],[-84.478159,39.183598],[-84.478421,39.183626],[-84.478355,39.184001]]]}},{"type":"Feature","properties":{"pid":"059002030047"},"geometry":{"type":"Polygon","coordinates":[[[-84.499552,39.203277],[-84.498674,39.203203],[-84.498694,39.203013],[-84.499573,39.203085],[-84.499552,39.203277]]]}},{"type":"Feature","properties":{"pid":"059002030050"},"geometry":{"type":"Polygon","coordinates":[[[-84.499339,39.202957],[-84.498706,39.202906],[-84.498736,39.202628],[-84.49937,39.202681],[-84.499339,39.202957]]]}},{"type":"Feature","properties":{"pid":"059002030051"},"geometry":{"type":"Polygon","coordinates":[[[-84.50107,39.202822],[-84.498736,39.202628],[-84.49878,39.202217],[-84.501114,39.20241],[-84.50107,39.202822]]]}},{"type":"Feature","properties":{"pid":"059002030052"},"geometry":{"type":"Polygon","coordinates":[[[-84.501114,39.20241],[-84.49878,39.202217],[-84.498807,39.201958],[-84.50114,39.202161],[-84.501114,39.20241]]]}},{"type":"Feature","properties":{"pid":"059002030053"},"geometry":{"type":"Polygon","coordinates":[[[-84.499861,39.202049],[-84.498807,39.201958],[-84.49883,39.201753],[-84.499882,39.201844],[-84.499861,39.202049]]]}},{"type":"Feature","properties":{"pid":"059002030056"},"geometry":{"type":"Polygon","coordinates":[[[-84.500322,39.201169],[-84.498905,39.201048],[-84.498927,39.200838],[-84.500342,39.200959],[-84.500322,39.201169]]]}},{"type":"Feature","properties":{"pid":"059002030057"},"geometry":{"type":"Polygon","coordinates":[[[-84.500342,39.200959],[-84.498927,39.200838],[-84.498949,39.200635],[-84.500361,39.20075],[-84.500342,39.200959]]]}},{"type":"Feature","properties":{"pid":"059002030058"},"geometry":{"type":"Polygon","coordinates":[[[-84.500361,39.20075],[-84.498949,39.200635],[-84.498971,39.200358],[-84.500387,39.200479],[-84.500361,39.20075]]]}},{"type":"Feature","properties":{"pid":"059002030060"},"geometry":{"type":"Polygon","coordinates":[[[-84.49904,39.200364],[-84.499015,39.200223],[-84.50005,39.200309],[-84.500028,39.200448],[-84.49904,39.200364]]]}},{"type":"Feature","properties":{"pid":"059002030061"},"geometry":{"type":"Polygon","coordinates":[[[-84.500091,39.200312],[-84.499015,39.200223],[-84.498348,39.19986],[-84.500148,39.2],[-84.500091,39.200312]]]}},{"type":"Feature","properties":{"pid":"059002030094"},"geometry":{"type":"Polygon","coordinates":[[[-84.499423,39.202861],[-84.49941,39.202962],[-84.499339,39.202957],[-84.49937,39.202681],[-84.50107,39.202822],[-84.501051,39.202993],[-84.499423,39.202861]]]}},{"type":"Feature","properties":{"pid":"059002030098"},"geometry":{"type":"Polygon","coordinates":[[[-84.49657,39.204753],[-84.497021,39.204485],[-84.497252,39.204498],[-84.4972,39.204977],[-84.49657,39.204753]]]}},{"type":"Feature","properties":{"pid":"023800050007"},"geometry":{"type":"Polygon","coordinates":[[[-84.496348,39.198059],[-84.496872,39.197692],[-84.496992,39.1978],[-84.496467,39.198167],[-84.496348,39.198059]]]}},{"type":"Feature","properties":{"pid":"023800050008"},"geometry":{"type":"Polygon","coordinates":[[[-84.495891,39.197647],[-84.496415,39.19728],[-84.496531,39.197384],[-84.496006,39.197751],[-84.495891,39.197647]]]}},{"type":"Feature","properties":{"pid":"023800050009"},"geometry":{"type":"Polygon","coordinates":[[[-84.495776,39.197543],[-84.4963,39.197176],[-84.496415,39.19728],[-84.495891,39.197647],[-84.495776,39.197543]]]}},{"type":"Feature","properties":{"pid":"023800050010"},"geometry":{"type":"Polygon","coordinates":[[[-84.49566,39.197439],[-84.496185,39.197072],[-84.4963,39.197176],[-84.495776,39.197543],[-84.49566,39.197439]]]}},{"type":"Feature","properties":{"pid":"023800050011"},"geometry":{"type":"Polygon","coordinates":[[[-84.495545,39.197335],[-84.49607,39.196968],[-84.496185,39.197072],[-84.49566,39.197439],[-84.495545,39.197335]]]}},{"type":"Feature","properties":{"pid":"023800050012"},"geometry":{"type":"Polygon","coordinates":[[[-84.49553,39.197322],[-84.495425,39.197234],[-84.495949,39.196867],[-84.49607,39.196968],[-84.49553,39.197322]]]}},{"type":"Feature","properties":{"pid":"023800050014"},"geometry":{"type":"Polygon","coordinates":[[[-84.495185,39.197034],[-84.495709,39.196666],[-84.495829,39.196767],[-84.495305,39.197134],[-84.495185,39.197034]]]}},{"type":"Feature","properties":{"pid":"023800050015"},"geometry":{"type":"Polygon","coordinates":[[[-84.495064,39.196933],[-84.495588,39.196566],[-84.495709,39.196666],[-84.495185,39.197034],[-84.495064,39.196933]]]}},{"type":"Feature","properties":{"pid":"023800050030"},"geometry":{"type":"Polygon","coordinates":[[[-84.496117,39.197851],[-84.496642,39.197484],[-84.496872,39.197692],[-84.496348,39.198059],[-84.496117,39.197851]]]}},{"type":"Feature","properties":{"pid":"023800050031"},"geometry":{"type":"Polygon","coordinates":[[[-84.496041,39.198589],[-84.496451,39.198324],[-84.496487,39.198357],[-84.496077,39.198623],[-84.496041,39.198589]]]}},{"type":"Feature","properties":{"pid":"023800050032"},"geometry":{"type":"Polygon","coordinates":[[[-84.496006,39.197751],[-84.496531,39.197384],[-84.496642,39.197484],[-84.496117,39.197851],[-84.496006,39.197751]]]}},{"type":"Feature","properties":{"pid":"023800050033"},"geometry":{"type":"Polygon","coordinates":[[[-84.496751,39.198424],[-84.497274,39.198055],[-84.49745,39.198217],[-84.496925,39.198585],[-84.496751,39.198424]]]}},{"type":"Feature","properties":{"pid":"023800050039"},"geometry":{"type":"Polygon","coordinates":[[[-84.496333,39.198785],[-84.496755,39.198513],[-84.496907,39.198654],[-84.496486,39.198925],[-84.496333,39.198785]]]}},{"type":"Feature","properties":{"pid":"023800050042"},"geometry":{"type":"Polygon","coordinates":[[[-84.494295,39.199239],[-84.495721,39.198317],[-84.495815,39.1984],[-84.494282,39.19939],[-84.494295,39.199239]]]}},{"type":"Feature","properties":{"pid":"023800050043"},"geometry":{"type":"Polygon","coordinates":[[[-84.494349,39.19859],[-84.495801,39.197652],[-84.496078,39.197901],[-84.494311,39.199043],[-84.494349,39.19859]]]}},{"type":"Feature","properties":{"pid":"023800050045"},"geometry":{"type":"Polygon","coordinates":[[[-84.494311,39.199043],[-84.496078,39.197901],[-84.496194,39.198005],[-84.494296,39.199231],[-84.494311,39.199043]]]}},{"type":"Feature","properties":{"pid":"023800050046"},"geometry":{"type":"Polygon","coordinates":[[[-84.496582,39.198271],[-84.497107,39.197904],[-84.497222,39.198008],[-84.496698,39.198375],[-84.496582,39.198271]]]}},{"type":"Feature","properties":{"pid":"023800050048"},"geometry":{"type":"Polygon","coordinates":[[[-84.496925,39.198585],[-84.49745,39.198217],[-84.49762,39.198375],[-84.497096,39.198743],[-84.496925,39.198585]]]}},{"type":"Feature","properties":{"pid":"023800050049"},"geometry":{"type":"Polygon","coordinates":[[[-84.497096,39.198743],[-84.49762,39.198375],[-84.497825,39.198564],[-84.4973,39.198932],[-84.497096,39.198743]]]}},{"type":"Feature","properties":{"pid":"023800050053"},"geometry":{"type":"Polygon","coordinates":[[[-84.496312,39.198592],[-84.496622,39.198391],[-84.496737,39.198496],[-84.496419,39.198701],[-84.496312,39.198592]]]}},{"type":"Feature","properties":{"pid":"023800050055"},"geometry":{"type":"Polygon","coordinates":[[[-84.4976,39.19921],[-84.497436,39.199058],[-84.497961,39.198691],[-84.498131,39.198848],[-84.4976,39.19921]]]}},{"type":"Feature","properties":{"pid":"023800050056"},"geometry":{"type":"Polygon","coordinates":[[[-84.495803,39.198264],[-84.496198,39.198009],[-84.496314,39.198113],[-84.495919,39.198367],[-84.495803,39.198264]]]}},{"type":"Feature","properties":{"pid":"059000710006"},"geometry":{"type":"Polygon","coordinates":[[[-84.482906,39.210483],[-84.482945,39.21008],[-84.48312,39.210096],[-84.483081,39.210499],[-84.482906,39.210483]]]}},{"type":"Feature","properties":{"pid":"059000710007"},"geometry":{"type":"Polygon","coordinates":[[[-84.482731,39.210467],[-84.482772,39.210051],[-84.482947,39.210066],[-84.482906,39.210483],[-84.482731,39.210467]]]}},{"type":"Feature","properties":{"pid":"059000710008"},"geometry":{"type":"Polygon","coordinates":[[[-84.482556,39.210451],[-84.482597,39.210035],[-84.482772,39.210051],[-84.482731,39.210467],[-84.482556,39.210451]]]}},{"type":"Feature","properties":{"pid":"059000710031"},"geometry":{"type":"Polygon","coordinates":[[[-84.482597,39.210035],[-84.482636,39.209635],[-84.482807,39.209692],[-84.482772,39.210051],[-84.482597,39.210035]]]}},{"type":"Feature","properties":{"pid":"059000710032"},"geometry":{"type":"Polygon","coordinates":[[[-84.482772,39.210051],[-84.482807,39.209692],[-84.482977,39.209758],[-84.482947,39.210066],[-84.482772,39.210051]]]}},{"type":"Feature","properties":{"pid":"059000710042"},"geometry":{"type":"Polygon","coordinates":[[[-84.482655,39.209455],[-84.482696,39.209045],[-84.482871,39.209061],[-84.48283,39.209471],[-84.482655,39.209455]]]}},{"type":"Feature","properties":{"pid":"059000710043"},"geometry":{"type":"Polygon","coordinates":[[[-84.48248,39.209439],[-84.482521,39.209029],[-84.482696,39.209045],[-84.482655,39.209455],[-84.48248,39.209439]]]}},{"type":"Feature","properties":{"pid":"024500010138"},"geometry":{"type":"Polygon","coordinates":[[[-84.462054,39.215724],[-84.461671,39.215672],[-84.461695,39.215594],[-84.462076,39.21565],[-84.462054,39.215724]]]}},{"type":"Feature","properties":{"pid":"024500010139"},"geometry":{"type":"Polygon","coordinates":[[[-84.462076,39.21565],[-84.461695,39.215594],[-84.461719,39.215513],[-84.462101,39.21557],[-84.462076,39.21565]]]}},{"type":"Feature","properties":{"pid":"024500010140"},"geometry":{"type":"Polygon","coordinates":[[[-84.462101,39.21557],[-84.461719,39.215513],[-84.461743,39.215435],[-84.462125,39.215491],[-84.462101,39.21557]]]}},{"type":"Feature","properties":{"pid":"024500010142"},"geometry":{"type":"Polygon","coordinates":[[[-84.462149,39.215413],[-84.461767,39.215359],[-84.461793,39.215271],[-84.462175,39.215327],[-84.462149,39.215413]]]}},{"type":"Feature","properties":{"pid":"024500010143"},"geometry":{"type":"Polygon","coordinates":[[[-84.462175,39.215327],[-84.461793,39.215271],[-84.461817,39.215192],[-84.462198,39.215251],[-84.462175,39.215327]]]}},{"type":"Feature","properties":{"pid":"024500010144"},"geometry":{"type":"Polygon","coordinates":[[[-84.462198,39.215251],[-84.461817,39.215192],[-84.461842,39.215111],[-84.462223,39.215168],[-84.462198,39.215251]]]}},{"type":"Feature","properties":{"pid":"024500010146"},"geometry":{"type":"Polygon","coordinates":[[[-84.462249,39.215082],[-84.461869,39.215023],[-84.461893,39.214943],[-84.462275,39.214999],[-84.462249,39.215082]]]}},{"type":"Feature","properties":{"pid":"023800050057"},"geometry":{"type":"Polygon","coordinates":[[[-84.4973,39.198932],[-84.497825,39.198564],[-84.497961,39.198691],[-84.497436,39.199058],[-84.4973,39.198932]]]}},{"type":"Feature","properties":{"pid":"023800050062"},"geometry":{"type":"Polygon","coordinates":[[[-84.495852,39.198411],[-84.496258,39.198149],[-84.496451,39.198324],[-84.496041,39.198589],[-84.495852,39.198411]]]}},{"type":"Feature","properties":{"pid":"023900010007"},"geometry":{"type":"Polygon","coordinates":[[[-84.48544,39.19848],[-84.485509,39.198156],[-84.485812,39.198192],[-84.48584,39.197945],[-84.485929,39.197955],[-84.485774,39.198513],[-84.48544,39.19848]]]}},{"type":"Feature","properties":{"pid":"023900010009"},"geometry":{"type":"Polygon","coordinates":[[[-84.485812,39.198192],[-84.485298,39.198132],[-84.485309,39.198022],[-84.485824,39.198082],[-84.485812,39.198192]]]}},{"type":"Feature","properties":{"pid":"023900010011"},"geometry":{"type":"Polygon","coordinates":[[[-84.485319,39.197926],[-84.485331,39.197817],[-84.485848,39.197877],[-84.485836,39.197986],[-84.485319,39.197926]]]}},{"type":"Feature","properties":{"pid":"023900010012"},"geometry":{"type":"Polygon","coordinates":[[[-84.485929,39.197955],[-84.48584,39.197945],[-84.485856,39.197809],[-84.485338,39.197749],[-84.485352,39.197612],[-84.486004,39.197687],[-84.485929,39.197955]]]}},{"type":"Feature","properties":{"pid":"023900010013"},"geometry":{"type":"Polygon","coordinates":[[[-84.485352,39.197612],[-84.485367,39.197475],[-84.485888,39.197535],[-84.485872,39.197672],[-84.485352,39.197612]]]}},{"type":"Feature","properties":{"pid":"023900010014"},"geometry":{"type":"Polygon","coordinates":[[[-84.485367,39.197475],[-84.485381,39.197338],[-84.485902,39.197398],[-84.485888,39.197535],[-84.485367,39.197475]]]}},{"type":"Feature","properties":{"pid":"023900010028"},"geometry":{"type":"Polygon","coordinates":[[[-84.485331,39.197817],[-84.485338,39.197749],[-84.485856,39.197809],[-84.485848,39.197877],[-84.485331,39.197817]]]}},{"type":"Feature","properties":{"pid":"023900020001"},"geometry":{"type":"Polygon","coordinates":[[[-84.484334,39.198349],[-84.484382,39.1978],[-84.484819,39.19785],[-84.484771,39.1984],[-84.484334,39.198349]]]}},{"type":"Feature","properties":{"pid":"023900020002"},"geometry":{"type":"Polygon","coordinates":[[[-84.484054,39.198317],[-84.484094,39.197767],[-84.484382,39.1978],[-84.484334,39.198349],[-84.484054,39.198317]]]}},{"type":"Feature","properties":{"pid":"023900020003"},"geometry":{"type":"Polygon","coordinates":[[[-84.483879,39.198297],[-84.483927,39.197747],[-84.484094,39.197767],[-84.484054,39.198317],[-84.483879,39.198297]]]}},{"type":"Feature","properties":{"pid":"023900020092"},"geometry":{"type":"Polygon","coordinates":[[[-84.484803,39.198035],[-84.484811,39.197938],[-84.485031,39.197964],[-84.485023,39.19806],[-84.484803,39.198035]]]}},{"type":"Feature","properties":{"pid":"023900020094"},"geometry":{"type":"Polygon","coordinates":[[[-84.485017,39.198429],[-84.485041,39.198155],[-84.485163,39.198169],[-84.485139,39.198443],[-84.485017,39.198429]]]}},{"type":"Feature","properties":{"pid":"023900020095"},"geometry":{"type":"Polygon","coordinates":[[[-84.484772,39.1984],[-84.484795,39.198126],[-84.484918,39.19814],[-84.484895,39.198414],[-84.484772,39.1984]]]}},{"type":"Feature","properties":{"pid":"023900020096"},"geometry":{"type":"Polygon","coordinates":[[[-84.485017,39.198429],[-84.484895,39.198414],[-84.484918,39.19814],[-84.485041,39.198155],[-84.485017,39.198429]]]}},{"type":"Feature","properties":{"pid":"023900020098"},"geometry":{"type":"Polygon","coordinates":[[[-84.485163,39.198169],[-84.484795,39.198126],[-84.484803,39.198035],[-84.485171,39.198077],[-84.485163,39.198169]]]}},{"type":"Feature","properties":{"pid":"023900020099"},"geometry":{"type":"Polygon","coordinates":[[[-84.48518,39.197981],[-84.484811,39.197938],[-84.48482,39.197842],[-84.485188,39.197885],[-84.48518,39.197981]]]}},{"type":"Feature","properties":{"pid":"023900020100"},"geometry":{"type":"Polygon","coordinates":[[[-84.48482,39.197842],[-84.484828,39.197746],[-84.485196,39.197789],[-84.485188,39.197885],[-84.48482,39.197842]]]}},{"type":"Feature","properties":{"pid":"023900020101"},"geometry":{"type":"Polygon","coordinates":[[[-84.484857,39.197443],[-84.484866,39.197347],[-84.485233,39.197388],[-84.485223,39.197484],[-84.484857,39.197443]]]}},{"type":"Feature","properties":{"pid":"023900020102"},"geometry":{"type":"Polygon","coordinates":[[[-84.484836,39.19765],[-84.484845,39.197548],[-84.485213,39.197591],[-84.485204,39.197693],[-84.484836,39.19765]]]}},{"type":"Feature","properties":{"pid":"023900020103"},"geometry":{"type":"Polygon","coordinates":[[[-84.484866,39.197347],[-84.484875,39.197251],[-84.485243,39.197292],[-84.485233,39.197388],[-84.484866,39.197347]]]}},{"type":"Feature","properties":{"pid":"023900020104"},"geometry":{"type":"Polygon","coordinates":[[[-84.484828,39.197746],[-84.484836,39.19765],[-84.485204,39.197693],[-84.485196,39.197789],[-84.484828,39.197746]]]}},{"type":"Feature","properties":{"pid":"023900020106"},"geometry":{"type":"Polygon","coordinates":[[[-84.484875,39.197251],[-84.484884,39.197155],[-84.485252,39.197196],[-84.485243,39.197292],[-84.484875,39.197251]]]}},{"type":"Feature","properties":{"pid":"023900020108"},"geometry":{"type":"Polygon","coordinates":[[[-84.484884,39.197155],[-84.484894,39.197059],[-84.485262,39.1971],[-84.485252,39.197196],[-84.484884,39.197155]]]}},{"type":"Feature","properties":{"pid":"023900020109"},"geometry":{"type":"Polygon","coordinates":[[[-84.484894,39.197059],[-84.484903,39.196964],[-84.485272,39.197002],[-84.485262,39.1971],[-84.484894,39.197059]]]}},{"type":"Feature","properties":{"pid":"023900020110"},"geometry":{"type":"Polygon","coordinates":[[[-84.484903,39.196964],[-84.484912,39.196862],[-84.485281,39.196908],[-84.485272,39.197002],[-84.484903,39.196964]]]}},{"type":"Feature","properties":{"pid":"023900020113"},"geometry":{"type":"Polygon","coordinates":[[[-84.484691,39.197836],[-84.484722,39.197534],[-84.484845,39.197548],[-84.484819,39.19785],[-84.484691,39.197836]]]}},{"type":"Feature","properties":{"pid":"023900020114"},"geometry":{"type":"Polygon","coordinates":[[[-84.484571,39.197822],[-84.484604,39.19752],[-84.484722,39.197534],[-84.484691,39.197836],[-84.484571,39.197822]]]}},{"type":"Feature","properties":{"pid":"023900020115"},"geometry":{"type":"Polygon","coordinates":[[[-84.484459,39.197809],[-84.484484,39.197506],[-84.484604,39.19752],[-84.484571,39.197822],[-84.484459,39.197809]]]}},{"type":"Feature","properties":{"pid":"023900020116"},"geometry":{"type":"Polygon","coordinates":[[[-84.484211,39.19778],[-84.484238,39.197478],[-84.484357,39.197492],[-84.484336,39.197794],[-84.484211,39.19778]]]}},{"type":"Feature","properties":{"pid":"023900020117"},"geometry":{"type":"Polygon","coordinates":[[[-84.484459,39.197809],[-84.484336,39.197794],[-84.484357,39.197492],[-84.484484,39.197506],[-84.484459,39.197809]]]}},{"type":"Feature","properties":{"pid":"023900020118"},"geometry":{"type":"Polygon","coordinates":[[[-84.484094,39.197767],[-84.484107,39.197463],[-84.484238,39.197478],[-84.484211,39.19778],[-84.484094,39.197767]]]}},{"type":"Feature","properties":{"pid":"023900020119"},"geometry":{"type":"Polygon","coordinates":[[[-84.484094,39.197767],[-84.483693,39.19772],[-84.483957,39.197445],[-84.484107,39.197463],[-84.484094,39.197767]]]}},{"type":"Feature","properties":{"pid":"023900020120"},"geometry":{"type":"Polygon","coordinates":[[[-84.484612,39.197416],[-84.484639,39.197128],[-84.484762,39.197142],[-84.484734,39.197429],[-84.484612,39.197416]]]}},{"type":"Feature","properties":{"pid":"023900020121"},"geometry":{"type":"Polygon","coordinates":[[[-84.484489,39.197402],[-84.484517,39.197115],[-84.484639,39.197128],[-84.484612,39.197416],[-84.484489,39.197402]]]}},{"type":"Feature","properties":{"pid":"023900020122"},"geometry":{"type":"Polygon","coordinates":[[[-84.484048,39.197353],[-84.484299,39.197091],[-84.484394,39.197101],[-84.484366,39.197389],[-84.484048,39.197353]]]}},{"type":"Feature","properties":{"pid":"023900020123"},"geometry":{"type":"Polygon","coordinates":[[[-84.484366,39.197389],[-84.484394,39.197101],[-84.484517,39.197115],[-84.484489,39.197402],[-84.484366,39.197389]]]}},{"type":"Feature","properties":{"pid":"059000710341"},"geometry":{"type":"Polygon","coordinates":[[[-84.484567,39.20697],[-84.484655,39.20685],[-84.485039,39.207024],[-84.48495,39.207142],[-84.484567,39.20697]]]}},{"type":"Feature","properties":{"pid":"059000710342"},"geometry":{"type":"Polygon","coordinates":[[[-84.484479,39.207091],[-84.484567,39.20697],[-84.48495,39.207142],[-84.484862,39.207261],[-84.484479,39.207091]]]}},{"type":"Feature","properties":{"pid":"059000710343"},"geometry":{"type":"Polygon","coordinates":[[[-84.484391,39.207211],[-84.484479,39.207091],[-84.484862,39.207261],[-84.484774,39.20738],[-84.484391,39.207211]]]}},{"type":"Feature","properties":{"pid":"059000710344"},"geometry":{"type":"Polygon","coordinates":[[[-84.484245,39.207409],[-84.484391,39.207211],[-84.484774,39.20738],[-84.484711,39.207464],[-84.484245,39.207409]]]}},{"type":"Feature","properties":{"pid":"059000710419"},"geometry":{"type":"MultiPolygon","coordinates":[[[[-84.483354,39.209519],[-84.483396,39.20911],[-84.483571,39.209134],[-84.48354,39.209433],[-84.483354,39.209519]]],[[[-84.483697,39.20937],[-84.483718,39.209168],[-84.483957,39.209262],[-84.483868,39.20929],[-84.483697,39.20937]]]]}},{"type":"Feature","properties":{"pid":"059000720011"},"geometry":{"type":"Polygon","coordinates":[[[-84.486092,39.208013],[-84.485651,39.207975],[-84.485708,39.20763],[-84.486432,39.20769],[-84.486092,39.208013]]]}},{"type":"Feature","properties":{"pid":"059000720012"},"geometry":{"type":"Polygon","coordinates":[[[-84.48465,39.207891],[-84.484802,39.207679],[-84.485232,39.207799],[-84.485516,39.207822],[-84.485493,39.207962],[-84.48465,39.207891]]]}},{"type":"Feature","properties":{"pid":"059000720013"},"geometry":{"type":"Polygon","coordinates":[[[-84.485232,39.207799],[-84.484802,39.207679],[-84.484981,39.20743],[-84.485417,39.207599],[-84.48555,39.207615],[-84.485516,39.207822],[-84.485232,39.207799]]]}},{"type":"Feature","properties":{"pid":"059000720015"},"geometry":{"type":"Polygon","coordinates":[[[-84.484999,39.207407],[-84.485067,39.207315],[-84.485592,39.207362],[-84.485417,39.207599],[-84.484999,39.207407]]]}},{"type":"Feature","properties":{"pid":"059000720016"},"geometry":{"type":"Polygon","coordinates":[[[-84.485067,39.207315],[-84.485163,39.207186],[-84.48569,39.207231],[-84.485592,39.207362],[-84.485067,39.207315]]]}},{"type":"Feature","properties":{"pid":"059000720019"},"geometry":{"type":"Polygon","coordinates":[[[-84.48526,39.207055],[-84.485356,39.206926],[-84.485882,39.206972],[-84.485786,39.207101],[-84.48526,39.207055]]]}},{"type":"Feature","properties":{"pid":"059000720021"},"geometry":{"type":"Polygon","coordinates":[[[-84.485526,39.207451],[-84.48572,39.207191],[-84.486014,39.207215],[-84.486165,39.206997],[-84.486207,39.207001],[-84.485854,39.207478],[-84.485526,39.207451]]]}},{"type":"Feature","properties":{"pid":"059000720025"},"geometry":{"type":"Polygon","coordinates":[[[-84.486801,39.207306],[-84.486157,39.20725],[-84.486051,39.207241],[-84.486221,39.207002],[-84.487027,39.207072],[-84.486801,39.207306]]]}},{"type":"Feature","properties":{"pid":"059000710024"},"geometry":{"type":"Polygon","coordinates":[[[-84.481372,39.209923],[-84.481413,39.209507],[-84.481588,39.209523],[-84.481547,39.209939],[-84.481372,39.209923]]]}},{"type":"Feature","properties":{"pid":"059000710025"},"geometry":{"type":"Polygon","coordinates":[[[-84.481547,39.209939],[-84.481588,39.209523],[-84.481763,39.209539],[-84.481722,39.209955],[-84.481547,39.209939]]]}},{"type":"Feature","properties":{"pid":"059000710026"},"geometry":{"type":"Polygon","coordinates":[[[-84.481722,39.209955],[-84.481763,39.209539],[-84.481938,39.209555],[-84.481897,39.209971],[-84.481722,39.209955]]]}},{"type":"Feature","properties":{"pid":"059000710027"},"geometry":{"type":"Polygon","coordinates":[[[-84.481897,39.209971],[-84.481938,39.209555],[-84.482113,39.209571],[-84.482072,39.209987],[-84.481897,39.209971]]]}},{"type":"Feature","properties":{"pid":"059000710028"},"geometry":{"type":"Polygon","coordinates":[[[-84.482072,39.209987],[-84.482113,39.209571],[-84.482288,39.209587],[-84.482247,39.210003],[-84.482072,39.209987]]]}},{"type":"Feature","properties":{"pid":"059000710029"},"geometry":{"type":"Polygon","coordinates":[[[-84.482247,39.210003],[-84.482288,39.209587],[-84.482463,39.209604],[-84.482422,39.210019],[-84.482247,39.210003]]]}},{"type":"Feature","properties":{"pid":"059000710050"},"geometry":{"type":"Polygon","coordinates":[[[-84.481929,39.20787],[-84.481942,39.207733],[-84.48246,39.207781],[-84.482448,39.207918],[-84.481929,39.20787]]]}},{"type":"Feature","properties":{"pid":"059000710117"},"geometry":{"type":"Polygon","coordinates":[[[-84.481562,39.208002],[-84.481599,39.207618],[-84.481775,39.207634],[-84.481737,39.208018],[-84.481562,39.208002]]]}},{"type":"Feature","properties":{"pid":"024200030071"},"geometry":{"type":"Polygon","coordinates":[[[-84.475064,39.203731],[-84.475284,39.20134],[-84.476639,39.201397],[-84.476529,39.202512],[-84.476891,39.202551],[-84.475315,39.203731],[-84.475064,39.203731]]]}},{"type":"Feature","properties":{"pid":"024200040002"},"geometry":{"type":"Polygon","coordinates":[[[-84.482423,39.202542],[-84.480183,39.202035],[-84.479719,39.201777],[-84.480931,39.200497],[-84.480849,39.200449],[-84.481308,39.19993],[-84.481419,39.199984],[-84.481516,39.199883],[-84.481587,39.199879],[-84.482127,39.199297],[-84.482242,39.199356],[-84.483149,39.198393],[-84.483229,39.198396],[-84.482291,39.1994],[-84.483968,39.200291],[-84.483217,39.201451],[-84.482423,39.202542]]]}},{"type":"Feature","properties":{"pid":"024200050001"},"geometry":{"type":"Polygon","coordinates":[[[-84.480522,39.200079],[-84.480523,39.199669],[-84.481021,39.19969],[-84.480647,39.200084],[-84.480522,39.200079]]]}},{"type":"Feature","properties":{"pid":"024200050003"},"geometry":{"type":"Polygon","coordinates":[[[-84.480241,39.200068],[-84.480272,39.199658],[-84.480377,39.199662],[-84.480345,39.200072],[-84.480241,39.200068]]]}},{"type":"Feature","properties":{"pid":"024200050006"},"geometry":{"type":"Polygon","coordinates":[[[-84.481036,39.199675],[-84.481069,39.199283],[-84.481393,39.199298],[-84.481036,39.199675]]]}},{"type":"Feature","properties":{"pid":"024200050007"},"geometry":{"type":"Polygon","coordinates":[[[-84.480727,39.199677],[-84.480761,39.19927],[-84.480937,39.199278],[-84.480902,39.199685],[-84.480727,39.199677]]]}},{"type":"Feature","properties":{"pid":"024200050008"},"geometry":{"type":"Polygon","coordinates":[[[-84.480595,39.199672],[-84.480628,39.199264],[-84.480761,39.19927],[-84.480727,39.199677],[-84.480595,39.199672]]]}},{"type":"Feature","properties":{"pid":"024200050009"},"geometry":{"type":"Polygon","coordinates":[[[-84.480463,39.199666],[-84.48033,39.19966],[-84.480363,39.199253],[-84.480496,39.199259],[-84.480463,39.199666]]]}},{"type":"Feature","properties":{"pid":"024200050010"},"geometry":{"type":"Polygon","coordinates":[[[-84.48033,39.19966],[-84.480202,39.199655],[-84.480234,39.199247],[-84.480363,39.199253],[-84.48033,39.19966]]]}},{"type":"Feature","properties":{"pid":"024200050011"},"geometry":{"type":"Polygon","coordinates":[[[-84.480202,39.199655],[-84.480027,39.199648],[-84.480059,39.19924],[-84.480234,39.199247],[-84.480202,39.199655]]]}},{"type":"Feature","properties":{"pid":"024200050012"},"geometry":{"type":"Polygon","coordinates":[[[-84.480027,39.199648],[-84.479854,39.19964],[-84.479885,39.199232],[-84.480059,39.19924],[-84.480027,39.199648]]]}},{"type":"Feature","properties":{"pid":"024200050013"},"geometry":{"type":"Polygon","coordinates":[[[-84.479638,39.199714],[-84.478769,39.199663],[-84.478779,39.199527],[-84.479649,39.199563],[-84.479638,39.199714]]]}},{"type":"Feature","properties":{"pid":"024200050014"},"geometry":{"type":"Polygon","coordinates":[[[-84.477695,39.199962],[-84.477723,39.199552],[-84.477864,39.199558],[-84.477836,39.199968],[-84.477695,39.199962]]]}},{"type":"Feature","properties":{"pid":"024200050015"},"geometry":{"type":"Polygon","coordinates":[[[-84.477695,39.199962],[-84.477554,39.199956],[-84.477582,39.199546],[-84.477723,39.199552],[-84.477695,39.199962]]]}},{"type":"Feature","properties":{"pid":"024200050016"},"geometry":{"type":"Polygon","coordinates":[[[-84.477554,39.199956],[-84.477413,39.19995],[-84.477441,39.19954],[-84.477582,39.199546],[-84.477554,39.199956]]]}},{"type":"Feature","properties":{"pid":"024200050017"},"geometry":{"type":"Polygon","coordinates":[[[-84.477132,39.199938],[-84.477159,39.199529],[-84.4773,39.199534],[-84.477272,39.199944],[-84.477132,39.199938]]]}},{"type":"Feature","properties":{"pid":"024200050018"},"geometry":{"type":"Polygon","coordinates":[[[-84.476991,39.199933],[-84.477018,39.199523],[-84.477159,39.199529],[-84.477132,39.199938],[-84.476991,39.199933]]]}},{"type":"Feature","properties":{"pid":"024200050019"},"geometry":{"type":"Polygon","coordinates":[[[-84.476709,39.199921],[-84.476722,39.19973],[-84.476774,39.199733],[-84.477018,39.199523],[-84.476991,39.199933],[-84.476709,39.199921]]]}},{"type":"Feature","properties":{"pid":"024200050021"},"geometry":{"type":"Polygon","coordinates":[[[-84.476123,39.199896],[-84.47632,39.199713],[-84.476616,39.199726],[-84.476603,39.199916],[-84.476123,39.199896]]]}},{"type":"Feature","properties":{"pid":"024200050022"},"geometry":{"type":"Polygon","coordinates":[[[-84.477723,39.199552],[-84.477751,39.199142],[-84.477892,39.199148],[-84.477864,39.199558],[-84.477723,39.199552]]]}},{"type":"Feature","properties":{"pid":"024200050023"},"geometry":{"type":"Polygon","coordinates":[[[-84.477582,39.199546],[-84.477441,39.19954],[-84.477469,39.199131],[-84.47761,39.199136],[-84.477582,39.199546]]]}},{"type":"Feature","properties":{"pid":"024200050024"},"geometry":{"type":"Polygon","coordinates":[[[-84.477441,39.19954],[-84.4773,39.199534],[-84.477328,39.199125],[-84.477469,39.199131],[-84.477441,39.19954]]]}},{"type":"Feature","properties":{"pid":"024200050026"},"geometry":{"type":"Polygon","coordinates":[[[-84.477159,39.199529],[-84.476983,39.199521],[-84.476546,39.199503],[-84.476706,39.199354],[-84.47717,39.199372],[-84.477159,39.199529]]]}},{"type":"Feature","properties":{"pid":"024200050028"},"geometry":{"type":"Polygon","coordinates":[[[-84.477561,39.198853],[-84.477571,39.198682],[-84.477745,39.198689],[-84.477735,39.19886],[-84.477561,39.198853]]]}},{"type":"Feature","properties":{"pid":"024200050034"},"geometry":{"type":"Polygon","coordinates":[[[-84.478742,39.19902],[-84.478603,39.199014],[-84.47863,39.198606],[-84.47877,39.198612],[-84.478742,39.19902]]]}},{"type":"Feature","properties":{"pid":"024200050039"},"geometry":{"type":"Polygon","coordinates":[[[-84.479527,39.198849],[-84.479535,39.198748],[-84.47971,39.198755],[-84.479702,39.198856],[-84.479527,39.198849]]]}},{"type":"Feature","properties":{"pid":"024200050069"},"geometry":{"type":"Polygon","coordinates":[[[-84.478465,39.199994],[-84.478494,39.199583],[-84.478632,39.199589],[-84.478604,39.2],[-84.478465,39.199994]]]}},{"type":"Feature","properties":{"pid":"024200050071"},"geometry":{"type":"Polygon","coordinates":[[[-84.480595,39.199672],[-84.480463,39.199666],[-84.480496,39.199259],[-84.480628,39.199264],[-84.480595,39.199672]]]}},{"type":"Feature","properties":{"pid":"024200050072"},"geometry":{"type":"Polygon","coordinates":[[[-84.477123,39.198952],[-84.477244,39.198839],[-84.477908,39.198867],[-84.4779,39.198984],[-84.477123,39.198952]]]}},{"type":"Feature","properties":{"pid":"024200050073"},"geometry":{"type":"Polygon","coordinates":[[[-84.477723,39.199552],[-84.477582,39.199546],[-84.47761,39.199136],[-84.477751,39.199142],[-84.477723,39.199552]]]}},{"type":"Feature","properties":{"pid":"024200050075"},"geometry":{"type":"Polygon","coordinates":[[[-84.476877,39.199629],[-84.476431,39.199609],[-84.476546,39.199503],[-84.476983,39.199521],[-84.476877,39.199629]]]}},{"type":"Feature","properties":{"pid":"024200050076"},"geometry":{"type":"Polygon","coordinates":[[[-84.476774,39.199733],[-84.476616,39.199726],[-84.47632,39.199713],[-84.476431,39.199609],[-84.476877,39.199629],[-84.476774,39.199733]]]}},{"type":"Feature","properties":{"pid":"059000710123"},"geometry":{"type":"Polygon","coordinates":[[[-84.480685,39.20792],[-84.480722,39.207537],[-84.480898,39.207553],[-84.48086,39.207936],[-84.480685,39.20792]]]}},{"type":"Feature","properties":{"pid":"059000710128"},"geometry":{"type":"Polygon","coordinates":[[[-84.479809,39.207839],[-84.479846,39.207456],[-84.480021,39.207472],[-84.479984,39.207855],[-84.479809,39.207839]]]}},{"type":"Feature","properties":{"pid":"059000710130"},"geometry":{"type":"Polygon","coordinates":[[[-84.479459,39.207806],[-84.479496,39.207423],[-84.479671,39.207439],[-84.479634,39.207823],[-84.479459,39.207806]]]}},{"type":"Feature","properties":{"pid":"059000710131"},"geometry":{"type":"Polygon","coordinates":[[[-84.479284,39.20779],[-84.479321,39.207406],[-84.479496,39.207423],[-84.479459,39.207806],[-84.479284,39.20779]]]}},{"type":"Feature","properties":{"pid":"059000710132"},"geometry":{"type":"Polygon","coordinates":[[[-84.479109,39.207774],[-84.479146,39.20739],[-84.479321,39.207406],[-84.479284,39.20779],[-84.479109,39.207774]]]}},{"type":"Feature","properties":{"pid":"059000710143"},"geometry":{"type":"Polygon","coordinates":[[[-84.480279,39.210245],[-84.48032,39.209828],[-84.480408,39.209836],[-84.480367,39.210253],[-84.480279,39.210245]]]}},{"type":"Feature","properties":{"pid":"059000710144"},"geometry":{"type":"Polygon","coordinates":[[[-84.480104,39.210229],[-84.480143,39.209813],[-84.48032,39.209828],[-84.480279,39.210245],[-84.480104,39.210229]]]}},{"type":"Feature","properties":{"pid":"024200050078"},"geometry":{"type":"Polygon","coordinates":[[[-84.481014,39.199689],[-84.480902,39.199685],[-84.480937,39.199278],[-84.481069,39.199283],[-84.481014,39.199689]]]}},{"type":"Feature","properties":{"pid":"024200050079"},"geometry":{"type":"Polygon","coordinates":[[[-84.479687,39.19906],[-84.479302,39.199044],[-84.47931,39.198943],[-84.479695,39.198959],[-84.479687,39.19906]]]}},{"type":"Feature","properties":{"pid":"024200050080"},"geometry":{"type":"Polygon","coordinates":[[[-84.479695,39.198959],[-84.47931,39.198943],[-84.479317,39.19884],[-84.479702,39.198856],[-84.479695,39.198959]]]}},{"type":"Feature","properties":{"pid":"024200050081"},"geometry":{"type":"Polygon","coordinates":[[[-84.477319,39.199261],[-84.477178,39.199255],[-84.476827,39.199241],[-84.476968,39.19911],[-84.477328,39.199125],[-84.477319,39.199261]]]}},{"type":"Feature","properties":{"pid":"024200050082"},"geometry":{"type":"Polygon","coordinates":[[[-84.478216,39.199572],[-84.478243,39.199163],[-84.478521,39.199174],[-84.478494,39.199583],[-84.478216,39.199572]]]}},{"type":"Feature","properties":{"pid":"024200050084"},"geometry":{"type":"Polygon","coordinates":[[[-84.4779,39.198984],[-84.477927,39.198575],[-84.47807,39.198581],[-84.478044,39.19899],[-84.4779,39.198984]]]}},{"type":"Feature","properties":{"pid":"024200050085"},"geometry":{"type":"Polygon","coordinates":[[[-84.477413,39.19995],[-84.477272,39.199944],[-84.4773,39.199534],[-84.477441,39.19954],[-84.477413,39.19995]]]}},{"type":"Feature","properties":{"pid":"024200050086"},"geometry":{"type":"Polygon","coordinates":[[[-84.478632,39.199589],[-84.47866,39.19918],[-84.478802,39.199186],[-84.478774,39.199595],[-84.478632,39.199589]]]}},{"type":"Feature","properties":{"pid":"024200050087"},"geometry":{"type":"Polygon","coordinates":[[[-84.478779,39.199527],[-84.478802,39.199186],[-84.478941,39.199192],[-84.478918,39.199533],[-84.478779,39.199527]]]}},{"type":"Feature","properties":{"pid":"024200050088"},"geometry":{"type":"Polygon","coordinates":[[[-84.478494,39.199583],[-84.478521,39.199174],[-84.47866,39.19918],[-84.478632,39.199589],[-84.478494,39.199583]]]}},{"type":"Feature","properties":{"pid":"024200050090"},"geometry":{"type":"Polygon","coordinates":[[[-84.478953,39.199534],[-84.478977,39.199194],[-84.479116,39.1992],[-84.479091,39.19954],[-84.478953,39.199534]]]}},{"type":"Feature","properties":{"pid":"024200050092"},"geometry":{"type":"Polygon","coordinates":[[[-84.478322,39.198458],[-84.477936,39.198441],[-84.477683,39.198431],[-84.477826,39.198298],[-84.478332,39.19832],[-84.478322,39.198458]]]}},{"type":"Feature","properties":{"pid":"024200050093"},"geometry":{"type":"Polygon","coordinates":[[[-84.478604,39.2],[-84.478632,39.199589],[-84.478774,39.199595],[-84.478745,39.200005],[-84.478604,39.2]]]}},{"type":"Feature","properties":{"pid":"024200050094"},"geometry":{"type":"Polygon","coordinates":[[[-84.479091,39.19954],[-84.479116,39.1992],[-84.479255,39.199206],[-84.47923,39.199546],[-84.479091,39.19954]]]}},{"type":"Feature","properties":{"pid":"024200050095"},"geometry":{"type":"Polygon","coordinates":[[[-84.478075,39.199566],[-84.478103,39.199157],[-84.478243,39.199163],[-84.478216,39.199572],[-84.478075,39.199566]]]}},{"type":"Feature","properties":{"pid":"024200050096"},"geometry":{"type":"Polygon","coordinates":[[[-84.478189,39.199982],[-84.478216,39.199572],[-84.478494,39.199583],[-84.478465,39.199994],[-84.478189,39.199982]]]}},{"type":"Feature","properties":{"pid":"024200050097"},"geometry":{"type":"Polygon","coordinates":[[[-84.47923,39.199546],[-84.479255,39.199206],[-84.479397,39.199212],[-84.479371,39.199552],[-84.47923,39.199546]]]}},{"type":"Feature","properties":{"pid":"024200050098"},"geometry":{"type":"Polygon","coordinates":[[[-84.479023,39.200017],[-84.479047,39.199674],[-84.47922,39.199697],[-84.479196,39.200024],[-84.479023,39.200017]]]}},{"type":"Feature","properties":{"pid":"024200050099"},"geometry":{"type":"Polygon","coordinates":[[[-84.478884,39.200011],[-84.478908,39.199669],[-84.479047,39.199674],[-84.479023,39.200017],[-84.478884,39.200011]]]}},{"type":"Feature","properties":{"pid":"024200050100"},"geometry":{"type":"Polygon","coordinates":[[[-84.478048,39.199976],[-84.478075,39.199566],[-84.478216,39.199572],[-84.478189,39.199982],[-84.478048,39.199976]]]}},{"type":"Feature","properties":{"pid":"024200050101"},"geometry":{"type":"Polygon","coordinates":[[[-84.479476,39.200035],[-84.479499,39.199708],[-84.479638,39.199714],[-84.479614,39.200041],[-84.479476,39.200035]]]}},{"type":"Feature","properties":{"pid":"024200050102"},"geometry":{"type":"Polygon","coordinates":[[[-84.479196,39.200024],[-84.47922,39.199697],[-84.479361,39.199702],[-84.479337,39.20003],[-84.479196,39.200024]]]}},{"type":"Feature","properties":{"pid":"024200050103"},"geometry":{"type":"Polygon","coordinates":[[[-84.478044,39.19899],[-84.47807,39.198581],[-84.478139,39.198584],[-84.478112,39.198993],[-84.478044,39.19899]]]}},{"type":"Feature","properties":{"pid":"024200050104"},"geometry":{"type":"Polygon","coordinates":[[[-84.479511,39.199558],[-84.479536,39.199217],[-84.479675,39.199223],[-84.479649,39.199563],[-84.479511,39.199558]]]}},{"type":"Feature","properties":{"pid":"024200050105"},"geometry":{"type":"Polygon","coordinates":[[[-84.478745,39.200005],[-84.478769,39.199663],[-84.478908,39.199669],[-84.478884,39.200011],[-84.478745,39.200005]]]}},{"type":"Feature","properties":{"pid":"024200050106"},"geometry":{"type":"Polygon","coordinates":[[[-84.479371,39.199552],[-84.479397,39.199212],[-84.479536,39.199217],[-84.479511,39.199558],[-84.479371,39.199552]]]}},{"type":"Feature","properties":{"pid":"024200050108"},"geometry":{"type":"Polygon","coordinates":[[[-84.476706,39.199354],[-84.476827,39.199241],[-84.477178,39.199255],[-84.47717,39.199372],[-84.476706,39.199354]]]}},{"type":"Feature","properties":{"pid":"024200050110"},"geometry":{"type":"Polygon","coordinates":[[[-84.480388,39.200074],[-84.480418,39.199664],[-84.480523,39.199669],[-84.480492,39.200078],[-84.480388,39.200074]]]}},{"type":"Feature","properties":{"pid":"024200050111"},"geometry":{"type":"Polygon","coordinates":[[[-84.479337,39.20003],[-84.479361,39.199702],[-84.479499,39.199708],[-84.479476,39.200035],[-84.479337,39.20003]]]}},{"type":"Feature","properties":{"pid":"024200050113"},"geometry":{"type":"Polygon","coordinates":[[[-84.479822,39.20005],[-84.479854,39.19964],[-84.479992,39.199646],[-84.479961,39.200056],[-84.479822,39.20005]]]}},{"type":"Feature","properties":{"pid":"024200050114"},"geometry":{"type":"Polygon","coordinates":[[[-84.479996,39.200057],[-84.480027,39.199648],[-84.480133,39.199652],[-84.480102,39.200062],[-84.479996,39.200057]]]}},{"type":"Feature","properties":{"pid":"024200050115"},"geometry":{"type":"Polygon","coordinates":[[[-84.48017,39.200065],[-84.480202,39.199655],[-84.480272,39.199658],[-84.480241,39.200068],[-84.48017,39.200065]]]}},{"type":"Feature","properties":{"pid":"024200050121"},"geometry":{"type":"Polygon","coordinates":[[[-84.481392,39.199134],[-84.481232,39.199127],[-84.481268,39.198721],[-84.481428,39.198728],[-84.481392,39.199134]]]}},{"type":"Feature","properties":{"pid":"024200060016"},"geometry":{"type":"Polygon","coordinates":[[[-84.474976,39.204941],[-84.474985,39.204884],[-84.475137,39.204817],[-84.47612,39.204907],[-84.476,39.205036],[-84.474976,39.204941]]]}},{"type":"Feature","properties":{"pid":"024500040029"},"geometry":{"type":"Polygon","coordinates":[[[-84.463535,39.214728],[-84.463573,39.214595],[-84.46409,39.214684],[-84.464052,39.214816],[-84.463535,39.214728]]]}},{"type":"Feature","properties":{"pid":"024500040034"},"geometry":{"type":"Polygon","coordinates":[[[-84.463726,39.214061],[-84.463765,39.213926],[-84.464281,39.214015],[-84.464242,39.214149],[-84.463726,39.214061]]]}},{"type":"Feature","properties":{"pid":"024500040035"},"geometry":{"type":"Polygon","coordinates":[[[-84.463765,39.213926],[-84.463802,39.213793],[-84.464321,39.213882],[-84.464281,39.214015],[-84.463765,39.213926]]]}},{"type":"Feature","properties":{"pid":"024500040036"},"geometry":{"type":"Polygon","coordinates":[[[-84.463802,39.213793],[-84.463841,39.213659],[-84.464357,39.213748],[-84.464321,39.213882],[-84.463802,39.213793]]]}},{"type":"Feature","properties":{"pid":"024500040037"},"geometry":{"type":"Polygon","coordinates":[[[-84.463841,39.213659],[-84.463879,39.213527],[-84.464396,39.213614],[-84.464357,39.213748],[-84.463841,39.213659]]]}},{"type":"Feature","properties":{"pid":"024500040038"},"geometry":{"type":"Polygon","coordinates":[[[-84.463879,39.213527],[-84.463917,39.213392],[-84.464434,39.213481],[-84.464396,39.213614],[-84.463879,39.213527]]]}},{"type":"Feature","properties":{"pid":"024500040039"},"geometry":{"type":"Polygon","coordinates":[[[-84.463917,39.213392],[-84.463957,39.213259],[-84.464474,39.213348],[-84.464434,39.213481],[-84.463917,39.213392]]]}},{"type":"Feature","properties":{"pid":"024500040041"},"geometry":{"type":"Polygon","coordinates":[[[-84.463994,39.213125],[-84.464034,39.212991],[-84.46455,39.21308],[-84.464512,39.213213],[-84.463994,39.213125]]]}},{"type":"Feature","properties":{"pid":"024500040042"},"geometry":{"type":"Polygon","coordinates":[[[-84.464034,39.212991],[-84.46407,39.212858],[-84.464589,39.212947],[-84.46455,39.21308],[-84.464034,39.212991]]]}},{"type":"Feature","properties":{"pid":"024500040043"},"geometry":{"type":"Polygon","coordinates":[[[-84.46407,39.212858],[-84.46411,39.212725],[-84.464626,39.212814],[-84.464589,39.212947],[-84.46407,39.212858]]]}},{"type":"Feature","properties":{"pid":"024500040044"},"geometry":{"type":"Polygon","coordinates":[[[-84.46411,39.212725],[-84.464149,39.21259],[-84.464665,39.21268],[-84.464626,39.212814],[-84.46411,39.212725]]]}},{"type":"Feature","properties":{"pid":"024500040046"},"geometry":{"type":"Polygon","coordinates":[[[-84.464186,39.212457],[-84.46423,39.212308],[-84.464769,39.212316],[-84.464705,39.212546],[-84.464186,39.212457]]]}},{"type":"Feature","properties":{"pid":"024500040050"},"geometry":{"type":"Polygon","coordinates":[[[-84.463016,39.214639],[-84.463055,39.214506],[-84.463573,39.214595],[-84.463535,39.214728],[-84.463016,39.214639]]]}},{"type":"Feature","properties":{"pid":"024500040054"},"geometry":{"type":"Polygon","coordinates":[[[-84.463174,39.214092],[-84.46321,39.213972],[-84.463726,39.214061],[-84.463692,39.21418],[-84.463174,39.214092]]]}},{"type":"Feature","properties":{"pid":"024500040055"},"geometry":{"type":"Polygon","coordinates":[[[-84.46321,39.213972],[-84.463247,39.213838],[-84.463765,39.213926],[-84.463726,39.214061],[-84.46321,39.213972]]]}},{"type":"Feature","properties":{"pid":"024500040056"},"geometry":{"type":"Polygon","coordinates":[[[-84.463247,39.213838],[-84.463285,39.213704],[-84.463802,39.213793],[-84.463765,39.213926],[-84.463247,39.213838]]]}},{"type":"Feature","properties":{"pid":"024500040057"},"geometry":{"type":"Polygon","coordinates":[[[-84.463285,39.213704],[-84.463325,39.213571],[-84.463841,39.213659],[-84.463802,39.213793],[-84.463285,39.213704]]]}},{"type":"Feature","properties":{"pid":"024500040058"},"geometry":{"type":"Polygon","coordinates":[[[-84.463325,39.213571],[-84.463382,39.21337],[-84.463899,39.213459],[-84.463841,39.213659],[-84.463325,39.213571]]]}},{"type":"Feature","properties":{"pid":"024500040059"},"geometry":{"type":"Polygon","coordinates":[[[-84.463382,39.21337],[-84.463439,39.21317],[-84.463957,39.213259],[-84.463899,39.213459],[-84.463382,39.21337]]]}},{"type":"Feature","properties":{"pid":"024500040060"},"geometry":{"type":"Polygon","coordinates":[[[-84.463449,39.213136],[-84.463477,39.213036],[-84.463994,39.213125],[-84.463967,39.213224],[-84.463449,39.213136]]]}},{"type":"Feature","properties":{"pid":"024500040061"},"geometry":{"type":"Polygon","coordinates":[[[-84.463477,39.213036],[-84.463517,39.212903],[-84.464034,39.212991],[-84.463994,39.213125],[-84.463477,39.213036]]]}},{"type":"Feature","properties":{"pid":"024500040062"},"geometry":{"type":"Polygon","coordinates":[[[-84.463517,39.212903],[-84.463554,39.212769],[-84.46407,39.212858],[-84.464034,39.212991],[-84.463517,39.212903]]]}},{"type":"Feature","properties":{"pid":"024500040063"},"geometry":{"type":"Polygon","coordinates":[[[-84.463554,39.212769],[-84.463592,39.212635],[-84.46411,39.212725],[-84.46407,39.212858],[-84.463554,39.212769]]]}},{"type":"Feature","properties":{"pid":"024500040064"},"geometry":{"type":"Polygon","coordinates":[[[-84.463592,39.212635],[-84.463631,39.212501],[-84.464149,39.21259],[-84.46411,39.212725],[-84.463592,39.212635]]]}},{"type":"Feature","properties":{"pid":"024500040067"},"geometry":{"type":"Polygon","coordinates":[[[-84.463941,39.212555],[-84.464013,39.212305],[-84.46423,39.212308],[-84.464149,39.21259],[-84.463941,39.212555]]]}},{"type":"Feature","properties":{"pid":"024500050001"},"geometry":{"type":"Polygon","coordinates":[[[-84.468536,39.21517],[-84.468547,39.215032],[-84.469079,39.215039],[-84.469064,39.215175],[-84.468536,39.21517]]]}},{"type":"Feature","properties":{"pid":"024500050002"},"geometry":{"type":"Polygon","coordinates":[[[-84.468547,39.215032],[-84.46856,39.21491],[-84.469089,39.214915],[-84.469079,39.215039],[-84.468547,39.215032]]]}},{"type":"Feature","properties":{"pid":"024500050003"},"geometry":{"type":"Polygon","coordinates":[[[-84.46856,39.21491],[-84.46857,39.214761],[-84.469101,39.214766],[-84.469089,39.214915],[-84.46856,39.21491]]]}},{"type":"Feature","properties":{"pid":"024500050004"},"geometry":{"type":"Polygon","coordinates":[[[-84.46857,39.214761],[-84.468583,39.214623],[-84.469115,39.21463],[-84.469101,39.214766],[-84.46857,39.214761]]]}},{"type":"Feature","properties":{"pid":"024500050013"},"geometry":{"type":"Polygon","coordinates":[[[-84.468006,39.215163],[-84.468019,39.215027],[-84.468547,39.215032],[-84.468536,39.21517],[-84.468006,39.215163]]]}},{"type":"Feature","properties":{"pid":"024500050014"},"geometry":{"type":"Polygon","coordinates":[[[-84.468019,39.215027],[-84.46803,39.214887],[-84.468561,39.214896],[-84.468547,39.215032],[-84.468019,39.215027]]]}},{"type":"Feature","properties":{"pid":"024500050015"},"geometry":{"type":"Polygon","coordinates":[[[-84.46803,39.214887],[-84.468041,39.214752],[-84.46857,39.214761],[-84.468561,39.214896],[-84.46803,39.214887]]]}},{"type":"Feature","properties":{"pid":"024500050016"},"geometry":{"type":"Polygon","coordinates":[[[-84.468041,39.214752],[-84.468055,39.214616],[-84.468583,39.214623],[-84.46857,39.214761],[-84.468041,39.214752]]]}},{"type":"Feature","properties":{"pid":"024500050022"},"geometry":{"type":"Polygon","coordinates":[[[-84.46704,39.21516],[-84.466666,39.215156],[-84.466712,39.214993],[-84.467118,39.215062],[-84.46704,39.21516]]]}},{"type":"Feature","properties":{"pid":"059000710233"},"geometry":{"type":"Polygon","coordinates":[[[-84.474952,39.208612],[-84.474967,39.208477],[-84.475138,39.208491],[-84.475124,39.208628],[-84.474952,39.208612]]]}},{"type":"Feature","properties":{"pid":"024300020013"},"geometry":{"type":"Polygon","coordinates":[[[-84.4695,39.203273],[-84.469941,39.203258],[-84.469954,39.203377],[-84.469467,39.203388],[-84.4695,39.203273]]]}},{"type":"Feature","properties":{"pid":"024300020014"},"geometry":{"type":"Polygon","coordinates":[[[-84.469538,39.203162],[-84.46993,39.203149],[-84.469941,39.203258],[-84.4695,39.203273],[-84.469538,39.203162]]]}},{"type":"Feature","properties":{"pid":"024300020015"},"geometry":{"type":"Polygon","coordinates":[[[-84.469589,39.203048],[-84.469918,39.203037],[-84.46993,39.203149],[-84.469538,39.203162],[-84.469589,39.203048]]]}},{"type":"Feature","properties":{"pid":"024300020016"},"geometry":{"type":"Polygon","coordinates":[[[-84.469654,39.202935],[-84.469983,39.202925],[-84.469988,39.203035],[-84.469589,39.203048],[-84.469654,39.202935]]]}},{"type":"Feature","properties":{"pid":"024300020019"},"geometry":{"type":"Polygon","coordinates":[[[-84.46997,39.202573],[-84.470103,39.202449],[-84.470196,39.202919],[-84.470066,39.202923],[-84.46997,39.202573]]]}},{"type":"Feature","properties":{"pid":"024300020020"},"geometry":{"type":"Polygon","coordinates":[[[-84.470103,39.202449],[-84.470236,39.202326],[-84.470301,39.202915],[-84.470196,39.202919],[-84.470103,39.202449]]]}},{"type":"Feature","properties":{"pid":"024300030009"},"geometry":{"type":"Polygon","coordinates":[[[-84.469299,39.206842],[-84.46986,39.206674],[-84.469916,39.206904],[-84.469372,39.206991],[-84.469299,39.206842]]]}},{"type":"Feature","properties":{"pid":"024500050029"},"geometry":{"type":"Polygon","coordinates":[[[-84.46759,39.214441],[-84.466904,39.214324],[-84.466944,39.214191],[-84.467686,39.214319],[-84.46759,39.214441]]]}},{"type":"Feature","properties":{"pid":"024500050030"},"geometry":{"type":"Polygon","coordinates":[[[-84.467684,39.214318],[-84.466944,39.214191],[-84.466982,39.214056],[-84.467781,39.214193],[-84.467684,39.214318]]]}},{"type":"Feature","properties":{"pid":"024500050031"},"geometry":{"type":"Polygon","coordinates":[[[-84.467779,39.214193],[-84.466982,39.214056],[-84.46702,39.213923],[-84.467875,39.21407],[-84.467779,39.214193]]]}},{"type":"Feature","properties":{"pid":"024500050069"},"geometry":{"type":"Polygon","coordinates":[[[-84.466357,39.212551],[-84.466361,39.212353],[-84.466538,39.212353],[-84.466533,39.212553],[-84.466357,39.212551]]]}},{"type":"Feature","properties":{"pid":"024500050090"},"geometry":{"type":"Polygon","coordinates":[[[-84.466062,39.214741],[-84.4661,39.214608],[-84.466617,39.214696],[-84.466579,39.214828],[-84.466062,39.214741]]]}},{"type":"Feature","properties":{"pid":"024500050105"},"geometry":{"type":"Polygon","coordinates":[[[-84.465546,39.214652],[-84.465583,39.214519],[-84.4661,39.214608],[-84.466062,39.214741],[-84.465546,39.214652]]]}},{"type":"Feature","properties":{"pid":"024300030044"},"geometry":{"type":"Polygon","coordinates":[[[-84.469103,39.205355],[-84.469039,39.205255],[-84.46969,39.205004],[-84.469752,39.205105],[-84.469103,39.205355]]]}},{"type":"Feature","properties":{"pid":"024300030045"},"geometry":{"type":"Polygon","coordinates":[[[-84.468975,39.205155],[-84.469628,39.204904],[-84.46969,39.205004],[-84.469039,39.205255],[-84.468975,39.205155]]]}},{"type":"Feature","properties":{"pid":"024300030046"},"geometry":{"type":"Polygon","coordinates":[[[-84.468911,39.205055],[-84.469566,39.204803],[-84.469628,39.204904],[-84.468975,39.205155],[-84.468911,39.205055]]]}},{"type":"Feature","properties":{"pid":"024300030080"},"geometry":{"type":"Polygon","coordinates":[[[-84.470659,39.206564],[-84.471055,39.206736],[-84.470824,39.206848],[-84.47058,39.207056],[-84.470659,39.206564]]]}},{"type":"Feature","properties":{"pid":"024500050118"},"geometry":{"type":"Polygon","coordinates":[[[-84.464685,39.21513],[-84.464742,39.214935],[-84.465257,39.215023],[-84.465226,39.215136],[-84.464685,39.21513]]]}},{"type":"Feature","properties":{"pid":"024500050119"},"geometry":{"type":"Polygon","coordinates":[[[-84.464742,39.214935],[-84.464779,39.214801],[-84.465297,39.214889],[-84.465257,39.215023],[-84.464742,39.214935]]]}},{"type":"Feature","properties":{"pid":"024500050120"},"geometry":{"type":"Polygon","coordinates":[[[-84.464779,39.214801],[-84.464817,39.214667],[-84.465335,39.214756],[-84.465297,39.214889],[-84.464779,39.214801]]]}},{"type":"Feature","properties":{"pid":"024500050126"},"geometry":{"type":"Polygon","coordinates":[[[-84.46501,39.214],[-84.465046,39.213866],[-84.465565,39.213954],[-84.465526,39.214089],[-84.46501,39.214]]]}},{"type":"Feature","properties":{"pid":"024500050127"},"geometry":{"type":"Polygon","coordinates":[[[-84.465046,39.213866],[-84.465086,39.213733],[-84.465602,39.213821],[-84.465565,39.213954],[-84.465046,39.213866]]]}},{"type":"Feature","properties":{"pid":"024500050128"},"geometry":{"type":"Polygon","coordinates":[[[-84.465086,39.213733],[-84.465125,39.213599],[-84.465641,39.213688],[-84.465602,39.213821],[-84.465086,39.213733]]]}},{"type":"Feature","properties":{"pid":"024500050129"},"geometry":{"type":"Polygon","coordinates":[[[-84.465125,39.213599],[-84.465162,39.213466],[-84.465679,39.213554],[-84.465641,39.213688],[-84.465125,39.213599]]]}},{"type":"Feature","properties":{"pid":"024500050130"},"geometry":{"type":"Polygon","coordinates":[[[-84.465162,39.213466],[-84.465216,39.213279],[-84.465757,39.213288],[-84.465679,39.213554],[-84.465162,39.213466]]]}},{"type":"Feature","properties":{"pid":"024500050132"},"geometry":{"type":"Polygon","coordinates":[[[-84.464186,39.21498],[-84.464223,39.214846],[-84.464742,39.214935],[-84.464702,39.215067],[-84.464186,39.21498]]]}},{"type":"Feature","properties":{"pid":"024500050133"},"geometry":{"type":"Polygon","coordinates":[[[-84.464223,39.214846],[-84.464262,39.214712],[-84.464779,39.214801],[-84.464742,39.214935],[-84.464223,39.214846]]]}},{"type":"Feature","properties":{"pid":"024500050134"},"geometry":{"type":"Polygon","coordinates":[[[-84.464262,39.214712],[-84.4643,39.214579],[-84.464817,39.214667],[-84.464779,39.214801],[-84.464262,39.214712]]]}},{"type":"Feature","properties":{"pid":"024500050139"},"geometry":{"type":"Polygon","coordinates":[[[-84.464455,39.214044],[-84.464491,39.213911],[-84.46501,39.214],[-84.46497,39.214133],[-84.464455,39.214044]]]}},{"type":"Feature","properties":{"pid":"024500050140"},"geometry":{"type":"Polygon","coordinates":[[[-84.464491,39.213911],[-84.464531,39.213778],[-84.465046,39.213866],[-84.46501,39.214],[-84.464491,39.213911]]]}},{"type":"Feature","properties":{"pid":"024500050141"},"geometry":{"type":"Polygon","coordinates":[[[-84.464531,39.213778],[-84.46457,39.213645],[-84.465086,39.213733],[-84.465046,39.213866],[-84.464531,39.213778]]]}},{"type":"Feature","properties":{"pid":"024500050142"},"geometry":{"type":"Polygon","coordinates":[[[-84.46457,39.213645],[-84.464606,39.21351],[-84.465125,39.213599],[-84.465086,39.213733],[-84.46457,39.213645]]]}},{"type":"Feature","properties":{"pid":"024500050143"},"geometry":{"type":"Polygon","coordinates":[[[-84.464606,39.21351],[-84.464646,39.213377],[-84.465162,39.213466],[-84.465125,39.213599],[-84.464606,39.21351]]]}},{"type":"Feature","properties":{"pid":"024500050144"},"geometry":{"type":"Polygon","coordinates":[[[-84.464646,39.213377],[-84.464676,39.213273],[-84.465216,39.213279],[-84.465162,39.213466],[-84.464646,39.213377]]]}},{"type":"Feature","properties":{"pid":"024300040085"},"geometry":{"type":"Polygon","coordinates":[[[-84.466824,39.208716],[-84.466364,39.208625],[-84.466466,39.208425],[-84.466824,39.208716]]]}},{"type":"Feature","properties":{"pid":"024300060005"},"geometry":{"type":"Polygon","coordinates":[[[-84.460683,39.211497],[-84.461843,39.210805],[-84.462536,39.20939],[-84.463436,39.208934],[-84.462821,39.210133],[-84.463075,39.211393],[-84.463192,39.211461],[-84.46312,39.211534],[-84.460683,39.211497]]]}},{"type":"Feature","properties":{"pid":"024300060006"},"geometry":{"type":"Polygon","coordinates":[[[-84.462536,39.20939],[-84.463409,39.207469],[-84.463489,39.207292],[-84.464187,39.208121],[-84.464183,39.2084],[-84.463888,39.208708],[-84.462536,39.20939]]]}},{"type":"Feature","properties":{"pid":"024500060149"},"geometry":{"type":"Polygon","coordinates":[[[-84.469508,39.212842],[-84.469517,39.212744],[-84.470129,39.212754],[-84.47012,39.212851],[-84.469508,39.212842]]]}},{"type":"Feature","properties":{"pid":"024500060151"},"geometry":{"type":"Polygon","coordinates":[[[-84.469599,39.212646],[-84.469854,39.212366],[-84.470005,39.212368],[-84.469979,39.212651],[-84.469599,39.212646]]]}},{"type":"Feature","properties":{"pid":"024300060150"},"geometry":{"type":"Polygon","coordinates":[[[-84.457913,39.211258],[-84.457949,39.210901],[-84.459977,39.210102],[-84.459951,39.210391],[-84.45841,39.211185],[-84.457913,39.211258]]]}},{"type":"Feature","properties":{"pid":"024300060177"},"geometry":{"type":"Polygon","coordinates":[[[-84.457512,39.211441],[-84.457548,39.211251],[-84.457913,39.211258],[-84.45841,39.211185],[-84.460423,39.210735],[-84.461107,39.210389],[-84.462536,39.20939],[-84.461178,39.210868],[-84.460956,39.210663],[-84.460472,39.210883],[-84.458839,39.211468],[-84.457512,39.211441]]]}},{"type":"Feature","properties":{"pid":"024300060190"},"geometry":{"type":"Polygon","coordinates":[[[-84.459943,39.210479],[-84.460812,39.21002],[-84.461631,39.209521],[-84.462933,39.208516],[-84.462536,39.20939],[-84.461107,39.210389],[-84.460423,39.210735],[-84.45991,39.210854],[-84.459943,39.210479]]]}},{"type":"Feature","properties":{"pid":"024500010082"},"geometry":{"type":"Polygon","coordinates":[[[-84.461565,39.217477],[-84.461589,39.217398],[-84.461966,39.217456],[-84.461943,39.217535],[-84.461565,39.217477]]]}},{"type":"Feature","properties":{"pid":"024500010085"},"geometry":{"type":"Polygon","coordinates":[[[-84.462037,39.21722],[-84.462023,39.217265],[-84.461648,39.217203],[-84.46166,39.217161],[-84.462037,39.21722]]]}},{"type":"Feature","properties":{"pid":"024500010086"},"geometry":{"type":"Polygon","coordinates":[[[-84.46166,39.217161],[-84.461685,39.217077],[-84.462062,39.217137],[-84.462037,39.21722],[-84.46166,39.217161]]]}},{"type":"Feature","properties":{"pid":"024500010088"},"geometry":{"type":"Polygon","coordinates":[[[-84.461726,39.216942],[-84.462102,39.217003],[-84.462086,39.217056],[-84.46171,39.216995],[-84.461726,39.216942]]]}},{"type":"Feature","properties":{"pid":"024500010089"},"geometry":{"type":"Polygon","coordinates":[[[-84.462109,39.216981],[-84.461726,39.216942],[-84.461758,39.216837],[-84.462134,39.216896],[-84.462109,39.216981]]]}},{"type":"Feature","properties":{"pid":"024500010091"},"geometry":{"type":"Polygon","coordinates":[[[-84.462159,39.216813],[-84.461783,39.216753],[-84.461818,39.216636],[-84.462194,39.216696],[-84.462159,39.216813]]]}},{"type":"Feature","properties":{"pid":"024500010093"},"geometry":{"type":"Polygon","coordinates":[[[-84.462207,39.216653],[-84.461831,39.216594],[-84.461854,39.216515],[-84.462231,39.216573],[-84.462207,39.216653]]]}},{"type":"Feature","properties":{"pid":"024500010094"},"geometry":{"type":"Polygon","coordinates":[[[-84.461854,39.216515],[-84.461879,39.216433],[-84.462256,39.216488],[-84.462231,39.216573],[-84.461854,39.216515]]]}},{"type":"Feature","properties":{"pid":"024500010095"},"geometry":{"type":"Polygon","coordinates":[[[-84.461915,39.216298],[-84.461939,39.216219],[-84.462324,39.21628],[-84.462297,39.216352],[-84.461915,39.216298]]]}},{"type":"Feature","properties":{"pid":"024500010096"},"geometry":{"type":"Polygon","coordinates":[[[-84.461962,39.216144],[-84.462346,39.216211],[-84.462324,39.21628],[-84.461939,39.216219],[-84.461962,39.216144]]]}},{"type":"Feature","properties":{"pid":"024500010097"},"geometry":{"type":"Polygon","coordinates":[[[-84.462346,39.216211],[-84.461962,39.216144],[-84.46199,39.216052],[-84.462378,39.216116],[-84.462346,39.216211]]]}},{"type":"Feature","properties":{"pid":"024500010098"},"geometry":{"type":"Polygon","coordinates":[[[-84.462378,39.216116],[-84.46199,39.216052],[-84.462015,39.215971],[-84.462402,39.216033],[-84.462378,39.216116]]]}},{"type":"Feature","properties":{"pid":"024500010100"},"geometry":{"type":"Polygon","coordinates":[[[-84.462063,39.215812],[-84.46245,39.215872],[-84.462425,39.215956],[-84.462038,39.215894],[-84.462063,39.215812]]]}},{"type":"Feature","properties":{"pid":"024500010102"},"geometry":{"type":"Polygon","coordinates":[[[-84.462474,39.215793],[-84.462088,39.21573],[-84.462113,39.215649],[-84.462498,39.21571],[-84.462474,39.215793]]]}},{"type":"Feature","properties":{"pid":"024500010104"},"geometry":{"type":"Polygon","coordinates":[[[-84.462547,39.215546],[-84.462522,39.215633],[-84.462137,39.215571],[-84.462162,39.215489],[-84.462547,39.215546]]]}},{"type":"Feature","properties":{"pid":"024500010106"},"geometry":{"type":"Polygon","coordinates":[[[-84.462594,39.21539],[-84.462562,39.215497],[-84.462175,39.215445],[-84.462209,39.215332],[-84.462594,39.21539]]]}},{"type":"Feature","properties":{"pid":"024500010107"},"geometry":{"type":"Polygon","coordinates":[[[-84.462594,39.21539],[-84.462209,39.215332],[-84.462234,39.215251],[-84.462619,39.215307],[-84.462594,39.21539]]]}},{"type":"Feature","properties":{"pid":"024500010109"},"geometry":{"type":"Polygon","coordinates":[[[-84.462644,39.215223],[-84.46226,39.215165],[-84.462284,39.215087],[-84.462667,39.215145],[-84.462644,39.215223]]]}},{"type":"Feature","properties":{"pid":"024500010110"},"geometry":{"type":"Polygon","coordinates":[[[-84.462667,39.215145],[-84.462284,39.215087],[-84.462309,39.215004],[-84.462693,39.21506],[-84.462667,39.215145]]]}},{"type":"Feature","properties":{"pid":"066100020621"},"geometry":{"type":"Polygon","coordinates":[[[-84.482709,39.187007],[-84.482796,39.187029],[-84.482882,39.187469],[-84.482565,39.187394],[-84.482709,39.187007]]]}},{"type":"Feature","properties":{"pid":"024400030017"},"geometry":{"type":"Polygon","coordinates":[[[-84.468887,39.210475],[-84.469063,39.210223],[-84.469593,39.210461],[-84.469427,39.210708],[-84.468887,39.210475]]]}},{"type":"Feature","properties":{"pid":"024400050007"},"geometry":{"type":"Polygon","coordinates":[[[-84.472615,39.212274],[-84.472657,39.211851],[-84.472829,39.211856],[-84.472793,39.212275],[-84.472615,39.212274]]]}},{"type":"Feature","properties":{"pid":"024400050009"},"geometry":{"type":"Polygon","coordinates":[[[-84.472262,39.212267],[-84.472304,39.21184],[-84.47248,39.211845],[-84.47244,39.212271],[-84.472262,39.212267]]]}},{"type":"Feature","properties":{"pid":"024400050010"},"geometry":{"type":"Polygon","coordinates":[[[-84.472085,39.212265],[-84.472125,39.211835],[-84.472304,39.21184],[-84.472262,39.212267],[-84.472085,39.212265]]]}},{"type":"Feature","properties":{"pid":"024400050018"},"geometry":{"type":"Polygon","coordinates":[[[-84.472829,39.211856],[-84.472837,39.211435],[-84.473049,39.211444],[-84.47301,39.21186],[-84.472829,39.211856]]]}},{"type":"Feature","properties":{"pid":"024400050019"},"geometry":{"type":"Polygon","coordinates":[[[-84.472657,39.211851],[-84.472697,39.211428],[-84.472837,39.211435],[-84.472797,39.211855],[-84.472657,39.211851]]]}},{"type":"Feature","properties":{"pid":"024400050021"},"geometry":{"type":"Polygon","coordinates":[[[-84.47248,39.211845],[-84.47252,39.211421],[-84.472697,39.211428],[-84.472657,39.211851],[-84.47248,39.211845]]]}},{"type":"Feature","properties":{"pid":"024400050023"},"geometry":{"type":"Polygon","coordinates":[[[-84.47195,39.211829],[-84.471989,39.211398],[-84.472167,39.211405],[-84.472125,39.211835],[-84.47195,39.211829]]]}},{"type":"Feature","properties":{"pid":"024400050024"},"geometry":{"type":"Polygon","coordinates":[[[-84.471732,39.212258],[-84.471772,39.211824],[-84.47195,39.211829],[-84.471908,39.212261],[-84.471732,39.212258]]]}},{"type":"Feature","properties":{"pid":"024400050025"},"geometry":{"type":"Polygon","coordinates":[[[-84.471553,39.212254],[-84.471596,39.211818],[-84.471772,39.211824],[-84.471732,39.212258],[-84.471553,39.212254]]]}},{"type":"Feature","properties":{"pid":"024400050026"},"geometry":{"type":"Polygon","coordinates":[[[-84.471377,39.212251],[-84.4714,39.211812],[-84.471596,39.211818],[-84.471553,39.212254],[-84.471377,39.212251]]]}},{"type":"Feature","properties":{"pid":"024400050027"},"geometry":{"type":"Polygon","coordinates":[[[-84.4712,39.212248],[-84.471242,39.211807],[-84.4714,39.211812],[-84.471377,39.212251],[-84.4712,39.212248]]]}},{"type":"Feature","properties":{"pid":"024400050030"},"geometry":{"type":"Polygon","coordinates":[[[-84.470794,39.21224],[-84.47067,39.212237],[-84.470711,39.211791],[-84.470888,39.211797],[-84.47085,39.212202],[-84.470794,39.21224]]]}},{"type":"Feature","properties":{"pid":"024400050031"},"geometry":{"type":"Polygon","coordinates":[[[-84.470492,39.212234],[-84.470535,39.211786],[-84.470711,39.211791],[-84.47067,39.212237],[-84.470492,39.212234]]]}},{"type":"Feature","properties":{"pid":"024400050033"},"geometry":{"type":"Polygon","coordinates":[[[-84.471772,39.211824],[-84.471814,39.211391],[-84.471989,39.211398],[-84.47195,39.211829],[-84.471772,39.211824]]]}},{"type":"Feature","properties":{"pid":"024400050034"},"geometry":{"type":"Polygon","coordinates":[[[-84.471596,39.211818],[-84.471636,39.211384],[-84.471814,39.211391],[-84.471772,39.211824],[-84.471596,39.211818]]]}},{"type":"Feature","properties":{"pid":"024400050035"},"geometry":{"type":"Polygon","coordinates":[[[-84.471419,39.211813],[-84.47146,39.211375],[-84.471636,39.211384],[-84.471596,39.211818],[-84.471419,39.211813]]]}},{"type":"Feature","properties":{"pid":"024400050036"},"geometry":{"type":"Polygon","coordinates":[[[-84.4714,39.211812],[-84.471242,39.211807],[-84.471283,39.211368],[-84.47146,39.211375],[-84.4714,39.211812]]]}},{"type":"Feature","properties":{"pid":"024400050037"},"geometry":{"type":"Polygon","coordinates":[[[-84.471065,39.211802],[-84.471107,39.21136],[-84.471283,39.211368],[-84.471242,39.211807],[-84.471065,39.211802]]]}},{"type":"Feature","properties":{"pid":"024400050045"},"geometry":{"type":"Polygon","coordinates":[[[-84.473204,39.211313],[-84.473243,39.210897],[-84.473419,39.210906],[-84.47338,39.21132],[-84.473204,39.211313]]]}},{"type":"Feature","properties":{"pid":"066100020629"},"geometry":{"type":"Polygon","coordinates":[[[-84.483041,39.186731],[-84.482796,39.187029],[-84.482709,39.187007],[-84.482869,39.186542],[-84.483126,39.186608],[-84.483075,39.186739],[-84.483041,39.186731]]]}},{"type":"Feature","properties":{"pid":"066100020630"},"geometry":{"type":"Polygon","coordinates":[[[-84.483129,39.186753],[-84.483269,39.18715],[-84.482796,39.187029],[-84.483041,39.186731],[-84.483129,39.186753]]]}},{"type":"Feature","properties":{"pid":"066100020582"},"geometry":{"type":"Polygon","coordinates":[[[-84.482902,39.187418],[-84.482796,39.187029],[-84.48303,39.187089],[-84.483114,39.187313],[-84.483053,39.187456],[-84.482902,39.187418]]]}},{"type":"Feature","properties":{"pid":"024400050051"},"geometry":{"type":"Polygon","coordinates":[[[-84.472321,39.211275],[-84.472362,39.210845],[-84.472536,39.210856],[-84.472496,39.211282],[-84.472321,39.211275]]]}},{"type":"Feature","properties":{"pid":"024400050052"},"geometry":{"type":"Polygon","coordinates":[[[-84.472143,39.211267],[-84.472185,39.210836],[-84.472362,39.210845],[-84.472321,39.211275],[-84.472143,39.211267]]]}},{"type":"Feature","properties":{"pid":"024400050053"},"geometry":{"type":"Polygon","coordinates":[[[-84.471967,39.211259],[-84.472009,39.210826],[-84.472185,39.210836],[-84.472143,39.211267],[-84.471967,39.211259]]]}},{"type":"Feature","properties":{"pid":"024400050054"},"geometry":{"type":"Polygon","coordinates":[[[-84.471791,39.211252],[-84.471832,39.210816],[-84.472009,39.210826],[-84.471967,39.211259],[-84.471791,39.211252]]]}},{"type":"Feature","properties":{"pid":"024400050055"},"geometry":{"type":"Polygon","coordinates":[[[-84.471614,39.211244],[-84.471656,39.210806],[-84.471832,39.210816],[-84.471791,39.211252],[-84.471614,39.211244]]]}},{"type":"Feature","properties":{"pid":"024400050056"},"geometry":{"type":"Polygon","coordinates":[[[-84.471439,39.211236],[-84.47148,39.210796],[-84.471656,39.210806],[-84.471614,39.211244],[-84.471439,39.211236]]]}},{"type":"Feature","properties":{"pid":"024400050068"},"geometry":{"type":"Polygon","coordinates":[[[-84.472574,39.210858],[-84.472362,39.210845],[-84.472402,39.21042],[-84.472614,39.210434],[-84.472574,39.210858]]]}},{"type":"Feature","properties":{"pid":"024400050070"},"geometry":{"type":"Polygon","coordinates":[[[-84.47206,39.210829],[-84.472102,39.210399],[-84.472227,39.210408],[-84.472185,39.210836],[-84.47206,39.210829]]]}},{"type":"Feature","properties":{"pid":"024400050076"},"geometry":{"type":"Polygon","coordinates":[[[-84.471832,39.210816],[-84.471873,39.210383],[-84.471979,39.210391],[-84.471939,39.210822],[-84.471832,39.210816]]]}},{"type":"Feature","properties":{"pid":"024400050079"},"geometry":{"type":"Polygon","coordinates":[[[-84.470888,39.211797],[-84.470535,39.211786],[-84.470431,39.211782],[-84.470572,39.211634],[-84.470902,39.211646],[-84.470888,39.211797]]]}},{"type":"Feature","properties":{"pid":"024500010001"},"geometry":{"type":"Polygon","coordinates":[[[-84.464282,39.217793],[-84.464365,39.217503],[-84.464537,39.217532],[-84.464463,39.217792],[-84.464282,39.217793]]]}},{"type":"Feature","properties":{"pid":"024500010002"},"geometry":{"type":"Polygon","coordinates":[[[-84.464537,39.217532],[-84.464019,39.217446],[-84.464059,39.217312],[-84.464575,39.217399],[-84.464537,39.217532]]]}},{"type":"Feature","properties":{"pid":"024500010003"},"geometry":{"type":"Polygon","coordinates":[[[-84.464282,39.217793],[-84.46392,39.217794],[-84.464019,39.217446],[-84.464365,39.217503],[-84.464282,39.217793]]]}},{"type":"Feature","properties":{"pid":"024500010007"},"geometry":{"type":"Polygon","coordinates":[[[-84.464575,39.217399],[-84.464059,39.217312],[-84.464095,39.217177],[-84.464615,39.217265],[-84.464575,39.217399]]]}},{"type":"Feature","properties":{"pid":"024500010008"},"geometry":{"type":"Polygon","coordinates":[[[-84.464095,39.217177],[-84.464149,39.216997],[-84.464666,39.217083],[-84.464615,39.217265],[-84.464095,39.217177]]]}},{"type":"Feature","properties":{"pid":"024500010009"},"geometry":{"type":"Polygon","coordinates":[[[-84.464149,39.216997],[-84.464174,39.216912],[-84.464691,39.216999],[-84.464666,39.217083],[-84.464149,39.216997]]]}},{"type":"Feature","properties":{"pid":"024500010010"},"geometry":{"type":"Polygon","coordinates":[[[-84.464174,39.216912],[-84.464211,39.216777],[-84.46473,39.216864],[-84.464691,39.216999],[-84.464174,39.216912]]]}},{"type":"Feature","properties":{"pid":"024500010011"},"geometry":{"type":"Polygon","coordinates":[[[-84.464211,39.216777],[-84.46425,39.216644],[-84.464768,39.216731],[-84.46473,39.216864],[-84.464211,39.216777]]]}},{"type":"Feature","properties":{"pid":"024500010012"},"geometry":{"type":"Polygon","coordinates":[[[-84.46425,39.216644],[-84.464288,39.21651],[-84.464806,39.216597],[-84.464768,39.216731],[-84.46425,39.216644]]]}},{"type":"Feature","properties":{"pid":"024500010013"},"geometry":{"type":"Polygon","coordinates":[[[-84.464288,39.21651],[-84.464326,39.216377],[-84.464844,39.216464],[-84.464806,39.216597],[-84.464288,39.21651]]]}},{"type":"Feature","properties":{"pid":"024500010014"},"geometry":{"type":"Polygon","coordinates":[[[-84.464326,39.216377],[-84.464365,39.216243],[-84.464883,39.216331],[-84.464844,39.216464],[-84.464326,39.216377]]]}},{"type":"Feature","properties":{"pid":"024500010020"},"geometry":{"type":"Polygon","coordinates":[[[-84.464558,39.215575],[-84.464596,39.215441],[-84.465113,39.21553],[-84.465074,39.215664],[-84.464558,39.215575]]]}},{"type":"Feature","properties":{"pid":"024500010021"},"geometry":{"type":"Polygon","coordinates":[[[-84.464596,39.215441],[-84.464646,39.215266],[-84.465186,39.215272],[-84.465113,39.21553],[-84.464596,39.215441]]]}},{"type":"Feature","properties":{"pid":"024500010022"},"geometry":{"type":"Polygon","coordinates":[[[-84.463541,39.217226],[-84.463579,39.217092],[-84.464095,39.217177],[-84.464059,39.217312],[-84.463541,39.217226]]]}},{"type":"Feature","properties":{"pid":"024500010023"},"geometry":{"type":"Polygon","coordinates":[[[-84.463579,39.217092],[-84.463618,39.216958],[-84.464135,39.217045],[-84.464095,39.217177],[-84.463579,39.217092]]]}},{"type":"Feature","properties":{"pid":"024500010025"},"geometry":{"type":"Polygon","coordinates":[[[-84.463655,39.216824],[-84.463694,39.21669],[-84.464211,39.216777],[-84.464174,39.216912],[-84.463655,39.216824]]]}},{"type":"Feature","properties":{"pid":"024500010027"},"geometry":{"type":"Polygon","coordinates":[[[-84.463733,39.216555],[-84.46377,39.216423],[-84.464288,39.21651],[-84.46425,39.216644],[-84.463733,39.216555]]]}},{"type":"Feature","properties":{"pid":"024500010029"},"geometry":{"type":"Polygon","coordinates":[[[-84.463809,39.216289],[-84.463848,39.216155],[-84.464365,39.216243],[-84.464326,39.216377],[-84.463809,39.216289]]]}},{"type":"Feature","properties":{"pid":"024200010002"},"geometry":{"type":"Polygon","coordinates":[[[-84.475059,39.201626],[-84.4726,39.200474],[-84.47273,39.200337],[-84.47372,39.199745],[-84.475183,39.200366],[-84.475059,39.201626]]]}},{"type":"Feature","properties":{"pid":"024200010003"},"geometry":{"type":"Polygon","coordinates":[[[-84.472295,39.20081],[-84.4726,39.200474],[-84.472994,39.200658],[-84.472689,39.200995],[-84.472295,39.20081]]]}},{"type":"Feature","properties":{"pid":"024200010016"},"geometry":{"type":"Polygon","coordinates":[[[-84.472077,39.200319],[-84.472195,39.200202],[-84.47255,39.200302],[-84.472437,39.200428],[-84.472077,39.200319]]]}},{"type":"Feature","properties":{"pid":"024500010035"},"geometry":{"type":"Polygon","coordinates":[[[-84.464427,39.215553],[-84.46446,39.215418],[-84.464596,39.215441],[-84.464558,39.215575],[-84.464427,39.215553]]]}},{"type":"Feature","properties":{"pid":"024500010042"},"geometry":{"type":"Polygon","coordinates":[[[-84.462849,39.217112],[-84.46289,39.216978],[-84.463405,39.217066],[-84.463367,39.2172],[-84.462849,39.217112]]]}},{"type":"Feature","properties":{"pid":"024500010051"},"geometry":{"type":"Polygon","coordinates":[[[-84.463157,39.21604],[-84.463196,39.215907],[-84.463712,39.215995],[-84.463676,39.216128],[-84.463157,39.21604]]]}},{"type":"Feature","properties":{"pid":"024500010052"},"geometry":{"type":"Polygon","coordinates":[[[-84.463196,39.215907],[-84.463234,39.215773],[-84.463752,39.21586],[-84.463712,39.215995],[-84.463196,39.215907]]]}},{"type":"Feature","properties":{"pid":"024500010055"},"geometry":{"type":"Polygon","coordinates":[[[-84.463312,39.215505],[-84.46335,39.215372],[-84.463867,39.21546],[-84.463828,39.215594],[-84.463312,39.215505]]]}},{"type":"Feature","properties":{"pid":"024500010056"},"geometry":{"type":"Polygon","coordinates":[[[-84.46335,39.215372],[-84.463385,39.21525],[-84.463925,39.215256],[-84.463867,39.21546],[-84.46335,39.215372]]]}},{"type":"Feature","properties":{"pid":"024500010064"},"geometry":{"type":"Polygon","coordinates":[[[-84.462287,39.217111],[-84.462314,39.217022],[-84.462849,39.217112],[-84.462824,39.217202],[-84.462287,39.217111]]]}},{"type":"Feature","properties":{"pid":"024500010065"},"geometry":{"type":"Polygon","coordinates":[[[-84.462314,39.217022],[-84.462354,39.216887],[-84.46289,39.216978],[-84.462849,39.217112],[-84.462314,39.217022]]]}},{"type":"Feature","properties":{"pid":"024500010066"},"geometry":{"type":"Polygon","coordinates":[[[-84.462354,39.216887],[-84.462394,39.216753],[-84.46293,39.216845],[-84.46289,39.216978],[-84.462354,39.216887]]]}},{"type":"Feature","properties":{"pid":"024500010073"},"geometry":{"type":"Polygon","coordinates":[[[-84.462631,39.215951],[-84.46267,39.215817],[-84.463196,39.215907],[-84.463157,39.21604],[-84.462631,39.215951]]]}},{"type":"Feature","properties":{"pid":"024500010074"},"geometry":{"type":"Polygon","coordinates":[[[-84.46267,39.215817],[-84.46271,39.215683],[-84.463234,39.215773],[-84.463196,39.215907],[-84.46267,39.215817]]]}},{"type":"Feature","properties":{"pid":"024500010075"},"geometry":{"type":"Polygon","coordinates":[[[-84.46271,39.215683],[-84.46275,39.21555],[-84.463272,39.21564],[-84.463234,39.215773],[-84.46271,39.215683]]]}},{"type":"Feature","properties":{"pid":"024500010076"},"geometry":{"type":"Polygon","coordinates":[[[-84.46275,39.21555],[-84.46279,39.215416],[-84.463312,39.215505],[-84.463272,39.21564],[-84.46275,39.21555]]]}},{"type":"Feature","properties":{"pid":"024500010077"},"geometry":{"type":"Polygon","coordinates":[[[-84.46279,39.215416],[-84.462842,39.215242],[-84.463385,39.21525],[-84.463312,39.215505],[-84.46279,39.215416]]]}},{"type":"Feature","properties":{"pid":"024200010025"},"geometry":{"type":"Polygon","coordinates":[[[-84.472155,39.200743],[-84.471842,39.20055],[-84.472077,39.200319],[-84.472437,39.200428],[-84.472155,39.200743]]]}},{"type":"Feature","properties":{"pid":"024200020001"},"geometry":{"type":"Polygon","coordinates":[[[-84.475126,39.200002],[-84.475213,39.199878],[-84.475247,39.199893],[-84.475225,39.200045],[-84.475126,39.200002]]]}},{"type":"Feature","properties":{"pid":"024200020005"},"geometry":{"type":"Polygon","coordinates":[[[-84.474522,39.199898],[-84.474691,39.199657],[-84.474799,39.199703],[-84.47463,39.199944],[-84.474522,39.199898]]]}},{"type":"Feature","properties":{"pid":"024200020006"},"geometry":{"type":"Polygon","coordinates":[[[-84.474522,39.199898],[-84.474398,39.199845],[-84.474567,39.199604],[-84.474691,39.199657],[-84.474522,39.199898]]]}},{"type":"Feature","properties":{"pid":"024200020010"},"geometry":{"type":"Polygon","coordinates":[[[-84.474398,39.199845],[-84.474181,39.199753],[-84.473902,39.199635],[-84.47404,39.199552],[-84.474474,39.199737],[-84.474398,39.199845]]]}},{"type":"Feature","properties":{"pid":"024200020011"},"geometry":{"type":"Polygon","coordinates":[[[-84.475247,39.199893],[-84.474668,39.199647],[-84.474767,39.199506],[-84.475276,39.199698],[-84.475247,39.199893]]]}},{"type":"Feature","properties":{"pid":"024200020013"},"geometry":{"type":"Polygon","coordinates":[[[-84.474905,39.19944],[-84.474975,39.199348],[-84.475359,39.199493],[-84.475318,39.199596],[-84.474905,39.19944]]]}},{"type":"Feature","properties":{"pid":"024200020014"},"geometry":{"type":"Polygon","coordinates":[[[-84.474668,39.199647],[-84.474226,39.199459],[-84.474208,39.199451],[-84.474386,39.199344],[-84.474767,39.199506],[-84.474668,39.199647]]]}},{"type":"Feature","properties":{"pid":"024200020015"},"geometry":{"type":"Polygon","coordinates":[[[-84.474767,39.199506],[-84.474386,39.199344],[-84.474498,39.199277],[-84.474845,39.199425],[-84.474767,39.199506]]]}},{"type":"Feature","properties":{"pid":"024200020016"},"geometry":{"type":"Polygon","coordinates":[[[-84.474899,39.199448],[-84.474498,39.199277],[-84.47461,39.19921],[-84.474975,39.199348],[-84.474899,39.199448]]]}},{"type":"Feature","properties":{"pid":"024200020017"},"geometry":{"type":"Polygon","coordinates":[[[-84.475005,39.199359],[-84.475063,39.199268],[-84.475397,39.199399],[-84.475359,39.199493],[-84.475005,39.199359]]]}},{"type":"Feature","properties":{"pid":"024200020018"},"geometry":{"type":"Polygon","coordinates":[[[-84.474609,39.199206],[-84.474729,39.199146],[-84.475063,39.199268],[-84.475005,39.199359],[-84.474609,39.199206]]]}},{"type":"Feature","properties":{"pid":"024200020020"},"geometry":{"type":"Polygon","coordinates":[[[-84.475063,39.199268],[-84.474729,39.199146],[-84.474839,39.199072],[-84.475141,39.19919],[-84.475063,39.199268]]]}},{"type":"Feature","properties":{"pid":"024200020021"},"geometry":{"type":"Polygon","coordinates":[[[-84.475141,39.19919],[-84.475221,39.199098],[-84.475472,39.19921],[-84.475435,39.199304],[-84.475141,39.19919]]]}},{"type":"Feature","properties":{"pid":"024200020022"},"geometry":{"type":"Polygon","coordinates":[[[-84.474839,39.199072],[-84.474977,39.198989],[-84.475221,39.199098],[-84.475141,39.19919],[-84.474839,39.199072]]]}},{"type":"Feature","properties":{"pid":"024200020023"},"geometry":{"type":"Polygon","coordinates":[[[-84.475472,39.19921],[-84.474977,39.198989],[-84.47531,39.19879],[-84.475347,39.198821],[-84.475309,39.198896],[-84.475373,39.198962],[-84.475548,39.199022],[-84.475472,39.19921]]]}},{"type":"Feature","properties":{"pid":"024200020025"},"geometry":{"type":"Polygon","coordinates":[[[-84.472634,39.200031],[-84.47276,39.199912],[-84.472948,39.200034],[-84.472781,39.200134],[-84.472634,39.200031]]]}},{"type":"Feature","properties":{"pid":"024200020026"},"geometry":{"type":"Polygon","coordinates":[[[-84.472726,39.199818],[-84.47285,39.199703],[-84.473164,39.199904],[-84.473006,39.199999],[-84.472726,39.199818]]]}},{"type":"Feature","properties":{"pid":"024200020027"},"geometry":{"type":"Polygon","coordinates":[[[-84.47285,39.199703],[-84.472963,39.199597],[-84.473307,39.199819],[-84.473164,39.199904],[-84.47285,39.199703]]]}},{"type":"Feature","properties":{"pid":"024200020028"},"geometry":{"type":"Polygon","coordinates":[[[-84.472963,39.199597],[-84.473156,39.199417],[-84.473525,39.199689],[-84.473307,39.199819],[-84.472963,39.199597]]]}},{"type":"Feature","properties":{"pid":"024200020031"},"geometry":{"type":"Polygon","coordinates":[[[-84.473416,39.199421],[-84.473505,39.199339],[-84.473793,39.199526],[-84.473682,39.199594],[-84.473416,39.199421]]]}},{"type":"Feature","properties":{"pid":"024200020032"},"geometry":{"type":"Polygon","coordinates":[[[-84.473793,39.199526],[-84.473522,39.199323],[-84.473815,39.199514],[-84.473793,39.199526]]]}},{"type":"Feature","properties":{"pid":"024200020033"},"geometry":{"type":"Polygon","coordinates":[[[-84.473595,39.199254],[-84.473685,39.19917],[-84.474023,39.199389],[-84.473909,39.199457],[-84.473595,39.199254]]]}},{"type":"Feature","properties":{"pid":"024200020034"},"geometry":{"type":"Polygon","coordinates":[[[-84.474167,39.199303],[-84.473859,39.199103],[-84.473938,39.199029],[-84.474268,39.199243],[-84.474167,39.199303]]]}},{"type":"Feature","properties":{"pid":"024200020035"},"geometry":{"type":"Polygon","coordinates":[[[-84.474268,39.199243],[-84.473938,39.199029],[-84.474017,39.198955],[-84.474368,39.199182],[-84.474268,39.199243]]]}},{"type":"Feature","properties":{"pid":"024200020036"},"geometry":{"type":"Polygon","coordinates":[[[-84.474368,39.199182],[-84.474017,39.198955],[-84.474096,39.198881],[-84.474468,39.199122],[-84.474368,39.199182]]]}},{"type":"Feature","properties":{"pid":"024200020037"},"geometry":{"type":"Polygon","coordinates":[[[-84.473671,39.199107],[-84.473987,39.198811],[-84.474096,39.198881],[-84.473779,39.199177],[-84.473671,39.199107]]]}},{"type":"Feature","properties":{"pid":"024200020038"},"geometry":{"type":"Polygon","coordinates":[[[-84.473562,39.199037],[-84.473878,39.198741],[-84.473987,39.198811],[-84.473671,39.199107],[-84.473562,39.199037]]]}},{"type":"Feature","properties":{"pid":"024200020040"},"geometry":{"type":"Polygon","coordinates":[[[-84.474425,39.198916],[-84.474508,39.198839],[-84.474617,39.198909],[-84.474534,39.198987],[-84.474425,39.198916]]]}},{"type":"Feature","properties":{"pid":"024200020042"},"geometry":{"type":"Polygon","coordinates":[[[-84.474209,39.198776],[-84.474534,39.198472],[-84.474642,39.198541],[-84.474317,39.198846],[-84.474209,39.198776]]]}},{"type":"Feature","properties":{"pid":"024200020043"},"geometry":{"type":"Polygon","coordinates":[[[-84.4741,39.198705],[-84.474426,39.198401],[-84.474534,39.198472],[-84.474209,39.198776],[-84.4741,39.198705]]]}},{"type":"Feature","properties":{"pid":"024200020044"},"geometry":{"type":"Polygon","coordinates":[[[-84.473991,39.198635],[-84.474318,39.198331],[-84.474426,39.198401],[-84.4741,39.198705],[-84.473991,39.198635]]]}},{"type":"Feature","properties":{"pid":"024200020045"},"geometry":{"type":"Polygon","coordinates":[[[-84.474708,39.198526],[-84.474819,39.198428],[-84.475213,39.198675],[-84.475069,39.198761],[-84.474708,39.198526]]]}},{"type":"Feature","properties":{"pid":"024200020047"},"geometry":{"type":"Polygon","coordinates":[[[-84.474622,39.198471],[-84.474942,39.198188],[-84.475037,39.198248],[-84.474708,39.198526],[-84.474622,39.198471]]]}},{"type":"Feature","properties":{"pid":"024200020048"},"geometry":{"type":"Polygon","coordinates":[[[-84.474355,39.198297],[-84.474663,39.19801],[-84.474848,39.198128],[-84.474529,39.19841],[-84.474355,39.198297]]]}},{"type":"Feature","properties":{"pid":"024200020064"},"geometry":{"type":"Polygon","coordinates":[[[-84.47463,39.199944],[-84.474799,39.199703],[-84.474908,39.199749],[-84.474739,39.19999],[-84.47463,39.199944]]]}},{"type":"Feature","properties":{"pid":"024200020065"},"geometry":{"type":"Polygon","coordinates":[[[-84.474926,39.198848],[-84.474566,39.198613],[-84.474642,39.198541],[-84.475023,39.198789],[-84.474926,39.198848]]]}},{"type":"Feature","properties":{"pid":"024200020066"},"geometry":{"type":"Polygon","coordinates":[[[-84.474716,39.198974],[-84.4744,39.198769],[-84.474483,39.198691],[-84.474821,39.198911],[-84.474716,39.198974]]]}},{"type":"Feature","properties":{"pid":"024200020067"},"geometry":{"type":"Polygon","coordinates":[[[-84.474821,39.198911],[-84.474483,39.198691],[-84.474566,39.198613],[-84.474926,39.198848],[-84.474821,39.198911]]]}},{"type":"Feature","properties":{"pid":"024200020068"},"geometry":{"type":"Polygon","coordinates":[[[-84.474066,39.199363],[-84.473779,39.199177],[-84.473859,39.199103],[-84.474167,39.199303],[-84.474066,39.199363]]]}},{"type":"Feature","properties":{"pid":"024500010173"},"geometry":{"type":"Polygon","coordinates":[[[-84.464039,39.215487],[-84.464106,39.215258],[-84.464506,39.215264],[-84.464427,39.215553],[-84.464039,39.215487]]]}},{"type":"Feature","properties":{"pid":"059000710009"},"geometry":{"type":"Polygon","coordinates":[[[-84.482381,39.210435],[-84.482422,39.210019],[-84.482597,39.210035],[-84.482556,39.210451],[-84.482381,39.210435]]]}},{"type":"Feature","properties":{"pid":"059000710010"},"geometry":{"type":"Polygon","coordinates":[[[-84.482206,39.21042],[-84.482247,39.210003],[-84.482422,39.210019],[-84.482381,39.210435],[-84.482206,39.21042]]]}},{"type":"Feature","properties":{"pid":"059000710011"},"geometry":{"type":"Polygon","coordinates":[[[-84.482031,39.210404],[-84.482072,39.209987],[-84.482247,39.210003],[-84.482206,39.21042],[-84.482031,39.210404]]]}},{"type":"Feature","properties":{"pid":"059000710012"},"geometry":{"type":"Polygon","coordinates":[[[-84.481856,39.210388],[-84.481897,39.209971],[-84.482072,39.209987],[-84.482031,39.210404],[-84.481856,39.210388]]]}},{"type":"Feature","properties":{"pid":"059000710013"},"geometry":{"type":"Polygon","coordinates":[[[-84.481681,39.210372],[-84.481722,39.209955],[-84.481897,39.209971],[-84.481856,39.210388],[-84.481681,39.210372]]]}},{"type":"Feature","properties":{"pid":"059000710014"},"geometry":{"type":"Polygon","coordinates":[[[-84.481506,39.210356],[-84.481547,39.209939],[-84.481722,39.209955],[-84.481681,39.210372],[-84.481506,39.210356]]]}},{"type":"Feature","properties":{"pid":"059000710015"},"geometry":{"type":"Polygon","coordinates":[[[-84.481331,39.21034],[-84.481372,39.209923],[-84.481547,39.209939],[-84.481506,39.210356],[-84.481331,39.21034]]]}},{"type":"Feature","properties":{"pid":"059000710016"},"geometry":{"type":"Polygon","coordinates":[[[-84.481156,39.210324],[-84.481197,39.209908],[-84.481372,39.209923],[-84.481331,39.21034],[-84.481156,39.210324]]]}},{"type":"Feature","properties":{"pid":"059000710017"},"geometry":{"type":"Polygon","coordinates":[[[-84.48098,39.210308],[-84.481021,39.209892],[-84.481197,39.209908],[-84.481156,39.210324],[-84.48098,39.210308]]]}},{"type":"Feature","properties":{"pid":"059000710021"},"geometry":{"type":"Polygon","coordinates":[[[-84.480846,39.209876],[-84.480887,39.209459],[-84.481062,39.209475],[-84.481021,39.209892],[-84.480846,39.209876]]]}},{"type":"Feature","properties":{"pid":"059000710022"},"geometry":{"type":"Polygon","coordinates":[[[-84.481021,39.209892],[-84.481062,39.209475],[-84.481238,39.209491],[-84.481197,39.209908],[-84.481021,39.209892]]]}},{"type":"Feature","properties":{"pid":"059000710023"},"geometry":{"type":"Polygon","coordinates":[[[-84.481197,39.209908],[-84.481238,39.209491],[-84.481413,39.209507],[-84.481372,39.209923],[-84.481197,39.209908]]]}},{"type":"Feature","properties":{"pid":"024200020087"},"geometry":{"type":"Polygon","coordinates":[[[-84.475373,39.198962],[-84.475309,39.198896],[-84.475347,39.198821],[-84.47531,39.19879],[-84.475785,39.198505],[-84.475548,39.199022],[-84.475373,39.198962]]]}},{"type":"Feature","properties":{"pid":"024200020090"},"geometry":{"type":"Polygon","coordinates":[[[-84.474529,39.19841],[-84.474848,39.198128],[-84.474942,39.198188],[-84.474622,39.198471],[-84.474529,39.19841]]]}},{"type":"Feature","properties":{"pid":"024200020091"},"geometry":{"type":"Polygon","coordinates":[[[-84.472683,39.200193],[-84.472372,39.200105],[-84.472529,39.19996],[-84.472781,39.200134],[-84.472683,39.200193]]]}},{"type":"Feature","properties":{"pid":"024200020096"},"geometry":{"type":"Polygon","coordinates":[[[-84.473319,39.199537],[-84.473416,39.199421],[-84.473682,39.199594],[-84.473525,39.199689],[-84.473319,39.199537]]]}},{"type":"Feature","properties":{"pid":"024200020097"},"geometry":{"type":"Polygon","coordinates":[[[-84.473522,39.199323],[-84.473414,39.199424],[-84.473312,39.199357],[-84.473583,39.199104],[-84.473685,39.19917],[-84.473595,39.199254],[-84.473909,39.199457],[-84.473815,39.199514],[-84.473522,39.199323]]]}},{"type":"Feature","properties":{"pid":"024200030003"},"geometry":{"type":"Polygon","coordinates":[[[-84.47548,39.199756],[-84.475556,39.199569],[-84.475918,39.199805],[-84.475769,39.199944],[-84.47548,39.199756]]]}},{"type":"Feature","properties":{"pid":"024200030004"},"geometry":{"type":"Polygon","coordinates":[[[-84.475556,39.199569],[-84.475631,39.199382],[-84.476067,39.199666],[-84.475918,39.199805],[-84.475556,39.199569]]]}},{"type":"Feature","properties":{"pid":"024200030006"},"geometry":{"type":"Polygon","coordinates":[[[-84.476031,39.199406],[-84.476178,39.199265],[-84.476366,39.199388],[-84.476217,39.199527],[-84.476031,39.199406]]]}},{"type":"Feature","properties":{"pid":"024200030007"},"geometry":{"type":"Polygon","coordinates":[[[-84.476178,39.199265],[-84.47629,39.199159],[-84.476479,39.199282],[-84.476366,39.199388],[-84.476178,39.199265]]]}},{"type":"Feature","properties":{"pid":"024200030008"},"geometry":{"type":"Polygon","coordinates":[[[-84.475902,39.198792],[-84.475971,39.198658],[-84.476259,39.198845],[-84.476146,39.198951],[-84.475902,39.198792]]]}},{"type":"Feature","properties":{"pid":"024200030009"},"geometry":{"type":"Polygon","coordinates":[[[-84.476146,39.198951],[-84.476259,39.198845],[-84.476665,39.19911],[-84.476552,39.199215],[-84.476146,39.198951]]]}},{"type":"Feature","properties":{"pid":"024200030010"},"geometry":{"type":"Polygon","coordinates":[[[-84.475971,39.198658],[-84.476062,39.198481],[-84.476408,39.198706],[-84.476259,39.198845],[-84.475971,39.198658]]]}},{"type":"Feature","properties":{"pid":"024200030011"},"geometry":{"type":"Polygon","coordinates":[[[-84.476259,39.198845],[-84.476408,39.198706],[-84.476814,39.198971],[-84.476665,39.19911],[-84.476259,39.198845]]]}},{"type":"Feature","properties":{"pid":"024200030013"},"geometry":{"type":"Polygon","coordinates":[[[-84.476408,39.198706],[-84.476557,39.198567],[-84.476964,39.198832],[-84.476814,39.198971],[-84.476408,39.198706]]]}},{"type":"Feature","properties":{"pid":"024200030015"},"geometry":{"type":"Polygon","coordinates":[[[-84.476557,39.198567],[-84.476707,39.198428],[-84.477113,39.198693],[-84.476964,39.198832],[-84.476557,39.198567]]]}},{"type":"Feature","properties":{"pid":"024200030016"},"geometry":{"type":"Polygon","coordinates":[[[-84.476707,39.198428],[-84.476856,39.198289],[-84.477262,39.198553],[-84.477113,39.198693],[-84.476707,39.198428]]]}},{"type":"Feature","properties":{"pid":"024200030020"},"geometry":{"type":"Polygon","coordinates":[[[-84.476856,39.198289],[-84.476949,39.198203],[-84.477355,39.198467],[-84.477262,39.198553],[-84.476856,39.198289]]]}},{"type":"Feature","properties":{"pid":"024200030024"},"geometry":{"type":"Polygon","coordinates":[[[-84.47833,39.202704],[-84.476529,39.202512],[-84.476639,39.201397],[-84.476881,39.201407],[-84.476891,39.201298],[-84.477358,39.201317],[-84.47884,39.202163],[-84.47833,39.202704]]]}},{"type":"Feature","properties":{"pid":"024200030026"},"geometry":{"type":"Polygon","coordinates":[[[-84.479765,39.200635],[-84.479788,39.200212],[-84.479931,39.200218],[-84.4799,39.200641],[-84.479765,39.200635]]]}},{"type":"Feature","properties":{"pid":"024200030027"},"geometry":{"type":"Polygon","coordinates":[[[-84.476706,39.200506],[-84.476738,39.200086],[-84.476869,39.200091],[-84.476847,39.200512],[-84.476706,39.200506]]]}},{"type":"Feature","properties":{"pid":"024200030028"},"geometry":{"type":"Polygon","coordinates":[[[-84.477273,39.20053],[-84.4773,39.200109],[-84.477445,39.200115],[-84.477419,39.200536],[-84.477273,39.20053]]]}},{"type":"Feature","properties":{"pid":"024200030029"},"geometry":{"type":"Polygon","coordinates":[[[-84.476408,39.200494],[-84.476448,39.200074],[-84.476593,39.20008],[-84.476566,39.2005],[-84.476408,39.200494]]]}},{"type":"Feature","properties":{"pid":"024200030030"},"geometry":{"type":"Polygon","coordinates":[[[-84.476408,39.200494],[-84.476252,39.200487],[-84.476292,39.200067],[-84.476448,39.200074],[-84.476408,39.200494]]]}},{"type":"Feature","properties":{"pid":"024200030031"},"geometry":{"type":"Polygon","coordinates":[[[-84.477419,39.200536],[-84.477445,39.200115],[-84.477576,39.200121],[-84.477547,39.200542],[-84.477419,39.200536]]]}},{"type":"Feature","properties":{"pid":"024200030032"},"geometry":{"type":"Polygon","coordinates":[[[-84.477697,39.200548],[-84.477723,39.200127],[-84.477854,39.200133],[-84.477827,39.200554],[-84.477697,39.200548]]]}},{"type":"Feature","properties":{"pid":"024200030033"},"geometry":{"type":"Polygon","coordinates":[[[-84.479923,39.200642],[-84.479954,39.200219],[-84.480072,39.200224],[-84.480044,39.200647],[-84.479923,39.200642]]]}},{"type":"Feature","properties":{"pid":"024200030034"},"geometry":{"type":"Polygon","coordinates":[[[-84.478378,39.200577],[-84.478407,39.200155],[-84.478545,39.200161],[-84.478522,39.200583],[-84.478378,39.200577]]]}},{"type":"Feature","properties":{"pid":"024200030035"},"geometry":{"type":"Polygon","coordinates":[[[-84.476566,39.2005],[-84.476593,39.20008],[-84.476738,39.200086],[-84.476706,39.200506],[-84.476566,39.2005]]]}},{"type":"Feature","properties":{"pid":"024200030036"},"geometry":{"type":"Polygon","coordinates":[[[-84.476847,39.200512],[-84.476869,39.200091],[-84.477014,39.200097],[-84.476985,39.200518],[-84.476847,39.200512]]]}},{"type":"Feature","properties":{"pid":"024200030037"},"geometry":{"type":"Polygon","coordinates":[[[-84.475842,39.200189],[-84.475996,39.200055],[-84.476292,39.200067],[-84.476278,39.200207],[-84.475842,39.200189]]]}},{"type":"Feature","properties":{"pid":"024200030038"},"geometry":{"type":"Polygon","coordinates":[[[-84.47882,39.200596],[-84.478854,39.200174],[-84.478995,39.20018],[-84.478959,39.200601],[-84.47882,39.200596]]]}},{"type":"Feature","properties":{"pid":"024200030039"},"geometry":{"type":"Polygon","coordinates":[[[-84.477547,39.200542],[-84.477576,39.200121],[-84.477723,39.200127],[-84.477697,39.200548],[-84.477547,39.200542]]]}},{"type":"Feature","properties":{"pid":"024200030040"},"geometry":{"type":"Polygon","coordinates":[[[-84.480191,39.200653],[-84.480217,39.20023],[-84.480356,39.200236],[-84.480333,39.200565],[-84.480249,39.200656],[-84.480191,39.200653]]]}},{"type":"Feature","properties":{"pid":"024200030041"},"geometry":{"type":"Polygon","coordinates":[[[-84.478671,39.200589],[-84.478696,39.200167],[-84.478854,39.200174],[-84.47882,39.200596],[-84.478671,39.200589]]]}},{"type":"Feature","properties":{"pid":"024200030042"},"geometry":{"type":"Polygon","coordinates":[[[-84.476985,39.200518],[-84.477014,39.200097],[-84.477157,39.200103],[-84.477132,39.200524],[-84.476985,39.200518]]]}},{"type":"Feature","properties":{"pid":"024200030043"},"geometry":{"type":"Polygon","coordinates":[[[-84.477132,39.200524],[-84.477157,39.200103],[-84.4773,39.200109],[-84.477273,39.20053],[-84.477132,39.200524]]]}},{"type":"Feature","properties":{"pid":"024200030044"},"geometry":{"type":"Polygon","coordinates":[[[-84.478959,39.200601],[-84.478995,39.20018],[-84.479134,39.200185],[-84.4791,39.200607],[-84.478959,39.200601]]]}},{"type":"Feature","properties":{"pid":"024200030045"},"geometry":{"type":"Polygon","coordinates":[[[-84.475687,39.200323],[-84.475842,39.200189],[-84.476278,39.200207],[-84.476265,39.200347],[-84.475687,39.200323]]]}},{"type":"Feature","properties":{"pid":"024200030046"},"geometry":{"type":"Polygon","coordinates":[[[-84.476252,39.200487],[-84.475533,39.200457],[-84.475687,39.200323],[-84.476265,39.200347],[-84.476252,39.200487]]]}},{"type":"Feature","properties":{"pid":"024200030047"},"geometry":{"type":"Polygon","coordinates":[[[-84.4791,39.200607],[-84.479134,39.200185],[-84.479264,39.200191],[-84.479233,39.200613],[-84.4791,39.200607]]]}},{"type":"Feature","properties":{"pid":"024200030048"},"geometry":{"type":"Polygon","coordinates":[[[-84.475706,39.199196],[-84.475846,39.19887],[-84.47629,39.199159],[-84.47603,39.199407],[-84.475706,39.199196]]]}},{"type":"Feature","properties":{"pid":"024200030049"},"geometry":{"type":"Polygon","coordinates":[[[-84.475473,39.199805],[-84.475735,39.199975],[-84.475403,39.200284],[-84.475473,39.199805]]]}},{"type":"Feature","properties":{"pid":"024200030050"},"geometry":{"type":"Polygon","coordinates":[[[-84.475325,39.200929],[-84.475355,39.20061],[-84.475533,39.200457],[-84.476075,39.20048],[-84.47603,39.200959],[-84.475325,39.200929]]]}},{"type":"Feature","properties":{"pid":"024200030051"},"geometry":{"type":"Polygon","coordinates":[[[-84.477827,39.200554],[-84.477854,39.200133],[-84.477987,39.200138],[-84.477959,39.200559],[-84.477827,39.200554]]]}},{"type":"Feature","properties":{"pid":"024200030052"},"geometry":{"type":"Polygon","coordinates":[[[-84.478522,39.200583],[-84.478545,39.200161],[-84.478696,39.200167],[-84.478671,39.200589],[-84.478522,39.200583]]]}},{"type":"Feature","properties":{"pid":"024200030053"},"geometry":{"type":"Polygon","coordinates":[[[-84.478115,39.200566],[-84.478138,39.200144],[-84.478277,39.20015],[-84.478246,39.200571],[-84.478115,39.200566]]]}},{"type":"Feature","properties":{"pid":"024200030054"},"geometry":{"type":"Polygon","coordinates":[[[-84.477959,39.200559],[-84.477987,39.200138],[-84.478138,39.200144],[-84.478115,39.200566],[-84.477959,39.200559]]]}},{"type":"Feature","properties":{"pid":"024200030055"},"geometry":{"type":"Polygon","coordinates":[[[-84.478246,39.200571],[-84.478277,39.20015],[-84.478407,39.200155],[-84.478378,39.200577],[-84.478246,39.200571]]]}},{"type":"Feature","properties":{"pid":"024200030056"},"geometry":{"type":"Polygon","coordinates":[[[-84.479233,39.200613],[-84.479264,39.200191],[-84.479393,39.200196],[-84.479368,39.200619],[-84.479233,39.200613]]]}},{"type":"Feature","properties":{"pid":"024200030057"},"geometry":{"type":"Polygon","coordinates":[[[-84.479368,39.200619],[-84.479393,39.200196],[-84.479534,39.200202],[-84.479504,39.200624],[-84.479368,39.200619]]]}},{"type":"Feature","properties":{"pid":"024200030058"},"geometry":{"type":"Polygon","coordinates":[[[-84.479634,39.20063],[-84.479663,39.200207],[-84.479788,39.200212],[-84.479765,39.200635],[-84.479634,39.20063]]]}},{"type":"Feature","properties":{"pid":"024200030059"},"geometry":{"type":"Polygon","coordinates":[[[-84.479504,39.200624],[-84.479534,39.200202],[-84.479663,39.200207],[-84.479634,39.20063],[-84.479504,39.200624]]]}},{"type":"Feature","properties":{"pid":"024200030060"},"geometry":{"type":"Polygon","coordinates":[[[-84.480073,39.200648],[-84.480072,39.200224],[-84.480217,39.20023],[-84.480191,39.200653],[-84.480073,39.200648]]]}},{"type":"Feature","properties":{"pid":"024200030061"},"geometry":{"type":"Polygon","coordinates":[[[-84.480356,39.200236],[-84.480629,39.200247],[-84.480333,39.200565],[-84.480356,39.200236]]]}},{"type":"Feature","properties":{"pid":"024200030064"},"geometry":{"type":"Polygon","coordinates":[[[-84.475294,39.20123],[-84.475312,39.201066],[-84.476017,39.201096],[-84.476001,39.20126],[-84.475294,39.20123]]]}},{"type":"Feature","properties":{"pid":"024200030066"},"geometry":{"type":"Polygon","coordinates":[[[-84.476001,39.20126],[-84.476017,39.201096],[-84.476193,39.201103],[-84.476252,39.200487],[-84.476357,39.200492],[-84.476283,39.201272],[-84.476001,39.20126]]]}},{"type":"Feature","properties":{"pid":"024500020047"},"geometry":{"type":"Polygon","coordinates":[[[-84.46538,39.217115],[-84.46542,39.216982],[-84.465782,39.217043],[-84.465691,39.217169],[-84.46538,39.217115]]]}},{"type":"Feature","properties":{"pid":"024500020051"},"geometry":{"type":"Polygon","coordinates":[[[-84.465535,39.216581],[-84.465571,39.216448],[-84.466072,39.216534],[-84.466016,39.216664],[-84.465535,39.216581]]]}},{"type":"Feature","properties":{"pid":"024500020056"},"geometry":{"type":"Polygon","coordinates":[[[-84.465724,39.215915],[-84.465764,39.215782],[-84.466279,39.215871],[-84.466243,39.216003],[-84.465724,39.215915]]]}},{"type":"Feature","properties":{"pid":"024500020057"},"geometry":{"type":"Polygon","coordinates":[[[-84.465764,39.215782],[-84.465803,39.215647],[-84.466319,39.215736],[-84.466279,39.215871],[-84.465764,39.215782]]]}},{"type":"Feature","properties":{"pid":"024500020063"},"geometry":{"type":"Polygon","coordinates":[[[-84.464825,39.217792],[-84.464921,39.217457],[-84.465093,39.217486],[-84.465005,39.217792],[-84.464825,39.217792]]]}},{"type":"Feature","properties":{"pid":"024500020065"},"geometry":{"type":"Polygon","coordinates":[[[-84.465265,39.217516],[-84.464749,39.217427],[-84.464787,39.217294],[-84.465304,39.217381],[-84.465265,39.217516]]]}},{"type":"Feature","properties":{"pid":"024500020066"},"geometry":{"type":"Polygon","coordinates":[[[-84.464787,39.217294],[-84.464825,39.217161],[-84.465342,39.217249],[-84.465304,39.217381],[-84.464787,39.217294]]]}},{"type":"Feature","properties":{"pid":"024500020067"},"geometry":{"type":"Polygon","coordinates":[[[-84.464825,39.217161],[-84.464864,39.217027],[-84.46538,39.217115],[-84.465342,39.217249],[-84.464825,39.217161]]]}},{"type":"Feature","properties":{"pid":"024500020068"},"geometry":{"type":"Polygon","coordinates":[[[-84.464864,39.217027],[-84.464901,39.216894],[-84.46542,39.216982],[-84.46538,39.217115],[-84.464864,39.217027]]]}},{"type":"Feature","properties":{"pid":"024500020072"},"geometry":{"type":"Polygon","coordinates":[[[-84.465016,39.216493],[-84.465055,39.21636],[-84.465571,39.216448],[-84.465535,39.216581],[-84.465016,39.216493]]]}},{"type":"Feature","properties":{"pid":"024500020077"},"geometry":{"type":"Polygon","coordinates":[[[-84.465208,39.215826],[-84.465248,39.215693],[-84.465764,39.215782],[-84.465724,39.215915],[-84.465208,39.215826]]]}},{"type":"Feature","properties":{"pid":"024100010255"},"geometry":{"type":"Polygon","coordinates":[[[-84.483804,39.192362],[-84.483703,39.192458],[-84.483428,39.192286],[-84.483528,39.19219],[-84.483804,39.192362]]]}},{"type":"Feature","properties":{"pid":"066100020132"},"geometry":{"type":"Polygon","coordinates":[[[-84.484919,39.187073],[-84.485055,39.186743],[-84.485137,39.186764],[-84.485003,39.187095],[-84.484919,39.187073]]]}},{"type":"Feature","properties":{"pid":"024100010277"},"geometry":{"type":"Polygon","coordinates":[[[-84.483057,39.192423],[-84.483113,39.19237],[-84.48325,39.192456],[-84.483195,39.192509],[-84.483057,39.192423]]]}},{"type":"Feature","properties":{"pid":"024100010134"},"geometry":{"type":"MultiPolygon","coordinates":[[[[-84.483173,39.192531],[-84.483195,39.192509],[-84.483264,39.192552],[-84.483241,39.192574],[-84.483173,39.192531]]],[[[-84.483155,39.192657],[-84.48293,39.192872],[-84.482861,39.192829],[-84.483086,39.192614],[-84.483155,39.192657]]]]}},{"type":"Feature","properties":{"pid":"024100010135"},"geometry":{"type":"Polygon","coordinates":[[[-84.482861,39.192829],[-84.482793,39.192786],[-84.483126,39.192466],[-84.483195,39.192509],[-84.482861,39.192829]]]}},{"type":"Feature","properties":{"pid":"024100010292"},"geometry":{"type":"Polygon","coordinates":[[[-84.483173,39.192531],[-84.483448,39.192703],[-84.483136,39.193001],[-84.48293,39.192872],[-84.483155,39.192657],[-84.483086,39.192614],[-84.483173,39.192531]]]}},{"type":"Feature","properties":{"pid":"024100010257"},"geometry":{"type":"Polygon","coordinates":[[[-84.483581,39.192575],[-84.483448,39.192703],[-84.483195,39.192509],[-84.483306,39.192403],[-84.483581,39.192575]]]}},{"type":"Feature","properties":{"pid":"059000710162"},"geometry":{"type":"Polygon","coordinates":[[[-84.476953,39.209938],[-84.476993,39.209522],[-84.477168,39.209538],[-84.477128,39.209954],[-84.476953,39.209938]]]}},{"type":"Feature","properties":{"pid":"059000710353"},"geometry":{"type":"Polygon","coordinates":[[[-84.474896,39.20913],[-84.474756,39.209118],[-84.474777,39.208899],[-84.474917,39.208911],[-84.474896,39.20913]]]}},{"type":"Feature","properties":{"pid":"059000710359"},"geometry":{"type":"Polygon","coordinates":[[[-84.47526,39.209274],[-84.475291,39.208946],[-84.475431,39.208959],[-84.4754,39.209287],[-84.47526,39.209274]]]}},{"type":"Feature","properties":{"pid":"059000710440"},"geometry":{"type":"Polygon","coordinates":[[[-84.4751,39.209768],[-84.475137,39.209374],[-84.475268,39.209386],[-84.475231,39.20978],[-84.4751,39.209768]]]}},{"type":"Feature","properties":{"pid":"066100020049"},"geometry":{"type":"Polygon","coordinates":[[[-84.483795,39.18817],[-84.483935,39.18783],[-84.484017,39.187852],[-84.483877,39.188192],[-84.483795,39.18817]]]}},{"type":"Feature","properties":{"pid":"066100020142"},"geometry":{"type":"Polygon","coordinates":[[[-84.484125,39.186502],[-84.48425,39.186534],[-84.484116,39.186865],[-84.483999,39.186834],[-84.484125,39.186502]]]}},{"type":"Feature","properties":{"pid":"066100020143"},"geometry":{"type":"Polygon","coordinates":[[[-84.483915,39.186813],[-84.484045,39.186481],[-84.484125,39.186502],[-84.483999,39.186834],[-84.483915,39.186813]]]}},{"type":"Feature","properties":{"pid":"066100020145"},"geometry":{"type":"Polygon","coordinates":[[[-84.483748,39.186769],[-84.483886,39.18644],[-84.48396,39.186459],[-84.483831,39.186791],[-84.483748,39.186769]]]}},{"type":"Feature","properties":{"pid":"024000040025"},"geometry":{"type":"Polygon","coordinates":[[[-84.48197,39.195579],[-84.481797,39.195554],[-84.481886,39.195176],[-84.48206,39.195201],[-84.48197,39.195579]]]}},{"type":"Feature","properties":{"pid":"024100010153"},"geometry":{"type":"Polygon","coordinates":[[[-84.483512,39.192532],[-84.483444,39.192489],[-84.483566,39.192372],[-84.483635,39.192415],[-84.483512,39.192532]]]}},{"type":"Feature","properties":{"pid":"024100010151"},"geometry":{"type":"Polygon","coordinates":[[[-84.483375,39.192446],[-84.483306,39.192403],[-84.483428,39.192286],[-84.483497,39.192329],[-84.483375,39.192446]]]}},{"type":"Feature","properties":{"pid":"059000710184"},"geometry":{"type":"Polygon","coordinates":[[[-84.477869,39.209602],[-84.477694,39.209586],[-84.477733,39.20917],[-84.477909,39.209186],[-84.477869,39.209602]]]}},{"type":"Feature","properties":{"pid":"059000710178"},"geometry":{"type":"Polygon","coordinates":[[[-84.476664,39.209072],[-84.476892,39.209092],[-84.476853,39.209509],[-84.476625,39.209488],[-84.476664,39.209072]]]}},{"type":"Feature","properties":{"pid":"059000710160"},"geometry":{"type":"Polygon","coordinates":[[[-84.477304,39.20997],[-84.477343,39.209554],[-84.477519,39.20957],[-84.477479,39.209986],[-84.477304,39.20997]]]}},{"type":"Feature","properties":{"pid":"059000710155"},"geometry":{"type":"Polygon","coordinates":[[[-84.47818,39.21005],[-84.47822,39.209634],[-84.478395,39.20965],[-84.478355,39.210066],[-84.47818,39.21005]]]}},{"type":"Feature","properties":{"pid":"059000710439"},"geometry":{"type":"Polygon","coordinates":[[[-84.474838,39.209744],[-84.474875,39.20935],[-84.475009,39.209362],[-84.474969,39.209756],[-84.474838,39.209744]]]}},{"type":"Feature","properties":{"pid":"059000710350"},"geometry":{"type":"Polygon","coordinates":[[[-84.474526,39.209494],[-84.474533,39.209357],[-84.474872,39.209388],[-84.474859,39.209525],[-84.474526,39.209494]]]}},{"type":"Feature","properties":{"pid":"059000710181"},"geometry":{"type":"Polygon","coordinates":[[[-84.477343,39.209554],[-84.477168,39.209538],[-84.477208,39.209121],[-84.477383,39.209137],[-84.477343,39.209554]]]}},{"type":"Feature","properties":{"pid":"059000710151"},"geometry":{"type":"Polygon","coordinates":[[[-84.478881,39.210114],[-84.478921,39.209698],[-84.479096,39.209714],[-84.479056,39.21013],[-84.478881,39.210114]]]}},{"type":"Feature","properties":{"pid":"059000710441"},"geometry":{"type":"Polygon","coordinates":[[[-84.474885,39.209249],[-84.47454,39.209218],[-84.474546,39.209098],[-84.474896,39.20913],[-84.474885,39.209249]]]}},{"type":"Feature","properties":{"pid":"059000710149"},"geometry":{"type":"Polygon","coordinates":[[[-84.479446,39.209746],[-84.479407,39.210163],[-84.479249,39.210148],[-84.479289,39.209732],[-84.479446,39.209746]]]}},{"type":"Feature","properties":{"pid":"059000710188"},"geometry":{"type":"Polygon","coordinates":[[[-84.478395,39.20965],[-84.478434,39.209234],[-84.47861,39.20925],[-84.47857,39.209666],[-84.478395,39.20965]]]}},{"type":"Feature","properties":{"pid":"059000710159"},"geometry":{"type":"Polygon","coordinates":[[[-84.477479,39.209986],[-84.477519,39.20957],[-84.477694,39.209586],[-84.477654,39.210002],[-84.477479,39.209986]]]}},{"type":"Feature","properties":{"pid":"059000710438"},"geometry":{"type":"Polygon","coordinates":[[[-84.475137,39.209374],[-84.4751,39.209768],[-84.474969,39.209756],[-84.475009,39.209362],[-84.475137,39.209374]]]}},{"type":"Feature","properties":{"pid":"059000710152"},"geometry":{"type":"Polygon","coordinates":[[[-84.478881,39.210114],[-84.478706,39.210098],[-84.478745,39.209682],[-84.478921,39.209698],[-84.478881,39.210114]]]}},{"type":"Feature","properties":{"pid":"059000710164"},"geometry":{"type":"Polygon","coordinates":[[[-84.476603,39.209906],[-84.476642,39.209489],[-84.476818,39.209505],[-84.476778,39.209922],[-84.476603,39.209906]]]}},{"type":"Feature","properties":{"pid":"059000710193"},"geometry":{"type":"Polygon","coordinates":[[[-84.479289,39.209732],[-84.479311,39.209314],[-84.479486,39.20933],[-84.479446,39.209746],[-84.479289,39.209732]]]}},{"type":"Feature","properties":{"pid":"059000710163"},"geometry":{"type":"Polygon","coordinates":[[[-84.476778,39.209922],[-84.476818,39.209505],[-84.476993,39.209522],[-84.476953,39.209938],[-84.476778,39.209922]]]}},{"type":"Feature","properties":{"pid":"059000710150"},"geometry":{"type":"Polygon","coordinates":[[[-84.479056,39.21013],[-84.479096,39.209714],[-84.479271,39.20973],[-84.479231,39.210147],[-84.479056,39.21013]]]}},{"type":"Feature","properties":{"pid":"059000710180"},"geometry":{"type":"Polygon","coordinates":[[[-84.477168,39.209538],[-84.47701,39.209523],[-84.47705,39.209107],[-84.477208,39.209121],[-84.477168,39.209538]]]}},{"type":"Feature","properties":{"pid":"059000710156"},"geometry":{"type":"Polygon","coordinates":[[[-84.478005,39.210034],[-84.478044,39.209618],[-84.47822,39.209634],[-84.47818,39.21005],[-84.478005,39.210034]]]}},{"type":"Feature","properties":{"pid":"059000710148"},"geometry":{"type":"Polygon","coordinates":[[[-84.479407,39.210163],[-84.479446,39.209746],[-84.479622,39.209762],[-84.479582,39.210179],[-84.479407,39.210163]]]}},{"type":"Feature","properties":{"pid":"059000710189"},"geometry":{"type":"Polygon","coordinates":[[[-84.47857,39.209666],[-84.47861,39.20925],[-84.478785,39.209266],[-84.478745,39.209682],[-84.47857,39.209666]]]}},{"type":"Feature","properties":{"pid":"066100020599"},"geometry":{"type":"Polygon","coordinates":[[[-84.483127,39.188421],[-84.483075,39.188566],[-84.482676,39.188472],[-84.482732,39.188328],[-84.483127,39.188421]]]}},{"type":"Feature","properties":{"pid":"066100020600"},"geometry":{"type":"Polygon","coordinates":[[[-84.483178,39.188275],[-84.483127,39.188421],[-84.482732,39.188328],[-84.482789,39.188183],[-84.483178,39.188275]]]}},{"type":"Feature","properties":{"pid":"066100020140"},"geometry":{"type":"Polygon","coordinates":[[[-84.48425,39.186899],[-84.484377,39.186567],[-84.484466,39.18659],[-84.484333,39.186921],[-84.48425,39.186899]]]}},{"type":"Feature","properties":{"pid":"024100010150"},"geometry":{"type":"Polygon","coordinates":[[[-84.48346,39.192147],[-84.483528,39.19219],[-84.48325,39.192456],[-84.483182,39.192413],[-84.48346,39.192147]]]}},{"type":"Feature","properties":{"pid":"066100030154"},"geometry":{"type":"Polygon","coordinates":[[[-84.491001,39.184173],[-84.490825,39.184342],[-84.490405,39.184309],[-84.490563,39.184129],[-84.491001,39.184173]]]}},{"type":"Feature","properties":{"pid":"024400020013"},"geometry":{"type":"Polygon","coordinates":[[[-84.470674,39.208377],[-84.470601,39.208579],[-84.469959,39.208345],[-84.470357,39.208164],[-84.470674,39.208377]]]}},{"type":"Feature","properties":{"pid":"024400020018"},"geometry":{"type":"Polygon","coordinates":[[[-84.470852,39.207468],[-84.470669,39.207113],[-84.470805,39.207013],[-84.470977,39.207448],[-84.470852,39.207468]]]}},{"type":"Feature","properties":{"pid":"024400020022"},"geometry":{"type":"Polygon","coordinates":[[[-84.471071,39.207297],[-84.471392,39.207272],[-84.471451,39.207817],[-84.471196,39.207834],[-84.471071,39.207297]]]}},{"type":"Feature","properties":{"pid":"059000710191"},"geometry":{"type":"Polygon","coordinates":[[[-84.478921,39.209698],[-84.47896,39.209282],[-84.479135,39.209298],[-84.479096,39.209714],[-84.478921,39.209698]]]}},{"type":"Feature","properties":{"pid":"059000710195"},"geometry":{"type":"Polygon","coordinates":[[[-84.479797,39.209779],[-84.479622,39.209762],[-84.479661,39.209346],[-84.479836,39.209362],[-84.479797,39.209779]]]}},{"type":"Feature","properties":{"pid":"059000710158"},"geometry":{"type":"Polygon","coordinates":[[[-84.477654,39.210002],[-84.477694,39.209586],[-84.477869,39.209602],[-84.477829,39.210018],[-84.477654,39.210002]]]}},{"type":"Feature","properties":{"pid":"059000710179"},"geometry":{"type":"Polygon","coordinates":[[[-84.47705,39.209107],[-84.47701,39.209523],[-84.476853,39.209509],[-84.476892,39.209092],[-84.47705,39.209107]]]}},{"type":"Feature","properties":{"pid":"024500040008"},"geometry":{"type":"Polygon","coordinates":[[[-84.462502,39.213625],[-84.462791,39.213389],[-84.463139,39.213441],[-84.463063,39.213709],[-84.462502,39.213625]]]}},{"type":"Feature","properties":{"pid":"066100020141"},"geometry":{"type":"Polygon","coordinates":[[[-84.48425,39.186534],[-84.484377,39.186567],[-84.48425,39.186899],[-84.484116,39.186865],[-84.48425,39.186534]]]}},{"type":"Feature","properties":{"pid":"066100020054"},"geometry":{"type":"Polygon","coordinates":[[[-84.483369,39.188061],[-84.483509,39.187719],[-84.483598,39.187742],[-84.483457,39.188083],[-84.483369,39.188061]]]}},{"type":"Feature","properties":{"pid":"066100020133"},"geometry":{"type":"Polygon","coordinates":[[[-84.484835,39.187051],[-84.484971,39.186721],[-84.485055,39.186743],[-84.484919,39.187073],[-84.484835,39.187051]]]}},{"type":"Feature","properties":{"pid":"066100020135"},"geometry":{"type":"Polygon","coordinates":[[[-84.484668,39.187008],[-84.484806,39.186678],[-84.484886,39.186699],[-84.484752,39.18703],[-84.484668,39.187008]]]}},{"type":"Feature","properties":{"pid":"066100020137"},"geometry":{"type":"Polygon","coordinates":[[[-84.484501,39.186965],[-84.484634,39.186633],[-84.484714,39.186654],[-84.484584,39.186986],[-84.484501,39.186965]]]}},{"type":"Feature","properties":{"pid":"066100020146"},"geometry":{"type":"Polygon","coordinates":[[[-84.483664,39.186747],[-84.483794,39.186416],[-84.483886,39.18644],[-84.483748,39.186769],[-84.483664,39.186747]]]}},{"type":"Feature","properties":{"pid":"059000710147"},"geometry":{"type":"Polygon","coordinates":[[[-84.479757,39.210195],[-84.479582,39.210179],[-84.479622,39.209762],[-84.479797,39.209779],[-84.479757,39.210195]]]}},{"type":"Feature","properties":{"pid":"059000710352"},"geometry":{"type":"Polygon","coordinates":[[[-84.474756,39.209118],[-84.474546,39.209098],[-84.474566,39.208879],[-84.474777,39.208899],[-84.474756,39.209118]]]}},{"type":"Feature","properties":{"pid":"059000710161"},"geometry":{"type":"Polygon","coordinates":[[[-84.477168,39.209538],[-84.477343,39.209554],[-84.477304,39.20997],[-84.477128,39.209954],[-84.477168,39.209538]]]}},{"type":"Feature","properties":{"pid":"059000710182"},"geometry":{"type":"Polygon","coordinates":[[[-84.477519,39.20957],[-84.477343,39.209554],[-84.477383,39.209137],[-84.477558,39.209154],[-84.477519,39.20957]]]}},{"type":"Feature","properties":{"pid":"059000710354"},"geometry":{"type":"Polygon","coordinates":[[[-84.475249,39.209384],[-84.474875,39.20935],[-84.474917,39.208911],[-84.475291,39.208946],[-84.475249,39.209384]]]}},{"type":"Feature","properties":{"pid":"024300040006"},"geometry":{"type":"Polygon","coordinates":[[[-84.467099,39.209756],[-84.466864,39.20985],[-84.466558,39.20928],[-84.466697,39.20923],[-84.467099,39.209756]]]}},{"type":"Feature","properties":{"pid":"024300040007"},"geometry":{"type":"Polygon","coordinates":[[[-84.467317,39.209657],[-84.467099,39.209756],[-84.466697,39.20923],[-84.466903,39.209134],[-84.467317,39.209657]]]}},{"type":"Feature","properties":{"pid":"024300040008"},"geometry":{"type":"Polygon","coordinates":[[[-84.467532,39.209536],[-84.467323,39.209654],[-84.466903,39.209134],[-84.467023,39.209063],[-84.467532,39.209536]]]}},{"type":"Feature","properties":{"pid":"024300040018"},"geometry":{"type":"Polygon","coordinates":[[[-84.46775,39.210182],[-84.467367,39.210354],[-84.467099,39.209756],[-84.467323,39.209654],[-84.46775,39.210182]]]}},{"type":"Feature","properties":{"pid":"059000710349"},"geometry":{"type":"Polygon","coordinates":[[[-84.474838,39.209744],[-84.474488,39.209712],[-84.474501,39.209575],[-84.474851,39.209607],[-84.474838,39.209744]]]}},{"type":"Feature","properties":{"pid":"059000710192"},"geometry":{"type":"Polygon","coordinates":[[[-84.479311,39.209314],[-84.479271,39.20973],[-84.479096,39.209714],[-84.479135,39.209298],[-84.479311,39.209314]]]}},{"type":"Feature","properties":{"pid":"059000710153"},"geometry":{"type":"Polygon","coordinates":[[[-84.478563,39.209741],[-84.478738,39.209757],[-84.478706,39.210098],[-84.47853,39.210082],[-84.478563,39.209741]]]}},{"type":"Feature","properties":{"pid":"059000710183"},"geometry":{"type":"Polygon","coordinates":[[[-84.477694,39.209586],[-84.477519,39.20957],[-84.477558,39.209154],[-84.477733,39.20917],[-84.477694,39.209586]]]}},{"type":"Feature","properties":{"pid":"059000710185"},"geometry":{"type":"Polygon","coordinates":[[[-84.478044,39.209618],[-84.477869,39.209602],[-84.477909,39.209186],[-84.478084,39.209202],[-84.478044,39.209618]]]}},{"type":"Feature","properties":{"pid":"059000710154"},"geometry":{"type":"Polygon","coordinates":[[[-84.47853,39.210082],[-84.478355,39.210066],[-84.478395,39.20965],[-84.47857,39.209666],[-84.47853,39.210082]]]}},{"type":"Feature","properties":{"pid":"059000710157"},"geometry":{"type":"Polygon","coordinates":[[[-84.477829,39.210018],[-84.477869,39.209602],[-84.478044,39.209618],[-84.478005,39.210034],[-84.477829,39.210018]]]}},{"type":"Feature","properties":{"pid":"024300040076"},"geometry":{"type":"Polygon","coordinates":[[[-84.468045,39.210012],[-84.467913,39.210092],[-84.467442,39.209587],[-84.467532,39.209536],[-84.468045,39.210012]]]}},{"type":"Feature","properties":{"pid":"024300040089"},"geometry":{"type":"Polygon","coordinates":[[[-84.468437,39.208309],[-84.468319,39.208073],[-84.468471,39.207747],[-84.468771,39.207839],[-84.468331,39.208669],[-84.46826,39.208647],[-84.468437,39.208309]]]}},{"type":"Feature","properties":{"pid":"024400020025"},"geometry":{"type":"Polygon","coordinates":[[[-84.472143,39.207867],[-84.471918,39.207837],[-84.471994,39.20726],[-84.472286,39.207273],[-84.472143,39.207867]]]}},{"type":"Feature","properties":{"pid":"024400020028"},"geometry":{"type":"Polygon","coordinates":[[[-84.471482,39.207265],[-84.471392,39.207272],[-84.471338,39.206765],[-84.471456,39.206734],[-84.471482,39.207265]]]}},{"type":"Feature","properties":{"pid":"024400020050"},"geometry":{"type":"Polygon","coordinates":[[[-84.471028,39.208795],[-84.470899,39.20873],[-84.471166,39.207973],[-84.471343,39.207958],[-84.471028,39.208795]]]}},{"type":"Feature","properties":{"pid":"059000710187"},"geometry":{"type":"Polygon","coordinates":[[[-84.478395,39.20965],[-84.47822,39.209634],[-84.478259,39.209218],[-84.478434,39.209234],[-84.478395,39.20965]]]}},{"type":"Feature","properties":{"pid":"059000710145"},"geometry":{"type":"Polygon","coordinates":[[[-84.479757,39.210195],[-84.479836,39.209362],[-84.480007,39.20938],[-84.479968,39.209797],[-84.480143,39.209813],[-84.480104,39.210229],[-84.479757,39.210195]]]}},{"type":"Feature","properties":{"pid":"059000710190"},"geometry":{"type":"Polygon","coordinates":[[[-84.478921,39.209698],[-84.478745,39.209682],[-84.478785,39.209266],[-84.47896,39.209282],[-84.478921,39.209698]]]}},{"type":"Feature","properties":{"pid":"059000710194"},"geometry":{"type":"Polygon","coordinates":[[[-84.479446,39.209746],[-84.479486,39.20933],[-84.479661,39.209346],[-84.479622,39.209762],[-84.479446,39.209746]]]}},{"type":"Feature","properties":{"pid":"059000710442"},"geometry":{"type":"Polygon","coordinates":[[[-84.47454,39.209218],[-84.474885,39.209249],[-84.474872,39.209388],[-84.474533,39.209357],[-84.47454,39.209218]]]}},{"type":"Feature","properties":{"pid":"024400030032"},"geometry":{"type":"Polygon","coordinates":[[[-84.467941,39.210529],[-84.467751,39.210822],[-84.467462,39.210469],[-84.467688,39.210369],[-84.467941,39.210529]]]}},{"type":"Feature","properties":{"pid":"011700020047"},"geometry":{"type":"Polygon","coordinates":[[[-84.478315,39.190273],[-84.479035,39.19089],[-84.478521,39.191283],[-84.478071,39.19152],[-84.477697,39.191775],[-84.477447,39.192006],[-84.476927,39.192343],[-84.476622,39.192341],[-84.475984,39.191833],[-84.475615,39.191681],[-84.476383,39.190441],[-84.477925,39.190412],[-84.478134,39.190366],[-84.478315,39.190273]]]}},{"type":"Feature","properties":{"pid":"011700020027"},"geometry":{"type":"Polygon","coordinates":[[[-84.478757,39.189566],[-84.478495,39.189651],[-84.478303,39.189442],[-84.47723,39.188727],[-84.477377,39.188044],[-84.480043,39.1884],[-84.478757,39.189566]]]}},{"type":"Feature","properties":{"pid":"024400020056"},"geometry":{"type":"Polygon","coordinates":[[[-84.471278,39.208922],[-84.471655,39.207953],[-84.471807,39.207961],[-84.471393,39.20898],[-84.471278,39.208922]]]}},{"type":"Feature","properties":{"pid":"024400020065"},"geometry":{"type":"Polygon","coordinates":[[[-84.472567,39.207965],[-84.47243,39.207928],[-84.472566,39.207282],[-84.472698,39.207287],[-84.472567,39.207965]]]}},{"type":"Feature","properties":{"pid":"024100010144"},"geometry":{"type":"Polygon","coordinates":[[[-84.482651,39.192075],[-84.482707,39.192022],[-84.483119,39.19228],[-84.483063,39.192333],[-84.482651,39.192075]]]}},{"type":"Feature","properties":{"pid":"024100010146"},"geometry":{"type":"Polygon","coordinates":[[[-84.482763,39.191968],[-84.482819,39.191915],[-84.483231,39.192174],[-84.483175,39.192227],[-84.482763,39.191968]]]}},{"type":"Feature","properties":{"pid":"024100010147"},"geometry":{"type":"Polygon","coordinates":[[[-84.482819,39.191915],[-84.482875,39.191862],[-84.483287,39.192121],[-84.483231,39.192174],[-84.482819,39.191915]]]}},{"type":"Feature","properties":{"pid":"024400030035"},"geometry":{"type":"Polygon","coordinates":[[[-84.46675,39.211958],[-84.466748,39.211757],[-84.467048,39.211758],[-84.467042,39.212061],[-84.46675,39.211958]]]}},{"type":"Feature","properties":{"pid":"024400030026"},"geometry":{"type":"Polygon","coordinates":[[[-84.467048,39.211758],[-84.467346,39.211758],[-84.46728,39.212023],[-84.467199,39.212082],[-84.467042,39.212061],[-84.467048,39.211758]]]}},{"type":"Feature","properties":{"pid":"024100010148"},"geometry":{"type":"Polygon","coordinates":[[[-84.482875,39.191862],[-84.48293,39.19181],[-84.483343,39.192068],[-84.483287,39.192121],[-84.482875,39.191862]]]}},{"type":"Feature","properties":{"pid":"024100020150"},"geometry":{"type":"Polygon","coordinates":[[[-84.488354,39.190439],[-84.488641,39.190176],[-84.488721,39.190231],[-84.488434,39.190493],[-84.488354,39.190439]]]}},{"type":"Feature","properties":{"pid":"024400020035"},"geometry":{"type":"Polygon","coordinates":[[[-84.473284,39.206508],[-84.473604,39.20647],[-84.474044,39.207108],[-84.473657,39.20752],[-84.473284,39.206508]]]}},{"type":"Feature","properties":{"pid":"024400030062"},"geometry":{"type":"Polygon","coordinates":[[[-84.469258,39.210949],[-84.468805,39.210753],[-84.468889,39.210635],[-84.468887,39.210475],[-84.469427,39.210708],[-84.469258,39.210949]]]}},{"type":"Feature","properties":{"pid":"011600010040"},"geometry":{"type":"Polygon","coordinates":[[[-84.47829,39.184934],[-84.478424,39.184948],[-84.478382,39.185205],[-84.47814,39.185179],[-84.478174,39.184983],[-84.47829,39.184934]]]}},{"type":"Feature","properties":{"pid":"011600010060"},"geometry":{"type":"Polygon","coordinates":[[[-84.478182,39.184807],[-84.47799,39.184501],[-84.478381,39.184542],[-84.478338,39.184802],[-84.478182,39.184807]]]}},{"type":"Feature","properties":{"pid":"011600010061"},"geometry":{"type":"Polygon","coordinates":[[[-84.478182,39.184807],[-84.478055,39.184875],[-84.477606,39.184623],[-84.47762,39.184462],[-84.47799,39.184501],[-84.478182,39.184807]]]}},{"type":"Feature","properties":{"pid":"011600010062"},"geometry":{"type":"Polygon","coordinates":[[[-84.478055,39.184875],[-84.477992,39.184985],[-84.477584,39.184942],[-84.477606,39.184623],[-84.478055,39.184875]]]}},{"type":"Feature","properties":{"pid":"024400030052"},"geometry":{"type":"Polygon","coordinates":[[[-84.469486,39.21198],[-84.468869,39.211727],[-84.468969,39.211576],[-84.469614,39.211842],[-84.469486,39.21198]]]}},{"type":"Feature","properties":{"pid":"024100010142"},"geometry":{"type":"Polygon","coordinates":[[[-84.48295,39.192439],[-84.48254,39.192181],[-84.482595,39.192128],[-84.483007,39.192387],[-84.48295,39.192439]]]}},{"type":"Feature","properties":{"pid":"024100010138"},"geometry":{"type":"Polygon","coordinates":[[[-84.482316,39.192393],[-84.482372,39.19234],[-84.482783,39.192599],[-84.482728,39.192652],[-84.482316,39.192393]]]}},{"type":"Feature","properties":{"pid":"024100010140"},"geometry":{"type":"Polygon","coordinates":[[[-84.482428,39.192287],[-84.482484,39.192234],[-84.482895,39.192493],[-84.482839,39.192546],[-84.482428,39.192287]]]}},{"type":"Feature","properties":{"pid":"024400030024"},"geometry":{"type":"Polygon","coordinates":[[[-84.468233,39.212026],[-84.468243,39.211501],[-84.468263,39.211504],[-84.468233,39.212026]]]}},{"type":"Feature","properties":{"pid":"024400030037"},"geometry":{"type":"Polygon","coordinates":[[[-84.467522,39.211687],[-84.468171,39.211696],[-84.468161,39.211973],[-84.467465,39.211965],[-84.467522,39.211687]]]}},{"type":"Feature","properties":{"pid":"024400030039"},"geometry":{"type":"Polygon","coordinates":[[[-84.468161,39.211973],[-84.468152,39.212221],[-84.467974,39.212219],[-84.46798,39.211971],[-84.468161,39.211973]]]}},{"type":"Feature","properties":{"pid":"024400030057"},"geometry":{"type":"Polygon","coordinates":[[[-84.467993,39.210736],[-84.468327,39.210873],[-84.468397,39.211031],[-84.468753,39.211178],[-84.468657,39.211316],[-84.467831,39.210979],[-84.467993,39.210736]]]}},{"type":"Feature","properties":{"pid":"066100010128"},"geometry":{"type":"Polygon","coordinates":[[[-84.489119,39.188477],[-84.488987,39.188388],[-84.489091,39.188294],[-84.489223,39.188383],[-84.489119,39.188477]]]}},{"type":"Feature","properties":{"pid":"024400030055"},"geometry":{"type":"Polygon","coordinates":[[[-84.468874,39.21159],[-84.468155,39.211488],[-84.468196,39.211412],[-84.467943,39.211182],[-84.467972,39.211124],[-84.46779,39.21105],[-84.467831,39.210979],[-84.46888,39.211413],[-84.468874,39.21159]]]}},{"type":"Feature","properties":{"pid":"024500040068"},"geometry":{"type":"Polygon","coordinates":[[[-84.463604,39.215115],[-84.463424,39.215113],[-84.463497,39.214862],[-84.463667,39.214891],[-84.463604,39.215115]]]}},{"type":"Feature","properties":{"pid":"024500040071"},"geometry":{"type":"Polygon","coordinates":[[[-84.463279,39.215111],[-84.463358,39.214838],[-84.463497,39.214862],[-84.463424,39.215113],[-84.463279,39.215111]]]}},{"type":"Feature","properties":{"pid":"024200010030"},"geometry":{"type":"Polygon","coordinates":[[[-84.47209,39.205108],[-84.471985,39.20487],[-84.473804,39.205085],[-84.473309,39.205446],[-84.472495,39.205444],[-84.47209,39.205108]]]}},{"type":"Feature","properties":{"pid":"024400010001"},"geometry":{"type":"Polygon","coordinates":[[[-84.472495,39.205444],[-84.473154,39.205446],[-84.472961,39.205994],[-84.472448,39.206056],[-84.472495,39.205444]]]}},{"type":"Feature","properties":{"pid":"024400010004"},"geometry":{"type":"Polygon","coordinates":[[[-84.474396,39.205323],[-84.474696,39.20534],[-84.474652,39.205795],[-84.474569,39.205804],[-84.474019,39.204997],[-84.474612,39.204876],[-84.474549,39.205126],[-84.474396,39.205323]]]}},{"type":"Feature","properties":{"pid":"024100030121"},"geometry":{"type":"Polygon","coordinates":[[[-84.481793,39.19215],[-84.481858,39.192088],[-84.482152,39.192277],[-84.482086,39.19234],[-84.481793,39.19215]]]}},{"type":"Feature","properties":{"pid":"024100030122"},"geometry":{"type":"Polygon","coordinates":[[[-84.481858,39.192088],[-84.481936,39.192013],[-84.48223,39.192202],[-84.482152,39.192277],[-84.481858,39.192088]]]}},{"type":"Feature","properties":{"pid":"024500040027"},"geometry":{"type":"Polygon","coordinates":[[[-84.463604,39.215115],[-84.463667,39.214891],[-84.464013,39.21495],[-84.463966,39.215119],[-84.463604,39.215115]]]}},{"type":"Feature","properties":{"pid":"024500040028"},"geometry":{"type":"Polygon","coordinates":[[[-84.464013,39.21495],[-84.463497,39.214862],[-84.463535,39.214728],[-84.464052,39.214816],[-84.464013,39.21495]]]}},{"type":"Feature","properties":{"pid":"024500040047"},"geometry":{"type":"Polygon","coordinates":[[[-84.46294,39.214907],[-84.463319,39.214973],[-84.463279,39.215111],[-84.462884,39.215107],[-84.46294,39.214907]]]}},{"type":"Feature","properties":{"pid":"024500040048"},"geometry":{"type":"Polygon","coordinates":[[[-84.46294,39.214907],[-84.462978,39.214773],[-84.463358,39.214838],[-84.463319,39.214973],[-84.46294,39.214907]]]}},{"type":"Feature","properties":{"pid":"024300040033"},"geometry":{"type":"Polygon","coordinates":[[[-84.46687,39.206864],[-84.466569,39.206767],[-84.466697,39.206526],[-84.466998,39.206623],[-84.46687,39.206864]]]}},{"type":"Feature","properties":{"pid":"024400030064"},"geometry":{"type":"Polygon","coordinates":[[[-84.468747,39.212187],[-84.468746,39.212228],[-84.468488,39.212225],[-84.468512,39.211544],[-84.468874,39.21159],[-84.468869,39.211727],[-84.469365,39.21193],[-84.469289,39.212194],[-84.468747,39.212187]]]}},{"type":"Feature","properties":{"pid":"024400040034"},"geometry":{"type":"Polygon","coordinates":[[[-84.472259,39.209906],[-84.472402,39.209916],[-84.472368,39.210252],[-84.472226,39.210238],[-84.472259,39.209906]]]}},{"type":"Feature","properties":{"pid":"024000020037"},"geometry":{"type":"Polygon","coordinates":[[[-84.477088,39.194827],[-84.477437,39.194508],[-84.47771,39.194682],[-84.477359,39.195003],[-84.477088,39.194827]]]}},{"type":"Feature","properties":{"pid":"024300020017"},"geometry":{"type":"Polygon","coordinates":[[[-84.469654,39.202935],[-84.469832,39.202698],[-84.469983,39.202925],[-84.469654,39.202935]]]}},{"type":"Feature","properties":{"pid":"024300020018"},"geometry":{"type":"Polygon","coordinates":[[[-84.46997,39.202573],[-84.470066,39.202923],[-84.469983,39.202925],[-84.469832,39.202698],[-84.46997,39.202573]]]}},{"type":"Feature","properties":{"pid":"024400060001"},"geometry":{"type":"MultiPolygon","coordinates":[[[[-84.487099,39.21033],[-84.485885,39.209819],[-84.492878,39.210368],[-84.492543,39.213823],[-84.490972,39.213236],[-84.488258,39.210902],[-84.487099,39.21033]]],[[[-84.485939,39.214013],[-84.484334,39.213836],[-84.48414,39.213233],[-84.484361,39.211842],[-84.483284,39.211742],[-84.483064,39.211131],[-84.483133,39.210673],[-84.483765,39.210731],[-84.483833,39.210006],[-84.48588,39.210565],[-84.489311,39.213396],[-84.491039,39.21429],[-84.491809,39.214547],[-84.485939,39.214013]]]]}},{"type":"Feature","properties":{"pid":"059000720198"},"geometry":{"type":"Polygon","coordinates":[[[-84.489525,39.208164],[-84.489291,39.208052],[-84.489554,39.207633],[-84.489646,39.20764],[-84.489601,39.208079],[-84.489525,39.208164]]]}},{"type":"Feature","properties":{"pid":"059000720193"},"geometry":{"type":"Polygon","coordinates":[[[-84.48832,39.207596],[-84.488531,39.207614],[-84.488518,39.207936],[-84.488306,39.207931],[-84.48832,39.207596]]]}},{"type":"Feature","properties":{"pid":"059000720215"},"geometry":{"type":"Polygon","coordinates":[[[-84.488634,39.208077],[-84.48862,39.208231],[-84.488607,39.208558],[-84.488425,39.208516],[-84.488443,39.208072],[-84.488634,39.208077]]]}},{"type":"Feature","properties":{"pid":"059000720163"},"geometry":{"type":"Polygon","coordinates":[[[-84.488332,39.208495],[-84.488492,39.208531],[-84.488346,39.208954],[-84.488111,39.20889],[-84.488332,39.208495]]]}},{"type":"Feature","properties":{"pid":"059000720182"},"geometry":{"type":"Polygon","coordinates":[[[-84.489882,39.21014],[-84.490001,39.20924],[-84.490229,39.209259],[-84.49014,39.210161],[-84.489882,39.21014]]]}},{"type":"Feature","properties":{"pid":"024000040056"},"geometry":{"type":"Polygon","coordinates":[[[-84.48056,39.19475],[-84.48045,39.194857],[-84.480034,39.194592],[-84.480143,39.194485],[-84.48056,39.19475]]]}},{"type":"Feature","properties":{"pid":"024000040057"},"geometry":{"type":"Polygon","coordinates":[[[-84.48056,39.19475],[-84.480143,39.194485],[-84.480254,39.194378],[-84.480671,39.194642],[-84.48056,39.19475]]]}},{"type":"Feature","properties":{"pid":"024000040058"},"geometry":{"type":"Polygon","coordinates":[[[-84.480671,39.194642],[-84.480254,39.194378],[-84.480309,39.194324],[-84.480726,39.194589],[-84.480671,39.194642]]]}},{"type":"Feature","properties":{"pid":"024000040059"},"geometry":{"type":"Polygon","coordinates":[[[-84.480782,39.194535],[-84.480365,39.19427],[-84.480476,39.194161],[-84.480893,39.194427],[-84.480782,39.194535]]]}},{"type":"Feature","properties":{"pid":"024000040060"},"geometry":{"type":"Polygon","coordinates":[[[-84.480929,39.194391],[-84.480513,39.194125],[-84.480588,39.194052],[-84.481004,39.194319],[-84.480929,39.194391]]]}},{"type":"Feature","properties":{"pid":"024000040061"},"geometry":{"type":"Polygon","coordinates":[[[-84.481004,39.194319],[-84.480588,39.194052],[-84.4807,39.193943],[-84.481114,39.194211],[-84.481004,39.194319]]]}},{"type":"Feature","properties":{"pid":"024000040062"},"geometry":{"type":"Polygon","coordinates":[[[-84.481114,39.194211],[-84.4807,39.193943],[-84.480813,39.193837],[-84.481225,39.194103],[-84.481114,39.194211]]]}},{"type":"Feature","properties":{"pid":"024000040063"},"geometry":{"type":"Polygon","coordinates":[[[-84.481225,39.194103],[-84.480813,39.193837],[-84.480925,39.19373],[-84.481335,39.193996],[-84.481225,39.194103]]]}},{"type":"Feature","properties":{"pid":"024000040064"},"geometry":{"type":"Polygon","coordinates":[[[-84.481418,39.193917],[-84.481335,39.193996],[-84.480925,39.19373],[-84.481004,39.193655],[-84.481418,39.193917]]]}},{"type":"Feature","properties":{"pid":"024000040065"},"geometry":{"type":"Polygon","coordinates":[[[-84.481418,39.193917],[-84.481004,39.193655],[-84.481113,39.193552],[-84.481523,39.193815],[-84.481418,39.193917]]]}},{"type":"Feature","properties":{"pid":"024000040066"},"geometry":{"type":"Polygon","coordinates":[[[-84.481523,39.193815],[-84.481113,39.193552],[-84.481238,39.193433],[-84.481648,39.193695],[-84.481523,39.193815]]]}},{"type":"Feature","properties":{"pid":"024000040067"},"geometry":{"type":"Polygon","coordinates":[[[-84.481781,39.193567],[-84.481648,39.193695],[-84.48151,39.193607],[-84.481642,39.193479],[-84.481781,39.193567]]]}},{"type":"Feature","properties":{"pid":"024000040068"},"geometry":{"type":"Polygon","coordinates":[[[-84.481642,39.193479],[-84.48151,39.193607],[-84.481238,39.193433],[-84.48137,39.193307],[-84.481642,39.193479]]]}},{"type":"Feature","properties":{"pid":"024000040113"},"geometry":{"type":"Polygon","coordinates":[[[-84.48077,39.194546],[-84.480726,39.194589],[-84.480309,39.194324],[-84.480353,39.194282],[-84.48077,39.194546]]]}},{"type":"Feature","properties":{"pid":"024000040047"},"geometry":{"type":"Polygon","coordinates":[[[-84.48124,39.194825],[-84.480832,39.194562],[-84.480944,39.194456],[-84.481351,39.194718],[-84.48124,39.194825]]]}},{"type":"Feature","properties":{"pid":"024000040048"},"geometry":{"type":"Polygon","coordinates":[[[-84.481351,39.194718],[-84.480944,39.194456],[-84.481055,39.194349],[-84.481463,39.194612],[-84.481351,39.194718]]]}},{"type":"Feature","properties":{"pid":"024000040049"},"geometry":{"type":"Polygon","coordinates":[[[-84.481463,39.194612],[-84.481055,39.194349],[-84.481167,39.194243],[-84.481574,39.194506],[-84.481463,39.194612]]]}},{"type":"Feature","properties":{"pid":"059000720099"},"geometry":{"type":"Polygon","coordinates":[[[-84.489054,39.207176],[-84.489229,39.207191],[-84.489171,39.2076],[-84.488996,39.207585],[-84.489054,39.207176]]]}},{"type":"Feature","properties":{"pid":"059000720188"},"geometry":{"type":"Polygon","coordinates":[[[-84.488548,39.210034],[-84.488667,39.209134],[-84.488884,39.209151],[-84.488766,39.210051],[-84.488548,39.210034]]]}},{"type":"Feature","properties":{"pid":"059000720203"},"geometry":{"type":"Polygon","coordinates":[[[-84.489322,39.20869],[-84.489111,39.208672],[-84.489443,39.208286],[-84.489573,39.208397],[-84.489322,39.20869]]]}},{"type":"Feature","properties":{"pid":"059000720172"},"geometry":{"type":"Polygon","coordinates":[[[-84.487423,39.209136],[-84.487364,39.209106],[-84.487342,39.208931],[-84.487486,39.208759],[-84.487663,39.208848],[-84.487423,39.209136]]]}},{"type":"Feature","properties":{"pid":"059000720209"},"geometry":{"type":"Polygon","coordinates":[[[-84.488425,39.208516],[-84.48824,39.208474],[-84.488257,39.208067],[-84.488443,39.208072],[-84.488425,39.208516]]]}},{"type":"Feature","properties":{"pid":"059000720153"},"geometry":{"type":"Polygon","coordinates":[[[-84.488257,39.208067],[-84.48824,39.208474],[-84.488065,39.208433],[-84.48808,39.208063],[-84.488257,39.208067]]]}},{"type":"Feature","properties":{"pid":"059000720206"},"geometry":{"type":"Polygon","coordinates":[[[-84.488753,39.208591],[-84.488838,39.208086],[-84.489064,39.208126],[-84.488848,39.208613],[-84.488753,39.208591]]]}},{"type":"Feature","properties":{"pid":"059000720173"},"geometry":{"type":"Polygon","coordinates":[[[-84.489593,39.207222],[-84.489687,39.20723],[-84.489646,39.20764],[-84.489552,39.207633],[-84.489593,39.207222]]]}},{"type":"Feature","properties":{"pid":"059000720204"},"geometry":{"type":"Polygon","coordinates":[[[-84.489111,39.208672],[-84.488944,39.208635],[-84.489275,39.208201],[-84.489443,39.208286],[-84.489111,39.208672]]]}},{"type":"Feature","properties":{"pid":"059000720154"},"geometry":{"type":"Polygon","coordinates":[[[-84.488065,39.208433],[-84.487889,39.208429],[-84.487904,39.208059],[-84.48808,39.208063],[-84.488065,39.208433]]]}},{"type":"Feature","properties":{"pid":"059000720138"},"geometry":{"type":"Polygon","coordinates":[[[-84.48782,39.208447],[-84.487726,39.208471],[-84.48743,39.208321],[-84.487594,39.20814],[-84.48782,39.208447]]]}},{"type":"Feature","properties":{"pid":"059000720195"},"geometry":{"type":"Polygon","coordinates":[[[-84.488729,39.207942],[-84.488742,39.207633],[-84.488986,39.207654],[-84.488933,39.207958],[-84.488729,39.207942]]]}},{"type":"Feature","properties":{"pid":"059000720139"},"geometry":{"type":"Polygon","coordinates":[[[-84.487726,39.208471],[-84.487582,39.208644],[-84.487303,39.208486],[-84.48743,39.208321],[-84.487726,39.208471]]]}},{"type":"Feature","properties":{"pid":"059000720169"},"geometry":{"type":"Polygon","coordinates":[[[-84.487696,39.209966],[-84.487379,39.209941],[-84.487972,39.208991],[-84.488135,39.209045],[-84.487696,39.209966]]]}},{"type":"Feature","properties":{"pid":"059000720167"},"geometry":{"type":"Polygon","coordinates":[[[-84.488288,39.210013],[-84.487996,39.20999],[-84.488305,39.209087],[-84.488478,39.209116],[-84.488288,39.210013]]]}},{"type":"Feature","properties":{"pid":"059000720200"},"geometry":{"type":"Polygon","coordinates":[[[-84.490318,39.208325],[-84.490278,39.208754],[-84.489788,39.208404],[-84.489826,39.208329],[-84.490318,39.208325]]]}},{"type":"Feature","properties":{"pid":"059000720186"},"geometry":{"type":"Polygon","coordinates":[[[-84.489102,39.209169],[-84.489327,39.209187],[-84.489208,39.210087],[-84.488983,39.210069],[-84.489102,39.209169]]]}},{"type":"Feature","properties":{"pid":"059000720166"},"geometry":{"type":"Polygon","coordinates":[[[-84.488548,39.210034],[-84.488288,39.210013],[-84.488478,39.209116],[-84.488667,39.209134],[-84.488548,39.210034]]]}},{"type":"Feature","properties":{"pid":"059000720175"},"geometry":{"type":"Polygon","coordinates":[[[-84.488932,39.209017],[-84.488981,39.208643],[-84.489165,39.208677],[-84.489118,39.209032],[-84.488932,39.209017]]]}},{"type":"Feature","properties":{"pid":"059000720095"},"geometry":{"type":"Polygon","coordinates":[[[-84.488442,39.207607],[-84.488232,39.207589],[-84.488299,39.207111],[-84.48851,39.207129],[-84.488442,39.207607]]]}},{"type":"Feature","properties":{"pid":"059000720098"},"geometry":{"type":"Polygon","coordinates":[[[-84.488703,39.207146],[-84.488878,39.207161],[-84.488811,39.207638],[-84.488635,39.207623],[-84.488703,39.207146]]]}},{"type":"Feature","properties":{"pid":"059000720165"},"geometry":{"type":"Polygon","coordinates":[[[-84.488628,39.208563],[-84.488799,39.208602],[-84.488746,39.209002],[-84.488554,39.208986],[-84.488628,39.208563]]]}},{"type":"Feature","properties":{"pid":"059000720161"},"geometry":{"type":"Polygon","coordinates":[[[-84.488194,39.208463],[-84.487925,39.208816],[-84.48776,39.208733],[-84.488011,39.208432],[-84.488194,39.208463]]]}},{"type":"Feature","properties":{"pid":"059000720168"},"geometry":{"type":"Polygon","coordinates":[[[-84.487996,39.20999],[-84.487696,39.209966],[-84.488135,39.209045],[-84.488305,39.209087],[-84.487996,39.20999]]]}},{"type":"Feature","properties":{"pid":"059000720202"},"geometry":{"type":"Polygon","coordinates":[[[-84.489723,39.208721],[-84.489322,39.20869],[-84.489573,39.208397],[-84.489695,39.208439],[-84.489723,39.208721]]]}},{"type":"Feature","properties":{"pid":"059000720162"},"geometry":{"type":"Polygon","coordinates":[[[-84.488194,39.208463],[-84.488332,39.208495],[-84.488111,39.20889],[-84.487925,39.208816],[-84.488194,39.208463]]]}},{"type":"Feature","properties":{"pid":"059000720201"},"geometry":{"type":"Polygon","coordinates":[[[-84.490277,39.208766],[-84.489723,39.208721],[-84.489695,39.208439],[-84.489788,39.208404],[-84.490277,39.208766]]]}},{"type":"Feature","properties":{"pid":"059000720187"},"geometry":{"type":"Polygon","coordinates":[[[-84.488884,39.209151],[-84.489102,39.209169],[-84.488983,39.210069],[-84.488766,39.210051],[-84.488884,39.209151]]]}},{"type":"Feature","properties":{"pid":"059000720155"},"geometry":{"type":"Polygon","coordinates":[[[-84.487889,39.208429],[-84.48782,39.208447],[-84.487594,39.20814],[-84.487723,39.208077],[-84.487904,39.208059],[-84.487889,39.208429]]]}},{"type":"Feature","properties":{"pid":"059000720174"},"geometry":{"type":"Polygon","coordinates":[[[-84.488981,39.208643],[-84.488932,39.209017],[-84.488751,39.209003],[-84.488804,39.208603],[-84.488981,39.208643]]]}},{"type":"Feature","properties":{"pid":"059000720177"},"geometry":{"type":"Polygon","coordinates":[[[-84.489304,39.209047],[-84.489351,39.208692],[-84.489537,39.208707],[-84.48949,39.209062],[-84.489304,39.209047]]]}},{"type":"Feature","properties":{"pid":"059000720179"},"geometry":{"type":"Polygon","coordinates":[[[-84.489676,39.209076],[-84.489723,39.208721],[-84.489909,39.208736],[-84.489862,39.209091],[-84.489676,39.209076]]]}},{"type":"Feature","properties":{"pid":"059000720124"},"geometry":{"type":"Polygon","coordinates":[[[-84.489405,39.207206],[-84.489593,39.207222],[-84.489552,39.207633],[-84.489347,39.207615],[-84.489405,39.207206]]]}},{"type":"Feature","properties":{"pid":"059000720185"},"geometry":{"type":"Polygon","coordinates":[[[-84.489327,39.209187],[-84.489551,39.209204],[-84.489433,39.210105],[-84.489208,39.210087],[-84.489327,39.209187]]]}},{"type":"Feature","properties":{"pid":"059000720176"},"geometry":{"type":"Polygon","coordinates":[[[-84.489118,39.209032],[-84.489165,39.208677],[-84.489351,39.208692],[-84.489304,39.209047],[-84.489118,39.209032]]]}},{"type":"Feature","properties":{"pid":"059000720194"},"geometry":{"type":"Polygon","coordinates":[[[-84.488531,39.207614],[-84.488742,39.207633],[-84.488729,39.207942],[-84.488518,39.207936],[-84.488531,39.207614]]]}},{"type":"Feature","properties":{"pid":"059000720205"},"geometry":{"type":"Polygon","coordinates":[[[-84.488944,39.208635],[-84.488848,39.208613],[-84.489064,39.208126],[-84.489275,39.208201],[-84.488944,39.208635]]]}},{"type":"Feature","properties":{"pid":"059000720181"},"geometry":{"type":"Polygon","coordinates":[[[-84.490048,39.209106],[-84.490095,39.208751],[-84.490277,39.208766],[-84.490242,39.209122],[-84.490048,39.209106]]]}},{"type":"Feature","properties":{"pid":"059000720207"},"geometry":{"type":"Polygon","coordinates":[[[-84.488753,39.208591],[-84.48861,39.208558],[-84.488634,39.208077],[-84.488838,39.208086],[-84.488753,39.208591]]]}},{"type":"Feature","properties":{"pid":"059000720094"},"geometry":{"type":"Polygon","coordinates":[[[-84.48851,39.207129],[-84.488703,39.207146],[-84.488635,39.207623],[-84.488442,39.207607],[-84.48851,39.207129]]]}},{"type":"Feature","properties":{"pid":"059000720164"},"geometry":{"type":"Polygon","coordinates":[[[-84.488346,39.208954],[-84.488492,39.208531],[-84.488628,39.208563],[-84.488554,39.208986],[-84.488346,39.208954]]]}},{"type":"Feature","properties":{"pid":"059000720184"},"geometry":{"type":"Polygon","coordinates":[[[-84.489551,39.209204],[-84.489776,39.209222],[-84.489657,39.210122],[-84.489433,39.210105],[-84.489551,39.209204]]]}},{"type":"Feature","properties":{"pid":"024000020098"},"geometry":{"type":"Polygon","coordinates":[[[-84.479013,39.194516],[-84.478605,39.194253],[-84.478718,39.194147],[-84.479125,39.194411],[-84.479013,39.194516]]]}},{"type":"Feature","properties":{"pid":"024000020021"},"geometry":{"type":"Polygon","coordinates":[[[-84.479204,39.195068],[-84.479091,39.195174],[-84.478684,39.194911],[-84.478796,39.194805],[-84.479204,39.195068]]]}},{"type":"Feature","properties":{"pid":"024000020069"},"geometry":{"type":"Polygon","coordinates":[[[-84.478802,39.195165],[-84.478666,39.195078],[-84.478779,39.194972],[-84.478914,39.19506],[-84.478802,39.195165]]]}},{"type":"Feature","properties":{"pid":"024000020022"},"geometry":{"type":"Polygon","coordinates":[[[-84.479204,39.195068],[-84.478796,39.194805],[-84.478909,39.194699],[-84.479316,39.194962],[-84.479204,39.195068]]]}},{"type":"Feature","properties":{"pid":"024000020023"},"geometry":{"type":"Polygon","coordinates":[[[-84.479361,39.19492],[-84.478954,39.194657],[-84.479067,39.194551],[-84.479474,39.194815],[-84.479361,39.19492]]]}},{"type":"Feature","properties":{"pid":"024000020024"},"geometry":{"type":"Polygon","coordinates":[[[-84.47953,39.194762],[-84.479474,39.194815],[-84.479067,39.194551],[-84.479123,39.194499],[-84.47953,39.194762]]]}},{"type":"Feature","properties":{"pid":"024000020025"},"geometry":{"type":"Polygon","coordinates":[[[-84.479699,39.194603],[-84.479586,39.194709],[-84.479179,39.194446],[-84.479292,39.19434],[-84.479699,39.194603]]]}},{"type":"Feature","properties":{"pid":"024000020066"},"geometry":{"type":"Polygon","coordinates":[[[-84.478684,39.194911],[-84.478779,39.194972],[-84.478666,39.195078],[-84.478571,39.195016],[-84.478684,39.194911]]]}},{"type":"Feature","properties":{"pid":"024000020068"},"geometry":{"type":"Polygon","coordinates":[[[-84.479586,39.194709],[-84.47953,39.194762],[-84.479123,39.194499],[-84.479179,39.194446],[-84.479586,39.194709]]]}},{"type":"Feature","properties":{"pid":"024000020020"},"geometry":{"type":"Polygon","coordinates":[[[-84.479091,39.195174],[-84.478978,39.195279],[-84.478802,39.195165],[-84.478914,39.19506],[-84.479091,39.195174]]]}},{"type":"Feature","properties":{"pid":"066100020359"},"geometry":{"type":"Polygon","coordinates":[[[-84.486888,39.184438],[-84.487162,39.184178],[-84.487228,39.184223],[-84.486954,39.184483],[-84.486888,39.184438]]]}},{"type":"Feature","properties":{"pid":"066100020022"},"geometry":{"type":"Polygon","coordinates":[[[-84.485013,39.188218],[-84.485549,39.188568],[-84.484817,39.18922],[-84.484236,39.188946],[-84.485013,39.188218]]]}},{"type":"Feature","properties":{"pid":"066100020221"},"geometry":{"type":"Polygon","coordinates":[[[-84.48711,39.186754],[-84.487398,39.186496],[-84.487465,39.186542],[-84.487177,39.186799],[-84.48711,39.186754]]]}},{"type":"Feature","properties":{"pid":"066100020184"},"geometry":{"type":"Polygon","coordinates":[[[-84.485755,39.186483],[-84.485811,39.18643],[-84.486142,39.186654],[-84.486086,39.186707],[-84.485755,39.186483]]]}},{"type":"Feature","properties":{"pid":"066100020248"},"geometry":{"type":"Polygon","coordinates":[[[-84.487802,39.186136],[-84.488091,39.185878],[-84.488157,39.185923],[-84.487868,39.186181],[-84.487802,39.186136]]]}},{"type":"Feature","properties":{"pid":"066100020015"},"geometry":{"type":"Polygon","coordinates":[[[-84.485477,39.188519],[-84.485407,39.188473],[-84.485744,39.188185],[-84.48581,39.18823],[-84.485477,39.188519]]]}},{"type":"Feature","properties":{"pid":"066100020290"},"geometry":{"type":"Polygon","coordinates":[[[-84.48928,39.185235],[-84.489338,39.185184],[-84.489671,39.185408],[-84.489613,39.18546],[-84.48928,39.185235]]]}},{"type":"Feature","properties":{"pid":"066100020253"},"geometry":{"type":"Polygon","coordinates":[[[-84.488126,39.186264],[-84.488184,39.186213],[-84.488516,39.186438],[-84.488458,39.186489],[-84.488126,39.186264]]]}},{"type":"Feature","properties":{"pid":"066100020276"},"geometry":{"type":"Polygon","coordinates":[[[-84.488428,39.185474],[-84.488717,39.185217],[-84.488784,39.185262],[-84.488495,39.185519],[-84.488428,39.185474]]]}},{"type":"Feature","properties":{"pid":"066100020195"},"geometry":{"type":"Polygon","coordinates":[[[-84.486485,39.187418],[-84.486773,39.18716],[-84.48684,39.187205],[-84.486551,39.187463],[-84.486485,39.187418]]]}},{"type":"Feature","properties":{"pid":"066100020058"},"geometry":{"type":"Polygon","coordinates":[[[-84.483626,39.187241],[-84.483498,39.187569],[-84.483414,39.187548],[-84.48355,39.187222],[-84.483626,39.187241]]]}},{"type":"Feature","properties":{"pid":"066100020412"},"geometry":{"type":"Polygon","coordinates":[[[-84.486958,39.185127],[-84.487237,39.184863],[-84.487303,39.184908],[-84.487025,39.185172],[-84.486958,39.185127]]]}},{"type":"Feature","properties":{"pid":"066100020202"},"geometry":{"type":"Polygon","coordinates":[[[-84.486926,39.187336],[-84.486972,39.187294],[-84.487298,39.187525],[-84.487259,39.187561],[-84.486926,39.187336]]]}},{"type":"Feature","properties":{"pid":"066100020264"},"geometry":{"type":"Polygon","coordinates":[[[-84.488157,39.185923],[-84.488445,39.185666],[-84.488512,39.185711],[-84.488224,39.185968],[-84.488157,39.185923]]]}},{"type":"Feature","properties":{"pid":"066100020251"},"geometry":{"type":"Polygon","coordinates":[[[-84.488002,39.186271],[-84.488291,39.186013],[-84.488357,39.186058],[-84.488068,39.186316],[-84.488002,39.186271]]]}},{"type":"Feature","properties":{"pid":"066100020013"},"geometry":{"type":"Polygon","coordinates":[[[-84.486207,39.188501],[-84.48615,39.188553],[-84.485818,39.188327],[-84.485876,39.188275],[-84.486207,39.188501]]]}},{"type":"Feature","properties":{"pid":"066100020187"},"geometry":{"type":"Polygon","coordinates":[[[-84.485922,39.186324],[-84.485977,39.186272],[-84.48631,39.186496],[-84.486254,39.186549],[-84.485922,39.186324]]]}},{"type":"Feature","properties":{"pid":"066100020280"},"geometry":{"type":"Polygon","coordinates":[[[-84.488694,39.185653],[-84.488983,39.185396],[-84.489049,39.185441],[-84.488761,39.185698],[-84.488694,39.185653]]]}},{"type":"Feature","properties":{"pid":"024000030061"},"geometry":{"type":"Polygon","coordinates":[[[-84.47698,39.193832],[-84.476631,39.19361],[-84.476746,39.193506],[-84.477096,39.193723],[-84.47698,39.193832]]]}},{"type":"Feature","properties":{"pid":"024000020091"},"geometry":{"type":"Polygon","coordinates":[[[-84.477737,39.193901],[-84.478091,39.193571],[-84.478144,39.193605],[-84.47779,39.193936],[-84.477737,39.193901]]]}},{"type":"Feature","properties":{"pid":"066100020348"},"geometry":{"type":"Polygon","coordinates":[[[-84.48765,39.184689],[-84.487706,39.184636],[-84.488039,39.184861],[-84.487983,39.184914],[-84.48765,39.184689]]]}},{"type":"Feature","properties":{"pid":"024100040037"},"geometry":{"type":"Polygon","coordinates":[[[-84.484306,39.189374],[-84.484508,39.1892],[-84.484623,39.189202],[-84.484378,39.189409],[-84.484306,39.189374]]]}},{"type":"Feature","properties":{"pid":"066100020344"},"geometry":{"type":"Polygon","coordinates":[[[-84.487873,39.184478],[-84.487929,39.184425],[-84.488262,39.18465],[-84.488206,39.184703],[-84.487873,39.184478]]]}},{"type":"Feature","properties":{"pid":"066100020235"},"geometry":{"type":"Polygon","coordinates":[[[-84.487598,39.186631],[-84.487886,39.186374],[-84.487952,39.186419],[-84.487664,39.186676],[-84.487598,39.186631]]]}},{"type":"Feature","properties":{"pid":"066100020005"},"geometry":{"type":"Polygon","coordinates":[[[-84.4851,39.188969],[-84.485278,39.18881],[-84.485606,39.18904],[-84.485432,39.189196],[-84.4851,39.188969]]]}},{"type":"Feature","properties":{"pid":"066100020315"},"geometry":{"type":"Polygon","coordinates":[[[-84.489772,39.184796],[-84.489858,39.184721],[-84.490191,39.184945],[-84.490104,39.185022],[-84.489772,39.184796]]]}},{"type":"Feature","properties":{"pid":"066100020086"},"geometry":{"type":"Polygon","coordinates":[[[-84.48397,39.187328],[-84.484106,39.187002],[-84.48419,39.187023],[-84.484054,39.187349],[-84.48397,39.187328]]]}},{"type":"Feature","properties":{"pid":"066100020223"},"geometry":{"type":"Polygon","coordinates":[[[-84.487243,39.186844],[-84.487531,39.186587],[-84.487598,39.186631],[-84.487309,39.186889],[-84.487243,39.186844]]]}},{"type":"Feature","properties":{"pid":"066100020269"},"geometry":{"type":"Polygon","coordinates":[[[-84.487825,39.185699],[-84.488113,39.185443],[-84.48818,39.185487],[-84.487892,39.185744],[-84.487825,39.185699]]]}},{"type":"Feature","properties":{"pid":"066100020130"},"geometry":{"type":"Polygon","coordinates":[[[-84.485463,39.186848],[-84.485511,39.186861],[-84.485543,39.186792],[-84.485806,39.18697],[-84.485738,39.187034],[-84.485463,39.186848]]]}},{"type":"Feature","properties":{"pid":"066100020081"},"geometry":{"type":"Polygon","coordinates":[[[-84.48355,39.187222],[-84.483687,39.186895],[-84.483771,39.186917],[-84.483634,39.187243],[-84.48355,39.187222]]]}},{"type":"Feature","properties":{"pid":"066100020040"},"geometry":{"type":"Polygon","coordinates":[[[-84.483741,39.188374],[-84.483792,39.188327],[-84.48414,39.188548],[-84.484079,39.188605],[-84.483741,39.188374]]]}},{"type":"Feature","properties":{"pid":"066100020101"},"geometry":{"type":"Polygon","coordinates":[[[-84.485628,39.187925],[-84.48553,39.187856],[-84.485817,39.187599],[-84.485917,39.187667],[-84.485628,39.187925]]]}},{"type":"Feature","properties":{"pid":"066100020215"},"geometry":{"type":"Polygon","coordinates":[[[-84.486441,39.186935],[-84.486729,39.186678],[-84.486795,39.186722],[-84.486508,39.18698],[-84.486441,39.186935]]]}},{"type":"Feature","properties":{"pid":"066100020041"},"geometry":{"type":"Polygon","coordinates":[[[-84.48414,39.188548],[-84.483792,39.188327],[-84.483842,39.188279],[-84.48419,39.1885],[-84.48414,39.188548]]]}},{"type":"Feature","properties":{"pid":"024100040035"},"geometry":{"type":"Polygon","coordinates":[[[-84.484444,39.189441],[-84.484733,39.18918],[-84.484817,39.18922],[-84.484517,39.189477],[-84.484444,39.189441]]]}},{"type":"Feature","properties":{"pid":"066100020331"},"geometry":{"type":"Polygon","coordinates":[[[-84.489145,39.18442],[-84.489242,39.184333],[-84.489347,39.184344],[-84.489211,39.184465],[-84.489145,39.18442]]]}},{"type":"Feature","properties":{"pid":"066100020103"},"geometry":{"type":"Polygon","coordinates":[[[-84.485793,39.188037],[-84.4857,39.187974],[-84.485989,39.187716],[-84.486082,39.187779],[-84.485793,39.188037]]]}},{"type":"Feature","properties":{"pid":"066100020114"},"geometry":{"type":"Polygon","coordinates":[[[-84.486785,39.187984],[-84.486453,39.187759],[-84.486511,39.187707],[-84.486843,39.187932],[-84.486785,39.187984]]]}},{"type":"Feature","properties":{"pid":"066100020110"},"geometry":{"type":"Polygon","coordinates":[[[-84.486165,39.188017],[-84.486222,39.187966],[-84.486554,39.18819],[-84.486496,39.188242],[-84.486165,39.188017]]]}},{"type":"Feature","properties":{"pid":"066100020061"},"geometry":{"type":"Polygon","coordinates":[[[-84.483802,39.187285],[-84.483928,39.187317],[-84.483791,39.187644],[-84.483665,39.187612],[-84.483802,39.187285]]]}},{"type":"Feature","properties":{"pid":"066100020262"},"geometry":{"type":"Polygon","coordinates":[[[-84.488291,39.186013],[-84.488579,39.185756],[-84.488645,39.185801],[-84.488357,39.186058],[-84.488291,39.186013]]]}},{"type":"Feature","properties":{"pid":"066100020201"},"geometry":{"type":"Polygon","coordinates":[[[-84.487189,39.187622],[-84.486857,39.187398],[-84.486926,39.187336],[-84.487259,39.187561],[-84.487189,39.187622]]]}},{"type":"Feature","properties":{"pid":"066100020190"},"geometry":{"type":"Polygon","coordinates":[[[-84.486125,39.187174],[-84.486404,39.186909],[-84.486508,39.18698],[-84.486219,39.187238],[-84.486125,39.187174]]]}},{"type":"Feature","properties":{"pid":"066100020224"},"geometry":{"type":"Polygon","coordinates":[[[-84.487309,39.186889],[-84.487598,39.186631],[-84.487664,39.186676],[-84.487375,39.186934],[-84.487309,39.186889]]]}},{"type":"Feature","properties":{"pid":"066100020242"},"geometry":{"type":"Polygon","coordinates":[[[-84.487138,39.18632],[-84.487416,39.186056],[-84.487487,39.186104],[-84.487199,39.186362],[-84.487138,39.18632]]]}},{"type":"Feature","properties":{"pid":"066100020321"},"geometry":{"type":"Polygon","coordinates":[[[-84.490147,39.184463],[-84.490234,39.184432],[-84.490537,39.184636],[-84.490479,39.184688],[-84.490147,39.184463]]]}},{"type":"Feature","properties":{"pid":"066100020123"},"geometry":{"type":"Polygon","coordinates":[[[-84.485736,39.187544],[-84.486014,39.187279],[-84.486105,39.187341],[-84.485817,39.187599],[-84.485736,39.187544]]]}},{"type":"Feature","properties":{"pid":"066100020329"},"geometry":{"type":"Polygon","coordinates":[[[-84.489278,39.18451],[-84.489452,39.184354],[-84.489557,39.184364],[-84.489344,39.184555],[-84.489278,39.18451]]]}},{"type":"Feature","properties":{"pid":"066100020044"},"geometry":{"type":"Polygon","coordinates":[[[-84.483969,39.18816],[-84.484058,39.188077],[-84.484401,39.188299],[-84.484314,39.188382],[-84.483969,39.18816]]]}},{"type":"Feature","properties":{"pid":"066100020012"},"geometry":{"type":"Polygon","coordinates":[[[-84.486092,39.188604],[-84.485761,39.188379],[-84.485818,39.188327],[-84.48615,39.188553],[-84.486092,39.188604]]]}},{"type":"Feature","properties":{"pid":"066100020296"},"geometry":{"type":"Polygon","coordinates":[[[-84.488651,39.185172],[-84.48894,39.184915],[-84.489006,39.184959],[-84.488717,39.185217],[-84.488651,39.185172]]]}},{"type":"Feature","properties":{"pid":"066100020347"},"geometry":{"type":"Polygon","coordinates":[[[-84.487706,39.184636],[-84.487765,39.18458],[-84.488095,39.184808],[-84.488039,39.184861],[-84.487706,39.184636]]]}},{"type":"Feature","properties":{"pid":"066100020092"},"geometry":{"type":"Polygon","coordinates":[[[-84.484557,39.187477],[-84.484473,39.187455],[-84.484609,39.187129],[-84.484693,39.18715],[-84.484557,39.187477]]]}},{"type":"Feature","properties":{"pid":"066100020006"},"geometry":{"type":"Polygon","coordinates":[[[-84.485802,39.188863],[-84.485606,39.18904],[-84.485278,39.18881],[-84.485471,39.188638],[-84.485802,39.188863]]]}},{"type":"Feature","properties":{"pid":"066100020257"},"geometry":{"type":"Polygon","coordinates":[[[-84.488357,39.186058],[-84.488415,39.186007],[-84.488747,39.186231],[-84.488689,39.186283],[-84.488357,39.186058]]]}},{"type":"Feature","properties":{"pid":"066100020212"},"geometry":{"type":"Polygon","coordinates":[[[-84.48664,39.18707],[-84.486928,39.186812],[-84.486995,39.186858],[-84.486707,39.187115],[-84.48664,39.18707]]]}},{"type":"Feature","properties":{"pid":"066100020475"},"geometry":{"type":"Polygon","coordinates":[[[-84.486234,39.185812],[-84.486289,39.18576],[-84.486622,39.185984],[-84.486566,39.186037],[-84.486234,39.185812]]]}},{"type":"Feature","properties":{"pid":"066100020561"},"geometry":{"type":"Polygon","coordinates":[[[-84.489578,39.185166],[-84.489808,39.184957],[-84.490017,39.1851],[-84.489786,39.185305],[-84.489578,39.185166]]]}},{"type":"Feature","properties":{"pid":"066100020091"},"geometry":{"type":"Polygon","coordinates":[[[-84.484473,39.187455],[-84.484389,39.187434],[-84.484526,39.187108],[-84.484609,39.187129],[-84.484473,39.187455]]]}},{"type":"Feature","properties":{"pid":"066100020189"},"geometry":{"type":"Polygon","coordinates":[[[-84.485883,39.186118],[-84.486033,39.186219],[-84.485675,39.186559],[-84.485883,39.186118]]]}},{"type":"Feature","properties":{"pid":"024100040032"},"geometry":{"type":"Polygon","coordinates":[[[-84.484702,39.189318],[-84.484761,39.189268],[-84.485154,39.189446],[-84.485093,39.189501],[-84.484702,39.189318]]]}},{"type":"Feature","properties":{"pid":"066100020240"},"geometry":{"type":"Polygon","coordinates":[[[-84.487266,39.186407],[-84.487554,39.186149],[-84.48762,39.186194],[-84.487332,39.186452],[-84.487266,39.186407]]]}},{"type":"Feature","properties":{"pid":"066100020287"},"geometry":{"type":"Polygon","coordinates":[[[-84.489227,39.185471],[-84.489285,39.185419],[-84.489497,39.185562],[-84.489439,39.185614],[-84.489227,39.185471]]]}},{"type":"Feature","properties":{"pid":"024000020044"},"geometry":{"type":"Polygon","coordinates":[[[-84.478316,39.194237],[-84.478015,39.194045],[-84.478122,39.193945],[-84.478423,39.194136],[-84.478316,39.194237]]]}},{"type":"Feature","properties":{"pid":"024000020045"},"geometry":{"type":"Polygon","coordinates":[[[-84.478423,39.194136],[-84.478122,39.193945],[-84.478182,39.193889],[-84.478484,39.194078],[-84.478423,39.194136]]]}},{"type":"Feature","properties":{"pid":"024000020056"},"geometry":{"type":"Polygon","coordinates":[[[-84.477375,39.194235],[-84.477076,39.194044],[-84.477153,39.193972],[-84.477452,39.194164],[-84.477375,39.194235]]]}},{"type":"Feature","properties":{"pid":"059000720183"},"geometry":{"type":"Polygon","coordinates":[[[-84.489776,39.209222],[-84.490001,39.20924],[-84.489882,39.21014],[-84.489657,39.210122],[-84.489776,39.209222]]]}},{"type":"Feature","properties":{"pid":"059000720180"},"geometry":{"type":"Polygon","coordinates":[[[-84.489862,39.209091],[-84.489909,39.208736],[-84.490095,39.208751],[-84.490048,39.209106],[-84.489862,39.209091]]]}},{"type":"Feature","properties":{"pid":"059000720199"},"geometry":{"type":"Polygon","coordinates":[[[-84.489601,39.208079],[-84.490338,39.208142],[-84.490318,39.208325],[-84.489826,39.208329],[-84.489765,39.208239],[-84.489525,39.208164],[-84.489601,39.208079]]]}},{"type":"Feature","properties":{"pid":"024000020059"},"geometry":{"type":"Polygon","coordinates":[[[-84.477759,39.19388],[-84.477526,39.193729],[-84.477637,39.193625],[-84.47787,39.193777],[-84.477759,39.19388]]]}},{"type":"Feature","properties":{"pid":"066100020341"},"geometry":{"type":"Polygon","coordinates":[[[-84.488041,39.184319],[-84.488097,39.184267],[-84.48843,39.184492],[-84.488374,39.184545],[-84.488041,39.184319]]]}},{"type":"Feature","properties":{"pid":"066100020309"},"geometry":{"type":"Polygon","coordinates":[[[-84.489454,39.185082],[-84.489387,39.185037],[-84.489676,39.184779],[-84.489742,39.184823],[-84.489454,39.185082]]]}},{"type":"Feature","properties":{"pid":"066100020255"},"geometry":{"type":"Polygon","coordinates":[[[-84.488321,39.186215],[-84.488378,39.186164],[-84.488631,39.186334],[-84.488574,39.186386],[-84.488321,39.186215]]]}},{"type":"Feature","properties":{"pid":"066100020266"},"geometry":{"type":"Polygon","coordinates":[[[-84.488025,39.185834],[-84.488313,39.185577],[-84.488379,39.185622],[-84.488091,39.185878],[-84.488025,39.185834]]]}},{"type":"Feature","properties":{"pid":"066100020120"},"geometry":{"type":"Polygon","coordinates":[[[-84.486015,39.187734],[-84.485949,39.187688],[-84.486237,39.187431],[-84.486304,39.187476],[-84.486015,39.187734]]]}},{"type":"Feature","properties":{"pid":"024300030034"},"geometry":{"type":"Polygon","coordinates":[[[-84.46693,39.2061],[-84.467037,39.205909],[-84.467288,39.206007],[-84.467181,39.206199],[-84.46693,39.2061]]]}},{"type":"Feature","properties":{"pid":"024300030078"},"geometry":{"type":"Polygon","coordinates":[[[-84.467307,39.205418],[-84.467436,39.205468],[-84.467196,39.205897],[-84.46707,39.205848],[-84.467307,39.205418]]]}},{"type":"Feature","properties":{"pid":"059000720196"},"geometry":{"type":"Polygon","coordinates":[[[-84.488933,39.207958],[-84.488996,39.207585],[-84.489283,39.20761],[-84.489117,39.207995],[-84.488933,39.207958]]]}},{"type":"Feature","properties":{"pid":"059000720123"},"geometry":{"type":"Polygon","coordinates":[[[-84.489229,39.207191],[-84.489405,39.207206],[-84.489347,39.207615],[-84.489171,39.2076],[-84.489229,39.207191]]]}},{"type":"Feature","properties":{"pid":"059000720140"},"geometry":{"type":"Polygon","coordinates":[[[-84.487486,39.208759],[-84.487342,39.208931],[-84.487045,39.208782],[-84.487201,39.208623],[-84.487486,39.208759]]]}},{"type":"Feature","properties":{"pid":"059000720178"},"geometry":{"type":"Polygon","coordinates":[[[-84.489676,39.209076],[-84.48949,39.209062],[-84.489537,39.208707],[-84.489723,39.208721],[-84.489676,39.209076]]]}},{"type":"Feature","properties":{"pid":"059000720118"},"geometry":{"type":"Polygon","coordinates":[[[-84.489601,39.208079],[-84.489687,39.20723],[-84.489772,39.207237],[-84.489737,39.207602],[-84.490386,39.207657],[-84.490338,39.208142],[-84.489601,39.208079]]]}},{"type":"Feature","properties":{"pid":"024000040043"},"geometry":{"type":"Polygon","coordinates":[[[-84.482135,39.194192],[-84.48243,39.194344],[-84.482356,39.194416],[-84.482504,39.194515],[-84.482393,39.194621],[-84.481969,39.194354],[-84.482135,39.194192]]]}},{"type":"Feature","properties":{"pid":"024000040053"},"geometry":{"type":"Polygon","coordinates":[[[-84.481918,39.194178],[-84.481862,39.194231],[-84.481455,39.193969],[-84.48151,39.193915],[-84.481918,39.194178]]]}},{"type":"Feature","properties":{"pid":"024000040069"},"geometry":{"type":"Polygon","coordinates":[[[-84.481913,39.19364],[-84.481668,39.193874],[-84.4816,39.19383],[-84.481845,39.193596],[-84.481913,39.19364]]]}},{"type":"Feature","properties":{"pid":"024000040070"},"geometry":{"type":"Polygon","coordinates":[[[-84.481981,39.193684],[-84.481736,39.193918],[-84.481668,39.193874],[-84.481913,39.19364],[-84.481981,39.193684]]]}},{"type":"Feature","properties":{"pid":"024000040072"},"geometry":{"type":"Polygon","coordinates":[[[-84.482117,39.193771],[-84.481871,39.194005],[-84.481804,39.193962],[-84.482049,39.193728],[-84.482117,39.193771]]]}},{"type":"Feature","properties":{"pid":"024000040073"},"geometry":{"type":"Polygon","coordinates":[[[-84.482185,39.193815],[-84.481939,39.194049],[-84.481871,39.194005],[-84.482117,39.193771],[-84.482185,39.193815]]]}},{"type":"Feature","properties":{"pid":"059000720141"},"geometry":{"type":"Polygon","coordinates":[[[-84.486949,39.208897],[-84.487045,39.208782],[-84.487342,39.208931],[-84.487364,39.209106],[-84.486949,39.208897]]]}},{"type":"Feature","properties":{"pid":"059000720170"},"geometry":{"type":"Polygon","coordinates":[[[-84.487239,39.209929],[-84.487235,39.209665],[-84.487816,39.208925],[-84.487972,39.208991],[-84.487379,39.209941],[-84.487239,39.209929]]]}},{"type":"Feature","properties":{"pid":"059000720096"},"geometry":{"type":"Polygon","coordinates":[[[-84.489054,39.207176],[-84.488986,39.207654],[-84.488811,39.207638],[-84.488878,39.207161],[-84.489054,39.207176]]]}},{"type":"Feature","properties":{"pid":"059000720160"},"geometry":{"type":"Polygon","coordinates":[[[-84.487582,39.208644],[-84.487726,39.208471],[-84.488011,39.208432],[-84.48776,39.208733],[-84.487582,39.208644]]]}},{"type":"Feature","properties":{"pid":"059000720197"},"geometry":{"type":"Polygon","coordinates":[[[-84.489283,39.20761],[-84.489554,39.207633],[-84.489291,39.208052],[-84.489117,39.207995],[-84.489283,39.20761]]]}},{"type":"Feature","properties":{"pid":"066100020351"},"geometry":{"type":"Polygon","coordinates":[[[-84.487419,39.1848],[-84.487699,39.184535],[-84.487765,39.18458],[-84.487485,39.184845],[-84.487419,39.1848]]]}},{"type":"Feature","properties":{"pid":"066100020413"},"geometry":{"type":"Polygon","coordinates":[[[-84.487025,39.185172],[-84.487303,39.184908],[-84.48737,39.184953],[-84.487091,39.185216],[-84.487025,39.185172]]]}},{"type":"Feature","properties":{"pid":"066100020272"},"geometry":{"type":"Polygon","coordinates":[[[-84.488162,39.185294],[-84.488451,39.185037],[-84.488518,39.185082],[-84.488229,39.18534],[-84.488162,39.185294]]]}},{"type":"Feature","properties":{"pid":"024000040050"},"geometry":{"type":"Polygon","coordinates":[[[-84.481167,39.194243],[-84.481278,39.194137],[-84.481686,39.194399],[-84.481574,39.194506],[-84.481167,39.194243]]]}},{"type":"Feature","properties":{"pid":"024000040051"},"geometry":{"type":"Polygon","coordinates":[[[-84.481686,39.194399],[-84.481278,39.194137],[-84.481399,39.194022],[-84.481806,39.194284],[-84.481686,39.194399]]]}},{"type":"Feature","properties":{"pid":"024000040052"},"geometry":{"type":"Polygon","coordinates":[[[-84.481862,39.194231],[-84.481806,39.194284],[-84.481399,39.194022],[-84.481455,39.193969],[-84.481862,39.194231]]]}},{"type":"Feature","properties":{"pid":"024000040075"},"geometry":{"type":"Polygon","coordinates":[[[-84.482204,39.194234],[-84.482135,39.194192],[-84.48239,39.193949],[-84.482458,39.193991],[-84.482204,39.194234]]]}},{"type":"Feature","properties":{"pid":"024000040042"},"geometry":{"type":"Polygon","coordinates":[[[-84.482282,39.194727],[-84.481859,39.194461],[-84.481969,39.194354],[-84.482393,39.194621],[-84.482282,39.194727]]]}},{"type":"Feature","properties":{"pid":"024000040114"},"geometry":{"type":"Polygon","coordinates":[[[-84.481331,39.195417],[-84.481688,39.195076],[-84.481802,39.19515],[-84.481723,39.19526],[-84.481658,39.195534],[-84.481472,39.195507],[-84.481331,39.195417]]]}},{"type":"Feature","properties":{"pid":"024000040026"},"geometry":{"type":"Polygon","coordinates":[[[-84.48183,39.195168],[-84.481886,39.195176],[-84.481797,39.195554],[-84.481658,39.195534],[-84.481723,39.19526],[-84.48183,39.195168]]]}},{"type":"Feature","properties":{"pid":"024400030007"},"geometry":{"type":"Polygon","coordinates":[[[-84.47034,39.211061],[-84.470111,39.211311],[-84.469258,39.210949],[-84.469505,39.210588],[-84.47034,39.211061]]]}},{"type":"Feature","properties":{"pid":"024400030008"},"geometry":{"type":"Polygon","coordinates":[[[-84.470448,39.210947],[-84.469593,39.210461],[-84.469843,39.210195],[-84.470413,39.210519],[-84.470829,39.210075],[-84.470957,39.210213],[-84.470935,39.210422],[-84.470448,39.210947]]]}},{"type":"Feature","properties":{"pid":"024400030063"},"geometry":{"type":"Polygon","coordinates":[[[-84.469523,39.211061],[-84.470111,39.211311],[-84.469656,39.211797],[-84.469151,39.211589],[-84.469523,39.211061]]]}},{"type":"Feature","properties":{"pid":"024000040120"},"geometry":{"type":"Polygon","coordinates":[[[-84.480905,39.195144],[-84.480497,39.194881],[-84.480832,39.194562],[-84.48124,39.194825],[-84.480905,39.195144]]]}},{"type":"Feature","properties":{"pid":"024000040074"},"geometry":{"type":"Polygon","coordinates":[[[-84.482253,39.193859],[-84.482008,39.194093],[-84.481939,39.194049],[-84.482185,39.193815],[-84.482253,39.193859]]]}},{"type":"Feature","properties":{"pid":"024000040054"},"geometry":{"type":"Polygon","coordinates":[[[-84.481974,39.194125],[-84.481918,39.194178],[-84.48151,39.193915],[-84.481566,39.193862],[-84.481974,39.194125]]]}},{"type":"Feature","properties":{"pid":"066100020333"},"geometry":{"type":"Polygon","coordinates":[[[-84.487373,39.184411],[-84.487266,39.184339],[-84.48746,39.184156],[-84.487626,39.184173],[-84.487373,39.184411]]]}},{"type":"Feature","properties":{"pid":"024000020058"},"geometry":{"type":"Polygon","coordinates":[[[-84.477601,39.194028],[-84.477301,39.193833],[-84.477414,39.193727],[-84.477714,39.193922],[-84.477601,39.194028]]]}},{"type":"Feature","properties":{"pid":"024500040030"},"geometry":{"type":"Polygon","coordinates":[[[-84.463573,39.214595],[-84.463611,39.214461],[-84.464128,39.214549],[-84.46409,39.214684],[-84.463573,39.214595]]]}},{"type":"Feature","properties":{"pid":"024500040031"},"geometry":{"type":"Polygon","coordinates":[[[-84.46365,39.214327],[-84.464166,39.214416],[-84.464128,39.214549],[-84.463611,39.214461],[-84.46365,39.214327]]]}},{"type":"Feature","properties":{"pid":"024500040032"},"geometry":{"type":"Polygon","coordinates":[[[-84.463688,39.214193],[-84.464205,39.214282],[-84.464166,39.214416],[-84.46365,39.214327],[-84.463688,39.214193]]]}},{"type":"Feature","properties":{"pid":"024500040033"},"geometry":{"type":"Polygon","coordinates":[[[-84.463688,39.214193],[-84.463726,39.214061],[-84.464242,39.214149],[-84.464205,39.214282],[-84.463688,39.214193]]]}},{"type":"Feature","properties":{"pid":"024500040051"},"geometry":{"type":"Polygon","coordinates":[[[-84.463055,39.214506],[-84.463101,39.214344],[-84.463619,39.214434],[-84.463573,39.214595],[-84.463055,39.214506]]]}},{"type":"Feature","properties":{"pid":"024500040052"},"geometry":{"type":"Polygon","coordinates":[[[-84.463144,39.214198],[-84.463661,39.214288],[-84.463619,39.214434],[-84.463101,39.214344],[-84.463144,39.214198]]]}},{"type":"Feature","properties":{"pid":"024500040053"},"geometry":{"type":"Polygon","coordinates":[[[-84.463688,39.214193],[-84.463661,39.214288],[-84.463144,39.214198],[-84.463174,39.214092],[-84.463688,39.214193]]]}},{"type":"Feature","properties":{"pid":"024500040065"},"geometry":{"type":"Polygon","coordinates":[[[-84.463631,39.212501],[-84.46369,39.212301],[-84.464013,39.212305],[-84.463941,39.212555],[-84.463631,39.212501]]]}},{"type":"Feature","properties":{"pid":"023900030013"},"geometry":{"type":"Polygon","coordinates":[[[-84.485121,39.195781],[-84.487035,39.193726],[-84.48754,39.194136],[-84.488018,39.194145],[-84.486512,39.195743],[-84.485121,39.195781]]]}},{"type":"Feature","properties":{"pid":"023900030015"},"geometry":{"type":"Polygon","coordinates":[[[-84.489213,39.195643],[-84.489361,39.195585],[-84.489463,39.195598],[-84.489502,39.195661],[-84.488736,39.195682],[-84.489213,39.195643]]]}},{"type":"Feature","properties":{"pid":"024200010022"},"geometry":{"type":"Polygon","coordinates":[[[-84.471453,39.201735],[-84.471409,39.201738],[-84.471307,39.201561],[-84.471805,39.20128],[-84.47204,39.201092],[-84.471453,39.201735]]]}},{"type":"Feature","properties":{"pid":"066100020222"},"geometry":{"type":"Polygon","coordinates":[[[-84.487177,39.186799],[-84.487465,39.186542],[-84.487531,39.186587],[-84.487243,39.186844],[-84.487177,39.186799]]]}},{"type":"Feature","properties":{"pid":"066100020349"},"geometry":{"type":"Polygon","coordinates":[[[-84.487571,39.184763],[-84.48765,39.184689],[-84.487983,39.184914],[-84.487905,39.184988],[-84.487571,39.184763]]]}},{"type":"Feature","properties":{"pid":"066100020179"},"geometry":{"type":"Polygon","coordinates":[[[-84.485543,39.186792],[-84.485591,39.186734],[-84.485862,39.186917],[-84.485806,39.18697],[-84.485543,39.186792]]]}},{"type":"Feature","properties":{"pid":"066100020183"},"geometry":{"type":"Polygon","coordinates":[[[-84.485699,39.186536],[-84.485755,39.186483],[-84.486086,39.186707],[-84.48603,39.18676],[-84.485699,39.186536]]]}},{"type":"Feature","properties":{"pid":"066100020350"},"geometry":{"type":"Polygon","coordinates":[[[-84.487485,39.184845],[-84.487571,39.184763],[-84.487905,39.184988],[-84.487816,39.18507],[-84.487485,39.184845]]]}},{"type":"Feature","properties":{"pid":"066100020297"},"geometry":{"type":"Polygon","coordinates":[[[-84.488584,39.185127],[-84.488873,39.18487],[-84.48894,39.184915],[-84.488651,39.185172],[-84.488584,39.185127]]]}},{"type":"Feature","properties":{"pid":"066100020417"},"geometry":{"type":"Polygon","coordinates":[[[-84.487147,39.185164],[-84.487203,39.18511],[-84.487536,39.185336],[-84.48748,39.185389],[-84.487147,39.185164]]]}},{"type":"Feature","properties":{"pid":"066100020430"},"geometry":{"type":"Polygon","coordinates":[[[-84.486412,39.185211],[-84.486338,39.18516],[-84.486501,39.184818],[-84.486692,39.184947],[-84.486412,39.185211]]]}},{"type":"Feature","properties":{"pid":"066100020467"},"geometry":{"type":"Polygon","coordinates":[[[-84.486155,39.185669],[-84.48611,39.185639],[-84.486273,39.185296],[-84.486435,39.185406],[-84.486155,39.185669]]]}},{"type":"Feature","properties":{"pid":"066100020271"},"geometry":{"type":"Polygon","coordinates":[[[-84.488132,39.185273],[-84.48841,39.18501],[-84.488451,39.185037],[-84.488162,39.185294],[-84.488132,39.185273]]]}},{"type":"Feature","properties":{"pid":"066100020314"},"geometry":{"type":"Polygon","coordinates":[[[-84.489729,39.184835],[-84.489772,39.184796],[-84.490104,39.185022],[-84.490061,39.185061],[-84.489729,39.184835]]]}},{"type":"Feature","properties":{"pid":"066100020429"},"geometry":{"type":"Polygon","coordinates":[[[-84.486412,39.185211],[-84.486692,39.184947],[-84.486758,39.184992],[-84.486479,39.185255],[-84.486412,39.185211]]]}},{"type":"Feature","properties":{"pid":"066100020199"},"geometry":{"type":"Polygon","coordinates":[[[-84.486808,39.187546],[-84.486866,39.187494],[-84.487131,39.187674],[-84.487074,39.187726],[-84.486808,39.187546]]]}},{"type":"Feature","properties":{"pid":"066100020357"},"geometry":{"type":"Polygon","coordinates":[[[-84.487021,39.184528],[-84.487239,39.184321],[-84.487306,39.184366],[-84.487087,39.184574],[-84.487021,39.184528]]]}},{"type":"Feature","properties":{"pid":"066100020239"},"geometry":{"type":"Polygon","coordinates":[[[-84.487332,39.186452],[-84.48762,39.186194],[-84.487687,39.186239],[-84.487398,39.186496],[-84.487332,39.186452]]]}},{"type":"Feature","properties":{"pid":"066100020197"},"geometry":{"type":"Polygon","coordinates":[[[-84.486618,39.187507],[-84.486906,39.187249],[-84.486972,39.187294],[-84.486684,39.187552],[-84.486618,39.187507]]]}},{"type":"Feature","properties":{"pid":"066100020042"},"geometry":{"type":"Polygon","coordinates":[[[-84.483842,39.188279],[-84.483893,39.188232],[-84.48424,39.188452],[-84.48419,39.1885],[-84.483842,39.188279]]]}},{"type":"Feature","properties":{"pid":"066100020470"},"geometry":{"type":"Polygon","coordinates":[[[-84.486542,39.185569],[-84.486598,39.185516],[-84.486901,39.18572],[-84.486845,39.185773],[-84.486542,39.185569]]]}},{"type":"Feature","properties":{"pid":"066100020181"},"geometry":{"type":"Polygon","coordinates":[[[-84.485623,39.186665],[-84.485656,39.186597],[-84.485974,39.186812],[-84.485918,39.186865],[-84.485623,39.186665]]]}},{"type":"Feature","properties":{"pid":"066100020278"},"geometry":{"type":"Polygon","coordinates":[[[-84.488561,39.185564],[-84.48885,39.185307],[-84.488917,39.185352],[-84.488628,39.185609],[-84.488561,39.185564]]]}},{"type":"Feature","properties":{"pid":"066100020330"},"geometry":{"type":"Polygon","coordinates":[[[-84.489271,39.184505],[-84.489211,39.184465],[-84.489347,39.184344],[-84.489452,39.184354],[-84.489271,39.184505]]]}},{"type":"Feature","properties":{"pid":"066100020471"},"geometry":{"type":"Polygon","coordinates":[[[-84.486457,39.185601],[-84.486512,39.185549],[-84.486845,39.185773],[-84.48679,39.185826],[-84.486457,39.185601]]]}},{"type":"Feature","properties":{"pid":"066100020229"},"geometry":{"type":"Polygon","coordinates":[[[-84.487607,39.186727],[-84.487664,39.186676],[-84.487996,39.186901],[-84.487939,39.186952],[-84.487607,39.186727]]]}},{"type":"Feature","properties":{"pid":"066100020305"},"geometry":{"type":"Polygon","coordinates":[[[-84.489155,39.18488],[-84.489055,39.184812],[-84.489344,39.184555],[-84.489444,39.184622],[-84.489155,39.18488]]]}},{"type":"Feature","properties":{"pid":"066100020106"},"geometry":{"type":"Polygon","coordinates":[[[-84.485926,39.188127],[-84.486214,39.187869],[-84.486281,39.187913],[-84.485991,39.188172],[-84.485926,39.188127]]]}},{"type":"Feature","properties":{"pid":"066100020107"},"geometry":{"type":"Polygon","coordinates":[[[-84.486323,39.188398],[-84.485991,39.188172],[-84.48605,39.18812],[-84.486381,39.188346],[-84.486323,39.188398]]]}},{"type":"Feature","properties":{"pid":"066100020275"},"geometry":{"type":"Polygon","coordinates":[[[-84.488362,39.185429],[-84.488651,39.185172],[-84.488717,39.185217],[-84.488428,39.185474],[-84.488362,39.185429]]]}},{"type":"Feature","properties":{"pid":"066100020018"},"geometry":{"type":"Polygon","coordinates":[[[-84.485271,39.188383],[-84.48522,39.188347],[-84.485549,39.188053],[-84.48561,39.188094],[-84.485271,39.188383]]]}},{"type":"Feature","properties":{"pid":"066100020260"},"geometry":{"type":"Polygon","coordinates":[[[-84.48853,39.185904],[-84.488588,39.185852],[-84.488641,39.185889],[-84.488584,39.18594],[-84.48853,39.185904]]]}},{"type":"Feature","properties":{"pid":"066100020420"},"geometry":{"type":"Polygon","coordinates":[[[-84.486979,39.185322],[-84.487035,39.185269],[-84.487369,39.185494],[-84.487312,39.185547],[-84.486979,39.185322]]]}},{"type":"Feature","properties":{"pid":"066100020469"},"geometry":{"type":"Polygon","coordinates":[[[-84.486222,39.185714],[-84.486501,39.18545],[-84.486568,39.185496],[-84.486289,39.18576],[-84.486222,39.185714]]]}},{"type":"Feature","properties":{"pid":"066100020480"},"geometry":{"type":"Polygon","coordinates":[[[-84.486011,39.186024],[-84.485947,39.185981],[-84.48611,39.185639],[-84.486289,39.18576],[-84.486011,39.186024]]]}},{"type":"Feature","properties":{"pid":"066100020196"},"geometry":{"type":"Polygon","coordinates":[[[-84.486551,39.187463],[-84.48684,39.187205],[-84.486906,39.187249],[-84.486618,39.187507],[-84.486551,39.187463]]]}},{"type":"Feature","properties":{"pid":"066100020428"},"geometry":{"type":"Polygon","coordinates":[[[-84.486479,39.185255],[-84.486758,39.184992],[-84.486825,39.185037],[-84.486545,39.1853],[-84.486479,39.185255]]]}},{"type":"Feature","properties":{"pid":"066100020206"},"geometry":{"type":"Polygon","coordinates":[[[-84.487145,39.18714],[-84.487203,39.187088],[-84.487535,39.187313],[-84.487477,39.187365],[-84.487145,39.18714]]]}},{"type":"Feature","properties":{"pid":"066100020208"},"geometry":{"type":"Polygon","coordinates":[[[-84.486906,39.187249],[-84.487194,39.186992],[-84.48726,39.187037],[-84.486972,39.187294],[-84.486906,39.187249]]]}},{"type":"Feature","properties":{"pid":"066100020250"},"geometry":{"type":"Polygon","coordinates":[[[-84.487935,39.186226],[-84.488224,39.185968],[-84.488291,39.186013],[-84.488002,39.186271],[-84.487935,39.186226]]]}},{"type":"Feature","properties":{"pid":"066100020283"},"geometry":{"type":"Polygon","coordinates":[[[-84.488876,39.185595],[-84.488934,39.185544],[-84.489266,39.185768],[-84.489209,39.18582],[-84.488876,39.185595]]]}},{"type":"Feature","properties":{"pid":"066100020404"},"geometry":{"type":"Polygon","coordinates":[[[-84.486663,39.184476],[-84.486771,39.184548],[-84.486513,39.184791],[-84.486663,39.184476]]]}},{"type":"Feature","properties":{"pid":"066100020311"},"geometry":{"type":"Polygon","coordinates":[[[-84.489512,39.18503],[-84.489569,39.184978],[-84.489687,39.185058],[-84.489631,39.18511],[-84.489512,39.18503]]]}},{"type":"Feature","properties":{"pid":"066100020230"},"geometry":{"type":"Polygon","coordinates":[[[-84.487664,39.186676],[-84.487722,39.186625],[-84.488054,39.186849],[-84.487996,39.186901],[-84.487664,39.186676]]]}},{"type":"Feature","properties":{"pid":"066100020220"},"geometry":{"type":"Polygon","coordinates":[[[-84.487044,39.186709],[-84.487332,39.186452],[-84.487398,39.186496],[-84.48711,39.186754],[-84.487044,39.186709]]]}},{"type":"Feature","properties":{"pid":"066100020102"},"geometry":{"type":"Polygon","coordinates":[[[-84.4857,39.187974],[-84.485628,39.187925],[-84.485917,39.187667],[-84.485989,39.187716],[-84.4857,39.187974]]]}},{"type":"Feature","properties":{"pid":"066100020010"},"geometry":{"type":"Polygon","coordinates":[[[-84.485645,39.188483],[-84.485702,39.188431],[-84.486034,39.188656],[-84.485976,39.188708],[-84.485645,39.188483]]]}},{"type":"Feature","properties":{"pid":"066100020192"},"geometry":{"type":"Polygon","coordinates":[[[-84.486286,39.187283],[-84.486574,39.187025],[-84.48664,39.18707],[-84.486352,39.187328],[-84.486286,39.187283]]]}},{"type":"Feature","properties":{"pid":"066100020219"},"geometry":{"type":"Polygon","coordinates":[[[-84.486977,39.186664],[-84.487266,39.186407],[-84.487332,39.186452],[-84.487044,39.186709],[-84.486977,39.186664]]]}},{"type":"Feature","properties":{"pid":"066100020406"},"geometry":{"type":"Polygon","coordinates":[[[-84.486558,39.184856],[-84.486837,39.184593],[-84.486904,39.184638],[-84.486625,39.184902],[-84.486558,39.184856]]]}},{"type":"Feature","properties":{"pid":"066100020210"},"geometry":{"type":"Polygon","coordinates":[[[-84.486773,39.18716],[-84.487061,39.186902],[-84.487127,39.186947],[-84.48684,39.187205],[-84.486773,39.18716]]]}},{"type":"Feature","properties":{"pid":"066100020281"},"geometry":{"type":"Polygon","coordinates":[[[-84.488761,39.185698],[-84.488818,39.185647],[-84.489151,39.185871],[-84.489093,39.185923],[-84.488761,39.185698]]]}},{"type":"Feature","properties":{"pid":"066100020362"},"geometry":{"type":"Polygon","coordinates":[[[-84.486771,39.184253],[-84.486847,39.184093],[-84.487006,39.184109],[-84.486835,39.18427],[-84.486771,39.184253]]]}},{"type":"Feature","properties":{"pid":"066100020200"},"geometry":{"type":"Polygon","coordinates":[[[-84.486866,39.187494],[-84.486924,39.187443],[-84.487189,39.187622],[-84.487131,39.187674],[-84.486866,39.187494]]]}},{"type":"Feature","properties":{"pid":"066100020304"},"geometry":{"type":"Polygon","coordinates":[[[-84.488989,39.184767],[-84.489278,39.18451],[-84.489344,39.184555],[-84.489055,39.184812],[-84.488989,39.184767]]]}},{"type":"Feature","properties":{"pid":"066100020182"},"geometry":{"type":"Polygon","coordinates":[[[-84.485656,39.186597],[-84.485699,39.186536],[-84.48603,39.18676],[-84.485974,39.186812],[-84.485656,39.186597]]]}},{"type":"Feature","properties":{"pid":"066100020243"},"geometry":{"type":"Polygon","coordinates":[[[-84.487462,39.185906],[-84.487741,39.185642],[-84.487822,39.185697],[-84.487534,39.185955],[-84.487462,39.185906]]]}},{"type":"Feature","properties":{"pid":"066100020241"},"geometry":{"type":"Polygon","coordinates":[[[-84.487199,39.186362],[-84.487487,39.186104],[-84.487554,39.186149],[-84.487266,39.186407],[-84.487199,39.186362]]]}},{"type":"Feature","properties":{"pid":"066100020185"},"geometry":{"type":"Polygon","coordinates":[[[-84.485811,39.18643],[-84.485866,39.186377],[-84.486198,39.186602],[-84.486142,39.186654],[-84.485811,39.18643]]]}},{"type":"Feature","properties":{"pid":"066100020231"},"geometry":{"type":"Polygon","coordinates":[[[-84.487722,39.186625],[-84.487779,39.186573],[-84.488112,39.186798],[-84.488054,39.186849],[-84.487722,39.186625]]]}},{"type":"Feature","properties":{"pid":"066100020203"},"geometry":{"type":"Polygon","coordinates":[[[-84.487305,39.187519],[-84.486972,39.187294],[-84.48703,39.187243],[-84.487362,39.187468],[-84.487305,39.187519]]]}},{"type":"Feature","properties":{"pid":"066100020268"},"geometry":{"type":"Polygon","coordinates":[[[-84.487892,39.185744],[-84.48818,39.185487],[-84.488246,39.185532],[-84.487958,39.185789],[-84.487892,39.185744]]]}},{"type":"Feature","properties":{"pid":"066100020267"},"geometry":{"type":"Polygon","coordinates":[[[-84.487958,39.185789],[-84.488246,39.185532],[-84.488313,39.185577],[-84.488025,39.185834],[-84.487958,39.185789]]]}},{"type":"Feature","properties":{"pid":"066100020238"},"geometry":{"type":"Polygon","coordinates":[[[-84.487398,39.186496],[-84.487687,39.186239],[-84.487753,39.186284],[-84.487465,39.186542],[-84.487398,39.186496]]]}},{"type":"Feature","properties":{"pid":"066100020293"},"geometry":{"type":"Polygon","coordinates":[[[-84.48885,39.185307],[-84.489139,39.185049],[-84.489206,39.185094],[-84.488917,39.185352],[-84.48885,39.185307]]]}},{"type":"Feature","properties":{"pid":"066100020477"},"geometry":{"type":"Polygon","coordinates":[[[-84.486122,39.185918],[-84.486178,39.185865],[-84.486511,39.18609],[-84.486455,39.186142],[-84.486122,39.185918]]]}},{"type":"Feature","properties":{"pid":"066100020274"},"geometry":{"type":"Polygon","coordinates":[[[-84.488295,39.185384],[-84.488584,39.185127],[-84.488651,39.185172],[-84.488362,39.185429],[-84.488295,39.185384]]]}},{"type":"Feature","properties":{"pid":"066100020289"},"geometry":{"type":"Polygon","coordinates":[[[-84.489223,39.185287],[-84.48928,39.185235],[-84.489613,39.18546],[-84.489555,39.185512],[-84.489223,39.185287]]]}},{"type":"Feature","properties":{"pid":"066100020288"},"geometry":{"type":"Polygon","coordinates":[[[-84.489497,39.185562],[-84.489165,39.185338],[-84.489223,39.185287],[-84.489555,39.185512],[-84.489497,39.185562]]]}},{"type":"Feature","properties":{"pid":"066100020016"},"geometry":{"type":"Polygon","coordinates":[[[-84.485678,39.18814],[-84.485744,39.188185],[-84.485407,39.188473],[-84.485336,39.188426],[-84.485678,39.18814]]]}},{"type":"Feature","properties":{"pid":"066100020303"},"geometry":{"type":"Polygon","coordinates":[[[-84.488982,39.184763],[-84.488922,39.184722],[-84.489211,39.184465],[-84.489278,39.18451],[-84.488982,39.184763]]]}},{"type":"Feature","properties":{"pid":"066100020473"},"geometry":{"type":"Polygon","coordinates":[[[-84.486345,39.185707],[-84.486401,39.185654],[-84.486734,39.185879],[-84.486678,39.185932],[-84.486345,39.185707]]]}},{"type":"Feature","properties":{"pid":"066100020009"},"geometry":{"type":"Polygon","coordinates":[[[-84.485918,39.188759],[-84.485587,39.188534],[-84.485645,39.188483],[-84.485976,39.188708],[-84.485918,39.188759]]]}},{"type":"Feature","properties":{"pid":"066100020295"},"geometry":{"type":"Polygon","coordinates":[[[-84.488717,39.185217],[-84.489006,39.184959],[-84.489073,39.185004],[-84.488784,39.185262],[-84.488717,39.185217]]]}},{"type":"Feature","properties":{"pid":"066100020198"},"geometry":{"type":"Polygon","coordinates":[[[-84.486751,39.187597],[-84.486808,39.187546],[-84.487074,39.187726],[-84.487016,39.187777],[-84.486751,39.187597]]]}},{"type":"Feature","properties":{"pid":"066100020126"},"geometry":{"type":"Polygon","coordinates":[[[-84.485184,39.187023],[-84.485242,39.186968],[-84.485571,39.18719],[-84.485513,39.187245],[-84.485184,39.187023]]]}},{"type":"Feature","properties":{"pid":"066100020421"},"geometry":{"type":"Polygon","coordinates":[[[-84.486924,39.185374],[-84.486979,39.185322],[-84.487312,39.185547],[-84.487257,39.185599],[-84.486924,39.185374]]]}},{"type":"Feature","properties":{"pid":"066100020265"},"geometry":{"type":"Polygon","coordinates":[[[-84.488091,39.185878],[-84.488379,39.185622],[-84.488445,39.185666],[-84.488157,39.185923],[-84.488091,39.185878]]]}},{"type":"Feature","properties":{"pid":"066100020117"},"geometry":{"type":"Polygon","coordinates":[[[-84.486148,39.187824],[-84.486436,39.187566],[-84.486502,39.187611],[-84.486214,39.187869],[-84.486148,39.187824]]]}},{"type":"Feature","properties":{"pid":"066100020111"},"geometry":{"type":"Polygon","coordinates":[[[-84.486222,39.187966],[-84.486309,39.187888],[-84.486641,39.188113],[-84.486554,39.18819],[-84.486222,39.187966]]]}},{"type":"Feature","properties":{"pid":"066100020232"},"geometry":{"type":"Polygon","coordinates":[[[-84.487779,39.186573],[-84.487837,39.186522],[-84.488169,39.186746],[-84.488112,39.186798],[-84.487779,39.186573]]]}},{"type":"Feature","properties":{"pid":"066100020407"},"geometry":{"type":"Polygon","coordinates":[[[-84.486625,39.184902],[-84.486904,39.184638],[-84.486971,39.184683],[-84.486692,39.184947],[-84.486625,39.184902]]]}},{"type":"Feature","properties":{"pid":"066100020299"},"geometry":{"type":"Polygon","coordinates":[[[-84.488451,39.185037],[-84.48874,39.18478],[-84.488807,39.184825],[-84.488518,39.185082],[-84.488451,39.185037]]]}},{"type":"Feature","properties":{"pid":"066100020214"},"geometry":{"type":"Polygon","coordinates":[[[-84.486508,39.18698],[-84.486795,39.186722],[-84.486862,39.186767],[-84.486574,39.187025],[-84.486508,39.18698]]]}},{"type":"Feature","properties":{"pid":"066100020282"},"geometry":{"type":"Polygon","coordinates":[[[-84.488818,39.185647],[-84.488876,39.185595],[-84.489209,39.18582],[-84.489151,39.185871],[-84.488818,39.185647]]]}},{"type":"Feature","properties":{"pid":"066100020291"},"geometry":{"type":"Polygon","coordinates":[[[-84.488983,39.185396],[-84.489272,39.185139],[-84.489338,39.185184],[-84.489049,39.185441],[-84.488983,39.185396]]]}},{"type":"Feature","properties":{"pid":"066100020204"},"geometry":{"type":"Polygon","coordinates":[[[-84.48703,39.187243],[-84.487088,39.187191],[-84.48742,39.187416],[-84.487362,39.187468],[-84.48703,39.187243]]]}},{"type":"Feature","properties":{"pid":"066100020334"},"geometry":{"type":"Polygon","coordinates":[[[-84.487153,39.184619],[-84.487626,39.184173],[-84.488141,39.184225],[-84.487765,39.18458],[-84.487699,39.184535],[-84.487419,39.1848],[-84.487153,39.184619]]]}},{"type":"Feature","properties":{"pid":"066100020115"},"geometry":{"type":"Polygon","coordinates":[[[-84.486511,39.187707],[-84.486569,39.187656],[-84.486901,39.187881],[-84.486843,39.187932],[-84.486511,39.187707]]]}},{"type":"Feature","properties":{"pid":"066100020609"},"geometry":{"type":"Polygon","coordinates":[[[-84.486755,39.184347],[-84.486771,39.184253],[-84.486925,39.184294],[-84.486822,39.184393],[-84.486755,39.184347]]]}},{"type":"Feature","properties":{"pid":"066100020259"},"geometry":{"type":"Polygon","coordinates":[[[-84.488565,39.186018],[-84.488623,39.185967],[-84.488862,39.186129],[-84.488804,39.18618],[-84.488565,39.186018]]]}},{"type":"Feature","properties":{"pid":"066100020263"},"geometry":{"type":"Polygon","coordinates":[[[-84.488224,39.185968],[-84.488512,39.185711],[-84.488579,39.185756],[-84.488291,39.186013],[-84.488224,39.185968]]]}},{"type":"Feature","properties":{"pid":"066100020043"},"geometry":{"type":"Polygon","coordinates":[[[-84.483893,39.188232],[-84.483969,39.18816],[-84.484314,39.188382],[-84.48424,39.188452],[-84.483893,39.188232]]]}},{"type":"Feature","properties":{"pid":"066100020237"},"geometry":{"type":"Polygon","coordinates":[[[-84.487465,39.186542],[-84.487753,39.186284],[-84.48782,39.186329],[-84.487531,39.186587],[-84.487465,39.186542]]]}},{"type":"Feature","properties":{"pid":"066100020414"},"geometry":{"type":"Polygon","coordinates":[[[-84.487314,39.185005],[-84.48737,39.184953],[-84.487703,39.185177],[-84.487648,39.18523],[-84.487314,39.185005]]]}},{"type":"Feature","properties":{"pid":"066100020256"},"geometry":{"type":"Polygon","coordinates":[[[-84.488631,39.186334],[-84.488299,39.18611],[-84.488357,39.186058],[-84.488689,39.186283],[-84.488631,39.186334]]]}},{"type":"Feature","properties":{"pid":"066100020270"},"geometry":{"type":"Polygon","coordinates":[[[-84.487822,39.185697],[-84.487741,39.185642],[-84.488019,39.185379],[-84.488113,39.185443],[-84.487822,39.185697]]]}},{"type":"Feature","properties":{"pid":"066100020104"},"geometry":{"type":"Polygon","coordinates":[[[-84.485793,39.188037],[-84.486082,39.187779],[-84.486148,39.187824],[-84.485859,39.188082],[-84.485793,39.188037]]]}},{"type":"Feature","properties":{"pid":"066100020233"},"geometry":{"type":"Polygon","coordinates":[[[-84.487837,39.186522],[-84.487895,39.18647],[-84.488227,39.186695],[-84.488169,39.186746],[-84.487837,39.186522]]]}},{"type":"Feature","properties":{"pid":"066100020476"},"geometry":{"type":"Polygon","coordinates":[[[-84.486178,39.185865],[-84.486234,39.185812],[-84.486566,39.186037],[-84.486511,39.18609],[-84.486178,39.185865]]]}},{"type":"Feature","properties":{"pid":"066100020426"},"geometry":{"type":"Polygon","coordinates":[[[-84.486612,39.185346],[-84.486891,39.185082],[-84.486958,39.185127],[-84.486679,39.18539],[-84.486612,39.185346]]]}},{"type":"Feature","properties":{"pid":"066100020298"},"geometry":{"type":"Polygon","coordinates":[[[-84.488518,39.185082],[-84.488807,39.184825],[-84.488873,39.18487],[-84.488584,39.185127],[-84.488518,39.185082]]]}},{"type":"Feature","properties":{"pid":"066100020360"},"geometry":{"type":"Polygon","coordinates":[[[-84.486822,39.184393],[-84.487109,39.18412],[-84.487213,39.184131],[-84.486888,39.184438],[-84.486822,39.184393]]]}},{"type":"Feature","properties":{"pid":"066100020234"},"geometry":{"type":"Polygon","coordinates":[[[-84.487895,39.18647],[-84.487952,39.186419],[-84.488284,39.186643],[-84.488227,39.186695],[-84.487895,39.18647]]]}},{"type":"Feature","properties":{"pid":"066100020228"},"geometry":{"type":"Polygon","coordinates":[[[-84.487549,39.186779],[-84.487607,39.186727],[-84.487939,39.186952],[-84.487881,39.187004],[-84.487549,39.186779]]]}},{"type":"Feature","properties":{"pid":"066100020249"},"geometry":{"type":"Polygon","coordinates":[[[-84.487868,39.186181],[-84.488157,39.185923],[-84.488224,39.185968],[-84.487935,39.186226],[-84.487868,39.186181]]]}},{"type":"Feature","properties":{"pid":"066100020478"},"geometry":{"type":"Polygon","coordinates":[[[-84.486067,39.18597],[-84.486122,39.185918],[-84.486455,39.186142],[-84.4864,39.186195],[-84.486067,39.18597]]]}},{"type":"Feature","properties":{"pid":"066100020226"},"geometry":{"type":"Polygon","coordinates":[[[-84.487433,39.186882],[-84.487491,39.18683],[-84.487823,39.187055],[-84.487766,39.187107],[-84.487433,39.186882]]]}},{"type":"Feature","properties":{"pid":"066100020342"},"geometry":{"type":"Polygon","coordinates":[[[-84.487985,39.184372],[-84.488041,39.184319],[-84.488374,39.184545],[-84.488318,39.184597],[-84.487985,39.184372]]]}},{"type":"Feature","properties":{"pid":"066100020558"},"geometry":{"type":"Polygon","coordinates":[[[-84.486544,39.187911],[-84.486602,39.18786],[-84.486785,39.187984],[-84.486728,39.188035],[-84.486544,39.187911]]]}},{"type":"Feature","properties":{"pid":"066100020246"},"geometry":{"type":"Polygon","coordinates":[[[-84.487669,39.186047],[-84.487958,39.185789],[-84.488025,39.185834],[-84.487736,39.186092],[-84.487669,39.186047]]]}},{"type":"Feature","properties":{"pid":"066100020472"},"geometry":{"type":"Polygon","coordinates":[[[-84.486401,39.185654],[-84.486457,39.185601],[-84.48679,39.185826],[-84.486734,39.185879],[-84.486401,39.185654]]]}},{"type":"Feature","properties":{"pid":"066100020294"},"geometry":{"type":"Polygon","coordinates":[[[-84.488784,39.185262],[-84.489073,39.185004],[-84.489139,39.185049],[-84.48885,39.185307],[-84.488784,39.185262]]]}},{"type":"Feature","properties":{"pid":"066100020112"},"geometry":{"type":"Polygon","coordinates":[[[-84.486309,39.187888],[-84.486396,39.18781],[-84.486728,39.188035],[-84.486641,39.188113],[-84.486309,39.187888]]]}},{"type":"Feature","properties":{"pid":"066100020301"},"geometry":{"type":"Polygon","coordinates":[[[-84.488806,39.184643],[-84.489085,39.184379],[-84.489145,39.18442],[-84.488856,39.184677],[-84.488806,39.184643]]]}},{"type":"Feature","properties":{"pid":"066100020308"},"geometry":{"type":"Polygon","coordinates":[[[-84.489387,39.185037],[-84.489321,39.184992],[-84.48961,39.184734],[-84.489676,39.184779],[-84.489387,39.185037]]]}},{"type":"Feature","properties":{"pid":"066100020468"},"geometry":{"type":"Polygon","coordinates":[[[-84.486155,39.185669],[-84.486435,39.185406],[-84.486501,39.18545],[-84.486222,39.185714],[-84.486155,39.185669]]]}},{"type":"Feature","properties":{"pid":"066100020003"},"geometry":{"type":"Polygon","coordinates":[[[-84.485202,39.189403],[-84.484817,39.18922],[-84.484987,39.189068],[-84.485318,39.189298],[-84.485202,39.189403]]]}},{"type":"Feature","properties":{"pid":"066100020244"},"geometry":{"type":"Polygon","coordinates":[[[-84.487536,39.185956],[-84.487822,39.185697],[-84.487892,39.185744],[-84.487602,39.186001],[-84.487536,39.185956]]]}},{"type":"Feature","properties":{"pid":"066100020346"},"geometry":{"type":"Polygon","coordinates":[[[-84.487765,39.18458],[-84.487817,39.184531],[-84.48815,39.184756],[-84.488095,39.184808],[-84.487765,39.18458]]]}},{"type":"Feature","properties":{"pid":"066100020105"},"geometry":{"type":"Polygon","coordinates":[[[-84.485859,39.188082],[-84.486148,39.187824],[-84.486214,39.187869],[-84.485926,39.188127],[-84.485859,39.188082]]]}},{"type":"Feature","properties":{"pid":"066100020236"},"geometry":{"type":"Polygon","coordinates":[[[-84.487531,39.186587],[-84.48782,39.186329],[-84.487886,39.186374],[-84.487598,39.186631],[-84.487531,39.186587]]]}},{"type":"Feature","properties":{"pid":"066100020307"},"geometry":{"type":"Polygon","coordinates":[[[-84.489321,39.184992],[-84.489254,39.184947],[-84.489543,39.184689],[-84.48961,39.184734],[-84.489321,39.184992]]]}},{"type":"Feature","properties":{"pid":"066100020084"},"geometry":{"type":"Polygon","coordinates":[[[-84.483886,39.187307],[-84.483802,39.187285],[-84.483939,39.186959],[-84.484022,39.18698],[-84.483886,39.187307]]]}},{"type":"Feature","properties":{"pid":"066100020017"},"geometry":{"type":"Polygon","coordinates":[[[-84.485336,39.188426],[-84.485271,39.188383],[-84.48561,39.188094],[-84.485678,39.18814],[-84.485336,39.188426]]]}},{"type":"Feature","properties":{"pid":"066100020286"},"geometry":{"type":"Polygon","coordinates":[[[-84.489169,39.185522],[-84.489227,39.185471],[-84.489439,39.185614],[-84.489382,39.185666],[-84.489169,39.185522]]]}},{"type":"Feature","properties":{"pid":"066100020122"},"geometry":{"type":"Polygon","coordinates":[[[-84.485817,39.187599],[-84.486105,39.187341],[-84.486171,39.187386],[-84.485883,39.187643],[-84.485817,39.187599]]]}},{"type":"Feature","properties":{"pid":"066100020225"},"geometry":{"type":"Polygon","coordinates":[[[-84.487375,39.186934],[-84.487433,39.186882],[-84.487766,39.187107],[-84.487707,39.187158],[-84.487375,39.186934]]]}},{"type":"Feature","properties":{"pid":"066100020332"},"geometry":{"type":"Polygon","coordinates":[[[-84.487239,39.184321],[-84.487295,39.184268],[-84.487162,39.184178],[-84.487213,39.184131],[-84.48746,39.184156],[-84.487266,39.184339],[-84.487239,39.184321]]]}},{"type":"Feature","properties":{"pid":"066100020125"},"geometry":{"type":"Polygon","coordinates":[[[-84.485126,39.187077],[-84.485184,39.187023],[-84.485513,39.187245],[-84.485458,39.187297],[-84.485126,39.187077]]]}},{"type":"Feature","properties":{"pid":"066100020279"},"geometry":{"type":"Polygon","coordinates":[[[-84.488628,39.185609],[-84.488917,39.185352],[-84.488983,39.185396],[-84.488694,39.185653],[-84.488628,39.185609]]]}},{"type":"Feature","properties":{"pid":"066100020252"},"geometry":{"type":"Polygon","coordinates":[[[-84.488068,39.186316],[-84.488126,39.186264],[-84.488458,39.186489],[-84.488401,39.18654],[-84.488068,39.186316]]]}},{"type":"Feature","properties":{"pid":"066100020046"},"geometry":{"type":"Polygon","coordinates":[[[-84.484111,39.188027],[-84.484169,39.187972],[-84.484512,39.188194],[-84.484453,39.18825],[-84.484111,39.188027]]]}},{"type":"Feature","properties":{"pid":"066100020284"},"geometry":{"type":"Polygon","coordinates":[[[-84.488934,39.185544],[-84.488991,39.185493],[-84.489324,39.185717],[-84.489266,39.185768],[-84.488934,39.185544]]]}},{"type":"Feature","properties":{"pid":"066100020422"},"geometry":{"type":"Polygon","coordinates":[[[-84.486868,39.185427],[-84.486924,39.185374],[-84.487257,39.185599],[-84.487201,39.185652],[-84.486868,39.185427]]]}},{"type":"Feature","properties":{"pid":"066100020194"},"geometry":{"type":"Polygon","coordinates":[[[-84.486418,39.187373],[-84.486707,39.187115],[-84.486773,39.18716],[-84.486485,39.187418],[-84.486418,39.187373]]]}},{"type":"Feature","properties":{"pid":"066100020327"},"geometry":{"type":"Polygon","coordinates":[[[-84.489477,39.184644],[-84.489411,39.1846],[-84.489663,39.184375],[-84.489768,39.184385],[-84.489477,39.184644]]]}},{"type":"Feature","properties":{"pid":"066100020245"},"geometry":{"type":"Polygon","coordinates":[[[-84.487602,39.186001],[-84.487892,39.185744],[-84.487958,39.185789],[-84.487669,39.186047],[-84.487602,39.186001]]]}},{"type":"Feature","properties":{"pid":"066100020324"},"geometry":{"type":"Polygon","coordinates":[[[-84.490083,39.184417],[-84.489676,39.184779],[-84.489477,39.184644],[-84.489768,39.184385],[-84.490083,39.184417]]]}},{"type":"Feature","properties":{"pid":"066100020128"},"geometry":{"type":"Polygon","coordinates":[[[-84.485296,39.186917],[-84.485352,39.186864],[-84.485681,39.187087],[-84.485626,39.187139],[-84.485296,39.186917]]]}},{"type":"Feature","properties":{"pid":"066100020062"},"geometry":{"type":"Polygon","coordinates":[[[-84.483917,39.187676],[-84.483791,39.187644],[-84.483928,39.187317],[-84.484054,39.187349],[-84.483917,39.187676]]]}},{"type":"Feature","properties":{"pid":"066100020306"},"geometry":{"type":"Polygon","coordinates":[[[-84.489444,39.184622],[-84.489543,39.184689],[-84.489254,39.184947],[-84.489155,39.18488],[-84.489444,39.184622]]]}},{"type":"Feature","properties":{"pid":"066100020109"},"geometry":{"type":"Polygon","coordinates":[[[-84.486107,39.188068],[-84.486165,39.188017],[-84.486496,39.188242],[-84.486439,39.188294],[-84.486107,39.188068]]]}},{"type":"Feature","properties":{"pid":"066100020258"},"geometry":{"type":"Polygon","coordinates":[[[-84.488507,39.18607],[-84.488565,39.186018],[-84.488804,39.18618],[-84.488747,39.186231],[-84.488507,39.18607]]]}},{"type":"Feature","properties":{"pid":"066100020343"},"geometry":{"type":"Polygon","coordinates":[[[-84.487929,39.184425],[-84.487985,39.184372],[-84.488318,39.184597],[-84.488262,39.18465],[-84.487929,39.184425]]]}},{"type":"Feature","properties":{"pid":"066100020356"},"geometry":{"type":"Polygon","coordinates":[[[-84.487087,39.184574],[-84.487306,39.184366],[-84.487373,39.184411],[-84.487153,39.184619],[-84.487087,39.184574]]]}},{"type":"Feature","properties":{"pid":"066100020254"},"geometry":{"type":"Polygon","coordinates":[[[-84.488184,39.186213],[-84.488299,39.18611],[-84.488378,39.186164],[-84.488321,39.186215],[-84.488574,39.186386],[-84.488516,39.186438],[-84.488184,39.186213]]]}},{"type":"Feature","properties":{"pid":"066100020409"},"geometry":{"type":"Polygon","coordinates":[[[-84.486758,39.184992],[-84.487037,39.184728],[-84.487104,39.184773],[-84.486825,39.185037],[-84.486758,39.184992]]]}},{"type":"Feature","properties":{"pid":"066100020614"},"geometry":{"type":"Polygon","coordinates":[[[-84.490017,39.1851],[-84.489685,39.184874],[-84.489729,39.184835],[-84.490061,39.185061],[-84.490017,39.1851]]]}},{"type":"Feature","properties":{"pid":"066100020285"},"geometry":{"type":"Polygon","coordinates":[[[-84.489324,39.185717],[-84.489005,39.18548],[-84.489049,39.185441],[-84.489382,39.185666],[-84.489324,39.185717]]]}},{"type":"Feature","properties":{"pid":"066100020424"},"geometry":{"type":"Polygon","coordinates":[[[-84.486746,39.185436],[-84.487025,39.185172],[-84.487091,39.185216],[-84.486812,39.18548],[-84.486746,39.185436]]]}},{"type":"Feature","properties":{"pid":"024500050036"},"geometry":{"type":"Polygon","coordinates":[[[-84.467148,39.213478],[-84.467664,39.213568],[-84.467613,39.213745],[-84.467097,39.213656],[-84.467148,39.213478]]]}},{"type":"Feature","properties":{"pid":"024500050037"},"geometry":{"type":"Polygon","coordinates":[[[-84.467198,39.213305],[-84.467604,39.21331],[-84.467536,39.213546],[-84.467148,39.213478],[-84.467198,39.213305]]]}},{"type":"Feature","properties":{"pid":"024500050038"},"geometry":{"type":"Polygon","coordinates":[[[-84.468564,39.213186],[-84.468333,39.213183],[-84.468343,39.212772],[-84.468944,39.21278],[-84.468564,39.213186]]]}},{"type":"Feature","properties":{"pid":"024500050039"},"geometry":{"type":"Polygon","coordinates":[[[-84.468216,39.213181],[-84.468226,39.21277],[-84.468343,39.212772],[-84.468333,39.213183],[-84.468216,39.213181]]]}},{"type":"Feature","properties":{"pid":"024500050040"},"geometry":{"type":"Polygon","coordinates":[[[-84.468099,39.21318],[-84.468109,39.212768],[-84.468168,39.212769],[-84.468158,39.21318],[-84.468099,39.21318]]]}},{"type":"Feature","properties":{"pid":"024500050041"},"geometry":{"type":"Polygon","coordinates":[[[-84.467803,39.213176],[-84.46781,39.21291],[-84.467988,39.212912],[-84.467982,39.213179],[-84.467803,39.213176]]]}},{"type":"Feature","properties":{"pid":"024500050047"},"geometry":{"type":"Polygon","coordinates":[[[-84.468698,39.212777],[-84.468707,39.212366],[-84.468884,39.212368],[-84.468874,39.212779],[-84.468698,39.212777]]]}},{"type":"Feature","properties":{"pid":"024500050048"},"geometry":{"type":"Polygon","coordinates":[[[-84.468519,39.212774],[-84.468529,39.212363],[-84.468707,39.212366],[-84.468698,39.212777],[-84.468519,39.212774]]]}},{"type":"Feature","properties":{"pid":"024500050042"},"geometry":{"type":"Polygon","coordinates":[[[-84.467627,39.213173],[-84.467633,39.212907],[-84.46781,39.21291],[-84.467803,39.213176],[-84.467627,39.213173]]]}},{"type":"Feature","properties":{"pid":"024500050043"},"geometry":{"type":"Polygon","coordinates":[[[-84.467627,39.213173],[-84.467237,39.213168],[-84.467313,39.212903],[-84.467633,39.212907],[-84.467627,39.213173]]]}},{"type":"Feature","properties":{"pid":"024500050044"},"geometry":{"type":"Polygon","coordinates":[[[-84.469147,39.212416],[-84.469149,39.212372],[-84.469323,39.212374],[-84.469233,39.212471],[-84.469236,39.212417],[-84.469147,39.212416]]]}},{"type":"Feature","properties":{"pid":"024500050049"},"geometry":{"type":"Polygon","coordinates":[[[-84.468433,39.212773],[-84.468443,39.212362],[-84.468529,39.212363],[-84.468519,39.212774],[-84.468433,39.212773]]]}},{"type":"Feature","properties":{"pid":"024500050076"},"geometry":{"type":"Polygon","coordinates":[[[-84.465294,39.212734],[-84.465084,39.212732],[-84.465095,39.21232],[-84.465304,39.212323],[-84.465294,39.212734]]]}},{"type":"Feature","properties":{"pid":"024500050077"},"geometry":{"type":"Polygon","coordinates":[[[-84.464832,39.212729],[-84.46495,39.212318],[-84.465095,39.21232],[-84.465084,39.212732],[-84.464832,39.212729]]]}},{"type":"Feature","properties":{"pid":"024500050083"},"geometry":{"type":"Polygon","coordinates":[[[-84.465284,39.213146],[-84.465294,39.212734],[-84.465469,39.212736],[-84.465459,39.213148],[-84.465284,39.213146]]]}},{"type":"Feature","properties":{"pid":"024500050084"},"geometry":{"type":"Polygon","coordinates":[[[-84.465284,39.213146],[-84.465072,39.213144],[-84.465112,39.212896],[-84.46529,39.212898],[-84.465284,39.213146]]]}},{"type":"Feature","properties":{"pid":"024500050085"},"geometry":{"type":"Polygon","coordinates":[[[-84.464832,39.212729],[-84.465294,39.212734],[-84.46529,39.212898],[-84.464785,39.212892],[-84.464832,39.212729]]]}},{"type":"Feature","properties":{"pid":"024500050087"},"geometry":{"type":"Polygon","coordinates":[[[-84.466134,39.214893],[-84.466061,39.215148],[-84.465874,39.215145],[-84.465955,39.214862],[-84.466134,39.214893]]]}},{"type":"Feature","properties":{"pid":"024500050097"},"geometry":{"type":"Polygon","coordinates":[[[-84.46681,39.214028],[-84.466291,39.213939],[-84.46633,39.213805],[-84.466846,39.213894],[-84.46681,39.214028]]]}},{"type":"Feature","properties":{"pid":"024500050088"},"geometry":{"type":"Polygon","coordinates":[[[-84.466502,39.215096],[-84.466096,39.215026],[-84.466134,39.214893],[-84.466541,39.214963],[-84.466502,39.215096]]]}},{"type":"Feature","properties":{"pid":"024500050089"},"geometry":{"type":"Polygon","coordinates":[[[-84.466541,39.214963],[-84.466024,39.214874],[-84.466062,39.214741],[-84.466579,39.214828],[-84.466541,39.214963]]]}},{"type":"Feature","properties":{"pid":"024500050091"},"geometry":{"type":"Polygon","coordinates":[[[-84.466617,39.214696],[-84.4661,39.214608],[-84.466139,39.214473],[-84.466655,39.214562],[-84.466617,39.214696]]]}},{"type":"Feature","properties":{"pid":"024500050092"},"geometry":{"type":"Polygon","coordinates":[[[-84.466655,39.214562],[-84.466139,39.214473],[-84.466181,39.214327],[-84.466698,39.214416],[-84.466655,39.214562]]]}},{"type":"Feature","properties":{"pid":"024500050093"},"geometry":{"type":"Polygon","coordinates":[[[-84.466698,39.214416],[-84.466181,39.214327],[-84.466215,39.214205],[-84.466732,39.214295],[-84.466698,39.214416]]]}},{"type":"Feature","properties":{"pid":"024500050094"},"geometry":{"type":"Polygon","coordinates":[[[-84.466732,39.214295],[-84.466215,39.214205],[-84.466255,39.214073],[-84.46677,39.214161],[-84.466732,39.214295]]]}},{"type":"Feature","properties":{"pid":"024500050055"},"geometry":{"type":"Polygon","coordinates":[[[-84.467737,39.21236],[-84.467727,39.212764],[-84.467637,39.212755],[-84.467647,39.212364],[-84.467737,39.21236]]]}},{"type":"Feature","properties":{"pid":"024500050058"},"geometry":{"type":"Polygon","coordinates":[[[-84.467575,39.213878],[-84.467613,39.213745],[-84.467786,39.213774],[-84.467748,39.213907],[-84.467575,39.213878]]]}},{"type":"Feature","properties":{"pid":"024500050059"},"geometry":{"type":"Polygon","coordinates":[[[-84.466406,39.213538],[-84.466921,39.21364],[-84.466402,39.213551],[-84.466406,39.213538]]]}},{"type":"Feature","properties":{"pid":"024500050061"},"geometry":{"type":"Polygon","coordinates":[[[-84.467056,39.213166],[-84.466518,39.21316],[-84.466523,39.212953],[-84.467115,39.212961],[-84.467056,39.213166]]]}},{"type":"Feature","properties":{"pid":"024500050062"},"geometry":{"type":"Polygon","coordinates":[[[-84.466528,39.212749],[-84.467174,39.212757],[-84.467115,39.212961],[-84.466523,39.212953],[-84.466528,39.212749]]]}},{"type":"Feature","properties":{"pid":"024500050063"},"geometry":{"type":"Polygon","coordinates":[[[-84.466342,39.213157],[-84.466352,39.212747],[-84.466528,39.212749],[-84.466518,39.21316],[-84.466342,39.213157]]]}},{"type":"Feature","properties":{"pid":"024500050065"},"geometry":{"type":"Polygon","coordinates":[[[-84.467174,39.212757],[-84.466952,39.212754],[-84.466955,39.212627],[-84.466356,39.21262],[-84.466357,39.212551],[-84.466533,39.212553],[-84.466538,39.212353],[-84.467191,39.212365],[-84.467235,39.212408],[-84.467233,39.212548],[-84.467174,39.212757]]]}},{"type":"Feature","properties":{"pid":"024500050075"},"geometry":{"type":"Polygon","coordinates":[[[-84.465294,39.212734],[-84.465304,39.212323],[-84.465479,39.212325],[-84.465469,39.212736],[-84.465294,39.212734]]]}},{"type":"Feature","properties":{"pid":"024500050005"},"geometry":{"type":"Polygon","coordinates":[[[-84.468583,39.214623],[-84.468594,39.214485],[-84.469123,39.214492],[-84.469115,39.21463],[-84.468583,39.214623]]]}},{"type":"Feature","properties":{"pid":"024500050006"},"geometry":{"type":"Polygon","coordinates":[[[-84.469123,39.214492],[-84.468594,39.214485],[-84.468605,39.214349],[-84.469137,39.214356],[-84.469123,39.214492]]]}},{"type":"Feature","properties":{"pid":"024500050007"},"geometry":{"type":"Polygon","coordinates":[[[-84.469137,39.214356],[-84.468516,39.214348],[-84.468528,39.21421],[-84.469148,39.21422],[-84.469137,39.214356]]]}},{"type":"Feature","properties":{"pid":"024500050009"},"geometry":{"type":"Polygon","coordinates":[[[-84.468458,39.213635],[-84.468562,39.213517],[-84.469211,39.213524],[-84.4692,39.213643],[-84.468458,39.213635]]]}},{"type":"Feature","properties":{"pid":"024500050010"},"geometry":{"type":"Polygon","coordinates":[[[-84.46877,39.21328],[-84.468889,39.213144],[-84.469245,39.21315],[-84.469233,39.213286],[-84.46877,39.21328]]]}},{"type":"Feature","properties":{"pid":"024500050011"},"geometry":{"type":"Polygon","coordinates":[[[-84.469032,39.212982],[-84.46926,39.212986],[-84.469245,39.21315],[-84.468889,39.213144],[-84.469032,39.212982]]]}},{"type":"Feature","properties":{"pid":"024500050012"},"geometry":{"type":"Polygon","coordinates":[[[-84.469032,39.212982],[-84.469287,39.212692],[-84.46926,39.212986],[-84.469032,39.212982]]]}},{"type":"Feature","properties":{"pid":"024500050018"},"geometry":{"type":"Polygon","coordinates":[[[-84.468063,39.214478],[-84.468077,39.214342],[-84.468516,39.214348],[-84.468504,39.214484],[-84.468063,39.214478]]]}},{"type":"Feature","properties":{"pid":"024500050019"},"geometry":{"type":"Polygon","coordinates":[[[-84.468077,39.214342],[-84.468088,39.214204],[-84.468528,39.21421],[-84.468516,39.214348],[-84.468077,39.214342]]]}},{"type":"Feature","properties":{"pid":"024500050020"},"geometry":{"type":"Polygon","coordinates":[[[-84.468528,39.21421],[-84.468088,39.214204],[-84.468099,39.214068],[-84.46854,39.214074],[-84.468528,39.21421]]]}},{"type":"Feature","properties":{"pid":"024500050021"},"geometry":{"type":"Polygon","coordinates":[[[-84.467542,39.214804],[-84.467859,39.214824],[-84.467844,39.214996],[-84.467412,39.21499],[-84.467542,39.214804]]]}},{"type":"Feature","properties":{"pid":"024500050023"},"geometry":{"type":"Polygon","coordinates":[[[-84.467116,39.215062],[-84.466712,39.214993],[-84.466751,39.214859],[-84.467214,39.214938],[-84.467116,39.215062]]]}},{"type":"Feature","properties":{"pid":"024500050024"},"geometry":{"type":"Polygon","coordinates":[[[-84.46721,39.214938],[-84.466751,39.214859],[-84.466774,39.214781],[-84.467269,39.214866],[-84.46721,39.214938]]]}},{"type":"Feature","properties":{"pid":"024500050025"},"geometry":{"type":"Polygon","coordinates":[[[-84.467308,39.214815],[-84.467269,39.214866],[-84.466774,39.214781],[-84.466791,39.214725],[-84.467308,39.214815]]]}},{"type":"Feature","properties":{"pid":"024500050026"},"geometry":{"type":"Polygon","coordinates":[[[-84.467308,39.214815],[-84.466791,39.214725],[-84.46682,39.214618],[-84.467384,39.214715],[-84.467308,39.214815]]]}},{"type":"Feature","properties":{"pid":"024500050032"},"geometry":{"type":"Polygon","coordinates":[[[-84.467873,39.21407],[-84.46702,39.213923],[-84.467059,39.213789],[-84.467971,39.213945],[-84.467873,39.21407]]]}},{"type":"Feature","properties":{"pid":"024500050033"},"geometry":{"type":"Polygon","coordinates":[[[-84.467971,39.213945],[-84.468191,39.213318],[-84.468445,39.213321],[-84.467971,39.213945]]]}},{"type":"Feature","properties":{"pid":"024500050034"},"geometry":{"type":"Polygon","coordinates":[[[-84.467536,39.213546],[-84.467604,39.21331],[-84.467773,39.213312],[-84.467698,39.213574],[-84.467536,39.213546]]]}},{"type":"Feature","properties":{"pid":"024500050035"},"geometry":{"type":"Polygon","coordinates":[[[-84.467059,39.213789],[-84.467097,39.213656],[-84.467613,39.213745],[-84.467575,39.213878],[-84.467059,39.213789]]]}},{"type":"Feature","properties":{"pid":"024500010215"},"geometry":{"type":"Polygon","coordinates":[[[-84.461708,39.214921],[-84.461305,39.214867],[-84.461313,39.214833],[-84.461718,39.214888],[-84.461708,39.214921]]]}},{"type":"Feature","properties":{"pid":"023800040052"},"geometry":{"type":"Polygon","coordinates":[[[-84.495604,39.187745],[-84.496613,39.186894],[-84.496845,39.187088],[-84.497666,39.188034],[-84.496927,39.188681],[-84.495604,39.187745]]]}},{"type":"Feature","properties":{"pid":"024500050050"},"geometry":{"type":"Polygon","coordinates":[[[-84.468343,39.212772],[-84.468168,39.212769],[-84.468184,39.212358],[-84.468353,39.212361],[-84.468343,39.212772]]]}},{"type":"Feature","properties":{"pid":"024500050051"},"geometry":{"type":"Polygon","coordinates":[[[-84.468088,39.212357],[-84.468184,39.212358],[-84.468168,39.212769],[-84.468078,39.212768],[-84.468088,39.212357]]]}},{"type":"Feature","properties":{"pid":"024400030043"},"geometry":{"type":"Polygon","coordinates":[[[-84.468238,39.212222],[-84.468263,39.211504],[-84.468512,39.211544],[-84.468488,39.212225],[-84.468238,39.212222]]]}},{"type":"Feature","properties":{"pid":"024500050098"},"geometry":{"type":"Polygon","coordinates":[[[-84.466846,39.213894],[-84.46633,39.213805],[-84.46637,39.213672],[-84.466886,39.21376],[-84.466846,39.213894]]]}},{"type":"Feature","properties":{"pid":"024500050099"},"geometry":{"type":"Polygon","coordinates":[[[-84.466886,39.21376],[-84.46637,39.213672],[-84.466402,39.213551],[-84.466921,39.21364],[-84.466886,39.21376]]]}},{"type":"Feature","properties":{"pid":"024500050101"},"geometry":{"type":"Polygon","coordinates":[[[-84.467018,39.213303],[-84.466967,39.213479],[-84.466449,39.213391],[-84.466476,39.213296],[-84.467018,39.213303]]]}},{"type":"Feature","properties":{"pid":"024500050102"},"geometry":{"type":"Polygon","coordinates":[[[-84.465874,39.215145],[-84.465407,39.215138],[-84.465467,39.214919],[-84.465917,39.214995],[-84.465874,39.215145]]]}},{"type":"Feature","properties":{"pid":"024500050104"},"geometry":{"type":"Polygon","coordinates":[[[-84.466024,39.214874],[-84.465507,39.214786],[-84.465546,39.214652],[-84.466062,39.214741],[-84.466024,39.214874]]]}},{"type":"Feature","properties":{"pid":"024500050106"},"geometry":{"type":"Polygon","coordinates":[[[-84.4661,39.214608],[-84.465583,39.214519],[-84.465622,39.214384],[-84.466139,39.214473],[-84.4661,39.214608]]]}},{"type":"Feature","properties":{"pid":"024500050109"},"geometry":{"type":"Polygon","coordinates":[[[-84.466181,39.214327],[-84.46566,39.214251],[-84.46568,39.214184],[-84.466196,39.214273],[-84.466181,39.214327]]]}},{"type":"Feature","properties":{"pid":"024500050111"},"geometry":{"type":"Polygon","coordinates":[[[-84.466215,39.214205],[-84.465699,39.214118],[-84.465736,39.213985],[-84.466255,39.214073],[-84.466215,39.214205]]]}},{"type":"Feature","properties":{"pid":"024500050112"},"geometry":{"type":"Polygon","coordinates":[[[-84.466291,39.213939],[-84.466255,39.214073],[-84.465736,39.213985],[-84.465775,39.21385],[-84.466291,39.213939]]]}},{"type":"Feature","properties":{"pid":"024500050113"},"geometry":{"type":"Polygon","coordinates":[[[-84.466311,39.213872],[-84.466291,39.213939],[-84.465775,39.21385],[-84.465794,39.213784],[-84.466311,39.213872]]]}},{"type":"Feature","properties":{"pid":"024500050114"},"geometry":{"type":"Polygon","coordinates":[[[-84.46637,39.213672],[-84.466311,39.213872],[-84.465794,39.213784],[-84.465851,39.213583],[-84.46637,39.213672]]]}},{"type":"Feature","properties":{"pid":"024500050115"},"geometry":{"type":"Polygon","coordinates":[[[-84.465891,39.21345],[-84.466406,39.213538],[-84.46637,39.213672],[-84.465851,39.213583],[-84.465891,39.21345]]]}},{"type":"Feature","properties":{"pid":"024500050116"},"geometry":{"type":"Polygon","coordinates":[[[-84.466357,39.213294],[-84.466476,39.213296],[-84.466406,39.213538],[-84.466293,39.213518],[-84.466357,39.213294]]]}},{"type":"Feature","properties":{"pid":"024500050149"},"geometry":{"type":"Polygon","coordinates":[[[-84.467478,39.214591],[-84.467384,39.214715],[-84.46682,39.214618],[-84.466859,39.214485],[-84.467478,39.214591]]]}},{"type":"Feature","properties":{"pid":"024500050145"},"geometry":{"type":"Polygon","coordinates":[[[-84.468343,39.212772],[-84.468353,39.212361],[-84.468443,39.212362],[-84.468433,39.212773],[-84.468343,39.212772]]]}},{"type":"Feature","properties":{"pid":"024500050146"},"geometry":{"type":"Polygon","coordinates":[[[-84.46783,39.215161],[-84.467299,39.215152],[-84.467412,39.21499],[-84.467844,39.214996],[-84.46783,39.215161]]]}},{"type":"Feature","properties":{"pid":"024500050170"},"geometry":{"type":"Polygon","coordinates":[[[-84.467613,39.213745],[-84.467773,39.213312],[-84.467917,39.213314],[-84.467786,39.213774],[-84.467613,39.213745]]]}},{"type":"Feature","properties":{"pid":"024500050171"},"geometry":{"type":"Polygon","coordinates":[[[-84.467969,39.213945],[-84.467748,39.213907],[-84.467917,39.213314],[-84.468191,39.213318],[-84.467969,39.213945]]]}},{"type":"Feature","properties":{"pid":"024500050147"},"geometry":{"type":"Polygon","coordinates":[[[-84.467988,39.212912],[-84.467633,39.212907],[-84.467313,39.212903],[-84.467355,39.212759],[-84.467991,39.212767],[-84.467988,39.212912]]]}},{"type":"Feature","properties":{"pid":"024500050148"},"geometry":{"type":"Polygon","coordinates":[[[-84.468884,39.212368],[-84.468989,39.212369],[-84.46898,39.212741],[-84.468944,39.21278],[-84.468874,39.212779],[-84.468884,39.212368]]]}},{"type":"Feature","properties":{"pid":"024500050151"},"geometry":{"type":"Polygon","coordinates":[[[-84.467991,39.212767],[-84.468109,39.212768],[-84.468099,39.21318],[-84.467982,39.213179],[-84.467991,39.212767]]]}},{"type":"Feature","properties":{"pid":"024500050153"},"geometry":{"type":"Polygon","coordinates":[[[-84.46916,39.214082],[-84.468078,39.214068],[-84.468198,39.213931],[-84.469172,39.213945],[-84.46916,39.214082]]]}},{"type":"Feature","properties":{"pid":"024500050154"},"geometry":{"type":"Polygon","coordinates":[[[-84.468315,39.213798],[-84.46843,39.213667],[-84.469197,39.213675],[-84.469185,39.213807],[-84.468315,39.213798]]]}},{"type":"Feature","properties":{"pid":"024500050155"},"geometry":{"type":"Polygon","coordinates":[[[-84.468198,39.213931],[-84.468315,39.213798],[-84.469185,39.213807],[-84.469172,39.213945],[-84.468198,39.213931]]]}},{"type":"Feature","properties":{"pid":"024500050157"},"geometry":{"type":"Polygon","coordinates":[[[-84.468562,39.213517],[-84.468668,39.213397],[-84.469222,39.213405],[-84.469211,39.213524],[-84.468562,39.213517]]]}},{"type":"Feature","properties":{"pid":"024500050158"},"geometry":{"type":"Polygon","coordinates":[[[-84.468668,39.213397],[-84.46877,39.21328],[-84.469233,39.213286],[-84.469222,39.213405],[-84.468668,39.213397]]]}},{"type":"Feature","properties":{"pid":"024500050165"},"geometry":{"type":"Polygon","coordinates":[[[-84.46898,39.212739],[-84.468988,39.212414],[-84.469236,39.212417],[-84.469233,39.212471],[-84.46898,39.212739]]]}},{"type":"Feature","properties":{"pid":"024500050166"},"geometry":{"type":"Polygon","coordinates":[[[-84.467542,39.214804],[-84.467867,39.21434],[-84.467899,39.21434],[-84.467859,39.214824],[-84.467542,39.214804]]]}},{"type":"Feature","properties":{"pid":"024500050167"},"geometry":{"type":"Polygon","coordinates":[[[-84.464714,39.21314],[-84.464785,39.212892],[-84.465112,39.212896],[-84.465072,39.213144],[-84.464714,39.21314]]]}},{"type":"Feature","properties":{"pid":"024500050168"},"geometry":{"type":"Polygon","coordinates":[[[-84.468516,39.214348],[-84.468605,39.214349],[-84.468594,39.214485],[-84.468504,39.214484],[-84.468516,39.214348]]]}},{"type":"Feature","properties":{"pid":"024500050117"},"geometry":{"type":"Polygon","coordinates":[[[-84.465891,39.21345],[-84.465936,39.21329],[-84.466357,39.213294],[-84.466293,39.213518],[-84.465891,39.21345]]]}},{"type":"Feature","properties":{"pid":"066100020527"},"geometry":{"type":"Polygon","coordinates":[[[-84.483677,39.185473],[-84.483653,39.185595],[-84.483264,39.185552],[-84.483322,39.185434],[-84.483677,39.185473]]]}},{"type":"Feature","properties":{"pid":"066100020528"},"geometry":{"type":"Polygon","coordinates":[[[-84.483322,39.185434],[-84.483399,39.185276],[-84.483709,39.18531],[-84.483677,39.185473],[-84.483322,39.185434]]]}},{"type":"Feature","properties":{"pid":"011600010242"},"geometry":{"type":"Polygon","coordinates":[[[-84.483384,39.18404],[-84.483449,39.183937],[-84.48397,39.183991],[-84.483948,39.184101],[-84.483384,39.18404]]]}},{"type":"Feature","properties":{"pid":"011600010230"},"geometry":{"type":"Polygon","coordinates":[[[-84.48317,39.185126],[-84.483181,39.184961],[-84.483535,39.185],[-84.483458,39.185158],[-84.48317,39.185126]]]}},{"type":"Feature","properties":{"pid":"011700040247"},"geometry":{"type":"Polygon","coordinates":[[[-84.481188,39.183339],[-84.479887,39.1832],[-84.47993,39.182789],[-84.481304,39.182936],[-84.481237,39.183315],[-84.481188,39.183339]]]}},{"type":"Feature","properties":{"pid":"066100020534"},"geometry":{"type":"Polygon","coordinates":[[[-84.483798,39.184862],[-84.483781,39.184949],[-84.483571,39.184926],[-84.483613,39.184842],[-84.483798,39.184862]]]}},{"type":"Feature","properties":{"pid":"011700020046"},"geometry":{"type":"Polygon","coordinates":[[[-84.481056,39.188534],[-84.479308,39.190558],[-84.479035,39.19089],[-84.478315,39.190273],[-84.478521,39.190014],[-84.478547,39.189831],[-84.478495,39.189651],[-84.478757,39.189566],[-84.480043,39.1884],[-84.481056,39.188534]]]}},{"type":"Feature","properties":{"pid":"011700020029"},"geometry":{"type":"Polygon","coordinates":[[[-84.476602,39.188781],[-84.476652,39.188748],[-84.47689,39.188766],[-84.477127,39.188842],[-84.478237,39.189584],[-84.478341,39.189718],[-84.478373,39.189873],[-84.47833,39.190027],[-84.478217,39.190157],[-84.477986,39.190263],[-84.477609,39.190284],[-84.477613,39.19042],[-84.476383,39.190441],[-84.47643,39.190373],[-84.476602,39.188781]]]}},{"type":"Feature","properties":{"pid":"024000040001"},"geometry":{"type":"Polygon","coordinates":[[[-84.484351,39.195798],[-84.484522,39.195618],[-84.484797,39.195789],[-84.484351,39.195798]]]}},{"type":"Feature","properties":{"pid":"024000040012"},"geometry":{"type":"Polygon","coordinates":[[[-84.483709,39.195788],[-84.483815,39.195335],[-84.484138,39.195535],[-84.483874,39.195791],[-84.483709,39.195788]]]}},{"type":"Feature","properties":{"pid":"024000040099"},"geometry":{"type":"Polygon","coordinates":[[[-84.483796,39.195323],[-84.483761,39.195301],[-84.484077,39.194997],[-84.484111,39.195017],[-84.483796,39.195323]]]}},{"type":"Feature","properties":{"pid":"024000040101"},"geometry":{"type":"Polygon","coordinates":[[[-84.483934,39.195409],[-84.483864,39.195365],[-84.484181,39.19506],[-84.484249,39.195104],[-84.483934,39.195409]]]}},{"type":"Feature","properties":{"pid":"024000040102"},"geometry":{"type":"Polygon","coordinates":[[[-84.484096,39.195358],[-84.484029,39.195317],[-84.484249,39.195104],[-84.484319,39.195147],[-84.484096,39.195358]]]}},{"type":"Feature","properties":{"pid":"024000040103"},"geometry":{"type":"Polygon","coordinates":[[[-84.484166,39.195402],[-84.484096,39.195358],[-84.484319,39.195147],[-84.484388,39.195189],[-84.484166,39.195402]]]}},{"type":"Feature","properties":{"pid":"024000040104"},"geometry":{"type":"Polygon","coordinates":[[[-84.484166,39.195402],[-84.484388,39.195189],[-84.484457,39.195231],[-84.484233,39.195444],[-84.484166,39.195402]]]}},{"type":"Feature","properties":{"pid":"024000040109"},"geometry":{"type":"Polygon","coordinates":[[[-84.484138,39.195535],[-84.483934,39.195409],[-84.484029,39.195317],[-84.484233,39.195444],[-84.484138,39.195535]]]}},{"type":"Feature","properties":{"pid":"066100020073"},"geometry":{"type":"Polygon","coordinates":[[[-84.484915,39.187809],[-84.484582,39.187584],[-84.484638,39.187531],[-84.484971,39.187756],[-84.484915,39.187809]]]}},{"type":"Feature","properties":{"pid":"066100020099"},"geometry":{"type":"Polygon","coordinates":[[[-84.485251,39.18749],[-84.484918,39.187266],[-84.484966,39.187219],[-84.485307,39.187437],[-84.485251,39.18749]]]}},{"type":"Feature","properties":{"pid":"066100020089"},"geometry":{"type":"Polygon","coordinates":[[[-84.484442,39.187087],[-84.484305,39.187413],[-84.484221,39.187392],[-84.484358,39.187065],[-84.484442,39.187087]]]}},{"type":"Feature","properties":{"pid":"066100020088"},"geometry":{"type":"Polygon","coordinates":[[[-84.484137,39.18737],[-84.484274,39.187044],[-84.484358,39.187065],[-84.484221,39.187392],[-84.484137,39.18737]]]}},{"type":"Feature","properties":{"pid":"066100020087"},"geometry":{"type":"Polygon","coordinates":[[[-84.484054,39.187349],[-84.48419,39.187023],[-84.484274,39.187044],[-84.484137,39.18737],[-84.484054,39.187349]]]}},{"type":"Feature","properties":{"pid":"066100020083"},"geometry":{"type":"Polygon","coordinates":[[[-84.483718,39.187264],[-84.483855,39.186938],[-84.483939,39.186959],[-84.483802,39.187285],[-84.483718,39.187264]]]}},{"type":"Feature","properties":{"pid":"066100020082"},"geometry":{"type":"Polygon","coordinates":[[[-84.483634,39.187243],[-84.483771,39.186917],[-84.483855,39.186938],[-84.483718,39.187264],[-84.483634,39.187243]]]}},{"type":"Feature","properties":{"pid":"066100020066"},"geometry":{"type":"Polygon","coordinates":[[[-84.484389,39.187434],[-84.484253,39.187761],[-84.484169,39.187739],[-84.484305,39.187413],[-84.484389,39.187434]]]}},{"type":"Feature","properties":{"pid":"066100020074"},"geometry":{"type":"Polygon","coordinates":[[[-84.484694,39.187478],[-84.485027,39.187703],[-84.484971,39.187756],[-84.484638,39.187531],[-84.484694,39.187478]]]}},{"type":"Feature","properties":{"pid":"066100020094"},"geometry":{"type":"Polygon","coordinates":[[[-84.484624,39.187494],[-84.484789,39.187175],[-84.484966,39.187219],[-84.484666,39.187504],[-84.484624,39.187494]]]}},{"type":"Feature","properties":{"pid":"066100020093"},"geometry":{"type":"Polygon","coordinates":[[[-84.484557,39.187477],[-84.484693,39.18715],[-84.484789,39.187175],[-84.484624,39.187494],[-84.484557,39.187477]]]}},{"type":"Feature","properties":{"pid":"024000040006"},"geometry":{"type":"Polygon","coordinates":[[[-84.484351,39.195798],[-84.484175,39.195796],[-84.484441,39.195524],[-84.484547,39.195591],[-84.484351,39.195798]]]}},{"type":"Feature","properties":{"pid":"024000040106"},"geometry":{"type":"Polygon","coordinates":[[[-84.484441,39.195524],[-84.484323,39.195451],[-84.484513,39.195266],[-84.484625,39.195336],[-84.484441,39.195524]]]}},{"type":"Feature","properties":{"pid":"024000040007"},"geometry":{"type":"Polygon","coordinates":[[[-84.484323,39.195451],[-84.484441,39.195524],[-84.484175,39.195796],[-84.483963,39.195794],[-84.484323,39.195451]]]}},{"type":"Feature","properties":{"pid":"024500040072"},"geometry":{"type":"Polygon","coordinates":[[[-84.461892,39.213576],[-84.462518,39.213099],[-84.462902,39.212678],[-84.463156,39.212293],[-84.463477,39.212298],[-84.463383,39.212583],[-84.461256,39.214178],[-84.4613,39.213987],[-84.461225,39.214019],[-84.461247,39.213915],[-84.461892,39.213576]]]}},{"type":"Feature","properties":{"pid":"024000040010"},"geometry":{"type":"Polygon","coordinates":[[[-84.484625,39.195509],[-84.48452,39.195444],[-84.484572,39.19539],[-84.484676,39.195455],[-84.484625,39.195509]]]}},{"type":"Feature","properties":{"pid":"024000040016"},"geometry":{"type":"Polygon","coordinates":[[[-84.483465,39.19532],[-84.483346,39.195303],[-84.483505,39.195151],[-84.483465,39.19532]]]}},{"type":"Feature","properties":{"pid":"066100020431"},"geometry":{"type":"Polygon","coordinates":[[[-84.486162,39.185093],[-84.486026,39.185079],[-84.486051,39.184953],[-84.486207,39.184998],[-84.486162,39.185093]]]}},{"type":"Feature","properties":{"pid":"066100020059"},"geometry":{"type":"Polygon","coordinates":[[[-84.483582,39.187591],[-84.483498,39.187569],[-84.483634,39.187243],[-84.483718,39.187264],[-84.483582,39.187591]]]}},{"type":"Feature","properties":{"pid":"066100020063"},"geometry":{"type":"Polygon","coordinates":[[[-84.484001,39.187697],[-84.483917,39.187676],[-84.484054,39.187349],[-84.484137,39.18737],[-84.484001,39.187697]]]}},{"type":"Feature","properties":{"pid":"066100020434"},"geometry":{"type":"Polygon","coordinates":[[[-84.485921,39.185069],[-84.485816,39.185058],[-84.485877,39.184746],[-84.485982,39.184756],[-84.485921,39.185069]]]}},{"type":"Feature","properties":{"pid":"066100020070"},"geometry":{"type":"Polygon","coordinates":[[[-84.484438,39.187759],[-84.48447,39.18769],[-84.484803,39.187915],[-84.484747,39.187968],[-84.484438,39.187759]]]}},{"type":"Feature","properties":{"pid":"066100020069"},"geometry":{"type":"Polygon","coordinates":[[[-84.484691,39.188021],[-84.484406,39.187828],[-84.484438,39.187759],[-84.484747,39.187968],[-84.484691,39.188021]]]}},{"type":"Feature","properties":{"pid":"066100020068"},"geometry":{"type":"Polygon","coordinates":[[[-84.484336,39.187782],[-84.484473,39.187455],[-84.484666,39.187504],[-84.48447,39.18769],[-84.484406,39.187828],[-84.484336,39.187782]]]}},{"type":"Feature","properties":{"pid":"066100020096"},"geometry":{"type":"Polygon","coordinates":[[[-84.485139,39.187597],[-84.485083,39.18765],[-84.48475,39.187425],[-84.484806,39.187372],[-84.485139,39.187597]]]}},{"type":"Feature","properties":{"pid":"066100020097"},"geometry":{"type":"Polygon","coordinates":[[[-84.485195,39.187544],[-84.485139,39.187597],[-84.484806,39.187372],[-84.484862,39.187319],[-84.485195,39.187544]]]}},{"type":"Feature","properties":{"pid":"024000040115"},"geometry":{"type":"Polygon","coordinates":[[[-84.481331,39.195417],[-84.481195,39.195329],[-84.481552,39.194989],[-84.481688,39.195076],[-84.481331,39.195417]]]}},{"type":"Feature","properties":{"pid":"066100020078"},"geometry":{"type":"Polygon","coordinates":[[[-84.483383,39.187179],[-84.483299,39.187158],[-84.483435,39.186832],[-84.483519,39.186853],[-84.483383,39.187179]]]}},{"type":"Feature","properties":{"pid":"066100020079"},"geometry":{"type":"Polygon","coordinates":[[[-84.483519,39.186853],[-84.483603,39.186874],[-84.483467,39.1872],[-84.483383,39.187179],[-84.483519,39.186853]]]}},{"type":"Feature","properties":{"pid":"024500020037"},"geometry":{"type":"Polygon","coordinates":[[[-84.467945,39.215874],[-84.467769,39.215873],[-84.467822,39.2153],[-84.467998,39.215301],[-84.467945,39.215874]]]}},{"type":"Feature","properties":{"pid":"024500020038"},"geometry":{"type":"Polygon","coordinates":[[[-84.467645,39.215299],[-84.467822,39.2153],[-84.467769,39.215873],[-84.467592,39.215872],[-84.467645,39.215299]]]}},{"type":"Feature","properties":{"pid":"024500020027"},"geometry":{"type":"Polygon","coordinates":[[[-84.467981,39.216447],[-84.468034,39.215874],[-84.468122,39.215875],[-84.468069,39.216447],[-84.467981,39.216447]]]}},{"type":"Feature","properties":{"pid":"024500020029"},"geometry":{"type":"Polygon","coordinates":[[[-84.467716,39.216446],[-84.46754,39.216445],[-84.467592,39.215872],[-84.467769,39.215873],[-84.467716,39.216446]]]}},{"type":"Feature","properties":{"pid":"024500020030"},"geometry":{"type":"Polygon","coordinates":[[[-84.46754,39.216445],[-84.467363,39.216444],[-84.467416,39.215871],[-84.467592,39.215872],[-84.46754,39.216445]]]}},{"type":"Feature","properties":{"pid":"024500020031"},"geometry":{"type":"Polygon","coordinates":[[[-84.467363,39.216444],[-84.467187,39.216443],[-84.46724,39.21587],[-84.467416,39.215871],[-84.467363,39.216444]]]}},{"type":"Feature","properties":{"pid":"024500020032"},"geometry":{"type":"Polygon","coordinates":[[[-84.46701,39.216442],[-84.467063,39.215869],[-84.46724,39.21587],[-84.467187,39.216443],[-84.46701,39.216442]]]}},{"type":"Feature","properties":{"pid":"024500020036"},"geometry":{"type":"Polygon","coordinates":[[[-84.468122,39.215875],[-84.467945,39.215874],[-84.467998,39.215301],[-84.468175,39.215302],[-84.468122,39.215875]]]}},{"type":"Feature","properties":{"pid":"024500020039"},"geometry":{"type":"Polygon","coordinates":[[[-84.467423,39.215871],[-84.467476,39.215299],[-84.467645,39.215299],[-84.467592,39.215872],[-84.467423,39.215871]]]}},{"type":"Feature","properties":{"pid":"024500020040"},"geometry":{"type":"Polygon","coordinates":[[[-84.467416,39.215871],[-84.46724,39.21587],[-84.467292,39.215298],[-84.467476,39.215299],[-84.467416,39.215871]]]}},{"type":"Feature","properties":{"pid":"024500020041"},"geometry":{"type":"Polygon","coordinates":[[[-84.466887,39.215868],[-84.467212,39.215297],[-84.467292,39.215298],[-84.46724,39.21587],[-84.466887,39.215868]]]}},{"type":"Feature","properties":{"pid":"024500020101"},"geometry":{"type":"Polygon","coordinates":[[[-84.466983,39.216442],[-84.466798,39.216441],[-84.466887,39.215868],[-84.467063,39.215869],[-84.466983,39.216442]]]}},{"type":"Feature","properties":{"pid":"024500020105"},"geometry":{"type":"Polygon","coordinates":[[[-84.4679,39.215874],[-84.467892,39.216446],[-84.467716,39.216446],[-84.467769,39.215873],[-84.4679,39.215874]]]}},{"type":"Feature","properties":{"pid":"011700040013"},"geometry":{"type":"Polygon","coordinates":[[[-84.479613,39.183169],[-84.479668,39.182593],[-84.479948,39.182623],[-84.479887,39.1832],[-84.479613,39.183169]]]}},{"type":"Feature","properties":{"pid":"011700040221"},"geometry":{"type":"Polygon","coordinates":[[[-84.479491,39.183156],[-84.47955,39.182579],[-84.479668,39.182593],[-84.479613,39.183169],[-84.479491,39.183156]]]}},{"type":"Feature","properties":{"pid":"066100020440"},"geometry":{"type":"Polygon","coordinates":[[[-84.485291,39.185004],[-84.485186,39.184994],[-84.485248,39.184682],[-84.485353,39.184692],[-84.485291,39.185004]]]}},{"type":"Feature","properties":{"pid":"066100020460"},"geometry":{"type":"Polygon","coordinates":[[[-84.485282,39.185322],[-84.485125,39.185306],[-84.485186,39.184994],[-84.485344,39.18501],[-84.485282,39.185322]]]}},{"type":"Feature","properties":{"pid":"024000040085"},"geometry":{"type":"Polygon","coordinates":[[[-84.482763,39.194677],[-84.483078,39.194375],[-84.483146,39.194417],[-84.482832,39.194719],[-84.482763,39.194677]]]}},{"type":"Feature","properties":{"pid":"066100020432"},"geometry":{"type":"Polygon","coordinates":[[[-84.486207,39.184998],[-84.486051,39.184953],[-84.486087,39.184767],[-84.486307,39.18479],[-84.486207,39.184998]]]}},{"type":"Feature","properties":{"pid":"066100020439"},"geometry":{"type":"Polygon","coordinates":[[[-84.485396,39.185015],[-84.485291,39.185004],[-84.485353,39.184692],[-84.485457,39.184703],[-84.485396,39.185015]]]}},{"type":"Feature","properties":{"pid":"066100020622"},"geometry":{"type":"Polygon","coordinates":[[[-84.482483,39.187533],[-84.482565,39.187394],[-84.482882,39.187469],[-84.482826,39.187613],[-84.482483,39.187533]]]}},{"type":"Feature","properties":{"pid":"066100020623"},"geometry":{"type":"Polygon","coordinates":[[[-84.482399,39.187671],[-84.482483,39.187533],[-84.482826,39.187613],[-84.48277,39.187758],[-84.482399,39.187671]]]}},{"type":"Feature","properties":{"pid":"066100020619"},"geometry":{"type":"Polygon","coordinates":[[[-84.485457,39.184703],[-84.485667,39.184724],[-84.485606,39.185036],[-84.485396,39.185015],[-84.485457,39.184703]]]}},{"type":"Feature","properties":{"pid":"066100020624"},"geometry":{"type":"Polygon","coordinates":[[[-84.485711,39.185047],[-84.48565,39.185359],[-84.48544,39.185338],[-84.485501,39.185026],[-84.485711,39.185047]]]}},{"type":"Feature","properties":{"pid":"066100020625"},"geometry":{"type":"Polygon","coordinates":[[[-84.48447,39.18769],[-84.484582,39.187584],[-84.484915,39.187809],[-84.484803,39.187915],[-84.48447,39.18769]]]}},{"type":"Feature","properties":{"pid":"066100020085"},"geometry":{"type":"Polygon","coordinates":[[[-84.483886,39.187307],[-84.484022,39.18698],[-84.484106,39.187002],[-84.48397,39.187328],[-84.483886,39.187307]]]}},{"type":"Feature","properties":{"pid":"066100020080"},"geometry":{"type":"Polygon","coordinates":[[[-84.48355,39.187222],[-84.483467,39.1872],[-84.483603,39.186874],[-84.483687,39.186895],[-84.48355,39.187222]]]}},{"type":"Feature","properties":{"pid":"066100020598"},"geometry":{"type":"Polygon","coordinates":[[[-84.483075,39.188566],[-84.482971,39.188759],[-84.48264,39.188576],[-84.482676,39.188472],[-84.483075,39.188566]]]}},{"type":"Feature","properties":{"pid":"066100020604"},"geometry":{"type":"Polygon","coordinates":[[[-84.483346,39.187676],[-84.483333,39.187838],[-84.482957,39.18775],[-84.483019,39.187592],[-84.483346,39.187676]]]}},{"type":"Feature","properties":{"pid":"066100020586"},"geometry":{"type":"Polygon","coordinates":[[[-84.482342,39.187815],[-84.482399,39.187671],[-84.48277,39.187758],[-84.482714,39.187902],[-84.482342,39.187815]]]}},{"type":"Feature","properties":{"pid":"066100020581"},"geometry":{"type":"Polygon","coordinates":[[[-84.483269,39.18715],[-84.483357,39.187534],[-84.483053,39.187456],[-84.483114,39.187313],[-84.48303,39.187089],[-84.483269,39.18715]]]}},{"type":"Feature","properties":{"pid":"066100020057"},"geometry":{"type":"Polygon","coordinates":[[[-84.483269,39.18715],[-84.48355,39.187222],[-84.483414,39.187548],[-84.483357,39.187534],[-84.483269,39.18715]]]}},{"type":"Feature","properties":{"pid":"066100020077"},"geometry":{"type":"Polygon","coordinates":[[[-84.483237,39.187058],[-84.483351,39.18681],[-84.483435,39.186832],[-84.483299,39.187158],[-84.483237,39.187058]]]}},{"type":"Feature","properties":{"pid":"066100020465"},"geometry":{"type":"Polygon","coordinates":[[[-84.485816,39.185058],[-84.485921,39.185069],[-84.485859,39.185381],[-84.485755,39.18537],[-84.485816,39.185058]]]}},{"type":"Feature","properties":{"pid":"066100020466"},"geometry":{"type":"Polygon","coordinates":[[[-84.486017,39.185397],[-84.485859,39.185381],[-84.485921,39.185069],[-84.486162,39.185093],[-84.486017,39.185397]]]}},{"type":"Feature","properties":{"pid":"066100020591"},"geometry":{"type":"Polygon","coordinates":[[[-84.48204,39.188522],[-84.482106,39.18839],[-84.482489,39.18848],[-84.482436,39.188615],[-84.48204,39.188522]]]}},{"type":"Feature","properties":{"pid":"066100020602"},"geometry":{"type":"Polygon","coordinates":[[[-84.482901,39.187894],[-84.483281,39.187984],[-84.48323,39.18813],[-84.482845,39.188039],[-84.482901,39.187894]]]}},{"type":"Feature","properties":{"pid":"066100020603"},"geometry":{"type":"Polygon","coordinates":[[[-84.483333,39.187838],[-84.483281,39.187984],[-84.482901,39.187894],[-84.482957,39.18775],[-84.483333,39.187838]]]}},{"type":"Feature","properties":{"pid":"024500050074"},"geometry":{"type":"Polygon","coordinates":[[[-84.465479,39.212325],[-84.465655,39.212332],[-84.465646,39.212738],[-84.465469,39.212736],[-84.465479,39.212325]]]}},{"type":"Feature","properties":{"pid":"024500050082"},"geometry":{"type":"Polygon","coordinates":[[[-84.465459,39.213148],[-84.465469,39.212736],[-84.465541,39.212737],[-84.465531,39.213149],[-84.465459,39.213148]]]}},{"type":"Feature","properties":{"pid":"011600010014"},"geometry":{"type":"Polygon","coordinates":[[[-84.476935,39.185707],[-84.476954,39.185517],[-84.47754,39.185581],[-84.477522,39.185772],[-84.476935,39.185707]]]}},{"type":"Feature","properties":{"pid":"011600010016"},"geometry":{"type":"Polygon","coordinates":[[[-84.477949,39.18552],[-84.478149,39.185577],[-84.478104,39.185836],[-84.477899,39.185813],[-84.477949,39.18552]]]}},{"type":"Feature","properties":{"pid":"011600010018"},"geometry":{"type":"Polygon","coordinates":[[[-84.477522,39.185772],[-84.477555,39.185406],[-84.477748,39.185461],[-84.477695,39.185791],[-84.477522,39.185772]]]}},{"type":"Feature","properties":{"pid":"011600010019"},"geometry":{"type":"Polygon","coordinates":[[[-84.477748,39.185461],[-84.477949,39.18552],[-84.477899,39.185813],[-84.477695,39.185791],[-84.477748,39.185461]]]}},{"type":"Feature","properties":{"pid":"011600010020"},"geometry":{"type":"Polygon","coordinates":[[[-84.478149,39.185577],[-84.478364,39.1856],[-84.478317,39.18586],[-84.478104,39.185836],[-84.478149,39.185577]]]}},{"type":"Feature","properties":{"pid":"011600010021"},"geometry":{"type":"Polygon","coordinates":[[[-84.478317,39.18586],[-84.478364,39.1856],[-84.478577,39.185624],[-84.478529,39.185883],[-84.478317,39.18586]]]}},{"type":"Feature","properties":{"pid":"024500010190"},"geometry":{"type":"Polygon","coordinates":[[[-84.461249,39.215368],[-84.461561,39.21541],[-84.461537,39.215491],[-84.461231,39.215449],[-84.461249,39.215368]]]}},{"type":"Feature","properties":{"pid":"024500010192"},"geometry":{"type":"Polygon","coordinates":[[[-84.461231,39.215449],[-84.461537,39.215491],[-84.461513,39.215571],[-84.461213,39.21553],[-84.461231,39.215449]]]}},{"type":"Feature","properties":{"pid":"066100020596"},"geometry":{"type":"Polygon","coordinates":[[[-84.482499,39.188867],[-84.482773,39.189046],[-84.482584,39.189191],[-84.482459,39.189186],[-84.482415,39.188899],[-84.482499,39.188867]]]}},{"type":"Feature","properties":{"pid":"066100020597"},"geometry":{"type":"Polygon","coordinates":[[[-84.482888,39.18888],[-84.482773,39.189046],[-84.482499,39.188867],[-84.48261,39.188761],[-84.482888,39.18888]]]}},{"type":"Feature","properties":{"pid":"024500010147"},"geometry":{"type":"Polygon","coordinates":[[[-84.461325,39.216215],[-84.461111,39.216184],[-84.461113,39.21602],[-84.461372,39.216053],[-84.461325,39.216215]]]}},{"type":"Feature","properties":{"pid":"024500010148"},"geometry":{"type":"Polygon","coordinates":[[[-84.461372,39.216053],[-84.461113,39.21602],[-84.461114,39.215933],[-84.461396,39.21597],[-84.461372,39.216053]]]}},{"type":"Feature","properties":{"pid":"066100020590"},"geometry":{"type":"Polygon","coordinates":[[[-84.482173,39.188248],[-84.482545,39.188336],[-84.482489,39.18848],[-84.482106,39.18839],[-84.482173,39.188248]]]}},{"type":"Feature","properties":{"pid":"066100020589"},"geometry":{"type":"Polygon","coordinates":[[[-84.482545,39.188336],[-84.482173,39.188248],[-84.48223,39.188104],[-84.482601,39.188192],[-84.482545,39.188336]]]}},{"type":"Feature","properties":{"pid":"066100020588"},"geometry":{"type":"Polygon","coordinates":[[[-84.482286,39.187959],[-84.482657,39.188047],[-84.482601,39.188192],[-84.48223,39.188104],[-84.482286,39.187959]]]}},{"type":"Feature","properties":{"pid":"066100020587"},"geometry":{"type":"Polygon","coordinates":[[[-84.482342,39.187815],[-84.482714,39.187902],[-84.482657,39.188047],[-84.482286,39.187959],[-84.482342,39.187815]]]}},{"type":"Feature","properties":{"pid":"066100020592"},"geometry":{"type":"Polygon","coordinates":[[[-84.48204,39.188522],[-84.482301,39.188584],[-84.482436,39.188615],[-84.482272,39.188741],[-84.481972,39.188659],[-84.48204,39.188522]]]}},{"type":"Feature","properties":{"pid":"011600010022"},"geometry":{"type":"Polygon","coordinates":[[[-84.478577,39.185624],[-84.478791,39.185646],[-84.478742,39.185907],[-84.478529,39.185883],[-84.478577,39.185624]]]}},{"type":"Feature","properties":{"pid":"024000030104"},"geometry":{"type":"Polygon","coordinates":[[[-84.479654,39.193985],[-84.479765,39.193878],[-84.479877,39.19395],[-84.479966,39.193865],[-84.48027,39.194062],[-84.480069,39.194253],[-84.479654,39.193985]]]}},{"type":"Feature","properties":{"pid":"024000030001"},"geometry":{"type":"Polygon","coordinates":[[[-84.479705,39.194373],[-84.479928,39.194162],[-84.480069,39.194253],[-84.479845,39.194465],[-84.479705,39.194373]]]}},{"type":"Feature","properties":{"pid":"024000030002"},"geometry":{"type":"Polygon","coordinates":[[[-84.47957,39.194285],[-84.479792,39.194074],[-84.479928,39.194162],[-84.479705,39.194373],[-84.47957,39.194285]]]}},{"type":"Feature","properties":{"pid":"024000040097"},"geometry":{"type":"Polygon","coordinates":[[[-84.483727,39.195279],[-84.483662,39.195238],[-84.483974,39.194932],[-84.484042,39.194975],[-84.483727,39.195279]]]}},{"type":"Feature","properties":{"pid":"024000040100"},"geometry":{"type":"Polygon","coordinates":[[[-84.483796,39.195323],[-84.484111,39.195017],[-84.484181,39.19506],[-84.483864,39.195365],[-84.483796,39.195323]]]}},{"type":"Feature","properties":{"pid":"024000040108"},"geometry":{"type":"Polygon","coordinates":[[[-84.482272,39.195622],[-84.482362,39.195244],[-84.482494,39.195263],[-84.482404,39.195641],[-84.482272,39.195622]]]}},{"type":"Feature","properties":{"pid":"011600010024"},"geometry":{"type":"Polygon","coordinates":[[[-84.478906,39.185659],[-84.479113,39.185681],[-84.479063,39.185942],[-84.478857,39.185919],[-84.478906,39.185659]]]}},{"type":"Feature","properties":{"pid":"011600010025"},"geometry":{"type":"Polygon","coordinates":[[[-84.47922,39.185693],[-84.479436,39.185716],[-84.479383,39.185977],[-84.479169,39.185954],[-84.47922,39.185693]]]}},{"type":"Feature","properties":{"pid":"011600010026"},"geometry":{"type":"Polygon","coordinates":[[[-84.479436,39.185716],[-84.479649,39.185739],[-84.479596,39.186001],[-84.479383,39.185977],[-84.479436,39.185716]]]}},{"type":"Feature","properties":{"pid":"024000040013"},"geometry":{"type":"Polygon","coordinates":[[[-84.483533,39.195785],[-84.483662,39.195238],[-84.483815,39.195335],[-84.483709,39.195788],[-84.483533,39.195785]]]}},{"type":"Feature","properties":{"pid":"024000040014"},"geometry":{"type":"Polygon","coordinates":[[[-84.483533,39.195785],[-84.483359,39.195772],[-84.483512,39.195144],[-84.483662,39.195238],[-84.483533,39.195785]]]}},{"type":"Feature","properties":{"pid":"024000040015"},"geometry":{"type":"Polygon","coordinates":[[[-84.483359,39.195772],[-84.483186,39.195747],[-84.483274,39.195371],[-84.483346,39.195303],[-84.483465,39.19532],[-84.483359,39.195772]]]}},{"type":"Feature","properties":{"pid":"024000040018"},"geometry":{"type":"Polygon","coordinates":[[[-84.483014,39.195722],[-84.483101,39.195346],[-84.483222,39.195364],[-84.483134,39.19574],[-84.483014,39.195722]]]}},{"type":"Feature","properties":{"pid":"024000040022"},"geometry":{"type":"Polygon","coordinates":[[[-84.48284,39.195698],[-84.48258,39.19566],[-84.482693,39.195287],[-84.482928,39.195321],[-84.48284,39.195698]]]}},{"type":"Feature","properties":{"pid":"024000040023"},"geometry":{"type":"Polygon","coordinates":[[[-84.482272,39.195622],[-84.482144,39.195604],[-84.482233,39.195225],[-84.482362,39.195244],[-84.482272,39.195622]]]}},{"type":"Feature","properties":{"pid":"024000040030"},"geometry":{"type":"Polygon","coordinates":[[[-84.483274,39.195371],[-84.483222,39.195364],[-84.482693,39.195287],[-84.482887,39.195102],[-84.483274,39.195371]]]}},{"type":"Feature","properties":{"pid":"024000040031"},"geometry":{"type":"Polygon","coordinates":[[[-84.483382,39.195238],[-84.48329,39.195356],[-84.482887,39.195102],[-84.482998,39.194996],[-84.483382,39.195238]]]}},{"type":"Feature","properties":{"pid":"024000040032"},"geometry":{"type":"Polygon","coordinates":[[[-84.483512,39.195144],[-84.483326,39.19529],[-84.483382,39.195238],[-84.483204,39.195126],[-84.483315,39.195019],[-84.483512,39.195144]]]}},{"type":"Feature","properties":{"pid":"024000040034"},"geometry":{"type":"Polygon","coordinates":[[[-84.482546,39.195211],[-84.481954,39.195126],[-84.482234,39.19486],[-84.482644,39.195118],[-84.482546,39.195211]]]}},{"type":"Feature","properties":{"pid":"024000040035"},"geometry":{"type":"Polygon","coordinates":[[[-84.482644,39.195118],[-84.482234,39.19486],[-84.482345,39.194754],[-84.482755,39.195012],[-84.482644,39.195118]]]}},{"type":"Feature","properties":{"pid":"011600010027"},"geometry":{"type":"Polygon","coordinates":[[[-84.479596,39.186001],[-84.479649,39.185739],[-84.479864,39.185763],[-84.479817,39.186025],[-84.479596,39.186001]]]}},{"type":"Feature","properties":{"pid":"011600010028"},"geometry":{"type":"Polygon","coordinates":[[[-84.479864,39.185763],[-84.480079,39.185785],[-84.480032,39.186048],[-84.479817,39.186025],[-84.479864,39.185763]]]}},{"type":"Feature","properties":{"pid":"011600010029"},"geometry":{"type":"Polygon","coordinates":[[[-84.480032,39.186048],[-84.480079,39.185785],[-84.4803,39.185809],[-84.480274,39.186075],[-84.480032,39.186048]]]}},{"type":"Feature","properties":{"pid":"011600010096"},"geometry":{"type":"Polygon","coordinates":[[[-84.480828,39.185866],[-84.481001,39.185884],[-84.480954,39.186148],[-84.480781,39.18613],[-84.480828,39.185866]]]}},{"type":"Feature","properties":{"pid":"011600010097"},"geometry":{"type":"Polygon","coordinates":[[[-84.481001,39.185884],[-84.481174,39.185903],[-84.481126,39.186167],[-84.480954,39.186148],[-84.481001,39.185884]]]}},{"type":"Feature","properties":{"pid":"011600010098"},"geometry":{"type":"Polygon","coordinates":[[[-84.481174,39.185903],[-84.481342,39.185908],[-84.481291,39.186185],[-84.481126,39.186167],[-84.481174,39.185903]]]}},{"type":"Feature","properties":{"pid":"011600010099"},"geometry":{"type":"Polygon","coordinates":[[[-84.481342,39.185908],[-84.481508,39.185926],[-84.481457,39.186203],[-84.481291,39.186185],[-84.481342,39.185908]]]}},{"type":"Feature","properties":{"pid":"011600010100"},"geometry":{"type":"Polygon","coordinates":[[[-84.481508,39.185926],[-84.481673,39.185943],[-84.481624,39.186221],[-84.481457,39.186203],[-84.481508,39.185926]]]}},{"type":"Feature","properties":{"pid":"011600010102"},"geometry":{"type":"Polygon","coordinates":[[[-84.481839,39.185961],[-84.481998,39.186016],[-84.481956,39.186257],[-84.48179,39.186239],[-84.481839,39.185961]]]}},{"type":"Feature","properties":{"pid":"011600010122"},"geometry":{"type":"Polygon","coordinates":[[[-84.480655,39.185847],[-84.480828,39.185866],[-84.480781,39.18613],[-84.480608,39.186111],[-84.480655,39.185847]]]}},{"type":"Feature","properties":{"pid":"024000040036"},"geometry":{"type":"Polygon","coordinates":[[[-84.482755,39.195012],[-84.482345,39.194754],[-84.482456,39.194648],[-84.482866,39.194906],[-84.482755,39.195012]]]}},{"type":"Feature","properties":{"pid":"024000040037"},"geometry":{"type":"Polygon","coordinates":[[[-84.482558,39.19455],[-84.482971,39.194805],[-84.482866,39.194906],[-84.482456,39.194648],[-84.482558,39.19455]]]}},{"type":"Feature","properties":{"pid":"024000040078"},"geometry":{"type":"Polygon","coordinates":[[[-84.482375,39.194289],[-84.482596,39.194076],[-84.482664,39.194119],[-84.482444,39.194331],[-84.482375,39.194289]]]}},{"type":"Feature","properties":{"pid":"024000040081"},"geometry":{"type":"Polygon","coordinates":[[[-84.482504,39.194515],[-84.482802,39.194204],[-84.482872,39.194247],[-84.482558,39.19455],[-84.482504,39.194515]]]}},{"type":"Feature","properties":{"pid":"024000030103"},"geometry":{"type":"Polygon","coordinates":[[[-84.479877,39.19395],[-84.479312,39.193585],[-84.479765,39.193154],[-84.48026,39.193473],[-84.480193,39.193537],[-84.480567,39.193779],[-84.48027,39.194062],[-84.479966,39.193865],[-84.479877,39.19395]]]}},{"type":"Feature","properties":{"pid":"011600010173"},"geometry":{"type":"Polygon","coordinates":[[[-84.480482,39.185829],[-84.480582,39.185839],[-84.480535,39.186103],[-84.480435,39.186092],[-84.480482,39.185829]]]}},{"type":"Feature","properties":{"pid":"011700020033"},"geometry":{"type":"Polygon","coordinates":[[[-84.478008,39.187926],[-84.476704,39.187754],[-84.476859,39.186382],[-84.478301,39.186639],[-84.478008,39.187926]]]}},{"type":"Feature","properties":{"pid":"024000040024"},"geometry":{"type":"Polygon","coordinates":[[[-84.48197,39.195579],[-84.48206,39.195201],[-84.482233,39.195225],[-84.482144,39.195604],[-84.48197,39.195579]]]}},{"type":"Feature","properties":{"pid":"024000040038"},"geometry":{"type":"Polygon","coordinates":[[[-84.482005,39.194992],[-84.481868,39.195122],[-84.481449,39.194853],[-84.481581,39.194727],[-84.482005,39.194992]]]}},{"type":"Feature","properties":{"pid":"024000040039"},"geometry":{"type":"Polygon","coordinates":[[[-84.48206,39.194939],[-84.482005,39.194992],[-84.481581,39.194727],[-84.481637,39.194674],[-84.48206,39.194939]]]}},{"type":"Feature","properties":{"pid":"024000040040"},"geometry":{"type":"Polygon","coordinates":[[[-84.48206,39.194939],[-84.481637,39.194674],[-84.481748,39.194567],[-84.482171,39.194833],[-84.48206,39.194939]]]}},{"type":"Feature","properties":{"pid":"024000040041"},"geometry":{"type":"Polygon","coordinates":[[[-84.482171,39.194833],[-84.481748,39.194567],[-84.481859,39.194461],[-84.482282,39.194727],[-84.482171,39.194833]]]}},{"type":"Feature","properties":{"pid":"024000040082"},"geometry":{"type":"Polygon","coordinates":[[[-84.482625,39.194591],[-84.482558,39.19455],[-84.482872,39.194247],[-84.48294,39.194289],[-84.482625,39.194591]]]}},{"type":"Feature","properties":{"pid":"024000040083"},"geometry":{"type":"Polygon","coordinates":[[[-84.482695,39.194634],[-84.482625,39.194591],[-84.48294,39.194289],[-84.483008,39.194332],[-84.482695,39.194634]]]}},{"type":"Feature","properties":{"pid":"024000040087"},"geometry":{"type":"Polygon","coordinates":[[[-84.482971,39.194805],[-84.482902,39.194762],[-84.483215,39.194459],[-84.483285,39.194502],[-84.482971,39.194805]]]}},{"type":"Feature","properties":{"pid":"024000040088"},"geometry":{"type":"Polygon","coordinates":[[[-84.48304,39.194848],[-84.482971,39.194805],[-84.483285,39.194502],[-84.483353,39.194545],[-84.48304,39.194848]]]}},{"type":"Feature","properties":{"pid":"024000040090"},"geometry":{"type":"Polygon","coordinates":[[[-84.483109,39.194891],[-84.483067,39.194865],[-84.48338,39.194562],[-84.483423,39.194589],[-84.483109,39.194891]]]}},{"type":"Feature","properties":{"pid":"024000040093"},"geometry":{"type":"Polygon","coordinates":[[[-84.483768,39.194803],[-84.483503,39.195057],[-84.483541,39.194802],[-84.483631,39.194716],[-84.483768,39.194803]]]}},{"type":"Feature","properties":{"pid":"024000040095"},"geometry":{"type":"Polygon","coordinates":[[[-84.483591,39.195193],[-84.483522,39.19515],[-84.483836,39.194846],[-84.483904,39.19489],[-84.483591,39.195193]]]}},{"type":"Feature","properties":{"pid":"024500050070"},"geometry":{"type":"Polygon","coordinates":[[[-84.466175,39.212744],[-84.466185,39.212351],[-84.466361,39.212353],[-84.466352,39.212747],[-84.466175,39.212744]]]}},{"type":"Feature","properties":{"pid":"023900010065"},"geometry":{"type":"Polygon","coordinates":[[[-84.492059,39.196891],[-84.49199,39.197639],[-84.49169,39.197878],[-84.489411,39.19763],[-84.488774,39.19893],[-84.488704,39.198922],[-84.489479,39.197353],[-84.489888,39.196905],[-84.49005,39.196566],[-84.492059,39.196891]]]}},{"type":"Feature","properties":{"pid":"023900010067"},"geometry":{"type":"Polygon","coordinates":[[[-84.49169,39.197878],[-84.490154,39.199088],[-84.488774,39.19893],[-84.489411,39.19763],[-84.49169,39.197878]]]}},{"type":"Feature","properties":{"pid":"024500010149"},"geometry":{"type":"Polygon","coordinates":[[[-84.461114,39.215933],[-84.461114,39.215851],[-84.461419,39.215891],[-84.461396,39.21597],[-84.461114,39.215933]]]}},{"type":"Feature","properties":{"pid":"059000720133"},"geometry":{"type":"Polygon","coordinates":[[[-84.486446,39.208643],[-84.486699,39.208339],[-84.487024,39.208537],[-84.486801,39.208822],[-84.486446,39.208643]]]}},{"type":"Feature","properties":{"pid":"023800050051"},"geometry":{"type":"Polygon","coordinates":[[[-84.497248,39.199808],[-84.497729,39.199497],[-84.497842,39.1996],[-84.497418,39.199856],[-84.497248,39.199808]]]}},{"type":"Feature","properties":{"pid":"023800050052"},"geometry":{"type":"Polygon","coordinates":[[[-84.497842,39.1996],[-84.497958,39.199705],[-84.497787,39.199816],[-84.497518,39.199795],[-84.497842,39.1996]]]}},{"type":"Feature","properties":{"pid":"023800050065"},"geometry":{"type":"Polygon","coordinates":[[[-84.497958,39.199705],[-84.498039,39.199778],[-84.497959,39.19983],[-84.497787,39.199816],[-84.497958,39.199705]]]}},{"type":"Feature","properties":{"pid":"024500050124"},"geometry":{"type":"Polygon","coordinates":[[[-84.464933,39.214268],[-84.46497,39.214133],[-84.465488,39.214222],[-84.465449,39.214358],[-84.464933,39.214268]]]}},{"type":"Feature","properties":{"pid":"024500050121"},"geometry":{"type":"Polygon","coordinates":[[[-84.464817,39.214667],[-84.464855,39.214535],[-84.465371,39.214626],[-84.465335,39.214756],[-84.464817,39.214667]]]}},{"type":"Feature","properties":{"pid":"024400020063"},"geometry":{"type":"Polygon","coordinates":[[[-84.471912,39.206668],[-84.472072,39.206649],[-84.472034,39.207262],[-84.471907,39.207257],[-84.471912,39.206668]]]}},{"type":"Feature","properties":{"pid":"024400030025"},"geometry":{"type":"Polygon","coordinates":[[[-84.467773,39.212217],[-84.467579,39.212209],[-84.467605,39.211966],[-84.467781,39.211969],[-84.467773,39.212217]]]}},{"type":"Feature","properties":{"pid":"024400040002"},"geometry":{"type":"Polygon","coordinates":[[[-84.473814,39.210006],[-84.473675,39.209997],[-84.473704,39.209667],[-84.473844,39.209677],[-84.473814,39.210006]]]}},{"type":"Feature","properties":{"pid":"024400040027"},"geometry":{"type":"Polygon","coordinates":[[[-84.473704,39.209667],[-84.473675,39.209997],[-84.473533,39.209989],[-84.473562,39.209658],[-84.473704,39.209667]]]}},{"type":"Feature","properties":{"pid":"024500050137"},"geometry":{"type":"Polygon","coordinates":[[[-84.464377,39.214312],[-84.464415,39.214178],[-84.464933,39.214268],[-84.464894,39.214401],[-84.464377,39.214312]]]}},{"type":"Feature","properties":{"pid":"024500050138"},"geometry":{"type":"Polygon","coordinates":[[[-84.464415,39.214178],[-84.464455,39.214044],[-84.46497,39.214133],[-84.464933,39.214268],[-84.464415,39.214178]]]}},{"type":"Feature","properties":{"pid":"024500050176"},"geometry":{"type":"Polygon","coordinates":[[[-84.464933,39.214268],[-84.465449,39.214358],[-84.465371,39.214626],[-84.464855,39.214535],[-84.464933,39.214268]]]}},{"type":"Feature","properties":{"pid":"024500050136"},"geometry":{"type":"Polygon","coordinates":[[[-84.464338,39.214446],[-84.464377,39.214312],[-84.464894,39.214401],[-84.464855,39.214535],[-84.464338,39.214446]]]}},{"type":"Feature","properties":{"pid":"024500050135"},"geometry":{"type":"Polygon","coordinates":[[[-84.464338,39.214446],[-84.464855,39.214535],[-84.464817,39.214667],[-84.4643,39.214579],[-84.464338,39.214446]]]}},{"type":"Feature","properties":{"pid":"024300050015"},"geometry":{"type":"Polygon","coordinates":[[[-84.466744,39.211443],[-84.46621,39.21144],[-84.46621,39.210752],[-84.466556,39.210712],[-84.466744,39.211443]]]}},{"type":"Feature","properties":{"pid":"024400040046"},"geometry":{"type":"Polygon","coordinates":[[[-84.473251,39.20997],[-84.473111,39.209961],[-84.473141,39.209633],[-84.47328,39.209642],[-84.473251,39.20997]]]}},{"type":"Feature","properties":{"pid":"024400040056"},"geometry":{"type":"Polygon","coordinates":[[[-84.473157,39.209467],[-84.473017,39.209458],[-84.473064,39.208925],[-84.473202,39.208975],[-84.473157,39.209467]]]}},{"type":"Feature","properties":{"pid":"024400040057"},"geometry":{"type":"Polygon","coordinates":[[[-84.47334,39.209026],[-84.473298,39.209477],[-84.473157,39.209467],[-84.473202,39.208975],[-84.47334,39.209026]]]}},{"type":"Feature","properties":{"pid":"024400040058"},"geometry":{"type":"Polygon","coordinates":[[[-84.473438,39.209485],[-84.473298,39.209477],[-84.473334,39.209081],[-84.473468,39.209154],[-84.473438,39.209485]]]}},{"type":"Feature","properties":{"pid":"024400040059"},"geometry":{"type":"Polygon","coordinates":[[[-84.47358,39.209494],[-84.473438,39.209485],[-84.473468,39.209154],[-84.473609,39.209164],[-84.47358,39.209494]]]}},{"type":"Feature","properties":{"pid":"024300030030"},"geometry":{"type":"Polygon","coordinates":[[[-84.467501,39.206636],[-84.467782,39.206188],[-84.467892,39.206249],[-84.467617,39.206674],[-84.467501,39.206636]]]}},{"type":"Feature","properties":{"pid":"024300030031"},"geometry":{"type":"Polygon","coordinates":[[[-84.46737,39.206594],[-84.467653,39.206147],[-84.467782,39.206188],[-84.467501,39.206636],[-84.46737,39.206594]]]}},{"type":"Feature","properties":{"pid":"024300030038"},"geometry":{"type":"Polygon","coordinates":[[[-84.467288,39.206007],[-84.467563,39.205516],[-84.467819,39.205638],[-84.467541,39.206103],[-84.467288,39.206007]]]}},{"type":"Feature","properties":{"pid":"024300030043"},"geometry":{"type":"Polygon","coordinates":[[[-84.469103,39.205355],[-84.469752,39.205105],[-84.469815,39.205205],[-84.469166,39.205455],[-84.469103,39.205355]]]}},{"type":"Feature","properties":{"pid":"024300030085"},"geometry":{"type":"Polygon","coordinates":[[[-84.46766,39.20615],[-84.467934,39.205703],[-84.468048,39.205769],[-84.467782,39.206188],[-84.46766,39.20615]]]}},{"type":"Feature","properties":{"pid":"024400030015"},"geometry":{"type":"Polygon","coordinates":[[[-84.468919,39.210004],[-84.4686,39.209873],[-84.468866,39.209498],[-84.469139,39.209556],[-84.468919,39.210004]]]}},{"type":"Feature","properties":{"pid":"024400030020"},"geometry":{"type":"Polygon","coordinates":[[[-84.468196,39.211412],[-84.468155,39.211488],[-84.467615,39.211412],[-84.46779,39.21105],[-84.467972,39.211124],[-84.467943,39.211182],[-84.468196,39.211412]]]}},{"type":"Feature","properties":{"pid":"024400030027"},"geometry":{"type":"Polygon","coordinates":[[[-84.467379,39.211612],[-84.466747,39.211613],[-84.466744,39.211443],[-84.46743,39.211448],[-84.467379,39.211612]]]}},{"type":"Feature","properties":{"pid":"024400030030"},"geometry":{"type":"Polygon","coordinates":[[[-84.467103,39.211182],[-84.466897,39.210647],[-84.467257,39.210546],[-84.467505,39.211089],[-84.467103,39.211182]]]}},{"type":"Feature","properties":{"pid":"023900020004"},"geometry":{"type":"Polygon","coordinates":[[[-84.483703,39.198276],[-84.483752,39.197727],[-84.483927,39.197747],[-84.483879,39.198297],[-84.483703,39.198276]]]}},{"type":"Feature","properties":{"pid":"024400040036"},"geometry":{"type":"Polygon","coordinates":[[[-84.473407,39.20998],[-84.473422,39.209649],[-84.473562,39.209658],[-84.473533,39.209989],[-84.473407,39.20998]]]}},{"type":"Feature","properties":{"pid":"024300030090"},"geometry":{"type":"Polygon","coordinates":[[[-84.469335,39.205774],[-84.469272,39.205674],[-84.469943,39.205413],[-84.470005,39.205512],[-84.469335,39.205774]]]}},{"type":"Feature","properties":{"pid":"024300040035"},"geometry":{"type":"Polygon","coordinates":[[[-84.466999,39.207291],[-84.467299,39.20672],[-84.467535,39.206795],[-84.467235,39.207364],[-84.466999,39.207291]]]}},{"type":"Feature","properties":{"pid":"024300040036"},"geometry":{"type":"Polygon","coordinates":[[[-84.467235,39.207364],[-84.467535,39.206795],[-84.467772,39.206872],[-84.467473,39.207438],[-84.467235,39.207364]]]}},{"type":"Feature","properties":{"pid":"024300040038"},"geometry":{"type":"Polygon","coordinates":[[[-84.467941,39.207583],[-84.467697,39.207507],[-84.467994,39.206943],[-84.468238,39.207019],[-84.467941,39.207583]]]}},{"type":"Feature","properties":{"pid":"024300040039"},"geometry":{"type":"Polygon","coordinates":[[[-84.468177,39.207656],[-84.467941,39.207583],[-84.468238,39.207019],[-84.468473,39.207093],[-84.468177,39.207656]]]}},{"type":"Feature","properties":{"pid":"024300040045"},"geometry":{"type":"Polygon","coordinates":[[[-84.469409,39.208037],[-84.468771,39.207839],[-84.468801,39.207783],[-84.469408,39.207878],[-84.469409,39.208037]]]}},{"type":"Feature","properties":{"pid":"059000720127"},"geometry":{"type":"Polygon","coordinates":[[[-84.486926,39.207992],[-84.486759,39.208192],[-84.486414,39.207956],[-84.486541,39.207797],[-84.486926,39.207992]]]}},{"type":"Feature","properties":{"pid":"024400010013"},"geometry":{"type":"Polygon","coordinates":[[[-84.473892,39.205999],[-84.474044,39.20604],[-84.47409,39.206277],[-84.47395,39.206294],[-84.473892,39.205999]]]}},{"type":"Feature","properties":{"pid":"024400010014"},"geometry":{"type":"Polygon","coordinates":[[[-84.473743,39.205958],[-84.473892,39.205999],[-84.47395,39.206294],[-84.47381,39.20631],[-84.473743,39.205958]]]}},{"type":"Feature","properties":{"pid":"024400010002"},"geometry":{"type":"Polygon","coordinates":[[[-84.474204,39.206127],[-84.474622,39.206078],[-84.474607,39.206216],[-84.47423,39.206261],[-84.474204,39.206127]]]}},{"type":"Feature","properties":{"pid":"024400050032"},"geometry":{"type":"Polygon","coordinates":[[[-84.470008,39.212226],[-84.470431,39.211782],[-84.470535,39.211786],[-84.470492,39.212234],[-84.470008,39.212226]]]}},{"type":"Feature","properties":{"pid":"059000810348"},"geometry":{"type":"Polygon","coordinates":[[[-84.47846,39.216397],[-84.478476,39.216288],[-84.478845,39.216321],[-84.478828,39.21643],[-84.47846,39.216397]]]}},{"type":"Feature","properties":{"pid":"059000810333"},"geometry":{"type":"Polygon","coordinates":[[[-84.478881,39.216081],[-84.478894,39.215994],[-84.479262,39.216028],[-84.479249,39.216115],[-84.478881,39.216081]]]}},{"type":"Feature","properties":{"pid":"059000810386"},"geometry":{"type":"Polygon","coordinates":[[[-84.478113,39.215039],[-84.47813,39.21493],[-84.478498,39.214963],[-84.478481,39.215072],[-84.478113,39.215039]]]}},{"type":"Feature","properties":{"pid":"024300060200"},"geometry":{"type":"Polygon","coordinates":[[[-84.459952,39.21038],[-84.460047,39.209411],[-84.46014,39.209415],[-84.460349,39.20881],[-84.461766,39.207226],[-84.463489,39.207292],[-84.462933,39.208516],[-84.462424,39.208938],[-84.461858,39.209366],[-84.459952,39.21038]]]}},{"type":"Feature","properties":{"pid":"059000810478"},"geometry":{"type":"Polygon","coordinates":[[[-84.479274,39.217126],[-84.47929,39.217025],[-84.479658,39.217059],[-84.479643,39.21716],[-84.479274,39.217126]]]}},{"type":"Feature","properties":{"pid":"059000810397"},"geometry":{"type":"Polygon","coordinates":[[[-84.477917,39.216348],[-84.477933,39.216238],[-84.478301,39.216272],[-84.478285,39.216381],[-84.477917,39.216348]]]}},{"type":"Feature","properties":{"pid":"059000810464"},"geometry":{"type":"Polygon","coordinates":[[[-84.479553,39.215273],[-84.479568,39.215171],[-84.479936,39.215204],[-84.479921,39.215307],[-84.479553,39.215273]]]}},{"type":"Feature","properties":{"pid":"059000810387"},"geometry":{"type":"Polygon","coordinates":[[[-84.478097,39.215148],[-84.47811,39.21506],[-84.478478,39.215094],[-84.478465,39.215181],[-84.478097,39.215148]]]}},{"type":"Feature","properties":{"pid":"024300040058"},"geometry":{"type":"Polygon","coordinates":[[[-84.469059,39.208091],[-84.469061,39.207967],[-84.469409,39.208074],[-84.469403,39.208182],[-84.469059,39.208091]]]}},{"type":"Feature","properties":{"pid":"024300040059"},"geometry":{"type":"Polygon","coordinates":[[[-84.468989,39.208436],[-84.46903,39.208325],[-84.469387,39.208407],[-84.469357,39.208517],[-84.468989,39.208436]]]}},{"type":"Feature","properties":{"pid":"024400010024"},"geometry":{"type":"Polygon","coordinates":[[[-84.471598,39.206566],[-84.471799,39.206091],[-84.471859,39.206109],[-84.471812,39.206546],[-84.471598,39.206566]]]}},{"type":"Feature","properties":{"pid":"024400020085"},"geometry":{"type":"Polygon","coordinates":[[[-84.474201,39.206945],[-84.474044,39.207108],[-84.473604,39.20647],[-84.473847,39.206442],[-84.474201,39.206945]]]}},{"type":"Feature","properties":{"pid":"024300040031"},"geometry":{"type":"Polygon","coordinates":[[[-84.466393,39.207096],[-84.466785,39.207222],[-84.466718,39.20735],[-84.466326,39.207223],[-84.466393,39.207096]]]}},{"type":"Feature","properties":{"pid":"024400050028"},"geometry":{"type":"Polygon","coordinates":[[[-84.471079,39.212245],[-84.471027,39.212195],[-84.471065,39.211802],[-84.471242,39.211807],[-84.4712,39.212248],[-84.471079,39.212245]]]}},{"type":"Feature","properties":{"pid":"059000810037"},"geometry":{"type":"Polygon","coordinates":[[[-84.474166,39.213888],[-84.474177,39.213778],[-84.474528,39.213801],[-84.474517,39.21391],[-84.474166,39.213888]]]}},{"type":"Feature","properties":{"pid":"023900030014"},"geometry":{"type":"Polygon","coordinates":[[[-84.488266,39.194151],[-84.48754,39.194136],[-84.487035,39.193726],[-84.487618,39.1931],[-84.488016,39.193398],[-84.488266,39.194151]]]}},{"type":"Feature","properties":{"pid":"024400030031"},"geometry":{"type":"Polygon","coordinates":[[[-84.467545,39.211176],[-84.467257,39.210546],[-84.467462,39.210469],[-84.467751,39.210822],[-84.467545,39.211176]]]}},{"type":"Feature","properties":{"pid":"024400030038"},"geometry":{"type":"Polygon","coordinates":[[[-84.467565,39.211551],[-84.467615,39.211412],[-84.468178,39.211492],[-84.468176,39.211558],[-84.467565,39.211551]]]}},{"type":"Feature","properties":{"pid":"024400030041"},"geometry":{"type":"Polygon","coordinates":[[[-84.468171,39.211696],[-84.467522,39.211687],[-84.467565,39.211551],[-84.468176,39.211558],[-84.468171,39.211696]]]}},{"type":"Feature","properties":{"pid":"024300030101"},"geometry":{"type":"Polygon","coordinates":[[[-84.468969,39.206355],[-84.469557,39.206135],[-84.469661,39.206304],[-84.469096,39.206518],[-84.468969,39.206355]]]}},{"type":"Feature","properties":{"pid":"024300030026"},"geometry":{"type":"Polygon","coordinates":[[[-84.468576,39.206646],[-84.468381,39.206555],[-84.468624,39.206208],[-84.468773,39.206358],[-84.468576,39.206646]]]}},{"type":"Feature","properties":{"pid":"024300050065"},"geometry":{"type":"Polygon","coordinates":[[[-84.465767,39.210006],[-84.465464,39.209996],[-84.465611,39.209389],[-84.46578,39.209398],[-84.465767,39.210006]]]}},{"type":"Feature","properties":{"pid":"024400030028"},"geometry":{"type":"Polygon","coordinates":[[[-84.467505,39.211089],[-84.467545,39.211176],[-84.46743,39.211448],[-84.466744,39.211443],[-84.466701,39.211276],[-84.467505,39.211089]]]}},{"type":"Feature","properties":{"pid":"066100010427"},"geometry":{"type":"Polygon","coordinates":[[[-84.490535,39.186284],[-84.490591,39.186234],[-84.490943,39.186442],[-84.490866,39.18651],[-84.490535,39.186284]]]}},{"type":"Feature","properties":{"pid":"066100010428"},"geometry":{"type":"Polygon","coordinates":[[[-84.490605,39.186222],[-84.490721,39.186118],[-84.490822,39.186187],[-84.490705,39.186291],[-84.490605,39.186222]]]}},{"type":"Feature","properties":{"pid":"066100040123"},"geometry":{"type":"Polygon","coordinates":[[[-84.49272,39.183964],[-84.492288,39.18376],[-84.49239,39.183644],[-84.492824,39.183847],[-84.49272,39.183964]]]}},{"type":"Feature","properties":{"pid":"066100040162"},"geometry":{"type":"Polygon","coordinates":[[[-84.49239,39.183644],[-84.492486,39.183532],[-84.492929,39.183729],[-84.492824,39.183847],[-84.49239,39.183644]]]}},{"type":"Feature","properties":{"pid":"059002030096"},"geometry":{"type":"Polygon","coordinates":[[[-84.499882,39.201844],[-84.49883,39.201753],[-84.498855,39.201518],[-84.499908,39.201609],[-84.499882,39.201844]]]}},{"type":"Feature","properties":{"pid":"059000710430"},"geometry":{"type":"Polygon","coordinates":[[[-84.483847,39.209197],[-84.482367,39.20884],[-84.482423,39.2082],[-84.484259,39.208294],[-84.484281,39.208263],[-84.484377,39.208271],[-84.484438,39.208185],[-84.485885,39.208307],[-84.485724,39.208502],[-84.485438,39.208478],[-84.484688,39.208794],[-84.484881,39.209011],[-84.484778,39.209069],[-84.484097,39.209215],[-84.483847,39.209197]]]}},{"type":"Feature","properties":{"pid":"059000720007"},"geometry":{"type":"Polygon","coordinates":[[[-84.484438,39.208185],[-84.484645,39.207898],[-84.486121,39.208022],[-84.485885,39.208307],[-84.484438,39.208185]]]}},{"type":"Feature","properties":{"pid":"023800050005"},"geometry":{"type":"Polygon","coordinates":[[[-84.493212,39.198296],[-84.495029,39.196992],[-84.495801,39.197652],[-84.494349,39.19859],[-84.494311,39.199043],[-84.493212,39.198296]]]}},{"type":"Feature","properties":{"pid":"059000720225"},"geometry":{"type":"Polygon","coordinates":[[[-84.484688,39.208794],[-84.485438,39.208478],[-84.485724,39.208502],[-84.485592,39.20864],[-84.484881,39.209011],[-84.484688,39.208794]]]}},{"type":"Feature","properties":{"pid":"059002030046"},"geometry":{"type":"Polygon","coordinates":[[[-84.499386,39.203431],[-84.498656,39.203369],[-84.498674,39.203203],[-84.499253,39.203252],[-84.499399,39.203311],[-84.499386,39.203431]]]}},{"type":"Feature","properties":{"pid":"059002030054"},"geometry":{"type":"Polygon","coordinates":[[[-84.499923,39.201467],[-84.498871,39.201375],[-84.498888,39.201211],[-84.499941,39.201302],[-84.499923,39.201467]]]}},{"type":"Feature","properties":{"pid":"066100030006"},"geometry":{"type":"Polygon","coordinates":[[[-84.488426,39.184161],[-84.488589,39.182545],[-84.490483,39.18273],[-84.488918,39.184212],[-84.488426,39.184161]]]}},{"type":"Feature","properties":{"pid":"066100030007"},"geometry":{"type":"Polygon","coordinates":[[[-84.488381,39.184156],[-84.488543,39.182541],[-84.488589,39.182545],[-84.488426,39.184161],[-84.488381,39.184156]]]}},{"type":"Feature","properties":{"pid":"024200010031"},"geometry":{"type":"Polygon","coordinates":[[[-84.470964,39.201504],[-84.471928,39.200602],[-84.472155,39.200743],[-84.471662,39.201203],[-84.470995,39.201557],[-84.470964,39.201504]]]}},{"type":"Feature","properties":{"pid":"024100040107"},"geometry":{"type":"Polygon","coordinates":[[[-84.481612,39.190147],[-84.481835,39.189934],[-84.482009,39.190042],[-84.481786,39.190254],[-84.481612,39.190147]]]}},{"type":"Feature","properties":{"pid":"024200020046"},"geometry":{"type":"Polygon","coordinates":[[[-84.474819,39.198428],[-84.475037,39.198248],[-84.475452,39.198533],[-84.475213,39.198675],[-84.474819,39.198428]]]}},{"type":"Feature","properties":{"pid":"024200030070"},"geometry":{"type":"Polygon","coordinates":[[[-84.477358,39.201317],[-84.476891,39.201298],[-84.476893,39.201263],[-84.476747,39.201257],[-84.476708,39.20129],[-84.476283,39.201272],[-84.476357,39.200492],[-84.480249,39.200656],[-84.47884,39.202163],[-84.477358,39.201317]]]}},{"type":"Feature","properties":{"pid":"024300040050"},"geometry":{"type":"Polygon","coordinates":[[[-84.46957,39.209393],[-84.469357,39.209427],[-84.469453,39.209184],[-84.469651,39.209049],[-84.469716,39.20927],[-84.46957,39.209393]]]}},{"type":"Feature","properties":{"pid":"024300050020"},"geometry":{"type":"Polygon","coordinates":[[[-84.46546,39.210612],[-84.465518,39.21],[-84.465778,39.210006],[-84.465799,39.210622],[-84.46546,39.210612]]]}},{"type":"Feature","properties":{"pid":"024300050073"},"geometry":{"type":"Polygon","coordinates":[[[-84.466214,39.211605],[-84.46621,39.21144],[-84.466744,39.211443],[-84.466747,39.211613],[-84.466214,39.211605]]]}},{"type":"Feature","properties":{"pid":"024300040052"},"geometry":{"type":"Polygon","coordinates":[[[-84.468825,39.208678],[-84.468744,39.208936],[-84.468541,39.20908],[-84.468453,39.208897],[-84.468481,39.208791],[-84.468584,39.208719],[-84.468825,39.208678]]]}},{"type":"Feature","properties":{"pid":"024400030044"},"geometry":{"type":"Polygon","coordinates":[[[-84.468238,39.212222],[-84.468152,39.212221],[-84.468178,39.211492],[-84.468243,39.211501],[-84.468238,39.212222]]]}},{"type":"Feature","properties":{"pid":"024300050023"},"geometry":{"type":"Polygon","coordinates":[[[-84.465486,39.209375],[-84.465367,39.209847],[-84.465001,39.209767],[-84.465236,39.209322],[-84.465486,39.209375]]]}},{"type":"Feature","properties":{"pid":"024400030047"},"geometry":{"type":"Polygon","coordinates":[[[-84.467941,39.210529],[-84.467688,39.210369],[-84.46823,39.210066],[-84.468256,39.21008],[-84.467941,39.210529]]]}},{"type":"Feature","properties":{"pid":"024400030058"},"geometry":{"type":"Polygon","coordinates":[[[-84.468753,39.211178],[-84.468397,39.211031],[-84.468327,39.210873],[-84.467993,39.210736],[-84.468171,39.210479],[-84.468994,39.210834],[-84.468753,39.211178]]]}},{"type":"Feature","properties":{"pid":"066100040124"},"geometry":{"type":"Polygon","coordinates":[[[-84.492486,39.183532],[-84.492684,39.183301],[-84.493125,39.183509],[-84.492929,39.183729],[-84.492486,39.183532]]]}},{"type":"Feature","properties":{"pid":"066100040127"},"geometry":{"type":"Polygon","coordinates":[[[-84.492085,39.183259],[-84.492232,39.183088],[-84.492684,39.183301],[-84.492537,39.183472],[-84.492085,39.183259]]]}},{"type":"Feature","properties":{"pid":"024400060003"},"geometry":{"type":"Polygon","coordinates":[[[-84.483867,39.209664],[-84.485885,39.209819],[-84.487099,39.21033],[-84.488258,39.210902],[-84.490972,39.213236],[-84.492887,39.213952],[-84.492826,39.214637],[-84.491809,39.214547],[-84.491039,39.21429],[-84.489311,39.213396],[-84.48588,39.210565],[-84.483833,39.210006],[-84.483867,39.209664]]]}},{"type":"Feature","properties":{"pid":"023800050035"},"geometry":{"type":"Polygon","coordinates":[[[-84.49713,39.199774],[-84.497047,39.199759],[-84.497614,39.199392],[-84.497672,39.199444],[-84.49713,39.199774]]]}},{"type":"Feature","properties":{"pid":"023800050041"},"geometry":{"type":"Polygon","coordinates":[[[-84.495815,39.1984],[-84.496077,39.198623],[-84.494612,39.199569],[-84.49427,39.199542],[-84.494282,39.19939],[-84.495815,39.1984]]]}},{"type":"Feature","properties":{"pid":"023800050054"},"geometry":{"type":"Polygon","coordinates":[[[-84.496776,39.199738],[-84.497488,39.199277],[-84.497614,39.199392],[-84.497047,39.199759],[-84.496776,39.199738]]]}},{"type":"Feature","properties":{"pid":"023800050064"},"geometry":{"type":"Polygon","coordinates":[[[-84.496505,39.199716],[-84.496233,39.199695],[-84.497237,39.199044],[-84.497364,39.199162],[-84.496505,39.199716]]]}},{"type":"Feature","properties":{"pid":"023800050066"},"geometry":{"type":"Polygon","coordinates":[[[-84.498039,39.199778],[-84.498067,39.199838],[-84.497959,39.19983],[-84.498039,39.199778]]]}},{"type":"Feature","properties":{"pid":"023800050068"},"geometry":{"type":"Polygon","coordinates":[[[-84.496376,39.198729],[-84.496315,39.198769],[-84.496534,39.19897],[-84.495495,39.199638],[-84.494612,39.199569],[-84.496544,39.198321],[-84.496622,39.198391],[-84.496267,39.198621],[-84.496376,39.198729]]]}},{"type":"Feature","properties":{"pid":"023800050076"},"geometry":{"type":"Polygon","coordinates":[[[-84.497177,39.198904],[-84.496604,39.199276],[-84.496377,39.199065],[-84.496964,39.198706],[-84.497177,39.198904]]]}},{"type":"Feature","properties":{"pid":"066100030030"},"geometry":{"type":"Polygon","coordinates":[[[-84.486981,39.182664],[-84.486563,39.182639],[-84.48657,39.182557],[-84.486989,39.182581],[-84.486981,39.182664]]]}},{"type":"Feature","properties":{"pid":"066100030064"},"geometry":{"type":"Polygon","coordinates":[[[-84.486566,39.182605],[-84.486146,39.18258],[-84.486155,39.182498],[-84.486574,39.182523],[-84.486566,39.182605]]]}},{"type":"Feature","properties":{"pid":"066100030065"},"geometry":{"type":"Polygon","coordinates":[[[-84.486574,39.182523],[-84.486155,39.182498],[-84.486163,39.182416],[-84.486582,39.18244],[-84.486574,39.182523]]]}},{"type":"Feature","properties":{"pid":"066100030066"},"geometry":{"type":"Polygon","coordinates":[[[-84.486582,39.18244],[-84.486163,39.182416],[-84.486171,39.182334],[-84.48659,39.182358],[-84.486582,39.18244]]]}},{"type":"Feature","properties":{"pid":"066100030067"},"geometry":{"type":"Polygon","coordinates":[[[-84.486171,39.182334],[-84.486179,39.182254],[-84.486597,39.182276],[-84.48659,39.182358],[-84.486171,39.182334]]]}},{"type":"Feature","properties":{"pid":"066100030068"},"geometry":{"type":"Polygon","coordinates":[[[-84.486597,39.182276],[-84.486179,39.182254],[-84.48619,39.18213],[-84.486608,39.182152],[-84.486597,39.182276]]]}},{"type":"Feature","properties":{"pid":"023900040004"},"geometry":{"type":"Polygon","coordinates":[[[-84.495455,39.187327],[-84.494466,39.187269],[-84.494757,39.187266],[-84.495022,39.186702],[-84.495316,39.186283],[-84.495546,39.186374],[-84.495455,39.187327]]]}},{"type":"Feature","properties":{"pid":"023800040051"},"geometry":{"type":"Polygon","coordinates":[[[-84.495313,39.188828],[-84.495403,39.187914],[-84.495604,39.187745],[-84.496927,39.188681],[-84.496102,39.189386],[-84.495313,39.188828]]]}},{"type":"Feature","properties":{"pid":"059002030091"},"geometry":{"type":"Polygon","coordinates":[[[-84.497711,39.200331],[-84.497494,39.200131],[-84.497959,39.19983],[-84.498067,39.199838],[-84.49788,39.200304],[-84.497711,39.200331]]]}},{"type":"Feature","properties":{"pid":"023800050080"},"geometry":{"type":"Polygon","coordinates":[[[-84.496233,39.199695],[-84.495495,39.199638],[-84.496377,39.199065],[-84.496604,39.199276],[-84.497177,39.198904],[-84.49729,39.19901],[-84.496233,39.199695]]]}},{"type":"Feature","properties":{"pid":"023800050075"},"geometry":{"type":"Polygon","coordinates":[[[-84.493598,39.197899],[-84.49495,39.196922],[-84.495029,39.196992],[-84.493212,39.198296],[-84.494311,39.199043],[-84.49427,39.199542],[-84.490154,39.199088],[-84.49199,39.197639],[-84.493598,39.197899]]]}},{"type":"Feature","properties":{"pid":"066100040159"},"geometry":{"type":"Polygon","coordinates":[[[-84.495161,39.186108],[-84.495004,39.186044],[-84.495389,39.185425],[-84.495484,39.184933],[-84.495709,39.184807],[-84.495634,39.185514],[-84.495161,39.186108]]]}},{"type":"Feature","properties":{"pid":"066100030172"},"geometry":{"type":"Polygon","coordinates":[[[-84.48659,39.182352],[-84.487008,39.182392],[-84.486989,39.182581],[-84.48657,39.182557],[-84.48659,39.182352]]]}},{"type":"Feature","properties":{"pid":"023900040007"},"geometry":{"type":"Polygon","coordinates":[[[-84.492333,39.18861],[-84.495317,39.188791],[-84.495145,39.190206],[-84.493973,39.191208],[-84.493582,39.190466],[-84.491719,39.190502],[-84.492211,39.189239],[-84.492145,39.189017],[-84.492333,39.18861]]]}},{"type":"Feature","properties":{"pid":"023900040003"},"geometry":{"type":"Polygon","coordinates":[[[-84.494466,39.187269],[-84.495455,39.187327],[-84.495317,39.188791],[-84.492276,39.188605],[-84.49331,39.188247],[-84.493904,39.187922],[-84.494261,39.187605],[-84.494466,39.187269]]]}},{"type":"Feature","properties":{"pid":"024400040004"},"geometry":{"type":"Polygon","coordinates":[[[-84.47389,39.209183],[-84.473468,39.209154],[-84.473335,39.209081],[-84.473363,39.208788],[-84.474363,39.208852],[-84.474351,39.208981],[-84.473911,39.208954],[-84.47389,39.209183]]]}},{"type":"Feature","properties":{"pid":"024400040061"},"geometry":{"type":"Polygon","coordinates":[[[-84.47389,39.209183],[-84.473859,39.209512],[-84.473719,39.209503],[-84.473749,39.209174],[-84.47389,39.209183]]]}},{"type":"Feature","properties":{"pid":"024400060026"},"geometry":{"type":"Polygon","coordinates":[[[-84.490978,39.215216],[-84.490544,39.21575],[-84.489891,39.215428],[-84.490512,39.214669],[-84.490978,39.215216]]]}},{"type":"Feature","properties":{"pid":"024400040022"},"geometry":{"type":"Polygon","coordinates":[[[-84.47431,39.209309],[-84.474299,39.209419],[-84.47387,39.209392],[-84.47388,39.209283],[-84.47431,39.209309]]]}},{"type":"Feature","properties":{"pid":"024400040038"},"geometry":{"type":"Polygon","coordinates":[[[-84.474286,39.209556],[-84.473857,39.209529],[-84.47387,39.209392],[-84.474299,39.209419],[-84.474286,39.209556]]]}},{"type":"Feature","properties":{"pid":"024300040046"},"geometry":{"type":"Polygon","coordinates":[[[-84.468801,39.207783],[-84.469392,39.207662],[-84.469408,39.207878],[-84.468801,39.207783]]]}},{"type":"Feature","properties":{"pid":"024400030011"},"geometry":{"type":"Polygon","coordinates":[[[-84.470128,39.210357],[-84.470544,39.209913],[-84.470829,39.210075],[-84.470413,39.210519],[-84.470128,39.210357]]]}},{"type":"Feature","properties":{"pid":"024400030033"},"geometry":{"type":"Polygon","coordinates":[[[-84.468341,39.210238],[-84.468514,39.209995],[-84.469063,39.210223],[-84.468887,39.210475],[-84.468341,39.210238]]]}},{"type":"Feature","properties":{"pid":"024200040001"},"geometry":{"type":"Polygon","coordinates":[[[-84.478253,39.203162],[-84.482737,39.198375],[-84.483149,39.198393],[-84.482242,39.199356],[-84.482127,39.199297],[-84.481587,39.199879],[-84.481516,39.199883],[-84.481419,39.199984],[-84.481308,39.19993],[-84.480849,39.200449],[-84.480931,39.200497],[-84.479719,39.201777],[-84.480183,39.202035],[-84.482423,39.202542],[-84.483217,39.201451],[-84.483923,39.20036],[-84.487791,39.20077],[-84.487171,39.201465],[-84.485748,39.203362],[-84.482221,39.203266],[-84.482008,39.203367],[-84.481651,39.203254],[-84.480711,39.203668],[-84.47953,39.203767],[-84.479495,39.20431],[-84.479082,39.204159],[-84.478797,39.203991],[-84.478421,39.20351],[-84.478427,39.203266],[-84.478253,39.203162]]]}},{"type":"Feature","properties":{"pid":"024500010182"},"geometry":{"type":"Polygon","coordinates":[[[-84.462592,39.216085],[-84.463121,39.216176],[-84.462988,39.216645],[-84.462815,39.216615],[-84.462834,39.216548],[-84.462473,39.216486],[-84.462592,39.216085]]]}},{"type":"Feature","properties":{"pid":"024500010050"},"geometry":{"type":"Polygon","coordinates":[[[-84.463157,39.21604],[-84.463676,39.216128],[-84.463636,39.216263],[-84.463121,39.216176],[-84.463157,39.21604]]]}},{"type":"Feature","properties":{"pid":"024500010049"},"geometry":{"type":"Polygon","coordinates":[[[-84.463636,39.216263],[-84.463597,39.216396],[-84.463083,39.216309],[-84.463121,39.216176],[-84.463636,39.216263]]]}},{"type":"Feature","properties":{"pid":"024500010046"},"geometry":{"type":"Polygon","coordinates":[[[-84.462968,39.216711],[-84.463007,39.216578],[-84.463521,39.216664],[-84.463483,39.216798],[-84.462968,39.216711]]]}},{"type":"Feature","properties":{"pid":"024100040069"},"geometry":{"type":"Polygon","coordinates":[[[-84.482438,39.190219],[-84.482065,39.189988],[-84.482009,39.190042],[-84.481722,39.189865],[-84.482741,39.189249],[-84.483174,39.189517],[-84.482772,39.1899],[-84.4824,39.189669],[-84.482344,39.189723],[-84.482288,39.189776],[-84.482661,39.190006],[-84.482438,39.190219]]]}},{"type":"Feature","properties":{"pid":"024500010181"},"geometry":{"type":"Polygon","coordinates":[[[-84.462433,39.216619],[-84.462473,39.216486],[-84.462834,39.216548],[-84.462815,39.216615],[-84.462988,39.216645],[-84.462968,39.216711],[-84.462433,39.216619]]]}},{"type":"Feature","properties":{"pid":"024500010048"},"geometry":{"type":"Polygon","coordinates":[[[-84.463597,39.216396],[-84.46356,39.21653],[-84.463045,39.216444],[-84.463083,39.216309],[-84.463597,39.216396]]]}},{"type":"Feature","properties":{"pid":"024100040088"},"geometry":{"type":"Polygon","coordinates":[[[-84.481668,39.190093],[-84.481612,39.190147],[-84.481425,39.190035],[-84.481502,39.189991],[-84.481668,39.190093]]]}},{"type":"Feature","properties":{"pid":"024400040047"},"geometry":{"type":"Polygon","coordinates":[[[-84.473111,39.209961],[-84.472969,39.209952],[-84.472999,39.209622],[-84.473141,39.209633],[-84.473111,39.209961]]]}},{"type":"Feature","properties":{"pid":"024300040023"},"geometry":{"type":"Polygon","coordinates":[[[-84.467741,39.208482],[-84.467594,39.208436],[-84.46803,39.20761],[-84.468177,39.207656],[-84.467741,39.208482]]]}},{"type":"Feature","properties":{"pid":"024300040024"},"geometry":{"type":"Polygon","coordinates":[[[-84.467153,39.208296],[-84.466855,39.208201],[-84.46712,39.207693],[-84.467421,39.207787],[-84.467153,39.208296]]]}},{"type":"Feature","properties":{"pid":"024300040025"},"geometry":{"type":"Polygon","coordinates":[[[-84.466855,39.208201],[-84.466564,39.208109],[-84.466999,39.207291],[-84.467587,39.207473],[-84.467421,39.207787],[-84.46712,39.207693],[-84.466855,39.208201]]]}},{"type":"Feature","properties":{"pid":"024300040027"},"geometry":{"type":"Polygon","coordinates":[[[-84.466256,39.208011],[-84.465977,39.207923],[-84.466101,39.207669],[-84.466387,39.207756],[-84.466256,39.208011]]]}},{"type":"Feature","properties":{"pid":"024300040037"},"geometry":{"type":"Polygon","coordinates":[[[-84.467772,39.206872],[-84.467994,39.206943],[-84.467697,39.207507],[-84.467473,39.207438],[-84.467772,39.206872]]]}},{"type":"Feature","properties":{"pid":"059000710214"},"geometry":{"type":"Polygon","coordinates":[[[-84.478273,39.209055],[-84.478315,39.208642],[-84.47849,39.208658],[-84.478448,39.209071],[-84.478273,39.209055]]]}},{"type":"Feature","properties":{"pid":"059000710215"},"geometry":{"type":"Polygon","coordinates":[[[-84.478273,39.209055],[-84.478098,39.209038],[-84.47814,39.208628],[-84.478315,39.208642],[-84.478273,39.209055]]]}},{"type":"Feature","properties":{"pid":"059000720156"},"geometry":{"type":"Polygon","coordinates":[[[-84.491733,39.20638],[-84.49189,39.206353],[-84.491807,39.206939],[-84.491368,39.206902],[-84.491446,39.206356],[-84.491733,39.20638]]]}},{"type":"Feature","properties":{"pid":"024300040040"},"geometry":{"type":"Polygon","coordinates":[[[-84.468473,39.207093],[-84.468759,39.207183],[-84.468471,39.207747],[-84.468177,39.207656],[-84.468473,39.207093]]]}},{"type":"Feature","properties":{"pid":"024300040066"},"geometry":{"type":"Polygon","coordinates":[[[-84.466387,39.207756],[-84.466101,39.207669],[-84.466225,39.207413],[-84.466515,39.207509],[-84.466387,39.207756]]]}},{"type":"Feature","properties":{"pid":"024300040069"},"geometry":{"type":"Polygon","coordinates":[[[-84.467444,39.208388],[-84.4673,39.208342],[-84.467734,39.207518],[-84.467881,39.207564],[-84.467444,39.208388]]]}},{"type":"Feature","properties":{"pid":"024300040075"},"geometry":{"type":"Polygon","coordinates":[[[-84.46826,39.208647],[-84.468055,39.208582],[-84.468319,39.208073],[-84.468437,39.208309],[-84.46826,39.208647]]]}},{"type":"Feature","properties":{"pid":"024400010006"},"geometry":{"type":"Polygon","coordinates":[[[-84.473531,39.206343],[-84.473392,39.20636],[-84.473314,39.205953],[-84.473454,39.205936],[-84.473531,39.206343]]]}},{"type":"Feature","properties":{"pid":"024400010007"},"geometry":{"type":"Polygon","coordinates":[[[-84.472831,39.206426],[-84.472754,39.206019],[-84.4729,39.206002],[-84.472978,39.206409],[-84.472831,39.206426]]]}},{"type":"Feature","properties":{"pid":"024400010008"},"geometry":{"type":"Polygon","coordinates":[[[-84.47325,39.206377],[-84.473172,39.20597],[-84.473314,39.205953],[-84.473392,39.20636],[-84.47325,39.206377]]]}},{"type":"Feature","properties":{"pid":"024400010009"},"geometry":{"type":"Polygon","coordinates":[[[-84.473114,39.206393],[-84.473037,39.205986],[-84.473172,39.20597],[-84.47325,39.206377],[-84.473114,39.206393]]]}},{"type":"Feature","properties":{"pid":"024300040032"},"geometry":{"type":"Polygon","coordinates":[[[-84.46698,39.207285],[-84.466393,39.207096],[-84.466501,39.206894],[-84.467106,39.207088],[-84.46698,39.207285]]]}},{"type":"Feature","properties":{"pid":"024400020032"},"geometry":{"type":"Polygon","coordinates":[[[-84.472698,39.207287],[-84.472506,39.20728],[-84.472551,39.206593],[-84.472709,39.206575],[-84.472698,39.207287]]]}},{"type":"Feature","properties":{"pid":"024400030056"},"geometry":{"type":"Polygon","coordinates":[[[-84.469578,39.209844],[-84.469457,39.209785],[-84.46973,39.20949],[-84.46982,39.209503],[-84.469878,39.209534],[-84.469578,39.209844]]]}},{"type":"Feature","properties":{"pid":"024400020036"},"geometry":{"type":"Polygon","coordinates":[[[-84.474439,39.206693],[-84.474294,39.206847],[-84.473994,39.206425],[-84.474233,39.206398],[-84.474439,39.206693]]]}},{"type":"Feature","properties":{"pid":"024400010015"},"geometry":{"type":"Polygon","coordinates":[[[-84.473743,39.205958],[-84.47381,39.20631],[-84.473674,39.206326],[-84.473594,39.20592],[-84.473743,39.205958]]]}},{"type":"Feature","properties":{"pid":"024400010016"},"geometry":{"type":"Polygon","coordinates":[[[-84.473531,39.206343],[-84.473454,39.205936],[-84.473594,39.20592],[-84.473674,39.206326],[-84.473531,39.206343]]]}},{"type":"Feature","properties":{"pid":"024400010017"},"geometry":{"type":"Polygon","coordinates":[[[-84.472694,39.206442],[-84.472615,39.206036],[-84.472754,39.206019],[-84.472831,39.206426],[-84.472694,39.206442]]]}},{"type":"Feature","properties":{"pid":"024400010018"},"geometry":{"type":"Polygon","coordinates":[[[-84.472554,39.206459],[-84.472478,39.206052],[-84.472615,39.206036],[-84.472694,39.206442],[-84.472554,39.206459]]]}},{"type":"Feature","properties":{"pid":"024400010019"},"geometry":{"type":"Polygon","coordinates":[[[-84.472478,39.206052],[-84.472554,39.206459],[-84.472413,39.206475],[-84.472334,39.206069],[-84.472478,39.206052]]]}},{"type":"Feature","properties":{"pid":"024400010021"},"geometry":{"type":"Polygon","coordinates":[[[-84.472131,39.206509],[-84.472054,39.206102],[-84.472179,39.206088],[-84.472256,39.206494],[-84.472131,39.206509]]]}},{"type":"Feature","properties":{"pid":"024400010022"},"geometry":{"type":"Polygon","coordinates":[[[-84.471812,39.206546],[-84.472014,39.206521],[-84.471937,39.206116],[-84.472054,39.206102],[-84.472131,39.206509],[-84.471812,39.206546]]]}},{"type":"Feature","properties":{"pid":"024400010026"},"geometry":{"type":"Polygon","coordinates":[[[-84.472978,39.206409],[-84.4729,39.206002],[-84.473037,39.205986],[-84.473114,39.206393],[-84.472978,39.206409]]]}},{"type":"Feature","properties":{"pid":"024500010187"},"geometry":{"type":"Polygon","coordinates":[[[-84.461267,39.215287],[-84.461284,39.215206],[-84.461609,39.21525],[-84.461585,39.21533],[-84.461267,39.215287]]]}},{"type":"Feature","properties":{"pid":"024500010194"},"geometry":{"type":"Polygon","coordinates":[[[-84.461267,39.215287],[-84.461585,39.21533],[-84.461561,39.21541],[-84.461249,39.215368],[-84.461267,39.215287]]]}},{"type":"Feature","properties":{"pid":"024200050030"},"geometry":{"type":"Polygon","coordinates":[[[-84.477927,39.198575],[-84.477545,39.198559],[-84.477683,39.198431],[-84.477936,39.198441],[-84.477927,39.198575]]]}},{"type":"Feature","properties":{"pid":"024200050031"},"geometry":{"type":"Polygon","coordinates":[[[-84.478322,39.199002],[-84.478183,39.198996],[-84.478209,39.198587],[-84.478348,39.198593],[-84.478322,39.199002]]]}},{"type":"Feature","properties":{"pid":"024200050032"},"geometry":{"type":"Polygon","coordinates":[[[-84.478461,39.199008],[-84.478322,39.199002],[-84.478348,39.198593],[-84.478489,39.1986],[-84.478461,39.199008]]]}},{"type":"Feature","properties":{"pid":"024200050033"},"geometry":{"type":"Polygon","coordinates":[[[-84.478603,39.199014],[-84.478461,39.199008],[-84.478489,39.1986],[-84.47863,39.198606],[-84.478603,39.199014]]]}},{"type":"Feature","properties":{"pid":"024500040066"},"geometry":{"type":"Polygon","coordinates":[[[-84.462853,39.214449],[-84.462331,39.214378],[-84.462377,39.214217],[-84.462898,39.214288],[-84.462853,39.214449]]]}},{"type":"Feature","properties":{"pid":"059000710218"},"geometry":{"type":"Polygon","coordinates":[[[-84.477571,39.20899],[-84.477614,39.208578],[-84.477789,39.208594],[-84.477747,39.209004],[-84.477571,39.20899]]]}},{"type":"Feature","properties":{"pid":"059000710219"},"geometry":{"type":"Polygon","coordinates":[[[-84.477571,39.20899],[-84.477384,39.208973],[-84.477427,39.208561],[-84.477614,39.208578],[-84.477571,39.20899]]]}},{"type":"Feature","properties":{"pid":"024200040003"},"geometry":{"type":"Polygon","coordinates":[[[-84.487791,39.20077],[-84.484673,39.200448],[-84.485026,39.198626],[-84.484989,39.198587],[-84.488006,39.198937],[-84.488342,39.19981],[-84.488495,39.200087],[-84.487791,39.20077]]]}},{"type":"Feature","properties":{"pid":"024200060001"},"geometry":{"type":"Polygon","coordinates":[[[-84.492886,39.205366],[-84.484412,39.204631],[-84.48333,39.204076],[-84.482779,39.203613],[-84.482008,39.203367],[-84.482221,39.203266],[-84.485748,39.203362],[-84.487171,39.201465],[-84.487791,39.20077],[-84.488495,39.200087],[-84.488342,39.19981],[-84.488006,39.198937],[-84.488638,39.19907],[-84.490384,39.199688],[-84.491046,39.200098],[-84.492098,39.20109],[-84.493971,39.202575],[-84.493701,39.205436],[-84.49335,39.205406],[-84.493383,39.205063],[-84.492886,39.205366]]]}},{"type":"Feature","properties":{"pid":"059000720072"},"geometry":{"type":"Polygon","coordinates":[[[-84.485621,39.205144],[-84.48917,39.205443],[-84.489112,39.20599],[-84.486012,39.205725],[-84.485129,39.206899],[-84.484516,39.206629],[-84.485621,39.205144]]]}},{"type":"Feature","properties":{"pid":"024200060007"},"geometry":{"type":"Polygon","coordinates":[[[-84.477144,39.204347],[-84.478101,39.203324],[-84.4787,39.204152],[-84.479493,39.204553],[-84.48006,39.204594],[-84.481125,39.204093],[-84.481654,39.203739],[-84.482271,39.203599],[-84.482841,39.203665],[-84.48333,39.204076],[-84.484412,39.204631],[-84.484086,39.205055],[-84.483546,39.205496],[-84.483444,39.205714],[-84.479581,39.205364],[-84.479087,39.206145],[-84.478705,39.205785],[-84.478576,39.205847],[-84.476289,39.205638],[-84.476175,39.205556],[-84.47731,39.20436],[-84.477144,39.204347]]]}},{"type":"Feature","properties":{"pid":"024500030023"},"geometry":{"type":"Polygon","coordinates":[[[-84.469829,39.217379],[-84.469793,39.217768],[-84.469616,39.217767],[-84.469653,39.217377],[-84.469829,39.217379]]]}},{"type":"Feature","properties":{"pid":"024500030001"},"geometry":{"type":"Polygon","coordinates":[[[-84.473518,39.217674],[-84.473505,39.217794],[-84.472971,39.21779],[-84.472982,39.217667],[-84.473518,39.217674]]]}},{"type":"Feature","properties":{"pid":"024500030011"},"geometry":{"type":"Polygon","coordinates":[[[-84.47177,39.217404],[-84.471735,39.217782],[-84.471559,39.21778],[-84.471594,39.217402],[-84.47177,39.217404]]]}},{"type":"Feature","properties":{"pid":"059000720116"},"geometry":{"type":"Polygon","coordinates":[[[-84.492886,39.205366],[-84.493383,39.205063],[-84.49335,39.205406],[-84.492886,39.205366]]]}},{"type":"Feature","properties":{"pid":"024200060003"},"geometry":{"type":"MultiPolygon","coordinates":[[[[-84.492886,39.205366],[-84.492698,39.20548],[-84.491681,39.205658],[-84.48917,39.205443],[-84.489212,39.205049],[-84.492886,39.205366]]],[[[-84.49335,39.205406],[-84.493701,39.205436],[-84.493688,39.205575],[-84.493312,39.205804],[-84.49335,39.205406]]],[[[-84.49329,39.206026],[-84.493666,39.205797],[-84.493634,39.206132],[-84.493283,39.206099],[-84.49329,39.206026]]]]}},{"type":"Feature","properties":{"pid":"024100020279"},"geometry":{"type":"Polygon","coordinates":[[[-84.486015,39.192084],[-84.485949,39.192185],[-84.485321,39.19176],[-84.48541,39.191675],[-84.486015,39.192084]]]}},{"type":"Feature","properties":{"pid":"024100020280"},"geometry":{"type":"Polygon","coordinates":[[[-84.486094,39.191992],[-84.486015,39.192084],[-84.48541,39.191675],[-84.4855,39.19159],[-84.486094,39.191992]]]}},{"type":"Feature","properties":{"pid":"024100020281"},"geometry":{"type":"Polygon","coordinates":[[[-84.486187,39.191909],[-84.486094,39.191992],[-84.4855,39.19159],[-84.485589,39.191505],[-84.486187,39.191909]]]}},{"type":"Feature","properties":{"pid":"024100020282"},"geometry":{"type":"Polygon","coordinates":[[[-84.486292,39.191835],[-84.486187,39.191909],[-84.485589,39.191505],[-84.485679,39.19142],[-84.486292,39.191835]]]}},{"type":"Feature","properties":{"pid":"024100020283"},"geometry":{"type":"Polygon","coordinates":[[[-84.486404,39.191775],[-84.486292,39.191835],[-84.485679,39.19142],[-84.485768,39.191335],[-84.486404,39.191775]]]}},{"type":"Feature","properties":{"pid":"024100020284"},"geometry":{"type":"Polygon","coordinates":[[[-84.486528,39.191704],[-84.486412,39.191771],[-84.485768,39.191335],[-84.485858,39.19125],[-84.486528,39.191704]]]}},{"type":"Feature","properties":{"pid":"024100020285"},"geometry":{"type":"Polygon","coordinates":[[[-84.48669,39.191568],[-84.486528,39.191704],[-84.485858,39.19125],[-84.486009,39.191107],[-84.48669,39.191568]]]}},{"type":"Feature","properties":{"pid":"024100020286"},"geometry":{"type":"Polygon","coordinates":[[[-84.486446,39.192],[-84.486824,39.191658],[-84.486946,39.191741],[-84.486579,39.19209],[-84.486446,39.192]]]}},{"type":"Feature","properties":{"pid":"024100020287"},"geometry":{"type":"Polygon","coordinates":[[[-84.486579,39.19209],[-84.486946,39.191741],[-84.487053,39.191814],[-84.486686,39.192162],[-84.486579,39.19209]]]}},{"type":"Feature","properties":{"pid":"024100020288"},"geometry":{"type":"Polygon","coordinates":[[[-84.486686,39.192162],[-84.487053,39.191814],[-84.487159,39.191886],[-84.486792,39.192234],[-84.486686,39.192162]]]}},{"type":"Feature","properties":{"pid":"024100020289"},"geometry":{"type":"Polygon","coordinates":[[[-84.486792,39.192234],[-84.487159,39.191886],[-84.487266,39.191958],[-84.486899,39.192306],[-84.486792,39.192234]]]}},{"type":"Feature","properties":{"pid":"024100020290"},"geometry":{"type":"Polygon","coordinates":[[[-84.486899,39.192306],[-84.487266,39.191958],[-84.487372,39.19203],[-84.487005,39.192378],[-84.486899,39.192306]]]}},{"type":"Feature","properties":{"pid":"024100020291"},"geometry":{"type":"Polygon","coordinates":[[[-84.487005,39.192378],[-84.487372,39.19203],[-84.487479,39.192102],[-84.487112,39.192451],[-84.487005,39.192378]]]}},{"type":"Feature","properties":{"pid":"024100020292"},"geometry":{"type":"Polygon","coordinates":[[[-84.487212,39.192518],[-84.487112,39.192451],[-84.487479,39.192102],[-84.487585,39.192174],[-84.487212,39.192518]]]}},{"type":"Feature","properties":{"pid":"024100020293"},"geometry":{"type":"Polygon","coordinates":[[[-84.487244,39.192527],[-84.487585,39.192174],[-84.487692,39.192246],[-84.487363,39.192559],[-84.487244,39.192527]]]}},{"type":"Feature","properties":{"pid":"024100020294"},"geometry":{"type":"Polygon","coordinates":[[[-84.487536,39.192847],[-84.487379,39.192741],[-84.487419,39.192658],[-84.487363,39.192559],[-84.487692,39.192246],[-84.487939,39.192414],[-84.487536,39.192847]]]}},{"type":"Feature","properties":{"pid":"024100020295"},"geometry":{"type":"Polygon","coordinates":[[[-84.487075,39.193342],[-84.48676,39.193131],[-84.487153,39.192758],[-84.487256,39.192785],[-84.487379,39.192741],[-84.487536,39.192847],[-84.487075,39.193342]]]}},{"type":"Feature","properties":{"pid":"024100020296"},"geometry":{"type":"Polygon","coordinates":[[[-84.486501,39.193377],[-84.486391,39.193308],[-84.487082,39.192652],[-84.487153,39.192758],[-84.486501,39.193377]]]}},{"type":"Feature","properties":{"pid":"024100020297"},"geometry":{"type":"Polygon","coordinates":[[[-84.486391,39.193308],[-84.486281,39.193239],[-84.486977,39.192578],[-84.487082,39.192652],[-84.486391,39.193308]]]}},{"type":"Feature","properties":{"pid":"024100020298"},"geometry":{"type":"Polygon","coordinates":[[[-84.486281,39.193239],[-84.48625,39.19322],[-84.486355,39.193119],[-84.486301,39.193048],[-84.486871,39.192506],[-84.486977,39.192578],[-84.486281,39.193239]]]}},{"type":"Feature","properties":{"pid":"024100020299"},"geometry":{"type":"Polygon","coordinates":[[[-84.486301,39.193048],[-84.486264,39.192909],[-84.486764,39.192434],[-84.486871,39.192506],[-84.486301,39.193048]]]}},{"type":"Feature","properties":{"pid":"024100020300"},"geometry":{"type":"Polygon","coordinates":[[[-84.486264,39.192909],[-84.486223,39.192775],[-84.486658,39.192362],[-84.486764,39.192434],[-84.486264,39.192909]]]}},{"type":"Feature","properties":{"pid":"024100020301"},"geometry":{"type":"Polygon","coordinates":[[[-84.486223,39.192775],[-84.486139,39.192681],[-84.486551,39.192289],[-84.486658,39.192362],[-84.486223,39.192775]]]}},{"type":"Feature","properties":{"pid":"024100020302"},"geometry":{"type":"Polygon","coordinates":[[[-84.486139,39.192681],[-84.486051,39.192592],[-84.486445,39.192217],[-84.486551,39.192289],[-84.486139,39.192681]]]}},{"type":"Feature","properties":{"pid":"024100020303"},"geometry":{"type":"Polygon","coordinates":[[[-84.486051,39.192592],[-84.4859,39.192533],[-84.486312,39.192127],[-84.486445,39.192217],[-84.486051,39.192592]]]}},{"type":"Feature","properties":{"pid":"024100020308"},"geometry":{"type":"Polygon","coordinates":[[[-84.486843,39.193591],[-84.486501,39.193377],[-84.48676,39.193131],[-84.487075,39.193342],[-84.486843,39.193591]]]}},{"type":"Feature","properties":{"pid":"023900030019"},"geometry":{"type":"Polygon","coordinates":[[[-84.490535,39.19122],[-84.488854,39.193058],[-84.489046,39.192343],[-84.489975,39.19152],[-84.490938,39.190837],[-84.490535,39.19122]]]}},{"type":"Feature","properties":{"pid":"024100020013"},"geometry":{"type":"Polygon","coordinates":[[[-84.485448,39.190569],[-84.485679,39.190361],[-84.485748,39.190407],[-84.485517,39.190616],[-84.485448,39.190569]]]}},{"type":"Feature","properties":{"pid":"024100020243"},"geometry":{"type":"Polygon","coordinates":[[[-84.485041,39.192026],[-84.484655,39.191764],[-84.484756,39.191668],[-84.485142,39.19193],[-84.485041,39.192026]]]}},{"type":"Feature","properties":{"pid":"024100020244"},"geometry":{"type":"Polygon","coordinates":[[[-84.485142,39.19193],[-84.484756,39.191668],[-84.484845,39.191583],[-84.485231,39.191845],[-84.485142,39.19193]]]}},{"type":"Feature","properties":{"pid":"024100020245"},"geometry":{"type":"Polygon","coordinates":[[[-84.485231,39.191845],[-84.484845,39.191583],[-84.484935,39.191498],[-84.485321,39.19176],[-84.485231,39.191845]]]}},{"type":"Feature","properties":{"pid":"024100020246"},"geometry":{"type":"Polygon","coordinates":[[[-84.485321,39.19176],[-84.484935,39.191498],[-84.485024,39.191413],[-84.48541,39.191675],[-84.485321,39.19176]]]}},{"type":"Feature","properties":{"pid":"024100020247"},"geometry":{"type":"Polygon","coordinates":[[[-84.48541,39.191675],[-84.485024,39.191413],[-84.485114,39.191328],[-84.4855,39.19159],[-84.48541,39.191675]]]}},{"type":"Feature","properties":{"pid":"024100020248"},"geometry":{"type":"Polygon","coordinates":[[[-84.4855,39.19159],[-84.485114,39.191328],[-84.485203,39.191243],[-84.485589,39.191505],[-84.4855,39.19159]]]}},{"type":"Feature","properties":{"pid":"024100020249"},"geometry":{"type":"Polygon","coordinates":[[[-84.485589,39.191505],[-84.485203,39.191243],[-84.485293,39.191158],[-84.485679,39.19142],[-84.485589,39.191505]]]}},{"type":"Feature","properties":{"pid":"024100020250"},"geometry":{"type":"Polygon","coordinates":[[[-84.485679,39.19142],[-84.485293,39.191158],[-84.485382,39.191073],[-84.485768,39.191335],[-84.485679,39.19142]]]}},{"type":"Feature","properties":{"pid":"024100020251"},"geometry":{"type":"Polygon","coordinates":[[[-84.485768,39.191335],[-84.485382,39.191073],[-84.485472,39.190988],[-84.485858,39.19125],[-84.485768,39.191335]]]}},{"type":"Feature","properties":{"pid":"024100020252"},"geometry":{"type":"Polygon","coordinates":[[[-84.485858,39.19125],[-84.485472,39.190988],[-84.485561,39.190903],[-84.485947,39.191165],[-84.485858,39.19125]]]}},{"type":"Feature","properties":{"pid":"024100020253"},"geometry":{"type":"Polygon","coordinates":[[[-84.485947,39.191165],[-84.485561,39.190903],[-84.485651,39.190818],[-84.486037,39.19108],[-84.485947,39.191165]]]}},{"type":"Feature","properties":{"pid":"024100020254"},"geometry":{"type":"Polygon","coordinates":[[[-84.486037,39.19108],[-84.485651,39.190818],[-84.48574,39.190733],[-84.486126,39.190995],[-84.486037,39.19108]]]}},{"type":"Feature","properties":{"pid":"024100020255"},"geometry":{"type":"Polygon","coordinates":[[[-84.486126,39.190995],[-84.48574,39.190733],[-84.48583,39.190649],[-84.486216,39.19091],[-84.486126,39.190995]]]}},{"type":"Feature","properties":{"pid":"024100020256"},"geometry":{"type":"Polygon","coordinates":[[[-84.486216,39.19091],[-84.48583,39.190649],[-84.485947,39.190537],[-84.486333,39.190798],[-84.486216,39.19091]]]}},{"type":"Feature","properties":{"pid":"059000710005"},"geometry":{"type":"Polygon","coordinates":[[[-84.483081,39.210499],[-84.483122,39.210082],[-84.483209,39.21009],[-84.483168,39.210507],[-84.483081,39.210499]]]}},{"type":"Feature","properties":{"pid":"024100020257"},"geometry":{"type":"Polygon","coordinates":[[[-84.486009,39.191107],[-84.486333,39.190798],[-84.486466,39.190889],[-84.486142,39.191197],[-84.486009,39.191107]]]}},{"type":"Feature","properties":{"pid":"024100020258"},"geometry":{"type":"Polygon","coordinates":[[[-84.486142,39.191197],[-84.486466,39.190889],[-84.486573,39.190961],[-84.486248,39.191269],[-84.486142,39.191197]]]}},{"type":"Feature","properties":{"pid":"024100020259"},"geometry":{"type":"Polygon","coordinates":[[[-84.486248,39.191269],[-84.486573,39.190961],[-84.486679,39.191033],[-84.486355,39.191341],[-84.486248,39.191269]]]}},{"type":"Feature","properties":{"pid":"024100020260"},"geometry":{"type":"Polygon","coordinates":[[[-84.486355,39.191341],[-84.486679,39.191033],[-84.486786,39.191105],[-84.486461,39.191413],[-84.486355,39.191341]]]}},{"type":"Feature","properties":{"pid":"024100020261"},"geometry":{"type":"Polygon","coordinates":[[[-84.486461,39.191413],[-84.486786,39.191105],[-84.486892,39.191177],[-84.486568,39.191485],[-84.486461,39.191413]]]}},{"type":"Feature","properties":{"pid":"024100020262"},"geometry":{"type":"Polygon","coordinates":[[[-84.48669,39.191568],[-84.486568,39.191485],[-84.486892,39.191177],[-84.487019,39.191263],[-84.48669,39.191568]]]}},{"type":"Feature","properties":{"pid":"024100020263"},"geometry":{"type":"Polygon","coordinates":[[[-84.486946,39.191741],[-84.48682,39.191656],[-84.487144,39.191348],[-84.48727,39.191433],[-84.486946,39.191741]]]}},{"type":"Feature","properties":{"pid":"024100020264"},"geometry":{"type":"Polygon","coordinates":[[[-84.487053,39.191814],[-84.486946,39.191741],[-84.48727,39.191433],[-84.487377,39.191505],[-84.487053,39.191814]]]}},{"type":"Feature","properties":{"pid":"024100020265"},"geometry":{"type":"Polygon","coordinates":[[[-84.487159,39.191886],[-84.487053,39.191814],[-84.487377,39.191505],[-84.487484,39.191578],[-84.487159,39.191886]]]}},{"type":"Feature","properties":{"pid":"024100020266"},"geometry":{"type":"Polygon","coordinates":[[[-84.487266,39.191958],[-84.487159,39.191886],[-84.487484,39.191578],[-84.48759,39.19165],[-84.487266,39.191958]]]}},{"type":"Feature","properties":{"pid":"024100020267"},"geometry":{"type":"Polygon","coordinates":[[[-84.487372,39.19203],[-84.487266,39.191958],[-84.48759,39.19165],[-84.487697,39.191722],[-84.487372,39.19203]]]}},{"type":"Feature","properties":{"pid":"024100020268"},"geometry":{"type":"Polygon","coordinates":[[[-84.487479,39.192102],[-84.487372,39.19203],[-84.487697,39.191722],[-84.487803,39.191794],[-84.487479,39.192102]]]}},{"type":"Feature","properties":{"pid":"024100020269"},"geometry":{"type":"Polygon","coordinates":[[[-84.487585,39.192174],[-84.487479,39.192102],[-84.487803,39.191794],[-84.48791,39.191866],[-84.487585,39.192174]]]}},{"type":"Feature","properties":{"pid":"024100020270"},"geometry":{"type":"Polygon","coordinates":[[[-84.487692,39.192246],[-84.487585,39.192174],[-84.48791,39.191866],[-84.488016,39.191938],[-84.487692,39.192246]]]}},{"type":"Feature","properties":{"pid":"024100020271"},"geometry":{"type":"Polygon","coordinates":[[[-84.487939,39.192414],[-84.487692,39.192246],[-84.488016,39.191938],[-84.488241,39.19209],[-84.487939,39.192414]]]}},{"type":"Feature","properties":{"pid":"024100020272"},"geometry":{"type":"Polygon","coordinates":[[[-84.486119,39.193631],[-84.48594,39.193519],[-84.48625,39.19322],[-84.486428,39.193332],[-84.486119,39.193631]]]}},{"type":"Feature","properties":{"pid":"024100020273"},"geometry":{"type":"Polygon","coordinates":[[[-84.486256,39.193717],[-84.486119,39.193631],[-84.486428,39.193332],[-84.486566,39.193418],[-84.486256,39.193717]]]}},{"type":"Feature","properties":{"pid":"024100020274"},"geometry":{"type":"Polygon","coordinates":[[[-84.486421,39.19382],[-84.486256,39.193717],[-84.486566,39.193418],[-84.486731,39.193521],[-84.486421,39.19382]]]}},{"type":"Feature","properties":{"pid":"024100020276"},"geometry":{"type":"Polygon","coordinates":[[[-84.48582,39.192389],[-84.485738,39.192471],[-84.485252,39.192284],[-84.485223,39.192312],[-84.484932,39.192129],[-84.485142,39.19193],[-84.48582,39.192389]]]}},{"type":"Feature","properties":{"pid":"024100020277"},"geometry":{"type":"Polygon","coordinates":[[[-84.485892,39.192292],[-84.48582,39.192389],[-84.485142,39.19193],[-84.485231,39.191845],[-84.485892,39.192292]]]}},{"type":"Feature","properties":{"pid":"024100020278"},"geometry":{"type":"Polygon","coordinates":[[[-84.485949,39.192185],[-84.485892,39.192292],[-84.485231,39.191845],[-84.485321,39.19176],[-84.485949,39.192185]]]}},{"type":"Feature","properties":{"pid":"024200050035"},"geometry":{"type":"Polygon","coordinates":[[[-84.478882,39.199026],[-84.478742,39.19902],[-84.47877,39.198612],[-84.47891,39.198618],[-84.478882,39.199026]]]}},{"type":"Feature","properties":{"pid":"024200050036"},"geometry":{"type":"Polygon","coordinates":[[[-84.479163,39.199038],[-84.479024,39.199032],[-84.479052,39.198624],[-84.479192,39.19863],[-84.479163,39.199038]]]}},{"type":"Feature","properties":{"pid":"024200050037"},"geometry":{"type":"Polygon","coordinates":[[[-84.479302,39.199044],[-84.479163,39.199038],[-84.479192,39.19863],[-84.479331,39.198636],[-84.479302,39.199044]]]}},{"type":"Feature","properties":{"pid":"024200050049"},"geometry":{"type":"Polygon","coordinates":[[[-84.479897,39.199069],[-84.479928,39.198662],[-84.480103,39.198669],[-84.480072,39.199077],[-84.479897,39.199069]]]}},{"type":"Feature","properties":{"pid":"024200050050"},"geometry":{"type":"Polygon","coordinates":[[[-84.480072,39.199077],[-84.480103,39.198669],[-84.480279,39.198677],[-84.480247,39.199084],[-84.480072,39.199077]]]}},{"type":"Feature","properties":{"pid":"024200050051"},"geometry":{"type":"Polygon","coordinates":[[[-84.480247,39.199084],[-84.480279,39.198677],[-84.480454,39.198685],[-84.480422,39.199092],[-84.480247,39.199084]]]}},{"type":"Feature","properties":{"pid":"024200050052"},"geometry":{"type":"Polygon","coordinates":[[[-84.480422,39.199092],[-84.480454,39.198685],[-84.480633,39.198693],[-84.4806,39.1991],[-84.480422,39.199092]]]}},{"type":"Feature","properties":{"pid":"024200050053"},"geometry":{"type":"Polygon","coordinates":[[[-84.4806,39.1991],[-84.480633,39.198693],[-84.48079,39.1987],[-84.480756,39.199106],[-84.4806,39.1991]]]}},{"type":"Feature","properties":{"pid":"024200050054"},"geometry":{"type":"Polygon","coordinates":[[[-84.480775,39.199107],[-84.480809,39.1987],[-84.48095,39.198707],[-84.480915,39.199113],[-84.480775,39.199107]]]}},{"type":"Feature","properties":{"pid":"024200050056"},"geometry":{"type":"Polygon","coordinates":[[[-84.481127,39.199123],[-84.481161,39.198716],[-84.481268,39.198721],[-84.481232,39.199127],[-84.481127,39.199123]]]}},{"type":"Feature","properties":{"pid":"024200050057"},"geometry":{"type":"Polygon","coordinates":[[[-84.481392,39.199134],[-84.481428,39.198728],[-84.481912,39.198749],[-84.481542,39.199141],[-84.481392,39.199134]]]}},{"type":"Feature","properties":{"pid":"024200050074"},"geometry":{"type":"Polygon","coordinates":[[[-84.47971,39.198755],[-84.479324,39.198739],[-84.479331,39.198636],[-84.479718,39.198653],[-84.47971,39.198755]]]}},{"type":"Feature","properties":{"pid":"024200050077"},"geometry":{"type":"Polygon","coordinates":[[[-84.479024,39.199032],[-84.478882,39.199026],[-84.47891,39.198618],[-84.479052,39.198624],[-84.479024,39.199032]]]}},{"type":"Feature","properties":{"pid":"024200050109"},"geometry":{"type":"Polygon","coordinates":[[[-84.477919,39.198697],[-84.477571,39.198682],[-84.47742,39.198675],[-84.477545,39.198559],[-84.477927,39.198575],[-84.477919,39.198697]]]}},{"type":"Feature","properties":{"pid":"024200050120"},"geometry":{"type":"Polygon","coordinates":[[[-84.481075,39.19912],[-84.480915,39.199113],[-84.48095,39.198707],[-84.48111,39.198714],[-84.481075,39.19912]]]}},{"type":"Feature","properties":{"pid":"024300060203"},"geometry":{"type":"Polygon","coordinates":[[[-84.463748,39.210303],[-84.465229,39.207906],[-84.465373,39.207898],[-84.46487,39.208786],[-84.464604,39.209439],[-84.464016,39.210128],[-84.463748,39.210303]]]}},{"type":"Feature","properties":{"pid":"059000720142"},"geometry":{"type":"Polygon","coordinates":[[[-84.487327,39.209251],[-84.486853,39.209012],[-84.486949,39.208897],[-84.487423,39.209136],[-84.487327,39.209251]]]}},{"type":"Feature","properties":{"pid":"024500040002"},"geometry":{"type":"Polygon","coordinates":[[[-84.46202,39.214615],[-84.462776,39.214717],[-84.4627,39.214985],[-84.461944,39.214883],[-84.46202,39.214615]]]}},{"type":"Feature","properties":{"pid":"024500040003"},"geometry":{"type":"Polygon","coordinates":[[[-84.46202,39.214615],[-84.462096,39.214345],[-84.462331,39.214378],[-84.462255,39.214647],[-84.46202,39.214615]]]}},{"type":"Feature","properties":{"pid":"024500040069"},"geometry":{"type":"Polygon","coordinates":[[[-84.462331,39.214378],[-84.462853,39.214449],[-84.462818,39.21457],[-84.462297,39.214499],[-84.462331,39.214378]]]}},{"type":"Feature","properties":{"pid":"024500040070"},"geometry":{"type":"Polygon","coordinates":[[[-84.462818,39.21457],[-84.462788,39.214677],[-84.462266,39.214606],[-84.462297,39.214499],[-84.462818,39.21457]]]}},{"type":"Feature","properties":{"pid":"024400040023"},"geometry":{"type":"Polygon","coordinates":[[[-84.47432,39.2092],[-84.473891,39.209173],[-84.473901,39.209063],[-84.474335,39.209091],[-84.47432,39.2092]]]}},{"type":"Feature","properties":{"pid":"066100040003"},"geometry":{"type":"Polygon","coordinates":[[[-84.493222,39.186461],[-84.49289,39.186235],[-84.492943,39.186179],[-84.493274,39.186406],[-84.493222,39.186461]]]}},{"type":"Feature","properties":{"pid":"066100040004"},"geometry":{"type":"Polygon","coordinates":[[[-84.493274,39.186406],[-84.492943,39.186179],[-84.493005,39.186113],[-84.493336,39.186339],[-84.493274,39.186406]]]}},{"type":"Feature","properties":{"pid":"066100040005"},"geometry":{"type":"Polygon","coordinates":[[[-84.493336,39.186339],[-84.493005,39.186113],[-84.493068,39.186046],[-84.493399,39.186272],[-84.493336,39.186339]]]}},{"type":"Feature","properties":{"pid":"066100040006"},"geometry":{"type":"Polygon","coordinates":[[[-84.493099,39.186012],[-84.492838,39.186291],[-84.492758,39.186235],[-84.493048,39.185977],[-84.493099,39.186012]]]}},{"type":"Feature","properties":{"pid":"066100040009"},"geometry":{"type":"Polygon","coordinates":[[[-84.492599,39.186127],[-84.492519,39.186072],[-84.49281,39.185814],[-84.492889,39.185868],[-84.492599,39.186127]]]}},{"type":"Feature","properties":{"pid":"066100040010"},"geometry":{"type":"Polygon","coordinates":[[[-84.492519,39.186072],[-84.49244,39.186018],[-84.492731,39.18576],[-84.49281,39.185814],[-84.492519,39.186072]]]}},{"type":"Feature","properties":{"pid":"066100040011"},"geometry":{"type":"Polygon","coordinates":[[[-84.49244,39.186018],[-84.492361,39.185964],[-84.492651,39.185706],[-84.492731,39.18576],[-84.49244,39.186018]]]}},{"type":"Feature","properties":{"pid":"066100040012"},"geometry":{"type":"Polygon","coordinates":[[[-84.492361,39.185964],[-84.492281,39.185909],[-84.492572,39.185651],[-84.492651,39.185706],[-84.492361,39.185964]]]}},{"type":"Feature","properties":{"pid":"066100040013"},"geometry":{"type":"Polygon","coordinates":[[[-84.492281,39.185909],[-84.492202,39.185855],[-84.492492,39.185597],[-84.492572,39.185651],[-84.492281,39.185909]]]}},{"type":"Feature","properties":{"pid":"066100040014"},"geometry":{"type":"Polygon","coordinates":[[[-84.492123,39.185801],[-84.492412,39.185542],[-84.492492,39.185597],[-84.492202,39.185855],[-84.492123,39.185801]]]}},{"type":"Feature","properties":{"pid":"066100040015"},"geometry":{"type":"Polygon","coordinates":[[[-84.492346,39.185497],[-84.492412,39.185542],[-84.492123,39.185801],[-84.492056,39.185755],[-84.492346,39.185497]]]}},{"type":"Feature","properties":{"pid":"066100040016"},"geometry":{"type":"Polygon","coordinates":[[[-84.49199,39.185709],[-84.49228,39.185452],[-84.492346,39.185497],[-84.492056,39.185755],[-84.49199,39.185709]]]}},{"type":"Feature","properties":{"pid":"066100040047"},"geometry":{"type":"Polygon","coordinates":[[[-84.492545,39.185633],[-84.492446,39.185565],[-84.492771,39.185275],[-84.492892,39.185324],[-84.492545,39.185633]]]}},{"type":"Feature","properties":{"pid":"066100040048"},"geometry":{"type":"Polygon","coordinates":[[[-84.492644,39.185701],[-84.492545,39.185633],[-84.492892,39.185324],[-84.493013,39.185372],[-84.492644,39.185701]]]}},{"type":"Feature","properties":{"pid":"066100040049"},"geometry":{"type":"Polygon","coordinates":[[[-84.492651,39.185706],[-84.493013,39.185372],[-84.493134,39.185421],[-84.492743,39.185769],[-84.492651,39.185706]]]}},{"type":"Feature","properties":{"pid":"066100040051"},"geometry":{"type":"Polygon","coordinates":[[[-84.492876,39.18586],[-84.49281,39.185814],[-84.493214,39.185453],[-84.493295,39.185486],[-84.492876,39.18586]]]}},{"type":"Feature","properties":{"pid":"066100040052"},"geometry":{"type":"Polygon","coordinates":[[[-84.493295,39.185486],[-84.493376,39.185518],[-84.492942,39.185905],[-84.492876,39.18586],[-84.493295,39.185486]]]}},{"type":"Feature","properties":{"pid":"024300050066"},"geometry":{"type":"Polygon","coordinates":[[[-84.466343,39.20986],[-84.466216,39.209363],[-84.46633,39.209341],[-84.466492,39.209823],[-84.466343,39.20986]]]}},{"type":"Feature","properties":{"pid":"024400020037"},"geometry":{"type":"Polygon","coordinates":[[[-84.474483,39.206646],[-84.474424,39.206375],[-84.474591,39.206355],[-84.474572,39.206552],[-84.474483,39.206646]]]}},{"type":"Feature","properties":{"pid":"024400020067"},"geometry":{"type":"Polygon","coordinates":[[[-84.474439,39.206693],[-84.474233,39.206398],[-84.474424,39.206375],[-84.474483,39.206646],[-84.474439,39.206693]]]}},{"type":"Feature","properties":{"pid":"024500060074"},"geometry":{"type":"Polygon","coordinates":[[[-84.472249,39.214145],[-84.472213,39.214529],[-84.472037,39.214526],[-84.472072,39.214143],[-84.472249,39.214145]]]}},{"type":"Feature","properties":{"pid":"024500060073"},"geometry":{"type":"Polygon","coordinates":[[[-84.472425,39.214147],[-84.47239,39.214531],[-84.472213,39.214529],[-84.472249,39.214145],[-84.472425,39.214147]]]}},{"type":"Feature","properties":{"pid":"024500060072"},"geometry":{"type":"Polygon","coordinates":[[[-84.472602,39.21415],[-84.472566,39.214533],[-84.47239,39.214531],[-84.472425,39.214147],[-84.472602,39.21415]]]}},{"type":"Feature","properties":{"pid":"024500060071"},"geometry":{"type":"Polygon","coordinates":[[[-84.472778,39.214152],[-84.472742,39.214535],[-84.472566,39.214533],[-84.472602,39.21415],[-84.472778,39.214152]]]}},{"type":"Feature","properties":{"pid":"024500060070"},"geometry":{"type":"Polygon","coordinates":[[[-84.472954,39.214154],[-84.472919,39.214538],[-84.472742,39.214535],[-84.472778,39.214152],[-84.472954,39.214154]]]}},{"type":"Feature","properties":{"pid":"024500060069"},"geometry":{"type":"Polygon","coordinates":[[[-84.473131,39.214157],[-84.473095,39.21454],[-84.472919,39.214538],[-84.472954,39.214154],[-84.473131,39.214157]]]}},{"type":"Feature","properties":{"pid":"024500060110"},"geometry":{"type":"Polygon","coordinates":[[[-84.470696,39.213741],[-84.470661,39.214125],[-84.470488,39.214122],[-84.470523,39.213739],[-84.470696,39.213741]]]}},{"type":"Feature","properties":{"pid":"024500060109"},"geometry":{"type":"Polygon","coordinates":[[[-84.470837,39.214127],[-84.470661,39.214125],[-84.470696,39.213741],[-84.470873,39.213743],[-84.470837,39.214127]]]}},{"type":"Feature","properties":{"pid":"024500060108"},"geometry":{"type":"Polygon","coordinates":[[[-84.471049,39.213746],[-84.471014,39.214129],[-84.470837,39.214127],[-84.470873,39.213743],[-84.471049,39.213746]]]}},{"type":"Feature","properties":{"pid":"024500060107"},"geometry":{"type":"Polygon","coordinates":[[[-84.471225,39.213748],[-84.47119,39.214131],[-84.471014,39.214129],[-84.471049,39.213746],[-84.471225,39.213748]]]}},{"type":"Feature","properties":{"pid":"024500060106"},"geometry":{"type":"Polygon","coordinates":[[[-84.471402,39.21375],[-84.471366,39.214134],[-84.47119,39.214131],[-84.471225,39.213748],[-84.471402,39.21375]]]}},{"type":"Feature","properties":{"pid":"024500060105"},"geometry":{"type":"Polygon","coordinates":[[[-84.471366,39.214134],[-84.471402,39.21375],[-84.471578,39.213753],[-84.471543,39.214136],[-84.471366,39.214134]]]}},{"type":"Feature","properties":{"pid":"024500060104"},"geometry":{"type":"Polygon","coordinates":[[[-84.471755,39.213755],[-84.471719,39.214138],[-84.471543,39.214136],[-84.471578,39.213753],[-84.471755,39.213755]]]}},{"type":"Feature","properties":{"pid":"024500060103"},"geometry":{"type":"Polygon","coordinates":[[[-84.471931,39.213757],[-84.471896,39.214141],[-84.471719,39.214138],[-84.471755,39.213755],[-84.471931,39.213757]]]}},{"type":"Feature","properties":{"pid":"024500060101"},"geometry":{"type":"Polygon","coordinates":[[[-84.472108,39.21376],[-84.472284,39.213762],[-84.472249,39.214145],[-84.472072,39.214143],[-84.472108,39.21376]]]}},{"type":"Feature","properties":{"pid":"024500060024"},"geometry":{"type":"Polygon","coordinates":[[[-84.471953,39.21543],[-84.471988,39.215047],[-84.472165,39.215049],[-84.472129,39.215432],[-84.471953,39.21543]]]}},{"type":"Feature","properties":{"pid":"024500060023"},"geometry":{"type":"Polygon","coordinates":[[[-84.472341,39.215051],[-84.472306,39.215435],[-84.472129,39.215432],[-84.472165,39.215049],[-84.472341,39.215051]]]}},{"type":"Feature","properties":{"pid":"024500060022"},"geometry":{"type":"Polygon","coordinates":[[[-84.472518,39.215054],[-84.472482,39.215437],[-84.472306,39.215435],[-84.472341,39.215051],[-84.472518,39.215054]]]}},{"type":"Feature","properties":{"pid":"024500060021"},"geometry":{"type":"Polygon","coordinates":[[[-84.472694,39.215056],[-84.472659,39.215439],[-84.472482,39.215437],[-84.472518,39.215054],[-84.472694,39.215056]]]}},{"type":"Feature","properties":{"pid":"024500060020"},"geometry":{"type":"Polygon","coordinates":[[[-84.472694,39.215056],[-84.472871,39.215058],[-84.472835,39.215442],[-84.472659,39.215439],[-84.472694,39.215056]]]}},{"type":"Feature","properties":{"pid":"024500060019"},"geometry":{"type":"Polygon","coordinates":[[[-84.473047,39.215061],[-84.473012,39.215444],[-84.472835,39.215442],[-84.472871,39.215058],[-84.473047,39.215061]]]}},{"type":"Feature","properties":{"pid":"024500060060"},"geometry":{"type":"Polygon","coordinates":[[[-84.470259,39.214641],[-84.470224,39.215024],[-84.470048,39.215022],[-84.470083,39.214638],[-84.470259,39.214641]]]}},{"type":"Feature","properties":{"pid":"024500060058"},"geometry":{"type":"Polygon","coordinates":[[[-84.470612,39.214645],[-84.470577,39.215029],[-84.4704,39.215026],[-84.470436,39.214643],[-84.470612,39.214645]]]}},{"type":"Feature","properties":{"pid":"024500060055"},"geometry":{"type":"Polygon","coordinates":[[[-84.471142,39.214652],[-84.471106,39.215035],[-84.47093,39.215033],[-84.470965,39.21465],[-84.471142,39.214652]]]}},{"type":"Feature","properties":{"pid":"024500060054"},"geometry":{"type":"Polygon","coordinates":[[[-84.471283,39.215038],[-84.471106,39.215035],[-84.471142,39.214652],[-84.471318,39.214654],[-84.471283,39.215038]]]}},{"type":"Feature","properties":{"pid":"024500060053"},"geometry":{"type":"Polygon","coordinates":[[[-84.471495,39.214657],[-84.471459,39.21504],[-84.471283,39.215038],[-84.471318,39.214654],[-84.471495,39.214657]]]}},{"type":"Feature","properties":{"pid":"024500060051"},"geometry":{"type":"Polygon","coordinates":[[[-84.471848,39.214661],[-84.471812,39.215045],[-84.471636,39.215042],[-84.471671,39.214659],[-84.471848,39.214661]]]}},{"type":"Feature","properties":{"pid":"024500060050"},"geometry":{"type":"Polygon","coordinates":[[[-84.471812,39.215045],[-84.471848,39.214661],[-84.472024,39.214663],[-84.471988,39.215047],[-84.471812,39.215045]]]}},{"type":"Feature","properties":{"pid":"024500060049"},"geometry":{"type":"Polygon","coordinates":[[[-84.4722,39.214666],[-84.472165,39.215049],[-84.471988,39.215047],[-84.472024,39.214663],[-84.4722,39.214666]]]}},{"type":"Feature","properties":{"pid":"024500060048"},"geometry":{"type":"Polygon","coordinates":[[[-84.472377,39.214668],[-84.472341,39.215051],[-84.472165,39.215049],[-84.4722,39.214666],[-84.472377,39.214668]]]}},{"type":"Feature","properties":{"pid":"024500010202"},"geometry":{"type":"Polygon","coordinates":[[[-84.461633,39.21517],[-84.461302,39.215125],[-84.46132,39.215044],[-84.461657,39.21509],[-84.461633,39.21517]]]}},{"type":"Feature","properties":{"pid":"024300040061"},"geometry":{"type":"Polygon","coordinates":[[[-84.466803,39.20699],[-84.466501,39.206894],[-84.466569,39.206767],[-84.46687,39.206864],[-84.466803,39.20699]]]}},{"type":"Feature","properties":{"pid":"024300040068"},"geometry":{"type":"Polygon","coordinates":[[[-84.4673,39.208342],[-84.467153,39.208296],[-84.467587,39.207473],[-84.467734,39.207518],[-84.4673,39.208342]]]}},{"type":"Feature","properties":{"pid":"024300040071"},"geometry":{"type":"Polygon","coordinates":[[[-84.467594,39.208436],[-84.467444,39.208388],[-84.467881,39.207564],[-84.46803,39.20761],[-84.467594,39.208436]]]}},{"type":"Feature","properties":{"pid":"024400010020"},"geometry":{"type":"Polygon","coordinates":[[[-84.472256,39.206494],[-84.472179,39.206088],[-84.472334,39.206069],[-84.472413,39.206475],[-84.472256,39.206494]]]}},{"type":"Feature","properties":{"pid":"024300030008"},"geometry":{"type":"Polygon","coordinates":[[[-84.469884,39.207118],[-84.46944,39.207149],[-84.469372,39.206991],[-84.469916,39.206904],[-84.469884,39.207118]]]}},{"type":"Feature","properties":{"pid":"024400030016"},"geometry":{"type":"Polygon","coordinates":[[[-84.469055,39.210219],[-84.468514,39.209995],[-84.4686,39.209873],[-84.469161,39.210104],[-84.469055,39.210219]]]}},{"type":"Feature","properties":{"pid":"024400030018"},"geometry":{"type":"Polygon","coordinates":[[[-84.468805,39.210753],[-84.468171,39.210479],[-84.468341,39.210238],[-84.468887,39.210475],[-84.468889,39.210635],[-84.468805,39.210753]]]}},{"type":"Feature","properties":{"pid":"024400030023"},"geometry":{"type":"Polygon","coordinates":[[[-84.470448,39.210947],[-84.470349,39.211052],[-84.46967,39.210669],[-84.469744,39.210547],[-84.470448,39.210947]]]}},{"type":"Feature","properties":{"pid":"024400030036"},"geometry":{"type":"Polygon","coordinates":[[[-84.467346,39.211758],[-84.466748,39.211757],[-84.466747,39.211613],[-84.467379,39.211612],[-84.467346,39.211758]]]}},{"type":"Feature","properties":{"pid":"024300040041"},"geometry":{"type":"Polygon","coordinates":[[[-84.469067,39.20728],[-84.468771,39.207839],[-84.468471,39.207747],[-84.468759,39.207183],[-84.469067,39.20728]]]}},{"type":"Feature","properties":{"pid":"024400040008"},"geometry":{"type":"Polygon","coordinates":[[[-84.474272,39.209823],[-84.474259,39.209964],[-84.473821,39.209936],[-84.473833,39.209797],[-84.474272,39.209823]]]}},{"type":"Feature","properties":{"pid":"024400040037"},"geometry":{"type":"Polygon","coordinates":[[[-84.473393,39.209979],[-84.473251,39.20997],[-84.47328,39.209642],[-84.473422,39.209649],[-84.473393,39.209979]]]}},{"type":"Feature","properties":{"pid":"024400040060"},"geometry":{"type":"Polygon","coordinates":[[[-84.473719,39.209503],[-84.47358,39.209494],[-84.473609,39.209164],[-84.473749,39.209174],[-84.473719,39.209503]]]}},{"type":"Feature","properties":{"pid":"024500030099"},"geometry":{"type":"Polygon","coordinates":[[[-84.470317,39.21593],[-84.470493,39.215932],[-84.470457,39.216326],[-84.47028,39.216323],[-84.470317,39.21593]]]}},{"type":"Feature","properties":{"pid":"024500030093"},"geometry":{"type":"Polygon","coordinates":[[[-84.471339,39.216337],[-84.471375,39.215944],[-84.471517,39.215946],[-84.47148,39.216339],[-84.471339,39.216337]]]}},{"type":"Feature","properties":{"pid":"024500030100"},"geometry":{"type":"Polygon","coordinates":[[[-84.47014,39.215928],[-84.470228,39.215929],[-84.470192,39.216322],[-84.470104,39.216321],[-84.47014,39.215928]]]}},{"type":"Feature","properties":{"pid":"024500060035"},"geometry":{"type":"Polygon","coordinates":[[[-84.470224,39.215024],[-84.470188,39.215407],[-84.470012,39.215405],[-84.470048,39.215022],[-84.470224,39.215024]]]}},{"type":"Feature","properties":{"pid":"024500060034"},"geometry":{"type":"Polygon","coordinates":[[[-84.4704,39.215026],[-84.470365,39.21541],[-84.470188,39.215407],[-84.470224,39.215024],[-84.4704,39.215026]]]}},{"type":"Feature","properties":{"pid":"024500060033"},"geometry":{"type":"Polygon","coordinates":[[[-84.470577,39.215029],[-84.470541,39.215412],[-84.470365,39.21541],[-84.4704,39.215026],[-84.470577,39.215029]]]}},{"type":"Feature","properties":{"pid":"024500060031"},"geometry":{"type":"Polygon","coordinates":[[[-84.47093,39.215033],[-84.470894,39.215416],[-84.470718,39.215414],[-84.470753,39.215031],[-84.47093,39.215033]]]}},{"type":"Feature","properties":{"pid":"024500060030"},"geometry":{"type":"Polygon","coordinates":[[[-84.471106,39.215035],[-84.471071,39.215419],[-84.470894,39.215416],[-84.47093,39.215033],[-84.471106,39.215035]]]}},{"type":"Feature","properties":{"pid":"024500060029"},"geometry":{"type":"Polygon","coordinates":[[[-84.471283,39.215038],[-84.471247,39.215421],[-84.471071,39.215419],[-84.471106,39.215035],[-84.471283,39.215038]]]}},{"type":"Feature","properties":{"pid":"024500060028"},"geometry":{"type":"Polygon","coordinates":[[[-84.471424,39.215423],[-84.471247,39.215421],[-84.471283,39.215038],[-84.471459,39.21504],[-84.471424,39.215423]]]}},{"type":"Feature","properties":{"pid":"024500060027"},"geometry":{"type":"Polygon","coordinates":[[[-84.471636,39.215042],[-84.4716,39.215426],[-84.471424,39.215423],[-84.471459,39.21504],[-84.471636,39.215042]]]}},{"type":"Feature","properties":{"pid":"024500060026"},"geometry":{"type":"Polygon","coordinates":[[[-84.471812,39.215045],[-84.471776,39.215428],[-84.4716,39.215426],[-84.471636,39.215042],[-84.471812,39.215045]]]}},{"type":"Feature","properties":{"pid":"024500060025"},"geometry":{"type":"Polygon","coordinates":[[[-84.471988,39.215047],[-84.471953,39.21543],[-84.471776,39.215428],[-84.471812,39.215045],[-84.471988,39.215047]]]}},{"type":"Feature","properties":{"pid":"024300010009"},"geometry":{"type":"Polygon","coordinates":[[[-84.471913,39.204702],[-84.471969,39.204833],[-84.470446,39.205361],[-84.470567,39.205318],[-84.4705,39.205205],[-84.471913,39.204702]]]}},{"type":"Feature","properties":{"pid":"024300010020"},"geometry":{"type":"Polygon","coordinates":[[[-84.47113,39.205576],[-84.470892,39.205425],[-84.472047,39.205014],[-84.472088,39.205109],[-84.471728,39.205361],[-84.47113,39.205576]]]}},{"type":"Feature","properties":{"pid":"024300030001"},"geometry":{"type":"Polygon","coordinates":[[[-84.470083,39.207548],[-84.46966,39.208135],[-84.469581,39.20811],[-84.469536,39.207474],[-84.469807,39.207468],[-84.470083,39.207548]]]}},{"type":"Feature","properties":{"pid":"024300040034"},"geometry":{"type":"Polygon","coordinates":[[[-84.467106,39.207088],[-84.466803,39.20699],[-84.466998,39.206623],[-84.467299,39.20672],[-84.467106,39.207088]]]}},{"type":"Feature","properties":{"pid":"024500060047"},"geometry":{"type":"Polygon","coordinates":[[[-84.472553,39.21467],[-84.472518,39.215054],[-84.472341,39.215051],[-84.472377,39.214668],[-84.472553,39.21467]]]}},{"type":"Feature","properties":{"pid":"024500060046"},"geometry":{"type":"Polygon","coordinates":[[[-84.472553,39.21467],[-84.47273,39.214673],[-84.472694,39.215056],[-84.472518,39.215054],[-84.472553,39.21467]]]}},{"type":"Feature","properties":{"pid":"024500060045"},"geometry":{"type":"Polygon","coordinates":[[[-84.472906,39.214675],[-84.472871,39.215058],[-84.472694,39.215056],[-84.47273,39.214673],[-84.472906,39.214675]]]}},{"type":"Feature","properties":{"pid":"024500060044"},"geometry":{"type":"Polygon","coordinates":[[[-84.473083,39.214677],[-84.473047,39.215061],[-84.472871,39.215058],[-84.472906,39.214675],[-84.473083,39.214677]]]}},{"type":"Feature","properties":{"pid":"024500060082"},"geometry":{"type":"Polygon","coordinates":[[[-84.470802,39.21451],[-84.470625,39.214508],[-84.470661,39.214125],[-84.470837,39.214127],[-84.470802,39.21451]]]}},{"type":"Feature","properties":{"pid":"024500060080"},"geometry":{"type":"Polygon","coordinates":[[[-84.47119,39.214131],[-84.471154,39.214515],[-84.470978,39.214513],[-84.471014,39.214129],[-84.47119,39.214131]]]}},{"type":"Feature","properties":{"pid":"024500060079"},"geometry":{"type":"Polygon","coordinates":[[[-84.471154,39.214515],[-84.47119,39.214131],[-84.471366,39.214134],[-84.471331,39.214517],[-84.471154,39.214515]]]}},{"type":"Feature","properties":{"pid":"024500060078"},"geometry":{"type":"Polygon","coordinates":[[[-84.471543,39.214136],[-84.471507,39.214519],[-84.471331,39.214517],[-84.471366,39.214134],[-84.471543,39.214136]]]}},{"type":"Feature","properties":{"pid":"024500060077"},"geometry":{"type":"Polygon","coordinates":[[[-84.471719,39.214138],[-84.471684,39.214522],[-84.471507,39.214519],[-84.471543,39.214136],[-84.471719,39.214138]]]}},{"type":"Feature","properties":{"pid":"024500060076"},"geometry":{"type":"Polygon","coordinates":[[[-84.471896,39.214141],[-84.47186,39.214524],[-84.471684,39.214522],[-84.471719,39.214138],[-84.471896,39.214141]]]}},{"type":"Feature","properties":{"pid":"024500060075"},"geometry":{"type":"Polygon","coordinates":[[[-84.471896,39.214141],[-84.472072,39.214143],[-84.472037,39.214526],[-84.47186,39.214524],[-84.471896,39.214141]]]}},{"type":"Feature","properties":{"pid":"024300050018"},"geometry":{"type":"Polygon","coordinates":[[[-84.466023,39.210617],[-84.465949,39.210008],[-84.466112,39.209999],[-84.46624,39.210603],[-84.466023,39.210617]]]}},{"type":"Feature","properties":{"pid":"024300030112"},"geometry":{"type":"Polygon","coordinates":[[[-84.469139,39.205465],[-84.468854,39.205575],[-84.468707,39.205291],[-84.469039,39.205255],[-84.469139,39.205465]]]}},{"type":"Feature","properties":{"pid":"066100040055"},"geometry":{"type":"Polygon","coordinates":[[[-84.493399,39.186272],[-84.493068,39.186046],[-84.49313,39.185979],[-84.493461,39.186205],[-84.493399,39.186272]]]}},{"type":"Feature","properties":{"pid":"066100040056"},"geometry":{"type":"Polygon","coordinates":[[[-84.493461,39.186205],[-84.49313,39.185979],[-84.493192,39.185912],[-84.493524,39.186139],[-84.493461,39.186205]]]}},{"type":"Feature","properties":{"pid":"066100040058"},"geometry":{"type":"Polygon","coordinates":[[[-84.493586,39.186072],[-84.493255,39.185846],[-84.493299,39.185798],[-84.493631,39.186024],[-84.493586,39.186072]]]}},{"type":"Feature","properties":{"pid":"066100040059"},"geometry":{"type":"Polygon","coordinates":[[[-84.493631,39.186024],[-84.493299,39.185798],[-84.493351,39.185742],[-84.493682,39.185969],[-84.493631,39.186024]]]}},{"type":"Feature","properties":{"pid":"066100040060"},"geometry":{"type":"Polygon","coordinates":[[[-84.493682,39.185969],[-84.493351,39.185742],[-84.493442,39.185645],[-84.493774,39.185872],[-84.493682,39.185969]]]}},{"type":"Feature","properties":{"pid":"066100040061"},"geometry":{"type":"Polygon","coordinates":[[[-84.493774,39.185872],[-84.493442,39.185645],[-84.493494,39.185589],[-84.493825,39.185816],[-84.493774,39.185872]]]}},{"type":"Feature","properties":{"pid":"066100040062"},"geometry":{"type":"Polygon","coordinates":[[[-84.493825,39.185816],[-84.493494,39.185589],[-84.49351,39.185572],[-84.493904,39.18573],[-84.493825,39.185816]]]}},{"type":"Feature","properties":{"pid":"066100040151"},"geometry":{"type":"Polygon","coordinates":[[[-84.49275,39.18623],[-84.492678,39.186181],[-84.492968,39.185923],[-84.49304,39.185972],[-84.49275,39.18623]]]}},{"type":"Feature","properties":{"pid":"058200020086"},"geometry":{"type":"Polygon","coordinates":[[[-84.492397,39.182582],[-84.49107,39.182464],[-84.492656,39.182301],[-84.492397,39.182582]]]}},{"type":"Feature","properties":{"pid":"066100030164"},"geometry":{"type":"Polygon","coordinates":[[[-84.49077,39.182747],[-84.49107,39.182464],[-84.492397,39.182582],[-84.492116,39.182902],[-84.49077,39.182747]]]}},{"type":"Feature","properties":{"pid":"066100030004"},"geometry":{"type":"Polygon","coordinates":[[[-84.489304,39.18429],[-84.4897,39.18394],[-84.48984,39.183954],[-84.489468,39.184307],[-84.489304,39.18429]]]}},{"type":"Feature","properties":{"pid":"066100030005"},"geometry":{"type":"Polygon","coordinates":[[[-84.489164,39.184276],[-84.489535,39.183924],[-84.4897,39.18394],[-84.489304,39.18429],[-84.489164,39.184276]]]}},{"type":"Feature","properties":{"pid":"024000020096"},"geometry":{"type":"Polygon","coordinates":[[[-84.480541,39.196268],[-84.480217,39.196065],[-84.480261,39.196022],[-84.480585,39.196226],[-84.480541,39.196268]]]}},{"type":"Feature","properties":{"pid":"024300030035"},"geometry":{"type":"Polygon","coordinates":[[[-84.468468,39.206075],[-84.468218,39.206428],[-84.467999,39.206309],[-84.468265,39.205912],[-84.468468,39.206075]]]}},{"type":"Feature","properties":{"pid":"024300040022"},"geometry":{"type":"Polygon","coordinates":[[[-84.468471,39.207747],[-84.468046,39.208579],[-84.467741,39.208482],[-84.468177,39.207656],[-84.468471,39.207747]]]}},{"type":"Feature","properties":{"pid":"024500060100"},"geometry":{"type":"Polygon","coordinates":[[[-84.472461,39.213764],[-84.472425,39.214147],[-84.472249,39.214145],[-84.472284,39.213762],[-84.472461,39.213764]]]}},{"type":"Feature","properties":{"pid":"024500060099"},"geometry":{"type":"Polygon","coordinates":[[[-84.472637,39.213766],[-84.472602,39.21415],[-84.472425,39.214147],[-84.472461,39.213764],[-84.472637,39.213766]]]}},{"type":"Feature","properties":{"pid":"024500060098"},"geometry":{"type":"Polygon","coordinates":[[[-84.472813,39.213769],[-84.472778,39.214152],[-84.472602,39.21415],[-84.472637,39.213766],[-84.472813,39.213769]]]}},{"type":"Feature","properties":{"pid":"024500060097"},"geometry":{"type":"Polygon","coordinates":[[[-84.47299,39.213771],[-84.472954,39.214154],[-84.472778,39.214152],[-84.472813,39.213769],[-84.47299,39.213771]]]}},{"type":"Feature","properties":{"pid":"024500060096"},"geometry":{"type":"Polygon","coordinates":[[[-84.473166,39.213773],[-84.473131,39.214157],[-84.472954,39.214154],[-84.47299,39.213771],[-84.473166,39.213773]]]}},{"type":"Feature","properties":{"pid":"024500060088"},"geometry":{"type":"Polygon","coordinates":[[[-84.469931,39.21437],[-84.469919,39.214499],[-84.469346,39.214491],[-84.469358,39.214363],[-84.469931,39.21437]]]}},{"type":"Feature","properties":{"pid":"024500060116"},"geometry":{"type":"Polygon","coordinates":[[[-84.469405,39.213853],[-84.469417,39.213725],[-84.46999,39.213732],[-84.469978,39.213861],[-84.469405,39.213853]]]}},{"type":"Feature","properties":{"pid":"024500060127"},"geometry":{"type":"Polygon","coordinates":[[[-84.471944,39.21362],[-84.471979,39.213237],[-84.472156,39.213239],[-84.47212,39.213622],[-84.471944,39.21362]]]}},{"type":"Feature","properties":{"pid":"024500060130"},"geometry":{"type":"Polygon","coordinates":[[[-84.471415,39.213613],[-84.47145,39.21323],[-84.471627,39.213232],[-84.471591,39.213616],[-84.471415,39.213613]]]}},{"type":"Feature","properties":{"pid":"023900020020"},"geometry":{"type":"Polygon","coordinates":[[[-84.482885,39.197611],[-84.482318,39.197527],[-84.482335,39.19739],[-84.482914,39.197476],[-84.482885,39.197611]]]}},{"type":"Feature","properties":{"pid":"023900020021"},"geometry":{"type":"Polygon","coordinates":[[[-84.482831,39.197464],[-84.482335,39.19739],[-84.48236,39.197192],[-84.482707,39.197242],[-84.482849,39.19731],[-84.482831,39.197464]]]}},{"type":"Feature","properties":{"pid":"023900020030"},"geometry":{"type":"Polygon","coordinates":[[[-84.482059,39.19818],[-84.481876,39.198172],[-84.481922,39.197823],[-84.482102,39.197837],[-84.482059,39.19818]]]}},{"type":"Feature","properties":{"pid":"023900020031"},"geometry":{"type":"Polygon","coordinates":[[[-84.481876,39.198172],[-84.481696,39.198164],[-84.481743,39.197814],[-84.481921,39.197828],[-84.481876,39.198172]]]}},{"type":"Feature","properties":{"pid":"023900020032"},"geometry":{"type":"Polygon","coordinates":[[[-84.481696,39.198164],[-84.481523,39.198156],[-84.481569,39.197804],[-84.481743,39.197817],[-84.481696,39.198164]]]}},{"type":"Feature","properties":{"pid":"023900020033"},"geometry":{"type":"Polygon","coordinates":[[[-84.481523,39.198156],[-84.481345,39.198148],[-84.481393,39.197792],[-84.481569,39.197806],[-84.481523,39.198156]]]}},{"type":"Feature","properties":{"pid":"023900020039"},"geometry":{"type":"Polygon","coordinates":[[[-84.482102,39.197837],[-84.481922,39.197823],[-84.481966,39.197487],[-84.482143,39.197501],[-84.482102,39.197837]]]}},{"type":"Feature","properties":{"pid":"023900020040"},"geometry":{"type":"Polygon","coordinates":[[[-84.481922,39.197823],[-84.481743,39.197814],[-84.48179,39.197473],[-84.481966,39.197487],[-84.481922,39.197823]]]}},{"type":"Feature","properties":{"pid":"023900020041"},"geometry":{"type":"Polygon","coordinates":[[[-84.481655,39.19781],[-84.481569,39.197804],[-84.481614,39.197459],[-84.481702,39.197466],[-84.481655,39.19781]]]}},{"type":"Feature","properties":{"pid":"024000020001"},"geometry":{"type":"Polygon","coordinates":[[[-84.480628,39.196324],[-84.480541,39.196268],[-84.480585,39.196226],[-84.480261,39.196022],[-84.480327,39.195958],[-84.480739,39.196217],[-84.480628,39.196324]]]}},{"type":"Feature","properties":{"pid":"024000020002"},"geometry":{"type":"Polygon","coordinates":[[[-84.480739,39.196217],[-84.480327,39.195958],[-84.480383,39.195905],[-84.480795,39.196163],[-84.480739,39.196217]]]}},{"type":"Feature","properties":{"pid":"024000020003"},"geometry":{"type":"Polygon","coordinates":[[[-84.480795,39.196163],[-84.480383,39.195905],[-84.480438,39.195851],[-84.48085,39.19611],[-84.480795,39.196163]]]}},{"type":"Feature","properties":{"pid":"024000020004"},"geometry":{"type":"Polygon","coordinates":[[[-84.48085,39.19611],[-84.480438,39.195851],[-84.480549,39.195744],[-84.480961,39.196003],[-84.48085,39.19611]]]}},{"type":"Feature","properties":{"pid":"024000010124"},"geometry":{"type":"Polygon","coordinates":[[[-84.478583,39.196399],[-84.478507,39.19635],[-84.478664,39.196202],[-84.47874,39.196251],[-84.478583,39.196399]]]}},{"type":"Feature","properties":{"pid":"024000020008"},"geometry":{"type":"Polygon","coordinates":[[[-84.479893,39.195683],[-84.480144,39.195845],[-84.480037,39.195946],[-84.479781,39.195787],[-84.479893,39.195683]]]}},{"type":"Feature","properties":{"pid":"024000020009"},"geometry":{"type":"Polygon","coordinates":[[[-84.480144,39.195845],[-84.479731,39.195578],[-84.479843,39.195474],[-84.480254,39.195742],[-84.480144,39.195845]]]}},{"type":"Feature","properties":{"pid":"024000020010"},"geometry":{"type":"Polygon","coordinates":[[[-84.480254,39.195742],[-84.479843,39.195474],[-84.479956,39.19537],[-84.480371,39.195632],[-84.480254,39.195742]]]}},{"type":"Feature","properties":{"pid":"024000020011"},"geometry":{"type":"Polygon","coordinates":[[[-84.480528,39.195482],[-84.480414,39.195589],[-84.479999,39.195327],[-84.480116,39.195219],[-84.480528,39.195482]]]}},{"type":"Feature","properties":{"pid":"024000020012"},"geometry":{"type":"Polygon","coordinates":[[[-84.480528,39.195482],[-84.480116,39.195219],[-84.48023,39.195112],[-84.480638,39.195378],[-84.480528,39.195482]]]}},{"type":"Feature","properties":{"pid":"024000020013"},"geometry":{"type":"Polygon","coordinates":[[[-84.480638,39.195378],[-84.480418,39.195235],[-84.48053,39.19513],[-84.480749,39.195273],[-84.480638,39.195378]]]}},{"type":"Feature","properties":{"pid":"024000020014"},"geometry":{"type":"Polygon","coordinates":[[[-84.479681,39.195547],[-84.479565,39.195654],[-84.479157,39.195395],[-84.479276,39.195286],[-84.479681,39.195547]]]}},{"type":"Feature","properties":{"pid":"024000020015"},"geometry":{"type":"Polygon","coordinates":[[[-84.479793,39.195442],[-84.479681,39.195547],[-84.479276,39.195286],[-84.479392,39.195179],[-84.479793,39.195442]]]}},{"type":"Feature","properties":{"pid":"023900020065"},"geometry":{"type":"Polygon","coordinates":[[[-84.482202,39.197039],[-84.48202,39.19702],[-84.482059,39.196684],[-84.482242,39.19671],[-84.482202,39.197039]]]}},{"type":"Feature","properties":{"pid":"023900020066"},"geometry":{"type":"Polygon","coordinates":[[[-84.48202,39.19702],[-84.481846,39.197001],[-84.481889,39.196659],[-84.482059,39.196684],[-84.48202,39.19702]]]}},{"type":"Feature","properties":{"pid":"023900020067"},"geometry":{"type":"Polygon","coordinates":[[[-84.481846,39.197001],[-84.481675,39.196983],[-84.481716,39.196634],[-84.481889,39.196659],[-84.481846,39.197001]]]}},{"type":"Feature","properties":{"pid":"023900020068"},"geometry":{"type":"Polygon","coordinates":[[[-84.481675,39.196983],[-84.481498,39.196965],[-84.48154,39.196608],[-84.481716,39.196634],[-84.481675,39.196983]]]}},{"type":"Feature","properties":{"pid":"023900020069"},"geometry":{"type":"Polygon","coordinates":[[[-84.481498,39.196965],[-84.481319,39.196946],[-84.481363,39.196582],[-84.48154,39.196608],[-84.481498,39.196965]]]}},{"type":"Feature","properties":{"pid":"023900020070"},"geometry":{"type":"Polygon","coordinates":[[[-84.481319,39.196946],[-84.481148,39.196928],[-84.481191,39.196557],[-84.481363,39.196582],[-84.481319,39.196946]]]}},{"type":"Feature","properties":{"pid":"023900020071"},"geometry":{"type":"Polygon","coordinates":[[[-84.481148,39.196928],[-84.480967,39.196908],[-84.481012,39.196531],[-84.481191,39.196557],[-84.481148,39.196928]]]}},{"type":"Feature","properties":{"pid":"023900020072"},"geometry":{"type":"Polygon","coordinates":[[[-84.480967,39.196908],[-84.480796,39.19689],[-84.480841,39.196506],[-84.481012,39.196531],[-84.480967,39.196908]]]}},{"type":"Feature","properties":{"pid":"023900020073"},"geometry":{"type":"Polygon","coordinates":[[[-84.480796,39.19689],[-84.480625,39.196872],[-84.480676,39.196482],[-84.480841,39.196506],[-84.480796,39.19689]]]}},{"type":"Feature","properties":{"pid":"023900020074"},"geometry":{"type":"Polygon","coordinates":[[[-84.480625,39.196872],[-84.480181,39.196825],[-84.480563,39.196465],[-84.480676,39.196482],[-84.480625,39.196872]]]}},{"type":"Feature","properties":{"pid":"024000020016"},"geometry":{"type":"Polygon","coordinates":[[[-84.479793,39.195442],[-84.479392,39.195179],[-84.479502,39.195079],[-84.479907,39.195336],[-84.479793,39.195442]]]}},{"type":"Feature","properties":{"pid":"023900020076"},"geometry":{"type":"Polygon","coordinates":[[[-84.482085,39.196553],[-84.481914,39.196526],[-84.481953,39.196182],[-84.482122,39.196206],[-84.482085,39.196553]]]}},{"type":"Feature","properties":{"pid":"023900020077"},"geometry":{"type":"Polygon","coordinates":[[[-84.481914,39.196526],[-84.481827,39.196513],[-84.481865,39.196169],[-84.481953,39.196182],[-84.481914,39.196526]]]}},{"type":"Feature","properties":{"pid":"023900020078"},"geometry":{"type":"Polygon","coordinates":[[[-84.481827,39.196513],[-84.481736,39.196499],[-84.48177,39.196156],[-84.481865,39.196169],[-84.481827,39.196513]]]}},{"type":"Feature","properties":{"pid":"023900020080"},"geometry":{"type":"Polygon","coordinates":[[[-84.481568,39.196473],[-84.481395,39.196446],[-84.481425,39.196107],[-84.481602,39.196132],[-84.481568,39.196473]]]}},{"type":"Feature","properties":{"pid":"023900020081"},"geometry":{"type":"Polygon","coordinates":[[[-84.481395,39.196446],[-84.481218,39.196419],[-84.481252,39.196082],[-84.481425,39.196107],[-84.481395,39.196446]]]}},{"type":"Feature","properties":{"pid":"023900020082"},"geometry":{"type":"Polygon","coordinates":[[[-84.481218,39.196419],[-84.481046,39.196392],[-84.481081,39.196058],[-84.481252,39.196082],[-84.481218,39.196419]]]}},{"type":"Feature","properties":{"pid":"023900020084"},"geometry":{"type":"Polygon","coordinates":[[[-84.480871,39.196365],[-84.4807,39.196338],[-84.480892,39.196162],[-84.480871,39.196365]]]}},{"type":"Feature","properties":{"pid":"024000010017"},"geometry":{"type":"Polygon","coordinates":[[[-84.479765,39.197133],[-84.479352,39.196874],[-84.479428,39.196803],[-84.479838,39.197065],[-84.479765,39.197133]]]}},{"type":"Feature","properties":{"pid":"024000010021"},"geometry":{"type":"Polygon","coordinates":[[[-84.480232,39.196695],[-84.480141,39.196779],[-84.479734,39.196515],[-84.479825,39.196429],[-84.480232,39.196695]]]}},{"type":"Feature","properties":{"pid":"024000010022"},"geometry":{"type":"Polygon","coordinates":[[[-84.480367,39.19657],[-84.480254,39.196674],[-84.479846,39.196409],[-84.479957,39.196305],[-84.480367,39.19657]]]}},{"type":"Feature","properties":{"pid":"024000020067"},"geometry":{"type":"Polygon","coordinates":[[[-84.48053,39.19513],[-84.480418,39.195235],[-84.48023,39.195112],[-84.480342,39.195007],[-84.48053,39.19513]]]}},{"type":"Feature","properties":{"pid":"023900020042"},"geometry":{"type":"Polygon","coordinates":[[[-84.481569,39.197804],[-84.481393,39.197792],[-84.481439,39.197446],[-84.481614,39.197459],[-84.481569,39.197804]]]}},{"type":"Feature","properties":{"pid":"023900020043"},"geometry":{"type":"Polygon","coordinates":[[[-84.481393,39.197792],[-84.481217,39.197781],[-84.481263,39.197432],[-84.481439,39.197446],[-84.481393,39.197792]]]}},{"type":"Feature","properties":{"pid":"023900020047"},"geometry":{"type":"Polygon","coordinates":[[[-84.480671,39.197897],[-84.480505,39.197791],[-84.480561,39.197377],[-84.480737,39.197391],[-84.480671,39.197897]]]}},{"type":"Feature","properties":{"pid":"023900020048"},"geometry":{"type":"Polygon","coordinates":[[[-84.480497,39.197786],[-84.480343,39.197687],[-84.480386,39.197363],[-84.480561,39.197377],[-84.480497,39.197786]]]}},{"type":"Feature","properties":{"pid":"023900020049"},"geometry":{"type":"Polygon","coordinates":[[[-84.480328,39.197677],[-84.48018,39.197582],[-84.48021,39.197349],[-84.480386,39.197363],[-84.480328,39.197677]]]}},{"type":"Feature","properties":{"pid":"023900020052"},"geometry":{"type":"Polygon","coordinates":[[[-84.482162,39.197364],[-84.48198,39.19735],[-84.48202,39.19702],[-84.482202,39.197039],[-84.482162,39.197364]]]}},{"type":"Feature","properties":{"pid":"023900020053"},"geometry":{"type":"Polygon","coordinates":[[[-84.48198,39.19735],[-84.481804,39.197336],[-84.481846,39.197001],[-84.48202,39.19702],[-84.48198,39.19735]]]}},{"type":"Feature","properties":{"pid":"023900020054"},"geometry":{"type":"Polygon","coordinates":[[[-84.481804,39.197336],[-84.481634,39.197323],[-84.481675,39.196983],[-84.481846,39.197001],[-84.481804,39.197336]]]}},{"type":"Feature","properties":{"pid":"024300040026"},"geometry":{"type":"Polygon","coordinates":[[[-84.46655,39.208104],[-84.466256,39.208011],[-84.466515,39.207509],[-84.466815,39.207603],[-84.46655,39.208104]]]}},{"type":"Feature","properties":{"pid":"024300040055"},"geometry":{"type":"Polygon","coordinates":[[[-84.469056,39.208211],[-84.469059,39.208091],[-84.469403,39.208182],[-84.469395,39.208292],[-84.469056,39.208211]]]}},{"type":"Feature","properties":{"pid":"024300040056"},"geometry":{"type":"Polygon","coordinates":[[[-84.46903,39.208325],[-84.469056,39.208211],[-84.469395,39.208292],[-84.469387,39.208407],[-84.46903,39.208325]]]}},{"type":"Feature","properties":{"pid":"024000010023"},"geometry":{"type":"Polygon","coordinates":[[[-84.480367,39.19657],[-84.479957,39.196305],[-84.480069,39.196199],[-84.480482,39.196465],[-84.480367,39.19657]]]}},{"type":"Feature","properties":{"pid":"024000010036"},"geometry":{"type":"Polygon","coordinates":[[[-84.479387,39.196551],[-84.478977,39.196289],[-84.479086,39.196186],[-84.479498,39.196447],[-84.479387,39.196551]]]}},{"type":"Feature","properties":{"pid":"024000010037"},"geometry":{"type":"Polygon","coordinates":[[[-84.479655,39.1963],[-84.479544,39.196403],[-84.479133,39.196143],[-84.479246,39.196037],[-84.479655,39.1963]]]}},{"type":"Feature","properties":{"pid":"024000010038"},"geometry":{"type":"Polygon","coordinates":[[[-84.479655,39.1963],[-84.479246,39.196037],[-84.479362,39.195929],[-84.479769,39.196194],[-84.479655,39.1963]]]}},{"type":"Feature","properties":{"pid":"024000010039"},"geometry":{"type":"Polygon","coordinates":[[[-84.479769,39.196194],[-84.479362,39.195929],[-84.47947,39.195828],[-84.479878,39.196093],[-84.479769,39.196194]]]}},{"type":"Feature","properties":{"pid":"024000010048"},"geometry":{"type":"Polygon","coordinates":[[[-84.478044,39.197082],[-84.477985,39.197136],[-84.477588,39.196876],[-84.477646,39.196822],[-84.478044,39.197082]]]}},{"type":"Feature","properties":{"pid":"024000010050"},"geometry":{"type":"Polygon","coordinates":[[[-84.478326,39.196816],[-84.47821,39.196928],[-84.477809,39.19667],[-84.477924,39.19656],[-84.478326,39.196816]]]}},{"type":"Feature","properties":{"pid":"024000010052"},"geometry":{"type":"Polygon","coordinates":[[[-84.478435,39.19671],[-84.478377,39.196767],[-84.477975,39.196511],[-84.478037,39.196452],[-84.478435,39.19671]]]}},{"type":"Feature","properties":{"pid":"024000010053"},"geometry":{"type":"Polygon","coordinates":[[[-84.478435,39.19671],[-84.478037,39.196452],[-84.478146,39.196348],[-84.478545,39.196604],[-84.478435,39.19671]]]}},{"type":"Feature","properties":{"pid":"023900020055"},"geometry":{"type":"Polygon","coordinates":[[[-84.481634,39.197323],[-84.481457,39.197309],[-84.481498,39.196965],[-84.481675,39.196983],[-84.481634,39.197323]]]}},{"type":"Feature","properties":{"pid":"023900020056"},"geometry":{"type":"Polygon","coordinates":[[[-84.481457,39.197309],[-84.481278,39.197295],[-84.481319,39.196946],[-84.481498,39.196965],[-84.481457,39.197309]]]}},{"type":"Feature","properties":{"pid":"023900020057"},"geometry":{"type":"Polygon","coordinates":[[[-84.481278,39.197295],[-84.481107,39.197282],[-84.481148,39.196928],[-84.481319,39.196946],[-84.481278,39.197295]]]}},{"type":"Feature","properties":{"pid":"023900020058"},"geometry":{"type":"Polygon","coordinates":[[[-84.481107,39.197282],[-84.480924,39.197267],[-84.480967,39.196908],[-84.481148,39.196928],[-84.481107,39.197282]]]}},{"type":"Feature","properties":{"pid":"023900020059"},"geometry":{"type":"Polygon","coordinates":[[[-84.480924,39.197267],[-84.480753,39.197254],[-84.480796,39.19689],[-84.480967,39.196908],[-84.480924,39.197267]]]}},{"type":"Feature","properties":{"pid":"023900020060"},"geometry":{"type":"Polygon","coordinates":[[[-84.480753,39.197254],[-84.480577,39.19724],[-84.480625,39.196872],[-84.480796,39.19689],[-84.480753,39.197254]]]}},{"type":"Feature","properties":{"pid":"023900020061"},"geometry":{"type":"Polygon","coordinates":[[[-84.480577,39.19724],[-84.480403,39.197226],[-84.480456,39.196854],[-84.480625,39.196872],[-84.480577,39.19724]]]}},{"type":"Feature","properties":{"pid":"023900020062"},"geometry":{"type":"Polygon","coordinates":[[[-84.480403,39.197226],[-84.480228,39.197213],[-84.480279,39.196836],[-84.480456,39.196854],[-84.480403,39.197226]]]}},{"type":"Feature","properties":{"pid":"024000020092"},"geometry":{"type":"Polygon","coordinates":[[[-84.479893,39.195683],[-84.479781,39.195787],[-84.479617,39.195683],[-84.479731,39.195578],[-84.479893,39.195683]]]}},{"type":"Feature","properties":{"pid":"024300020024"},"geometry":{"type":"Polygon","coordinates":[[[-84.469896,39.205028],[-84.46982,39.204904],[-84.47171,39.204232],[-84.471766,39.204363],[-84.469896,39.205028]]]}},{"type":"Feature","properties":{"pid":"024300030015"},"geometry":{"type":"Polygon","coordinates":[[[-84.468594,39.20598],[-84.469291,39.205704],[-84.469381,39.205849],[-84.468721,39.206095],[-84.468594,39.20598]]]}},{"type":"Feature","properties":{"pid":"024000010169"},"geometry":{"type":"Polygon","coordinates":[[[-84.479103,39.198049],[-84.479005,39.198045],[-84.478938,39.198002],[-84.479103,39.198049]]]}},{"type":"Feature","properties":{"pid":"024000010173"},"geometry":{"type":"Polygon","coordinates":[[[-84.477235,39.197851],[-84.477155,39.197925],[-84.476749,39.197661],[-84.476827,39.197589],[-84.477235,39.197851]]]}},{"type":"Feature","properties":{"pid":"024200020050"},"geometry":{"type":"Polygon","coordinates":[[[-84.475873,39.1982],[-84.475623,39.198439],[-84.475348,39.198263],[-84.475543,39.198053],[-84.475873,39.1982]]]}},{"type":"Feature","properties":{"pid":"024200030014"},"geometry":{"type":"Polygon","coordinates":[[[-84.476693,39.198356],[-84.476503,39.198532],[-84.476153,39.198304],[-84.476286,39.198092],[-84.476693,39.198356]]]}},{"type":"Feature","properties":{"pid":"024200030018"},"geometry":{"type":"Polygon","coordinates":[[[-84.476833,39.198225],[-84.476742,39.19831],[-84.476336,39.198045],[-84.476427,39.197961],[-84.476833,39.198225]]]}},{"type":"Feature","properties":{"pid":"024200030019"},"geometry":{"type":"Polygon","coordinates":[[[-84.476916,39.198148],[-84.476833,39.198225],[-84.476427,39.197961],[-84.47651,39.197883],[-84.476916,39.198148]]]}},{"type":"Feature","properties":{"pid":"024200030021"},"geometry":{"type":"Polygon","coordinates":[[[-84.477486,39.198345],[-84.477412,39.198414],[-84.477005,39.19815],[-84.47708,39.198081],[-84.477486,39.198345]]]}},{"type":"Feature","properties":{"pid":"024200030022"},"geometry":{"type":"Polygon","coordinates":[[[-84.477561,39.198275],[-84.477486,39.198345],[-84.47708,39.198081],[-84.477155,39.198011],[-84.477561,39.198275]]]}},{"type":"Feature","properties":{"pid":"024200050041"},"geometry":{"type":"Polygon","coordinates":[[[-84.478489,39.1986],[-84.478314,39.198592],[-84.478341,39.198182],[-84.478516,39.19819],[-84.478489,39.1986]]]}},{"type":"Feature","properties":{"pid":"024200050042"},"geometry":{"type":"Polygon","coordinates":[[[-84.478666,39.198607],[-84.478489,39.1986],[-84.478516,39.19819],[-84.478694,39.198197],[-84.478666,39.198607]]]}},{"type":"Feature","properties":{"pid":"024200050043"},"geometry":{"type":"Polygon","coordinates":[[[-84.478841,39.198615],[-84.478666,39.198607],[-84.478694,39.198197],[-84.47887,39.198205],[-84.478841,39.198615]]]}},{"type":"Feature","properties":{"pid":"024200050044"},"geometry":{"type":"Polygon","coordinates":[[[-84.479017,39.198622],[-84.478841,39.198615],[-84.47887,39.198205],[-84.479045,39.198213],[-84.479017,39.198622]]]}},{"type":"Feature","properties":{"pid":"024200050045"},"geometry":{"type":"Polygon","coordinates":[[[-84.479192,39.19863],[-84.479041,39.198623],[-84.47907,39.198214],[-84.479221,39.19822],[-84.479192,39.19863]]]}},{"type":"Feature","properties":{"pid":"024200050046"},"geometry":{"type":"Polygon","coordinates":[[[-84.479367,39.198637],[-84.479192,39.19863],[-84.479221,39.19822],[-84.479396,39.198228],[-84.479367,39.198637]]]}},{"type":"Feature","properties":{"pid":"024200050047"},"geometry":{"type":"Polygon","coordinates":[[[-84.479542,39.198645],[-84.479367,39.198637],[-84.479396,39.198228],[-84.479572,39.198236],[-84.479542,39.198645]]]}},{"type":"Feature","properties":{"pid":"024200050048"},"geometry":{"type":"Polygon","coordinates":[[[-84.479718,39.198653],[-84.479542,39.198645],[-84.479572,39.198236],[-84.479747,39.198244],[-84.479718,39.198653]]]}},{"type":"Feature","properties":{"pid":"024200050058"},"geometry":{"type":"Polygon","coordinates":[[[-84.4818,39.198744],[-84.481831,39.198335],[-84.481971,39.198341],[-84.481943,39.198717],[-84.481912,39.198749],[-84.4818,39.198744]]]}},{"type":"Feature","properties":{"pid":"024200050059"},"geometry":{"type":"Polygon","coordinates":[[[-84.481516,39.198732],[-84.481548,39.198322],[-84.481672,39.198328],[-84.48164,39.198737],[-84.481516,39.198732]]]}},{"type":"Feature","properties":{"pid":"024200050060"},"geometry":{"type":"Polygon","coordinates":[[[-84.48148,39.19873],[-84.481338,39.198724],[-84.481371,39.198315],[-84.481512,39.198321],[-84.48148,39.19873]]]}},{"type":"Feature","properties":{"pid":"024200050061"},"geometry":{"type":"Polygon","coordinates":[[[-84.481323,39.198723],[-84.481161,39.198716],[-84.481195,39.198307],[-84.481355,39.198314],[-84.481323,39.198723]]]}},{"type":"Feature","properties":{"pid":"024200050062"},"geometry":{"type":"Polygon","coordinates":[[[-84.481161,39.198716],[-84.480985,39.198708],[-84.481018,39.198299],[-84.481195,39.198307],[-84.481161,39.198716]]]}},{"type":"Feature","properties":{"pid":"024200050063"},"geometry":{"type":"Polygon","coordinates":[[[-84.480985,39.198708],[-84.480809,39.1987],[-84.480842,39.198291],[-84.481018,39.198299],[-84.480985,39.198708]]]}},{"type":"Feature","properties":{"pid":"024200050064"},"geometry":{"type":"Polygon","coordinates":[[[-84.48079,39.1987],[-84.480633,39.198693],[-84.480665,39.198284],[-84.480842,39.198291],[-84.48079,39.1987]]]}},{"type":"Feature","properties":{"pid":"024200050065"},"geometry":{"type":"Polygon","coordinates":[[[-84.480454,39.198685],[-84.480487,39.198276],[-84.480665,39.198284],[-84.480633,39.198693],[-84.480454,39.198685]]]}},{"type":"Feature","properties":{"pid":"024200050066"},"geometry":{"type":"Polygon","coordinates":[[[-84.480279,39.198677],[-84.48031,39.198268],[-84.480487,39.198276],[-84.480454,39.198685],[-84.480279,39.198677]]]}},{"type":"Feature","properties":{"pid":"024200050067"},"geometry":{"type":"Polygon","coordinates":[[[-84.480103,39.198669],[-84.480135,39.19826],[-84.48031,39.198268],[-84.480279,39.198677],[-84.480103,39.198669]]]}},{"type":"Feature","properties":{"pid":"024200050068"},"geometry":{"type":"Polygon","coordinates":[[[-84.479928,39.198662],[-84.479959,39.198253],[-84.480135,39.19826],[-84.480103,39.198669],[-84.479928,39.198662]]]}},{"type":"Feature","properties":{"pid":"024200050089"},"geometry":{"type":"Polygon","coordinates":[[[-84.478332,39.19832],[-84.477946,39.198303],[-84.477826,39.198298],[-84.477967,39.198166],[-84.478341,39.198182],[-84.478332,39.19832]]]}},{"type":"Feature","properties":{"pid":"024200050116"},"geometry":{"type":"Polygon","coordinates":[[[-84.482288,39.198355],[-84.481943,39.198717],[-84.481971,39.198341],[-84.482288,39.198355]]]}},{"type":"Feature","properties":{"pid":"024500030068"},"geometry":{"type":"Polygon","coordinates":[[[-84.47099,39.216863],[-84.470849,39.216862],[-84.470885,39.216468],[-84.471026,39.21647],[-84.47099,39.216863]]]}},{"type":"Feature","properties":{"pid":"024000010058"},"geometry":{"type":"Polygon","coordinates":[[[-84.479252,39.195944],[-84.479193,39.195999],[-84.478785,39.195738],[-84.478842,39.195686],[-84.479252,39.195944]]]}},{"type":"Feature","properties":{"pid":"024000010057"},"geometry":{"type":"Polygon","coordinates":[[[-84.479137,39.196051],[-84.479077,39.196107],[-84.478667,39.195847],[-84.478727,39.195792],[-84.479137,39.196051]]]}},{"type":"Feature","properties":{"pid":"024000010059"},"geometry":{"type":"Polygon","coordinates":[[[-84.479308,39.195892],[-84.479252,39.195944],[-84.478842,39.195686],[-84.478902,39.195631],[-84.479308,39.195892]]]}},{"type":"Feature","properties":{"pid":"024000010060"},"geometry":{"type":"Polygon","coordinates":[[[-84.479308,39.195892],[-84.478902,39.195631],[-84.479009,39.195531],[-84.479415,39.195794],[-84.479308,39.195892]]]}},{"type":"Feature","properties":{"pid":"024000010077"},"geometry":{"type":"Polygon","coordinates":[[[-84.477737,39.196436],[-84.477625,39.196542],[-84.477216,39.196281],[-84.477328,39.196174],[-84.477737,39.196436]]]}},{"type":"Feature","properties":{"pid":"059000720128"},"geometry":{"type":"Polygon","coordinates":[[[-84.487023,39.207876],[-84.486926,39.207992],[-84.486541,39.207797],[-84.486638,39.207682],[-84.487023,39.207876]]]}},{"type":"Feature","properties":{"pid":"024400010023"},"geometry":{"type":"Polygon","coordinates":[[[-84.471815,39.206522],[-84.471859,39.206109],[-84.471937,39.206116],[-84.472014,39.206521],[-84.471815,39.206522]]]}},{"type":"Feature","properties":{"pid":"024200050117"},"geometry":{"type":"Polygon","coordinates":[[[-84.4818,39.198744],[-84.48164,39.198737],[-84.481672,39.198328],[-84.481831,39.198335],[-84.4818,39.198744]]]}},{"type":"Feature","properties":{"pid":"024400040043"},"geometry":{"type":"Polygon","coordinates":[[[-84.472107,39.210192],[-84.472137,39.2099],[-84.472259,39.209906],[-84.472226,39.210238],[-84.472107,39.210192]]]}},{"type":"Feature","properties":{"pid":"024400040021"},"geometry":{"type":"Polygon","coordinates":[[[-84.473911,39.208954],[-84.474351,39.208981],[-84.474335,39.209091],[-84.473901,39.209063],[-84.473911,39.208954]]]}},{"type":"Feature","properties":{"pid":"024300040029"},"geometry":{"type":"Polygon","coordinates":[[[-84.466815,39.207603],[-84.466225,39.207413],[-84.466326,39.207223],[-84.466914,39.207413],[-84.466815,39.207603]]]}},{"type":"Feature","properties":{"pid":"024400030012"},"geometry":{"type":"Polygon","coordinates":[[[-84.469843,39.210195],[-84.470259,39.209751],[-84.470544,39.209913],[-84.470128,39.210357],[-84.469843,39.210195]]]}},{"type":"Feature","properties":{"pid":"024400030013"},"geometry":{"type":"Polygon","coordinates":[[[-84.469063,39.210223],[-84.469457,39.209785],[-84.469578,39.209844],[-84.469878,39.209534],[-84.470259,39.209751],[-84.469593,39.210461],[-84.469063,39.210223]]]}},{"type":"Feature","properties":{"pid":"024200020103"},"geometry":{"type":"Polygon","coordinates":[[[-84.4741,39.198227],[-84.472164,39.200044],[-84.470965,39.199698],[-84.472945,39.198105],[-84.47323,39.19829],[-84.473627,39.197917],[-84.4741,39.198227]]]}},{"type":"Feature","properties":{"pid":"024400030014"},"geometry":{"type":"Polygon","coordinates":[[[-84.469415,39.209556],[-84.46973,39.20949],[-84.469161,39.210104],[-84.468919,39.210004],[-84.469139,39.209556],[-84.469415,39.209556]]]}},{"type":"Feature","properties":{"pid":"024300030033"},"geometry":{"type":"Polygon","coordinates":[[[-84.467267,39.20656],[-84.467021,39.206482],[-84.467288,39.206007],[-84.467541,39.206103],[-84.467267,39.20656]]]}},{"type":"Feature","properties":{"pid":"024200020071"},"geometry":{"type":"Polygon","coordinates":[[[-84.472336,39.200095],[-84.472164,39.200044],[-84.47447,39.197879],[-84.474612,39.197971],[-84.472336,39.200095]]]}},{"type":"Feature","properties":{"pid":"024000020017"},"geometry":{"type":"Polygon","coordinates":[[[-84.480065,39.195189],[-84.479949,39.195296],[-84.47955,39.195039],[-84.479667,39.194933],[-84.480065,39.195189]]]}},{"type":"Feature","properties":{"pid":"024400050075"},"geometry":{"type":"Polygon","coordinates":[[[-84.471462,39.210989],[-84.471198,39.210977],[-84.471369,39.210797],[-84.471479,39.210804],[-84.471462,39.210989]]]}},{"type":"Feature","properties":{"pid":"024500030134"},"geometry":{"type":"Polygon","coordinates":[[[-84.473119,39.21676],[-84.473144,39.216498],[-84.473232,39.216499],[-84.473208,39.216761],[-84.473119,39.21676]]]}},{"type":"Feature","properties":{"pid":"024400050074"},"geometry":{"type":"Polygon","coordinates":[[[-84.471439,39.211236],[-84.471295,39.21123],[-84.471321,39.210983],[-84.471462,39.210989],[-84.471439,39.211236]]]}},{"type":"Feature","properties":{"pid":"024500060135"},"geometry":{"type":"Polygon","coordinates":[[[-84.470532,39.213602],[-84.470568,39.213218],[-84.470744,39.213221],[-84.470709,39.213604],[-84.470532,39.213602]]]}},{"type":"Feature","properties":{"pid":"024500060136"},"geometry":{"type":"Polygon","coordinates":[[[-84.470356,39.213599],[-84.470391,39.213216],[-84.470568,39.213218],[-84.470532,39.213602],[-84.470356,39.213599]]]}},{"type":"Feature","properties":{"pid":"024400030054"},"geometry":{"type":"Polygon","coordinates":[[[-84.467801,39.211969],[-84.467773,39.212217],[-84.467781,39.211969],[-84.467801,39.211969]]]}},{"type":"Feature","properties":{"pid":"024300030018"},"geometry":{"type":"Polygon","coordinates":[[[-84.469594,39.206196],[-84.470264,39.205931],[-84.470336,39.206047],[-84.469661,39.206304],[-84.469594,39.206196]]]}},{"type":"Feature","properties":{"pid":"024300030029"},"geometry":{"type":"Polygon","coordinates":[[[-84.467617,39.206674],[-84.467892,39.206249],[-84.467999,39.206309],[-84.467734,39.206711],[-84.467617,39.206674]]]}},{"type":"Feature","properties":{"pid":"024300030036"},"geometry":{"type":"Polygon","coordinates":[[[-84.467782,39.206188],[-84.468048,39.205769],[-84.468156,39.20584],[-84.467892,39.206249],[-84.467782,39.206188]]]}},{"type":"Feature","properties":{"pid":"024300030102"},"geometry":{"type":"Polygon","coordinates":[[[-84.46777,39.206723],[-84.468032,39.206327],[-84.468218,39.206428],[-84.467965,39.206786],[-84.46777,39.206723]]]}},{"type":"Feature","properties":{"pid":"024000010047"},"geometry":{"type":"Polygon","coordinates":[[[-84.477985,39.197136],[-84.477929,39.197188],[-84.477534,39.196928],[-84.477588,39.196876],[-84.477985,39.197136]]]}},{"type":"Feature","properties":{"pid":"024000010120"},"geometry":{"type":"Polygon","coordinates":[[[-84.477123,39.197955],[-84.477067,39.198008],[-84.476661,39.197743],[-84.476717,39.197691],[-84.477123,39.197955]]]}},{"type":"Feature","properties":{"pid":"023900020063"},"geometry":{"type":"Polygon","coordinates":[[[-84.480228,39.197213],[-84.480051,39.197199],[-84.480082,39.196919],[-84.480181,39.196825],[-84.480279,39.196836],[-84.480228,39.197213]]]}},{"type":"Feature","properties":{"pid":"023900020064"},"geometry":{"type":"Polygon","coordinates":[[[-84.480051,39.197199],[-84.479806,39.19718],[-84.480082,39.196919],[-84.480051,39.197199]]]}},{"type":"Feature","properties":{"pid":"023900020088"},"geometry":{"type":"Polygon","coordinates":[[[-84.481743,39.197814],[-84.481655,39.19781],[-84.481702,39.197466],[-84.48179,39.197473],[-84.481743,39.197814]]]}},{"type":"Feature","properties":{"pid":"024000010002"},"geometry":{"type":"Polygon","coordinates":[[[-84.480624,39.198116],[-84.480463,39.198109],[-84.480497,39.197786],[-84.480646,39.197881],[-84.480624,39.198116]]]}},{"type":"Feature","properties":{"pid":"024000010003"},"geometry":{"type":"Polygon","coordinates":[[[-84.480463,39.198109],[-84.480286,39.198101],[-84.480328,39.197677],[-84.480497,39.197786],[-84.480463,39.198109]]]}},{"type":"Feature","properties":{"pid":"024000010004"},"geometry":{"type":"Polygon","coordinates":[[[-84.480286,39.198101],[-84.48011,39.198093],[-84.480145,39.197766],[-84.480277,39.197645],[-84.480328,39.197677],[-84.480286,39.198101]]]}},{"type":"Feature","properties":{"pid":"024000010007"},"geometry":{"type":"Polygon","coordinates":[[[-84.47862,39.198029],[-84.478152,39.198009],[-84.478328,39.197845],[-84.47862,39.198029]]]}},{"type":"Feature","properties":{"pid":"024000010012"},"geometry":{"type":"Polygon","coordinates":[[[-84.479407,39.197514],[-84.479252,39.197661],[-84.478815,39.197383],[-84.47897,39.197235],[-84.479407,39.197514]]]}},{"type":"Feature","properties":{"pid":"024000010014"},"geometry":{"type":"Polygon","coordinates":[[[-84.479359,39.197304],[-84.479305,39.197355],[-84.479029,39.19718],[-84.479085,39.197126],[-84.479359,39.197304]]]}},{"type":"Feature","properties":{"pid":"024000010030"},"geometry":{"type":"Polygon","coordinates":[[[-84.478504,39.19738],[-84.4781,39.197117],[-84.478221,39.197002],[-84.478629,39.197263],[-84.478504,39.19738]]]}},{"type":"Feature","properties":{"pid":"024000010040"},"geometry":{"type":"Polygon","coordinates":[[[-84.477067,39.198008],[-84.476916,39.198148],[-84.47651,39.197883],[-84.476661,39.197743],[-84.477067,39.198008]]]}},{"type":"Feature","properties":{"pid":"024000010041"},"geometry":{"type":"Polygon","coordinates":[[[-84.477155,39.197925],[-84.477123,39.197955],[-84.476717,39.197691],[-84.476749,39.197661],[-84.477155,39.197925]]]}},{"type":"Feature","properties":{"pid":"024000010042"},"geometry":{"type":"Polygon","coordinates":[[[-84.47735,39.197744],[-84.477235,39.197851],[-84.476827,39.197589],[-84.476943,39.19748],[-84.47735,39.197744]]]}},{"type":"Feature","properties":{"pid":"024000010043"},"geometry":{"type":"Polygon","coordinates":[[[-84.477463,39.197639],[-84.47735,39.197744],[-84.476943,39.19748],[-84.477057,39.197375],[-84.477463,39.197639]]]}},{"type":"Feature","properties":{"pid":"024000010044"},"geometry":{"type":"Polygon","coordinates":[[[-84.477576,39.197534],[-84.477463,39.197639],[-84.477057,39.197375],[-84.47717,39.197269],[-84.477576,39.197534]]]}},{"type":"Feature","properties":{"pid":"024000010045"},"geometry":{"type":"Polygon","coordinates":[[[-84.477689,39.197428],[-84.477576,39.197534],[-84.47717,39.197269],[-84.477295,39.197153],[-84.477689,39.197428]]]}},{"type":"Feature","properties":{"pid":"024000010046"},"geometry":{"type":"Polygon","coordinates":[[[-84.477929,39.197188],[-84.477816,39.197292],[-84.477418,39.197037],[-84.477534,39.196928],[-84.477929,39.197188]]]}},{"type":"Feature","properties":{"pid":"059000810031"},"geometry":{"type":"Polygon","coordinates":[[[-84.474232,39.213231],[-84.47426,39.213114],[-84.474595,39.213143],[-84.474584,39.213253],[-84.474232,39.213231]]]}},{"type":"Feature","properties":{"pid":"023900010055"},"geometry":{"type":"Polygon","coordinates":[[[-84.490744,39.195355],[-84.490926,39.195785],[-84.490872,39.195999],[-84.490168,39.195885],[-84.490187,39.195514],[-84.490744,39.195355]]]}},{"type":"Feature","properties":{"pid":"023900010066"},"geometry":{"type":"Polygon","coordinates":[[[-84.492089,39.196529],[-84.490791,39.196319],[-84.490872,39.195999],[-84.492119,39.1962],[-84.492089,39.196529]]]}},{"type":"Feature","properties":{"pid":"023800050077"},"geometry":{"type":"Polygon","coordinates":[[[-84.49199,39.197639],[-84.492119,39.1962],[-84.493983,39.196834],[-84.494512,39.196901],[-84.494733,39.196741],[-84.49495,39.196922],[-84.493598,39.197899],[-84.49199,39.197639]]]}},{"type":"Feature","properties":{"pid":"023800050070"},"geometry":{"type":"Polygon","coordinates":[[[-84.493983,39.196834],[-84.492119,39.1962],[-84.494542,39.19658],[-84.494733,39.196741],[-84.494512,39.196901],[-84.493983,39.196834]]]}},{"type":"Feature","properties":{"pid":"024000030013"},"geometry":{"type":"Polygon","coordinates":[[[-84.480467,39.193271],[-84.480579,39.193161],[-84.480961,39.193404],[-84.48085,39.193511],[-84.480467,39.193271]]]}},{"type":"Feature","properties":{"pid":"024000030014"},"geometry":{"type":"Polygon","coordinates":[[[-84.480579,39.193161],[-84.480689,39.193053],[-84.481073,39.193298],[-84.480961,39.193404],[-84.480579,39.193161]]]}},{"type":"Feature","properties":{"pid":"024000030015"},"geometry":{"type":"Polygon","coordinates":[[[-84.480689,39.193053],[-84.480799,39.192946],[-84.481185,39.193192],[-84.481073,39.193298],[-84.480689,39.193053]]]}},{"type":"Feature","properties":{"pid":"024000030016"},"geometry":{"type":"Polygon","coordinates":[[[-84.480922,39.192847],[-84.481035,39.192736],[-84.481424,39.192974],[-84.481304,39.19309],[-84.480922,39.192847]]]}},{"type":"Feature","properties":{"pid":"024000030017"},"geometry":{"type":"Polygon","coordinates":[[[-84.481035,39.192736],[-84.481101,39.192673],[-84.481489,39.192911],[-84.481424,39.192974],[-84.481035,39.192736]]]}},{"type":"Feature","properties":{"pid":"059000720068"},"geometry":{"type":"Polygon","coordinates":[[[-84.48602,39.206847],[-84.486049,39.206646],[-84.486136,39.206527],[-84.486201,39.206532],[-84.486155,39.206858],[-84.48602,39.206847]]]}},{"type":"Feature","properties":{"pid":"023900010002"},"geometry":{"type":"Polygon","coordinates":[[[-84.491703,39.195287],[-84.492049,39.195335],[-84.491844,39.196156],[-84.491511,39.196102],[-84.491703,39.195287]]]}},{"type":"Feature","properties":{"pid":"023900010035"},"geometry":{"type":"Polygon","coordinates":[[[-84.491844,39.196156],[-84.492049,39.195335],[-84.492279,39.195355],[-84.492054,39.19619],[-84.491844,39.196156]]]}},{"type":"Feature","properties":{"pid":"023900010036"},"geometry":{"type":"Polygon","coordinates":[[[-84.492133,39.19591],[-84.492649,39.195988],[-84.492574,39.196274],[-84.492054,39.19619],[-84.492133,39.19591]]]}},{"type":"Feature","properties":{"pid":"023900010046"},"geometry":{"type":"Polygon","coordinates":[[[-84.491043,39.195359],[-84.491493,39.195258],[-84.491703,39.195287],[-84.491511,39.196102],[-84.490872,39.195999],[-84.491043,39.195359]]]}},{"type":"Feature","properties":{"pid":"059000810030"},"geometry":{"type":"Polygon","coordinates":[[[-84.47434,39.215315],[-84.474312,39.215588],[-84.474023,39.215547],[-84.473968,39.215489],[-84.47399,39.21527],[-84.47434,39.215315]]]}},{"type":"Feature","properties":{"pid":"059000720031"},"geometry":{"type":"Polygon","coordinates":[[[-84.486224,39.206407],[-84.486136,39.206527],[-84.485785,39.206371],[-84.485872,39.206251],[-84.486224,39.206407]]]}},{"type":"Feature","properties":{"pid":"059000720032"},"geometry":{"type":"Polygon","coordinates":[[[-84.486397,39.206401],[-84.486224,39.206407],[-84.485872,39.206251],[-84.48596,39.206132],[-84.486408,39.206331],[-84.486397,39.206401]]]}},{"type":"Feature","properties":{"pid":"059000720052"},"geometry":{"type":"Polygon","coordinates":[[[-84.489,39.207102],[-84.488786,39.207084],[-84.488853,39.206612],[-84.489048,39.206628],[-84.489,39.207102]]]}},{"type":"Feature","properties":{"pid":"059000720036"},"geometry":{"type":"Polygon","coordinates":[[[-84.486397,39.206401],[-84.486464,39.205929],[-84.48664,39.205944],[-84.486573,39.206416],[-84.486397,39.206401]]]}},{"type":"Feature","properties":{"pid":"059000720033"},"geometry":{"type":"Polygon","coordinates":[[[-84.486408,39.206331],[-84.48596,39.206132],[-84.486047,39.206013],[-84.486429,39.206182],[-84.486408,39.206331]]]}},{"type":"Feature","properties":{"pid":"059000720028"},"geometry":{"type":"Polygon","coordinates":[[[-84.486049,39.206646],[-84.485961,39.206765],[-84.48561,39.206609],[-84.485697,39.20649],[-84.486049,39.206646]]]}},{"type":"Feature","properties":{"pid":"059000720050"},"geometry":{"type":"Polygon","coordinates":[[[-84.488853,39.206612],[-84.488678,39.206597],[-84.488744,39.206124],[-84.48892,39.206139],[-84.488853,39.206612]]]}},{"type":"Feature","properties":{"pid":"024500030087"},"geometry":{"type":"Polygon","coordinates":[[[-84.472258,39.215955],[-84.472434,39.215958],[-84.472398,39.216351],[-84.472221,39.216348],[-84.472258,39.215955]]]}},{"type":"Feature","properties":{"pid":"024500030095"},"geometry":{"type":"Polygon","coordinates":[[[-84.470986,39.216332],[-84.471022,39.215939],[-84.471199,39.215942],[-84.471163,39.216335],[-84.470986,39.216332]]]}},{"type":"Feature","properties":{"pid":"024500060056"},"geometry":{"type":"Polygon","coordinates":[[[-84.470965,39.21465],[-84.47093,39.215033],[-84.470753,39.215031],[-84.470789,39.214647],[-84.470965,39.21465]]]}},{"type":"Feature","properties":{"pid":"024500030136"},"geometry":{"type":"Polygon","coordinates":[[[-84.473152,39.215838],[-84.473175,39.215583],[-84.473317,39.215585],[-84.473293,39.21584],[-84.473152,39.215838]]]}},{"type":"Feature","properties":{"pid":"024500030129"},"geometry":{"type":"Polygon","coordinates":[[[-84.469214,39.215916],[-84.469226,39.21579],[-84.469799,39.215797],[-84.469787,39.215931],[-84.469214,39.215916]]]}},{"type":"Feature","properties":{"pid":"024500060111"},"geometry":{"type":"Polygon","coordinates":[[[-84.470325,39.21412],[-84.470361,39.213737],[-84.470523,39.213739],[-84.470488,39.214122],[-84.470325,39.21412]]]}},{"type":"Feature","properties":{"pid":"059000710090"},"geometry":{"type":"Polygon","coordinates":[[[-84.477789,39.208594],[-84.477614,39.208578],[-84.477657,39.208165],[-84.477832,39.208181],[-84.477789,39.208594]]]}},{"type":"Feature","properties":{"pid":"059000710371"},"geometry":{"type":"Polygon","coordinates":[[[-84.474588,39.20872],[-84.474614,39.208448],[-84.474967,39.208477],[-84.474937,39.20875],[-84.474588,39.20872]]]}},{"type":"Feature","properties":{"pid":"059000710091"},"geometry":{"type":"Polygon","coordinates":[[[-84.477614,39.208578],[-84.477427,39.208561],[-84.47747,39.208148],[-84.477657,39.208165],[-84.477614,39.208578]]]}},{"type":"Feature","properties":{"pid":"059000710282"},"geometry":{"type":"Polygon","coordinates":[[[-84.476821,39.207574],[-84.476648,39.207561],[-84.476689,39.207165],[-84.476859,39.207181],[-84.476821,39.207574]]]}},{"type":"Feature","properties":{"pid":"059000710283"},"geometry":{"type":"Polygon","coordinates":[[[-84.476997,39.207588],[-84.476821,39.207574],[-84.476859,39.207181],[-84.477036,39.207197],[-84.476997,39.207588]]]}},{"type":"Feature","properties":{"pid":"059000710284"},"geometry":{"type":"Polygon","coordinates":[[[-84.47717,39.207601],[-84.476997,39.207588],[-84.477036,39.207197],[-84.47721,39.207213],[-84.47717,39.207601]]]}},{"type":"Feature","properties":{"pid":"059000710285"},"geometry":{"type":"Polygon","coordinates":[[[-84.477347,39.207615],[-84.47717,39.207601],[-84.47721,39.207213],[-84.477382,39.207228],[-84.477347,39.207615]]]}},{"type":"Feature","properties":{"pid":"059000710287"},"geometry":{"type":"Polygon","coordinates":[[[-84.477216,39.207047],[-84.47704,39.207032],[-84.477077,39.206648],[-84.477252,39.206664],[-84.477216,39.207047]]]}},{"type":"Feature","properties":{"pid":"059000710288"},"geometry":{"type":"Polygon","coordinates":[[[-84.47704,39.207032],[-84.476866,39.207017],[-84.476902,39.206631],[-84.477077,39.206648],[-84.47704,39.207032]]]}},{"type":"Feature","properties":{"pid":"059000710289"},"geometry":{"type":"Polygon","coordinates":[[[-84.476866,39.207017],[-84.476694,39.207002],[-84.47673,39.206615],[-84.476902,39.206631],[-84.476866,39.207017]]]}},{"type":"Feature","properties":{"pid":"059000710290"},"geometry":{"type":"Polygon","coordinates":[[[-84.476694,39.207002],[-84.476516,39.206986],[-84.476552,39.206598],[-84.47673,39.206615],[-84.476694,39.207002]]]}},{"type":"Feature","properties":{"pid":"059000710291"},"geometry":{"type":"Polygon","coordinates":[[[-84.476516,39.206986],[-84.476353,39.206971],[-84.476389,39.206583],[-84.476552,39.206598],[-84.476516,39.206986]]]}},{"type":"Feature","properties":{"pid":"059000710292"},"geometry":{"type":"Polygon","coordinates":[[[-84.476178,39.206956],[-84.476189,39.206839],[-84.476356,39.206938],[-84.476353,39.206971],[-84.476178,39.206956]]]}},{"type":"Feature","properties":{"pid":"059000710294"},"geometry":{"type":"Polygon","coordinates":[[[-84.47582,39.206925],[-84.47584,39.206663],[-84.475842,39.206634],[-84.476014,39.206736],[-84.475992,39.20694],[-84.47582,39.206925]]]}},{"type":"Feature","properties":{"pid":"059000710295"},"geometry":{"type":"Polygon","coordinates":[[[-84.4752,39.20687],[-84.475313,39.20675],[-84.475629,39.206776],[-84.475603,39.206905],[-84.4752,39.20687]]]}},{"type":"Feature","properties":{"pid":"059000710296"},"geometry":{"type":"Polygon","coordinates":[[[-84.47583,39.206792],[-84.475629,39.206776],[-84.475313,39.20675],[-84.475426,39.206629],[-84.47584,39.206663],[-84.47583,39.206792]]]}},{"type":"Feature","properties":{"pid":"059000710297"},"geometry":{"type":"Polygon","coordinates":[[[-84.47584,39.206663],[-84.475426,39.206629],[-84.475539,39.206509],[-84.475657,39.206519],[-84.47584,39.206663]]]}},{"type":"Feature","properties":{"pid":"059000710299"},"geometry":{"type":"Polygon","coordinates":[[[-84.476224,39.206439],[-84.475652,39.206388],[-84.475765,39.206268],[-84.476235,39.206311],[-84.476224,39.206439]]]}},{"type":"Feature","properties":{"pid":"059000710300"},"geometry":{"type":"Polygon","coordinates":[[[-84.476235,39.206311],[-84.475765,39.206268],[-84.475878,39.206147],[-84.476246,39.206182],[-84.476235,39.206311]]]}},{"type":"Feature","properties":{"pid":"059000710301"},"geometry":{"type":"Polygon","coordinates":[[[-84.476389,39.206583],[-84.476213,39.206568],[-84.476246,39.206182],[-84.476424,39.206199],[-84.476389,39.206583]]]}},{"type":"Feature","properties":{"pid":"059000710302"},"geometry":{"type":"Polygon","coordinates":[[[-84.476552,39.206598],[-84.476389,39.206583],[-84.476424,39.206199],[-84.476587,39.206215],[-84.476552,39.206598]]]}},{"type":"Feature","properties":{"pid":"059000710303"},"geometry":{"type":"Polygon","coordinates":[[[-84.47673,39.206615],[-84.476552,39.206598],[-84.476587,39.206215],[-84.476766,39.206232],[-84.47673,39.206615]]]}},{"type":"Feature","properties":{"pid":"059000710304"},"geometry":{"type":"Polygon","coordinates":[[[-84.476902,39.206631],[-84.47673,39.206615],[-84.476766,39.206232],[-84.476939,39.206248],[-84.476902,39.206631]]]}},{"type":"Feature","properties":{"pid":"059000710305"},"geometry":{"type":"Polygon","coordinates":[[[-84.477077,39.206648],[-84.476902,39.206631],[-84.476939,39.206248],[-84.477114,39.206265],[-84.477077,39.206648]]]}},{"type":"Feature","properties":{"pid":"059000710318"},"geometry":{"type":"Polygon","coordinates":[[[-84.477687,39.207094],[-84.477577,39.207011],[-84.477651,39.206178],[-84.476905,39.206107],[-84.476289,39.205638],[-84.478576,39.205847],[-84.478447,39.207163],[-84.477687,39.207094]]]}},{"type":"Feature","properties":{"pid":"059000710326"},"geometry":{"type":"Polygon","coordinates":[[[-84.478447,39.207163],[-84.478575,39.205848],[-84.478705,39.205785],[-84.478829,39.205878],[-84.478708,39.207186],[-84.478447,39.207163]]]}},{"type":"Feature","properties":{"pid":"059000710329"},"geometry":{"type":"Polygon","coordinates":[[[-84.480343,39.207335],[-84.480493,39.205446],[-84.481339,39.205523],[-84.481188,39.207411],[-84.480343,39.207335]]]}},{"type":"Feature","properties":{"pid":"024500060037"},"geometry":{"type":"Polygon","coordinates":[[[-84.469262,39.215395],[-84.469274,39.215267],[-84.469847,39.215274],[-84.469836,39.215403],[-84.469262,39.215395]]]}},{"type":"Feature","properties":{"pid":"024500060038"},"geometry":{"type":"Polygon","coordinates":[[[-84.469847,39.215274],[-84.469274,39.215267],[-84.469286,39.215138],[-84.469859,39.215145],[-84.469847,39.215274]]]}},{"type":"Feature","properties":{"pid":"024500060143"},"geometry":{"type":"Polygon","coordinates":[[[-84.469673,39.215017],[-84.469708,39.214633],[-84.469885,39.214636],[-84.469849,39.215019],[-84.469673,39.215017]]]}},{"type":"Feature","properties":{"pid":"024500060065"},"geometry":{"type":"Polygon","coordinates":[[[-84.473494,39.214416],[-84.473706,39.214419],[-84.473694,39.214548],[-84.473482,39.214545],[-84.473494,39.214416]]]}},{"type":"Feature","properties":{"pid":"024500030084"},"geometry":{"type":"Polygon","coordinates":[[[-84.472787,39.215962],[-84.472963,39.215964],[-84.472927,39.216358],[-84.472751,39.216355],[-84.472787,39.215962]]]}},{"type":"Feature","properties":{"pid":"024500030096"},"geometry":{"type":"Polygon","coordinates":[[[-84.47081,39.21633],[-84.470846,39.215937],[-84.471022,39.215939],[-84.470986,39.216332],[-84.47081,39.21633]]]}},{"type":"Feature","properties":{"pid":"024500030101"},"geometry":{"type":"Polygon","coordinates":[[[-84.469964,39.215926],[-84.47014,39.215928],[-84.470104,39.216321],[-84.469927,39.216319],[-84.469964,39.215926]]]}},{"type":"Feature","properties":{"pid":"059000720048"},"geometry":{"type":"Polygon","coordinates":[[[-84.488394,39.206094],[-84.488569,39.206109],[-84.488502,39.206582],[-84.488327,39.206567],[-84.488394,39.206094]]]}},{"type":"Feature","properties":{"pid":"059000720047"},"geometry":{"type":"Polygon","coordinates":[[[-84.488218,39.206079],[-84.488394,39.206094],[-84.488327,39.206567],[-84.488151,39.206552],[-84.488218,39.206079]]]}},{"type":"Feature","properties":{"pid":"059000720046"},"geometry":{"type":"Polygon","coordinates":[[[-84.487976,39.206537],[-84.488043,39.206064],[-84.488218,39.206079],[-84.488151,39.206552],[-84.487976,39.206537]]]}},{"type":"Feature","properties":{"pid":"059000720045"},"geometry":{"type":"Polygon","coordinates":[[[-84.487867,39.206049],[-84.488043,39.206064],[-84.487976,39.206537],[-84.487801,39.206521],[-84.487867,39.206049]]]}},{"type":"Feature","properties":{"pid":"059000720044"},"geometry":{"type":"Polygon","coordinates":[[[-84.487692,39.206034],[-84.487867,39.206049],[-84.487801,39.206521],[-84.487625,39.206506],[-84.487692,39.206034]]]}},{"type":"Feature","properties":{"pid":"059000720043"},"geometry":{"type":"Polygon","coordinates":[[[-84.487517,39.206019],[-84.487692,39.206034],[-84.487625,39.206506],[-84.48745,39.206491],[-84.487517,39.206019]]]}},{"type":"Feature","properties":{"pid":"059000720040"},"geometry":{"type":"Polygon","coordinates":[[[-84.487166,39.205989],[-84.487341,39.206004],[-84.487274,39.206476],[-84.487099,39.206461],[-84.487166,39.205989]]]}},{"type":"Feature","properties":{"pid":"059000720039"},"geometry":{"type":"Polygon","coordinates":[[[-84.48699,39.205974],[-84.487166,39.205989],[-84.487099,39.206461],[-84.486924,39.206446],[-84.48699,39.205974]]]}},{"type":"Feature","properties":{"pid":"059000720038"},"geometry":{"type":"Polygon","coordinates":[[[-84.486815,39.205959],[-84.48699,39.205974],[-84.486924,39.206446],[-84.486748,39.206431],[-84.486815,39.205959]]]}},{"type":"Feature","properties":{"pid":"059000720037"},"geometry":{"type":"Polygon","coordinates":[[[-84.48664,39.205944],[-84.486815,39.205959],[-84.486748,39.206431],[-84.486573,39.206416],[-84.48664,39.205944]]]}},{"type":"Feature","properties":{"pid":"059000720060"},"geometry":{"type":"Polygon","coordinates":[[[-84.487558,39.206979],[-84.487383,39.206964],[-84.48745,39.206491],[-84.487625,39.206506],[-84.487558,39.206979]]]}},{"type":"Feature","properties":{"pid":"059000720059"},"geometry":{"type":"Polygon","coordinates":[[[-84.487734,39.206994],[-84.487558,39.206979],[-84.487625,39.206506],[-84.487801,39.206521],[-84.487734,39.206994]]]}},{"type":"Feature","properties":{"pid":"059000720058"},"geometry":{"type":"Polygon","coordinates":[[[-84.487976,39.206537],[-84.487909,39.207009],[-84.487734,39.206994],[-84.487801,39.206521],[-84.487976,39.206537]]]}},{"type":"Feature","properties":{"pid":"059000720057"},"geometry":{"type":"Polygon","coordinates":[[[-84.488084,39.207024],[-84.487909,39.207009],[-84.487976,39.206537],[-84.488151,39.206552],[-84.488084,39.207024]]]}},{"type":"Feature","properties":{"pid":"059000720056"},"geometry":{"type":"Polygon","coordinates":[[[-84.48826,39.207039],[-84.488084,39.207024],[-84.488151,39.206552],[-84.488327,39.206567],[-84.48826,39.207039]]]}},{"type":"Feature","properties":{"pid":"059000720055"},"geometry":{"type":"Polygon","coordinates":[[[-84.488435,39.207054],[-84.48826,39.207039],[-84.488327,39.206567],[-84.488502,39.206582],[-84.488435,39.207054]]]}},{"type":"Feature","properties":{"pid":"059000720054"},"geometry":{"type":"Polygon","coordinates":[[[-84.488611,39.207069],[-84.488435,39.207054],[-84.488502,39.206582],[-84.488678,39.206597],[-84.488611,39.207069]]]}},{"type":"Feature","properties":{"pid":"059000720053"},"geometry":{"type":"Polygon","coordinates":[[[-84.488786,39.207084],[-84.488611,39.207069],[-84.488678,39.206597],[-84.488853,39.206612],[-84.488786,39.207084]]]}},{"type":"Feature","properties":{"pid":"059000710068"},"geometry":{"type":"Polygon","coordinates":[[[-84.480979,39.208528],[-84.480985,39.208473],[-84.48116,39.20849],[-84.481152,39.208569],[-84.480979,39.208528]]]}},{"type":"Feature","properties":{"pid":"059000710072"},"geometry":{"type":"Polygon","coordinates":[[[-84.480806,39.208488],[-84.480633,39.208448],[-84.480634,39.208441],[-84.480809,39.208457],[-84.480806,39.208488]]]}},{"type":"Feature","properties":{"pid":"059000710201"},"geometry":{"type":"Polygon","coordinates":[[[-84.480566,39.209125],[-84.480738,39.209187],[-84.480729,39.209278],[-84.480552,39.209262],[-84.480566,39.209125]]]}},{"type":"Feature","properties":{"pid":"059000710202"},"geometry":{"type":"Polygon","coordinates":[[[-84.480396,39.209064],[-84.480418,39.208835],[-84.480594,39.208852],[-84.480566,39.209125],[-84.480396,39.209064]]]}},{"type":"Feature","properties":{"pid":"059000710388"},"geometry":{"type":"Polygon","coordinates":[[[-84.480552,39.209262],[-84.480378,39.209246],[-84.480396,39.209064],[-84.480566,39.209125],[-84.480552,39.209262]]]}},{"type":"Feature","properties":{"pid":"059000710415"},"geometry":{"type":"Polygon","coordinates":[[[-84.481152,39.208569],[-84.481119,39.2089],[-84.480769,39.208868],[-84.480806,39.208488],[-84.481152,39.208569]]]}},{"type":"Feature","properties":{"pid":"059000710416"},"geometry":{"type":"Polygon","coordinates":[[[-84.481079,39.209311],[-84.480566,39.209125],[-84.480594,39.208852],[-84.481119,39.2089],[-84.481079,39.209311]]]}},{"type":"Feature","properties":{"pid":"059000710216"},"geometry":{"type":"Polygon","coordinates":[[[-84.477747,39.209004],[-84.477789,39.208594],[-84.47814,39.208628],[-84.478098,39.209038],[-84.477747,39.209004]]]}},{"type":"Feature","properties":{"pid":"059000720171"},"geometry":{"type":"Polygon","coordinates":[[[-84.487235,39.209665],[-84.487231,39.209366],[-84.487663,39.208848],[-84.487816,39.208925],[-84.487235,39.209665]]]}},{"type":"Feature","properties":{"pid":"059000710280"},"geometry":{"type":"Polygon","coordinates":[[[-84.476462,39.207546],[-84.476295,39.207515],[-84.476331,39.207133],[-84.476506,39.207149],[-84.476462,39.207546]]]}},{"type":"Feature","properties":{"pid":"059000710281"},"geometry":{"type":"Polygon","coordinates":[[[-84.476648,39.207561],[-84.476462,39.207546],[-84.476506,39.207149],[-84.476689,39.207165],[-84.476648,39.207561]]]}},{"type":"Feature","properties":{"pid":"059000710422"},"geometry":{"type":"Polygon","coordinates":[[[-84.479037,39.207216],[-84.479199,39.206295],[-84.47969,39.206339],[-84.47968,39.206396],[-84.480189,39.206443],[-84.480037,39.207307],[-84.479037,39.207216]]]}},{"type":"Feature","properties":{"pid":"059000710380"},"geometry":{"type":"Polygon","coordinates":[[[-84.475603,39.206905],[-84.475629,39.206776],[-84.47583,39.206792],[-84.47582,39.206925],[-84.475603,39.206905]]]}},{"type":"Feature","properties":{"pid":"024500060145"},"geometry":{"type":"Polygon","coordinates":[[[-84.473272,39.214542],[-84.473284,39.214414],[-84.473494,39.214416],[-84.473482,39.214545],[-84.473272,39.214542]]]}},{"type":"Feature","properties":{"pid":"024500060157"},"geometry":{"type":"Polygon","coordinates":[[[-84.470343,39.213737],[-84.470325,39.21412],[-84.470149,39.214118],[-84.470184,39.213735],[-84.470343,39.213737]]]}},{"type":"Feature","properties":{"pid":"024500060090"},"geometry":{"type":"Polygon","coordinates":[[[-84.469364,39.2143],[-84.46937,39.214234],[-84.470049,39.214243],[-84.470043,39.214308],[-84.469364,39.2143]]]}},{"type":"Feature","properties":{"pid":"059000710087"},"geometry":{"type":"Polygon","coordinates":[[[-84.478315,39.208642],[-84.47814,39.208628],[-84.478182,39.208214],[-84.478356,39.208239],[-84.478315,39.208642]]]}},{"type":"Feature","properties":{"pid":"059000710088"},"geometry":{"type":"Polygon","coordinates":[[[-84.47814,39.208628],[-84.477964,39.208611],[-84.478007,39.208198],[-84.478182,39.208214],[-84.47814,39.208628]]]}},{"type":"Feature","properties":{"pid":"059000710142"},"geometry":{"type":"Polygon","coordinates":[[[-84.480455,39.210261],[-84.480496,39.209844],[-84.480672,39.20986],[-84.480631,39.210277],[-84.480455,39.210261]]]}},{"type":"Feature","properties":{"pid":"024500060124"},"geometry":{"type":"Polygon","coordinates":[[[-84.472473,39.213627],[-84.472509,39.213244],[-84.472721,39.213246],[-84.472685,39.21363],[-84.472473,39.213627]]]}},{"type":"Feature","properties":{"pid":"024500060122"},"geometry":{"type":"Polygon","coordinates":[[[-84.472862,39.213248],[-84.473038,39.21325],[-84.473003,39.213634],[-84.472824,39.213631],[-84.472862,39.213248]]]}},{"type":"Feature","properties":{"pid":"024500060131"},"geometry":{"type":"Polygon","coordinates":[[[-84.471161,39.21361],[-84.471196,39.213227],[-84.47145,39.21323],[-84.471415,39.213613],[-84.471161,39.21361]]]}},{"type":"Feature","properties":{"pid":"024500060132"},"geometry":{"type":"Polygon","coordinates":[[[-84.471062,39.213609],[-84.471097,39.213225],[-84.471196,39.213227],[-84.471161,39.21361],[-84.471062,39.213609]]]}},{"type":"Feature","properties":{"pid":"024500060165"},"geometry":{"type":"Polygon","coordinates":[[[-84.469755,39.213216],[-84.470038,39.21322],[-84.470015,39.213466],[-84.469733,39.213463],[-84.469755,39.213216]]]}},{"type":"Feature","properties":{"pid":"059000710197"},"geometry":{"type":"Polygon","coordinates":[[[-84.480143,39.209813],[-84.479968,39.209797],[-84.480007,39.20938],[-84.480183,39.209395],[-84.480143,39.209813]]]}},{"type":"Feature","properties":{"pid":"059000710198"},"geometry":{"type":"Polygon","coordinates":[[[-84.480143,39.209813],[-84.480183,39.209395],[-84.480361,39.209411],[-84.48032,39.209828],[-84.480143,39.209813]]]}},{"type":"Feature","properties":{"pid":"059000710199"},"geometry":{"type":"Polygon","coordinates":[[[-84.480496,39.209844],[-84.48032,39.209828],[-84.480361,39.209411],[-84.480537,39.209427],[-84.480496,39.209844]]]}},{"type":"Feature","properties":{"pid":"059000710200"},"geometry":{"type":"Polygon","coordinates":[[[-84.480496,39.209844],[-84.480537,39.209427],[-84.480713,39.209443],[-84.480672,39.20986],[-84.480496,39.209844]]]}},{"type":"Feature","properties":{"pid":"059000710207"},"geometry":{"type":"Polygon","coordinates":[[[-84.479676,39.209183],[-84.479501,39.209167],[-84.479542,39.208755],[-84.479713,39.208815],[-84.479676,39.209183]]]}},{"type":"Feature","properties":{"pid":"059000710208"},"geometry":{"type":"Polygon","coordinates":[[[-84.479501,39.209167],[-84.479325,39.209151],[-84.479366,39.208739],[-84.479542,39.208755],[-84.479501,39.209167]]]}},{"type":"Feature","properties":{"pid":"059000710209"},"geometry":{"type":"Polygon","coordinates":[[[-84.479325,39.209151],[-84.47915,39.209135],[-84.479191,39.208723],[-84.479366,39.208739],[-84.479325,39.209151]]]}},{"type":"Feature","properties":{"pid":"059000710210"},"geometry":{"type":"Polygon","coordinates":[[[-84.47915,39.209135],[-84.478975,39.209119],[-84.479016,39.208707],[-84.479191,39.208723],[-84.47915,39.209135]]]}},{"type":"Feature","properties":{"pid":"023900020023"},"geometry":{"type":"Polygon","coordinates":[[[-84.483096,39.197018],[-84.482393,39.196931],[-84.48241,39.196794],[-84.483123,39.196883],[-84.483096,39.197018]]]}},{"type":"Feature","properties":{"pid":"023900020008"},"geometry":{"type":"Polygon","coordinates":[[[-84.483455,39.197203],[-84.483265,39.197179],[-84.483284,39.197042],[-84.483568,39.19708],[-84.483455,39.197203]]]}},{"type":"Feature","properties":{"pid":"023900020132"},"geometry":{"type":"Polygon","coordinates":[[[-84.482873,39.197346],[-84.483319,39.19741],[-84.483217,39.197521],[-84.482831,39.197464],[-84.482873,39.197346]]]}},{"type":"Feature","properties":{"pid":"023900020079"},"geometry":{"type":"Polygon","coordinates":[[[-84.481736,39.196499],[-84.481568,39.196473],[-84.481602,39.196132],[-84.48177,39.196156],[-84.481736,39.196499]]]}},{"type":"Feature","properties":{"pid":"059000720035"},"geometry":{"type":"Polygon","coordinates":[[[-84.486047,39.206013],[-84.486176,39.20591],[-84.486464,39.205929],[-84.486429,39.206182],[-84.486047,39.206013]]]}},{"type":"Feature","properties":{"pid":"059000720041"},"geometry":{"type":"Polygon","coordinates":[[[-84.487443,39.206491],[-84.487274,39.206476],[-84.487341,39.206004],[-84.48751,39.206019],[-84.487443,39.206491]]]}},{"type":"Feature","properties":{"pid":"059000710232"},"geometry":{"type":"Polygon","coordinates":[[[-84.474937,39.20875],[-84.474952,39.208612],[-84.475124,39.208628],[-84.475111,39.208766],[-84.474937,39.20875]]]}},{"type":"Feature","properties":{"pid":"059000710060"},"geometry":{"type":"Polygon","coordinates":[[[-84.481955,39.209391],[-84.481996,39.208981],[-84.482171,39.208997],[-84.48213,39.209407],[-84.481955,39.209391]]]}},{"type":"Feature","properties":{"pid":"059000710061"},"geometry":{"type":"Polygon","coordinates":[[[-84.48178,39.209375],[-84.48182,39.208965],[-84.481996,39.208981],[-84.481955,39.209391],[-84.48178,39.209375]]]}},{"type":"Feature","properties":{"pid":"059000710062"},"geometry":{"type":"Polygon","coordinates":[[[-84.481429,39.209343],[-84.48147,39.208933],[-84.481645,39.208949],[-84.481604,39.209359],[-84.481429,39.209343]]]}},{"type":"Feature","properties":{"pid":"023900020022"},"geometry":{"type":"Polygon","coordinates":[[[-84.482365,39.197154],[-84.482393,39.196931],[-84.483057,39.197013],[-84.483008,39.197247],[-84.482365,39.197154]]]}},{"type":"Feature","properties":{"pid":"023900020148"},"geometry":{"type":"Polygon","coordinates":[[[-84.482049,39.195862],[-84.482345,39.195905],[-84.482332,39.196014],[-84.482026,39.19597],[-84.482049,39.195862]]]}},{"type":"Feature","properties":{"pid":"023900020027"},"geometry":{"type":"Polygon","coordinates":[[[-84.483104,39.196467],[-84.483174,39.19593],[-84.483349,39.195955],[-84.483279,39.19649],[-84.483104,39.196467]]]}},{"type":"Feature","properties":{"pid":"023900020136"},"geometry":{"type":"Polygon","coordinates":[[[-84.48241,39.196794],[-84.482427,39.196657],[-84.482957,39.196723],[-84.482929,39.196859],[-84.48241,39.196794]]]}},{"type":"Feature","properties":{"pid":"023900020137"},"geometry":{"type":"Polygon","coordinates":[[[-84.48286,39.196567],[-84.482828,39.196707],[-84.482427,39.196657],[-84.482444,39.196521],[-84.48286,39.196567]]]}},{"type":"Feature","properties":{"pid":"023900020147"},"geometry":{"type":"Polygon","coordinates":[[[-84.482358,39.195795],[-84.482345,39.195905],[-84.482039,39.19586],[-84.482051,39.195751],[-84.482358,39.195795]]]}},{"type":"Feature","properties":{"pid":"023900020016"},"geometry":{"type":"Polygon","coordinates":[[[-84.482236,39.198187],[-84.48225,39.198073],[-84.482646,39.198112],[-84.482557,39.198202],[-84.482236,39.198187]]]}},{"type":"Feature","properties":{"pid":"023900020010"},"geometry":{"type":"Polygon","coordinates":[[[-84.483681,39.196957],[-84.483123,39.196883],[-84.483151,39.196747],[-84.483793,39.196833],[-84.483681,39.196957]]]}},{"type":"Feature","properties":{"pid":"024500030092"},"geometry":{"type":"Polygon","coordinates":[[[-84.471517,39.215946],[-84.47164,39.215947],[-84.471604,39.21634],[-84.47148,39.216339],[-84.471517,39.215946]]]}},{"type":"Feature","properties":{"pid":"024500030123"},"geometry":{"type":"Polygon","coordinates":[[[-84.470581,39.215934],[-84.470617,39.21555],[-84.470749,39.215552],[-84.470714,39.215935],[-84.470581,39.215934]]]}},{"type":"Feature","properties":{"pid":"024500030138"},"geometry":{"type":"Polygon","coordinates":[[[-84.469682,39.215538],[-84.469823,39.21554],[-84.469799,39.215797],[-84.469658,39.215795],[-84.469682,39.215538]]]}},{"type":"Feature","properties":{"pid":"024500030131"},"geometry":{"type":"Polygon","coordinates":[[[-84.469238,39.215653],[-84.469249,39.215532],[-84.469682,39.215538],[-84.46967,39.215667],[-84.469238,39.215653]]]}},{"type":"Feature","properties":{"pid":"059000710253"},"geometry":{"type":"Polygon","coordinates":[[[-84.477131,39.207983],[-84.47717,39.207601],[-84.477347,39.207615],[-84.477311,39.208],[-84.477131,39.207983]]]}},{"type":"Feature","properties":{"pid":"059000710254"},"geometry":{"type":"Polygon","coordinates":[[[-84.477131,39.207983],[-84.47696,39.207968],[-84.476997,39.207588],[-84.47717,39.207601],[-84.477131,39.207983]]]}},{"type":"Feature","properties":{"pid":"059000710255"},"geometry":{"type":"Polygon","coordinates":[[[-84.47696,39.207968],[-84.476784,39.207951],[-84.476821,39.207574],[-84.476997,39.207588],[-84.47696,39.207968]]]}},{"type":"Feature","properties":{"pid":"059000710256"},"geometry":{"type":"Polygon","coordinates":[[[-84.476784,39.207951],[-84.476609,39.207935],[-84.476648,39.207561],[-84.476821,39.207574],[-84.476784,39.207951]]]}},{"type":"Feature","properties":{"pid":"059000710257"},"geometry":{"type":"Polygon","coordinates":[[[-84.476609,39.207935],[-84.47644,39.207919],[-84.476479,39.207547],[-84.476648,39.207561],[-84.476609,39.207935]]]}},{"type":"Feature","properties":{"pid":"059000710258"},"geometry":{"type":"Polygon","coordinates":[[[-84.47644,39.207919],[-84.476259,39.207903],[-84.476295,39.207515],[-84.476479,39.207547],[-84.47644,39.207919]]]}},{"type":"Feature","properties":{"pid":"059000710259"},"geometry":{"type":"Polygon","coordinates":[[[-84.476259,39.207903],[-84.476115,39.207889],[-84.476154,39.207503],[-84.476295,39.207515],[-84.476259,39.207903]]]}},{"type":"Feature","properties":{"pid":"059000710417"},"geometry":{"type":"MultiPolygon","coordinates":[[[[-84.480418,39.208835],[-84.480459,39.208425],[-84.480806,39.208488],[-84.480769,39.208868],[-84.480418,39.208835]]],[[[-84.479892,39.208787],[-84.480243,39.208819],[-84.480225,39.209002],[-84.479883,39.208879],[-84.479892,39.208787]]]]}},{"type":"Feature","properties":{"pid":"059000720078"},"geometry":{"type":"Polygon","coordinates":[[[-84.486546,39.206892],[-84.486371,39.206877],[-84.486438,39.206405],[-84.486613,39.20642],[-84.486546,39.206892]]]}},{"type":"Feature","properties":{"pid":"059000720062"},"geometry":{"type":"Polygon","coordinates":[[[-84.487208,39.206948],[-84.487052,39.206935],[-84.487119,39.206463],[-84.487274,39.206476],[-84.487208,39.206948]]]}},{"type":"Feature","properties":{"pid":"059000720064"},"geometry":{"type":"Polygon","coordinates":[[[-84.486857,39.206919],[-84.486711,39.206906],[-84.486778,39.206434],[-84.486924,39.206446],[-84.486857,39.206919]]]}},{"type":"Feature","properties":{"pid":"059000720065"},"geometry":{"type":"Polygon","coordinates":[[[-84.486681,39.206903],[-84.486546,39.206892],[-84.486613,39.20642],[-84.486748,39.206431],[-84.486681,39.206903]]]}},{"type":"Feature","properties":{"pid":"059000720079"},"geometry":{"type":"Polygon","coordinates":[[[-84.486377,39.206547],[-84.48633,39.206873],[-84.486196,39.206862],[-84.486242,39.206536],[-84.486377,39.206547]]]}},{"type":"Feature","properties":{"pid":"059000720223"},"geometry":{"type":"Polygon","coordinates":[[[-84.489421,39.207138],[-84.489,39.207102],[-84.489054,39.206568],[-84.489475,39.206604],[-84.489421,39.207138]]]}},{"type":"Feature","properties":{"pid":"059000710211"},"geometry":{"type":"Polygon","coordinates":[[[-84.478975,39.209119],[-84.478799,39.209103],[-84.478841,39.20869],[-84.479016,39.208707],[-84.478975,39.209119]]]}},{"type":"Feature","properties":{"pid":"059000710089"},"geometry":{"type":"Polygon","coordinates":[[[-84.477964,39.208611],[-84.477807,39.208595],[-84.477849,39.208183],[-84.478007,39.208198],[-84.477964,39.208611]]]}},{"type":"Feature","properties":{"pid":"059000710085"},"geometry":{"type":"Polygon","coordinates":[[[-84.478665,39.208674],[-84.47849,39.208658],[-84.478523,39.208335],[-84.478689,39.208431],[-84.478665,39.208674]]]}},{"type":"Feature","properties":{"pid":"059000710086"},"geometry":{"type":"Polygon","coordinates":[[[-84.47849,39.208658],[-84.478315,39.208642],[-84.478357,39.20823],[-84.478532,39.208246],[-84.47849,39.208658]]]}},{"type":"Feature","properties":{"pid":"059000710408"},"geometry":{"type":"Polygon","coordinates":[[[-84.478857,39.208528],[-84.478523,39.208335],[-84.478532,39.208246],[-84.478882,39.208279],[-84.478857,39.208528]]]}},{"type":"Feature","properties":{"pid":"059002030044"},"geometry":{"type":"Polygon","coordinates":[[[-84.499552,39.203749],[-84.498623,39.203675],[-84.498638,39.203536],[-84.499566,39.203616],[-84.499552,39.203749]]]}},{"type":"Feature","properties":{"pid":"059002030045"},"geometry":{"type":"Polygon","coordinates":[[[-84.499756,39.203632],[-84.498638,39.203536],[-84.498656,39.203369],[-84.499774,39.203464],[-84.499756,39.203632]]]}},{"type":"Feature","properties":{"pid":"066100020631"},"geometry":{"type":"Polygon","coordinates":[[[-84.484548,39.185704],[-84.484608,39.185392],[-84.484818,39.185413],[-84.484758,39.185725],[-84.484548,39.185704]]]}},{"type":"Feature","properties":{"pid":"066100020496"},"geometry":{"type":"Polygon","coordinates":[[[-84.484084,39.185339],[-84.484196,39.185351],[-84.484135,39.185663],[-84.484023,39.185652],[-84.484084,39.185339]]]}},{"type":"Feature","properties":{"pid":"059002030043"},"geometry":{"type":"Polygon","coordinates":[[[-84.49861,39.203814],[-84.498623,39.203675],[-84.499552,39.203749],[-84.499538,39.20389],[-84.49861,39.203814]]]}},{"type":"Feature","properties":{"pid":"059000720091"},"geometry":{"type":"Polygon","coordinates":[[[-84.487052,39.206935],[-84.486877,39.20692],[-84.486944,39.206448],[-84.487119,39.206463],[-84.487052,39.206935]]]}},{"type":"Feature","properties":{"pid":"059000720092"},"geometry":{"type":"Polygon","coordinates":[[[-84.487383,39.206964],[-84.487217,39.206949],[-84.487284,39.206477],[-84.48745,39.206491],[-84.487383,39.206964]]]}},{"type":"Feature","properties":{"pid":"023900020044"},"geometry":{"type":"Polygon","coordinates":[[[-84.481217,39.197781],[-84.481041,39.19777],[-84.481088,39.197418],[-84.481263,39.197432],[-84.481217,39.197781]]]}},{"type":"Feature","properties":{"pid":"023900020045"},"geometry":{"type":"Polygon","coordinates":[[[-84.481041,39.19777],[-84.480865,39.197759],[-84.480912,39.197404],[-84.481088,39.197418],[-84.481041,39.19777]]]}},{"type":"Feature","properties":{"pid":"023900020090"},"geometry":{"type":"Polygon","coordinates":[[[-84.480865,39.197759],[-84.480778,39.197752],[-84.480825,39.197397],[-84.480912,39.197404],[-84.480865,39.197759]]]}},{"type":"Feature","properties":{"pid":"024000010001"},"geometry":{"type":"Polygon","coordinates":[[[-84.480817,39.198125],[-84.480624,39.198116],[-84.480646,39.197881],[-84.480833,39.198002],[-84.480817,39.198125]]]}},{"type":"Feature","properties":{"pid":"059000720130"},"geometry":{"type":"Polygon","coordinates":[[[-84.486816,39.207468],[-84.48732,39.207511],[-84.487327,39.207511],[-84.487119,39.207761],[-84.486734,39.207567],[-84.486816,39.207468]]]}},{"type":"Feature","properties":{"pid":"059000720097"},"geometry":{"type":"Polygon","coordinates":[[[-84.487387,39.207033],[-84.487563,39.207048],[-84.487495,39.207526],[-84.48732,39.207511],[-84.487387,39.207033]]]}},{"type":"Feature","properties":{"pid":"059000720121"},"geometry":{"type":"Polygon","coordinates":[[[-84.487243,39.207021],[-84.487387,39.207033],[-84.48732,39.207511],[-84.486815,39.207468],[-84.487243,39.207021]]]}},{"type":"Feature","properties":{"pid":"024500030108"},"geometry":{"type":"Polygon","coordinates":[[[-84.473305,39.215711],[-84.473317,39.215585],[-84.47339,39.215586],[-84.473378,39.215712],[-84.473305,39.215711]]]}},{"type":"Feature","properties":{"pid":"024500030141"},"geometry":{"type":"Polygon","coordinates":[[[-84.473378,39.215712],[-84.473717,39.215716],[-84.473704,39.215837],[-84.473367,39.215833],[-84.473378,39.215712]]]}},{"type":"Feature","properties":{"pid":"024500030104"},"geometry":{"type":"Polygon","coordinates":[[[-84.46919,39.216178],[-84.469202,39.216047],[-84.469775,39.216054],[-84.469763,39.216185],[-84.46919,39.216178]]]}},{"type":"Feature","properties":{"pid":"024500030085"},"geometry":{"type":"Polygon","coordinates":[[[-84.472611,39.21596],[-84.472787,39.215962],[-84.472751,39.216355],[-84.472574,39.216353],[-84.472611,39.21596]]]}},{"type":"Feature","properties":{"pid":"024500030086"},"geometry":{"type":"Polygon","coordinates":[[[-84.472398,39.216351],[-84.472434,39.215958],[-84.472611,39.21596],[-84.472574,39.216353],[-84.472398,39.216351]]]}},{"type":"Feature","properties":{"pid":"066100020498"},"geometry":{"type":"Polygon","coordinates":[[[-84.483979,39.185329],[-84.483934,39.18556],[-84.483829,39.185549],[-84.483874,39.185318],[-84.483979,39.185329]]]}},{"type":"Feature","properties":{"pid":"066100020499"},"geometry":{"type":"Polygon","coordinates":[[[-84.484023,39.185652],[-84.483813,39.18563],[-84.483829,39.185549],[-84.484039,39.18557],[-84.484023,39.185652]]]}},{"type":"Feature","properties":{"pid":"066100020512"},"geometry":{"type":"Polygon","coordinates":[[[-84.484847,39.185817],[-84.484427,39.185775],[-84.484443,39.185694],[-84.484863,39.185736],[-84.484847,39.185817]]]}},{"type":"Feature","properties":{"pid":"066100020513"},"geometry":{"type":"Polygon","coordinates":[[[-84.484411,39.185857],[-84.484427,39.185775],[-84.484847,39.185817],[-84.484831,39.185899],[-84.484411,39.185857]]]}},{"type":"Feature","properties":{"pid":"066100020514"},"geometry":{"type":"Polygon","coordinates":[[[-84.484815,39.18598],[-84.484396,39.185938],[-84.484411,39.185857],[-84.484831,39.185899],[-84.484815,39.18598]]]}},{"type":"Feature","properties":{"pid":"066100020515"},"geometry":{"type":"Polygon","coordinates":[[[-84.4848,39.186062],[-84.48438,39.186019],[-84.484396,39.185938],[-84.484815,39.18598],[-84.4848,39.186062]]]}},{"type":"Feature","properties":{"pid":"066100020516"},"geometry":{"type":"Polygon","coordinates":[[[-84.484367,39.186085],[-84.48438,39.186019],[-84.4848,39.186062],[-84.484775,39.186188],[-84.484367,39.186085]]]}},{"type":"Feature","properties":{"pid":"066100020517"},"geometry":{"type":"Polygon","coordinates":[[[-84.484443,39.185694],[-84.484396,39.185938],[-84.484367,39.186085],[-84.484265,39.186059],[-84.484338,39.185683],[-84.484443,39.185694]]]}},{"type":"Feature","properties":{"pid":"066100020519"},"geometry":{"type":"Polygon","coordinates":[[[-84.484061,39.186008],[-84.484128,39.185662],[-84.484233,39.185673],[-84.484163,39.186033],[-84.484061,39.186008]]]}},{"type":"Feature","properties":{"pid":"066100020520"},"geometry":{"type":"Polygon","coordinates":[[[-84.483959,39.185982],[-84.484007,39.185733],[-84.484112,39.185743],[-84.484061,39.186008],[-84.483959,39.185982]]]}},{"type":"Feature","properties":{"pid":"066100020521"},"geometry":{"type":"Polygon","coordinates":[[[-84.484112,39.185743],[-84.483797,39.185712],[-84.483813,39.18563],[-84.484128,39.185662],[-84.484112,39.185743]]]}},{"type":"Feature","properties":{"pid":"066100020522"},"geometry":{"type":"Polygon","coordinates":[[[-84.483797,39.185712],[-84.484007,39.185733],[-84.483991,39.185814],[-84.483782,39.185793],[-84.483797,39.185712]]]}},{"type":"Feature","properties":{"pid":"066100020523"},"geometry":{"type":"Polygon","coordinates":[[[-84.483954,39.185981],[-84.483755,39.18593],[-84.483782,39.185793],[-84.483986,39.185814],[-84.483954,39.185981]]]}},{"type":"Feature","properties":{"pid":"059000710079"},"geometry":{"type":"Polygon","coordinates":[[[-84.479717,39.208771],[-84.479542,39.208755],[-84.479582,39.208344],[-84.479758,39.20836],[-84.479717,39.208771]]]}},{"type":"Feature","properties":{"pid":"059000710332"},"geometry":{"type":"Polygon","coordinates":[[[-84.483778,39.207358],[-84.482363,39.207456],[-84.482326,39.207215],[-84.482375,39.207089],[-84.482708,39.20707],[-84.48297,39.206872],[-84.483276,39.206081],[-84.484205,39.206492],[-84.483853,39.206973],[-84.483778,39.207358]]]}},{"type":"Feature","properties":{"pid":"024200030075"},"geometry":{"type":"Polygon","coordinates":[[[-84.476807,39.204329],[-84.475444,39.204225],[-84.475481,39.20373],[-84.475315,39.203731],[-84.476891,39.202551],[-84.47833,39.202704],[-84.476807,39.204329]]]}},{"type":"Feature","properties":{"pid":"024200040004"},"geometry":{"type":"Polygon","coordinates":[[[-84.47852,39.202877],[-84.47829,39.202747],[-84.481826,39.198965],[-84.4824,39.19836],[-84.482737,39.198375],[-84.47852,39.202877]]]}},{"type":"Feature","properties":{"pid":"024200060005"},"geometry":{"type":"Polygon","coordinates":[[[-84.479504,39.20431],[-84.47953,39.203767],[-84.480711,39.203668],[-84.481651,39.203254],[-84.482008,39.203367],[-84.481603,39.203532],[-84.481108,39.203899],[-84.479776,39.204334],[-84.479504,39.20431]]]}},{"type":"Feature","properties":{"pid":"024200060009"},"geometry":{"type":"Polygon","coordinates":[[[-84.475085,39.206012],[-84.474815,39.206301],[-84.474851,39.205925],[-84.475085,39.206012]]]}},{"type":"Feature","properties":{"pid":"024200060012"},"geometry":{"type":"Polygon","coordinates":[[[-84.475542,39.205525],[-84.474927,39.20549],[-84.474907,39.205337],[-84.475256,39.205416],[-84.475542,39.205525]]]}},{"type":"Feature","properties":{"pid":"024200060018"},"geometry":{"type":"Polygon","coordinates":[[[-84.476241,39.204779],[-84.475344,39.204696],[-84.47601,39.204268],[-84.476672,39.204318],[-84.476241,39.204779]]]}},{"type":"Feature","properties":{"pid":"059000710019"},"geometry":{"type":"Polygon","coordinates":[[[-84.480631,39.210277],[-84.480672,39.20986],[-84.480846,39.209876],[-84.480805,39.210293],[-84.480631,39.210277]]]}},{"type":"Feature","properties":{"pid":"059000710020"},"geometry":{"type":"Polygon","coordinates":[[[-84.480672,39.20986],[-84.480713,39.209443],[-84.480887,39.209459],[-84.480846,39.209876],[-84.480672,39.20986]]]}},{"type":"Feature","properties":{"pid":"023900020034"},"geometry":{"type":"Polygon","coordinates":[[[-84.481392,39.197795],[-84.481345,39.198148],[-84.481169,39.19814],[-84.481217,39.197781],[-84.481392,39.197795]]]}},{"type":"Feature","properties":{"pid":"023900020035"},"geometry":{"type":"Polygon","coordinates":[[[-84.481169,39.19814],[-84.481036,39.198134],[-84.481082,39.197774],[-84.481216,39.197784],[-84.481169,39.19814]]]}},{"type":"Feature","properties":{"pid":"023900020036"},"geometry":{"type":"Polygon","coordinates":[[[-84.481036,39.198134],[-84.480904,39.198129],[-84.48095,39.197765],[-84.481082,39.197774],[-84.481036,39.198134]]]}},{"type":"Feature","properties":{"pid":"059000710033"},"geometry":{"type":"Polygon","coordinates":[[[-84.482947,39.210066],[-84.482977,39.209758],[-84.48315,39.2098],[-84.483122,39.210082],[-84.482947,39.210066]]]}},{"type":"Feature","properties":{"pid":"059000710003"},"geometry":{"type":"Polygon","coordinates":[[[-84.483472,39.210114],[-84.483431,39.210531],[-84.483256,39.210515],[-84.483297,39.210098],[-84.483472,39.210114]]]}},{"type":"Feature","properties":{"pid":"066100040182"},"geometry":{"type":"Polygon","coordinates":[[[-84.492651,39.185227],[-84.492771,39.185275],[-84.4926,39.185428],[-84.492501,39.18536],[-84.492651,39.185227]]]}},{"type":"Feature","properties":{"pid":"066100040180"},"geometry":{"type":"Polygon","coordinates":[[[-84.492346,39.185497],[-84.492501,39.18536],[-84.4926,39.185428],[-84.492446,39.185565],[-84.492346,39.185497]]]}},{"type":"Feature","properties":{"pid":"059000720136"},"geometry":{"type":"Polygon","coordinates":[[[-84.486882,39.208045],[-84.486978,39.20793],[-84.487378,39.208132],[-84.487282,39.208247],[-84.486882,39.208045]]]}},{"type":"Feature","properties":{"pid":"024500060063"},"geometry":{"type":"Polygon","coordinates":[[[-84.469321,39.214757],[-84.469696,39.214762],[-84.469684,39.214891],[-84.469309,39.214886],[-84.469321,39.214757]]]}},{"type":"Feature","properties":{"pid":"024500030105"},"geometry":{"type":"Polygon","coordinates":[[[-84.469787,39.215931],[-84.469775,39.216054],[-84.469202,39.216047],[-84.469213,39.215924],[-84.469787,39.215931]]]}},{"type":"Feature","properties":{"pid":"024500030045"},"geometry":{"type":"Polygon","coordinates":[[[-84.47076,39.21686],[-84.470937,39.216863],[-84.470901,39.217256],[-84.470724,39.217253],[-84.47076,39.21686]]]}},{"type":"Feature","properties":{"pid":"024500030044"},"geometry":{"type":"Polygon","coordinates":[[[-84.471113,39.216865],[-84.471077,39.217258],[-84.470901,39.217256],[-84.470937,39.216863],[-84.471113,39.216865]]]}},{"type":"Feature","properties":{"pid":"024500030043"},"geometry":{"type":"Polygon","coordinates":[[[-84.471113,39.216865],[-84.47129,39.216867],[-84.471253,39.21726],[-84.471077,39.217258],[-84.471113,39.216865]]]}},{"type":"Feature","properties":{"pid":"024500030076"},"geometry":{"type":"Polygon","coordinates":[[[-84.469915,39.216456],[-84.469878,39.216849],[-84.469702,39.216847],[-84.469738,39.216454],[-84.469915,39.216456]]]}},{"type":"Feature","properties":{"pid":"024500030071"},"geometry":{"type":"Polygon","coordinates":[[[-84.47062,39.216465],[-84.470584,39.216858],[-84.470408,39.216856],[-84.470444,39.216463],[-84.47062,39.216465]]]}},{"type":"Feature","properties":{"pid":"024500030033"},"geometry":{"type":"Polygon","coordinates":[[[-84.473054,39.21689],[-84.473018,39.217283],[-84.472842,39.217281],[-84.472878,39.216888],[-84.473054,39.21689]]]}},{"type":"Feature","properties":{"pid":"024500030056"},"geometry":{"type":"Polygon","coordinates":[[[-84.473091,39.216497],[-84.473054,39.21689],[-84.472878,39.216888],[-84.472914,39.216495],[-84.473091,39.216497]]]}},{"type":"Feature","properties":{"pid":"024500030117"},"geometry":{"type":"Polygon","coordinates":[[[-84.471728,39.215948],[-84.471552,39.215946],[-84.471587,39.215563],[-84.471764,39.215565],[-84.471728,39.215948]]]}},{"type":"Feature","properties":{"pid":"024500030118"},"geometry":{"type":"Polygon","coordinates":[[[-84.471375,39.215944],[-84.471411,39.21556],[-84.471587,39.215563],[-84.471552,39.215946],[-84.471375,39.215944]]]}},{"type":"Feature","properties":{"pid":"024500030126"},"geometry":{"type":"Polygon","coordinates":[[[-84.47014,39.215928],[-84.470176,39.215544],[-84.470352,39.215547],[-84.470317,39.21593],[-84.47014,39.215928]]]}},{"type":"Feature","properties":{"pid":"024500060039"},"geometry":{"type":"Polygon","coordinates":[[[-84.469298,39.215012],[-84.469871,39.215019],[-84.469859,39.215145],[-84.469286,39.215138],[-84.469298,39.215012]]]}},{"type":"Feature","properties":{"pid":"024500030128"},"geometry":{"type":"Polygon","coordinates":[[[-84.469823,39.21554],[-84.469999,39.215542],[-84.469964,39.215926],[-84.469787,39.215923],[-84.469823,39.21554]]]}},{"type":"Feature","properties":{"pid":"024500030102"},"geometry":{"type":"Polygon","coordinates":[[[-84.469787,39.215923],[-84.469964,39.215926],[-84.469927,39.216319],[-84.469751,39.216316],[-84.469787,39.215923]]]}},{"type":"Feature","properties":{"pid":"024500030098"},"geometry":{"type":"Polygon","coordinates":[[[-84.470493,39.215932],[-84.47067,39.215935],[-84.470633,39.216328],[-84.470457,39.216326],[-84.470493,39.215932]]]}},{"type":"Feature","properties":{"pid":"024500060036"},"geometry":{"type":"Polygon","coordinates":[[[-84.470048,39.215022],[-84.470012,39.215405],[-84.469836,39.215403],[-84.469871,39.215019],[-84.470048,39.215022]]]}},{"type":"Feature","properties":{"pid":"024500060032"},"geometry":{"type":"Polygon","coordinates":[[[-84.470577,39.215029],[-84.470753,39.215031],[-84.470718,39.215414],[-84.470541,39.215412],[-84.470577,39.215029]]]}},{"type":"Feature","properties":{"pid":"024500060061"},"geometry":{"type":"Polygon","coordinates":[[[-84.469871,39.215019],[-84.469907,39.214636],[-84.470083,39.214638],[-84.470048,39.215022],[-84.469871,39.215019]]]}},{"type":"Feature","properties":{"pid":"024500060085"},"geometry":{"type":"Polygon","coordinates":[[[-84.470131,39.214118],[-84.470308,39.21412],[-84.470272,39.214503],[-84.470096,39.214501],[-84.470131,39.214118]]]}},{"type":"Feature","properties":{"pid":"024500060083"},"geometry":{"type":"Polygon","coordinates":[[[-84.470364,39.214121],[-84.470661,39.214125],[-84.470625,39.214508],[-84.470329,39.214504],[-84.470364,39.214121]]]}},{"type":"Feature","properties":{"pid":"024500060113"},"geometry":{"type":"Polygon","coordinates":[[[-84.470167,39.213734],[-84.470131,39.214118],[-84.469955,39.214115],[-84.46999,39.213732],[-84.470167,39.213734]]]}},{"type":"Feature","properties":{"pid":"059000710203"},"geometry":{"type":"Polygon","coordinates":[[[-84.480378,39.209246],[-84.480203,39.20923],[-84.480225,39.209002],[-84.480396,39.209064],[-84.480378,39.209246]]]}},{"type":"Feature","properties":{"pid":"059000710204"},"geometry":{"type":"Polygon","coordinates":[[[-84.480027,39.209214],[-84.480054,39.208941],[-84.480225,39.209002],[-84.480203,39.20923],[-84.480027,39.209214]]]}},{"type":"Feature","properties":{"pid":"059000710205"},"geometry":{"type":"Polygon","coordinates":[[[-84.479852,39.209198],[-84.479883,39.208879],[-84.480054,39.208941],[-84.480027,39.209214],[-84.479852,39.209198]]]}},{"type":"Feature","properties":{"pid":"059000710206"},"geometry":{"type":"Polygon","coordinates":[[[-84.479753,39.208831],[-84.479883,39.208879],[-84.479852,39.209198],[-84.479719,39.209186],[-84.479753,39.208831]]]}},{"type":"Feature","properties":{"pid":"011700020028"},"geometry":{"type":"Polygon","coordinates":[[[-84.477027,39.188636],[-84.476676,39.188587],[-84.476623,39.188538],[-84.476679,39.18801],[-84.476756,39.18796],[-84.477377,39.188044],[-84.47723,39.188727],[-84.477027,39.188636]]]}},{"type":"Feature","properties":{"pid":"024500060139"},"geometry":{"type":"Polygon","coordinates":[[[-84.469442,39.213459],[-84.470015,39.213466],[-84.470003,39.213595],[-84.46943,39.213587],[-84.469442,39.213459]]]}},{"type":"Feature","properties":{"pid":"024500030122"},"geometry":{"type":"Polygon","coordinates":[[[-84.470749,39.215552],[-84.470882,39.215554],[-84.470846,39.215937],[-84.470714,39.215935],[-84.470749,39.215552]]]}},{"type":"Feature","properties":{"pid":"011700040268"},"geometry":{"type":"Polygon","coordinates":[[[-84.484259,39.178778],[-84.4843,39.17928],[-84.484445,39.179757],[-84.484709,39.180201],[-84.484979,39.180502],[-84.484445,39.181503],[-84.483064,39.182178],[-84.482486,39.182383],[-84.481246,39.180674],[-84.482448,39.180542],[-84.48371,39.179795],[-84.484259,39.178778]]]}},{"type":"Feature","properties":{"pid":"011700040266"},"geometry":{"type":"Polygon","coordinates":[[[-84.481789,39.181847],[-84.48206,39.181794],[-84.482486,39.182383],[-84.482391,39.182914],[-84.481541,39.182823],[-84.481693,39.181985],[-84.481789,39.181847]]]}},{"type":"Feature","properties":{"pid":"024500030052"},"geometry":{"type":"Polygon","coordinates":[[[-84.469878,39.216849],[-84.469842,39.217242],[-84.469665,39.21724],[-84.469702,39.216847],[-84.469878,39.216849]]]}},{"type":"Feature","properties":{"pid":"024500030049"},"geometry":{"type":"Polygon","coordinates":[[[-84.470231,39.216854],[-84.470408,39.216856],[-84.470371,39.217249],[-84.470195,39.217247],[-84.470231,39.216854]]]}},{"type":"Feature","properties":{"pid":"059000710002"},"geometry":{"type":"Polygon","coordinates":[[[-84.483431,39.210531],[-84.483472,39.210114],[-84.483575,39.210124],[-84.483629,39.210313],[-84.483606,39.210547],[-84.483431,39.210531]]]}},{"type":"Feature","properties":{"pid":"059000710004"},"geometry":{"type":"Polygon","coordinates":[[[-84.483168,39.210507],[-84.483209,39.21009],[-84.483297,39.210098],[-84.483256,39.210515],[-84.483168,39.210507]]]}},{"type":"Feature","properties":{"pid":"059000710034"},"geometry":{"type":"Polygon","coordinates":[[[-84.483297,39.210098],[-84.483122,39.210082],[-84.48315,39.2098],[-84.483321,39.209865],[-84.483297,39.210098]]]}},{"type":"Feature","properties":{"pid":"059000710074"},"geometry":{"type":"Polygon","coordinates":[[[-84.480418,39.208835],[-84.480243,39.208819],[-84.480283,39.208409],[-84.480459,39.208425],[-84.480418,39.208835]]]}},{"type":"Feature","properties":{"pid":"058200010171"},"geometry":{"type":"Polygon","coordinates":[[[-84.493473,39.182418],[-84.493129,39.182808],[-84.492636,39.18262],[-84.49295,39.182255],[-84.493473,39.182418]]]}},{"type":"Feature","properties":{"pid":"024500030013"},"geometry":{"type":"Polygon","coordinates":[[[-84.471417,39.2174],[-84.471382,39.217779],[-84.471205,39.217778],[-84.471241,39.217397],[-84.471417,39.2174]]]}},{"type":"Feature","properties":{"pid":"024500030021"},"geometry":{"type":"Polygon","coordinates":[[[-84.470182,39.217384],[-84.470146,39.21777],[-84.46997,39.217769],[-84.470006,39.217381],[-84.470182,39.217384]]]}},{"type":"Feature","properties":{"pid":"066100030069"},"geometry":{"type":"Polygon","coordinates":[[[-84.486608,39.182152],[-84.48619,39.18213],[-84.486194,39.182089],[-84.486611,39.182111],[-84.486608,39.182152]]]}},{"type":"Feature","properties":{"pid":"066100030070"},"geometry":{"type":"Polygon","coordinates":[[[-84.486611,39.182111],[-84.486194,39.182089],[-84.486202,39.182007],[-84.486619,39.182029],[-84.486611,39.182111]]]}},{"type":"Feature","properties":{"pid":"066100030071"},"geometry":{"type":"Polygon","coordinates":[[[-84.486619,39.182029],[-84.486202,39.182007],[-84.48621,39.181913],[-84.486627,39.181936],[-84.486619,39.182029]]]}},{"type":"Feature","properties":{"pid":"066100030072"},"geometry":{"type":"Polygon","coordinates":[[[-84.486627,39.181936],[-84.48621,39.181913],[-84.486217,39.181842],[-84.486633,39.181865],[-84.486627,39.181936]]]}},{"type":"Feature","properties":{"pid":"066100030074"},"geometry":{"type":"Polygon","coordinates":[[[-84.486637,39.181823],[-84.486221,39.181801],[-84.486233,39.181678],[-84.486648,39.1817],[-84.486637,39.181823]]]}},{"type":"Feature","properties":{"pid":"066100030075"},"geometry":{"type":"Polygon","coordinates":[[[-84.486648,39.1817],[-84.486233,39.181678],[-84.48624,39.181595],[-84.486655,39.181618],[-84.486648,39.1817]]]}},{"type":"Feature","properties":{"pid":"066100030082"},"geometry":{"type":"Polygon","coordinates":[[[-84.486706,39.181045],[-84.486698,39.181122],[-84.486287,39.181101],[-84.486294,39.181019],[-84.486706,39.181045]]]}},{"type":"Feature","properties":{"pid":"066100030083"},"geometry":{"type":"Polygon","coordinates":[[[-84.486714,39.180963],[-84.486706,39.181045],[-84.486294,39.181019],[-84.486302,39.180937],[-84.486714,39.180963]]]}},{"type":"Feature","properties":{"pid":"066100030084"},"geometry":{"type":"Polygon","coordinates":[[[-84.486723,39.18088],[-84.486714,39.180963],[-84.486302,39.180937],[-84.48631,39.180855],[-84.486723,39.18088]]]}},{"type":"Feature","properties":{"pid":"066100030085"},"geometry":{"type":"Polygon","coordinates":[[[-84.486731,39.180798],[-84.486723,39.18088],[-84.48631,39.180855],[-84.486317,39.180773],[-84.486731,39.180798]]]}},{"type":"Feature","properties":{"pid":"066100030086"},"geometry":{"type":"Polygon","coordinates":[[[-84.486739,39.180715],[-84.486731,39.180798],[-84.486317,39.180773],[-84.486325,39.18069],[-84.486739,39.180715]]]}},{"type":"Feature","properties":{"pid":"066100030087"},"geometry":{"type":"Polygon","coordinates":[[[-84.486747,39.180633],[-84.486739,39.180715],[-84.486325,39.18069],[-84.486333,39.180608],[-84.486747,39.180633]]]}},{"type":"Feature","properties":{"pid":"066100030089"},"geometry":{"type":"Polygon","coordinates":[[[-84.486755,39.18055],[-84.48634,39.180526],[-84.486345,39.180474],[-84.486369,39.180439],[-84.486764,39.180468],[-84.486755,39.18055]]]}},{"type":"Feature","properties":{"pid":"066100030091"},"geometry":{"type":"Polygon","coordinates":[[[-84.48678,39.180303],[-84.486772,39.180386],[-84.486422,39.18036],[-84.486475,39.18028],[-84.48678,39.180303]]]}},{"type":"Feature","properties":{"pid":"066100040160"},"geometry":{"type":"Polygon","coordinates":[[[-84.492319,39.18298],[-84.492543,39.182728],[-84.492686,39.182792],[-84.493129,39.182808],[-84.492788,39.183193],[-84.492319,39.18298]]]}},{"type":"Feature","properties":{"pid":"024500030003"},"geometry":{"type":"Polygon","coordinates":[[[-84.473543,39.217427],[-84.47353,39.217551],[-84.472994,39.217544],[-84.473005,39.21742],[-84.473543,39.217427]]]}},{"type":"Feature","properties":{"pid":"024500030029"},"geometry":{"type":"Polygon","coordinates":[[[-84.473054,39.21689],[-84.473597,39.216897],[-84.473583,39.217028],[-84.473042,39.217021],[-84.473054,39.21689]]]}},{"type":"Feature","properties":{"pid":"024500030031"},"geometry":{"type":"Polygon","coordinates":[[[-84.473623,39.216635],[-84.47361,39.216766],[-84.473208,39.216761],[-84.47322,39.21663],[-84.473623,39.216635]]]}},{"type":"Feature","properties":{"pid":"024500030139"},"geometry":{"type":"Polygon","coordinates":[[[-84.473664,39.216236],[-84.47365,39.216367],[-84.473299,39.216362],[-84.473311,39.216231],[-84.473664,39.216236]]]}},{"type":"Feature","properties":{"pid":"066100030053"},"geometry":{"type":"Polygon","coordinates":[[[-84.48647,39.183611],[-84.486048,39.183567],[-84.486056,39.183485],[-84.48648,39.183511],[-84.48647,39.183611]]]}},{"type":"Feature","properties":{"pid":"066100030054"},"geometry":{"type":"Polygon","coordinates":[[[-84.48648,39.183511],[-84.486056,39.183485],[-84.486065,39.183403],[-84.486488,39.183429],[-84.48648,39.183511]]]}},{"type":"Feature","properties":{"pid":"066100030061"},"geometry":{"type":"Polygon","coordinates":[[[-84.486542,39.182853],[-84.486122,39.182827],[-84.48613,39.182745],[-84.48655,39.18277],[-84.486542,39.182853]]]}},{"type":"Feature","properties":{"pid":"066100030063"},"geometry":{"type":"Polygon","coordinates":[[[-84.486558,39.182687],[-84.486138,39.182662],[-84.486146,39.18258],[-84.486566,39.182605],[-84.486558,39.182687]]]}},{"type":"Feature","properties":{"pid":"066100030122"},"geometry":{"type":"Polygon","coordinates":[[[-84.485893,39.183351],[-84.485886,39.183417],[-84.485463,39.183389],[-84.485469,39.183324],[-84.485893,39.183351]]]}},{"type":"Feature","properties":{"pid":"066100030129"},"geometry":{"type":"Polygon","coordinates":[[[-84.485422,39.183806],[-84.48531,39.183794],[-84.485339,39.183493],[-84.485451,39.183505],[-84.485422,39.183806]]]}},{"type":"Feature","properties":{"pid":"066100030132"},"geometry":{"type":"Polygon","coordinates":[[[-84.485136,39.183468],[-84.485106,39.183773],[-84.485001,39.183762],[-84.485031,39.183462],[-84.485136,39.183468]]]}},{"type":"Feature","properties":{"pid":"066100030134"},"geometry":{"type":"Polygon","coordinates":[[[-84.485457,39.183447],[-84.485035,39.183421],[-84.48504,39.183366],[-84.485462,39.183392],[-84.485457,39.183447]]]}},{"type":"Feature","properties":{"pid":"066100030050"},"geometry":{"type":"Polygon","coordinates":[[[-84.486335,39.183902],[-84.48623,39.183891],[-84.486259,39.183589],[-84.486364,39.1836],[-84.486335,39.183902]]]}},{"type":"Feature","properties":{"pid":"066100030051"},"geometry":{"type":"Polygon","coordinates":[[[-84.48623,39.183891],[-84.486124,39.18388],[-84.486153,39.183578],[-84.486259,39.183589],[-84.48623,39.183891]]]}},{"type":"Feature","properties":{"pid":"066100030055"},"geometry":{"type":"Polygon","coordinates":[[[-84.486488,39.183429],[-84.486065,39.183403],[-84.486073,39.18332],[-84.486496,39.183346],[-84.486488,39.183429]]]}},{"type":"Feature","properties":{"pid":"066100030056"},"geometry":{"type":"Polygon","coordinates":[[[-84.486496,39.183346],[-84.486073,39.18332],[-84.486081,39.183238],[-84.486503,39.183264],[-84.486496,39.183346]]]}},{"type":"Feature","properties":{"pid":"066100030057"},"geometry":{"type":"Polygon","coordinates":[[[-84.486503,39.183264],[-84.486081,39.183238],[-84.486089,39.183156],[-84.486511,39.183181],[-84.486503,39.183264]]]}},{"type":"Feature","properties":{"pid":"066100030058"},"geometry":{"type":"Polygon","coordinates":[[[-84.486511,39.183181],[-84.486089,39.183156],[-84.486101,39.183033],[-84.486523,39.183058],[-84.486511,39.183181]]]}},{"type":"Feature","properties":{"pid":"066100030060"},"geometry":{"type":"Polygon","coordinates":[[[-84.486535,39.182935],[-84.486114,39.182909],[-84.486122,39.182827],[-84.486542,39.182853],[-84.486535,39.182935]]]}},{"type":"Feature","properties":{"pid":"066100030062"},"geometry":{"type":"Polygon","coordinates":[[[-84.48655,39.18277],[-84.48613,39.182745],[-84.486138,39.182662],[-84.486558,39.182687],[-84.48655,39.18277]]]}},{"type":"Feature","properties":{"pid":"066100030119"},"geometry":{"type":"Polygon","coordinates":[[[-84.485913,39.183145],[-84.485488,39.183133],[-84.485497,39.183037],[-84.485921,39.183063],[-84.485913,39.183145]]]}},{"type":"Feature","properties":{"pid":"066100030120"},"geometry":{"type":"Polygon","coordinates":[[[-84.485912,39.183159],[-84.485902,39.183254],[-84.485478,39.183228],[-84.485488,39.183133],[-84.485912,39.183159]]]}},{"type":"Feature","properties":{"pid":"066100030121"},"geometry":{"type":"Polygon","coordinates":[[[-84.485893,39.183351],[-84.485469,39.183324],[-84.485478,39.183228],[-84.485902,39.183254],[-84.485893,39.183351]]]}},{"type":"Feature","properties":{"pid":"066100030123"},"geometry":{"type":"Polygon","coordinates":[[[-84.48588,39.183474],[-84.485457,39.183447],[-84.485463,39.183389],[-84.485886,39.183417],[-84.48588,39.183474]]]}},{"type":"Feature","properties":{"pid":"024500060140"},"geometry":{"type":"Polygon","coordinates":[[[-84.469745,39.213334],[-84.469733,39.213463],[-84.469442,39.213459],[-84.469453,39.21333],[-84.469745,39.213334]]]}},{"type":"Feature","properties":{"pid":"024500030022"},"geometry":{"type":"Polygon","coordinates":[[[-84.470006,39.217381],[-84.46997,39.217769],[-84.469793,39.217768],[-84.469829,39.217379],[-84.470006,39.217381]]]}},{"type":"Feature","properties":{"pid":"024500030130"},"geometry":{"type":"Polygon","coordinates":[[[-84.46967,39.215667],[-84.469658,39.215795],[-84.469226,39.21579],[-84.469237,39.215661],[-84.46967,39.215667]]]}},{"type":"Feature","properties":{"pid":"024500060057"},"geometry":{"type":"Polygon","coordinates":[[[-84.470771,39.214647],[-84.470736,39.215031],[-84.470577,39.215029],[-84.470612,39.214645],[-84.470771,39.214647]]]}},{"type":"Feature","properties":{"pid":"066100030125"},"geometry":{"type":"Polygon","coordinates":[[[-84.485843,39.18385],[-84.485738,39.183839],[-84.485764,39.183566],[-84.48587,39.183576],[-84.485843,39.18385]]]}},{"type":"Feature","properties":{"pid":"066100030126"},"geometry":{"type":"Polygon","coordinates":[[[-84.485719,39.183837],[-84.485632,39.183828],[-84.485662,39.183527],[-84.485873,39.183549],[-84.48587,39.183576],[-84.485746,39.183564],[-84.485719,39.183837]]]}},{"type":"Feature","properties":{"pid":"066100030128"},"geometry":{"type":"Polygon","coordinates":[[[-84.485527,39.183817],[-84.485422,39.183806],[-84.485451,39.183505],[-84.485556,39.183516],[-84.485527,39.183817]]]}},{"type":"Feature","properties":{"pid":"066100030135"},"geometry":{"type":"Polygon","coordinates":[[[-84.485463,39.183389],[-84.48504,39.183366],[-84.485051,39.183257],[-84.485473,39.183283],[-84.485463,39.183389]]]}},{"type":"Feature","properties":{"pid":"066100030137"},"geometry":{"type":"Polygon","coordinates":[[[-84.485464,39.183228],[-84.485056,39.183202],[-84.485066,39.183106],[-84.485474,39.183131],[-84.485464,39.183228]]]}},{"type":"Feature","properties":{"pid":"066100030138"},"geometry":{"type":"Polygon","coordinates":[[[-84.485488,39.183133],[-84.485066,39.183106],[-84.485075,39.183011],[-84.485497,39.183037],[-84.485488,39.183133]]]}},{"type":"Feature","properties":{"pid":"066100030097"},"geometry":{"type":"Polygon","coordinates":[[[-84.486077,39.181501],[-84.485758,39.181479],[-84.485779,39.181399],[-84.486085,39.181419],[-84.486077,39.181501]]]}},{"type":"Feature","properties":{"pid":"066100030100"},"geometry":{"type":"Polygon","coordinates":[[[-84.486053,39.181742],[-84.485697,39.181718],[-84.485717,39.181642],[-84.486061,39.181665],[-84.486053,39.181742]]]}},{"type":"Feature","properties":{"pid":"066100030102"},"geometry":{"type":"Polygon","coordinates":[[[-84.486045,39.181824],[-84.485676,39.181799],[-84.485697,39.181718],[-84.486052,39.181748],[-84.486045,39.181824]]]}},{"type":"Feature","properties":{"pid":"066100030103"},"geometry":{"type":"Polygon","coordinates":[[[-84.486036,39.181912],[-84.485653,39.181886],[-84.485676,39.181799],[-84.486045,39.181824],[-84.486036,39.181912]]]}},{"type":"Feature","properties":{"pid":"066100030104"},"geometry":{"type":"Polygon","coordinates":[[[-84.486028,39.181994],[-84.485633,39.181968],[-84.485653,39.181886],[-84.486036,39.181912],[-84.486028,39.181994]]]}},{"type":"Feature","properties":{"pid":"066100030105"},"geometry":{"type":"Polygon","coordinates":[[[-84.48602,39.182076],[-84.485611,39.182052],[-84.485633,39.181968],[-84.486028,39.181994],[-84.48602,39.182076]]]}},{"type":"Feature","properties":{"pid":"066100030107"},"geometry":{"type":"Polygon","coordinates":[[[-84.486003,39.182241],[-84.485569,39.182216],[-84.48559,39.182134],[-84.486011,39.182159],[-84.486003,39.182241]]]}},{"type":"Feature","properties":{"pid":"066100030108"},"geometry":{"type":"Polygon","coordinates":[[[-84.485995,39.182323],[-84.485673,39.182304],[-84.485548,39.182297],[-84.485569,39.182216],[-84.486003,39.182241],[-84.485995,39.182323]]]}},{"type":"Feature","properties":{"pid":"066100030109"},"geometry":{"type":"Polygon","coordinates":[[[-84.485987,39.182405],[-84.485634,39.182382],[-84.485528,39.182375],[-84.485548,39.182297],[-84.485995,39.182323],[-84.485987,39.182405]]]}},{"type":"Feature","properties":{"pid":"066100030110"},"geometry":{"type":"Polygon","coordinates":[[[-84.485979,39.182488],[-84.485582,39.182464],[-84.485459,39.182457],[-84.485528,39.182375],[-84.485987,39.182405],[-84.485979,39.182488]]]}},{"type":"Feature","properties":{"pid":"066100030112"},"geometry":{"type":"Polygon","coordinates":[[[-84.485963,39.182649],[-84.485329,39.182611],[-84.485393,39.182535],[-84.48597,39.18257],[-84.485963,39.182649]]]}},{"type":"Feature","properties":{"pid":"066100030113"},"geometry":{"type":"Polygon","coordinates":[[[-84.485954,39.182734],[-84.485437,39.182703],[-84.48526,39.182693],[-84.485329,39.182611],[-84.485963,39.182649],[-84.485954,39.182734]]]}},{"type":"Feature","properties":{"pid":"066100030114"},"geometry":{"type":"Polygon","coordinates":[[[-84.485946,39.182816],[-84.485465,39.182788],[-84.485366,39.182782],[-84.485437,39.182703],[-84.485954,39.182734],[-84.485946,39.182816]]]}},{"type":"Feature","properties":{"pid":"066100030115"},"geometry":{"type":"Polygon","coordinates":[[[-84.485216,39.18302],[-84.485075,39.183011],[-84.485083,39.182904],[-84.48526,39.182693],[-84.485437,39.182703],[-84.485224,39.182939],[-84.485216,39.18302]]]}},{"type":"Feature","properties":{"pid":"066100030116"},"geometry":{"type":"Polygon","coordinates":[[[-84.485938,39.182899],[-84.485467,39.182871],[-84.485295,39.182861],[-84.485366,39.182782],[-84.485946,39.182816],[-84.485938,39.182899]]]}},{"type":"Feature","properties":{"pid":"066100030117"},"geometry":{"type":"Polygon","coordinates":[[[-84.485938,39.182899],[-84.48593,39.182981],[-84.485224,39.182939],[-84.485295,39.182861],[-84.485938,39.182899]]]}},{"type":"Feature","properties":{"pid":"066100030118"},"geometry":{"type":"Polygon","coordinates":[[[-84.485921,39.183063],[-84.485216,39.18302],[-84.485224,39.182939],[-84.48593,39.182981],[-84.485921,39.183063]]]}},{"type":"Feature","properties":{"pid":"066100030139"},"geometry":{"type":"Polygon","coordinates":[[[-84.484898,39.183011],[-84.484869,39.183311],[-84.484442,39.18327],[-84.484447,39.18321],[-84.484898,39.183011]]]}},{"type":"Feature","properties":{"pid":"066100030140"},"geometry":{"type":"Polygon","coordinates":[[[-84.484856,39.183442],[-84.484432,39.183397],[-84.484442,39.18327],[-84.484869,39.183311],[-84.484856,39.183442]]]}},{"type":"Feature","properties":{"pid":"066100030141"},"geometry":{"type":"Polygon","coordinates":[[[-84.484826,39.183743],[-84.484721,39.183732],[-84.48475,39.183431],[-84.484856,39.183442],[-84.484826,39.183743]]]}},{"type":"Feature","properties":{"pid":"066100030143"},"geometry":{"type":"Polygon","coordinates":[[[-84.484616,39.183721],[-84.484511,39.18371],[-84.484538,39.183409],[-84.484644,39.18342],[-84.484616,39.183721]]]}},{"type":"Feature","properties":{"pid":"066100030144"},"geometry":{"type":"Polygon","coordinates":[[[-84.484511,39.18371],[-84.484406,39.183699],[-84.484432,39.183397],[-84.484538,39.183409],[-84.484511,39.18371]]]}},{"type":"Feature","properties":{"pid":"066100030130"},"geometry":{"type":"Polygon","coordinates":[[[-84.48531,39.183794],[-84.485197,39.183782],[-84.485227,39.183481],[-84.485339,39.183493],[-84.48531,39.183794]]]}},{"type":"Feature","properties":{"pid":"024500030034"},"geometry":{"type":"Polygon","coordinates":[[[-84.472878,39.216888],[-84.472842,39.217281],[-84.472665,39.217279],[-84.472701,39.216886],[-84.472878,39.216888]]]}},{"type":"Feature","properties":{"pid":"024500030017"},"geometry":{"type":"Polygon","coordinates":[[[-84.470711,39.217391],[-84.470676,39.217774],[-84.470499,39.217773],[-84.470535,39.217388],[-84.470711,39.217391]]]}},{"type":"Feature","properties":{"pid":"024500030012"},"geometry":{"type":"Polygon","coordinates":[[[-84.471594,39.217402],[-84.471559,39.21778],[-84.471382,39.217779],[-84.471417,39.2174],[-84.471594,39.217402]]]}},{"type":"Feature","properties":{"pid":"024500030008"},"geometry":{"type":"Polygon","coordinates":[[[-84.472299,39.217411],[-84.472265,39.217785],[-84.472088,39.217784],[-84.472123,39.217409],[-84.472299,39.217411]]]}},{"type":"Feature","properties":{"pid":"024500030007"},"geometry":{"type":"Polygon","coordinates":[[[-84.472476,39.217414],[-84.472441,39.217787],[-84.472265,39.217785],[-84.472299,39.217411],[-84.472476,39.217414]]]}},{"type":"Feature","properties":{"pid":"024500030075"},"geometry":{"type":"Polygon","coordinates":[[[-84.470055,39.216851],[-84.469878,39.216849],[-84.469915,39.216456],[-84.470091,39.216458],[-84.470055,39.216851]]]}},{"type":"Feature","properties":{"pid":"024500030074"},"geometry":{"type":"Polygon","coordinates":[[[-84.470268,39.21646],[-84.470231,39.216854],[-84.470055,39.216851],[-84.470091,39.216458],[-84.470268,39.21646]]]}},{"type":"Feature","properties":{"pid":"024500030070"},"geometry":{"type":"Polygon","coordinates":[[[-84.470797,39.216467],[-84.47076,39.21686],[-84.470584,39.216858],[-84.47062,39.216465],[-84.470797,39.216467]]]}},{"type":"Feature","properties":{"pid":"024500030067"},"geometry":{"type":"Polygon","coordinates":[[[-84.47115,39.216472],[-84.471113,39.216865],[-84.47099,39.216863],[-84.471026,39.21647],[-84.47115,39.216472]]]}},{"type":"Feature","properties":{"pid":"024500030137"},"geometry":{"type":"Polygon","coordinates":[[[-84.471326,39.216474],[-84.47129,39.216867],[-84.471149,39.216865],[-84.471185,39.216472],[-84.471326,39.216474]]]}},{"type":"Feature","properties":{"pid":"024500030065"},"geometry":{"type":"Polygon","coordinates":[[[-84.471503,39.216476],[-84.471466,39.21687],[-84.47129,39.216867],[-84.471326,39.216474],[-84.471503,39.216476]]]}},{"type":"Feature","properties":{"pid":"024500030064"},"geometry":{"type":"Polygon","coordinates":[[[-84.471503,39.216476],[-84.471679,39.216479],[-84.471643,39.216872],[-84.471466,39.21687],[-84.471503,39.216476]]]}},{"type":"Feature","properties":{"pid":"024500030063"},"geometry":{"type":"Polygon","coordinates":[[[-84.471856,39.216481],[-84.471819,39.216874],[-84.471643,39.216872],[-84.471679,39.216479],[-84.471856,39.216481]]]}},{"type":"Feature","properties":{"pid":"024500030062"},"geometry":{"type":"Polygon","coordinates":[[[-84.472032,39.216483],[-84.471996,39.216876],[-84.471819,39.216874],[-84.471856,39.216481],[-84.472032,39.216483]]]}},{"type":"Feature","properties":{"pid":"024500030061"},"geometry":{"type":"Polygon","coordinates":[[[-84.472209,39.216486],[-84.472172,39.216879],[-84.471996,39.216876],[-84.472032,39.216483],[-84.472209,39.216486]]]}},{"type":"Feature","properties":{"pid":"024500030060"},"geometry":{"type":"Polygon","coordinates":[[[-84.472385,39.216488],[-84.472349,39.216881],[-84.472172,39.216879],[-84.472209,39.216486],[-84.472385,39.216488]]]}},{"type":"Feature","properties":{"pid":"024500030059"},"geometry":{"type":"Polygon","coordinates":[[[-84.472561,39.21649],[-84.472525,39.216883],[-84.472349,39.216881],[-84.472385,39.216488],[-84.472561,39.21649]]]}},{"type":"Feature","properties":{"pid":"024500030058"},"geometry":{"type":"Polygon","coordinates":[[[-84.472738,39.216492],[-84.472701,39.216886],[-84.472525,39.216883],[-84.472561,39.21649],[-84.472738,39.216492]]]}},{"type":"Feature","properties":{"pid":"024500030057"},"geometry":{"type":"Polygon","coordinates":[[[-84.472914,39.216495],[-84.472878,39.216888],[-84.472701,39.216886],[-84.472738,39.216492],[-84.472914,39.216495]]]}},{"type":"Feature","properties":{"pid":"024500060001"},"geometry":{"type":"Polygon","coordinates":[[[-84.473329,39.212917],[-84.474002,39.212925],[-84.473966,39.213262],[-84.473268,39.213253],[-84.473329,39.212917]]]}},{"type":"Feature","properties":{"pid":"024500030146"},"geometry":{"type":"Polygon","coordinates":[[[-84.473583,39.217028],[-84.473557,39.21729],[-84.473018,39.217283],[-84.473042,39.217021],[-84.473583,39.217028]]]}},{"type":"Feature","properties":{"pid":"024500060015"},"geometry":{"type":"Polygon","coordinates":[[[-84.473745,39.215453],[-84.473012,39.215444],[-84.473083,39.214677],[-84.473821,39.214687],[-84.473745,39.215453]]]}},{"type":"Feature","properties":{"pid":"024500030030"},"geometry":{"type":"Polygon","coordinates":[[[-84.47361,39.216766],[-84.473597,39.216897],[-84.473054,39.21689],[-84.473067,39.216759],[-84.47361,39.216766]]]}},{"type":"Feature","properties":{"pid":"024500030081"},"geometry":{"type":"Polygon","coordinates":[[[-84.473677,39.216105],[-84.473664,39.216236],[-84.473116,39.216229],[-84.473128,39.216098],[-84.473677,39.216105]]]}},{"type":"Feature","properties":{"pid":"024500030025"},"geometry":{"type":"Polygon","coordinates":[[[-84.46964,39.217508],[-84.469628,39.217639],[-84.469055,39.217632],[-84.469067,39.2175],[-84.46964,39.217508]]]}},{"type":"Feature","properties":{"pid":"024500030026"},"geometry":{"type":"Polygon","coordinates":[[[-84.469653,39.217377],[-84.46964,39.217508],[-84.469067,39.2175],[-84.469079,39.217369],[-84.469653,39.217377]]]}},{"type":"Feature","properties":{"pid":"024500030077"},"geometry":{"type":"Polygon","coordinates":[[[-84.46914,39.216708],[-84.469714,39.216716],[-84.469702,39.216847],[-84.469128,39.216839],[-84.46914,39.216708]]]}},{"type":"Feature","properties":{"pid":"024500030054"},"geometry":{"type":"Polygon","coordinates":[[[-84.46969,39.216978],[-84.469677,39.217109],[-84.469104,39.217101],[-84.469116,39.21697],[-84.46969,39.216978]]]}},{"type":"Feature","properties":{"pid":"024500030078"},"geometry":{"type":"Polygon","coordinates":[[[-84.469726,39.216585],[-84.469714,39.216716],[-84.46914,39.216708],[-84.469153,39.216577],[-84.469726,39.216585]]]}},{"type":"Feature","properties":{"pid":"024500030110"},"geometry":{"type":"Polygon","coordinates":[[[-84.472787,39.215962],[-84.472823,39.215579],[-84.472999,39.215581],[-84.472963,39.215964],[-84.472787,39.215962]]]}},{"type":"Feature","properties":{"pid":"024500030111"},"geometry":{"type":"Polygon","coordinates":[[[-84.472611,39.21596],[-84.472646,39.215576],[-84.472823,39.215579],[-84.472787,39.215962],[-84.472611,39.21596]]]}},{"type":"Feature","properties":{"pid":"024500030112"},"geometry":{"type":"Polygon","coordinates":[[[-84.472434,39.215958],[-84.47247,39.215574],[-84.472646,39.215576],[-84.472611,39.21596],[-84.472434,39.215958]]]}},{"type":"Feature","properties":{"pid":"024500030113"},"geometry":{"type":"Polygon","coordinates":[[[-84.472258,39.215955],[-84.472293,39.215572],[-84.47247,39.215574],[-84.472434,39.215958],[-84.472258,39.215955]]]}},{"type":"Feature","properties":{"pid":"024500030114"},"geometry":{"type":"Polygon","coordinates":[[[-84.472081,39.215953],[-84.472117,39.21557],[-84.472293,39.215572],[-84.472258,39.215955],[-84.472081,39.215953]]]}},{"type":"Feature","properties":{"pid":"024500030115"},"geometry":{"type":"Polygon","coordinates":[[[-84.47194,39.215567],[-84.472117,39.21557],[-84.472081,39.215953],[-84.471905,39.215951],[-84.47194,39.215567]]]}},{"type":"Feature","properties":{"pid":"024500030116"},"geometry":{"type":"Polygon","coordinates":[[[-84.471728,39.215948],[-84.471764,39.215565],[-84.47194,39.215567],[-84.471905,39.215951],[-84.471728,39.215948]]]}},{"type":"Feature","properties":{"pid":"024500030119"},"geometry":{"type":"Polygon","coordinates":[[[-84.471199,39.215942],[-84.471234,39.215558],[-84.471411,39.21556],[-84.471375,39.215944],[-84.471199,39.215942]]]}},{"type":"Feature","properties":{"pid":"024500030120"},"geometry":{"type":"Polygon","coordinates":[[[-84.471022,39.215939],[-84.471058,39.215556],[-84.471234,39.215558],[-84.471199,39.215942],[-84.471022,39.215939]]]}},{"type":"Feature","properties":{"pid":"024500030121"},"geometry":{"type":"Polygon","coordinates":[[[-84.471058,39.215556],[-84.471022,39.215939],[-84.470846,39.215937],[-84.470882,39.215554],[-84.471058,39.215556]]]}},{"type":"Feature","properties":{"pid":"024500030124"},"geometry":{"type":"Polygon","coordinates":[[[-84.470493,39.215932],[-84.470529,39.215549],[-84.470617,39.21555],[-84.470581,39.215934],[-84.470493,39.215932]]]}},{"type":"Feature","properties":{"pid":"024500030127"},"geometry":{"type":"Polygon","coordinates":[[[-84.47014,39.215928],[-84.469964,39.215926],[-84.469999,39.215542],[-84.470176,39.215544],[-84.47014,39.215928]]]}},{"type":"Feature","properties":{"pid":"024500030088"},"geometry":{"type":"Polygon","coordinates":[[[-84.472081,39.215953],[-84.472258,39.215955],[-84.472221,39.216348],[-84.472045,39.216346],[-84.472081,39.215953]]]}},{"type":"Feature","properties":{"pid":"024500030089"},"geometry":{"type":"Polygon","coordinates":[[[-84.471905,39.215951],[-84.472081,39.215953],[-84.472045,39.216346],[-84.471868,39.216344],[-84.471905,39.215951]]]}},{"type":"Feature","properties":{"pid":"024500030090"},"geometry":{"type":"Polygon","coordinates":[[[-84.471728,39.215948],[-84.471905,39.215951],[-84.471868,39.216344],[-84.471692,39.216342],[-84.471728,39.215948]]]}},{"type":"Feature","properties":{"pid":"024500030094"},"geometry":{"type":"Polygon","coordinates":[[[-84.471199,39.215942],[-84.471375,39.215944],[-84.471339,39.216337],[-84.471163,39.216335],[-84.471199,39.215942]]]}},{"type":"Feature","properties":{"pid":"024500030051"},"geometry":{"type":"Polygon","coordinates":[[[-84.470055,39.216851],[-84.470018,39.217244],[-84.469842,39.217242],[-84.469878,39.216849],[-84.470055,39.216851]]]}},{"type":"Feature","properties":{"pid":"024500030050"},"geometry":{"type":"Polygon","coordinates":[[[-84.470018,39.217244],[-84.470055,39.216851],[-84.470231,39.216854],[-84.470195,39.217247],[-84.470018,39.217244]]]}},{"type":"Feature","properties":{"pid":"024500030046"},"geometry":{"type":"Polygon","coordinates":[[[-84.47076,39.21686],[-84.470724,39.217253],[-84.470548,39.217251],[-84.470584,39.216858],[-84.47076,39.21686]]]}},{"type":"Feature","properties":{"pid":"024500030042"},"geometry":{"type":"Polygon","coordinates":[[[-84.471466,39.21687],[-84.47143,39.217263],[-84.471253,39.21726],[-84.47129,39.216867],[-84.471466,39.21687]]]}},{"type":"Feature","properties":{"pid":"024500030041"},"geometry":{"type":"Polygon","coordinates":[[[-84.471643,39.216872],[-84.471606,39.217265],[-84.47143,39.217263],[-84.471466,39.21687],[-84.471643,39.216872]]]}},{"type":"Feature","properties":{"pid":"024500030040"},"geometry":{"type":"Polygon","coordinates":[[[-84.471819,39.216874],[-84.471783,39.217267],[-84.471606,39.217265],[-84.471643,39.216872],[-84.471819,39.216874]]]}},{"type":"Feature","properties":{"pid":"024500030039"},"geometry":{"type":"Polygon","coordinates":[[[-84.471996,39.216876],[-84.471959,39.21727],[-84.471783,39.217267],[-84.471819,39.216874],[-84.471996,39.216876]]]}},{"type":"Feature","properties":{"pid":"024500030038"},"geometry":{"type":"Polygon","coordinates":[[[-84.472172,39.216879],[-84.472136,39.217272],[-84.471959,39.21727],[-84.471996,39.216876],[-84.472172,39.216879]]]}},{"type":"Feature","properties":{"pid":"024500030037"},"geometry":{"type":"Polygon","coordinates":[[[-84.472349,39.216881],[-84.472312,39.217274],[-84.472136,39.217272],[-84.472172,39.216879],[-84.472349,39.216881]]]}},{"type":"Feature","properties":{"pid":"024500030036"},"geometry":{"type":"Polygon","coordinates":[[[-84.472525,39.216883],[-84.472489,39.217276],[-84.472312,39.217274],[-84.472349,39.216881],[-84.472525,39.216883]]]}},{"type":"Feature","properties":{"pid":"024500030035"},"geometry":{"type":"Polygon","coordinates":[[[-84.472701,39.216886],[-84.472665,39.217279],[-84.472489,39.217276],[-84.472525,39.216883],[-84.472701,39.216886]]]}},{"type":"Feature","properties":{"pid":"024500050175"},"geometry":{"type":"Polygon","coordinates":[[[-84.465849,39.213152],[-84.465708,39.213151],[-84.465716,39.212739],[-84.465857,39.21274],[-84.465849,39.213152]]]}},{"type":"Feature","properties":{"pid":"024500050071"},"geometry":{"type":"Polygon","coordinates":[[[-84.465998,39.212742],[-84.46601,39.212345],[-84.466185,39.212351],[-84.466175,39.212744],[-84.465998,39.212742]]]}},{"type":"Feature","properties":{"pid":"024500050081"},"geometry":{"type":"Polygon","coordinates":[[[-84.465708,39.213151],[-84.465531,39.213149],[-84.465541,39.212737],[-84.465716,39.212739],[-84.465708,39.213151]]]}},{"type":"Feature","properties":{"pid":"059000720112"},"geometry":{"type":"Polygon","coordinates":[[[-84.487671,39.207541],[-84.487738,39.207063],[-84.487914,39.207078],[-84.487846,39.207556],[-84.487671,39.207541]]]}},{"type":"Feature","properties":{"pid":"024400060059"},"geometry":{"type":"Polygon","coordinates":[[[-84.490563,39.215727],[-84.490978,39.215216],[-84.490512,39.214669],[-84.490673,39.214472],[-84.491724,39.214568],[-84.492777,39.215075],[-84.492618,39.216567],[-84.491721,39.216283],[-84.490563,39.215727]]]}},{"type":"Feature","properties":{"pid":"024400060072"},"geometry":{"type":"Polygon","coordinates":[[[-84.490563,39.215727],[-84.490978,39.215216],[-84.490512,39.214669],[-84.490673,39.214472],[-84.491724,39.214568],[-84.492777,39.215075],[-84.492618,39.216567],[-84.491721,39.216283],[-84.490563,39.215727]]]}},{"type":"Feature","properties":{"pid":"024400060074"},"geometry":{"type":"Polygon","coordinates":[[[-84.490563,39.215727],[-84.490978,39.215216],[-84.490512,39.214669],[-84.490673,39.214472],[-84.491724,39.214568],[-84.492777,39.215075],[-84.492618,39.216567],[-84.491721,39.216283],[-84.490563,39.215727]]]}},{"type":"Feature","properties":{"pid":"024400060071"},"geometry":{"type":"Polygon","coordinates":[[[-84.490563,39.215727],[-84.490978,39.215216],[-84.490512,39.214669],[-84.490673,39.214472],[-84.491724,39.214568],[-84.492777,39.215075],[-84.492618,39.216567],[-84.491721,39.216283],[-84.490563,39.215727]]]}},{"type":"Feature","properties":{"pid":"024400060061"},"geometry":{"type":"Polygon","coordinates":[[[-84.490563,39.215727],[-84.490978,39.215216],[-84.490512,39.214669],[-84.490673,39.214472],[-84.491724,39.214568],[-84.492777,39.215075],[-84.492618,39.216567],[-84.491721,39.216283],[-84.490563,39.215727]]]}},{"type":"Feature","properties":{"pid":"024400060077"},"geometry":{"type":"Polygon","coordinates":[[[-84.490563,39.215727],[-84.490978,39.215216],[-84.490512,39.214669],[-84.490673,39.214472],[-84.491724,39.214568],[-84.492777,39.215075],[-84.492618,39.216567],[-84.491721,39.216283],[-84.490563,39.215727]]]}},{"type":"Feature","properties":{"pid":"024400060068"},"geometry":{"type":"Polygon","coordinates":[[[-84.490563,39.215727],[-84.490978,39.215216],[-84.490512,39.214669],[-84.490673,39.214472],[-84.491724,39.214568],[-84.492777,39.215075],[-84.492618,39.216567],[-84.491721,39.216283],[-84.490563,39.215727]]]}},{"type":"Feature","properties":{"pid":"024400060056"},"geometry":{"type":"Polygon","coordinates":[[[-84.490563,39.215727],[-84.490978,39.215216],[-84.490512,39.214669],[-84.490673,39.214472],[-84.491724,39.214568],[-84.492777,39.215075],[-84.492618,39.216567],[-84.491721,39.216283],[-84.490563,39.215727]]]}},{"type":"Feature","properties":{"pid":"024400060057"},"geometry":{"type":"Polygon","coordinates":[[[-84.490563,39.215727],[-84.490978,39.215216],[-84.490512,39.214669],[-84.490673,39.214472],[-84.491724,39.214568],[-84.492777,39.215075],[-84.492618,39.216567],[-84.491721,39.216283],[-84.490563,39.215727]]]}},{"type":"Feature","properties":{"pid":"024400060062"},"geometry":{"type":"Polygon","coordinates":[[[-84.490563,39.215727],[-84.490978,39.215216],[-84.490512,39.214669],[-84.490673,39.214472],[-84.491724,39.214568],[-84.492777,39.215075],[-84.492618,39.216567],[-84.491721,39.216283],[-84.490563,39.215727]]]}},{"type":"Feature","properties":{"pid":"024400060060"},"geometry":{"type":"Polygon","coordinates":[[[-84.490563,39.215727],[-84.490978,39.215216],[-84.490512,39.214669],[-84.490673,39.214472],[-84.491724,39.214568],[-84.492777,39.215075],[-84.492618,39.216567],[-84.491721,39.216283],[-84.490563,39.215727]]]}},{"type":"Feature","properties":{"pid":"024400060063"},"geometry":{"type":"Polygon","coordinates":[[[-84.490563,39.215727],[-84.490978,39.215216],[-84.490512,39.214669],[-84.490673,39.214472],[-84.491724,39.214568],[-84.492777,39.215075],[-84.492618,39.216567],[-84.491721,39.216283],[-84.490563,39.215727]]]}},{"type":"Feature","properties":{"pid":"024400060066"},"geometry":{"type":"Polygon","coordinates":[[[-84.490563,39.215727],[-84.490978,39.215216],[-84.490512,39.214669],[-84.490673,39.214472],[-84.491724,39.214568],[-84.492777,39.215075],[-84.492618,39.216567],[-84.491721,39.216283],[-84.490563,39.215727]]]}},{"type":"Feature","properties":{"pid":"024400060076"},"geometry":{"type":"Polygon","coordinates":[[[-84.490563,39.215727],[-84.490978,39.215216],[-84.490512,39.214669],[-84.490673,39.214472],[-84.491724,39.214568],[-84.492777,39.215075],[-84.492618,39.216567],[-84.491721,39.216283],[-84.490563,39.215727]]]}},{"type":"Feature","properties":{"pid":"024400060065"},"geometry":{"type":"Polygon","coordinates":[[[-84.490563,39.215727],[-84.490978,39.215216],[-84.490512,39.214669],[-84.490673,39.214472],[-84.491724,39.214568],[-84.492777,39.215075],[-84.492618,39.216567],[-84.491721,39.216283],[-84.490563,39.215727]]]}},{"type":"Feature","properties":{"pid":"024400060080"},"geometry":{"type":"Polygon","coordinates":[[[-84.490563,39.215727],[-84.490978,39.215216],[-84.490512,39.214669],[-84.490673,39.214472],[-84.491724,39.214568],[-84.492777,39.215075],[-84.492618,39.216567],[-84.491721,39.216283],[-84.490563,39.215727]]]}},{"type":"Feature","properties":{"pid":"024400060079"},"geometry":{"type":"Polygon","coordinates":[[[-84.490563,39.215727],[-84.490978,39.215216],[-84.490512,39.214669],[-84.490673,39.214472],[-84.491724,39.214568],[-84.492777,39.215075],[-84.492618,39.216567],[-84.491721,39.216283],[-84.490563,39.215727]]]}},{"type":"Feature","properties":{"pid":"024400060078"},"geometry":{"type":"Polygon","coordinates":[[[-84.490563,39.215727],[-84.490978,39.215216],[-84.490512,39.214669],[-84.490673,39.214472],[-84.491724,39.214568],[-84.492777,39.215075],[-84.492618,39.216567],[-84.491721,39.216283],[-84.490563,39.215727]]]}},{"type":"Feature","properties":{"pid":"024400060075"},"geometry":{"type":"Polygon","coordinates":[[[-84.490563,39.215727],[-84.490978,39.215216],[-84.490512,39.214669],[-84.490673,39.214472],[-84.491724,39.214568],[-84.492777,39.215075],[-84.492618,39.216567],[-84.491721,39.216283],[-84.490563,39.215727]]]}},{"type":"Feature","properties":{"pid":"024400060081"},"geometry":{"type":"Polygon","coordinates":[[[-84.490563,39.215727],[-84.490978,39.215216],[-84.490512,39.214669],[-84.490673,39.214472],[-84.491724,39.214568],[-84.492777,39.215075],[-84.492618,39.216567],[-84.491721,39.216283],[-84.490563,39.215727]]]}},{"type":"Feature","properties":{"pid":"024400060058"},"geometry":{"type":"Polygon","coordinates":[[[-84.490563,39.215727],[-84.490978,39.215216],[-84.490512,39.214669],[-84.490673,39.214472],[-84.491724,39.214568],[-84.492777,39.215075],[-84.492618,39.216567],[-84.491721,39.216283],[-84.490563,39.215727]]]}},{"type":"Feature","properties":{"pid":"024400060070"},"geometry":{"type":"Polygon","coordinates":[[[-84.490563,39.215727],[-84.490978,39.215216],[-84.490512,39.214669],[-84.490673,39.214472],[-84.491724,39.214568],[-84.492777,39.215075],[-84.492618,39.216567],[-84.491721,39.216283],[-84.490563,39.215727]]]}},{"type":"Feature","properties":{"pid":"024400060073"},"geometry":{"type":"Polygon","coordinates":[[[-84.490563,39.215727],[-84.490978,39.215216],[-84.490512,39.214669],[-84.490673,39.214472],[-84.491724,39.214568],[-84.492777,39.215075],[-84.492618,39.216567],[-84.491721,39.216283],[-84.490563,39.215727]]]}},{"type":"Feature","properties":{"pid":"024400060069"},"geometry":{"type":"Polygon","coordinates":[[[-84.490563,39.215727],[-84.490978,39.215216],[-84.490512,39.214669],[-84.490673,39.214472],[-84.491724,39.214568],[-84.492777,39.215075],[-84.492618,39.216567],[-84.491721,39.216283],[-84.490563,39.215727]]]}},{"type":"Feature","properties":{"pid":"024400060067"},"geometry":{"type":"Polygon","coordinates":[[[-84.490563,39.215727],[-84.490978,39.215216],[-84.490512,39.214669],[-84.490673,39.214472],[-84.491724,39.214568],[-84.492777,39.215075],[-84.492618,39.216567],[-84.491721,39.216283],[-84.490563,39.215727]]]}},{"type":"Feature","properties":{"pid":"024400060064"},"geometry":{"type":"Polygon","coordinates":[[[-84.490563,39.215727],[-84.490978,39.215216],[-84.490512,39.214669],[-84.490673,39.214472],[-84.491724,39.214568],[-84.492777,39.215075],[-84.492618,39.216567],[-84.491721,39.216283],[-84.490563,39.215727]]]}},{"type":"Feature","properties":{"pid":"024400050017"},"geometry":{"type":"Polygon","coordinates":[[[-84.47301,39.21186],[-84.473049,39.211444],[-84.473226,39.21145],[-84.473186,39.211865],[-84.47301,39.21186]]]}},{"type":"Feature","properties":{"pid":"024500050078"},"geometry":{"type":"Polygon","coordinates":[[[-84.465991,39.213154],[-84.465998,39.212742],[-84.466175,39.212744],[-84.466165,39.213155],[-84.465991,39.213154]]]}},{"type":"Feature","properties":{"pid":"059000720149"},"geometry":{"type":"Polygon","coordinates":[[[-84.487301,39.207542],[-84.487327,39.207511],[-84.487624,39.207537],[-84.487738,39.207931],[-84.487596,39.207972],[-84.487301,39.207542]]]}},{"type":"Feature","properties":{"pid":"024400050001"},"geometry":{"type":"Polygon","coordinates":[[[-84.47327,39.211867],[-84.473235,39.212281],[-84.472793,39.212275],[-84.472829,39.211856],[-84.47327,39.211867]]]}},{"type":"Feature","properties":{"pid":"024400050090"},"geometry":{"type":"Polygon","coordinates":[[[-84.473305,39.211453],[-84.474098,39.211483],[-84.474032,39.212256],[-84.47399,39.212278],[-84.473236,39.212268],[-84.473305,39.211453]]]}},{"type":"Feature","properties":{"pid":"059000720210"},"geometry":{"type":"Polygon","coordinates":[[[-84.488278,39.20793],[-84.488291,39.207594],[-84.48832,39.207596],[-84.488278,39.20793]]]}},{"type":"Feature","properties":{"pid":"059000720101"},"geometry":{"type":"Polygon","coordinates":[[[-84.487563,39.207048],[-84.487738,39.207063],[-84.487671,39.207541],[-84.487495,39.207526],[-84.487563,39.207048]]]}},{"type":"Feature","properties":{"pid":"024400060027"},"geometry":{"type":"Polygon","coordinates":[[[-84.488439,39.214751],[-84.488763,39.214298],[-84.488914,39.214312],[-84.488564,39.214802],[-84.488439,39.214751]]]}},{"type":"Feature","properties":{"pid":"024400060022"},"geometry":{"type":"Polygon","coordinates":[[[-84.488626,39.214827],[-84.48899,39.214319],[-84.489481,39.214363],[-84.488994,39.21499],[-84.488626,39.214827]]]}},{"type":"Feature","properties":{"pid":"024400060023"},"geometry":{"type":"Polygon","coordinates":[[[-84.488994,39.21499],[-84.489378,39.214497],[-84.49009,39.214929],[-84.489742,39.215355],[-84.488994,39.21499]]]}},{"type":"Feature","properties":{"pid":"024500050174"},"geometry":{"type":"Polygon","coordinates":[[[-84.465991,39.213154],[-84.465849,39.213152],[-84.465857,39.21274],[-84.465998,39.212742],[-84.465991,39.213154]]]}},{"type":"Feature","properties":{"pid":"059000720151"},"geometry":{"type":"Polygon","coordinates":[[[-84.487904,39.207561],[-84.488098,39.207577],[-84.488084,39.207926],[-84.48789,39.207921],[-84.487904,39.207561]]]}},{"type":"Feature","properties":{"pid":"024400060091"},"geometry":{"type":"Polygon","coordinates":[[[-84.474838,39.209911],[-84.476076,39.210025],[-84.475934,39.211781],[-84.474326,39.211702],[-84.474415,39.21055],[-84.474784,39.210572],[-84.474838,39.209911]]]}},{"type":"Feature","properties":{"pid":"024400060054"},"geometry":{"type":"Polygon","coordinates":[[[-84.474326,39.211702],[-84.475934,39.211781],[-84.475837,39.212982],[-84.475367,39.212804],[-84.474809,39.212483],[-84.474328,39.212301],[-84.474326,39.211702]]]}},{"type":"Feature","properties":{"pid":"024400060028"},"geometry":{"type":"Polygon","coordinates":[[[-84.474069,39.212962],[-84.474176,39.211884],[-84.474312,39.211891],[-84.474333,39.212304],[-84.475666,39.212926],[-84.476151,39.213064],[-84.476658,39.213141],[-84.476649,39.213196],[-84.474069,39.212962]]]}},{"type":"Feature","properties":{"pid":"024400060052"},"geometry":{"type":"Polygon","coordinates":[[[-84.475953,39.211552],[-84.478008,39.211741],[-84.47778,39.213243],[-84.47649,39.213123],[-84.475837,39.212982],[-84.475953,39.211552]]]}},{"type":"Feature","properties":{"pid":"024400060021"},"geometry":{"type":"Polygon","coordinates":[[[-84.476076,39.210025],[-84.478238,39.210223],[-84.478008,39.211741],[-84.475953,39.211552],[-84.476076,39.210025]]]}},{"type":"Feature","properties":{"pid":"024400060097"},"geometry":{"type":"Polygon","coordinates":[[[-84.478238,39.210223],[-84.483133,39.210673],[-84.483064,39.211131],[-84.483284,39.211742],[-84.484361,39.211842],[-84.48414,39.213233],[-84.484334,39.213836],[-84.47778,39.213243],[-84.478238,39.210223]]]}},{"type":"Feature","properties":{"pid":"024500050073"},"geometry":{"type":"Polygon","coordinates":[[[-84.465822,39.21274],[-84.465646,39.212738],[-84.465655,39.212332],[-84.465832,39.212338],[-84.465822,39.21274]]]}},{"type":"Feature","properties":{"pid":"059000720135"},"geometry":{"type":"Polygon","coordinates":[[[-84.486759,39.208192],[-84.486882,39.208045],[-84.487282,39.208247],[-84.48712,39.208406],[-84.486759,39.208192]]]}},{"type":"Feature","properties":{"pid":"024500060009"},"geometry":{"type":"Polygon","coordinates":[[[-84.471746,39.212799],[-84.471775,39.212418],[-84.471879,39.212419],[-84.471803,39.213234],[-84.471254,39.213227],[-84.471277,39.212975],[-84.471543,39.212978],[-84.471562,39.212781],[-84.471746,39.212799]]]}},{"type":"Feature","properties":{"pid":"024500060170"},"geometry":{"type":"Polygon","coordinates":[[[-84.470891,39.213079],[-84.471267,39.213082],[-84.471254,39.213227],[-84.470877,39.213222],[-84.470891,39.213079]]]}},{"type":"Feature","properties":{"pid":"066100020382"},"geometry":{"type":"Polygon","coordinates":[[[-84.484358,39.183986],[-84.484137,39.183962],[-84.484168,39.183807],[-84.484388,39.183831],[-84.484358,39.183986]]]}},{"type":"Feature","properties":{"pid":"066100020383"},"geometry":{"type":"Polygon","coordinates":[[[-84.48433,39.184125],[-84.48411,39.184101],[-84.484137,39.183962],[-84.484358,39.183986],[-84.48433,39.184125]]]}},{"type":"Feature","properties":{"pid":"059000810001"},"geometry":{"type":"Polygon","coordinates":[[[-84.475107,39.217174],[-84.475265,39.217182],[-84.475315,39.217494],[-84.475573,39.217749],[-84.475052,39.217723],[-84.475107,39.217174]]]}},{"type":"Feature","properties":{"pid":"059000810002"},"geometry":{"type":"Polygon","coordinates":[[[-84.475107,39.217174],[-84.475052,39.217723],[-84.474792,39.217709],[-84.474847,39.217161],[-84.475107,39.217174]]]}},{"type":"Feature","properties":{"pid":"059000810003"},"geometry":{"type":"Polygon","coordinates":[[[-84.474792,39.217709],[-84.474616,39.2177],[-84.474672,39.217152],[-84.474847,39.217161],[-84.474792,39.217709]]]}},{"type":"Feature","properties":{"pid":"011700040260"},"geometry":{"type":"Polygon","coordinates":[[[-84.480146,39.180763],[-84.480162,39.180599],[-84.481054,39.180695],[-84.481246,39.180674],[-84.481866,39.18153],[-84.481682,39.181611],[-84.481707,39.181671],[-84.481619,39.181744],[-84.480146,39.180763]]]}},{"type":"Feature","properties":{"pid":"011700040262"},"geometry":{"type":"Polygon","coordinates":[[[-84.479689,39.182418],[-84.481367,39.182597],[-84.481305,39.182936],[-84.47993,39.182789],[-84.479948,39.182623],[-84.479668,39.182593],[-84.479689,39.182418]]]}},{"type":"Feature","properties":{"pid":"059000810007"},"geometry":{"type":"Polygon","coordinates":[[[-84.473808,39.21697],[-84.473812,39.216901],[-84.474129,39.216917],[-84.474122,39.216986],[-84.473808,39.21697]]]}},{"type":"Feature","properties":{"pid":"059000810008"},"geometry":{"type":"Polygon","coordinates":[[[-84.473814,39.216901],[-84.473825,39.216777],[-84.474141,39.216794],[-84.474129,39.216917],[-84.473814,39.216901]]]}},{"type":"Feature","properties":{"pid":"059000810015"},"geometry":{"type":"Polygon","coordinates":[[[-84.474859,39.217024],[-84.474915,39.216475],[-84.475359,39.216498],[-84.475138,39.217038],[-84.474859,39.217024]]]}},{"type":"Feature","properties":{"pid":"059000810017"},"geometry":{"type":"Polygon","coordinates":[[[-84.475508,39.215873],[-84.475782,39.215908],[-84.475534,39.216508],[-84.475266,39.216493],[-84.475508,39.215873]]]}},{"type":"Feature","properties":{"pid":"059000810018"},"geometry":{"type":"Polygon","coordinates":[[[-84.474915,39.216475],[-84.474983,39.215805],[-84.475508,39.215873],[-84.475266,39.216493],[-84.474915,39.216475]]]}},{"type":"Feature","properties":{"pid":"011700040271"},"geometry":{"type":"Polygon","coordinates":[[[-84.480146,39.180763],[-84.481619,39.181744],[-84.481486,39.181943],[-84.481367,39.182597],[-84.479689,39.182418],[-84.479759,39.181753],[-84.480039,39.181783],[-84.480146,39.180763]]]}},{"type":"Feature","properties":{"pid":"059000810023"},"geometry":{"type":"Polygon","coordinates":[[[-84.474578,39.21632],[-84.474564,39.216458],[-84.473861,39.216421],[-84.473875,39.216284],[-84.474578,39.21632]]]}},{"type":"Feature","properties":{"pid":"059000810026"},"geometry":{"type":"Polygon","coordinates":[[[-84.474459,39.216093],[-84.474495,39.215741],[-84.474634,39.215759],[-84.4746,39.2161],[-84.474459,39.216093]]]}},{"type":"Feature","properties":{"pid":"059000810027"},"geometry":{"type":"Polygon","coordinates":[[[-84.474401,39.215968],[-84.474426,39.215732],[-84.474495,39.215741],[-84.474471,39.215972],[-84.474401,39.215968]]]}},{"type":"Feature","properties":{"pid":"059000810029"},"geometry":{"type":"Polygon","coordinates":[[[-84.474401,39.215968],[-84.473911,39.215943],[-84.473938,39.215669],[-84.474426,39.215732],[-84.474401,39.215968]]]}},{"type":"Feature","properties":{"pid":"059000810072"},"geometry":{"type":"Polygon","coordinates":[[[-84.474584,39.213253],[-84.474595,39.213143],[-84.475104,39.21319],[-84.475088,39.213298],[-84.474584,39.213253]]]}},{"type":"Feature","properties":{"pid":"059000810073"},"geometry":{"type":"Polygon","coordinates":[[[-84.475228,39.213311],[-84.475244,39.213202],[-84.475612,39.213236],[-84.475596,39.213345],[-84.475228,39.213311]]]}},{"type":"Feature","properties":{"pid":"059000810116"},"geometry":{"type":"Polygon","coordinates":[[[-84.475596,39.213345],[-84.475612,39.213236],[-84.47598,39.213269],[-84.475964,39.213378],[-84.475596,39.213345]]]}},{"type":"Feature","properties":{"pid":"059000810117"},"geometry":{"type":"Polygon","coordinates":[[[-84.476139,39.213394],[-84.476156,39.213285],[-84.476523,39.213318],[-84.476507,39.213428],[-84.476139,39.213394]]]}},{"type":"Feature","properties":{"pid":"059000810166"},"geometry":{"type":"Polygon","coordinates":[[[-84.476507,39.213428],[-84.476523,39.213318],[-84.476892,39.213352],[-84.476875,39.213461],[-84.476507,39.213428]]]}},{"type":"Feature","properties":{"pid":"059000810167"},"geometry":{"type":"Polygon","coordinates":[[[-84.477051,39.213477],[-84.477067,39.213368],[-84.477435,39.213401],[-84.477419,39.21351],[-84.477051,39.213477]]]}},{"type":"Feature","properties":{"pid":"059000810217"},"geometry":{"type":"Polygon","coordinates":[[[-84.477419,39.21351],[-84.477435,39.213401],[-84.477803,39.213435],[-84.477787,39.213544],[-84.477419,39.21351]]]}},{"type":"Feature","properties":{"pid":"023900020012"},"geometry":{"type":"Polygon","coordinates":[[[-84.483966,39.196644],[-84.483913,39.196701],[-84.483269,39.196612],[-84.483274,39.196549],[-84.483966,39.196644]]]}},{"type":"Feature","properties":{"pid":"023900020150"},"geometry":{"type":"Polygon","coordinates":[[[-84.484117,39.196478],[-84.484072,39.196473],[-84.48413,39.195979],[-84.484568,39.195983],[-84.484117,39.196478]]]}},{"type":"Feature","properties":{"pid":"023900020154"},"geometry":{"type":"Polygon","coordinates":[[[-84.484072,39.196473],[-84.483908,39.196455],[-84.483963,39.195977],[-84.48413,39.195979],[-84.484072,39.196473]]]}},{"type":"Feature","properties":{"pid":"023900020011"},"geometry":{"type":"Polygon","coordinates":[[[-84.483257,39.196761],[-84.483269,39.196612],[-84.483913,39.196701],[-84.483793,39.196833],[-84.483257,39.196761]]]}},{"type":"Feature","properties":{"pid":"023900020015"},"geometry":{"type":"Polygon","coordinates":[[[-84.483385,39.196481],[-84.483453,39.195965],[-84.483803,39.195975],[-84.483743,39.196433],[-84.483645,39.196419],[-84.483632,39.196516],[-84.483385,39.196481]]]}},{"type":"Feature","properties":{"pid":"023900020089"},"geometry":{"type":"Polygon","coordinates":[[[-84.483743,39.196433],[-84.483803,39.195975],[-84.483963,39.195977],[-84.483908,39.196455],[-84.483743,39.196433]]]}},{"type":"Feature","properties":{"pid":"023900020140"},"geometry":{"type":"Polygon","coordinates":[[[-84.482948,39.196652],[-84.48286,39.196567],[-84.482887,39.196439],[-84.483279,39.19649],[-84.483257,39.196761],[-84.482932,39.19672],[-84.482948,39.196652]]]}},{"type":"Feature","properties":{"pid":"023900020083"},"geometry":{"type":"Polygon","coordinates":[[[-84.481046,39.196392],[-84.480871,39.196365],[-84.480892,39.196162],[-84.481016,39.196049],[-84.481081,39.196058],[-84.481046,39.196392]]]}},{"type":"Feature","properties":{"pid":"023900020013"},"geometry":{"type":"Polygon","coordinates":[[[-84.484019,39.196586],[-84.483966,39.196644],[-84.483274,39.196549],[-84.483279,39.19649],[-84.484019,39.196586]]]}},{"type":"Feature","properties":{"pid":"023900020009"},"geometry":{"type":"Polygon","coordinates":[[[-84.483568,39.19708],[-84.483096,39.197018],[-84.483123,39.196883],[-84.483681,39.196957],[-84.483568,39.19708]]]}},{"type":"Feature","properties":{"pid":"059000810263"},"geometry":{"type":"Polygon","coordinates":[[[-84.47444,39.217691],[-84.474496,39.217143],[-84.474672,39.217152],[-84.474616,39.2177],[-84.47444,39.217691]]]}},{"type":"Feature","properties":{"pid":"059000810502"},"geometry":{"type":"Polygon","coordinates":[[[-84.474828,39.216118],[-84.474861,39.215789],[-84.474983,39.215805],[-84.47495,39.216133],[-84.474828,39.216118]]]}},{"type":"Feature","properties":{"pid":"023900020075"},"geometry":{"type":"Polygon","coordinates":[[[-84.482271,39.196582],[-84.482085,39.196553],[-84.482122,39.196206],[-84.482306,39.196232],[-84.482271,39.196582]]]}},{"type":"Feature","properties":{"pid":"023900020085"},"geometry":{"type":"Polygon","coordinates":[[[-84.482332,39.196014],[-84.482306,39.196232],[-84.482002,39.196189],[-84.482026,39.19597],[-84.482332,39.196014]]]}},{"type":"Feature","properties":{"pid":"023900020087"},"geometry":{"type":"Polygon","coordinates":[[[-84.481616,39.196134],[-84.481016,39.196049],[-84.481436,39.195664],[-84.481666,39.195697],[-84.481616,39.196134]]]}},{"type":"Feature","properties":{"pid":"023900020149"},"geometry":{"type":"Polygon","coordinates":[[[-84.48177,39.196156],[-84.481616,39.196134],[-84.481666,39.195697],[-84.481837,39.195721],[-84.48177,39.196156]]]}},{"type":"Feature","properties":{"pid":"023900020007"},"geometry":{"type":"Polygon","coordinates":[[[-84.483414,39.197306],[-84.483251,39.197282],[-84.483265,39.197179],[-84.483502,39.197209],[-84.483414,39.197306]]]}},{"type":"Feature","properties":{"pid":"023900020017"},"geometry":{"type":"Polygon","coordinates":[[[-84.48225,39.198073],[-84.482267,39.197937],[-84.48275,39.198009],[-84.482646,39.198112],[-84.48225,39.198073]]]}},{"type":"Feature","properties":{"pid":"023900020018"},"geometry":{"type":"Polygon","coordinates":[[[-84.48275,39.198009],[-84.482267,39.197937],[-84.482301,39.197663],[-84.482991,39.197769],[-84.48275,39.198009]]]}},{"type":"Feature","properties":{"pid":"023900020019"},"geometry":{"type":"Polygon","coordinates":[[[-84.482318,39.197527],[-84.482885,39.197611],[-84.483106,39.197644],[-84.482991,39.197769],[-84.482301,39.197663],[-84.482318,39.197527]]]}},{"type":"Feature","properties":{"pid":"023900020133"},"geometry":{"type":"Polygon","coordinates":[[[-84.483234,39.197398],[-84.482907,39.197351],[-84.482942,39.197237],[-84.483251,39.197282],[-84.483234,39.197398]]]}},{"type":"Feature","properties":{"pid":"023900020028"},"geometry":{"type":"Polygon","coordinates":[[[-84.483104,39.196467],[-84.48293,39.196444],[-84.483,39.195905],[-84.483174,39.19593],[-84.483104,39.196467]]]}},{"type":"Feature","properties":{"pid":"023900020134"},"geometry":{"type":"Polygon","coordinates":[[[-84.48253,39.195837],[-84.482783,39.195874],[-84.482744,39.196188],[-84.48249,39.196151],[-84.48253,39.195837]]]}},{"type":"Feature","properties":{"pid":"023900020135"},"geometry":{"type":"Polygon","coordinates":[[[-84.482917,39.196213],[-84.482744,39.196188],[-84.482783,39.195874],[-84.482958,39.195899],[-84.482917,39.196213]]]}},{"type":"Feature","properties":{"pid":"023900020138"},"geometry":{"type":"Polygon","coordinates":[[[-84.482461,39.196384],[-84.48249,39.196151],[-84.482917,39.196213],[-84.482887,39.196439],[-84.482461,39.196384]]]}},{"type":"Feature","properties":{"pid":"059000810310"},"geometry":{"type":"Polygon","coordinates":[[[-84.480152,39.213759],[-84.479785,39.213725],[-84.479803,39.213604],[-84.480169,39.213635],[-84.480152,39.213759]]]}},{"type":"Feature","properties":{"pid":"024000030084"},"geometry":{"type":"Polygon","coordinates":[[[-84.477756,39.19258],[-84.478001,39.192119],[-84.478354,39.192149],[-84.478023,39.192713],[-84.477756,39.19258]]]}},{"type":"Feature","properties":{"pid":"024000030090"},"geometry":{"type":"Polygon","coordinates":[[[-84.47941,39.193648],[-84.479711,39.193843],[-84.479658,39.193893],[-84.479525,39.193805],[-84.479469,39.193859],[-84.479303,39.19375],[-84.47941,39.193648]]]}},{"type":"Feature","properties":{"pid":"024200020051"},"geometry":{"type":"Polygon","coordinates":[[[-84.475873,39.1982],[-84.475404,39.197992],[-84.475618,39.197788],[-84.475999,39.197957],[-84.475873,39.1982]]]}},{"type":"Feature","properties":{"pid":"024000030037"},"geometry":{"type":"Polygon","coordinates":[[[-84.477794,39.193138],[-84.480018,39.191042],[-84.480102,39.191095],[-84.481043,39.190223],[-84.481255,39.190105],[-84.482026,39.19057],[-84.480815,39.191715],[-84.480918,39.191779],[-84.480606,39.192077],[-84.480297,39.192298],[-84.479081,39.193445],[-84.479055,39.193428],[-84.478688,39.19371],[-84.477794,39.193138]]]}},{"type":"Feature","properties":{"pid":"024000030011"},"geometry":{"type":"Polygon","coordinates":[[[-84.480357,39.193378],[-84.480412,39.193325],[-84.480794,39.193564],[-84.480738,39.193617],[-84.480357,39.193378]]]}},{"type":"Feature","properties":{"pid":"024000030023"},"geometry":{"type":"Polygon","coordinates":[[[-84.480232,39.193082],[-84.48054,39.192781],[-84.480608,39.192824],[-84.4803,39.193125],[-84.480232,39.193082]]]}},{"type":"Feature","properties":{"pid":"024000010118"},"geometry":{"type":"Polygon","coordinates":[[[-84.478602,39.196639],[-84.478708,39.196706],[-84.47848,39.196919],[-84.478379,39.196853],[-84.478602,39.196639]]]}},{"type":"Feature","properties":{"pid":"024000010028"},"geometry":{"type":"Polygon","coordinates":[[[-84.477874,39.197331],[-84.478043,39.19717],[-84.478449,39.197432],[-84.478281,39.19759],[-84.477874,39.197331]]]}},{"type":"Feature","properties":{"pid":"024000010025"},"geometry":{"type":"Polygon","coordinates":[[[-84.477941,39.197592],[-84.478149,39.197728],[-84.47781,39.198044],[-84.477596,39.197904],[-84.477941,39.197592]]]}},{"type":"Feature","properties":{"pid":"024000010026"},"geometry":{"type":"Polygon","coordinates":[[[-84.477953,39.19758],[-84.477596,39.197904],[-84.477461,39.197816],[-84.477813,39.197489],[-84.477953,39.19758]]]}},{"type":"Feature","properties":{"pid":"024000010027"},"geometry":{"type":"Polygon","coordinates":[[[-84.477756,39.197452],[-84.477813,39.197489],[-84.477461,39.197816],[-84.477404,39.197779],[-84.477756,39.197452]]]}},{"type":"Feature","properties":{"pid":"024000010152"},"geometry":{"type":"Polygon","coordinates":[[[-84.47848,39.196919],[-84.478708,39.196706],[-84.47882,39.196778],[-84.478589,39.19699],[-84.47848,39.196919]]]}},{"type":"Feature","properties":{"pid":"024000010032"},"geometry":{"type":"Polygon","coordinates":[[[-84.478784,39.197117],[-84.478589,39.19699],[-84.478704,39.196885],[-84.478896,39.197012],[-84.478784,39.197117]]]}},{"type":"Feature","properties":{"pid":"024000010031"},"geometry":{"type":"Polygon","coordinates":[[[-84.478784,39.197117],[-84.478673,39.197221],[-84.478265,39.196963],[-84.478379,39.196853],[-84.478784,39.197117]]]}},{"type":"Feature","properties":{"pid":"024000010178"},"geometry":{"type":"Polygon","coordinates":[[[-84.476176,39.196534],[-84.476235,39.197106],[-84.476154,39.19741],[-84.475613,39.197062],[-84.476176,39.196534]]]}},{"type":"Feature","properties":{"pid":"024200030023"},"geometry":{"type":"Polygon","coordinates":[[[-84.477404,39.197779],[-84.47781,39.198044],[-84.477561,39.198275],[-84.477155,39.198011],[-84.477404,39.197779]]]}},{"type":"Feature","properties":{"pid":"023900010068"},"geometry":{"type":"Polygon","coordinates":[[[-84.488664,39.19833],[-84.488474,39.198894],[-84.487877,39.198832],[-84.488264,39.198427],[-84.48841,39.198151],[-84.488664,39.19833]]]}},{"type":"Feature","properties":{"pid":"024000020113"},"geometry":{"type":"Polygon","coordinates":[[[-84.478899,39.194622],[-84.478517,39.194981],[-84.47811,39.194718],[-84.478492,39.194358],[-84.478899,39.194622]]]}},{"type":"Feature","properties":{"pid":"023900020005"},"geometry":{"type":"Polygon","coordinates":[[[-84.48284,39.198214],[-84.484798,39.196126],[-84.48523,39.196123],[-84.483192,39.19823],[-84.48284,39.198214]]]}},{"type":"Feature","properties":{"pid":"023900010025"},"geometry":{"type":"Polygon","coordinates":[[[-84.485499,39.196213],[-84.485527,39.195948],[-84.485681,39.195942],[-84.485651,39.196231],[-84.485499,39.196213]]]}},{"type":"Feature","properties":{"pid":"023900010003"},"geometry":{"type":"Polygon","coordinates":[[[-84.485751,39.198594],[-84.486523,39.195825],[-84.487455,39.195799],[-84.487415,39.196313],[-84.487592,39.196308],[-84.487632,39.195795],[-84.489394,39.195746],[-84.489492,39.196175],[-84.489189,39.196638],[-84.489058,39.197131],[-84.488705,39.197515],[-84.488358,39.198094],[-84.48811,39.197821],[-84.487515,39.197521],[-84.487141,39.197578],[-84.486851,39.197721],[-84.486905,39.19794],[-84.486604,39.19845],[-84.486327,39.198661],[-84.485751,39.198594]]]}},{"type":"Feature","properties":{"pid":"023900010008"},"geometry":{"type":"Polygon","coordinates":[[[-84.48544,39.19848],[-84.485263,39.198461],[-84.485298,39.198132],[-84.485509,39.198156],[-84.48544,39.19848]]]}},{"type":"Feature","properties":{"pid":"023900010059"},"geometry":{"type":"Polygon","coordinates":[[[-84.490105,39.196453],[-84.489888,39.196905],[-84.489479,39.197353],[-84.488706,39.198915],[-84.488483,39.198869],[-84.488664,39.19833],[-84.489751,39.196688],[-84.48979,39.196343],[-84.489447,39.195745],[-84.490168,39.195885],[-84.490105,39.196453]]]}},{"type":"Feature","properties":{"pid":"023900010022"},"geometry":{"type":"Polygon","coordinates":[[[-84.487415,39.196313],[-84.487455,39.195799],[-84.487632,39.195795],[-84.487592,39.196308],[-84.487415,39.196313]]]}},{"type":"Feature","properties":{"pid":"023900010060"},"geometry":{"type":"Polygon","coordinates":[[[-84.489447,39.195745],[-84.48979,39.196343],[-84.489751,39.196688],[-84.488664,39.19833],[-84.488358,39.198094],[-84.488705,39.197515],[-84.489058,39.197131],[-84.489189,39.196638],[-84.489492,39.196175],[-84.489394,39.195746],[-84.489447,39.195745]]]}},{"type":"Feature","properties":{"pid":"024000030018"},"geometry":{"type":"Polygon","coordinates":[[[-84.481639,39.192765],[-84.481489,39.192911],[-84.481101,39.192673],[-84.481251,39.192527],[-84.481639,39.192765]]]}},{"type":"Feature","properties":{"pid":"024000030019"},"geometry":{"type":"Polygon","coordinates":[[[-84.481251,39.192527],[-84.481359,39.192422],[-84.481748,39.192659],[-84.481639,39.192765],[-84.481251,39.192527]]]}},{"type":"Feature","properties":{"pid":"024000030020"},"geometry":{"type":"Polygon","coordinates":[[[-84.481359,39.192422],[-84.481448,39.192338],[-84.481834,39.192576],[-84.481748,39.192659],[-84.481359,39.192422]]]}},{"type":"Feature","properties":{"pid":"024000030022"},"geometry":{"type":"Polygon","coordinates":[[[-84.4803,39.193125],[-84.480608,39.192824],[-84.480744,39.192911],[-84.480437,39.193212],[-84.4803,39.193125]]]}},{"type":"Feature","properties":{"pid":"024000030024"},"geometry":{"type":"Polygon","coordinates":[[[-84.480164,39.193038],[-84.480471,39.192737],[-84.48054,39.192781],[-84.480232,39.193082],[-84.480164,39.193038]]]}},{"type":"Feature","properties":{"pid":"024000030025"},"geometry":{"type":"Polygon","coordinates":[[[-84.479998,39.192933],[-84.480311,39.192635],[-84.480471,39.192737],[-84.480164,39.193038],[-84.479998,39.192933]]]}},{"type":"Feature","properties":{"pid":"024000030026"},"geometry":{"type":"Polygon","coordinates":[[[-84.480731,39.192725],[-84.481097,39.192372],[-84.481138,39.192375],[-84.481058,39.192452],[-84.481169,39.19252],[-84.480867,39.192812],[-84.480731,39.192725]]]}},{"type":"Feature","properties":{"pid":"024000030027"},"geometry":{"type":"Polygon","coordinates":[[[-84.48106,39.192453],[-84.481138,39.192375],[-84.481305,39.192389],[-84.481169,39.19252],[-84.48106,39.192453]]]}},{"type":"Feature","properties":{"pid":"024000030028"},"geometry":{"type":"Polygon","coordinates":[[[-84.480594,39.192638],[-84.480889,39.192354],[-84.481097,39.192372],[-84.480731,39.192725],[-84.480594,39.192638]]]}},{"type":"Feature","properties":{"pid":"023900010070"},"geometry":{"type":"Polygon","coordinates":[[[-84.48811,39.197821],[-84.48841,39.198151],[-84.488264,39.198427],[-84.487871,39.198839],[-84.486327,39.198661],[-84.486604,39.19845],[-84.486905,39.19794],[-84.486851,39.197721],[-84.487141,39.197578],[-84.487515,39.197521],[-84.48811,39.197821]]]}},{"type":"Feature","properties":{"pid":"023900010015"},"geometry":{"type":"Polygon","coordinates":[[[-84.485888,39.197535],[-84.485902,39.197398],[-84.485381,39.197338],[-84.485482,39.196372],[-84.486343,39.196471],[-84.486041,39.197553],[-84.485888,39.197535]]]}},{"type":"Feature","properties":{"pid":"024000010179"},"geometry":{"type":"Polygon","coordinates":[[[-84.477223,39.196923],[-84.476765,39.196731],[-84.477179,39.196341],[-84.477587,39.196603],[-84.477223,39.196923]]]}},{"type":"Feature","properties":{"pid":"024000010064"},"geometry":{"type":"Polygon","coordinates":[[[-84.477104,39.19704],[-84.476461,39.197643],[-84.476378,39.197589],[-84.476609,39.196858],[-84.477104,39.19704]]]}},{"type":"Feature","properties":{"pid":"024000010180"},"geometry":{"type":"Polygon","coordinates":[[[-84.47563,39.197691],[-84.475301,39.197483],[-84.475582,39.19722],[-84.475908,39.19743],[-84.47563,39.197691]]]}},{"type":"Feature","properties":{"pid":"024000030096"},"geometry":{"type":"Polygon","coordinates":[[[-84.480485,39.192569],[-84.480725,39.192339],[-84.480889,39.192354],[-84.480594,39.192638],[-84.480485,39.192569]]]}},{"type":"Feature","properties":{"pid":"024500040081"},"geometry":{"type":"Polygon","coordinates":[[[-84.461246,39.214824],[-84.461321,39.214521],[-84.461405,39.214532],[-84.461577,39.214273],[-84.462096,39.214345],[-84.46202,39.214615],[-84.461864,39.214594],[-84.461788,39.214862],[-84.461728,39.214854],[-84.461718,39.214888],[-84.461246,39.214824]]]}},{"type":"Feature","properties":{"pid":"024000010020"},"geometry":{"type":"Polygon","coordinates":[[[-84.480003,39.196908],[-84.479599,39.196643],[-84.479689,39.196559],[-84.480095,39.19682],[-84.480003,39.196908]]]}},{"type":"Feature","properties":{"pid":"024000010019"},"geometry":{"type":"Polygon","coordinates":[[[-84.47951,39.196726],[-84.479599,39.196643],[-84.480003,39.196908],[-84.479917,39.19699],[-84.47951,39.196726]]]}},{"type":"Feature","properties":{"pid":"024000010006"},"geometry":{"type":"Polygon","coordinates":[[[-84.479103,39.198049],[-84.478911,39.197984],[-84.479627,39.197305],[-84.479703,39.197309],[-84.480277,39.197645],[-84.479805,39.19808],[-84.479103,39.198049]]]}},{"type":"Feature","properties":{"pid":"024000030006"},"geometry":{"type":"Polygon","coordinates":[[[-84.479246,39.194071],[-84.479357,39.193965],[-84.479491,39.194053],[-84.479379,39.194159],[-84.479246,39.194071]]]}},{"type":"Feature","properties":{"pid":"024000020006"},"geometry":{"type":"Polygon","coordinates":[[[-84.480816,39.195491],[-84.481088,39.195666],[-84.480977,39.19577],[-84.480704,39.195595],[-84.480816,39.195491]]]}},{"type":"Feature","properties":{"pid":"024000020007"},"geometry":{"type":"Polygon","coordinates":[[[-84.480816,39.195491],[-84.480928,39.195387],[-84.481199,39.195563],[-84.481088,39.195666],[-84.480816,39.195491]]]}},{"type":"Feature","properties":{"pid":"024000020064"},"geometry":{"type":"Polygon","coordinates":[[[-84.481344,39.195658],[-84.481122,39.195863],[-84.480977,39.19577],[-84.481199,39.195563],[-84.481344,39.195658]]]}},{"type":"Feature","properties":{"pid":"024000020005"},"geometry":{"type":"Polygon","coordinates":[[[-84.481012,39.195965],[-84.480593,39.195702],[-84.480704,39.195595],[-84.481122,39.195863],[-84.481012,39.195965]]]}},{"type":"Feature","properties":{"pid":"024000010018"},"geometry":{"type":"Polygon","coordinates":[[[-84.479428,39.196803],[-84.47951,39.196726],[-84.479917,39.19699],[-84.479838,39.197065],[-84.479428,39.196803]]]}},{"type":"Feature","properties":{"pid":"024500020017"},"geometry":{"type":"Polygon","coordinates":[[[-84.468951,39.216452],[-84.468422,39.216449],[-84.468437,39.216287],[-84.468966,39.21629],[-84.468951,39.216452]]]}},{"type":"Feature","properties":{"pid":"024500020018"},"geometry":{"type":"Polygon","coordinates":[[[-84.468437,39.216287],[-84.46845,39.21615],[-84.468979,39.216153],[-84.468966,39.21629],[-84.468437,39.216287]]]}},{"type":"Feature","properties":{"pid":"024500020026"},"geometry":{"type":"Polygon","coordinates":[[[-84.468245,39.216448],[-84.468069,39.216447],[-84.468122,39.215875],[-84.468298,39.215876],[-84.468245,39.216448]]]}},{"type":"Feature","properties":{"pid":"024500020102"},"geometry":{"type":"Polygon","coordinates":[[[-84.468122,39.215875],[-84.468175,39.215302],[-84.46833,39.215303],[-84.468277,39.215875],[-84.468122,39.215875]]]}},{"type":"Feature","properties":{"pid":"024000030041"},"geometry":{"type":"Polygon","coordinates":[[[-84.47908,39.193962],[-84.479303,39.19375],[-84.479469,39.193859],[-84.479246,39.194071],[-84.47908,39.193962]]]}},{"type":"Feature","properties":{"pid":"024500020107"},"geometry":{"type":"Polygon","coordinates":[[[-84.468422,39.216449],[-84.468281,39.216448],[-84.468319,39.216037],[-84.46846,39.216037],[-84.468422,39.216449]]]}},{"type":"Feature","properties":{"pid":"024500020108"},"geometry":{"type":"Polygon","coordinates":[[[-84.469057,39.215307],[-84.468979,39.216153],[-84.46845,39.21615],[-84.46846,39.216037],[-84.468319,39.216037],[-84.468334,39.215876],[-84.468277,39.215875],[-84.46833,39.215303],[-84.469057,39.215307]]]}},{"type":"Feature","properties":{"pid":"024500060184"},"geometry":{"type":"Polygon","coordinates":[[[-84.473913,39.213783],[-84.473861,39.214292],[-84.473296,39.214285],[-84.473343,39.213776],[-84.473913,39.213783]]]}},{"type":"Feature","properties":{"pid":"023900030020"},"geometry":{"type":"Polygon","coordinates":[[[-84.489887,39.194538],[-84.489577,39.194669],[-84.488741,39.19348],[-84.488854,39.193058],[-84.489265,39.192609],[-84.490596,39.193397],[-84.490116,39.193934],[-84.489966,39.194228],[-84.489887,39.194538]]]}},{"type":"Feature","properties":{"pid":"023900030026"},"geometry":{"type":"Polygon","coordinates":[[[-84.492621,39.19218],[-84.491707,39.191534],[-84.492864,39.190751],[-84.493241,39.190934],[-84.493737,39.19141],[-84.493143,39.191873],[-84.492621,39.19218]]]}},{"type":"Feature","properties":{"pid":"023900030031"},"geometry":{"type":"Polygon","coordinates":[[[-84.489265,39.192609],[-84.490252,39.191529],[-84.490398,39.191654],[-84.490627,39.191724],[-84.49148,39.192702],[-84.491056,39.192979],[-84.490596,39.193397],[-84.489265,39.192609]]]}},{"type":"Feature","properties":{"pid":"023900030032"},"geometry":{"type":"Polygon","coordinates":[[[-84.492621,39.19218],[-84.491626,39.192625],[-84.490774,39.191648],[-84.490949,39.191556],[-84.490766,39.191347],[-84.492019,39.190798],[-84.492715,39.190851],[-84.491707,39.191534],[-84.492621,39.19218]]]}},{"type":"Feature","properties":{"pid":"024500010214"},"geometry":{"type":"Polygon","coordinates":[[[-84.461305,39.214867],[-84.461708,39.214921],[-84.461681,39.215009],[-84.461286,39.214956],[-84.461305,39.214867]]]}},{"type":"Feature","properties":{"pid":"024500060068"},"geometry":{"type":"Polygon","coordinates":[[[-84.473307,39.214159],[-84.473272,39.214542],[-84.473095,39.21454],[-84.473131,39.214157],[-84.473307,39.214159]]]}},{"type":"Feature","properties":{"pid":"024500060147"},"geometry":{"type":"Polygon","coordinates":[[[-84.473694,39.214548],[-84.473718,39.21429],[-84.473861,39.214292],[-84.473835,39.21455],[-84.473694,39.214548]]]}},{"type":"Feature","properties":{"pid":"066100040102"},"geometry":{"type":"Polygon","coordinates":[[[-84.492839,39.184648],[-84.492439,39.184487],[-84.492491,39.184431],[-84.492889,39.184592],[-84.492839,39.184648]]]}},{"type":"Feature","properties":{"pid":"066100040106"},"geometry":{"type":"Polygon","coordinates":[[[-84.493241,39.184811],[-84.492839,39.184648],[-84.492889,39.184592],[-84.493292,39.184755],[-84.493241,39.184811]]]}},{"type":"Feature","properties":{"pid":"066100040074"},"geometry":{"type":"Polygon","coordinates":[[[-84.492814,39.185176],[-84.493064,39.184893],[-84.493142,39.184924],[-84.492892,39.185207],[-84.492814,39.185176]]]}},{"type":"Feature","properties":{"pid":"066100040075"},"geometry":{"type":"Polygon","coordinates":[[[-84.492737,39.185145],[-84.492987,39.184862],[-84.493064,39.184893],[-84.492814,39.185176],[-84.492737,39.185145]]]}},{"type":"Feature","properties":{"pid":"066100040076"},"geometry":{"type":"Polygon","coordinates":[[[-84.492638,39.185104],[-84.492888,39.184822],[-84.492987,39.184862],[-84.492737,39.185145],[-84.492638,39.185104]]]}},{"type":"Feature","properties":{"pid":"066100040077"},"geometry":{"type":"Polygon","coordinates":[[[-84.492888,39.184822],[-84.492638,39.185104],[-84.492539,39.185064],[-84.492788,39.184781],[-84.492888,39.184822]]]}},{"type":"Feature","properties":{"pid":"066100040078"},"geometry":{"type":"Polygon","coordinates":[[[-84.492439,39.185024],[-84.49269,39.184742],[-84.492788,39.184781],[-84.492539,39.185064],[-84.492439,39.185024]]]}},{"type":"Feature","properties":{"pid":"066100040082"},"geometry":{"type":"Polygon","coordinates":[[[-84.492163,39.184913],[-84.492087,39.184882],[-84.492336,39.184599],[-84.492413,39.18463],[-84.492163,39.184913]]]}},{"type":"Feature","properties":{"pid":"066100040100"},"geometry":{"type":"Polygon","coordinates":[[[-84.492789,39.184705],[-84.492739,39.184761],[-84.492336,39.184599],[-84.492388,39.184543],[-84.492789,39.184705]]]}},{"type":"Feature","properties":{"pid":"066100040101"},"geometry":{"type":"Polygon","coordinates":[[[-84.492789,39.184705],[-84.492388,39.184543],[-84.492439,39.184487],[-84.492839,39.184648],[-84.492789,39.184705]]]}},{"type":"Feature","properties":{"pid":"066100040104"},"geometry":{"type":"Polygon","coordinates":[[[-84.493142,39.184924],[-84.492739,39.184761],[-84.492789,39.184705],[-84.493192,39.184868],[-84.493142,39.184924]]]}},{"type":"Feature","properties":{"pid":"066100040079"},"geometry":{"type":"Polygon","coordinates":[[[-84.492439,39.185024],[-84.492163,39.184913],[-84.492413,39.18463],[-84.49269,39.184742],[-84.492439,39.185024]]]}},{"type":"Feature","properties":{"pid":"024500060095"},"geometry":{"type":"Polygon","coordinates":[[[-84.473343,39.213776],[-84.473307,39.214159],[-84.473131,39.214157],[-84.473166,39.213773],[-84.473343,39.213776]]]}},{"type":"Feature","properties":{"pid":"024200020052"},"geometry":{"type":"Polygon","coordinates":[[[-84.475152,39.198139],[-84.475029,39.198061],[-84.475344,39.197765],[-84.475467,39.197843],[-84.475152,39.198139]]]}},{"type":"Feature","properties":{"pid":"024200020081"},"geometry":{"type":"Polygon","coordinates":[[[-84.474926,39.197996],[-84.475174,39.197764],[-84.475276,39.197829],[-84.475029,39.198061],[-84.474926,39.197996]]]}},{"type":"Feature","properties":{"pid":"024200020086"},"geometry":{"type":"Polygon","coordinates":[[[-84.475071,39.197699],[-84.475174,39.197764],[-84.474926,39.197996],[-84.474823,39.197931],[-84.475071,39.197699]]]}},{"type":"Feature","properties":{"pid":"024200020085"},"geometry":{"type":"Polygon","coordinates":[[[-84.475301,39.197483],[-84.47563,39.197691],[-84.475548,39.197767],[-84.47522,39.197559],[-84.475301,39.197483]]]}},{"type":"Feature","properties":{"pid":"066100020489"},"geometry":{"type":"Polygon","coordinates":[[[-84.484863,39.185736],[-84.484758,39.185725],[-84.484818,39.185413],[-84.484923,39.185424],[-84.484863,39.185736]]]}},{"type":"Feature","properties":{"pid":"066100020493"},"geometry":{"type":"Polygon","coordinates":[[[-84.484443,39.185694],[-84.484338,39.185683],[-84.484398,39.185371],[-84.484503,39.185381],[-84.484443,39.185694]]]}},{"type":"Feature","properties":{"pid":"066100020494"},"geometry":{"type":"Polygon","coordinates":[[[-84.484338,39.185683],[-84.484139,39.185663],[-84.484199,39.185351],[-84.484398,39.185371],[-84.484338,39.185683]]]}},{"type":"Feature","properties":{"pid":"066100020497"},"geometry":{"type":"Polygon","coordinates":[[[-84.484039,39.18557],[-84.483934,39.18556],[-84.483979,39.185329],[-84.484084,39.185339],[-84.484039,39.18557]]]}},{"type":"Feature","properties":{"pid":"024200020080"},"geometry":{"type":"Polygon","coordinates":[[[-84.475467,39.197843],[-84.475344,39.197765],[-84.475276,39.197829],[-84.475071,39.197699],[-84.47522,39.197559],[-84.475548,39.197767],[-84.475467,39.197843]]]}},{"type":"Feature","properties":{"pid":"011700040244"},"geometry":{"type":"Polygon","coordinates":[[[-84.481448,39.183333],[-84.481516,39.182959],[-84.482735,39.183089],[-84.482653,39.183496],[-84.481486,39.183371],[-84.481448,39.183333]]]}},{"type":"Feature","properties":{"pid":"024000020048"},"geometry":{"type":"Polygon","coordinates":[[[-84.47682,39.194903],[-84.476591,39.195112],[-84.476457,39.195024],[-84.476685,39.194814],[-84.47682,39.194903]]]}},{"type":"Feature","properties":{"pid":"024000020051"},"geometry":{"type":"Polygon","coordinates":[[[-84.476601,39.19458],[-84.476934,39.194799],[-84.47682,39.194903],[-84.47653,39.194713],[-84.476601,39.19458]]]}},{"type":"Feature","properties":{"pid":"024000020053"},"geometry":{"type":"Polygon","coordinates":[[[-84.477215,39.194372],[-84.476987,39.194581],[-84.476852,39.194493],[-84.477081,39.194284],[-84.477215,39.194372]]]}},{"type":"Feature","properties":{"pid":"024000020054"},"geometry":{"type":"Polygon","coordinates":[[[-84.476872,39.194686],[-84.477215,39.194372],[-84.477323,39.194443],[-84.47698,39.194757],[-84.476872,39.194686]]]}},{"type":"Feature","properties":{"pid":"024000020055"},"geometry":{"type":"Polygon","coordinates":[[[-84.476973,39.194213],[-84.476744,39.194422],[-84.47663,39.194526],[-84.476708,39.19437],[-84.476919,39.194177],[-84.476973,39.194213]]]}},{"type":"Feature","properties":{"pid":"024000020063"},"geometry":{"type":"Polygon","coordinates":[[[-84.47663,39.194526],[-84.476973,39.194213],[-84.477081,39.194284],[-84.476738,39.194597],[-84.47663,39.194526]]]}},{"type":"Feature","properties":{"pid":"024500010211"},"geometry":{"type":"Polygon","coordinates":[[[-84.461419,39.215891],[-84.461142,39.215855],[-84.46116,39.215774],[-84.46144,39.215811],[-84.461419,39.215891]]]}},{"type":"Feature","properties":{"pid":"024500010198"},"geometry":{"type":"Polygon","coordinates":[[[-84.461195,39.215611],[-84.461213,39.21553],[-84.461513,39.215571],[-84.461489,39.215651],[-84.461195,39.215611]]]}},{"type":"Feature","properties":{"pid":"024400050041"},"geometry":{"type":"Polygon","coordinates":[[[-84.474135,39.211215],[-84.473782,39.211195],[-84.473795,39.211059],[-84.474148,39.211078],[-84.474135,39.211215]]]}},{"type":"Feature","properties":{"pid":"024400050042"},"geometry":{"type":"Polygon","coordinates":[[[-84.474148,39.211078],[-84.473759,39.211057],[-84.473772,39.210918],[-84.474161,39.21094],[-84.474148,39.211078]]]}},{"type":"Feature","properties":{"pid":"024400050044"},"geometry":{"type":"Polygon","coordinates":[[[-84.473591,39.21133],[-84.47338,39.21132],[-84.473419,39.210906],[-84.47363,39.210919],[-84.473591,39.21133]]]}},{"type":"Feature","properties":{"pid":"024400050058"},"geometry":{"type":"Polygon","coordinates":[[[-84.474161,39.21094],[-84.473945,39.210929],[-84.47398,39.210528],[-84.474199,39.210543],[-84.474161,39.21094]]]}},{"type":"Feature","properties":{"pid":"024400050060"},"geometry":{"type":"Polygon","coordinates":[[[-84.473725,39.210916],[-84.473509,39.210912],[-84.473547,39.210498],[-84.473764,39.210513],[-84.473725,39.210916]]]}},{"type":"Feature","properties":{"pid":"024400050062"},"geometry":{"type":"Polygon","coordinates":[[[-84.473419,39.210906],[-84.473243,39.210897],[-84.473281,39.21048],[-84.473459,39.210492],[-84.473419,39.210906]]]}},{"type":"Feature","properties":{"pid":"024400050081"},"geometry":{"type":"Polygon","coordinates":[[[-84.473591,39.21133],[-84.473632,39.21091],[-84.473772,39.210918],[-84.473733,39.211337],[-84.473591,39.21133]]]}},{"type":"Feature","properties":{"pid":"024500010212"},"geometry":{"type":"Polygon","coordinates":[[[-84.46144,39.215811],[-84.46116,39.215774],[-84.461195,39.215611],[-84.461489,39.215651],[-84.46144,39.215811]]]}},{"type":"Feature","properties":{"pid":"011700040273"},"geometry":{"type":"Polygon","coordinates":[[[-84.481541,39.182823],[-84.482391,39.182914],[-84.482486,39.182383],[-84.483064,39.182178],[-84.483367,39.182566],[-84.483172,39.182661],[-84.483355,39.182889],[-84.483021,39.183051],[-84.481529,39.182891],[-84.481541,39.182823]]]}},{"type":"Feature","properties":{"pid":"011700040270"},"geometry":{"type":"Polygon","coordinates":[[[-84.482735,39.183089],[-84.481516,39.182959],[-84.481529,39.182891],[-84.483021,39.183051],[-84.483355,39.182889],[-84.483172,39.182661],[-84.483367,39.182566],[-84.483383,39.182389],[-84.483599,39.182154],[-84.483372,39.182028],[-84.484316,39.181566],[-84.484269,39.182048],[-84.484049,39.182482],[-84.483782,39.182797],[-84.483085,39.183326],[-84.482881,39.183442],[-84.482657,39.183474],[-84.482735,39.183089]]]}},{"type":"Feature","properties":{"pid":"024000030043"},"geometry":{"type":"Polygon","coordinates":[[[-84.480634,39.193715],[-84.480567,39.193779],[-84.480193,39.193537],[-84.48026,39.193473],[-84.480634,39.193715]]]}},{"type":"Feature","properties":{"pid":"024500030020"},"geometry":{"type":"Polygon","coordinates":[[[-84.470146,39.21777],[-84.470182,39.217384],[-84.470358,39.217386],[-84.470323,39.217772],[-84.470146,39.21777]]]}},{"type":"Feature","properties":{"pid":"024500030009"},"geometry":{"type":"Polygon","coordinates":[[[-84.472123,39.217409],[-84.472088,39.217784],[-84.471912,39.217783],[-84.471947,39.217407],[-84.472123,39.217409]]]}},{"type":"Feature","properties":{"pid":"024500030024"},"geometry":{"type":"Polygon","coordinates":[[[-84.469055,39.217632],[-84.469628,39.217639],[-84.469616,39.217767],[-84.469043,39.217762],[-84.469055,39.217632]]]}},{"type":"Feature","properties":{"pid":"024500030004"},"geometry":{"type":"Polygon","coordinates":[[[-84.472794,39.217789],[-84.472829,39.217418],[-84.473005,39.21742],[-84.472971,39.21779],[-84.472794,39.217789]]]}},{"type":"Feature","properties":{"pid":"024500030014"},"geometry":{"type":"Polygon","coordinates":[[[-84.471241,39.217397],[-84.471205,39.217778],[-84.471029,39.217777],[-84.471064,39.217395],[-84.471241,39.217397]]]}},{"type":"Feature","properties":{"pid":"024500030015"},"geometry":{"type":"Polygon","coordinates":[[[-84.470888,39.217393],[-84.471064,39.217395],[-84.471029,39.217777],[-84.470852,39.217775],[-84.470888,39.217393]]]}},{"type":"Feature","properties":{"pid":"024500030005"},"geometry":{"type":"Polygon","coordinates":[[[-84.472829,39.217418],[-84.472794,39.217789],[-84.472618,39.217788],[-84.472652,39.217416],[-84.472829,39.217418]]]}},{"type":"Feature","properties":{"pid":"024500030010"},"geometry":{"type":"Polygon","coordinates":[[[-84.471947,39.217407],[-84.471912,39.217783],[-84.471735,39.217782],[-84.47177,39.217404],[-84.471947,39.217407]]]}},{"type":"Feature","properties":{"pid":"024500030006"},"geometry":{"type":"Polygon","coordinates":[[[-84.472618,39.217788],[-84.472441,39.217787],[-84.472476,39.217414],[-84.472652,39.217416],[-84.472618,39.217788]]]}},{"type":"Feature","properties":{"pid":"024200020049"},"geometry":{"type":"Polygon","coordinates":[[[-84.475348,39.198263],[-84.475211,39.198176],[-84.475404,39.197992],[-84.475543,39.198053],[-84.475348,39.198263]]]}},{"type":"Feature","properties":{"pid":"024000010061"},"geometry":{"type":"Polygon","coordinates":[[[-84.475812,39.197607],[-84.476056,39.197764],[-84.475999,39.197957],[-84.475618,39.197788],[-84.475812,39.197607]]]}},{"type":"Feature","properties":{"pid":"024000010157"},"geometry":{"type":"Polygon","coordinates":[[[-84.476056,39.197764],[-84.475812,39.197607],[-84.476053,39.19738],[-84.476145,39.19744],[-84.476056,39.197764]]]}},{"type":"Feature","properties":{"pid":"059000620274"},"geometry":{"type":"Polygon","coordinates":[[[-84.469752,39.19983],[-84.470026,39.199616],[-84.470249,39.19966],[-84.470336,39.19973],[-84.470029,39.19974],[-84.469484,39.200436],[-84.469056,39.200691],[-84.469752,39.19983]]]}},{"type":"Feature","properties":{"pid":"059000810121"},"geometry":{"type":"Polygon","coordinates":[[[-84.476442,39.213864],[-84.476074,39.21383],[-84.47609,39.213721],[-84.476458,39.213755],[-84.476442,39.213864]]]}},{"type":"Feature","properties":{"pid":"059000810123"},"geometry":{"type":"Polygon","coordinates":[[[-84.476425,39.213973],[-84.476055,39.213953],[-84.476072,39.213844],[-84.47644,39.213878],[-84.476425,39.213973]]]}},{"type":"Feature","properties":{"pid":"059000810124"},"geometry":{"type":"Polygon","coordinates":[[[-84.476423,39.213987],[-84.476409,39.214082],[-84.476041,39.214049],[-84.476055,39.213953],[-84.476423,39.213987]]]}},{"type":"Feature","properties":{"pid":"059000810130"},"geometry":{"type":"Polygon","coordinates":[[[-84.476343,39.214518],[-84.475975,39.214485],[-84.475992,39.214376],[-84.47636,39.214409],[-84.476343,39.214518]]]}},{"type":"Feature","properties":{"pid":"059000810132"},"geometry":{"type":"Polygon","coordinates":[[[-84.475943,39.214703],[-84.475967,39.214539],[-84.476335,39.214573],[-84.476311,39.214737],[-84.475943,39.214703]]]}},{"type":"Feature","properties":{"pid":"059000810133"},"geometry":{"type":"Polygon","coordinates":[[[-84.476311,39.214737],[-84.476294,39.214846],[-84.475926,39.214812],[-84.475943,39.214703],[-84.476311,39.214737]]]}},{"type":"Feature","properties":{"pid":"059000810136"},"geometry":{"type":"Polygon","coordinates":[[[-84.476278,39.214955],[-84.476262,39.215064],[-84.475894,39.21503],[-84.47591,39.214921],[-84.476278,39.214955]]]}},{"type":"Feature","properties":{"pid":"059000810137"},"geometry":{"type":"Polygon","coordinates":[[[-84.476262,39.215064],[-84.476245,39.215173],[-84.475877,39.215139],[-84.475894,39.21503],[-84.476262,39.215064]]]}},{"type":"Feature","properties":{"pid":"059000810151"},"geometry":{"type":"Polygon","coordinates":[[[-84.476278,39.214955],[-84.476646,39.214988],[-84.476633,39.215078],[-84.476264,39.215045],[-84.476278,39.214955]]]}},{"type":"Feature","properties":{"pid":"059000810153"},"geometry":{"type":"Polygon","coordinates":[[[-84.476311,39.214737],[-84.476679,39.21477],[-84.47667,39.214827],[-84.476302,39.214794],[-84.476311,39.214737]]]}},{"type":"Feature","properties":{"pid":"059000810156"},"geometry":{"type":"Polygon","coordinates":[[[-84.476343,39.214518],[-84.47636,39.214409],[-84.476728,39.214443],[-84.476712,39.214552],[-84.476343,39.214518]]]}},{"type":"Feature","properties":{"pid":"059000810159"},"geometry":{"type":"Polygon","coordinates":[[[-84.476761,39.214225],[-84.476393,39.214191],[-84.476409,39.214082],[-84.476777,39.214115],[-84.476761,39.214225]]]}},{"type":"Feature","properties":{"pid":"059000810161"},"geometry":{"type":"Polygon","coordinates":[[[-84.476794,39.214006],[-84.476425,39.213973],[-84.476442,39.213864],[-84.47681,39.213897],[-84.476794,39.214006]]]}},{"type":"Feature","properties":{"pid":"059000810162"},"geometry":{"type":"Polygon","coordinates":[[[-84.47681,39.213897],[-84.476442,39.213864],[-84.476458,39.213755],[-84.476826,39.213788],[-84.47681,39.213897]]]}},{"type":"Feature","properties":{"pid":"059000810255"},"geometry":{"type":"Polygon","coordinates":[[[-84.476615,39.215193],[-84.476247,39.215159],[-84.476264,39.215045],[-84.476633,39.215078],[-84.476615,39.215193]]]}},{"type":"Feature","properties":{"pid":"059000810258"},"geometry":{"type":"Polygon","coordinates":[[[-84.476283,39.214919],[-84.476302,39.214794],[-84.47667,39.214827],[-84.476651,39.214953],[-84.476283,39.214919]]]}},{"type":"Feature","properties":{"pid":"059000810261"},"geometry":{"type":"Polygon","coordinates":[[[-84.47634,39.214543],[-84.476708,39.214576],[-84.476695,39.214661],[-84.476327,39.214627],[-84.47634,39.214543]]]}},{"type":"Feature","properties":{"pid":"059000810143"},"geometry":{"type":"Polygon","coordinates":[[[-84.475825,39.215494],[-84.476192,39.215527],[-84.476149,39.21581],[-84.475909,39.215692],[-84.475825,39.215494]]]}},{"type":"Feature","properties":{"pid":"059000810146"},"geometry":{"type":"Polygon","coordinates":[[[-84.476554,39.215602],[-84.476186,39.215568],[-84.476196,39.2155],[-84.476564,39.215534],[-84.476554,39.215602]]]}},{"type":"Feature","properties":{"pid":"059000810257"},"geometry":{"type":"Polygon","coordinates":[[[-84.476574,39.215465],[-84.476206,39.215432],[-84.476227,39.215296],[-84.476595,39.215329],[-84.476574,39.215465]]]}},{"type":"Feature","properties":{"pid":"059000810149"},"geometry":{"type":"Polygon","coordinates":[[[-84.476597,39.215315],[-84.476229,39.215282],[-84.476245,39.215173],[-84.476613,39.215206],[-84.476597,39.215315]]]}},{"type":"Feature","properties":{"pid":"059000810140"},"geometry":{"type":"Polygon","coordinates":[[[-84.476212,39.215391],[-84.475844,39.215358],[-84.475861,39.215248],[-84.476229,39.215282],[-84.476212,39.215391]]]}},{"type":"Feature","properties":{"pid":"059000810141"},"geometry":{"type":"Polygon","coordinates":[[[-84.476196,39.2155],[-84.475828,39.215467],[-84.475844,39.215358],[-84.476212,39.215391],[-84.476196,39.2155]]]}},{"type":"Feature","properties":{"pid":"059000810269"},"geometry":{"type":"Polygon","coordinates":[[[-84.47797,39.215996],[-84.4776,39.215973],[-84.477614,39.215878],[-84.477982,39.215911],[-84.47797,39.215996]]]}},{"type":"Feature","properties":{"pid":"059000810389"},"geometry":{"type":"Polygon","coordinates":[[[-84.47807,39.215328],[-84.478081,39.215257],[-84.478449,39.21529],[-84.478438,39.215361],[-84.47807,39.215328]]]}},{"type":"Feature","properties":{"pid":"059000810391"},"geometry":{"type":"Polygon","coordinates":[[[-84.478399,39.215617],[-84.478032,39.215584],[-84.478048,39.215475],[-84.478416,39.215508],[-84.478399,39.215617]]]}},{"type":"Feature","properties":{"pid":"059000810393"},"geometry":{"type":"Polygon","coordinates":[[[-84.478367,39.215836],[-84.477999,39.215802],[-84.47801,39.215729],[-84.478378,39.215762],[-84.478367,39.215836]]]}},{"type":"Feature","properties":{"pid":"059000810395"},"geometry":{"type":"Polygon","coordinates":[[[-84.47835,39.215945],[-84.478338,39.216029],[-84.47797,39.215996],[-84.477982,39.215911],[-84.47835,39.215945]]]}},{"type":"Feature","properties":{"pid":"059000810433"},"geometry":{"type":"Polygon","coordinates":[[[-84.478398,39.215628],[-84.478378,39.215762],[-84.47801,39.215729],[-84.47803,39.215595],[-84.478398,39.215628]]]}},{"type":"Feature","properties":{"pid":"059000810435"},"geometry":{"type":"Polygon","coordinates":[[[-84.478418,39.215495],[-84.47805,39.215461],[-84.47807,39.215328],[-84.478438,39.215361],[-84.478418,39.215495]]]}},{"type":"Feature","properties":{"pid":"059000810382"},"geometry":{"type":"Polygon","coordinates":[[[-84.478551,39.214608],[-84.478183,39.214575],[-84.478199,39.214466],[-84.478567,39.214499],[-84.478551,39.214608]]]}},{"type":"Feature","properties":{"pid":"059000810383"},"geometry":{"type":"Polygon","coordinates":[[[-84.478535,39.214718],[-84.478167,39.214684],[-84.478183,39.214575],[-84.478551,39.214608],[-84.478535,39.214718]]]}},{"type":"Feature","properties":{"pid":"059000810378"},"geometry":{"type":"Polygon","coordinates":[[[-84.478616,39.214172],[-84.478248,39.214139],[-84.478264,39.214032],[-84.478632,39.214066],[-84.478616,39.214172]]]}},{"type":"Feature","properties":{"pid":"059000810381"},"geometry":{"type":"Polygon","coordinates":[[[-84.478573,39.214458],[-84.478205,39.214425],[-84.478216,39.214357],[-84.478584,39.21439],[-84.478573,39.214458]]]}},{"type":"Feature","properties":{"pid":"059000810409"},"geometry":{"type":"Polygon","coordinates":[[[-84.47794,39.213711],[-84.477958,39.213586],[-84.478326,39.213619],[-84.478308,39.213744],[-84.47794,39.213711]]]}},{"type":"Feature","properties":{"pid":"059000810411"},"geometry":{"type":"Polygon","coordinates":[[[-84.478257,39.214083],[-84.477889,39.21405],[-84.477905,39.213943],[-84.478273,39.213976],[-84.478257,39.214083]]]}},{"type":"Feature","properties":{"pid":"059000810413"},"geometry":{"type":"Polygon","coordinates":[[[-84.478238,39.214208],[-84.47787,39.214174],[-84.47788,39.214105],[-84.478248,39.214139],[-84.478238,39.214208]]]}},{"type":"Feature","properties":{"pid":"059000810417"},"geometry":{"type":"Polygon","coordinates":[[[-84.478185,39.214561],[-84.477817,39.214528],[-84.477835,39.214406],[-84.478203,39.21444],[-84.478185,39.214561]]]}},{"type":"Feature","properties":{"pid":"059000810427"},"geometry":{"type":"Polygon","coordinates":[[[-84.478672,39.213804],[-84.478304,39.21377],[-84.478314,39.213702],[-84.478682,39.213736],[-84.478672,39.213804]]]}},{"type":"Feature","properties":{"pid":"059000810233"},"geometry":{"type":"Polygon","coordinates":[[[-84.478081,39.215257],[-84.477712,39.215223],[-84.477729,39.215114],[-84.478097,39.215148],[-84.478081,39.215257]]]}},{"type":"Feature","properties":{"pid":"059000810236"},"geometry":{"type":"Polygon","coordinates":[[[-84.478032,39.215584],[-84.477663,39.215551],[-84.477673,39.215482],[-84.478042,39.215516],[-84.478032,39.215584]]]}},{"type":"Feature","properties":{"pid":"059000810238"},"geometry":{"type":"Polygon","coordinates":[[[-84.477647,39.21566],[-84.478015,39.215693],[-84.478005,39.215761],[-84.477637,39.215728],[-84.477647,39.21566]]]}},{"type":"Feature","properties":{"pid":"059000810264"},"geometry":{"type":"Polygon","coordinates":[[[-84.477692,39.21536],[-84.47806,39.215393],[-84.478042,39.215516],[-84.477673,39.215482],[-84.477692,39.21536]]]}},{"type":"Feature","properties":{"pid":"059000810267"},"geometry":{"type":"Polygon","coordinates":[[[-84.477637,39.215728],[-84.478005,39.215761],[-84.477987,39.215884],[-84.477618,39.215851],[-84.477637,39.215728]]]}},{"type":"Feature","properties":{"pid":"059000810188"},"geometry":{"type":"Polygon","coordinates":[[[-84.47711,39.215569],[-84.476739,39.21555],[-84.476752,39.215468],[-84.47712,39.215501],[-84.47711,39.215569]]]}},{"type":"Feature","properties":{"pid":"059000810189"},"geometry":{"type":"Polygon","coordinates":[[[-84.477091,39.215692],[-84.476721,39.215672],[-84.476739,39.21555],[-84.477108,39.215583],[-84.477091,39.215692]]]}},{"type":"Feature","properties":{"pid":"059000810191"},"geometry":{"type":"Polygon","coordinates":[[[-84.477073,39.215815],[-84.476703,39.215795],[-84.476719,39.215686],[-84.477087,39.215719],[-84.477073,39.215815]]]}},{"type":"Feature","properties":{"pid":"059000810196"},"geometry":{"type":"Polygon","coordinates":[[[-84.477441,39.215848],[-84.477073,39.215815],[-84.477087,39.215719],[-84.477455,39.215753],[-84.477441,39.215848]]]}},{"type":"Feature","properties":{"pid":"059000810197"},"geometry":{"type":"Polygon","coordinates":[[[-84.477459,39.215726],[-84.477091,39.215692],[-84.477103,39.21561],[-84.477472,39.215644],[-84.477459,39.215726]]]}},{"type":"Feature","properties":{"pid":"059000810270"},"geometry":{"type":"Polygon","coordinates":[[[-84.47711,39.215569],[-84.477128,39.215447],[-84.477496,39.21548],[-84.477478,39.215603],[-84.47711,39.215569]]]}},{"type":"Feature","properties":{"pid":"059000810268"},"geometry":{"type":"Polygon","coordinates":[[[-84.478079,39.21527],[-84.478064,39.215366],[-84.477696,39.215332],[-84.47771,39.215237],[-84.478079,39.21527]]]}},{"type":"Feature","properties":{"pid":"059000810218"},"geometry":{"type":"Polygon","coordinates":[[[-84.47833,39.213593],[-84.477962,39.21356],[-84.477979,39.213451],[-84.478347,39.213484],[-84.47833,39.213593]]]}},{"type":"Feature","properties":{"pid":"059000810220"},"geometry":{"type":"Polygon","coordinates":[[[-84.478298,39.213811],[-84.477929,39.213778],[-84.47794,39.213711],[-84.478308,39.213744],[-84.478298,39.213811]]]}},{"type":"Feature","properties":{"pid":"059000810221"},"geometry":{"type":"Polygon","coordinates":[[[-84.478284,39.213901],[-84.477913,39.213887],[-84.477923,39.213818],[-84.478292,39.213851],[-84.478284,39.213901]]]}},{"type":"Feature","properties":{"pid":"059000810373"},"geometry":{"type":"Polygon","coordinates":[[[-84.478715,39.213515],[-84.478698,39.213627],[-84.47833,39.213593],[-84.478347,39.213484],[-84.478715,39.213515]]]}},{"type":"Feature","properties":{"pid":"059000810376"},"geometry":{"type":"Polygon","coordinates":[[[-84.478652,39.213935],[-84.478284,39.213901],[-84.478298,39.213811],[-84.478666,39.213845],[-84.478652,39.213935]]]}},{"type":"Feature","properties":{"pid":"059000810377"},"geometry":{"type":"Polygon","coordinates":[[[-84.478281,39.21392],[-84.478649,39.213954],[-84.478633,39.214063],[-84.478265,39.21403],[-84.478281,39.21392]]]}},{"type":"Feature","properties":{"pid":"059000810226"},"geometry":{"type":"Polygon","coordinates":[[[-84.478216,39.214357],[-84.478203,39.21444],[-84.477835,39.214406],[-84.477848,39.214323],[-84.478216,39.214357]]]}},{"type":"Feature","properties":{"pid":"059000810228"},"geometry":{"type":"Polygon","coordinates":[[[-84.478167,39.214684],[-84.477798,39.214651],[-84.477815,39.214542],[-84.478183,39.214575],[-84.478167,39.214684]]]}},{"type":"Feature","properties":{"pid":"059000810451"},"geometry":{"type":"Polygon","coordinates":[[[-84.47815,39.214793],[-84.478157,39.214746],[-84.478525,39.21478],[-84.478518,39.214827],[-84.47815,39.214793]]]}},{"type":"Feature","properties":{"pid":"059000810311"},"geometry":{"type":"Polygon","coordinates":[[[-84.47961,39.213709],[-84.479242,39.213676],[-84.479259,39.213559],[-84.479628,39.21359],[-84.47961,39.213709]]]}},{"type":"Feature","properties":{"pid":"059000810312"},"geometry":{"type":"Polygon","coordinates":[[[-84.479593,39.213819],[-84.479225,39.213785],[-84.479242,39.213676],[-84.47961,39.213709],[-84.479593,39.213819]]]}},{"type":"Feature","properties":{"pid":"059000810313"},"geometry":{"type":"Polygon","coordinates":[[[-84.479209,39.213894],[-84.479225,39.213785],[-84.479593,39.213819],[-84.479577,39.213928],[-84.479209,39.213894]]]}},{"type":"Feature","properties":{"pid":"059000810314"},"geometry":{"type":"Polygon","coordinates":[[[-84.479561,39.214037],[-84.479193,39.214003],[-84.479209,39.213894],[-84.479577,39.213928],[-84.479561,39.214037]]]}},{"type":"Feature","properties":{"pid":"059000810315"},"geometry":{"type":"Polygon","coordinates":[[[-84.479544,39.214146],[-84.479176,39.214112],[-84.479193,39.214003],[-84.479561,39.214037],[-84.479544,39.214146]]]}},{"type":"Feature","properties":{"pid":"059000810318"},"geometry":{"type":"Polygon","coordinates":[[[-84.479495,39.214473],[-84.479127,39.21444],[-84.479138,39.214369],[-84.479506,39.214402],[-84.479495,39.214473]]]}},{"type":"Feature","properties":{"pid":"059000810365"},"geometry":{"type":"Polygon","coordinates":[[[-84.479138,39.214369],[-84.479127,39.21444],[-84.478759,39.214406],[-84.478772,39.214322],[-84.479138,39.214369]]]}},{"type":"Feature","properties":{"pid":"059000810366"},"geometry":{"type":"Polygon","coordinates":[[[-84.479143,39.214331],[-84.478775,39.214297],[-84.478791,39.214193],[-84.479159,39.214227],[-84.479143,39.214331]]]}},{"type":"Feature","properties":{"pid":"059000810367"},"geometry":{"type":"Polygon","coordinates":[[[-84.47916,39.214221],[-84.478792,39.214188],[-84.478808,39.214079],[-84.479176,39.214112],[-84.47916,39.214221]]]}},{"type":"Feature","properties":{"pid":"059000810369"},"geometry":{"type":"Polygon","coordinates":[[[-84.478841,39.213861],[-84.479209,39.213894],[-84.479197,39.213973],[-84.478829,39.21394],[-84.478841,39.213861]]]}},{"type":"Feature","properties":{"pid":"059000810372"},"geometry":{"type":"Polygon","coordinates":[[[-84.479242,39.213676],[-84.478874,39.213643],[-84.478891,39.213529],[-84.479259,39.213559],[-84.479242,39.213676]]]}},{"type":"Feature","properties":{"pid":"059000810415"},"geometry":{"type":"Polygon","coordinates":[[[-84.479235,39.21372],[-84.479216,39.213848],[-84.478848,39.213814],[-84.478867,39.213686],[-84.479235,39.21372]]]}},{"type":"Feature","properties":{"pid":"059000810429"},"geometry":{"type":"Polygon","coordinates":[[[-84.479178,39.214101],[-84.47881,39.214068],[-84.478829,39.21394],[-84.479197,39.213973],[-84.479178,39.214101]]]}},{"type":"Feature","properties":{"pid":"059000810454"},"geometry":{"type":"Polygon","coordinates":[[[-84.479175,39.214118],[-84.479543,39.214151],[-84.479528,39.214255],[-84.47916,39.214221],[-84.479175,39.214118]]]}},{"type":"Feature","properties":{"pid":"059000810457"},"geometry":{"type":"Polygon","coordinates":[[[-84.479157,39.214243],[-84.479525,39.214277],[-84.479506,39.214402],[-84.479138,39.214369],[-84.479157,39.214243]]]}},{"type":"Feature","properties":{"pid":"059000810320"},"geometry":{"type":"Polygon","coordinates":[[[-84.479111,39.214549],[-84.479479,39.214582],[-84.479468,39.214653],[-84.4791,39.21462],[-84.479111,39.214549]]]}},{"type":"Feature","properties":{"pid":"059000810322"},"geometry":{"type":"Polygon","coordinates":[[[-84.47943,39.214904],[-84.479062,39.214871],[-84.479078,39.214767],[-84.479446,39.2148],[-84.47943,39.214904]]]}},{"type":"Feature","properties":{"pid":"059000810326"},"geometry":{"type":"Polygon","coordinates":[[[-84.479367,39.215325],[-84.478999,39.215292],[-84.479008,39.21523],[-84.479376,39.215264],[-84.479367,39.215325]]]}},{"type":"Feature","properties":{"pid":"059000810327"},"geometry":{"type":"Polygon","coordinates":[[[-84.479349,39.215447],[-84.478981,39.215413],[-84.478992,39.21534],[-84.47936,39.215373],[-84.479349,39.215447]]]}},{"type":"Feature","properties":{"pid":"059000810328"},"geometry":{"type":"Polygon","coordinates":[[[-84.478961,39.215547],[-84.478976,39.215449],[-84.479344,39.215482],[-84.479329,39.21558],[-84.478961,39.215547]]]}},{"type":"Feature","properties":{"pid":"059000810329"},"geometry":{"type":"Polygon","coordinates":[[[-84.479311,39.2157],[-84.478943,39.215667],[-84.478959,39.215558],[-84.479327,39.215591],[-84.479311,39.2157]]]}},{"type":"Feature","properties":{"pid":"059000810330"},"geometry":{"type":"Polygon","coordinates":[[[-84.479295,39.215809],[-84.478926,39.215776],[-84.478941,39.21568],[-84.479309,39.215714],[-84.479295,39.215809]]]}},{"type":"Feature","properties":{"pid":"059000810331"},"geometry":{"type":"Polygon","coordinates":[[[-84.479279,39.215913],[-84.47891,39.215885],[-84.478921,39.215814],[-84.479289,39.215848],[-84.479279,39.215913]]]}},{"type":"Feature","properties":{"pid":"059000810352"},"geometry":{"type":"Polygon","coordinates":[[[-84.47891,39.215885],[-84.478542,39.215852],[-84.478553,39.215781],[-84.478921,39.215814],[-84.47891,39.215885]]]}},{"type":"Feature","properties":{"pid":"059000810354"},"geometry":{"type":"Polygon","coordinates":[[[-84.478943,39.215667],[-84.478575,39.215633],[-84.478591,39.215524],[-84.478959,39.215558],[-84.478943,39.215667]]]}},{"type":"Feature","properties":{"pid":"059000810355"},"geometry":{"type":"Polygon","coordinates":[[[-84.478961,39.215547],[-84.478593,39.215513],[-84.478607,39.215415],[-84.478976,39.215449],[-84.478961,39.215547]]]}},{"type":"Feature","properties":{"pid":"059000810293"},"geometry":{"type":"Polygon","coordinates":[[[-84.479871,39.215641],[-84.479503,39.215607],[-84.479514,39.21553],[-84.479882,39.215563],[-84.479871,39.215641]]]}},{"type":"Feature","properties":{"pid":"059000810295"},"geometry":{"type":"Polygon","coordinates":[[[-84.479903,39.215422],[-84.479535,39.215389],[-84.479552,39.21528],[-84.47992,39.215313],[-84.479903,39.215422]]]}},{"type":"Feature","properties":{"pid":"059000810465"},"geometry":{"type":"Polygon","coordinates":[[[-84.479882,39.215563],[-84.479514,39.21553],[-84.479533,39.215402],[-84.479902,39.215435],[-84.479882,39.215563]]]}},{"type":"Feature","properties":{"pid":"059000810466"},"geometry":{"type":"Polygon","coordinates":[[[-84.479846,39.215808],[-84.479477,39.215774],[-84.479496,39.215652],[-84.479864,39.215685],[-84.479846,39.215808]]]}},{"type":"Feature","properties":{"pid":"059000810468"},"geometry":{"type":"Polygon","coordinates":[[[-84.479808,39.216058],[-84.47944,39.216025],[-84.479458,39.215903],[-84.479827,39.215936],[-84.479808,39.216058]]]}},{"type":"Feature","properties":{"pid":"059000810470"},"geometry":{"type":"Polygon","coordinates":[[[-84.47979,39.216181],[-84.479421,39.216147],[-84.479437,39.216043],[-84.479805,39.216077],[-84.47979,39.216181]]]}},{"type":"Feature","properties":{"pid":"059000810361"},"geometry":{"type":"Polygon","coordinates":[[[-84.479064,39.21486],[-84.478696,39.214826],[-84.47871,39.214733],[-84.479078,39.214767],[-84.479064,39.21486]]]}},{"type":"Feature","properties":{"pid":"059000810364"},"geometry":{"type":"Polygon","coordinates":[[[-84.479111,39.214549],[-84.478743,39.214515],[-84.478753,39.214447],[-84.479121,39.214481],[-84.479111,39.214549]]]}},{"type":"Feature","properties":{"pid":"059000810440"},"geometry":{"type":"Polygon","coordinates":[[[-84.478573,39.215647],[-84.478941,39.21568],[-84.478921,39.215814],[-84.478553,39.215781],[-84.478573,39.215647]]]}},{"type":"Feature","properties":{"pid":"059000810443"},"geometry":{"type":"Polygon","coordinates":[[[-84.478981,39.215413],[-84.478613,39.21538],[-84.478633,39.215246],[-84.479001,39.21528],[-84.478981,39.215413]]]}},{"type":"Feature","properties":{"pid":"059000810444"},"geometry":{"type":"Polygon","coordinates":[[[-84.479008,39.21523],[-84.47864,39.215197],[-84.478653,39.215112],[-84.479021,39.215146],[-84.479008,39.21523]]]}},{"type":"Feature","properties":{"pid":"059000810452"},"geometry":{"type":"Polygon","coordinates":[[[-84.479083,39.214731],[-84.478715,39.214698],[-84.478734,39.214575],[-84.479102,39.214609],[-84.479083,39.214731]]]}},{"type":"Feature","properties":{"pid":"059000810459"},"geometry":{"type":"Polygon","coordinates":[[[-84.479449,39.214779],[-84.479081,39.214745],[-84.4791,39.21462],[-84.479468,39.214653],[-84.479449,39.214779]]]}},{"type":"Feature","properties":{"pid":"024500020033"},"geometry":{"type":"Polygon","coordinates":[[[-84.466798,39.216441],[-84.466563,39.21644],[-84.466844,39.215945],[-84.466801,39.216411],[-84.466798,39.216441]]]}},{"type":"Feature","properties":{"pid":"024500020081"},"geometry":{"type":"Polygon","coordinates":[[[-84.466773,39.217184],[-84.466621,39.217183],[-84.466676,39.216565],[-84.466828,39.216567],[-84.466773,39.217184]]]}},{"type":"Feature","properties":{"pid":"024500020104"},"geometry":{"type":"Polygon","coordinates":[[[-84.466285,39.217042],[-84.4665,39.216562],[-84.466676,39.216565],[-84.466634,39.217045],[-84.466285,39.217042]]]}},{"type":"Feature","properties":{"pid":"059000810482"},"geometry":{"type":"Polygon","coordinates":[[[-84.47877,39.216818],[-84.478789,39.216692],[-84.479157,39.216726],[-84.479138,39.216851],[-84.47877,39.216818]]]}},{"type":"Feature","properties":{"pid":"059000810337"},"geometry":{"type":"Polygon","coordinates":[[[-84.479163,39.216682],[-84.478795,39.216649],[-84.478808,39.216567],[-84.479176,39.2166],[-84.479163,39.216682]]]}},{"type":"Feature","properties":{"pid":"059000810339"},"geometry":{"type":"Polygon","coordinates":[[[-84.47877,39.216818],[-84.479138,39.216851],[-84.479127,39.216927],[-84.478759,39.216894],[-84.47877,39.216818]]]}},{"type":"Feature","properties":{"pid":"059000810341"},"geometry":{"type":"Polygon","coordinates":[[[-84.478722,39.217139],[-84.478732,39.217071],[-84.4791,39.217105],[-84.47909,39.217173],[-84.478722,39.217139]]]}},{"type":"Feature","properties":{"pid":"059000810343"},"geometry":{"type":"Polygon","coordinates":[[[-84.478759,39.216894],[-84.478717,39.21717],[-84.478379,39.216937],[-84.47839,39.216861],[-84.478759,39.216894]]]}},{"type":"Feature","properties":{"pid":"059000810344"},"geometry":{"type":"Polygon","coordinates":[[[-84.47877,39.216818],[-84.478401,39.216792],[-84.478409,39.216738],[-84.478777,39.216771],[-84.47877,39.216818]]]}},{"type":"Feature","properties":{"pid":"059000810346"},"geometry":{"type":"Polygon","coordinates":[[[-84.478795,39.216649],[-84.478427,39.216615],[-84.478438,39.216547],[-84.478806,39.21658],[-84.478795,39.216649]]]}},{"type":"Feature","properties":{"pid":"059000810290"},"geometry":{"type":"Polygon","coordinates":[[[-84.479838,39.215859],[-84.479827,39.215936],[-84.479458,39.215903],[-84.47947,39.215825],[-84.479838,39.215859]]]}},{"type":"Feature","properties":{"pid":"059000810302"},"geometry":{"type":"Polygon","coordinates":[[[-84.48003,39.214577],[-84.479662,39.214544],[-84.47967,39.214489],[-84.480039,39.214522],[-84.48003,39.214577]]]}},{"type":"Feature","properties":{"pid":"059000810455"},"geometry":{"type":"Polygon","coordinates":[[[-84.480071,39.214304],[-84.479703,39.214271],[-84.479719,39.214167],[-84.480086,39.214201],[-84.480071,39.214304]]]}},{"type":"Feature","properties":{"pid":"059000810456"},"geometry":{"type":"Polygon","coordinates":[[[-84.480049,39.214452],[-84.479681,39.214418],[-84.4797,39.214293],[-84.480068,39.214326],[-84.480049,39.214452]]]}},{"type":"Feature","properties":{"pid":"059000810460"},"geometry":{"type":"Polygon","coordinates":[[[-84.479662,39.214544],[-84.48003,39.214577],[-84.480011,39.214702],[-84.479643,39.214669],[-84.479662,39.214544]]]}},{"type":"Feature","properties":{"pid":"059000810461"},"geometry":{"type":"Polygon","coordinates":[[[-84.479993,39.214828],[-84.479625,39.214794],[-84.479638,39.214707],[-84.480006,39.214741],[-84.479993,39.214828]]]}},{"type":"Feature","properties":{"pid":"024500020012"},"geometry":{"type":"Polygon","coordinates":[[[-84.468238,39.216584],[-84.468184,39.217197],[-84.468006,39.217196],[-84.468061,39.216581],[-84.468238,39.216584]]]}},{"type":"Feature","properties":{"pid":"024500020082"},"geometry":{"type":"Polygon","coordinates":[[[-84.468187,39.217157],[-84.468199,39.217019],[-84.468906,39.21703],[-84.468893,39.217167],[-84.468187,39.217157]]]}},{"type":"Feature","properties":{"pid":"024500020083"},"geometry":{"type":"Polygon","coordinates":[[[-84.468422,39.216888],[-84.468449,39.216586],[-84.468483,39.216587],[-84.468471,39.216738],[-84.46893,39.216743],[-84.468917,39.216894],[-84.468422,39.216888]]]}},{"type":"Feature","properties":{"pid":"024500020084"},"geometry":{"type":"Polygon","coordinates":[[[-84.468471,39.216738],[-84.468483,39.216587],[-84.468941,39.216593],[-84.46893,39.216743],[-84.468471,39.216738]]]}},{"type":"Feature","properties":{"pid":"024500020086"},"geometry":{"type":"Polygon","coordinates":[[[-84.468212,39.216884],[-84.468917,39.216894],[-84.468906,39.21703],[-84.468199,39.217019],[-84.468212,39.216884]]]}},{"type":"Feature","properties":{"pid":"024500020087"},"geometry":{"type":"Polygon","coordinates":[[[-84.468006,39.217196],[-84.467831,39.217195],[-84.467886,39.216578],[-84.468061,39.216581],[-84.468006,39.217196]]]}},{"type":"Feature","properties":{"pid":"024500020089"},"geometry":{"type":"Polygon","coordinates":[[[-84.468449,39.216586],[-84.468422,39.216888],[-84.468212,39.216884],[-84.468238,39.216584],[-84.468449,39.216586]]]}},{"type":"Feature","properties":{"pid":"024500020091"},"geometry":{"type":"Polygon","coordinates":[[[-84.467831,39.217195],[-84.467653,39.217194],[-84.467708,39.216576],[-84.467886,39.216578],[-84.467831,39.217195]]]}},{"type":"Feature","properties":{"pid":"024500020092"},"geometry":{"type":"Polygon","coordinates":[[[-84.468871,39.217425],[-84.468517,39.217421],[-84.468536,39.217204],[-84.46889,39.217207],[-84.468871,39.217425]]]}},{"type":"Feature","properties":{"pid":"024500020048"},"geometry":{"type":"Polygon","coordinates":[[[-84.465847,39.217054],[-84.46542,39.216982],[-84.465456,39.216848],[-84.465903,39.216925],[-84.465847,39.217054]]]}},{"type":"Feature","properties":{"pid":"024500020049"},"geometry":{"type":"Polygon","coordinates":[[[-84.465871,39.216919],[-84.465456,39.216848],[-84.465495,39.216716],[-84.465959,39.216795],[-84.465871,39.216919]]]}},{"type":"Feature","properties":{"pid":"024500010017"},"geometry":{"type":"Polygon","coordinates":[[[-84.464423,39.216043],[-84.46448,39.215842],[-84.464998,39.21593],[-84.46494,39.21613],[-84.464423,39.216043]]]}},{"type":"Feature","properties":{"pid":"024500010018"},"geometry":{"type":"Polygon","coordinates":[[[-84.46448,39.215842],[-84.464517,39.215714],[-84.465033,39.215801],[-84.464998,39.21593],[-84.46448,39.215842]]]}},{"type":"Feature","properties":{"pid":"024500010019"},"geometry":{"type":"Polygon","coordinates":[[[-84.464519,39.215709],[-84.464558,39.215575],[-84.465074,39.215664],[-84.465033,39.215801],[-84.464519,39.215709]]]}},{"type":"Feature","properties":{"pid":"024500010032"},"geometry":{"type":"Polygon","coordinates":[[[-84.463924,39.215888],[-84.463963,39.215755],[-84.46448,39.215842],[-84.464443,39.215975],[-84.463924,39.215888]]]}},{"type":"Feature","properties":{"pid":"024500010033"},"geometry":{"type":"Polygon","coordinates":[[[-84.463963,39.215755],[-84.464003,39.21562],[-84.464519,39.215709],[-84.46448,39.215842],[-84.463963,39.215755]]]}},{"type":"Feature","properties":{"pid":"024500010034"},"geometry":{"type":"Polygon","coordinates":[[[-84.464039,39.215487],[-84.464558,39.215575],[-84.464519,39.215709],[-84.464003,39.21562],[-84.464039,39.215487]]]}},{"type":"Feature","properties":{"pid":"024500020052"},"geometry":{"type":"Polygon","coordinates":[[[-84.465571,39.216448],[-84.465611,39.216315],[-84.466128,39.216404],[-84.466072,39.216534],[-84.465571,39.216448]]]}},{"type":"Feature","properties":{"pid":"024500020054"},"geometry":{"type":"Polygon","coordinates":[[[-84.466204,39.216137],[-84.466147,39.216338],[-84.465629,39.216248],[-84.465688,39.216049],[-84.466204,39.216137]]]}},{"type":"Feature","properties":{"pid":"024500020055"},"geometry":{"type":"Polygon","coordinates":[[[-84.465688,39.216049],[-84.465724,39.215915],[-84.466243,39.216003],[-84.466204,39.216137],[-84.465688,39.216049]]]}},{"type":"Feature","properties":{"pid":"024500020058"},"geometry":{"type":"Polygon","coordinates":[[[-84.465803,39.215647],[-84.465839,39.215514],[-84.466358,39.215603],[-84.466319,39.215736],[-84.465803,39.215647]]]}},{"type":"Feature","properties":{"pid":"024500020059"},"geometry":{"type":"Polygon","coordinates":[[[-84.465839,39.215514],[-84.465879,39.215381],[-84.466396,39.215469],[-84.466358,39.215603],[-84.465839,39.215514]]]}},{"type":"Feature","properties":{"pid":"024500020060"},"geometry":{"type":"Polygon","coordinates":[[[-84.466396,39.215469],[-84.465879,39.215381],[-84.465906,39.215283],[-84.466447,39.215289],[-84.466396,39.215469]]]}},{"type":"Feature","properties":{"pid":"024500020073"},"geometry":{"type":"Polygon","coordinates":[[[-84.465055,39.21636],[-84.4651,39.2162],[-84.465618,39.216289],[-84.465571,39.216448],[-84.465055,39.21636]]]}},{"type":"Feature","properties":{"pid":"024500020074"},"geometry":{"type":"Polygon","coordinates":[[[-84.4651,39.2162],[-84.465139,39.216065],[-84.465656,39.216154],[-84.465618,39.216289],[-84.4651,39.2162]]]}},{"type":"Feature","properties":{"pid":"024500020075"},"geometry":{"type":"Polygon","coordinates":[[[-84.46517,39.215959],[-84.465688,39.216049],[-84.465656,39.216154],[-84.465139,39.216065],[-84.46517,39.215959]]]}},{"type":"Feature","properties":{"pid":"024500020079"},"geometry":{"type":"Polygon","coordinates":[[[-84.465284,39.215559],[-84.465332,39.215394],[-84.465848,39.215483],[-84.465803,39.215647],[-84.465284,39.215559]]]}},{"type":"Feature","properties":{"pid":"024500020080"},"geometry":{"type":"Polygon","coordinates":[[[-84.465848,39.215483],[-84.465332,39.215394],[-84.465366,39.215275],[-84.465906,39.215283],[-84.465848,39.215483]]]}},{"type":"Feature","properties":{"pid":"024500020050"},"geometry":{"type":"Polygon","coordinates":[[[-84.465959,39.216795],[-84.465495,39.216716],[-84.465535,39.216581],[-84.466016,39.216664],[-84.465959,39.216795]]]}},{"type":"Feature","properties":{"pid":"024500020069"},"geometry":{"type":"Polygon","coordinates":[[[-84.464901,39.216894],[-84.464962,39.216685],[-84.465479,39.216773],[-84.46542,39.216982],[-84.464901,39.216894]]]}},{"type":"Feature","properties":{"pid":"024500020071"},"geometry":{"type":"Polygon","coordinates":[[[-84.464979,39.216627],[-84.465016,39.216493],[-84.465535,39.216581],[-84.46549,39.216736],[-84.464979,39.216627]]]}},{"type":"Feature","properties":{"pid":"024500010005"},"geometry":{"type":"Polygon","coordinates":[[[-84.463783,39.217643],[-84.463437,39.217585],[-84.46347,39.217472],[-84.463815,39.21753],[-84.463783,39.217643]]]}},{"type":"Feature","properties":{"pid":"024500010006"},"geometry":{"type":"Polygon","coordinates":[[[-84.464019,39.217446],[-84.463502,39.217359],[-84.463541,39.217226],[-84.464059,39.217312],[-84.464019,39.217446]]]}},{"type":"Feature","properties":{"pid":"024500010166"},"geometry":{"type":"Polygon","coordinates":[[[-84.463815,39.21753],[-84.46347,39.217472],[-84.463502,39.217359],[-84.463847,39.217417],[-84.463815,39.21753]]]}},{"type":"Feature","properties":{"pid":"024500010167"},"geometry":{"type":"Polygon","coordinates":[[[-84.463768,39.217693],[-84.463739,39.217796],[-84.463376,39.217797],[-84.463423,39.217636],[-84.463768,39.217693]]]}},{"type":"Feature","properties":{"pid":"024500010168"},"geometry":{"type":"Polygon","coordinates":[[[-84.463195,39.217798],[-84.462788,39.217799],[-84.462864,39.217538],[-84.463251,39.217602],[-84.463195,39.217798]]]}},{"type":"Feature","properties":{"pid":"024500010169"},"geometry":{"type":"Polygon","coordinates":[[[-84.462396,39.217798],[-84.462362,39.217798],[-84.462413,39.217621],[-84.462445,39.217626],[-84.462396,39.217798]]]}},{"type":"Feature","properties":{"pid":"024500010037"},"geometry":{"type":"Polygon","coordinates":[[[-84.463079,39.217573],[-84.463118,39.217439],[-84.463289,39.217468],[-84.463251,39.217602],[-84.463079,39.217573]]]}},{"type":"Feature","properties":{"pid":"024500010038"},"geometry":{"type":"Polygon","coordinates":[[[-84.463079,39.217573],[-84.462864,39.217538],[-84.462903,39.217403],[-84.463118,39.217439],[-84.463079,39.217573]]]}},{"type":"Feature","properties":{"pid":"024500010039"},"geometry":{"type":"Polygon","coordinates":[[[-84.462788,39.217799],[-84.462652,39.217799],[-84.462771,39.217381],[-84.462903,39.217403],[-84.462788,39.217799]]]}},{"type":"Feature","properties":{"pid":"024500010041"},"geometry":{"type":"Polygon","coordinates":[[[-84.463327,39.217335],[-84.462811,39.217247],[-84.462849,39.217112],[-84.463367,39.2172],[-84.463327,39.217335]]]}},{"type":"Feature","properties":{"pid":"024500010057"},"geometry":{"type":"Polygon","coordinates":[[[-84.462567,39.217532],[-84.462721,39.217559],[-84.462652,39.217799],[-84.462516,39.217799],[-84.462567,39.217532]]]}},{"type":"Feature","properties":{"pid":"024500010058"},"geometry":{"type":"Polygon","coordinates":[[[-84.462534,39.217641],[-84.462149,39.217575],[-84.462181,39.217466],[-84.462567,39.217532],[-84.462534,39.217641]]]}},{"type":"Feature","properties":{"pid":"024500010059"},"geometry":{"type":"Polygon","coordinates":[[[-84.462721,39.217559],[-84.462181,39.217466],[-84.462208,39.217378],[-84.462747,39.21747],[-84.462721,39.217559]]]}},{"type":"Feature","properties":{"pid":"024500010060"},"geometry":{"type":"Polygon","coordinates":[[[-84.462747,39.21747],[-84.462208,39.217378],[-84.462234,39.217289],[-84.462771,39.217381],[-84.462747,39.21747]]]}},{"type":"Feature","properties":{"pid":"024500010061"},"geometry":{"type":"Polygon","coordinates":[[[-84.462771,39.217381],[-84.462234,39.217289],[-84.462261,39.2172],[-84.462798,39.217291],[-84.462771,39.217381]]]}},{"type":"Feature","properties":{"pid":"024500010063"},"geometry":{"type":"Polygon","coordinates":[[[-84.462824,39.217202],[-84.462811,39.217247],[-84.462274,39.217155],[-84.462287,39.217111],[-84.462824,39.217202]]]}},{"type":"Feature","properties":{"pid":"024500010162"},"geometry":{"type":"Polygon","coordinates":[[[-84.463739,39.217796],[-84.463847,39.217417],[-84.464019,39.217446],[-84.46392,39.217794],[-84.463739,39.217796]]]}},{"type":"Feature","properties":{"pid":"024500010164"},"geometry":{"type":"Polygon","coordinates":[[[-84.462265,39.217798],[-84.462083,39.217798],[-84.462107,39.217718],[-84.46228,39.217749],[-84.462265,39.217798]]]}},{"type":"Feature","properties":{"pid":"024500010165"},"geometry":{"type":"Polygon","coordinates":[[[-84.462396,39.217798],[-84.462445,39.217626],[-84.462534,39.217641],[-84.462488,39.217798],[-84.462396,39.217798]]]}},{"type":"Feature","properties":{"pid":"024500010170"},"geometry":{"type":"Polygon","coordinates":[[[-84.462301,39.217799],[-84.462315,39.217755],[-84.462107,39.217718],[-84.462149,39.217575],[-84.462413,39.217621],[-84.462362,39.217798],[-84.462301,39.217799]]]}},{"type":"Feature","properties":{"pid":"064100080025"},"geometry":{"type":"Polygon","coordinates":[[[-84.464191,39.218383],[-84.464236,39.217972],[-84.46437,39.217973],[-84.464283,39.218383],[-84.464191,39.218383]]]}},{"type":"Feature","properties":{"pid":"064100080027"},"geometry":{"type":"Polygon","coordinates":[[[-84.463832,39.218382],[-84.463834,39.21797],[-84.463966,39.217971],[-84.463945,39.218382],[-84.463832,39.218382]]]}},{"type":"Feature","properties":{"pid":"064100080029"},"geometry":{"type":"Polygon","coordinates":[[[-84.463254,39.218173],[-84.463299,39.217968],[-84.463565,39.217968],[-84.463563,39.218175],[-84.463254,39.218173]]]}},{"type":"Feature","properties":{"pid":"064100080030"},"geometry":{"type":"Polygon","coordinates":[[[-84.46323,39.218283],[-84.463254,39.218173],[-84.463563,39.218175],[-84.463563,39.218285],[-84.46323,39.218283]]]}},{"type":"Feature","properties":{"pid":"064100080034"},"geometry":{"type":"Polygon","coordinates":[[[-84.462851,39.218221],[-84.462853,39.217966],[-84.46312,39.217967],[-84.463065,39.218223],[-84.462851,39.218221]]]}},{"type":"Feature","properties":{"pid":"064100080046"},"geometry":{"type":"Polygon","coordinates":[[[-84.462583,39.218268],[-84.462851,39.218271],[-84.463054,39.218273],[-84.463031,39.218378],[-84.462583,39.218376],[-84.462583,39.218268]]]}},{"type":"Feature","properties":{"pid":"024500010015"},"geometry":{"type":"Polygon","coordinates":[[[-84.464375,39.216209],[-84.464403,39.21611],[-84.464921,39.216198],[-84.464893,39.216298],[-84.464375,39.216209]]]}},{"type":"Feature","properties":{"pid":"024500010030"},"geometry":{"type":"Polygon","coordinates":[[[-84.464403,39.21611],[-84.464365,39.216243],[-84.463848,39.216155],[-84.463886,39.216022],[-84.464403,39.21611]]]}},{"type":"Feature","properties":{"pid":"024500010031"},"geometry":{"type":"Polygon","coordinates":[[[-84.464443,39.215975],[-84.464403,39.21611],[-84.463886,39.216022],[-84.463924,39.215888],[-84.464443,39.215975]]]}},{"type":"Feature","properties":{"pid":"024500020013"},"geometry":{"type":"Polygon","coordinates":[[[-84.467653,39.217194],[-84.467478,39.217192],[-84.467533,39.216575],[-84.467708,39.216576],[-84.467653,39.217194]]]}},{"type":"Feature","properties":{"pid":"024500020014"},"geometry":{"type":"Polygon","coordinates":[[[-84.467478,39.217192],[-84.467301,39.217189],[-84.467355,39.216574],[-84.467533,39.216575],[-84.467478,39.217192]]]}},{"type":"Feature","properties":{"pid":"024500020015"},"geometry":{"type":"Polygon","coordinates":[[[-84.466948,39.217185],[-84.466773,39.217184],[-84.466828,39.216567],[-84.467003,39.21657],[-84.466948,39.217185]]]}},{"type":"Feature","properties":{"pid":"024500020085"},"geometry":{"type":"Polygon","coordinates":[[[-84.467301,39.217189],[-84.467126,39.217186],[-84.46718,39.216572],[-84.467355,39.216574],[-84.467301,39.217189]]]}},{"type":"Feature","properties":{"pid":"024500020090"},"geometry":{"type":"Polygon","coordinates":[[[-84.467126,39.217186],[-84.466948,39.217185],[-84.467003,39.21657],[-84.46718,39.216572],[-84.467126,39.217186]]]}},{"type":"Feature","properties":{"pid":"024300020006"},"geometry":{"type":"Polygon","coordinates":[[[-84.470362,39.202203],[-84.4708,39.201832],[-84.471307,39.201561],[-84.471389,39.201704],[-84.471148,39.201972],[-84.471252,39.203401],[-84.470434,39.20343],[-84.470362,39.202203]]]}},{"type":"Feature","properties":{"pid":"024300030003"},"geometry":{"type":"Polygon","coordinates":[[[-84.469878,39.207161],[-84.469907,39.206974],[-84.470446,39.206927],[-84.470355,39.20716],[-84.469878,39.207161]]]}},{"type":"Feature","properties":{"pid":"024300030004"},"geometry":{"type":"Polygon","coordinates":[[[-84.469907,39.206974],[-84.469887,39.206784],[-84.470486,39.206692],[-84.470446,39.206927],[-84.469907,39.206974]]]}},{"type":"Feature","properties":{"pid":"024300030005"},"geometry":{"type":"Polygon","coordinates":[[[-84.469887,39.206784],[-84.469848,39.206625],[-84.470478,39.20645],[-84.470486,39.206692],[-84.469887,39.206784]]]}},{"type":"Feature","properties":{"pid":"024300030006"},"geometry":{"type":"Polygon","coordinates":[[[-84.469848,39.206625],[-84.469803,39.206442],[-84.469756,39.206459],[-84.469724,39.206407],[-84.470387,39.206147],[-84.470478,39.20645],[-84.469848,39.206625]]]}},{"type":"Feature","properties":{"pid":"024300030041"},"geometry":{"type":"Polygon","coordinates":[[[-84.468158,39.205661],[-84.468014,39.205578],[-84.468162,39.205365],[-84.468392,39.205325],[-84.468158,39.205661]]]}},{"type":"Feature","properties":{"pid":"024300030042"},"geometry":{"type":"Polygon","coordinates":[[[-84.468392,39.205325],[-84.468707,39.205291],[-84.468854,39.205575],[-84.468331,39.205775],[-84.468159,39.205661],[-84.468392,39.205325]]]}},{"type":"Feature","properties":{"pid":"024300030060"},"geometry":{"type":"Polygon","coordinates":[[[-84.467924,39.204549],[-84.468031,39.204428],[-84.468391,39.204619],[-84.468281,39.204736],[-84.467924,39.204549]]]}},{"type":"Feature","properties":{"pid":"024300030061"},"geometry":{"type":"Polygon","coordinates":[[[-84.468031,39.204428],[-84.468139,39.204305],[-84.468504,39.2045],[-84.468391,39.204619],[-84.468031,39.204428]]]}},{"type":"Feature","properties":{"pid":"024300030062"},"geometry":{"type":"Polygon","coordinates":[[[-84.469022,39.204888],[-84.468964,39.204756],[-84.469436,39.204571],[-84.469504,39.204702],[-84.469022,39.204888]]]}},{"type":"Feature","properties":{"pid":"024300030063"},"geometry":{"type":"Polygon","coordinates":[[[-84.468964,39.204756],[-84.468907,39.20463],[-84.469378,39.204439],[-84.469436,39.204571],[-84.468964,39.204756]]]}},{"type":"Feature","properties":{"pid":"024300030064"},"geometry":{"type":"Polygon","coordinates":[[[-84.469331,39.204302],[-84.469378,39.204439],[-84.468907,39.20463],[-84.468848,39.204495],[-84.469331,39.204302]]]}},{"type":"Feature","properties":{"pid":"024300030065"},"geometry":{"type":"Polygon","coordinates":[[[-84.468848,39.204495],[-84.468786,39.204355],[-84.469295,39.204165],[-84.469331,39.204302],[-84.468848,39.204495]]]}},{"type":"Feature","properties":{"pid":"024300030066"},"geometry":{"type":"Polygon","coordinates":[[[-84.468978,39.204062],[-84.469259,39.203942],[-84.469295,39.204165],[-84.468978,39.204062]]]}},{"type":"Feature","properties":{"pid":"024300030067"},"geometry":{"type":"Polygon","coordinates":[[[-84.468139,39.204305],[-84.468227,39.204205],[-84.468596,39.204403],[-84.468504,39.2045],[-84.468139,39.204305]]]}},{"type":"Feature","properties":{"pid":"024300030068"},"geometry":{"type":"Polygon","coordinates":[[[-84.468229,39.204206],[-84.468309,39.20412],[-84.46868,39.204315],[-84.468596,39.204403],[-84.468229,39.204206]]]}},{"type":"Feature","properties":{"pid":"024300030069"},"geometry":{"type":"Polygon","coordinates":[[[-84.468309,39.20412],[-84.468407,39.204029],[-84.468766,39.204224],[-84.46868,39.204315],[-84.468309,39.20412]]]}},{"type":"Feature","properties":{"pid":"024300030070"},"geometry":{"type":"Polygon","coordinates":[[[-84.468877,39.204106],[-84.468766,39.204224],[-84.468407,39.204029],[-84.468527,39.203918],[-84.468877,39.204106]]]}},{"type":"Feature","properties":{"pid":"024300030071"},"geometry":{"type":"Polygon","coordinates":[[[-84.468529,39.203917],[-84.468612,39.20384],[-84.46901,39.204048],[-84.468978,39.204062],[-84.468529,39.203917]]]}},{"type":"Feature","properties":{"pid":"024300030072"},"geometry":{"type":"Polygon","coordinates":[[[-84.468612,39.20384],[-84.468706,39.203752],[-84.46915,39.203989],[-84.46901,39.204048],[-84.468612,39.20384]]]}},{"type":"Feature","properties":{"pid":"024300030073"},"geometry":{"type":"Polygon","coordinates":[[[-84.468987,39.203902],[-84.469074,39.203816],[-84.469259,39.203942],[-84.46915,39.203989],[-84.468987,39.203902]]]}},{"type":"Feature","properties":{"pid":"024300030075"},"geometry":{"type":"Polygon","coordinates":[[[-84.469254,39.203782],[-84.468885,39.203586],[-84.468975,39.203502],[-84.469261,39.203654],[-84.469254,39.203782]]]}},{"type":"Feature","properties":{"pid":"024300030083"},"geometry":{"type":"Polygon","coordinates":[[[-84.469272,39.20356],[-84.469261,39.203654],[-84.468975,39.203502],[-84.469042,39.203441],[-84.469272,39.20356]]]}},{"type":"Feature","properties":{"pid":"024300030084"},"geometry":{"type":"Polygon","coordinates":[[[-84.46929,39.203452],[-84.469272,39.20356],[-84.469042,39.203441],[-84.469123,39.203365],[-84.46929,39.203452]]]}},{"type":"Feature","properties":{"pid":"024300030093"},"geometry":{"type":"Polygon","coordinates":[[[-84.46929,39.203452],[-84.469123,39.203365],[-84.469267,39.203231],[-84.469338,39.203267],[-84.46929,39.203452]]]}},{"type":"Feature","properties":{"pid":"024300030097"},"geometry":{"type":"Polygon","coordinates":[[[-84.468706,39.203752],[-84.468796,39.203668],[-84.469074,39.203816],[-84.468987,39.203902],[-84.468706,39.203752]]]}},{"type":"Feature","properties":{"pid":"024300010022"},"geometry":{"type":"Polygon","coordinates":[[[-84.470901,39.205422],[-84.470476,39.205365],[-84.471969,39.204833],[-84.472047,39.205014],[-84.470901,39.205422]]]}},{"type":"Feature","properties":{"pid":"024300030079"},"geometry":{"type":"Polygon","coordinates":[[[-84.470659,39.206564],[-84.470552,39.206104],[-84.471044,39.206422],[-84.470857,39.20665],[-84.470659,39.206564]]]}},{"type":"Feature","properties":{"pid":"024300030081"},"geometry":{"type":"Polygon","coordinates":[[[-84.47164,39.206571],[-84.471055,39.206736],[-84.470857,39.20665],[-84.471044,39.206422],[-84.47164,39.206571]]]}},{"type":"Feature","properties":{"pid":"024300010002"},"geometry":{"type":"Polygon","coordinates":[[[-84.471829,39.206037],[-84.471584,39.206565],[-84.471155,39.206465],[-84.470853,39.206327],[-84.470601,39.206149],[-84.471279,39.205675],[-84.471829,39.206037]]]}},{"type":"Feature","properties":{"pid":"024300010004"},"geometry":{"type":"Polygon","coordinates":[[[-84.470476,39.205365],[-84.470892,39.205425],[-84.470278,39.205641],[-84.470173,39.205473],[-84.470476,39.205365]]]}},{"type":"Feature","properties":{"pid":"024300010005"},"geometry":{"type":"Polygon","coordinates":[[[-84.470167,39.205321],[-84.470112,39.205223],[-84.470442,39.205106],[-84.4705,39.205205],[-84.470167,39.205321]]]}},{"type":"Feature","properties":{"pid":"024300010006"},"geometry":{"type":"Polygon","coordinates":[[[-84.469972,39.205152],[-84.470383,39.205006],[-84.470442,39.205106],[-84.470034,39.205251],[-84.469972,39.205152]]]}},{"type":"Feature","properties":{"pid":"024300010007"},"geometry":{"type":"Polygon","coordinates":[[[-84.470196,39.205325],[-84.4705,39.205205],[-84.470567,39.205318],[-84.470446,39.205361],[-84.470196,39.205325]]]}},{"type":"Feature","properties":{"pid":"024300010008"},"geometry":{"type":"Polygon","coordinates":[[[-84.470442,39.205106],[-84.470383,39.205006],[-84.471822,39.204493],[-84.471867,39.204597],[-84.470442,39.205106]]]}},{"type":"Feature","properties":{"pid":"024300010010"},"geometry":{"type":"Polygon","coordinates":[[[-84.4705,39.205205],[-84.470442,39.205106],[-84.471867,39.204597],[-84.471913,39.204702],[-84.4705,39.205205]]]}},{"type":"Feature","properties":{"pid":"024300010011"},"geometry":{"type":"Polygon","coordinates":[[[-84.47082,39.205565],[-84.470339,39.205737],[-84.47028,39.205643],[-84.470761,39.205472],[-84.47082,39.205565]]]}},{"type":"Feature","properties":{"pid":"024300010012"},"geometry":{"type":"Polygon","coordinates":[[[-84.470881,39.20566],[-84.470942,39.205755],[-84.470475,39.205927],[-84.470404,39.205842],[-84.470881,39.20566]]]}},{"type":"Feature","properties":{"pid":"024300010013"},"geometry":{"type":"Polygon","coordinates":[[[-84.470339,39.205737],[-84.47082,39.205565],[-84.470881,39.205659],[-84.470404,39.205842],[-84.470339,39.205737]]]}},{"type":"Feature","properties":{"pid":"024300010014"},"geometry":{"type":"Polygon","coordinates":[[[-84.470975,39.205807],[-84.47083,39.205916],[-84.470519,39.206033],[-84.470404,39.205842],[-84.470475,39.205927],[-84.470942,39.205755],[-84.470975,39.205807]]]}},{"type":"Feature","properties":{"pid":"024300010015"},"geometry":{"type":"Polygon","coordinates":[[[-84.471011,39.205862],[-84.470601,39.206149],[-84.470519,39.206033],[-84.47083,39.205916],[-84.470975,39.205807],[-84.471011,39.205862]]]}},{"type":"Feature","properties":{"pid":"024300020002"},"geometry":{"type":"Polygon","coordinates":[[[-84.469668,39.204656],[-84.470128,39.204493],[-84.470193,39.204621],[-84.469744,39.20478],[-84.469668,39.204656]]]}},{"type":"Feature","properties":{"pid":"024300020004"},"geometry":{"type":"Polygon","coordinates":[[[-84.470008,39.203877],[-84.469432,39.203934],[-84.469419,39.203822],[-84.469997,39.203779],[-84.469975,39.203576],[-84.47141,39.203536],[-84.471531,39.203816],[-84.470982,39.203975],[-84.470021,39.203999],[-84.470008,39.203877]]]}},{"type":"Feature","properties":{"pid":"024300020025"},"geometry":{"type":"Polygon","coordinates":[[[-84.469896,39.205028],[-84.471766,39.204363],[-84.471811,39.204467],[-84.469957,39.205127],[-84.469896,39.205028]]]}},{"type":"Feature","properties":{"pid":"024300020026"},"geometry":{"type":"Polygon","coordinates":[[[-84.469451,39.203465],[-84.469962,39.203447],[-84.469975,39.203576],[-84.469428,39.203592],[-84.469451,39.203465]]]}},{"type":"Feature","properties":{"pid":"024300020027"},"geometry":{"type":"Polygon","coordinates":[[[-84.469613,39.204555],[-84.471576,39.20392],[-84.471599,39.203972],[-84.469668,39.204656],[-84.469613,39.204555]]]}},{"type":"Feature","properties":{"pid":"024300020028"},"geometry":{"type":"Polygon","coordinates":[[[-84.469987,39.203682],[-84.469419,39.203711],[-84.469428,39.203592],[-84.469975,39.203576],[-84.469987,39.203682]]]}},{"type":"Feature","properties":{"pid":"024300020029"},"geometry":{"type":"Polygon","coordinates":[[[-84.469987,39.203682],[-84.469997,39.203779],[-84.469419,39.203822],[-84.469419,39.203711],[-84.469987,39.203682]]]}},{"type":"Feature","properties":{"pid":"024300020030"},"geometry":{"type":"Polygon","coordinates":[[[-84.46949,39.20425],[-84.46955,39.204236],[-84.470033,39.204122],[-84.470044,39.204221],[-84.469526,39.204386],[-84.46949,39.20425]]]}},{"type":"Feature","properties":{"pid":"024300020031"},"geometry":{"type":"Polygon","coordinates":[[[-84.469572,39.20448],[-84.471554,39.203868],[-84.471576,39.20392],[-84.469613,39.204555],[-84.469572,39.20448]]]}},{"type":"Feature","properties":{"pid":"024300020033"},"geometry":{"type":"Polygon","coordinates":[[[-84.470128,39.204493],[-84.471599,39.203972],[-84.471655,39.204102],[-84.470193,39.204621],[-84.470128,39.204493]]]}},{"type":"Feature","properties":{"pid":"024300020034"},"geometry":{"type":"Polygon","coordinates":[[[-84.469846,39.203451],[-84.469451,39.203465],[-84.469467,39.203388],[-84.469785,39.203381],[-84.469846,39.203451]]]}},{"type":"Feature","properties":{"pid":"024300020035"},"geometry":{"type":"Polygon","coordinates":[[[-84.469432,39.203934],[-84.470008,39.203877],[-84.470021,39.203999],[-84.469452,39.204088],[-84.469432,39.203934]]]}},{"type":"Feature","properties":{"pid":"024300020036"},"geometry":{"type":"Polygon","coordinates":[[[-84.46955,39.204236],[-84.469482,39.204221],[-84.469452,39.204088],[-84.470021,39.203999],[-84.470982,39.203975],[-84.470044,39.204221],[-84.470033,39.204122],[-84.46955,39.204236]]]}},{"type":"Feature","properties":{"pid":"024300040013"},"geometry":{"type":"Polygon","coordinates":[[[-84.468361,39.209072],[-84.467898,39.209589],[-84.467761,39.209475],[-84.468292,39.20887],[-84.468361,39.209072]]]}},{"type":"Feature","properties":{"pid":"024400040048"},"geometry":{"type":"Polygon","coordinates":[[[-84.472829,39.209943],[-84.472855,39.209662],[-84.472999,39.209622],[-84.472969,39.209952],[-84.472829,39.209943]]]}},{"type":"Feature","properties":{"pid":"024400040049"},"geometry":{"type":"Polygon","coordinates":[[[-84.472829,39.209943],[-84.47259,39.209928],[-84.472772,39.209653],[-84.472855,39.209662],[-84.472829,39.209943]]]}},{"type":"Feature","properties":{"pid":"024400040052"},"geometry":{"type":"Polygon","coordinates":[[[-84.472693,39.209541],[-84.472364,39.209502],[-84.472515,39.209312],[-84.47273,39.209479],[-84.472693,39.209541]]]}},{"type":"Feature","properties":{"pid":"024400040053"},"geometry":{"type":"Polygon","coordinates":[[[-84.472745,39.209468],[-84.472604,39.209205],[-84.472725,39.209069],[-84.472807,39.209446],[-84.472745,39.209468]]]}},{"type":"Feature","properties":{"pid":"024400040065"},"geometry":{"type":"Polygon","coordinates":[[[-84.472549,39.209926],[-84.47205,39.209894],[-84.472355,39.209514],[-84.472692,39.209555],[-84.47274,39.209636],[-84.472549,39.209926]]]}},{"type":"Feature","properties":{"pid":"024400040020"},"geometry":{"type":"Polygon","coordinates":[[[-84.47431,39.209309],[-84.47388,39.209283],[-84.473891,39.209173],[-84.47432,39.2092],[-84.47431,39.209309]]]}},{"type":"Feature","properties":{"pid":"024300040012"},"geometry":{"type":"Polygon","coordinates":[[[-84.468116,39.208755],[-84.468286,39.208834],[-84.468293,39.208873],[-84.467761,39.209475],[-84.46764,39.209373],[-84.468116,39.208755]]]}},{"type":"Feature","properties":{"pid":"024300040010"},"geometry":{"type":"Polygon","coordinates":[[[-84.467524,39.208561],[-84.467848,39.208667],[-84.467502,39.209124],[-84.467232,39.2089],[-84.467524,39.208561]]]}},{"type":"Feature","properties":{"pid":"024300040077"},"geometry":{"type":"Polygon","coordinates":[[[-84.468183,39.209551],[-84.468492,39.209249],[-84.46872,39.20942],[-84.468443,39.209709],[-84.468183,39.209551]]]}},{"type":"Feature","properties":{"pid":"024300040073"},"geometry":{"type":"Polygon","coordinates":[[[-84.468078,39.209991],[-84.467777,39.209739],[-84.467911,39.209657],[-84.468212,39.209897],[-84.468078,39.209991]]]}},{"type":"Feature","properties":{"pid":"024300040074"},"geometry":{"type":"Polygon","coordinates":[[[-84.468212,39.209897],[-84.467911,39.209657],[-84.468012,39.209568],[-84.468339,39.209799],[-84.468212,39.209897]]]}},{"type":"Feature","properties":{"pid":"024300040048"},"geometry":{"type":"Polygon","coordinates":[[[-84.46816,39.209673],[-84.468221,39.209616],[-84.468398,39.209749],[-84.468339,39.209799],[-84.46816,39.209673]]]}},{"type":"Feature","properties":{"pid":"024300040082"},"geometry":{"type":"Polygon","coordinates":[[[-84.468361,39.209072],[-84.468492,39.209249],[-84.468101,39.209631],[-84.467952,39.209527],[-84.468361,39.209072]]]}},{"type":"Feature","properties":{"pid":"024300030105"},"geometry":{"type":"Polygon","coordinates":[[[-84.469536,39.207474],[-84.469494,39.207311],[-84.469861,39.207339],[-84.469843,39.207478],[-84.469536,39.207474]]]}},{"type":"Feature","properties":{"pid":"024300030007"},"geometry":{"type":"Polygon","coordinates":[[[-84.469494,39.207311],[-84.46944,39.207149],[-84.469884,39.207118],[-84.469856,39.207339],[-84.469494,39.207311]]]}},{"type":"Feature","properties":{"pid":"024400040055"},"geometry":{"type":"Polygon","coordinates":[[[-84.472998,39.209457],[-84.472912,39.209451],[-84.472904,39.208866],[-84.473048,39.208919],[-84.472998,39.209457]]]}},{"type":"Feature","properties":{"pid":"024300030057"},"geometry":{"type":"Polygon","coordinates":[[[-84.468554,39.204915],[-84.468545,39.204873],[-84.468907,39.20463],[-84.469022,39.204888],[-84.468731,39.205007],[-84.468554,39.204915]]]}},{"type":"Feature","properties":{"pid":"024300030052"},"geometry":{"type":"Polygon","coordinates":[[[-84.468,39.20505],[-84.467948,39.205128],[-84.467611,39.204983],[-84.467666,39.204908],[-84.468,39.20505]]]}},{"type":"Feature","properties":{"pid":"024300030055"},"geometry":{"type":"Polygon","coordinates":[[[-84.46818,39.204971],[-84.467756,39.204783],[-84.46781,39.204708],[-84.468228,39.204902],[-84.46818,39.204971]]]}},{"type":"Feature","properties":{"pid":"024300030103"},"geometry":{"type":"Polygon","coordinates":[[[-84.468002,39.20505],[-84.467666,39.204908],[-84.467756,39.204783],[-84.468085,39.204929],[-84.468002,39.20505]]]}},{"type":"Feature","properties":{"pid":"024300030053"},"geometry":{"type":"Polygon","coordinates":[[[-84.468331,39.20519],[-84.468093,39.205089],[-84.468272,39.20484],[-84.468494,39.204955],[-84.468554,39.204915],[-84.468731,39.205007],[-84.468331,39.20519]]]}},{"type":"Feature","properties":{"pid":"024300030054"},"geometry":{"type":"Polygon","coordinates":[[[-84.468002,39.20505],[-84.468085,39.204929],[-84.46818,39.204971],[-84.468093,39.205089],[-84.468002,39.20505]]]}},{"type":"Feature","properties":{"pid":"024300030094"},"geometry":{"type":"Polygon","coordinates":[[[-84.468014,39.205578],[-84.467878,39.205505],[-84.468148,39.205113],[-84.468331,39.20519],[-84.468262,39.205222],[-84.468014,39.205578]]]}},{"type":"Feature","properties":{"pid":"024300030049"},"geometry":{"type":"Polygon","coordinates":[[[-84.467733,39.205437],[-84.467385,39.205296],[-84.467474,39.205172],[-84.467818,39.205316],[-84.467733,39.205437]]]}},{"type":"Feature","properties":{"pid":"024300030051"},"geometry":{"type":"Polygon","coordinates":[[[-84.467933,39.20515],[-84.467894,39.205206],[-84.467555,39.205061],[-84.467611,39.204983],[-84.467933,39.20515]]]}},{"type":"Feature","properties":{"pid":"024300030048"},"geometry":{"type":"Polygon","coordinates":[[[-84.467781,39.20546],[-84.468053,39.205072],[-84.468148,39.205113],[-84.467878,39.205505],[-84.467781,39.20546]]]}},{"type":"Feature","properties":{"pid":"024200010001"},"geometry":{"type":"Polygon","coordinates":[[[-84.471985,39.20487],[-84.471231,39.203122],[-84.471148,39.201972],[-84.471389,39.201704],[-84.471453,39.201735],[-84.472295,39.20081],[-84.472689,39.200995],[-84.472994,39.200658],[-84.475059,39.201626],[-84.474815,39.204028],[-84.474438,39.204115],[-84.474768,39.204177],[-84.474748,39.20439],[-84.473804,39.205085],[-84.471985,39.20487]]]}},{"type":"Feature","properties":{"pid":"024300020011"},"geometry":{"type":"Polygon","coordinates":[[[-84.469983,39.202925],[-84.470404,39.202912],[-84.47041,39.203022],[-84.469988,39.203035],[-84.469983,39.202925]]]}},{"type":"Feature","properties":{"pid":"024300020021"},"geometry":{"type":"Polygon","coordinates":[[[-84.470362,39.202203],[-84.470404,39.202912],[-84.470301,39.202915],[-84.470236,39.202326],[-84.470362,39.202203]]]}},{"type":"Feature","properties":{"pid":"024300030002"},"geometry":{"type":"Polygon","coordinates":[[[-84.469856,39.207339],[-84.469878,39.207161],[-84.470355,39.20716],[-84.470214,39.207366],[-84.469856,39.207339]]]}},{"type":"Feature","properties":{"pid":"024300030104"},"geometry":{"type":"Polygon","coordinates":[[[-84.469861,39.207339],[-84.470214,39.207366],[-84.470083,39.207548],[-84.469843,39.207478],[-84.469861,39.207339]]]}},{"type":"Feature","properties":{"pid":"024300030014"},"geometry":{"type":"Polygon","coordinates":[[[-84.469393,39.205869],[-84.469468,39.205991],[-84.468853,39.206225],[-84.468721,39.206095],[-84.469393,39.205869]]]}},{"type":"Feature","properties":{"pid":"024300030013"},"geometry":{"type":"Polygon","coordinates":[[[-84.468853,39.206225],[-84.469468,39.205991],[-84.469549,39.206122],[-84.46896,39.206345],[-84.468853,39.206225]]]}},{"type":"Feature","properties":{"pid":"024300030016"},"geometry":{"type":"Polygon","coordinates":[[[-84.468464,39.205875],[-84.469217,39.205588],[-84.469291,39.205704],[-84.468585,39.205974],[-84.468464,39.205875]]]}},{"type":"Feature","properties":{"pid":"024300030017"},"geometry":{"type":"Polygon","coordinates":[[[-84.468464,39.205875],[-84.468331,39.205775],[-84.469139,39.205465],[-84.469217,39.205588],[-84.468464,39.205875]]]}},{"type":"Feature","properties":{"pid":"024300030019"},"geometry":{"type":"Polygon","coordinates":[[[-84.469875,39.205303],[-84.469943,39.205413],[-84.469272,39.205674],[-84.469203,39.205567],[-84.469875,39.205303]]]}},{"type":"Feature","properties":{"pid":"024300030086"},"geometry":{"type":"Polygon","coordinates":[[[-84.469594,39.206196],[-84.469526,39.206085],[-84.470197,39.205823],[-84.470264,39.205931],[-84.469594,39.206196]]]}},{"type":"Feature","properties":{"pid":"024300030087"},"geometry":{"type":"Polygon","coordinates":[[[-84.469526,39.206085],[-84.469453,39.205966],[-84.470128,39.205711],[-84.470197,39.205823],[-84.469526,39.206085]]]}},{"type":"Feature","properties":{"pid":"024300030088"},"geometry":{"type":"Polygon","coordinates":[[[-84.469393,39.205869],[-84.470067,39.205613],[-84.470128,39.205711],[-84.469453,39.205966],[-84.469393,39.205869]]]}},{"type":"Feature","properties":{"pid":"024300030089"},"geometry":{"type":"Polygon","coordinates":[[[-84.469661,39.206304],[-84.470336,39.206047],[-84.470387,39.206147],[-84.469724,39.206407],[-84.469661,39.206304]]]}},{"type":"Feature","properties":{"pid":"024300030091"},"geometry":{"type":"Polygon","coordinates":[[[-84.469166,39.205455],[-84.469815,39.205205],[-84.469875,39.205303],[-84.469203,39.205567],[-84.469166,39.205455]]]}},{"type":"Feature","properties":{"pid":"024300030092"},"geometry":{"type":"Polygon","coordinates":[[[-84.469381,39.205849],[-84.469335,39.205774],[-84.470005,39.205512],[-84.470067,39.205613],[-84.469381,39.205849]]]}},{"type":"Feature","properties":{"pid":"024300030010"},"geometry":{"type":"Polygon","coordinates":[[[-84.469299,39.206842],[-84.469199,39.206669],[-84.469803,39.206442],[-84.46986,39.206674],[-84.469299,39.206842]]]}},{"type":"Feature","properties":{"pid":"024300030011"},"geometry":{"type":"Polygon","coordinates":[[[-84.469199,39.206669],[-84.469096,39.206518],[-84.469661,39.206304],[-84.469756,39.206459],[-84.469199,39.206669]]]}},{"type":"Feature","properties":{"pid":"024400050050"},"geometry":{"type":"Polygon","coordinates":[[[-84.472496,39.211282],[-84.472536,39.210856],[-84.472714,39.210866],[-84.472674,39.21129],[-84.472496,39.211282]]]}},{"type":"Feature","properties":{"pid":"024400040012"},"geometry":{"type":"Polygon","coordinates":[[[-84.4735,39.210329],[-84.47336,39.21032],[-84.473393,39.209979],[-84.473533,39.209989],[-84.4735,39.210329]]]}},{"type":"Feature","properties":{"pid":"024400040015"},"geometry":{"type":"Polygon","coordinates":[[[-84.472688,39.209934],[-84.472829,39.209943],[-84.4728,39.210281],[-84.472658,39.210271],[-84.472688,39.209934]]]}},{"type":"Feature","properties":{"pid":"024400040044"},"geometry":{"type":"Polygon","coordinates":[[[-84.472103,39.210234],[-84.471885,39.210082],[-84.471969,39.209994],[-84.472107,39.210192],[-84.472103,39.210234]]]}},{"type":"Feature","properties":{"pid":"024400040011"},"geometry":{"type":"Polygon","coordinates":[[[-84.472547,39.209926],[-84.472688,39.209934],[-84.472658,39.210271],[-84.472514,39.210262],[-84.472547,39.209926]]]}},{"type":"Feature","properties":{"pid":"024400040016"},"geometry":{"type":"Polygon","coordinates":[[[-84.472402,39.209916],[-84.472547,39.209926],[-84.472514,39.210262],[-84.472368,39.210252],[-84.472402,39.209916]]]}},{"type":"Feature","properties":{"pid":"024400040033"},"geometry":{"type":"Polygon","coordinates":[[[-84.472137,39.2099],[-84.472107,39.210192],[-84.471976,39.210033],[-84.47205,39.209894],[-84.472137,39.2099]]]}},{"type":"Feature","properties":{"pid":"024400040014"},"geometry":{"type":"Polygon","coordinates":[[[-84.472829,39.209943],[-84.472969,39.209952],[-84.472939,39.21029],[-84.4728,39.210281],[-84.472829,39.209943]]]}},{"type":"Feature","properties":{"pid":"024400040017"},"geometry":{"type":"Polygon","coordinates":[[[-84.47336,39.21032],[-84.473217,39.21031],[-84.473251,39.20997],[-84.473393,39.209979],[-84.47336,39.21032]]]}},{"type":"Feature","properties":{"pid":"024400040018"},"geometry":{"type":"Polygon","coordinates":[[[-84.473217,39.21031],[-84.47308,39.210301],[-84.473111,39.209961],[-84.473251,39.20997],[-84.473217,39.21031]]]}},{"type":"Feature","properties":{"pid":"024400040019"},"geometry":{"type":"Polygon","coordinates":[[[-84.472969,39.209952],[-84.473111,39.209961],[-84.47308,39.210301],[-84.472939,39.21029],[-84.472969,39.209952]]]}},{"type":"Feature","properties":{"pid":"024400040003"},"geometry":{"type":"Polygon","coordinates":[[[-84.474246,39.210097],[-84.474213,39.210379],[-84.4738,39.21035],[-84.473826,39.21007],[-84.474246,39.210097]]]}},{"type":"Feature","properties":{"pid":"024400040007"},"geometry":{"type":"Polygon","coordinates":[[[-84.474246,39.210097],[-84.473808,39.210069],[-84.473821,39.209936],[-84.474259,39.209964],[-84.474246,39.210097]]]}},{"type":"Feature","properties":{"pid":"024400040009"},"geometry":{"type":"Polygon","coordinates":[[[-84.474272,39.209823],[-84.473833,39.209797],[-84.473845,39.209663],[-84.474285,39.209692],[-84.474272,39.209823]]]}},{"type":"Feature","properties":{"pid":"024400040010"},"geometry":{"type":"Polygon","coordinates":[[[-84.473782,39.210349],[-84.473644,39.21034],[-84.473675,39.209997],[-84.473814,39.210006],[-84.473782,39.210349]]]}},{"type":"Feature","properties":{"pid":"024400040013"},"geometry":{"type":"Polygon","coordinates":[[[-84.473644,39.21034],[-84.4735,39.210329],[-84.473533,39.209989],[-84.473675,39.209997],[-84.473644,39.21034]]]}},{"type":"Feature","properties":{"pid":"059000710170"},"geometry":{"type":"Polygon","coordinates":[[[-84.475683,39.209821],[-84.475362,39.209792],[-84.475401,39.209376],[-84.475722,39.209405],[-84.475683,39.209821]]]}},{"type":"Feature","properties":{"pid":"024400040030"},"geometry":{"type":"Polygon","coordinates":[[[-84.474456,39.207846],[-84.474445,39.207956],[-84.474008,39.207928],[-84.474037,39.20782],[-84.474456,39.207846]]]}},{"type":"Feature","properties":{"pid":"024400040069"},"geometry":{"type":"Polygon","coordinates":[[[-84.474054,39.208369],[-84.474084,39.208043],[-84.474435,39.208065],[-84.474405,39.2084],[-84.474054,39.208369]]]}},{"type":"Feature","properties":{"pid":"024400040026"},"geometry":{"type":"Polygon","coordinates":[[[-84.473946,39.208591],[-84.473965,39.208372],[-84.474405,39.2084],[-84.474384,39.20862],[-84.473946,39.208591]]]}},{"type":"Feature","properties":{"pid":"024400040029"},"geometry":{"type":"Polygon","coordinates":[[[-84.474037,39.20782],[-84.474503,39.207324],[-84.474456,39.207846],[-84.474037,39.20782]]]}},{"type":"Feature","properties":{"pid":"024400040025"},"geometry":{"type":"Polygon","coordinates":[[[-84.473936,39.208701],[-84.473946,39.208591],[-84.474384,39.20862],[-84.474374,39.208729],[-84.473936,39.208701]]]}},{"type":"Feature","properties":{"pid":"024400040073"},"geometry":{"type":"Polygon","coordinates":[[[-84.47334,39.209026],[-84.472904,39.208866],[-84.473323,39.20842],[-84.473419,39.208475],[-84.473542,39.208345],[-84.473824,39.208363],[-84.473796,39.208693],[-84.474374,39.208729],[-84.474363,39.208852],[-84.473363,39.208788],[-84.47334,39.209026]]]}},{"type":"Feature","properties":{"pid":"059000710169"},"geometry":{"type":"Polygon","coordinates":[[[-84.475722,39.209405],[-84.475913,39.209423],[-84.475873,39.209839],[-84.475683,39.209821],[-84.475722,39.209405]]]}},{"type":"Feature","properties":{"pid":"059000710171"},"geometry":{"type":"Polygon","coordinates":[[[-84.475532,39.209388],[-84.475572,39.208971],[-84.475729,39.208986],[-84.47569,39.209402],[-84.475532,39.209388]]]}},{"type":"Feature","properties":{"pid":"059000710172"},"geometry":{"type":"Polygon","coordinates":[[[-84.475847,39.209417],[-84.47569,39.209402],[-84.475729,39.208986],[-84.475887,39.209],[-84.475847,39.209417]]]}},{"type":"Feature","properties":{"pid":"059000710168"},"geometry":{"type":"Polygon","coordinates":[[[-84.476084,39.209859],[-84.475873,39.209839],[-84.475913,39.209423],[-84.476123,39.209442],[-84.476084,39.209859]]]}},{"type":"Feature","properties":{"pid":"059000710174"},"geometry":{"type":"Polygon","coordinates":[[[-84.476004,39.209431],[-84.476044,39.209015],[-84.476198,39.209029],[-84.476159,39.209445],[-84.476004,39.209431]]]}},{"type":"Feature","properties":{"pid":"059000710433"},"geometry":{"type":"Polygon","coordinates":[[[-84.475263,39.209446],[-84.475394,39.209458],[-84.475362,39.209792],[-84.475231,39.20978],[-84.475263,39.209446]]]}},{"type":"Feature","properties":{"pid":"059000710175"},"geometry":{"type":"Polygon","coordinates":[[[-84.476295,39.209458],[-84.476159,39.209445],[-84.476198,39.209029],[-84.476352,39.209043],[-84.476295,39.209458]]]}},{"type":"Feature","properties":{"pid":"059000710173"},"geometry":{"type":"Polygon","coordinates":[[[-84.476004,39.209431],[-84.475847,39.209417],[-84.475887,39.209],[-84.476044,39.209015],[-84.476004,39.209431]]]}},{"type":"Feature","properties":{"pid":"059000710176"},"geometry":{"type":"Polygon","coordinates":[[[-84.476313,39.209459],[-84.476352,39.209043],[-84.476507,39.209057],[-84.476467,39.209473],[-84.476313,39.209459]]]}},{"type":"Feature","properties":{"pid":"059000710177"},"geometry":{"type":"Polygon","coordinates":[[[-84.476467,39.209473],[-84.476507,39.209057],[-84.476664,39.209072],[-84.476625,39.209488],[-84.476467,39.209473]]]}},{"type":"Feature","properties":{"pid":"059000710165"},"geometry":{"type":"Polygon","coordinates":[[[-84.476603,39.209906],[-84.476084,39.209859],[-84.476123,39.209442],[-84.476642,39.209489],[-84.476603,39.209906]]]}},{"type":"Feature","properties":{"pid":"059000710360"},"geometry":{"type":"Polygon","coordinates":[[[-84.4754,39.209287],[-84.475431,39.208959],[-84.475572,39.208971],[-84.47554,39.2093],[-84.4754,39.209287]]]}},{"type":"Feature","properties":{"pid":"059000810272"},"geometry":{"type":"Polygon","coordinates":[[[-84.477515,39.215357],[-84.477146,39.215324],[-84.477165,39.215201],[-84.477533,39.215235],[-84.477515,39.215357]]]}},{"type":"Feature","properties":{"pid":"059000810200"},"geometry":{"type":"Polygon","coordinates":[[[-84.477504,39.215426],[-84.477136,39.215392],[-84.477146,39.215324],[-84.477515,39.215357],[-84.477504,39.215426]]]}},{"type":"Feature","properties":{"pid":"059000810247"},"geometry":{"type":"Polygon","coordinates":[[[-84.477136,39.215392],[-84.476768,39.215359],[-84.476778,39.21529],[-84.477146,39.215324],[-84.477136,39.215392]]]}},{"type":"Feature","properties":{"pid":"059000810248"},"geometry":{"type":"Polygon","coordinates":[[[-84.476797,39.215165],[-84.477165,39.215198],[-84.477153,39.215283],[-84.476785,39.21525],[-84.476797,39.215165]]]}},{"type":"Feature","properties":{"pid":"059000810253"},"geometry":{"type":"Polygon","coordinates":[[[-84.477169,39.215174],[-84.476801,39.21514],[-84.476816,39.215042],[-84.477184,39.215076],[-84.477169,39.215174]]]}},{"type":"Feature","properties":{"pid":"059000810273"},"geometry":{"type":"Polygon","coordinates":[[[-84.477169,39.215174],[-84.477183,39.215078],[-84.477551,39.215112],[-84.477537,39.215207],[-84.477169,39.215174]]]}},{"type":"Feature","properties":{"pid":"024500060123"},"geometry":{"type":"Polygon","coordinates":[[[-84.47286,39.213248],[-84.472824,39.213631],[-84.472685,39.21363],[-84.472721,39.213246],[-84.47286,39.213248]]]}},{"type":"Feature","properties":{"pid":"024500060010"},"geometry":{"type":"Polygon","coordinates":[[[-84.471543,39.212978],[-84.471277,39.212975],[-84.471329,39.212403],[-84.471593,39.212416],[-84.471543,39.212978]]]}},{"type":"Feature","properties":{"pid":"024500060169"},"geometry":{"type":"Polygon","coordinates":[[[-84.471145,39.212672],[-84.47117,39.212394],[-84.471329,39.212403],[-84.471304,39.212673],[-84.471145,39.212672]]]}},{"type":"Feature","properties":{"pid":"024500060176"},"geometry":{"type":"Polygon","coordinates":[[[-84.471562,39.212781],[-84.471593,39.212416],[-84.471775,39.212418],[-84.471746,39.212799],[-84.471562,39.212781]]]}},{"type":"Feature","properties":{"pid":"024500060171"},"geometry":{"type":"Polygon","coordinates":[[[-84.471267,39.213082],[-84.470891,39.213079],[-84.470694,39.213077],[-84.470853,39.212944],[-84.47128,39.212947],[-84.471267,39.213082]]]}},{"type":"Feature","properties":{"pid":"024500060172"},"geometry":{"type":"Polygon","coordinates":[[[-84.471291,39.21281],[-84.47128,39.212947],[-84.470853,39.212944],[-84.470944,39.212808],[-84.471291,39.21281]]]}},{"type":"Feature","properties":{"pid":"024500060173"},"geometry":{"type":"Polygon","coordinates":[[[-84.471291,39.21281],[-84.470944,39.212808],[-84.470985,39.21267],[-84.471304,39.212673],[-84.471291,39.21281]]]}},{"type":"Feature","properties":{"pid":"024500060174"},"geometry":{"type":"Polygon","coordinates":[[[-84.470789,39.212716],[-84.470721,39.21285],[-84.47028,39.212824],[-84.470293,39.212689],[-84.470789,39.212716]]]}},{"type":"Feature","properties":{"pid":"024500060175"},"geometry":{"type":"Polygon","coordinates":[[[-84.470567,39.212704],[-84.470598,39.212376],[-84.470781,39.212385],[-84.470822,39.212435],[-84.470789,39.212716],[-84.470567,39.212704]]]}},{"type":"Feature","properties":{"pid":"024500060137"},"geometry":{"type":"Polygon","coordinates":[[[-84.470215,39.213214],[-84.470391,39.213216],[-84.470356,39.213599],[-84.47018,39.213597],[-84.470215,39.213214]]]}},{"type":"Feature","properties":{"pid":"024500060138"},"geometry":{"type":"Polygon","coordinates":[[[-84.470038,39.21322],[-84.470214,39.213222],[-84.47018,39.213597],[-84.470003,39.213595],[-84.470038,39.21322]]]}},{"type":"Feature","properties":{"pid":"024500060125"},"geometry":{"type":"Polygon","coordinates":[[[-84.472297,39.213625],[-84.472332,39.213241],[-84.472509,39.213244],[-84.472473,39.213627],[-84.472297,39.213625]]]}},{"type":"Feature","properties":{"pid":"024500060126"},"geometry":{"type":"Polygon","coordinates":[[[-84.47212,39.213622],[-84.472156,39.213239],[-84.472332,39.213241],[-84.472297,39.213625],[-84.47212,39.213622]]]}},{"type":"Feature","properties":{"pid":"024500060128"},"geometry":{"type":"Polygon","coordinates":[[[-84.471768,39.213618],[-84.471803,39.213234],[-84.471979,39.213237],[-84.471944,39.21362],[-84.471768,39.213618]]]}},{"type":"Feature","properties":{"pid":"024500060011"},"geometry":{"type":"Polygon","coordinates":[[[-84.470309,39.213077],[-84.470331,39.212827],[-84.470721,39.21285],[-84.470576,39.21298],[-84.470309,39.213077]]]}},{"type":"Feature","properties":{"pid":"024500060012"},"geometry":{"type":"Polygon","coordinates":[[[-84.470567,39.212704],[-84.470293,39.212689],[-84.470323,39.212373],[-84.470598,39.212376],[-84.470567,39.212704]]]}},{"type":"Feature","properties":{"pid":"024500060148"},"geometry":{"type":"Polygon","coordinates":[[[-84.469969,39.212751],[-84.470005,39.212368],[-84.470164,39.21237],[-84.470129,39.212754],[-84.469969,39.212751]]]}},{"type":"Feature","properties":{"pid":"024500060150"},"geometry":{"type":"Polygon","coordinates":[[[-84.470111,39.212949],[-84.470164,39.21237],[-84.470323,39.212373],[-84.470268,39.212951],[-84.470111,39.212949]]]}},{"type":"Feature","properties":{"pid":"024500060152"},"geometry":{"type":"Polygon","coordinates":[[[-84.469499,39.212941],[-84.469508,39.212842],[-84.47012,39.212851],[-84.470111,39.212949],[-84.469499,39.212941]]]}},{"type":"Feature","properties":{"pid":"024500060154"},"geometry":{"type":"Polygon","coordinates":[[[-84.469487,39.213066],[-84.469499,39.212941],[-84.470319,39.212952],[-84.470309,39.213077],[-84.469487,39.213066]]]}},{"type":"Feature","properties":{"pid":"024500060164"},"geometry":{"type":"Polygon","coordinates":[[[-84.469517,39.212744],[-84.469599,39.212646],[-84.469979,39.212651],[-84.469969,39.212751],[-84.469517,39.212744]]]}},{"type":"Feature","properties":{"pid":"024500060168"},"geometry":{"type":"Polygon","coordinates":[[[-84.471029,39.212395],[-84.47117,39.212394],[-84.471145,39.212672],[-84.470985,39.21267],[-84.471029,39.212395]]]}},{"type":"Feature","properties":{"pid":"024500060129"},"geometry":{"type":"Polygon","coordinates":[[[-84.471591,39.213616],[-84.471627,39.213232],[-84.471803,39.213234],[-84.471768,39.213618],[-84.471591,39.213616]]]}},{"type":"Feature","properties":{"pid":"024500060134"},"geometry":{"type":"Polygon","coordinates":[[[-84.470709,39.213604],[-84.470744,39.213221],[-84.470921,39.213223],[-84.470885,39.213606],[-84.470709,39.213604]]]}},{"type":"Feature","properties":{"pid":"024400050039"},"geometry":{"type":"Polygon","coordinates":[[[-84.470572,39.211634],[-84.470846,39.211348],[-84.470931,39.211351],[-84.470902,39.211646],[-84.470572,39.211634]]]}},{"type":"Feature","properties":{"pid":"024400050078"},"geometry":{"type":"Polygon","coordinates":[[[-84.471835,39.210782],[-84.471406,39.210758],[-84.471505,39.210654],[-84.471846,39.210673],[-84.471835,39.210782]]]}},{"type":"Feature","properties":{"pid":"024400050049"},"geometry":{"type":"Polygon","coordinates":[[[-84.472851,39.211298],[-84.472674,39.21129],[-84.472714,39.210866],[-84.472889,39.210875],[-84.472851,39.211298]]]}},{"type":"Feature","properties":{"pid":"024400050072"},"geometry":{"type":"Polygon","coordinates":[[[-84.471505,39.210654],[-84.471768,39.210377],[-84.471873,39.210383],[-84.471846,39.210673],[-84.471505,39.210654]]]}},{"type":"Feature","properties":{"pid":"024400050065"},"geometry":{"type":"Polygon","coordinates":[[[-84.472978,39.210881],[-84.472846,39.210873],[-84.472886,39.210453],[-84.473018,39.210462],[-84.472978,39.210881]]]}},{"type":"Feature","properties":{"pid":"024400050066"},"geometry":{"type":"Polygon","coordinates":[[[-84.472886,39.210453],[-84.472846,39.210873],[-84.472714,39.210866],[-84.472754,39.210444],[-84.472886,39.210453]]]}},{"type":"Feature","properties":{"pid":"024400050077"},"geometry":{"type":"Polygon","coordinates":[[[-84.471142,39.211206],[-84.4712,39.210977],[-84.471321,39.210983],[-84.471295,39.21123],[-84.471142,39.211206]]]}},{"type":"Feature","properties":{"pid":"024400050071"},"geometry":{"type":"Polygon","coordinates":[[[-84.47206,39.210829],[-84.471939,39.210822],[-84.471979,39.210391],[-84.472102,39.210399],[-84.47206,39.210829]]]}},{"type":"Feature","properties":{"pid":"024400050067"},"geometry":{"type":"Polygon","coordinates":[[[-84.472714,39.210866],[-84.472574,39.210858],[-84.472614,39.210434],[-84.472754,39.210444],[-84.472714,39.210866]]]}},{"type":"Feature","properties":{"pid":"024400050046"},"geometry":{"type":"Polygon","coordinates":[[[-84.473033,39.210884],[-84.473243,39.210897],[-84.473204,39.211313],[-84.472991,39.211304],[-84.473033,39.210884]]]}},{"type":"Feature","properties":{"pid":"059000810284"},"geometry":{"type":"Polygon","coordinates":[[[-84.479339,39.216698],[-84.479351,39.216613],[-84.47972,39.216647],[-84.479707,39.216731],[-84.479339,39.216698]]]}},{"type":"Feature","properties":{"pid":"059000810467"},"geometry":{"type":"Polygon","coordinates":[[[-84.479355,39.216589],[-84.47937,39.216491],[-84.479738,39.216524],[-84.47972,39.216647],[-84.479355,39.216589]]]}},{"type":"Feature","properties":{"pid":"059000810469"},"geometry":{"type":"Polygon","coordinates":[[[-84.479313,39.21687],[-84.479331,39.216747],[-84.4797,39.21678],[-84.479681,39.216903],[-84.479313,39.21687]]]}},{"type":"Feature","properties":{"pid":"059000810286"},"geometry":{"type":"Polygon","coordinates":[[[-84.47974,39.216513],[-84.479372,39.21648],[-84.479388,39.216371],[-84.479756,39.216404],[-84.47974,39.216513]]]}},{"type":"Feature","properties":{"pid":"059000810472"},"geometry":{"type":"Polygon","coordinates":[[[-84.479661,39.217037],[-84.479293,39.217003],[-84.479306,39.216916],[-84.479674,39.21695],[-84.479661,39.217037]]]}},{"type":"Feature","properties":{"pid":"059000810179"},"geometry":{"type":"Polygon","coordinates":[[[-84.477259,39.214574],[-84.476891,39.21454],[-84.476903,39.214459],[-84.477271,39.214492],[-84.477259,39.214574]]]}},{"type":"Feature","properties":{"pid":"059000810170"},"geometry":{"type":"Polygon","coordinates":[[[-84.47737,39.213838],[-84.477002,39.213804],[-84.477018,39.213695],[-84.477386,39.213729],[-84.47737,39.213838]]]}},{"type":"Feature","properties":{"pid":"059000810171"},"geometry":{"type":"Polygon","coordinates":[[[-84.477002,39.213804],[-84.47737,39.213838],[-84.477353,39.213947],[-84.476985,39.213913],[-84.477002,39.213804]]]}},{"type":"Feature","properties":{"pid":"059000810172"},"geometry":{"type":"Polygon","coordinates":[[[-84.477337,39.214056],[-84.476969,39.214022],[-84.476985,39.213913],[-84.477353,39.213947],[-84.477337,39.214056]]]}},{"type":"Feature","properties":{"pid":"059000810403"},"geometry":{"type":"Polygon","coordinates":[[[-84.477713,39.214034],[-84.477345,39.214],[-84.477361,39.213893],[-84.477729,39.213927],[-84.477713,39.214034]]]}},{"type":"Feature","properties":{"pid":"059000810404"},"geometry":{"type":"Polygon","coordinates":[[[-84.477738,39.213871],[-84.47737,39.213838],[-84.47738,39.213768],[-84.477748,39.213802],[-84.477738,39.213871]]]}},{"type":"Feature","properties":{"pid":"059000810405"},"geometry":{"type":"Polygon","coordinates":[[[-84.477337,39.214056],[-84.477705,39.214089],[-84.477695,39.214158],[-84.477327,39.214125],[-84.477337,39.214056]]]}},{"type":"Feature","properties":{"pid":"059000810181"},"geometry":{"type":"Polygon","coordinates":[[[-84.477222,39.214819],[-84.476854,39.214786],[-84.476871,39.214677],[-84.477239,39.21471],[-84.477222,39.214819]]]}},{"type":"Feature","properties":{"pid":"059000810205"},"geometry":{"type":"Polygon","coordinates":[[[-84.47759,39.214853],[-84.477222,39.214819],[-84.477239,39.21471],[-84.477607,39.214744],[-84.47759,39.214853]]]}},{"type":"Feature","properties":{"pid":"059000810206"},"geometry":{"type":"Polygon","coordinates":[[[-84.477623,39.214635],[-84.477607,39.214744],[-84.477239,39.21471],[-84.477255,39.214601],[-84.477623,39.214635]]]}},{"type":"Feature","properties":{"pid":"059000810207"},"geometry":{"type":"Polygon","coordinates":[[[-84.477623,39.214635],[-84.477255,39.214601],[-84.477271,39.214492],[-84.477639,39.214526],[-84.477623,39.214635]]]}},{"type":"Feature","properties":{"pid":"059000810208"},"geometry":{"type":"Polygon","coordinates":[[[-84.477639,39.214526],[-84.477271,39.214492],[-84.477288,39.214383],[-84.477656,39.214417],[-84.477639,39.214526]]]}},{"type":"Feature","properties":{"pid":"059000810262"},"geometry":{"type":"Polygon","coordinates":[[[-84.477241,39.214697],[-84.476873,39.214663],[-84.476891,39.21454],[-84.477259,39.214574],[-84.477241,39.214697]]]}},{"type":"Feature","properties":{"pid":"024400020001"},"geometry":{"type":"Polygon","coordinates":[[[-84.469621,39.208793],[-84.469466,39.208691],[-84.469756,39.208468],[-84.469893,39.208523],[-84.469621,39.208793]]]}},{"type":"Feature","properties":{"pid":"024400020002"},"geometry":{"type":"Polygon","coordinates":[[[-84.470118,39.209457],[-84.469913,39.209331],[-84.470345,39.208858],[-84.470578,39.208978],[-84.470118,39.209457]]]}},{"type":"Feature","properties":{"pid":"024400020003"},"geometry":{"type":"Polygon","coordinates":[[[-84.470532,39.209692],[-84.470389,39.209611],[-84.471116,39.20884],[-84.471268,39.208917],[-84.470532,39.209692]]]}},{"type":"Feature","properties":{"pid":"024400020004"},"geometry":{"type":"Polygon","coordinates":[[[-84.470775,39.20983],[-84.470676,39.209774],[-84.471069,39.209354],[-84.47117,39.209412],[-84.470775,39.20983]]]}},{"type":"Feature","properties":{"pid":"024400020005"},"geometry":{"type":"Polygon","coordinates":[[[-84.470966,39.209938],[-84.471255,39.209634],[-84.471535,39.209794],[-84.471297,39.209989],[-84.471107,39.209999],[-84.470966,39.209938]]]}},{"type":"Feature","properties":{"pid":"024400020006"},"geometry":{"type":"Polygon","coordinates":[[[-84.471069,39.209354],[-84.471131,39.209288],[-84.471703,39.209615],[-84.471638,39.209685],[-84.471069,39.209354]]]}},{"type":"Feature","properties":{"pid":"024400020007"},"geometry":{"type":"Polygon","coordinates":[[[-84.471347,39.209057],[-84.47192,39.209384],[-84.471816,39.209495],[-84.471243,39.209168],[-84.471347,39.209057]]]}},{"type":"Feature","properties":{"pid":"024400020047"},"geometry":{"type":"Polygon","coordinates":[[[-84.469767,39.208943],[-84.469621,39.208793],[-84.469893,39.208523],[-84.470101,39.208607],[-84.469767,39.208943]]]}},{"type":"Feature","properties":{"pid":"024400020058"},"geometry":{"type":"Polygon","coordinates":[[[-84.470876,39.209888],[-84.47127,39.209469],[-84.471354,39.209517],[-84.470957,39.209933],[-84.470876,39.209888]]]}},{"type":"Feature","properties":{"pid":"024400020059"},"geometry":{"type":"Polygon","coordinates":[[[-84.471766,39.209548],[-84.471712,39.209605],[-84.47114,39.209279],[-84.471194,39.209221],[-84.471766,39.209548]]]}},{"type":"Feature","properties":{"pid":"024400020061"},"geometry":{"type":"Polygon","coordinates":[[[-84.47117,39.209412],[-84.47127,39.209469],[-84.470876,39.209888],[-84.470775,39.20983],[-84.47117,39.209412]]]}},{"type":"Feature","properties":{"pid":"024400020068"},"geometry":{"type":"Polygon","coordinates":[[[-84.470532,39.209692],[-84.471268,39.208917],[-84.471411,39.208989],[-84.470676,39.209774],[-84.470532,39.209692]]]}},{"type":"Feature","properties":{"pid":"024400020069"},"geometry":{"type":"Polygon","coordinates":[[[-84.470447,39.208746],[-84.470345,39.208858],[-84.469913,39.209331],[-84.469852,39.209097],[-84.470273,39.208676],[-84.470447,39.208746]]]}},{"type":"Feature","properties":{"pid":"024400020070"},"geometry":{"type":"Polygon","coordinates":[[[-84.469852,39.209097],[-84.469767,39.208943],[-84.470101,39.208607],[-84.470273,39.208676],[-84.469852,39.209097]]]}},{"type":"Feature","properties":{"pid":"024400020071"},"geometry":{"type":"Polygon","coordinates":[[[-84.469757,39.208467],[-84.469959,39.208345],[-84.470601,39.208579],[-84.470447,39.208746],[-84.469757,39.208467]]]}},{"type":"Feature","properties":{"pid":"024400020076"},"geometry":{"type":"Polygon","coordinates":[[[-84.470389,39.209611],[-84.470253,39.209534],[-84.470599,39.209186],[-84.470725,39.209255],[-84.470389,39.209611]]]}},{"type":"Feature","properties":{"pid":"024400020077"},"geometry":{"type":"Polygon","coordinates":[[[-84.470253,39.209534],[-84.470142,39.209471],[-84.470478,39.209121],[-84.470599,39.209186],[-84.470253,39.209534]]]}},{"type":"Feature","properties":{"pid":"024400020081"},"geometry":{"type":"Polygon","coordinates":[[[-84.470454,39.209107],[-84.470578,39.208978],[-84.470345,39.208858],[-84.470601,39.208579],[-84.470857,39.208709],[-84.470454,39.209107]]]}},{"type":"Feature","properties":{"pid":"024400020083"},"geometry":{"type":"Polygon","coordinates":[[[-84.471354,39.209517],[-84.471638,39.209685],[-84.471535,39.209794],[-84.471247,39.209629],[-84.471354,39.209517]]]}},{"type":"Feature","properties":{"pid":"024400020008"},"geometry":{"type":"Polygon","coordinates":[[[-84.471508,39.209037],[-84.471722,39.208817],[-84.472211,39.209074],[-84.472007,39.209292],[-84.471508,39.209037]]]}},{"type":"Feature","properties":{"pid":"024400020011"},"geometry":{"type":"Polygon","coordinates":[[[-84.471655,39.207953],[-84.471278,39.208922],[-84.471167,39.208866],[-84.471486,39.207952],[-84.471655,39.207953]]]}},{"type":"Feature","properties":{"pid":"024400020012"},"geometry":{"type":"Polygon","coordinates":[[[-84.470998,39.207996],[-84.471166,39.207973],[-84.470899,39.20873],[-84.47077,39.208664],[-84.470998,39.207996]]]}},{"type":"Feature","properties":{"pid":"024400020014"},"geometry":{"type":"Polygon","coordinates":[[[-84.470674,39.208377],[-84.470357,39.208164],[-84.4708,39.208033],[-84.470674,39.208377]]]}},{"type":"Feature","properties":{"pid":"024400020039"},"geometry":{"type":"Polygon","coordinates":[[[-84.472072,39.208494],[-84.472207,39.208013],[-84.47236,39.208045],[-84.472228,39.208517],[-84.472072,39.208494]]]}},{"type":"Feature","properties":{"pid":"024400020043"},"geometry":{"type":"Polygon","coordinates":[[[-84.472498,39.208476],[-84.472682,39.208138],[-84.472826,39.208191],[-84.472605,39.208505],[-84.472498,39.208476]]]}},{"type":"Feature","properties":{"pid":"024400020049"},"geometry":{"type":"Polygon","coordinates":[[[-84.472375,39.208443],[-84.472519,39.208087],[-84.472671,39.208134],[-84.472484,39.208472],[-84.472375,39.208443]]]}},{"type":"Feature","properties":{"pid":"024400020051"},"geometry":{"type":"Polygon","coordinates":[[[-84.472253,39.208428],[-84.47236,39.208045],[-84.472519,39.208087],[-84.472371,39.20845],[-84.472253,39.208428]]]}},{"type":"Feature","properties":{"pid":"024400020052"},"geometry":{"type":"Polygon","coordinates":[[[-84.470601,39.208579],[-84.4708,39.208033],[-84.470998,39.207996],[-84.47077,39.208664],[-84.470601,39.208579]]]}},{"type":"Feature","properties":{"pid":"024400020053"},"geometry":{"type":"Polygon","coordinates":[[[-84.471508,39.209037],[-84.471958,39.207975],[-84.472129,39.207999],[-84.471905,39.208628],[-84.471508,39.209037]]]}},{"type":"Feature","properties":{"pid":"024400020054"},"geometry":{"type":"Polygon","coordinates":[[[-84.471167,39.208866],[-84.471028,39.208795],[-84.471343,39.207958],[-84.471486,39.207952],[-84.471167,39.208866]]]}},{"type":"Feature","properties":{"pid":"024400020060"},"geometry":{"type":"Polygon","coordinates":[[[-84.471508,39.209037],[-84.471393,39.20898],[-84.471807,39.207961],[-84.471958,39.207975],[-84.471508,39.209037]]]}},{"type":"Feature","properties":{"pid":"024400020066"},"geometry":{"type":"Polygon","coordinates":[[[-84.472056,39.208473],[-84.472128,39.208293],[-84.472071,39.208494],[-84.472228,39.208517],[-84.472253,39.208428],[-84.472716,39.208535],[-84.472555,39.208707],[-84.471942,39.208524],[-84.471968,39.208452],[-84.472056,39.208473]]]}},{"type":"Feature","properties":{"pid":"024400020072"},"geometry":{"type":"Polygon","coordinates":[[[-84.472007,39.209292],[-84.47192,39.209384],[-84.471347,39.209057],[-84.471411,39.208989],[-84.472007,39.209292]]]}},{"type":"Feature","properties":{"pid":"024400020080"},"geometry":{"type":"Polygon","coordinates":[[[-84.472359,39.208916],[-84.472211,39.209074],[-84.471722,39.208817],[-84.471863,39.208671],[-84.472359,39.208916]]]}},{"type":"Feature","properties":{"pid":"024400020015"},"geometry":{"type":"Polygon","coordinates":[[[-84.469811,39.208199],[-84.470232,39.207624],[-84.470299,39.207657],[-84.470472,39.207783],[-84.470592,39.207943],[-84.469862,39.208231],[-84.469811,39.208199]]]}},{"type":"Feature","properties":{"pid":"024400020016"},"geometry":{"type":"Polygon","coordinates":[[[-84.470592,39.207943],[-84.47042,39.207737],[-84.470232,39.207624],[-84.470445,39.207332],[-84.470689,39.207523],[-84.470812,39.207762],[-84.470826,39.207889],[-84.470592,39.207943]]]}},{"type":"Feature","properties":{"pid":"024400020017"},"geometry":{"type":"Polygon","coordinates":[[[-84.470896,39.207554],[-84.470818,39.207567],[-84.470547,39.207221],[-84.470669,39.207113],[-84.470896,39.207554]]]}},{"type":"Feature","properties":{"pid":"024400020019"},"geometry":{"type":"Polygon","coordinates":[[[-84.471101,39.207428],[-84.470977,39.207448],[-84.470805,39.207013],[-84.47098,39.206909],[-84.471101,39.207428]]]}},{"type":"Feature","properties":{"pid":"024400020020"},"geometry":{"type":"Polygon","coordinates":[[[-84.471012,39.207856],[-84.470826,39.207889],[-84.470733,39.207581],[-84.470962,39.207544],[-84.471012,39.207856]]]}},{"type":"Feature","properties":{"pid":"024400020021"},"geometry":{"type":"Polygon","coordinates":[[[-84.471012,39.207856],[-84.470962,39.207544],[-84.470896,39.207554],[-84.470852,39.207468],[-84.471101,39.207428],[-84.471196,39.207834],[-84.471012,39.207856]]]}},{"type":"Feature","properties":{"pid":"024400020023"},"geometry":{"type":"Polygon","coordinates":[[[-84.471697,39.20782],[-84.471451,39.207817],[-84.471392,39.207272],[-84.471698,39.207248],[-84.471697,39.20782]]]}},{"type":"Feature","properties":{"pid":"024400020024"},"geometry":{"type":"Polygon","coordinates":[[[-84.471994,39.20726],[-84.471918,39.207837],[-84.471697,39.20782],[-84.471698,39.207248],[-84.471994,39.20726]]]}},{"type":"Feature","properties":{"pid":"024400020029"},"geometry":{"type":"Polygon","coordinates":[[[-84.471701,39.206692],[-84.471912,39.206668],[-84.471907,39.207257],[-84.471698,39.207248],[-84.471701,39.206692]]]}},{"type":"Feature","properties":{"pid":"024400020030"},"geometry":{"type":"Polygon","coordinates":[[[-84.472157,39.207268],[-84.472034,39.207262],[-84.472072,39.206649],[-84.472233,39.20663],[-84.472157,39.207268]]]}},{"type":"Feature","properties":{"pid":"024400020031"},"geometry":{"type":"Polygon","coordinates":[[[-84.472506,39.20728],[-84.472286,39.207273],[-84.472393,39.206612],[-84.472551,39.206593],[-84.472506,39.20728]]]}},{"type":"Feature","properties":{"pid":"024400020033"},"geometry":{"type":"Polygon","coordinates":[[[-84.472888,39.207293],[-84.472868,39.206556],[-84.473016,39.206539],[-84.473036,39.2073],[-84.472888,39.207293]]]}},{"type":"Feature","properties":{"pid":"024400020038"},"geometry":{"type":"Polygon","coordinates":[[[-84.471589,39.207256],[-84.471482,39.207265],[-84.471456,39.206734],[-84.471578,39.20671],[-84.471589,39.207256]]]}},{"type":"Feature","properties":{"pid":"024400020041"},"geometry":{"type":"Polygon","coordinates":[[[-84.471698,39.207248],[-84.471589,39.207256],[-84.471578,39.20671],[-84.471699,39.206693],[-84.471698,39.207248]]]}},{"type":"Feature","properties":{"pid":"024400020044"},"geometry":{"type":"Polygon","coordinates":[[[-84.470818,39.207567],[-84.470733,39.207581],[-84.470445,39.207332],[-84.470547,39.207221],[-84.470818,39.207567]]]}},{"type":"Feature","properties":{"pid":"024400020075"},"geometry":{"type":"Polygon","coordinates":[[[-84.47243,39.207928],[-84.472294,39.207896],[-84.472427,39.207278],[-84.472566,39.207282],[-84.47243,39.207928]]]}},{"type":"Feature","properties":{"pid":"024400020027"},"geometry":{"type":"Polygon","coordinates":[[[-84.473054,39.208165],[-84.47269,39.208004],[-84.473036,39.2073],[-84.473657,39.20752],[-84.473054,39.208165]]]}},{"type":"Feature","properties":{"pid":"024400020046"},"geometry":{"type":"Polygon","coordinates":[[[-84.471211,39.206806],[-84.471275,39.207281],[-84.471071,39.207297],[-84.47098,39.206909],[-84.471211,39.206806]]]}},{"type":"Feature","properties":{"pid":"024400020048"},"geometry":{"type":"Polygon","coordinates":[[[-84.472717,39.207287],[-84.472829,39.207291],[-84.47269,39.208004],[-84.472567,39.207965],[-84.472717,39.207287]]]}},{"type":"Feature","properties":{"pid":"024400020055"},"geometry":{"type":"Polygon","coordinates":[[[-84.471392,39.207272],[-84.471275,39.207281],[-84.471211,39.206806],[-84.471338,39.206765],[-84.471392,39.207272]]]}},{"type":"Feature","properties":{"pid":"024400020057"},"geometry":{"type":"Polygon","coordinates":[[[-84.472286,39.207273],[-84.472157,39.207268],[-84.472233,39.20663],[-84.472393,39.206612],[-84.472286,39.207273]]]}},{"type":"Feature","properties":{"pid":"024400020062"},"geometry":{"type":"Polygon","coordinates":[[[-84.472294,39.207896],[-84.472143,39.207867],[-84.472286,39.207273],[-84.472427,39.207278],[-84.472294,39.207896]]]}},{"type":"Feature","properties":{"pid":"024400020064"},"geometry":{"type":"Polygon","coordinates":[[[-84.472888,39.207293],[-84.472717,39.207287],[-84.472709,39.206575],[-84.472868,39.206556],[-84.472888,39.207293]]]}},{"type":"Feature","properties":{"pid":"024400010005"},"geometry":{"type":"Polygon","coordinates":[[[-84.474612,39.204876],[-84.474743,39.204849],[-84.474696,39.20534],[-84.474396,39.205323],[-84.474549,39.205126],[-84.474612,39.204876]]]}},{"type":"Feature","properties":{"pid":"024400010003"},"geometry":{"type":"Polygon","coordinates":[[[-84.474622,39.206078],[-84.474204,39.206127],[-84.474185,39.206026],[-84.474633,39.205974],[-84.474622,39.206078]]]}},{"type":"Feature","properties":{"pid":"024400010010"},"geometry":{"type":"Polygon","coordinates":[[[-84.473889,39.205023],[-84.474019,39.204997],[-84.474569,39.205804],[-84.473602,39.205919],[-84.473489,39.205314],[-84.473889,39.205023]]]}},{"type":"Feature","properties":{"pid":"024300030020"},"geometry":{"type":"Polygon","coordinates":[[[-84.469282,39.207204],[-84.46872,39.207026],[-84.468984,39.206626],[-84.469123,39.206851],[-84.469282,39.207204]]]}},{"type":"Feature","properties":{"pid":"024300030021"},"geometry":{"type":"Polygon","coordinates":[[[-84.46872,39.207026],[-84.468556,39.206974],[-84.468696,39.206767],[-84.468847,39.206835],[-84.46872,39.207026]]]}},{"type":"Feature","properties":{"pid":"024300030022"},"geometry":{"type":"Polygon","coordinates":[[[-84.468773,39.206358],[-84.468883,39.20649],[-84.468696,39.206767],[-84.468541,39.206697],[-84.468773,39.206358]]]}},{"type":"Feature","properties":{"pid":"024300030023"},"geometry":{"type":"Polygon","coordinates":[[[-84.468388,39.20692],[-84.468174,39.206852],[-84.468381,39.206555],[-84.468576,39.206646],[-84.468388,39.20692]]]}},{"type":"Feature","properties":{"pid":"024300030024"},"geometry":{"type":"Polygon","coordinates":[[[-84.468174,39.206852],[-84.467965,39.206786],[-84.468191,39.206467],[-84.468381,39.206555],[-84.468174,39.206852]]]}},{"type":"Feature","properties":{"pid":"024300030027"},"geometry":{"type":"Polygon","coordinates":[[[-84.468412,39.206512],[-84.468222,39.206423],[-84.468468,39.206075],[-84.468624,39.206208],[-84.468412,39.206512]]]}},{"type":"Feature","properties":{"pid":"024300030037"},"geometry":{"type":"Polygon","coordinates":[[[-84.467653,39.206147],[-84.467541,39.206103],[-84.467819,39.205638],[-84.467934,39.205703],[-84.467653,39.206147]]]}},{"type":"Feature","properties":{"pid":"024300030040"},"geometry":{"type":"Polygon","coordinates":[[[-84.467323,39.205945],[-84.467196,39.205897],[-84.467436,39.205468],[-84.467563,39.205516],[-84.467323,39.205945]]]}},{"type":"Feature","properties":{"pid":"024300030077"},"geometry":{"type":"Polygon","coordinates":[[[-84.467892,39.206249],[-84.468156,39.20584],[-84.468265,39.205912],[-84.467999,39.206309],[-84.467892,39.206249]]]}},{"type":"Feature","properties":{"pid":"024300030095"},"geometry":{"type":"Polygon","coordinates":[[[-84.468556,39.206974],[-84.468388,39.20692],[-84.468541,39.206697],[-84.468696,39.206767],[-84.468556,39.206974]]]}},{"type":"Feature","properties":{"pid":"024300030096"},"geometry":{"type":"Polygon","coordinates":[[[-84.468847,39.206835],[-84.468696,39.206767],[-84.468883,39.20649],[-84.468984,39.206626],[-84.468847,39.206835]]]}},{"type":"Feature","properties":{"pid":"024300030111"},"geometry":{"type":"Polygon","coordinates":[[[-84.467021,39.206482],[-84.466765,39.206398],[-84.46693,39.2061],[-84.467181,39.206199],[-84.467021,39.206482]]]}},{"type":"Feature","properties":{"pid":"024300040020"},"geometry":{"type":"Polygon","coordinates":[[[-84.469304,39.208623],[-84.468946,39.208554],[-84.468989,39.208436],[-84.469357,39.208517],[-84.469304,39.208623]]]}},{"type":"Feature","properties":{"pid":"024300040042"},"geometry":{"type":"Polygon","coordinates":[[[-84.468815,39.207756],[-84.468906,39.207585],[-84.469349,39.207454],[-84.469392,39.207662],[-84.468815,39.207756]]]}},{"type":"Feature","properties":{"pid":"024300040047"},"geometry":{"type":"Polygon","coordinates":[[[-84.469067,39.20728],[-84.469349,39.207454],[-84.468906,39.207585],[-84.469067,39.20728]]]}},{"type":"Feature","properties":{"pid":"024300040053"},"geometry":{"type":"Polygon","coordinates":[[[-84.468574,39.208592],[-84.468769,39.208209],[-84.468639,39.208169],[-84.468804,39.20785],[-84.469061,39.207967],[-84.469056,39.208254],[-84.468946,39.208554],[-84.468574,39.208592]]]}},{"type":"Feature","properties":{"pid":"024300040057"},"geometry":{"type":"Polygon","coordinates":[[[-84.468334,39.208669],[-84.46857,39.208218],[-84.468738,39.20827],[-84.468574,39.208592],[-84.468334,39.208669]]]}},{"type":"Feature","properties":{"pid":"024300040001"},"geometry":{"type":"Polygon","coordinates":[[[-84.466466,39.208425],[-84.466128,39.208593],[-84.466347,39.208186],[-84.466554,39.208253],[-84.466466,39.208425]]]}},{"type":"Feature","properties":{"pid":"024300040002"},"geometry":{"type":"Polygon","coordinates":[[[-84.46583,39.209274],[-84.465302,39.209203],[-84.465611,39.208614],[-84.465842,39.208634],[-84.46583,39.209274]]]}},{"type":"Feature","properties":{"pid":"024300040003"},"geometry":{"type":"Polygon","coordinates":[[[-84.466496,39.209171],[-84.466282,39.209229],[-84.466076,39.208605],[-84.466188,39.208574],[-84.466496,39.209171]]]}},{"type":"Feature","properties":{"pid":"024300040004"},"geometry":{"type":"Polygon","coordinates":[[[-84.466583,39.208673],[-84.466824,39.208716],[-84.46704,39.20888],[-84.466872,39.208997],[-84.466583,39.208673]]]}},{"type":"Feature","properties":{"pid":"024300040005"},"geometry":{"type":"Polygon","coordinates":[[[-84.466824,39.208716],[-84.466983,39.208391],[-84.46736,39.208512],[-84.46704,39.20888],[-84.466824,39.208716]]]}},{"type":"Feature","properties":{"pid":"024300040017"},"geometry":{"type":"Polygon","coordinates":[[[-84.467442,39.209587],[-84.467913,39.210092],[-84.46775,39.210182],[-84.467323,39.209654],[-84.467442,39.209587]]]}},{"type":"Feature","properties":{"pid":"024300040019"},"geometry":{"type":"Polygon","coordinates":[[[-84.467367,39.210354],[-84.46713,39.210437],[-84.466864,39.20985],[-84.467099,39.209756],[-84.467367,39.210354]]]}},{"type":"Feature","properties":{"pid":"024300040043"},"geometry":{"type":"Polygon","coordinates":[[[-84.465841,39.208634],[-84.465611,39.208614],[-84.465703,39.208439],[-84.465839,39.208482],[-84.466041,39.208088],[-84.466095,39.208105],[-84.465841,39.208634]]]}},{"type":"Feature","properties":{"pid":"024300040044"},"geometry":{"type":"Polygon","coordinates":[[[-84.466128,39.208593],[-84.465845,39.208634],[-84.466098,39.208106],[-84.466347,39.208186],[-84.466128,39.208593]]]}},{"type":"Feature","properties":{"pid":"024300040067"},"geometry":{"type":"Polygon","coordinates":[[[-84.466076,39.208605],[-84.466282,39.209229],[-84.46583,39.209274],[-84.465842,39.208639],[-84.466076,39.208605]]]}},{"type":"Feature","properties":{"pid":"024300040080"},"geometry":{"type":"Polygon","coordinates":[[[-84.46591,39.208046],[-84.466041,39.208088],[-84.465839,39.208482],[-84.465703,39.208439],[-84.46591,39.208046]]]}},{"type":"Feature","properties":{"pid":"024300040087"},"geometry":{"type":"Polygon","coordinates":[[[-84.466872,39.208997],[-84.466679,39.2091],[-84.466364,39.208625],[-84.466583,39.208673],[-84.466872,39.208997]]]}},{"type":"Feature","properties":{"pid":"024300050058"},"geometry":{"type":"Polygon","coordinates":[[[-84.466765,39.210524],[-84.466515,39.209942],[-84.466712,39.209895],[-84.46698,39.210482],[-84.466765,39.210524]]]}},{"type":"Feature","properties":{"pid":"024300050067"},"geometry":{"type":"Polygon","coordinates":[[[-84.466492,39.209823],[-84.46633,39.209341],[-84.466411,39.209322],[-84.466653,39.209783],[-84.466492,39.209823]]]}},{"type":"Feature","properties":{"pid":"024300050016"},"geometry":{"type":"Polygon","coordinates":[[[-84.46713,39.210437],[-84.46698,39.210482],[-84.466712,39.209895],[-84.466864,39.20985],[-84.46713,39.210437]]]}},{"type":"Feature","properties":{"pid":"024300040088"},"geometry":{"type":"Polygon","coordinates":[[[-84.466679,39.2091],[-84.466496,39.209171],[-84.466199,39.208595],[-84.466364,39.208625],[-84.466679,39.2091]]]}},{"type":"Feature","properties":{"pid":"024300040009"},"geometry":{"type":"Polygon","coordinates":[[[-84.467232,39.2089],[-84.467703,39.20929],[-84.46764,39.209373],[-84.46769,39.209415],[-84.467532,39.209536],[-84.467023,39.209063],[-84.467232,39.2089]]]}},{"type":"Feature","properties":{"pid":"024300050026"},"geometry":{"type":"Polygon","coordinates":[[[-84.466864,39.20985],[-84.466712,39.209895],[-84.46644,39.209315],[-84.466558,39.20928],[-84.466864,39.20985]]]}},{"type":"Feature","properties":{"pid":"024300050055"},"geometry":{"type":"Polygon","coordinates":[[[-84.464856,39.211187],[-84.464294,39.211108],[-84.46435,39.211005],[-84.464886,39.211076],[-84.464856,39.211187]]]}},{"type":"Feature","properties":{"pid":"024300050017"},"geometry":{"type":"Polygon","coordinates":[[[-84.46624,39.210603],[-84.466112,39.209999],[-84.466371,39.209968],[-84.466524,39.210568],[-84.46624,39.210603]]]}},{"type":"Feature","properties":{"pid":"024300050021"},"geometry":{"type":"Polygon","coordinates":[[[-84.465183,39.210578],[-84.465333,39.209981],[-84.465518,39.21],[-84.465452,39.210611],[-84.465183,39.210578]]]}},{"type":"Feature","properties":{"pid":"024300050024"},"geometry":{"type":"Polygon","coordinates":[[[-84.465464,39.209996],[-84.465333,39.209981],[-84.465486,39.209375],[-84.465611,39.209389],[-84.465464,39.209996]]]}},{"type":"Feature","properties":{"pid":"024300050025"},"geometry":{"type":"Polygon","coordinates":[[[-84.465958,39.209393],[-84.465982,39.210006],[-84.465818,39.210007],[-84.465809,39.209398],[-84.465958,39.209393]]]}},{"type":"Feature","properties":{"pid":"024300050047"},"geometry":{"type":"Polygon","coordinates":[[[-84.466371,39.209968],[-84.465982,39.210006],[-84.465958,39.209393],[-84.466216,39.209363],[-84.466371,39.209968]]]}},{"type":"Feature","properties":{"pid":"024300050019"},"geometry":{"type":"Polygon","coordinates":[[[-84.465931,39.210009],[-84.466023,39.210617],[-84.465799,39.210622],[-84.465778,39.210006],[-84.465931,39.210009]]]}},{"type":"Feature","properties":{"pid":"024300050022"},"geometry":{"type":"Polygon","coordinates":[[[-84.464742,39.210491],[-84.464904,39.210136],[-84.465026,39.210162],[-84.464885,39.210523],[-84.464742,39.210491]]]}},{"type":"Feature","properties":{"pid":"024300050028"},"geometry":{"type":"Polygon","coordinates":[[[-84.464873,39.210011],[-84.464933,39.209896],[-84.465333,39.209981],[-84.465303,39.210102],[-84.464873,39.210011]]]}},{"type":"Feature","properties":{"pid":"024300050031"},"geometry":{"type":"Polygon","coordinates":[[[-84.46503,39.210552],[-84.465148,39.210188],[-84.465274,39.210215],[-84.465183,39.210578],[-84.46503,39.210552]]]}},{"type":"Feature","properties":{"pid":"024300050032"},"geometry":{"type":"Polygon","coordinates":[[[-84.465274,39.210215],[-84.464816,39.210117],[-84.464873,39.210011],[-84.465303,39.210102],[-84.465274,39.210215]]]}},{"type":"Feature","properties":{"pid":"024300050033"},"geometry":{"type":"Polygon","coordinates":[[[-84.465026,39.210162],[-84.465148,39.210188],[-84.46503,39.210552],[-84.464885,39.210523],[-84.465026,39.210162]]]}},{"type":"Feature","properties":{"pid":"024300050038"},"geometry":{"type":"Polygon","coordinates":[[[-84.464634,39.210463],[-84.464816,39.210117],[-84.464904,39.210136],[-84.464742,39.210491],[-84.464634,39.210463]]]}},{"type":"Feature","properties":{"pid":"024300050010"},"geometry":{"type":"Polygon","coordinates":[[[-84.464981,39.211564],[-84.464084,39.211508],[-84.464159,39.211363],[-84.46498,39.211467],[-84.464981,39.211564]]]}},{"type":"Feature","properties":{"pid":"024300050027"},"geometry":{"type":"Polygon","coordinates":[[[-84.466529,39.210567],[-84.466371,39.209968],[-84.466515,39.209942],[-84.466765,39.210524],[-84.466529,39.210567]]]}},{"type":"Feature","properties":{"pid":"024300050068"},"geometry":{"type":"Polygon","coordinates":[[[-84.464935,39.209892],[-84.465001,39.209767],[-84.465367,39.209847],[-84.465333,39.209981],[-84.464935,39.209892]]]}},{"type":"Feature","properties":{"pid":"024300050013"},"geometry":{"type":"Polygon","coordinates":[[[-84.465832,39.211438],[-84.465411,39.211436],[-84.465506,39.210755],[-84.465852,39.210766],[-84.465832,39.211438]]]}},{"type":"Feature","properties":{"pid":"024300050014"},"geometry":{"type":"Polygon","coordinates":[[[-84.465832,39.211438],[-84.465852,39.210766],[-84.46621,39.210752],[-84.46621,39.21144],[-84.465832,39.211438]]]}},{"type":"Feature","properties":{"pid":"024400030029"},"geometry":{"type":"Polygon","coordinates":[[[-84.466701,39.211276],[-84.466556,39.210712],[-84.466897,39.210647],[-84.467103,39.211182],[-84.466701,39.211276]]]}},{"type":"Feature","properties":{"pid":"024300050012"},"geometry":{"type":"Polygon","coordinates":[[[-84.464982,39.211433],[-84.465157,39.210717],[-84.465506,39.210755],[-84.465411,39.211436],[-84.464982,39.211433]]]}},{"type":"Feature","properties":{"pid":"024300050060"},"geometry":{"type":"Polygon","coordinates":[[[-84.464159,39.211363],[-84.464222,39.211243],[-84.465003,39.211346],[-84.46498,39.211467],[-84.464159,39.211363]]]}},{"type":"Feature","properties":{"pid":"024300050052"},"geometry":{"type":"Polygon","coordinates":[[[-84.464755,39.211306],[-84.464785,39.211177],[-84.464856,39.211187],[-84.464988,39.210689],[-84.465121,39.210712],[-84.464968,39.211339],[-84.464755,39.211306]]]}},{"type":"Feature","properties":{"pid":"024300050011"},"geometry":{"type":"Polygon","coordinates":[[[-84.464632,39.210932],[-84.464705,39.210628],[-84.464845,39.21066],[-84.464775,39.210948],[-84.464632,39.210932]]]}},{"type":"Feature","properties":{"pid":"024300050029"},"geometry":{"type":"Polygon","coordinates":[[[-84.464222,39.211243],[-84.464294,39.211108],[-84.464785,39.211177],[-84.464755,39.211306],[-84.464222,39.211243]]]}},{"type":"Feature","properties":{"pid":"024300050053"},"geometry":{"type":"Polygon","coordinates":[[[-84.464403,39.210905],[-84.46457,39.210592],[-84.464705,39.210628],[-84.464632,39.210932],[-84.464403,39.210905]]]}},{"type":"Feature","properties":{"pid":"024300050054"},"geometry":{"type":"Polygon","coordinates":[[[-84.464775,39.210948],[-84.464845,39.21066],[-84.464988,39.210689],[-84.464915,39.210964],[-84.464775,39.210948]]]}},{"type":"Feature","properties":{"pid":"024300050056"},"geometry":{"type":"Polygon","coordinates":[[[-84.46435,39.211005],[-84.464403,39.210905],[-84.464915,39.210964],[-84.464886,39.211076],[-84.46435,39.211005]]]}},{"type":"Feature","properties":{"pid":"024300050036"},"geometry":{"type":"Polygon","coordinates":[[[-84.463847,39.211977],[-84.464016,39.211979],[-84.464019,39.212162],[-84.463752,39.212158],[-84.463847,39.211977]]]}},{"type":"Feature","properties":{"pid":"024300050074"},"geometry":{"type":"Polygon","coordinates":[[[-84.465671,39.211692],[-84.465407,39.211671],[-84.465411,39.211436],[-84.465668,39.211437],[-84.465671,39.211692]]]}},{"type":"Feature","properties":{"pid":"024300050048"},"geometry":{"type":"Polygon","coordinates":[[[-84.463847,39.211977],[-84.4639,39.211879],[-84.464015,39.211883],[-84.464016,39.211979],[-84.463847,39.211977]]]}},{"type":"Feature","properties":{"pid":"024300050072"},"geometry":{"type":"Polygon","coordinates":[[[-84.465689,39.211694],[-84.465686,39.211437],[-84.465832,39.211438],[-84.465834,39.211713],[-84.465689,39.211694]]]}},{"type":"Feature","properties":{"pid":"024300050075"},"geometry":{"type":"Polygon","coordinates":[[[-84.464983,39.211668],[-84.46498,39.211433],[-84.465411,39.211436],[-84.465407,39.211671],[-84.464983,39.211668]]]}},{"type":"Feature","properties":{"pid":"024300050070"},"geometry":{"type":"Polygon","coordinates":[[[-84.466219,39.211774],[-84.466214,39.211605],[-84.466747,39.211613],[-84.46675,39.211951],[-84.466219,39.211774]]]}},{"type":"Feature","properties":{"pid":"024300050071"},"geometry":{"type":"Polygon","coordinates":[[[-84.466219,39.211774],[-84.465834,39.211713],[-84.465832,39.211438],[-84.46621,39.21144],[-84.466219,39.211774]]]}}],"name":"parcels-45216"}