{"type":"FeatureCollection","crs":{"type":"name","properties":{"name":"urn:ogc:def:crs:OGC:1.3:CRS84"}},"features":[{"type":"Feature","properties":{"pid":"010700080115"},"geometry":{"type":"Polygon","coordinates":[[[-84.495086,39.142768],[-84.494959,39.142761],[-84.494985,39.142516],[-84.495106,39.142519],[-84.495086,39.142768]]]}},{"type":"Feature","properties":{"pid":"010700080129"},"geometry":{"type":"Polygon","coordinates":[[[-84.49513,39.143019],[-84.495157,39.142773],[-84.495301,39.142781],[-84.495271,39.143028],[-84.49513,39.143019]]]}},{"type":"Feature","properties":{"pid":"010700080130"},"geometry":{"type":"Polygon","coordinates":[[[-84.495271,39.143028],[-84.495301,39.142781],[-84.495439,39.142789],[-84.495412,39.143036],[-84.495271,39.143028]]]}},{"type":"Feature","properties":{"pid":"010700080131"},"geometry":{"type":"Polygon","coordinates":[[[-84.494993,39.143011],[-84.495022,39.142764],[-84.495157,39.142773],[-84.49513,39.143019],[-84.494993,39.143011]]]}},{"type":"Feature","properties":{"pid":"010700080116"},"geometry":{"type":"Polygon","coordinates":[[[-84.496154,39.142801],[-84.496175,39.142546],[-84.496318,39.14255],[-84.496297,39.142808],[-84.496154,39.142801]]]}},{"type":"Feature","properties":{"pid":"010700080118"},"geometry":{"type":"Polygon","coordinates":[[[-84.496438,39.142761],[-84.496459,39.142554],[-84.496604,39.142558],[-84.496585,39.142769],[-84.496438,39.142761]]]}},{"type":"Feature","properties":{"pid":"010700080133"},"geometry":{"type":"Polygon","coordinates":[[[-84.495853,39.143064],[-84.495873,39.142789],[-84.496014,39.142795],[-84.49599,39.143073],[-84.495853,39.143064]]]}},{"type":"Feature","properties":{"pid":"010700080119"},"geometry":{"type":"Polygon","coordinates":[[[-84.494778,39.143658],[-84.494498,39.143634],[-84.494513,39.143502],[-84.494795,39.143512],[-84.494778,39.143658]]]}},{"type":"Feature","properties":{"pid":"010700080128"},"geometry":{"type":"Polygon","coordinates":[[[-84.495332,39.142783],[-84.49536,39.142525],[-84.495467,39.142528],[-84.495439,39.142789],[-84.495332,39.142783]]]}},{"type":"Feature","properties":{"pid":"010700080006"},"geometry":{"type":"Polygon","coordinates":[[[-84.494848,39.143664],[-84.494918,39.143138],[-84.495092,39.143149],[-84.495028,39.14368],[-84.494848,39.143664]]]}},{"type":"Feature","properties":{"pid":"010700080007"},"geometry":{"type":"Polygon","coordinates":[[[-84.494649,39.143397],[-84.494683,39.143122],[-84.494918,39.143138],[-84.494882,39.143407],[-84.494649,39.143397]]]}},{"type":"Feature","properties":{"pid":"010700070001"},"geometry":{"type":"Polygon","coordinates":[[[-84.495794,39.143745],[-84.495865,39.143199],[-84.49703,39.143274],[-84.496991,39.143563],[-84.496736,39.14354],[-84.496732,39.143577],[-84.496608,39.143567],[-84.496579,39.143813],[-84.495794,39.143745]]]}},{"type":"Feature","properties":{"pid":"010700070123"},"geometry":{"type":"Polygon","coordinates":[[[-84.496953,39.143845],[-84.496991,39.143563],[-84.497113,39.143577],[-84.497078,39.143856],[-84.496953,39.143845]]]}},{"type":"Feature","properties":{"pid":"010700070129"},"geometry":{"type":"Polygon","coordinates":[[[-84.497132,39.143579],[-84.496991,39.143563],[-84.49703,39.143274],[-84.497192,39.143284],[-84.497132,39.143579]]]}},{"type":"Feature","properties":{"pid":"010700070208"},"geometry":{"type":"Polygon","coordinates":[[[-84.496953,39.143845],[-84.496579,39.143813],[-84.496608,39.143567],[-84.496732,39.143577],[-84.496736,39.14354],[-84.496991,39.143563],[-84.496953,39.143845]]]}},{"type":"Feature","properties":{"pid":"010700080005"},"geometry":{"type":"Polygon","coordinates":[[[-84.495199,39.143694],[-84.495266,39.14316],[-84.495621,39.143183],[-84.495548,39.143724],[-84.495199,39.143694]]]}},{"type":"Feature","properties":{"pid":"010700080009"},"geometry":{"type":"Polygon","coordinates":[[[-84.495794,39.143745],[-84.495548,39.143724],[-84.495621,39.143183],[-84.495865,39.143199],[-84.495794,39.143745]]]}},{"type":"Feature","properties":{"pid":"010700080056"},"geometry":{"type":"Polygon","coordinates":[[[-84.494854,39.143002],[-84.494885,39.142755],[-84.495022,39.142764],[-84.494993,39.143011],[-84.494854,39.143002]]]}},{"type":"Feature","properties":{"pid":"010700080107"},"geometry":{"type":"Polygon","coordinates":[[[-84.495661,39.143052],[-84.495664,39.142803],[-84.495577,39.142798],[-84.495599,39.142532],[-84.495731,39.142535],[-84.495661,39.143052]]]}},{"type":"Feature","properties":{"pid":"010700080111"},"geometry":{"type":"Polygon","coordinates":[[[-84.496307,39.143093],[-84.496329,39.142756],[-84.496585,39.142769],[-84.496555,39.143108],[-84.496307,39.143093]]]}},{"type":"Feature","properties":{"pid":"010700080112"},"geometry":{"type":"Polygon","coordinates":[[[-84.49599,39.143073],[-84.496014,39.142795],[-84.496154,39.142801],[-84.496131,39.143082],[-84.49599,39.143073]]]}},{"type":"Feature","properties":{"pid":"010700080114"},"geometry":{"type":"Polygon","coordinates":[[[-84.496307,39.143093],[-84.496131,39.143082],[-84.496154,39.142801],[-84.496297,39.142808],[-84.496329,39.142756],[-84.496307,39.143093]]]}},{"type":"Feature","properties":{"pid":"010700080058"},"geometry":{"type":"Polygon","coordinates":[[[-84.496014,39.142795],[-84.496027,39.142543],[-84.496175,39.142546],[-84.496154,39.142801],[-84.496014,39.142795]]]}},{"type":"Feature","properties":{"pid":"010700080059"},"geometry":{"type":"Polygon","coordinates":[[[-84.496329,39.142756],[-84.496318,39.14255],[-84.496459,39.142554],[-84.496438,39.142761],[-84.496329,39.142756]]]}},{"type":"Feature","properties":{"pid":"010700080090"},"geometry":{"type":"Polygon","coordinates":[[[-84.495524,39.143043],[-84.495412,39.143036],[-84.495439,39.142789],[-84.495539,39.142795],[-84.495524,39.143043]]]}},{"type":"Feature","properties":{"pid":"010700080092"},"geometry":{"type":"Polygon","coordinates":[[[-84.494778,39.143658],[-84.494795,39.143512],[-84.494868,39.143515],[-84.494848,39.143664],[-84.494778,39.143658]]]}},{"type":"Feature","properties":{"pid":"010700080093"},"geometry":{"type":"Polygon","coordinates":[[[-84.494573,39.142984],[-84.494602,39.142738],[-84.494742,39.142747],[-84.494718,39.142993],[-84.494573,39.142984]]]}},{"type":"Feature","properties":{"pid":"010700080094"},"geometry":{"type":"Polygon","coordinates":[[[-84.494526,39.143391],[-84.494558,39.143114],[-84.494683,39.143122],[-84.494649,39.143397],[-84.494526,39.143391]]]}},{"type":"Feature","properties":{"pid":"010700080096"},"geometry":{"type":"Polygon","coordinates":[[[-84.494617,39.142606],[-84.494628,39.142515],[-84.494983,39.142534],[-84.494973,39.142623],[-84.494617,39.142606]]]}},{"type":"Feature","properties":{"pid":"010700080097"},"geometry":{"type":"Polygon","coordinates":[[[-84.495211,39.142776],[-84.495086,39.142768],[-84.495106,39.142519],[-84.495234,39.142522],[-84.495211,39.142776]]]}},{"type":"Feature","properties":{"pid":"010700080098"},"geometry":{"type":"Polygon","coordinates":[[[-84.494718,39.142993],[-84.494742,39.142747],[-84.494885,39.142755],[-84.494854,39.143002],[-84.494718,39.142993]]]}},{"type":"Feature","properties":{"pid":"010700080099"},"geometry":{"type":"Polygon","coordinates":[[[-84.495638,39.143051],[-84.495524,39.143043],[-84.495539,39.142795],[-84.495664,39.142803],[-84.495638,39.143051]]]}},{"type":"Feature","properties":{"pid":"010700080100"},"geometry":{"type":"Polygon","coordinates":[[[-84.495301,39.142781],[-84.495211,39.142776],[-84.495234,39.142522],[-84.49536,39.142525],[-84.495301,39.142781]]]}},{"type":"Feature","properties":{"pid":"010700080101"},"geometry":{"type":"Polygon","coordinates":[[[-84.494959,39.142761],[-84.494602,39.142738],[-84.494617,39.142606],[-84.494973,39.142623],[-84.494959,39.142761]]]}},{"type":"Feature","properties":{"pid":"010700080102"},"geometry":{"type":"Polygon","coordinates":[[[-84.494868,39.143515],[-84.494513,39.143502],[-84.494526,39.143391],[-84.494882,39.143407],[-84.494868,39.143515]]]}},{"type":"Feature","properties":{"pid":"010700080103"},"geometry":{"type":"Polygon","coordinates":[[[-84.495028,39.14368],[-84.495092,39.143149],[-84.495266,39.14316],[-84.495199,39.143694],[-84.495028,39.14368]]]}},{"type":"Feature","properties":{"pid":"010700080140"},"geometry":{"type":"Polygon","coordinates":[[[-84.495853,39.143064],[-84.495676,39.143053],[-84.495705,39.142781],[-84.495873,39.142789],[-84.495853,39.143064]]]}},{"type":"Feature","properties":{"pid":"010700080141"},"geometry":{"type":"Polygon","coordinates":[[[-84.495873,39.142789],[-84.495887,39.142539],[-84.496027,39.142543],[-84.496005,39.142795],[-84.495873,39.142789]]]}},{"type":"Feature","properties":{"pid":"010700080142"},"geometry":{"type":"Polygon","coordinates":[[[-84.495742,39.142783],[-84.495705,39.142781],[-84.495731,39.142535],[-84.495782,39.142536],[-84.495742,39.142783]]]}},{"type":"Feature","properties":{"pid":"010700080149"},"geometry":{"type":"Polygon","coordinates":[[[-84.495766,39.142784],[-84.495782,39.142536],[-84.495875,39.142539],[-84.495851,39.142788],[-84.495766,39.142784]]]}},{"type":"Feature","properties":{"pid":"006500010073"},"geometry":{"type":"Polygon","coordinates":[[[-84.491192,39.13543],[-84.4912,39.135286],[-84.491362,39.135289],[-84.491283,39.135357],[-84.491192,39.13543]]]}},{"type":"Feature","properties":{"pid":"011300030126"},"geometry":{"type":"Polygon","coordinates":[[[-84.494958,39.151387],[-84.495186,39.150855],[-84.495517,39.150895],[-84.495462,39.151105],[-84.495326,39.151063],[-84.495102,39.151439],[-84.494958,39.151387]]]}},{"type":"Feature","properties":{"pid":"011200060051"},"geometry":{"type":"Polygon","coordinates":[[[-84.494564,39.149527],[-84.494038,39.149485],[-84.494054,39.149362],[-84.49458,39.149404],[-84.494564,39.149527]]]}},{"type":"Feature","properties":{"pid":"011200060052"},"geometry":{"type":"Polygon","coordinates":[[[-84.494054,39.149362],[-84.49407,39.149239],[-84.494596,39.149281],[-84.49458,39.149404],[-84.494054,39.149362]]]}},{"type":"Feature","properties":{"pid":"011200060082"},"geometry":{"type":"Polygon","coordinates":[[[-84.494547,39.14965],[-84.494021,39.149608],[-84.494038,39.149485],[-84.494564,39.149527],[-84.494547,39.14965]]]}},{"type":"Feature","properties":{"pid":"011200060099"},"geometry":{"type":"Polygon","coordinates":[[[-84.494531,39.149778],[-84.494008,39.149706],[-84.494021,39.149608],[-84.494547,39.14965],[-84.494531,39.149778]]]}},{"type":"Feature","properties":{"pid":"011200060101"},"geometry":{"type":"Polygon","coordinates":[[[-84.49398,39.14992],[-84.494008,39.149706],[-84.49453,39.149784],[-84.494475,39.149939],[-84.49398,39.14992]]]}},{"type":"Feature","properties":{"pid":"010700070144"},"geometry":{"type":"Polygon","coordinates":[[[-84.496956,39.142802],[-84.496793,39.142788],[-84.496812,39.142565],[-84.496975,39.14257],[-84.496956,39.142802]]]}},{"type":"Feature","properties":{"pid":"010700070011"},"geometry":{"type":"Polygon","coordinates":[[[-84.497567,39.142684],[-84.497923,39.14271],[-84.497914,39.142795],[-84.49756,39.142765],[-84.497567,39.142684]]]}},{"type":"Feature","properties":{"pid":"010800050020"},"geometry":{"type":"Polygon","coordinates":[[[-84.483158,39.150853],[-84.483004,39.15074],[-84.483492,39.150335],[-84.483646,39.150448],[-84.483158,39.150853]]]}},{"type":"Feature","properties":{"pid":"011500040079"},"geometry":{"type":"Polygon","coordinates":[[[-84.489217,39.157782],[-84.48918,39.158164],[-84.489127,39.158188],[-84.488767,39.157988],[-84.489051,39.157683],[-84.489217,39.157782]]]}},{"type":"Feature","properties":{"pid":"011500040073"},"geometry":{"type":"Polygon","coordinates":[[[-84.488431,39.157925],[-84.487924,39.158449],[-84.487784,39.158368],[-84.487468,39.158699],[-84.487439,39.158682],[-84.488233,39.157813],[-84.488431,39.157925]]]}},{"type":"Feature","properties":{"pid":"011100030003"},"geometry":{"type":"Polygon","coordinates":[[[-84.484348,39.154943],[-84.484204,39.154863],[-84.484513,39.154528],[-84.484656,39.154608],[-84.484348,39.154943]]]}},{"type":"Feature","properties":{"pid":"011500070007"},"geometry":{"type":"Polygon","coordinates":[[[-84.484991,39.156141],[-84.48448,39.156138],[-84.484481,39.156021],[-84.484992,39.156024],[-84.484991,39.156141]]]}},{"type":"Feature","properties":{"pid":"011500070050"},"geometry":{"type":"Polygon","coordinates":[[[-84.484994,39.155887],[-84.484482,39.155884],[-84.484484,39.155747],[-84.484995,39.15575],[-84.484994,39.155887]]]}},{"type":"Feature","properties":{"pid":"011100030004"},"geometry":{"type":"Polygon","coordinates":[[[-84.484204,39.154863],[-84.484032,39.154766],[-84.484341,39.154432],[-84.484513,39.154528],[-84.484204,39.154863]]]}},{"type":"Feature","properties":{"pid":"011200050007"},"geometry":{"type":"Polygon","coordinates":[[[-84.48997,39.148993],[-84.489788,39.148946],[-84.489989,39.14848],[-84.490167,39.148528],[-84.48997,39.148993]]]}},{"type":"Feature","properties":{"pid":"011200050006"},"geometry":{"type":"Polygon","coordinates":[[[-84.48997,39.148993],[-84.490268,39.148289],[-84.490475,39.148327],[-84.49017,39.149045],[-84.48997,39.148993]]]}},{"type":"Feature","properties":{"pid":"011200050092"},"geometry":{"type":"Polygon","coordinates":[[[-84.489503,39.148873],[-84.489214,39.148799],[-84.489592,39.148165],[-84.489947,39.14823],[-84.489918,39.148316],[-84.489772,39.148287],[-84.489503,39.148873]]]}},{"type":"Feature","properties":{"pid":"011200050093"},"geometry":{"type":"Polygon","coordinates":[[[-84.489989,39.14848],[-84.489788,39.148946],[-84.489503,39.148873],[-84.489772,39.148287],[-84.489918,39.148316],[-84.489947,39.14823],[-84.490268,39.148289],[-84.490167,39.148528],[-84.489989,39.14848]]]}},{"type":"Feature","properties":{"pid":"011200050008"},"geometry":{"type":"Polygon","coordinates":[[[-84.48916,39.148513],[-84.489361,39.148551],[-84.489214,39.148799],[-84.489022,39.148749],[-84.48916,39.148513]]]}},{"type":"Feature","properties":{"pid":"010800050009"},"geometry":{"type":"Polygon","coordinates":[[[-84.481398,39.150344],[-84.48123,39.150222],[-84.481724,39.149814],[-84.481893,39.149936],[-84.481398,39.150344]]]}},{"type":"Feature","properties":{"pid":"011200040035"},"geometry":{"type":"Polygon","coordinates":[[[-84.489783,39.151811],[-84.489852,39.151129],[-84.49003,39.151141],[-84.489961,39.15182],[-84.489783,39.151811]]]}},{"type":"Feature","properties":{"pid":"011200040015"},"geometry":{"type":"Polygon","coordinates":[[[-84.489502,39.151793],[-84.48957,39.15111],[-84.489852,39.151129],[-84.489783,39.151811],[-84.489502,39.151793]]]}},{"type":"Feature","properties":{"pid":"011200040017"},"geometry":{"type":"Polygon","coordinates":[[[-84.489852,39.151129],[-84.489439,39.151101],[-84.489508,39.150485],[-84.489915,39.150509],[-84.489852,39.151129]]]}},{"type":"Feature","properties":{"pid":"011200040034"},"geometry":{"type":"Polygon","coordinates":[[[-84.489961,39.15182],[-84.49003,39.151141],[-84.4902,39.151152],[-84.490135,39.151831],[-84.489961,39.15182]]]}},{"type":"Feature","properties":{"pid":"011000030037"},"geometry":{"type":"Polygon","coordinates":[[[-84.479212,39.155053],[-84.479254,39.154643],[-84.479412,39.154653],[-84.47937,39.155064],[-84.479212,39.155053]]]}},{"type":"Feature","properties":{"pid":"011000030038"},"geometry":{"type":"Polygon","coordinates":[[[-84.47937,39.155064],[-84.479412,39.154653],[-84.479605,39.154666],[-84.479563,39.155077],[-84.47937,39.155064]]]}},{"type":"Feature","properties":{"pid":"006000030102"},"geometry":{"type":"Polygon","coordinates":[[[-84.489561,39.139731],[-84.48945,39.139751],[-84.48947,39.139428],[-84.489601,39.139398],[-84.489561,39.139731]]]}},{"type":"Feature","properties":{"pid":"010800040025"},"geometry":{"type":"Polygon","coordinates":[[[-84.488208,39.14796],[-84.488204,39.147651],[-84.488263,39.147653],[-84.488208,39.14796]]]}},{"type":"Feature","properties":{"pid":"010800040044"},"geometry":{"type":"Polygon","coordinates":[[[-84.487714,39.147939],[-84.487741,39.14763],[-84.488204,39.147651],[-84.488176,39.147959],[-84.487714,39.147939]]]}},{"type":"Feature","properties":{"pid":"010800040024"},"geometry":{"type":"Polygon","coordinates":[[[-84.487367,39.147925],[-84.487388,39.147615],[-84.487581,39.147623],[-84.487557,39.147933],[-84.487367,39.147925]]]}},{"type":"Feature","properties":{"pid":"011500040065"},"geometry":{"type":"Polygon","coordinates":[[[-84.48918,39.15661],[-84.488943,39.156508],[-84.4892,39.156149],[-84.489432,39.15625],[-84.48918,39.15661]]]}},{"type":"Feature","properties":{"pid":"011500040003"},"geometry":{"type":"Polygon","coordinates":[[[-84.486707,39.158156],[-84.487072,39.157967],[-84.487178,39.158088],[-84.486856,39.158326],[-84.486707,39.158156]]]}},{"type":"Feature","properties":{"pid":"011600020270"},"geometry":{"type":"Polygon","coordinates":[[[-84.472214,39.167737],[-84.472201,39.168112],[-84.471749,39.168094],[-84.471865,39.167729],[-84.472214,39.167737]]]}},{"type":"Feature","properties":{"pid":"011600020269"},"geometry":{"type":"Polygon","coordinates":[[[-84.471332,39.168038],[-84.471433,39.16772],[-84.471865,39.167729],[-84.471749,39.168094],[-84.471332,39.168038]]]}},{"type":"Feature","properties":{"pid":"011600020175"},"geometry":{"type":"Polygon","coordinates":[[[-84.471868,39.167641],[-84.471763,39.167639],[-84.471655,39.167693],[-84.47111,39.167589],[-84.471126,39.167538],[-84.470777,39.167492],[-84.470974,39.1669],[-84.471322,39.167019],[-84.471646,39.167079],[-84.472466,39.167742],[-84.471865,39.167729],[-84.471868,39.167641]]]}},{"type":"Feature","properties":{"pid":"011600020289"},"geometry":{"type":"Polygon","coordinates":[[[-84.471645,39.167725],[-84.471763,39.167639],[-84.471868,39.167641],[-84.471865,39.167729],[-84.471645,39.167725]]]}},{"type":"Feature","properties":{"pid":"011300040112"},"geometry":{"type":"Polygon","coordinates":[[[-84.502901,39.141542],[-84.503038,39.141551],[-84.502993,39.141952],[-84.502856,39.141944],[-84.502901,39.141542]]]}},{"type":"Feature","properties":{"pid":"011300040111"},"geometry":{"type":"Polygon","coordinates":[[[-84.502725,39.141532],[-84.502901,39.141542],[-84.502856,39.141944],[-84.502681,39.141932],[-84.502725,39.141532]]]}},{"type":"Feature","properties":{"pid":"011300040110"},"geometry":{"type":"Polygon","coordinates":[[[-84.502549,39.141521],[-84.502725,39.141532],[-84.502681,39.141932],[-84.502505,39.141922],[-84.502549,39.141521]]]}},{"type":"Feature","properties":{"pid":"011300040109"},"geometry":{"type":"Polygon","coordinates":[[[-84.502374,39.14151],[-84.502549,39.141521],[-84.502505,39.141922],[-84.502329,39.141911],[-84.502374,39.14151]]]}},{"type":"Feature","properties":{"pid":"011300040108"},"geometry":{"type":"Polygon","coordinates":[[[-84.502198,39.1415],[-84.502374,39.14151],[-84.502329,39.141911],[-84.502153,39.1419],[-84.502198,39.1415]]]}},{"type":"Feature","properties":{"pid":"011300040107"},"geometry":{"type":"Polygon","coordinates":[[[-84.502022,39.141489],[-84.502198,39.1415],[-84.502153,39.1419],[-84.501978,39.141889],[-84.502022,39.141489]]]}},{"type":"Feature","properties":{"pid":"010400020011"},"geometry":{"type":"Polygon","coordinates":[[[-84.501366,39.139816],[-84.501528,39.141459],[-84.500452,39.141394],[-84.50066,39.139772],[-84.501366,39.139816]]]}},{"type":"Feature","properties":{"pid":"010400020052"},"geometry":{"type":"Polygon","coordinates":[[[-84.50306,39.141313],[-84.501894,39.141214],[-84.50183,39.141124],[-84.501796,39.14076],[-84.501838,39.140684],[-84.502523,39.140439],[-84.502548,39.140399],[-84.502635,39.140554],[-84.502572,39.140542],[-84.501939,39.140761],[-84.50197,39.141117],[-84.502901,39.141179],[-84.502958,39.141131],[-84.50306,39.141313]]]}},{"type":"Feature","properties":{"pid":"011500040095"},"geometry":{"type":"Polygon","coordinates":[[[-84.488083,39.157111],[-84.487899,39.157],[-84.488203,39.156693],[-84.488385,39.156803],[-84.488083,39.157111]]]}},{"type":"Feature","properties":{"pid":"011500040123"},"geometry":{"type":"Polygon","coordinates":[[[-84.487314,39.157389],[-84.486924,39.157798],[-84.486697,39.157537],[-84.487138,39.157294],[-84.487314,39.157389]]]}},{"type":"Feature","properties":{"pid":"011500040106"},"geometry":{"type":"Polygon","coordinates":[[[-84.488737,39.159038],[-84.488894,39.159132],[-84.488637,39.159388],[-84.488484,39.159298],[-84.488737,39.159038]]]}},{"type":"Feature","properties":{"pid":"011500040020"},"geometry":{"type":"Polygon","coordinates":[[[-84.485858,39.156264],[-84.485241,39.156274],[-84.485241,39.156133],[-84.485854,39.156137],[-84.485858,39.156264]]]}},{"type":"Feature","properties":{"pid":"011300040042"},"geometry":{"type":"Polygon","coordinates":[[[-84.50195,39.143812],[-84.501988,39.14347],[-84.502164,39.143481],[-84.502126,39.143823],[-84.50195,39.143812]]]}},{"type":"Feature","properties":{"pid":"011300040058"},"geometry":{"type":"Polygon","coordinates":[[[-84.50221,39.143071],[-84.502357,39.14308],[-84.502312,39.14349],[-84.502164,39.143481],[-84.50221,39.143071]]]}},{"type":"Feature","properties":{"pid":"011600030051"},"geometry":{"type":"Polygon","coordinates":[[[-84.471777,39.163944],[-84.471466,39.163894],[-84.471607,39.163555],[-84.472223,39.163594],[-84.471897,39.164002],[-84.471777,39.163944]]]}},{"type":"Feature","properties":{"pid":"011100050017"},"geometry":{"type":"Polygon","coordinates":[[[-84.485333,39.154148],[-84.485117,39.154038],[-84.485678,39.153404],[-84.48591,39.153529],[-84.485333,39.154148]]]}},{"type":"Feature","properties":{"pid":"011100050067"},"geometry":{"type":"Polygon","coordinates":[[[-84.485272,39.153863],[-84.4849,39.153672],[-84.485311,39.153208],[-84.485678,39.153404],[-84.485272,39.153863]]]}},{"type":"Feature","properties":{"pid":"010800030032"},"geometry":{"type":"Polygon","coordinates":[[[-84.485282,39.147364],[-84.485081,39.147354],[-84.48512,39.146786],[-84.485318,39.146795],[-84.485282,39.147364]]]}},{"type":"Feature","properties":{"pid":"011100050004"},"geometry":{"type":"Polygon","coordinates":[[[-84.484261,39.154138],[-84.484592,39.153767],[-84.484782,39.153867],[-84.484407,39.154261],[-84.484261,39.154138]]]}},{"type":"Feature","properties":{"pid":"011100050005"},"geometry":{"type":"Polygon","coordinates":[[[-84.484562,39.154355],[-84.484407,39.154261],[-84.484782,39.153867],[-84.484936,39.153946],[-84.484562,39.154355]]]}},{"type":"Feature","properties":{"pid":"011100050006"},"geometry":{"type":"Polygon","coordinates":[[[-84.484703,39.154436],[-84.484562,39.154355],[-84.484936,39.153946],[-84.485091,39.154025],[-84.484703,39.154436]]]}},{"type":"Feature","properties":{"pid":"011100050007"},"geometry":{"type":"Polygon","coordinates":[[[-84.484703,39.154436],[-84.485091,39.154025],[-84.485222,39.154091],[-84.484848,39.154511],[-84.484703,39.154436]]]}},{"type":"Feature","properties":{"pid":"011100050015"},"geometry":{"type":"Polygon","coordinates":[[[-84.484744,39.153848],[-84.483761,39.15329],[-84.484083,39.153025],[-84.485027,39.153529],[-84.484744,39.153848]]]}},{"type":"Feature","properties":{"pid":"010600030138"},"geometry":{"type":"Polygon","coordinates":[[[-84.497997,39.140275],[-84.498018,39.139993],[-84.498221,39.14],[-84.498186,39.140262],[-84.497997,39.140275]]]}},{"type":"Feature","properties":{"pid":"010600020197"},"geometry":{"type":"Polygon","coordinates":[[[-84.49846,39.139776],[-84.498516,39.139672],[-84.498877,39.139696],[-84.498863,39.139807],[-84.49846,39.139776]]]}},{"type":"Feature","properties":{"pid":"010600030154"},"geometry":{"type":"Polygon","coordinates":[[[-84.496217,39.139857],[-84.496362,39.139862],[-84.496341,39.140215],[-84.496196,39.14021],[-84.496217,39.139857]]]}},{"type":"Feature","properties":{"pid":"010600030037"},"geometry":{"type":"Polygon","coordinates":[[[-84.496587,39.139199],[-84.496648,39.139202],[-84.496575,39.140224],[-84.496482,39.140221],[-84.49653,39.139398],[-84.496573,39.139399],[-84.496587,39.139199]]]}},{"type":"Feature","properties":{"pid":"010600030039"},"geometry":{"type":"Polygon","coordinates":[[[-84.497323,39.139427],[-84.497543,39.13944],[-84.49747,39.140256],[-84.497273,39.140249],[-84.497323,39.139427]]]}},{"type":"Feature","properties":{"pid":"011600030008"},"geometry":{"type":"Polygon","coordinates":[[[-84.471344,39.164693],[-84.47111,39.164986],[-84.47039,39.164957],[-84.470419,39.164642],[-84.471344,39.164693]]]}},{"type":"Feature","properties":{"pid":"011600030061"},"geometry":{"type":"Polygon","coordinates":[[[-84.47004,39.165261],[-84.469777,39.164932],[-84.47111,39.164986],[-84.470863,39.165307],[-84.47004,39.165261]]]}},{"type":"Feature","properties":{"pid":"010600030038"},"geometry":{"type":"Polygon","coordinates":[[[-84.496575,39.140224],[-84.496648,39.139202],[-84.497334,39.139245],[-84.497273,39.140249],[-84.496575,39.140224]]]}},{"type":"Feature","properties":{"pid":"010600030142"},"geometry":{"type":"Polygon","coordinates":[[[-84.496226,39.139387],[-84.496249,39.139178],[-84.496398,39.139187],[-84.496381,39.139392],[-84.496226,39.139387]]]}},{"type":"Feature","properties":{"pid":"011600030066"},"geometry":{"type":"Polygon","coordinates":[[[-84.47039,39.164957],[-84.469777,39.164932],[-84.469576,39.164596],[-84.470419,39.164642],[-84.47039,39.164957]]]}},{"type":"Feature","properties":{"pid":"011300040172"},"geometry":{"type":"Polygon","coordinates":[[[-84.500625,39.142997],[-84.500582,39.143386],[-84.500406,39.143375],[-84.50045,39.142987],[-84.500625,39.142997]]]}},{"type":"Feature","properties":{"pid":"011600030067"},"geometry":{"type":"Polygon","coordinates":[[[-84.466221,39.165048],[-84.466287,39.164395],[-84.46851,39.164545],[-84.468285,39.163352],[-84.46906,39.163394],[-84.469104,39.163957],[-84.469286,39.16458],[-84.469704,39.165242],[-84.46884,39.165194],[-84.468917,39.16594],[-84.469185,39.166386],[-84.470439,39.166627],[-84.470373,39.166822],[-84.470285,39.166701],[-84.468969,39.16644],[-84.468577,39.166578],[-84.466381,39.166455],[-84.46652,39.165065],[-84.466221,39.165048]]]}},{"type":"Feature","properties":{"pid":"010600030143"},"geometry":{"type":"Polygon","coordinates":[[[-84.496181,39.140768],[-84.496569,39.140783],[-84.496573,39.140961],[-84.496169,39.140945],[-84.496181,39.140768]]]}},{"type":"Feature","properties":{"pid":"010600030047"},"geometry":{"type":"Polygon","coordinates":[[[-84.494927,39.140718],[-84.494751,39.140711],[-84.49478,39.1403],[-84.494956,39.140307],[-84.494927,39.140718]]]}},{"type":"Feature","properties":{"pid":"010600030110"},"geometry":{"type":"Polygon","coordinates":[[[-84.49342,39.140658],[-84.493583,39.140414],[-84.49403,39.140432],[-84.494014,39.140681],[-84.49342,39.140658]]]}},{"type":"Feature","properties":{"pid":"010600030111"},"geometry":{"type":"Polygon","coordinates":[[[-84.495107,39.140725],[-84.494927,39.140718],[-84.494956,39.140307],[-84.495136,39.140314],[-84.495107,39.140725]]]}},{"type":"Feature","properties":{"pid":"010600030112"},"geometry":{"type":"Polygon","coordinates":[[[-84.494858,39.141062],[-84.494882,39.140719],[-84.495047,39.140725],[-84.495023,39.141068],[-84.494858,39.141062]]]}},{"type":"Feature","properties":{"pid":"010600030113"},"geometry":{"type":"Polygon","coordinates":[[[-84.495048,39.140722],[-84.49521,39.140729],[-84.495185,39.141074],[-84.495023,39.141068],[-84.495048,39.140722]]]}},{"type":"Feature","properties":{"pid":"010600030114"},"geometry":{"type":"Polygon","coordinates":[[[-84.494692,39.141055],[-84.494717,39.140709],[-84.494882,39.140716],[-84.494858,39.141062],[-84.494692,39.141055]]]}},{"type":"Feature","properties":{"pid":"010600030116"},"geometry":{"type":"Polygon","coordinates":[[[-84.49329,39.140851],[-84.49342,39.140658],[-84.493724,39.14067],[-84.49371,39.140867],[-84.49329,39.140851]]]}},{"type":"Feature","properties":{"pid":"010600030117"},"geometry":{"type":"Polygon","coordinates":[[[-84.493699,39.141018],[-84.493724,39.14067],[-84.493889,39.140676],[-84.493865,39.141024],[-84.493699,39.141018]]]}},{"type":"Feature","properties":{"pid":"010600030118"},"geometry":{"type":"Polygon","coordinates":[[[-84.49403,39.14103],[-84.493865,39.141024],[-84.493889,39.140676],[-84.494055,39.140683],[-84.49403,39.14103]]]}},{"type":"Feature","properties":{"pid":"010600030124"},"geometry":{"type":"Polygon","coordinates":[[[-84.495827,39.141186],[-84.495852,39.140837],[-84.496014,39.140844],[-84.495989,39.141192],[-84.495827,39.141186]]]}},{"type":"Feature","properties":{"pid":"010600030040"},"geometry":{"type":"Polygon","coordinates":[[[-84.497564,39.139427],[-84.498279,39.139474],[-84.498274,39.13952],[-84.497927,39.139495],[-84.497874,39.139621],[-84.498257,39.139672],[-84.498221,39.14],[-84.497664,39.13998],[-84.497669,39.139915],[-84.497514,39.139908],[-84.497564,39.139427]],[[-84.497633,39.139445],[-84.497618,39.139657],[-84.497687,39.139661],[-84.497702,39.139449],[-84.497633,39.139445]]]}},{"type":"Feature","properties":{"pid":"010600030073"},"geometry":{"type":"Polygon","coordinates":[[[-84.498297,39.139304],[-84.498032,39.139288],[-84.498058,39.139057],[-84.498306,39.139086],[-84.498297,39.139304]]]}},{"type":"Feature","properties":{"pid":"010600030140"},"geometry":{"type":"Polygon","coordinates":[[[-84.497543,39.13944],[-84.497323,39.139427],[-84.497334,39.139245],[-84.497666,39.139265],[-84.497655,39.139372],[-84.497543,39.13944]]]}},{"type":"Feature","properties":{"pid":"010600030141"},"geometry":{"type":"Polygon","coordinates":[[[-84.496398,39.139187],[-84.496587,39.139199],[-84.496573,39.139399],[-84.496381,39.139392],[-84.496398,39.139187]]]}},{"type":"Feature","properties":{"pid":"010600030153"},"geometry":{"type":"Polygon","coordinates":[[[-84.496482,39.140221],[-84.496341,39.140215],[-84.496362,39.139862],[-84.496503,39.139867],[-84.496482,39.140221]]]}},{"type":"Feature","properties":{"pid":"010600030158"},"geometry":{"type":"Polygon","coordinates":[[[-84.496196,39.14021],[-84.496151,39.140209],[-84.496179,39.139729],[-84.49651,39.139741],[-84.496503,39.139867],[-84.496217,39.139857],[-84.496196,39.14021]]]}},{"type":"Feature","properties":{"pid":"010600020156"},"geometry":{"type":"Polygon","coordinates":[[[-84.499988,39.140074],[-84.500002,39.139937],[-84.5004,39.13996],[-84.500385,39.140097],[-84.499988,39.140074]]]}},{"type":"Feature","properties":{"pid":"010600030133"},"geometry":{"type":"Polygon","coordinates":[[[-84.498257,39.139672],[-84.497874,39.139621],[-84.497927,39.139495],[-84.498274,39.13952],[-84.498257,39.139672]]]}},{"type":"Feature","properties":{"pid":"010600030041"},"geometry":{"type":"Polygon","coordinates":[[[-84.497821,39.139441],[-84.497847,39.139276],[-84.498297,39.139304],[-84.498279,39.139474],[-84.497821,39.139441]]]}},{"type":"Feature","properties":{"pid":"010600030078"},"geometry":{"type":"Polygon","coordinates":[[[-84.49716,39.139234],[-84.497184,39.139003],[-84.497359,39.139014],[-84.497334,39.139245],[-84.49716,39.139234]]]}},{"type":"Feature","properties":{"pid":"010600030134"},"geometry":{"type":"Polygon","coordinates":[[[-84.497643,39.140262],[-84.497664,39.13998],[-84.497842,39.139988],[-84.497823,39.140269],[-84.497643,39.140262]]]}},{"type":"Feature","properties":{"pid":"010600020135"},"geometry":{"type":"Polygon","coordinates":[[[-84.499647,39.140166],[-84.499536,39.140156],[-84.499573,39.139746],[-84.499687,39.139754],[-84.499647,39.140166]]]}},{"type":"Feature","properties":{"pid":"006500010019"},"geometry":{"type":"Polygon","coordinates":[[[-84.490352,39.135941],[-84.490081,39.135869],[-84.489966,39.135844],[-84.490014,39.135784],[-84.490382,39.135877],[-84.490352,39.135941]]]}},{"type":"Feature","properties":{"pid":"006500010020"},"geometry":{"type":"Polygon","coordinates":[[[-84.490014,39.135784],[-84.490061,39.135724],[-84.490413,39.135812],[-84.490382,39.135877],[-84.490014,39.135784]]]}},{"type":"Feature","properties":{"pid":"006500010021"},"geometry":{"type":"Polygon","coordinates":[[[-84.490061,39.135724],[-84.490109,39.135664],[-84.490443,39.135748],[-84.490413,39.135812],[-84.490061,39.135724]]]}},{"type":"Feature","properties":{"pid":"006500010022"},"geometry":{"type":"Polygon","coordinates":[[[-84.490109,39.135664],[-84.490176,39.135578],[-84.490484,39.135662],[-84.490443,39.135748],[-84.490109,39.135664]]]}},{"type":"Feature","properties":{"pid":"006500010150"},"geometry":{"type":"Polygon","coordinates":[[[-84.490041,39.136004],[-84.49006,39.13594],[-84.490321,39.136006],[-84.49029,39.13607],[-84.490041,39.136004]]]}},{"type":"Feature","properties":{"pid":"006500010152"},"geometry":{"type":"Polygon","coordinates":[[[-84.490222,39.135949],[-84.490238,39.135913],[-84.490352,39.135941],[-84.490333,39.135981],[-84.490222,39.135949]]]}},{"type":"Feature","properties":{"pid":"006000040115"},"geometry":{"type":"Polygon","coordinates":[[[-84.490054,39.136887],[-84.49006,39.136996],[-84.489702,39.136979],[-84.489714,39.136876],[-84.490054,39.136887]]]}},{"type":"Feature","properties":{"pid":"006000040113"},"geometry":{"type":"Polygon","coordinates":[[[-84.489622,39.136976],[-84.49006,39.136996],[-84.490076,39.137135],[-84.489602,39.137115],[-84.489622,39.136976]]]}},{"type":"Feature","properties":{"pid":"011600030081"},"geometry":{"type":"Polygon","coordinates":[[[-84.471897,39.164002],[-84.471742,39.164195],[-84.471269,39.163966],[-84.471103,39.164173],[-84.471576,39.164403],[-84.471449,39.164561],[-84.470923,39.164532],[-84.470911,39.164669],[-84.469576,39.164596],[-84.469357,39.163973],[-84.469306,39.163409],[-84.471607,39.163555],[-84.471466,39.163894],[-84.471777,39.163944],[-84.471897,39.164002]]]}},{"type":"Feature","properties":{"pid":"011600030078"},"geometry":{"type":"Polygon","coordinates":[[[-84.471742,39.164195],[-84.471576,39.164403],[-84.471103,39.164173],[-84.471269,39.163966],[-84.471742,39.164195]]]}},{"type":"Feature","properties":{"pid":"011100020001"},"geometry":{"type":"Polygon","coordinates":[[[-84.483684,39.161232],[-84.482981,39.161192],[-84.483775,39.160734],[-84.483729,39.160946],[-84.484312,39.16098],[-84.484329,39.161132],[-84.483697,39.161096],[-84.483684,39.161232]]]}},{"type":"Feature","properties":{"pid":"006000040050"},"geometry":{"type":"Polygon","coordinates":[[[-84.489424,39.136557],[-84.490131,39.136587],[-84.490097,39.136721],[-84.489373,39.136694],[-84.489424,39.136557]]]}},{"type":"Feature","properties":{"pid":"006000040049"},"geometry":{"type":"Polygon","coordinates":[[[-84.489373,39.136694],[-84.490097,39.136721],[-84.490054,39.136887],[-84.489312,39.13686],[-84.489373,39.136694]]]}},{"type":"Feature","properties":{"pid":"010800050042"},"geometry":{"type":"Polygon","coordinates":[[[-84.483055,39.150777],[-84.483183,39.150871],[-84.48269,39.151282],[-84.482561,39.151188],[-84.483055,39.150777]]]}},{"type":"Feature","properties":{"pid":"011100020002"},"geometry":{"type":"Polygon","coordinates":[[[-84.483084,39.160126],[-84.483032,39.160642],[-84.479967,39.160452],[-84.480175,39.160056],[-84.482117,39.160177],[-84.482128,39.160067],[-84.483084,39.160126]]]}},{"type":"Feature","properties":{"pid":"011100020012"},"geometry":{"type":"Polygon","coordinates":[[[-84.484253,39.161265],[-84.483684,39.161232],[-84.483697,39.161096],[-84.484267,39.161128],[-84.484253,39.161265]]]}},{"type":"Feature","properties":{"pid":"011100020013"},"geometry":{"type":"Polygon","coordinates":[[[-84.483298,39.160163],[-84.483699,39.159869],[-84.484112,39.160119],[-84.483827,39.16049],[-84.483493,39.160477],[-84.483496,39.160414],[-84.483298,39.160163]]]}},{"type":"Feature","properties":{"pid":"011100020014"},"geometry":{"type":"Polygon","coordinates":[[[-84.482363,39.160082],[-84.483382,39.159531],[-84.483593,39.159761],[-84.48296,39.160118],[-84.482363,39.160082]]]}},{"type":"Feature","properties":{"pid":"011100020017"},"geometry":{"type":"Polygon","coordinates":[[[-84.484407,39.160523],[-84.483827,39.16049],[-84.484112,39.160119],[-84.484522,39.160264],[-84.484526,39.160345],[-84.484407,39.160523]]]}},{"type":"Feature","properties":{"pid":"011100020018"},"geometry":{"type":"Polygon","coordinates":[[[-84.484281,39.160978],[-84.483729,39.160946],[-84.483775,39.160734],[-84.484319,39.160765],[-84.484281,39.160978]]]}},{"type":"Feature","properties":{"pid":"011100020019"},"geometry":{"type":"Polygon","coordinates":[[[-84.4843,39.160763],[-84.483775,39.160734],[-84.483827,39.16049],[-84.484407,39.160523],[-84.4843,39.160763]]]}},{"type":"Feature","properties":{"pid":"011100020020"},"geometry":{"type":"Polygon","coordinates":[[[-84.483164,39.160465],[-84.483057,39.160375],[-84.483084,39.160126],[-84.48296,39.160118],[-84.483593,39.159761],[-84.483699,39.159869],[-84.483298,39.160163],[-84.483496,39.160414],[-84.483493,39.160477],[-84.483164,39.160465]]]}},{"type":"Feature","properties":{"pid":"011300010135"},"geometry":{"type":"Polygon","coordinates":[[[-84.496573,39.144762],[-84.496223,39.144731],[-84.496285,39.144184],[-84.496635,39.144215],[-84.496573,39.144762]]]}},{"type":"Feature","properties":{"pid":"011600030080"},"geometry":{"type":"Polygon","coordinates":[[[-84.471449,39.164561],[-84.471344,39.164693],[-84.470911,39.164669],[-84.470923,39.164532],[-84.471449,39.164561]]]}},{"type":"Feature","properties":{"pid":"011500030187"},"geometry":{"type":"Polygon","coordinates":[[[-84.490899,39.155433],[-84.491568,39.155478],[-84.491446,39.156656],[-84.490794,39.156543],[-84.490899,39.155433]]]}},{"type":"Feature","properties":{"pid":"011500030014"},"geometry":{"type":"Polygon","coordinates":[[[-84.494286,39.155649],[-84.494208,39.155872],[-84.494048,39.156061],[-84.492991,39.156644],[-84.492508,39.156734],[-84.491446,39.156656],[-84.491568,39.155478],[-84.494286,39.155649]]]}},{"type":"Feature","properties":{"pid":"011500050024"},"geometry":{"type":"Polygon","coordinates":[[[-84.485488,39.160788],[-84.485338,39.160444],[-84.485552,39.160371],[-84.485749,39.160734],[-84.485488,39.160788]]]}},{"type":"Feature","properties":{"pid":"011500050030"},"geometry":{"type":"Polygon","coordinates":[[[-84.486887,39.16023],[-84.486555,39.159905],[-84.486674,39.159834],[-84.487042,39.160062],[-84.487037,39.160128],[-84.486887,39.16023]]]}},{"type":"Feature","properties":{"pid":"011500050041"},"geometry":{"type":"Polygon","coordinates":[[[-84.484742,39.16127],[-84.484526,39.161196],[-84.484507,39.161154],[-84.484496,39.160793],[-84.484541,39.16062],[-84.484587,39.160594],[-84.484881,39.160806],[-84.484742,39.16127]]]}},{"type":"Feature","properties":{"pid":"011200020060"},"geometry":{"type":"Polygon","coordinates":[[[-84.493228,39.155583],[-84.492476,39.155535],[-84.491967,39.15498],[-84.492534,39.15459],[-84.49253,39.154804],[-84.492755,39.155264],[-84.493228,39.155583]]]}},{"type":"Feature","properties":{"pid":"011200020062"},"geometry":{"type":"Polygon","coordinates":[[[-84.492786,39.155263],[-84.49253,39.154804],[-84.492534,39.15459],[-84.493084,39.154219],[-84.493761,39.154472],[-84.494012,39.155346],[-84.493648,39.155323],[-84.493651,39.155587],[-84.493602,39.155584],[-84.493224,39.155483],[-84.492786,39.155263]]]}},{"type":"Feature","properties":{"pid":"011200020007"},"geometry":{"type":"Polygon","coordinates":[[[-84.492071,39.154175],[-84.491644,39.154477],[-84.491541,39.154386],[-84.49198,39.154094],[-84.492071,39.154175]]]}},{"type":"Feature","properties":{"pid":"011200020035"},"geometry":{"type":"Polygon","coordinates":[[[-84.492413,39.154481],[-84.491865,39.154868],[-84.49177,39.154762],[-84.492297,39.154378],[-84.492413,39.154481]]]}},{"type":"Feature","properties":{"pid":"011200020043"},"geometry":{"type":"Polygon","coordinates":[[[-84.491876,39.154],[-84.49198,39.154094],[-84.491541,39.154386],[-84.491445,39.1543],[-84.491876,39.154]]]}},{"type":"Feature","properties":{"pid":"011200020045"},"geometry":{"type":"Polygon","coordinates":[[[-84.491685,39.154133],[-84.491354,39.153791],[-84.491495,39.15366],[-84.491876,39.154],[-84.491685,39.154133]]]}},{"type":"Feature","properties":{"pid":"011200020047"},"geometry":{"type":"Polygon","coordinates":[[[-84.491558,39.154221],[-84.49124,39.153898],[-84.491354,39.153791],[-84.491685,39.154133],[-84.491558,39.154221]]]}},{"type":"Feature","properties":{"pid":"011500050007"},"geometry":{"type":"Polygon","coordinates":[[[-84.488773,39.160313],[-84.488501,39.16015],[-84.488878,39.159774],[-84.489092,39.159904],[-84.489113,39.159958],[-84.488773,39.160313]]]}},{"type":"Feature","properties":{"pid":"011500050014"},"geometry":{"type":"Polygon","coordinates":[[[-84.485556,39.15938],[-84.485484,39.159082],[-84.485924,39.158853],[-84.486037,39.159165],[-84.485556,39.15938]]]}},{"type":"Feature","properties":{"pid":"011500050015"},"geometry":{"type":"Polygon","coordinates":[[[-84.485526,39.159702],[-84.485556,39.15938],[-84.486037,39.159165],[-84.486107,39.159571],[-84.485526,39.159702]]]}},{"type":"Feature","properties":{"pid":"011500050020"},"geometry":{"type":"Polygon","coordinates":[[[-84.485275,39.16046],[-84.485046,39.16012],[-84.485249,39.160009],[-84.485552,39.160371],[-84.485275,39.16046]]]}},{"type":"Feature","properties":{"pid":"011500050021"},"geometry":{"type":"Polygon","coordinates":[[[-84.485127,39.160529],[-84.48489,39.160184],[-84.485046,39.16012],[-84.485275,39.16046],[-84.485127,39.160529]]]}},{"type":"Feature","properties":{"pid":"011500050022"},"geometry":{"type":"Polygon","coordinates":[[[-84.48492,39.160626],[-84.484749,39.160433],[-84.484719,39.160285],[-84.484777,39.160218],[-84.48489,39.160184],[-84.485127,39.160529],[-84.48492,39.160626]]]}},{"type":"Feature","properties":{"pid":"011500050023"},"geometry":{"type":"Polygon","coordinates":[[[-84.48492,39.160626],[-84.485333,39.160433],[-84.485488,39.160788],[-84.485181,39.160756],[-84.48492,39.160626]]]}},{"type":"Feature","properties":{"pid":"011200020003"},"geometry":{"type":"Polygon","coordinates":[[[-84.492735,39.155224],[-84.492786,39.155263],[-84.492849,39.155327],[-84.492735,39.155224]]]}},{"type":"Feature","properties":{"pid":"011200020021"},"geometry":{"type":"Polygon","coordinates":[[[-84.491644,39.154477],[-84.491564,39.154533],[-84.491094,39.154012],[-84.49124,39.153898],[-84.491558,39.154221],[-84.491445,39.1543],[-84.491644,39.154477]]]}},{"type":"Feature","properties":{"pid":"011200020039"},"geometry":{"type":"Polygon","coordinates":[[[-84.491564,39.154533],[-84.492071,39.154175],[-84.492184,39.154277],[-84.491668,39.154649],[-84.491564,39.154533]]]}},{"type":"Feature","properties":{"pid":"011200020040"},"geometry":{"type":"Polygon","coordinates":[[[-84.491668,39.154649],[-84.492184,39.154277],[-84.492297,39.154378],[-84.49177,39.154762],[-84.491668,39.154649]]]}},{"type":"Feature","properties":{"pid":"011200020042"},"geometry":{"type":"Polygon","coordinates":[[[-84.491865,39.154868],[-84.492413,39.154481],[-84.492534,39.15459],[-84.491967,39.15498],[-84.491865,39.154868]]]}},{"type":"Feature","properties":{"pid":"011200020004"},"geometry":{"type":"Polygon","coordinates":[[[-84.491094,39.154012],[-84.492231,39.155273],[-84.492476,39.155535],[-84.491568,39.155478],[-84.490826,39.154197],[-84.491094,39.154012]]]}},{"type":"Feature","properties":{"pid":"011400020044"},"geometry":{"type":"Polygon","coordinates":[[[-84.495565,39.155314],[-84.494608,39.155246],[-84.49459,39.154996],[-84.495594,39.155068],[-84.495565,39.155314]]]}},{"type":"Feature","properties":{"pid":"010600020198"},"geometry":{"type":"Polygon","coordinates":[[[-84.498857,39.139862],[-84.498453,39.139831],[-84.49846,39.139776],[-84.498863,39.139807],[-84.498857,39.139862]]]}},{"type":"Feature","properties":{"pid":"010600020199"},"geometry":{"type":"Polygon","coordinates":[[[-84.49885,39.139917],[-84.498446,39.139886],[-84.498453,39.139831],[-84.498857,39.139862],[-84.49885,39.139917]]]}},{"type":"Feature","properties":{"pid":"010600020200"},"geometry":{"type":"Polygon","coordinates":[[[-84.498446,39.139886],[-84.49885,39.139917],[-84.498843,39.139971],[-84.49844,39.13994],[-84.498446,39.139886]]]}},{"type":"Feature","properties":{"pid":"010600020202"},"geometry":{"type":"Polygon","coordinates":[[[-84.49883,39.140081],[-84.498426,39.14005],[-84.498433,39.139995],[-84.498837,39.140026],[-84.49883,39.140081]]]}},{"type":"Feature","properties":{"pid":"010600020203"},"geometry":{"type":"Polygon","coordinates":[[[-84.498823,39.140135],[-84.49842,39.140104],[-84.498426,39.14005],[-84.49883,39.140081],[-84.498823,39.140135]]]}},{"type":"Feature","properties":{"pid":"010600030159"},"geometry":{"type":"Polygon","coordinates":[[[-84.496151,39.140209],[-84.496105,39.140207],[-84.496141,39.139601],[-84.496518,39.139615],[-84.49651,39.139741],[-84.496179,39.139729],[-84.496151,39.140209]]]}},{"type":"Feature","properties":{"pid":"010600020157"},"geometry":{"type":"Polygon","coordinates":[[[-84.500369,39.140239],[-84.499947,39.14021],[-84.499962,39.140073],[-84.500385,39.140097],[-84.500369,39.140239]]]}},{"type":"Feature","properties":{"pid":"010600020160"},"geometry":{"type":"Polygon","coordinates":[[[-84.5004,39.13996],[-84.500002,39.139937],[-84.500019,39.139777],[-84.500418,39.139803],[-84.5004,39.13996]]]}},{"type":"Feature","properties":{"pid":"010600030076"},"geometry":{"type":"Polygon","coordinates":[[[-84.497666,39.139265],[-84.497509,39.139256],[-84.497533,39.139025],[-84.497691,39.139034],[-84.497666,39.139265]]]}},{"type":"Feature","properties":{"pid":"010600030077"},"geometry":{"type":"Polygon","coordinates":[[[-84.497509,39.139256],[-84.497334,39.139245],[-84.497359,39.139014],[-84.497533,39.139025],[-84.497509,39.139256]]]}},{"type":"Feature","properties":{"pid":"010600030079"},"geometry":{"type":"Polygon","coordinates":[[[-84.49716,39.139234],[-84.497003,39.139224],[-84.497026,39.138993],[-84.497184,39.139003],[-84.49716,39.139234]]]}},{"type":"Feature","properties":{"pid":"010600030080"},"geometry":{"type":"Polygon","coordinates":[[[-84.497003,39.139224],[-84.496881,39.139217],[-84.496904,39.138985],[-84.497026,39.138993],[-84.497003,39.139224]]]}},{"type":"Feature","properties":{"pid":"010600030092"},"geometry":{"type":"Polygon","coordinates":[[[-84.496603,39.1392],[-84.496459,39.139191],[-84.496483,39.138972],[-84.496625,39.138968],[-84.496603,39.1392]]]}},{"type":"Feature","properties":{"pid":"010600020201"},"geometry":{"type":"Polygon","coordinates":[[[-84.498837,39.140026],[-84.498433,39.139995],[-84.49844,39.13994],[-84.498843,39.139971],[-84.498837,39.140026]]]}},{"type":"Feature","properties":{"pid":"010600030139"},"geometry":{"type":"Polygon","coordinates":[[[-84.497666,39.139265],[-84.497847,39.139276],[-84.497821,39.139441],[-84.497564,39.139427],[-84.497655,39.139372],[-84.497666,39.139265]]]}},{"type":"Feature","properties":{"pid":"010600030145"},"geometry":{"type":"Polygon","coordinates":[[[-84.497669,39.139915],[-84.497643,39.140262],[-84.49747,39.140256],[-84.497495,39.139907],[-84.497669,39.139915]]]}},{"type":"Feature","properties":{"pid":"011500040104"},"geometry":{"type":"Polygon","coordinates":[[[-84.488484,39.159298],[-84.488332,39.159208],[-84.488621,39.158904],[-84.488737,39.159038],[-84.488484,39.159298]]]}},{"type":"Feature","properties":{"pid":"011500040099"},"geometry":{"type":"Polygon","coordinates":[[[-84.488423,39.157309],[-84.488256,39.157209],[-84.488555,39.156904],[-84.488719,39.157002],[-84.488423,39.157309]]]}},{"type":"Feature","properties":{"pid":"011500040033"},"geometry":{"type":"Polygon","coordinates":[[[-84.488427,39.155974],[-84.488889,39.156032],[-84.488757,39.156206],[-84.488726,39.156414],[-84.488462,39.156391],[-84.488404,39.156267],[-84.488427,39.155974]]]}},{"type":"Feature","properties":{"pid":"011500040021"},"geometry":{"type":"Polygon","coordinates":[[[-84.48561,39.156897],[-84.486043,39.156663],[-84.486146,39.156779],[-84.485711,39.157012],[-84.48561,39.156897]]]}},{"type":"Feature","properties":{"pid":"010600030074"},"geometry":{"type":"Polygon","coordinates":[[[-84.498032,39.139288],[-84.497858,39.139277],[-84.497883,39.139046],[-84.498058,39.139057],[-84.498032,39.139288]]]}},{"type":"Feature","properties":{"pid":"010600030075"},"geometry":{"type":"Polygon","coordinates":[[[-84.497858,39.139277],[-84.497666,39.139265],[-84.497691,39.139034],[-84.497883,39.139046],[-84.497858,39.139277]]]}},{"type":"Feature","properties":{"pid":"010600030081"},"geometry":{"type":"Polygon","coordinates":[[[-84.496626,39.138968],[-84.496766,39.138976],[-84.496743,39.139208],[-84.496603,39.1392],[-84.496626,39.138968]]]}},{"type":"Feature","properties":{"pid":"010600030093"},"geometry":{"type":"Polygon","coordinates":[[[-84.496459,39.139191],[-84.496316,39.139182],[-84.496339,39.138977],[-84.496483,39.138972],[-84.496459,39.139191]]]}},{"type":"Feature","properties":{"pid":"010600030094"},"geometry":{"type":"Polygon","coordinates":[[[-84.496316,39.139182],[-84.496249,39.139178],[-84.49624,39.139253],[-84.496165,39.139243],[-84.49619,39.138968],[-84.496339,39.138977],[-84.496316,39.139182]]]}},{"type":"Feature","properties":{"pid":"010600030109"},"geometry":{"type":"Polygon","coordinates":[[[-84.496881,39.139217],[-84.496743,39.139208],[-84.496766,39.138976],[-84.496904,39.138985],[-84.496881,39.139217]]]}},{"type":"Feature","properties":{"pid":"010600030136"},"geometry":{"type":"Polygon","coordinates":[[[-84.498018,39.139993],[-84.497997,39.140275],[-84.497823,39.140269],[-84.497842,39.139988],[-84.498018,39.139993]]]}},{"type":"Feature","properties":{"pid":"011000030040"},"geometry":{"type":"Polygon","coordinates":[[[-84.47996,39.155203],[-84.479805,39.155093],[-84.480029,39.154694],[-84.480314,39.1549],[-84.47996,39.155203]]]}},{"type":"Feature","properties":{"pid":"011000030041"},"geometry":{"type":"Polygon","coordinates":[[[-84.47996,39.155203],[-84.480314,39.1549],[-84.480452,39.154996],[-84.48009,39.155295],[-84.47996,39.155203]]]}},{"type":"Feature","properties":{"pid":"011000030082"},"geometry":{"type":"Polygon","coordinates":[[[-84.48009,39.155295],[-84.480452,39.154996],[-84.480972,39.155363],[-84.480609,39.155663],[-84.48009,39.155295]]]}},{"type":"Feature","properties":{"pid":"011000030080"},"geometry":{"type":"Polygon","coordinates":[[[-84.48009,39.155295],[-84.480452,39.154996],[-84.480972,39.155363],[-84.480609,39.155663],[-84.48009,39.155295]]]}},{"type":"Feature","properties":{"pid":"011000030095"},"geometry":{"type":"Polygon","coordinates":[[[-84.48009,39.155295],[-84.480452,39.154996],[-84.480972,39.155363],[-84.480609,39.155663],[-84.48009,39.155295]]]}},{"type":"Feature","properties":{"pid":"011000030073"},"geometry":{"type":"Polygon","coordinates":[[[-84.48009,39.155295],[-84.480452,39.154996],[-84.480972,39.155363],[-84.480609,39.155663],[-84.48009,39.155295]]]}},{"type":"Feature","properties":{"pid":"011000030096"},"geometry":{"type":"Polygon","coordinates":[[[-84.48009,39.155295],[-84.480452,39.154996],[-84.480972,39.155363],[-84.480609,39.155663],[-84.48009,39.155295]]]}},{"type":"Feature","properties":{"pid":"011000030076"},"geometry":{"type":"Polygon","coordinates":[[[-84.48009,39.155295],[-84.480452,39.154996],[-84.480972,39.155363],[-84.480609,39.155663],[-84.48009,39.155295]]]}},{"type":"Feature","properties":{"pid":"011000030094"},"geometry":{"type":"Polygon","coordinates":[[[-84.48009,39.155295],[-84.480452,39.154996],[-84.480972,39.155363],[-84.480609,39.155663],[-84.48009,39.155295]]]}},{"type":"Feature","properties":{"pid":"011000030075"},"geometry":{"type":"Polygon","coordinates":[[[-84.48009,39.155295],[-84.480452,39.154996],[-84.480972,39.155363],[-84.480609,39.155663],[-84.48009,39.155295]]]}},{"type":"Feature","properties":{"pid":"011000030093"},"geometry":{"type":"Polygon","coordinates":[[[-84.48009,39.155295],[-84.480452,39.154996],[-84.480972,39.155363],[-84.480609,39.155663],[-84.48009,39.155295]]]}},{"type":"Feature","properties":{"pid":"011000030086"},"geometry":{"type":"Polygon","coordinates":[[[-84.48009,39.155295],[-84.480452,39.154996],[-84.480972,39.155363],[-84.480609,39.155663],[-84.48009,39.155295]]]}},{"type":"Feature","properties":{"pid":"011000030079"},"geometry":{"type":"Polygon","coordinates":[[[-84.48009,39.155295],[-84.480452,39.154996],[-84.480972,39.155363],[-84.480609,39.155663],[-84.48009,39.155295]]]}},{"type":"Feature","properties":{"pid":"011000030097"},"geometry":{"type":"Polygon","coordinates":[[[-84.48009,39.155295],[-84.480452,39.154996],[-84.480972,39.155363],[-84.480609,39.155663],[-84.48009,39.155295]]]}},{"type":"Feature","properties":{"pid":"011000030088"},"geometry":{"type":"Polygon","coordinates":[[[-84.48009,39.155295],[-84.480452,39.154996],[-84.480972,39.155363],[-84.480609,39.155663],[-84.48009,39.155295]]]}},{"type":"Feature","properties":{"pid":"011000030092"},"geometry":{"type":"Polygon","coordinates":[[[-84.48009,39.155295],[-84.480452,39.154996],[-84.480972,39.155363],[-84.480609,39.155663],[-84.48009,39.155295]]]}},{"type":"Feature","properties":{"pid":"011000030077"},"geometry":{"type":"Polygon","coordinates":[[[-84.48009,39.155295],[-84.480452,39.154996],[-84.480972,39.155363],[-84.480609,39.155663],[-84.48009,39.155295]]]}},{"type":"Feature","properties":{"pid":"011000030084"},"geometry":{"type":"Polygon","coordinates":[[[-84.48009,39.155295],[-84.480452,39.154996],[-84.480972,39.155363],[-84.480609,39.155663],[-84.48009,39.155295]]]}},{"type":"Feature","properties":{"pid":"011000030087"},"geometry":{"type":"Polygon","coordinates":[[[-84.48009,39.155295],[-84.480452,39.154996],[-84.480972,39.155363],[-84.480609,39.155663],[-84.48009,39.155295]]]}},{"type":"Feature","properties":{"pid":"011000030089"},"geometry":{"type":"Polygon","coordinates":[[[-84.48009,39.155295],[-84.480452,39.154996],[-84.480972,39.155363],[-84.480609,39.155663],[-84.48009,39.155295]]]}},{"type":"Feature","properties":{"pid":"011000030090"},"geometry":{"type":"Polygon","coordinates":[[[-84.48009,39.155295],[-84.480452,39.154996],[-84.480972,39.155363],[-84.480609,39.155663],[-84.48009,39.155295]]]}},{"type":"Feature","properties":{"pid":"011000030078"},"geometry":{"type":"Polygon","coordinates":[[[-84.48009,39.155295],[-84.480452,39.154996],[-84.480972,39.155363],[-84.480609,39.155663],[-84.48009,39.155295]]]}},{"type":"Feature","properties":{"pid":"011000030083"},"geometry":{"type":"Polygon","coordinates":[[[-84.48009,39.155295],[-84.480452,39.154996],[-84.480972,39.155363],[-84.480609,39.155663],[-84.48009,39.155295]]]}},{"type":"Feature","properties":{"pid":"011000030074"},"geometry":{"type":"Polygon","coordinates":[[[-84.48009,39.155295],[-84.480452,39.154996],[-84.480972,39.155363],[-84.480609,39.155663],[-84.48009,39.155295]]]}},{"type":"Feature","properties":{"pid":"011000030072"},"geometry":{"type":"Polygon","coordinates":[[[-84.48009,39.155295],[-84.480452,39.154996],[-84.480972,39.155363],[-84.480609,39.155663],[-84.48009,39.155295]]]}},{"type":"Feature","properties":{"pid":"011000030081"},"geometry":{"type":"Polygon","coordinates":[[[-84.48009,39.155295],[-84.480452,39.154996],[-84.480972,39.155363],[-84.480609,39.155663],[-84.48009,39.155295]]]}},{"type":"Feature","properties":{"pid":"011000030091"},"geometry":{"type":"Polygon","coordinates":[[[-84.48009,39.155295],[-84.480452,39.154996],[-84.480972,39.155363],[-84.480609,39.155663],[-84.48009,39.155295]]]}},{"type":"Feature","properties":{"pid":"011000030085"},"geometry":{"type":"Polygon","coordinates":[[[-84.48009,39.155295],[-84.480452,39.154996],[-84.480972,39.155363],[-84.480609,39.155663],[-84.48009,39.155295]]]}},{"type":"Feature","properties":{"pid":"011500040116"},"geometry":{"type":"Polygon","coordinates":[[[-84.488788,39.159477],[-84.489047,39.159225],[-84.489196,39.159315],[-84.488937,39.159565],[-84.488788,39.159477]]]}},{"type":"Feature","properties":{"pid":"011000010013"},"geometry":{"type":"Polygon","coordinates":[[[-84.480356,39.151911],[-84.480432,39.151486],[-84.480607,39.151513],[-84.4805,39.151985],[-84.480821,39.152111],[-84.480765,39.15216],[-84.480356,39.151911]]]}},{"type":"Feature","properties":{"pid":"011400020005"},"geometry":{"type":"Polygon","coordinates":[[[-84.496903,39.155064],[-84.497158,39.155691],[-84.496688,39.155772],[-84.496423,39.155134],[-84.494625,39.154999],[-84.494514,39.154139],[-84.495845,39.15427],[-84.496456,39.154547],[-84.496522,39.154633],[-84.496913,39.154849],[-84.496903,39.155064]]]}},{"type":"Feature","properties":{"pid":"011400020007"},"geometry":{"type":"Polygon","coordinates":[[[-84.494728,39.155502],[-84.494669,39.15525],[-84.495565,39.155314],[-84.49555,39.155441],[-84.495382,39.155549],[-84.494728,39.155502]]]}},{"type":"Feature","properties":{"pid":"010500010064"},"geometry":{"type":"Polygon","coordinates":[[[-84.495417,39.134868],[-84.495436,39.134653],[-84.495513,39.134656],[-84.495494,39.134871],[-84.495417,39.134868]]]}},{"type":"Feature","properties":{"pid":"010500020032"},"geometry":{"type":"Polygon","coordinates":[[[-84.494409,39.138125],[-84.493891,39.137537],[-84.494243,39.137546],[-84.494497,39.138084],[-84.494409,39.138125]]]}},{"type":"Feature","properties":{"pid":"010500020040"},"geometry":{"type":"Polygon","coordinates":[[[-84.494777,39.137561],[-84.495016,39.137126],[-84.495157,39.13713],[-84.494858,39.137563],[-84.494777,39.137561]]]}},{"type":"Feature","properties":{"pid":"010500020041"},"geometry":{"type":"Polygon","coordinates":[[[-84.494747,39.13756],[-84.494636,39.137557],[-84.494805,39.13712],[-84.495016,39.137126],[-84.494747,39.13756]]]}},{"type":"Feature","properties":{"pid":"010500020042"},"geometry":{"type":"Polygon","coordinates":[[[-84.49446,39.137552],[-84.494629,39.137116],[-84.494805,39.13712],[-84.494636,39.137557],[-84.49446,39.137552]]]}},{"type":"Feature","properties":{"pid":"010500020044"},"geometry":{"type":"Polygon","coordinates":[[[-84.494243,39.137546],[-84.494365,39.137109],[-84.494453,39.137111],[-84.494284,39.137547],[-84.494243,39.137546]]]}},{"type":"Feature","properties":{"pid":"010500020045"},"geometry":{"type":"Polygon","coordinates":[[[-84.494175,39.137545],[-84.494277,39.137107],[-84.494365,39.137109],[-84.49423,39.137546],[-84.494175,39.137545]]]}},{"type":"Feature","properties":{"pid":"010500020046"},"geometry":{"type":"Polygon","coordinates":[[[-84.494033,39.137541],[-84.494093,39.137102],[-84.494183,39.137104],[-84.494099,39.137543],[-84.494033,39.137541]]]}},{"type":"Feature","properties":{"pid":"010500020047"},"geometry":{"type":"Polygon","coordinates":[[[-84.493986,39.13754],[-84.494005,39.137099],[-84.494093,39.137102],[-84.494033,39.137541],[-84.493986,39.13754]]]}},{"type":"Feature","properties":{"pid":"010500020048"},"geometry":{"type":"Polygon","coordinates":[[[-84.493707,39.137722],[-84.493734,39.137092],[-84.49391,39.137097],[-84.493891,39.137537],[-84.493959,39.13764],[-84.493707,39.137722]]]}},{"type":"Feature","properties":{"pid":"010500020049"},"geometry":{"type":"Polygon","coordinates":[[[-84.493537,39.137542],[-84.493555,39.137088],[-84.493734,39.137092],[-84.493715,39.137546],[-84.493537,39.137542]]]}},{"type":"Feature","properties":{"pid":"010500020051"},"geometry":{"type":"Polygon","coordinates":[[[-84.493407,39.137084],[-84.493555,39.137088],[-84.493529,39.13778],[-84.493388,39.137826],[-84.493407,39.137084]]]}},{"type":"Feature","properties":{"pid":"010500020052"},"geometry":{"type":"Polygon","coordinates":[[[-84.493257,39.13708],[-84.493407,39.137084],[-84.493388,39.137826],[-84.493236,39.137876],[-84.493257,39.13708]]]}},{"type":"Feature","properties":{"pid":"010500020053"},"geometry":{"type":"Polygon","coordinates":[[[-84.493107,39.137076],[-84.493257,39.13708],[-84.493236,39.137876],[-84.493084,39.137926],[-84.493107,39.137076]]]}},{"type":"Feature","properties":{"pid":"010500020054"},"geometry":{"type":"Polygon","coordinates":[[[-84.492956,39.137072],[-84.493107,39.137076],[-84.493084,39.137926],[-84.492932,39.137975],[-84.492956,39.137072]]]}},{"type":"Feature","properties":{"pid":"010500020055"},"geometry":{"type":"Polygon","coordinates":[[[-84.492806,39.137068],[-84.492956,39.137072],[-84.492932,39.137975],[-84.49278,39.138025],[-84.492806,39.137068]]]}},{"type":"Feature","properties":{"pid":"010500020057"},"geometry":{"type":"Polygon","coordinates":[[[-84.492554,39.137613],[-84.492569,39.137062],[-84.492658,39.137064],[-84.492642,39.137614],[-84.492554,39.137613]]]}},{"type":"Feature","properties":{"pid":"010500020058"},"geometry":{"type":"Polygon","coordinates":[[[-84.492407,39.137345],[-84.49238,39.137057],[-84.492562,39.137061],[-84.492547,39.137612],[-84.492642,39.137614],[-84.492629,39.138075],[-84.492407,39.137345]]]}},{"type":"Feature","properties":{"pid":"010500020066"},"geometry":{"type":"Polygon","coordinates":[[[-84.493891,39.137537],[-84.49391,39.137097],[-84.494005,39.137099],[-84.493986,39.13754],[-84.493891,39.137537]]]}},{"type":"Feature","properties":{"pid":"010500020068"},"geometry":{"type":"Polygon","coordinates":[[[-84.492629,39.138075],[-84.49269,39.137065],[-84.492806,39.137068],[-84.49278,39.138025],[-84.492629,39.138075]]]}},{"type":"Feature","properties":{"pid":"010500020069"},"geometry":{"type":"Polygon","coordinates":[[[-84.494099,39.137543],[-84.494183,39.137104],[-84.494274,39.137106],[-84.494165,39.137544],[-84.494099,39.137543]]]}},{"type":"Feature","properties":{"pid":"011500040111"},"geometry":{"type":"Polygon","coordinates":[[[-84.486271,39.157656],[-84.486637,39.157468],[-84.48673,39.157575],[-84.48637,39.157769],[-84.486271,39.157656]]]}},{"type":"Feature","properties":{"pid":"011500060007"},"geometry":{"type":"Polygon","coordinates":[[[-84.484742,39.15717],[-84.485305,39.156876],[-84.485402,39.156988],[-84.484846,39.157291],[-84.484742,39.15717]]]}},{"type":"Feature","properties":{"pid":"011500060010"},"geometry":{"type":"Polygon","coordinates":[[[-84.485141,39.15862],[-84.485731,39.158309],[-84.485926,39.158534],[-84.485337,39.158845],[-84.485141,39.15862]]]}},{"type":"Feature","properties":{"pid":"011500060011"},"geometry":{"type":"Polygon","coordinates":[[[-84.485141,39.15862],[-84.484944,39.158394],[-84.485532,39.15808],[-84.485731,39.158309],[-84.485141,39.15862]]]}},{"type":"Feature","properties":{"pid":"011500060017"},"geometry":{"type":"Polygon","coordinates":[[[-84.485018,39.159968],[-84.484646,39.159532],[-84.485284,39.159192],[-84.485321,39.1594],[-84.485286,39.159608],[-84.485183,39.159802],[-84.485018,39.159968]]]}},{"type":"Feature","properties":{"pid":"011500060043"},"geometry":{"type":"Polygon","coordinates":[[[-84.485634,39.158197],[-84.486193,39.1579],[-84.486222,39.157932],[-84.485661,39.158228],[-84.485634,39.158197]]]}},{"type":"Feature","properties":{"pid":"011500060046"},"geometry":{"type":"Polygon","coordinates":[[[-84.485459,39.159028],[-84.485965,39.158831],[-84.485484,39.159082],[-84.485459,39.159028]]]}},{"type":"Feature","properties":{"pid":"011500060048"},"geometry":{"type":"Polygon","coordinates":[[[-84.485771,39.158354],[-84.485661,39.158228],[-84.486222,39.157932],[-84.48633,39.158057],[-84.485771,39.158354]]]}},{"type":"Feature","properties":{"pid":"011500060026"},"geometry":{"type":"Polygon","coordinates":[[[-84.484074,39.159927],[-84.483983,39.159873],[-84.484634,39.15952],[-84.484697,39.15959],[-84.484074,39.159927]]]}},{"type":"Feature","properties":{"pid":"011500060034"},"geometry":{"type":"Polygon","coordinates":[[[-84.484413,39.160039],[-84.484074,39.159927],[-84.484491,39.159701],[-84.484413,39.160039]]]}},{"type":"Feature","properties":{"pid":"010700090011"},"geometry":{"type":"Polygon","coordinates":[[[-84.492185,39.145374],[-84.492234,39.145055],[-84.492585,39.145084],[-84.492516,39.145528],[-84.492185,39.145374]]]}},{"type":"Feature","properties":{"pid":"011500060004"},"geometry":{"type":"Polygon","coordinates":[[[-84.48533,39.157848],[-84.485897,39.157558],[-84.485978,39.157652],[-84.485418,39.157948],[-84.48533,39.157848]]]}},{"type":"Feature","properties":{"pid":"011500060006"},"geometry":{"type":"Polygon","coordinates":[[[-84.485061,39.157538],[-84.485621,39.15724],[-84.485698,39.157329],[-84.485133,39.157621],[-84.485061,39.157538]]]}},{"type":"Feature","properties":{"pid":"011500040056"},"geometry":{"type":"Polygon","coordinates":[[[-84.488193,39.159126],[-84.488512,39.158792],[-84.488565,39.158823],[-84.488621,39.158904],[-84.488332,39.159208],[-84.488193,39.159126]]]}},{"type":"Feature","properties":{"pid":"010500020020"},"geometry":{"type":"Polygon","coordinates":[[[-84.492793,39.13888],[-84.492552,39.138992],[-84.49201,39.138277],[-84.492268,39.138193],[-84.492793,39.13888]]]}},{"type":"Feature","properties":{"pid":"011500040066"},"geometry":{"type":"Polygon","coordinates":[[[-84.488236,39.158631],[-84.488512,39.158792],[-84.488193,39.159126],[-84.487916,39.158963],[-84.488236,39.158631]]]}},{"type":"Feature","properties":{"pid":"011500040113"},"geometry":{"type":"Polygon","coordinates":[[[-84.486185,39.157556],[-84.486547,39.157364],[-84.486637,39.157468],[-84.486271,39.157656],[-84.486185,39.157556]]]}},{"type":"Feature","properties":{"pid":"011500060055"},"geometry":{"type":"Polygon","coordinates":[[[-84.484634,39.15952],[-84.483983,39.159873],[-84.483759,39.159668],[-84.484442,39.159304],[-84.484634,39.15952]]]}},{"type":"Feature","properties":{"pid":"011500060051"},"geometry":{"type":"Polygon","coordinates":[[[-84.485532,39.15808],[-84.486091,39.157782],[-84.486193,39.1579],[-84.485634,39.158197],[-84.485532,39.15808]]]}},{"type":"Feature","properties":{"pid":"011500060052"},"geometry":{"type":"Polygon","coordinates":[[[-84.484722,39.160053],[-84.484514,39.159689],[-84.484697,39.15959],[-84.485018,39.159968],[-84.484722,39.160053]]]}},{"type":"Feature","properties":{"pid":"011300040118"},"geometry":{"type":"Polygon","coordinates":[[[-84.502551,39.143504],[-84.502563,39.143395],[-84.502935,39.143417],[-84.502922,39.143527],[-84.502551,39.143504]]]}},{"type":"Feature","properties":{"pid":"011300040126"},"geometry":{"type":"Polygon","coordinates":[[[-84.502526,39.143723],[-84.502539,39.143614],[-84.50291,39.143636],[-84.502897,39.143745],[-84.502526,39.143723]]]}},{"type":"Feature","properties":{"pid":"011300040115"},"geometry":{"type":"Polygon","coordinates":[[[-84.502922,39.143527],[-84.50291,39.143636],[-84.502679,39.143622],[-84.502691,39.143513],[-84.502922,39.143527]]]}},{"type":"Feature","properties":{"pid":"011400010002"},"geometry":{"type":"Polygon","coordinates":[[[-84.495848,39.153718],[-84.494617,39.15363],[-84.494597,39.153567],[-84.495856,39.153652],[-84.495848,39.153718]]]}},{"type":"Feature","properties":{"pid":"011400010004"},"geometry":{"type":"Polygon","coordinates":[[[-84.495864,39.153581],[-84.494814,39.153509],[-84.494867,39.15288],[-84.495886,39.153389],[-84.495864,39.153581]]]}},{"type":"Feature","properties":{"pid":"011400010007"},"geometry":{"type":"Polygon","coordinates":[[[-84.495886,39.153389],[-84.495361,39.153117],[-84.495543,39.152892],[-84.495919,39.153104],[-84.495886,39.153389]]]}},{"type":"Feature","properties":{"pid":"011400010011"},"geometry":{"type":"Polygon","coordinates":[[[-84.496973,39.154059],[-84.496038,39.153614],[-84.49611,39.153124],[-84.496618,39.152527],[-84.497587,39.15292],[-84.497784,39.153224],[-84.496973,39.154059]]]}},{"type":"Feature","properties":{"pid":"011300040043"},"geometry":{"type":"Polygon","coordinates":[[[-84.502126,39.143823],[-84.502164,39.143481],[-84.502287,39.143488],[-84.502249,39.14383],[-84.502126,39.143823]]]}},{"type":"Feature","properties":{"pid":"011500050028"},"geometry":{"type":"Polygon","coordinates":[[[-84.486511,39.160442],[-84.486216,39.160095],[-84.486444,39.159971],[-84.486735,39.160323],[-84.486511,39.160442]]]}},{"type":"Feature","properties":{"pid":"010700090099"},"geometry":{"type":"Polygon","coordinates":[[[-84.491507,39.146297],[-84.490268,39.145823],[-84.491006,39.14461],[-84.49121,39.144694],[-84.491432,39.14486],[-84.491749,39.145314],[-84.491972,39.145521],[-84.491507,39.146297]]]}},{"type":"Feature","properties":{"pid":"011200060050"},"geometry":{"type":"Polygon","coordinates":[[[-84.492074,39.14689],[-84.492089,39.14677],[-84.492615,39.146813],[-84.492599,39.146934],[-84.492074,39.14689]]]}},{"type":"Feature","properties":{"pid":"011200050086"},"geometry":{"type":"Polygon","coordinates":[[[-84.490215,39.147145],[-84.490144,39.14735],[-84.489968,39.147333],[-84.490043,39.147092],[-84.490215,39.147145]]]}},{"type":"Feature","properties":{"pid":"011200050049"},"geometry":{"type":"Polygon","coordinates":[[[-84.491184,39.147163],[-84.491217,39.147075],[-84.491875,39.14713],[-84.491872,39.147271],[-84.491184,39.147163]]]}},{"type":"Feature","properties":{"pid":"011500050027"},"geometry":{"type":"Polygon","coordinates":[[[-84.486511,39.160442],[-84.486156,39.160598],[-84.485901,39.160239],[-84.486216,39.160095],[-84.486511,39.160442]]]}},{"type":"Feature","properties":{"pid":"011500050070"},"geometry":{"type":"Polygon","coordinates":[[[-84.485871,39.160251],[-84.486119,39.160612],[-84.485867,39.160699],[-84.485655,39.160339],[-84.485871,39.160251]]]}},{"type":"Feature","properties":{"pid":"011500050019"},"geometry":{"type":"Polygon","coordinates":[[[-84.485544,39.159867],[-84.485801,39.16028],[-84.485552,39.160371],[-84.485249,39.160009],[-84.485544,39.159867]]]}},{"type":"Feature","properties":{"pid":"011500050017"},"geometry":{"type":"Polygon","coordinates":[[[-84.485817,39.159764],[-84.486076,39.159705],[-84.486276,39.160064],[-84.486067,39.160166],[-84.48595,39.160038],[-84.485817,39.159764]]]}},{"type":"Feature","properties":{"pid":"011500050018"},"geometry":{"type":"Polygon","coordinates":[[[-84.485817,39.159764],[-84.48595,39.160038],[-84.486067,39.160166],[-84.485801,39.16028],[-84.485544,39.159867],[-84.485817,39.159764]]]}},{"type":"Feature","properties":{"pid":"011300040041"},"geometry":{"type":"Polygon","coordinates":[[[-84.501775,39.143802],[-84.501813,39.14346],[-84.501988,39.14347],[-84.50195,39.143812],[-84.501775,39.143802]]]}},{"type":"Feature","properties":{"pid":"011300030007"},"geometry":{"type":"Polygon","coordinates":[[[-84.495298,39.15151],[-84.495102,39.151439],[-84.495326,39.151063],[-84.495527,39.151126],[-84.495298,39.15151]]]}},{"type":"Feature","properties":{"pid":"011500070051"},"geometry":{"type":"Polygon","coordinates":[[[-84.481845,39.156768],[-84.481098,39.156418],[-84.481861,39.156741],[-84.481845,39.156768]]]}},{"type":"Feature","properties":{"pid":"011500070046"},"geometry":{"type":"Polygon","coordinates":[[[-84.483451,39.155315],[-84.483097,39.155631],[-84.482529,39.155217],[-84.482894,39.154908],[-84.483451,39.155315]]]}},{"type":"Feature","properties":{"pid":"011500070047"},"geometry":{"type":"Polygon","coordinates":[[[-84.483451,39.155315],[-84.483187,39.155126],[-84.482847,39.154873],[-84.483518,39.154873],[-84.483546,39.155076],[-84.483451,39.155315]]]}},{"type":"Feature","properties":{"pid":"011500070052"},"geometry":{"type":"Polygon","coordinates":[[[-84.481091,39.157013],[-84.481273,39.157268],[-84.48127,39.157299],[-84.481081,39.15731],[-84.481091,39.157013]]]}},{"type":"Feature","properties":{"pid":"011100030021"},"geometry":{"type":"Polygon","coordinates":[[[-84.480493,39.156606],[-84.480237,39.15674],[-84.480098,39.156514],[-84.480138,39.156349],[-84.480493,39.156606]]]}},{"type":"Feature","properties":{"pid":"011100030023"},"geometry":{"type":"Polygon","coordinates":[[[-84.480286,39.156213],[-84.480403,39.156116],[-84.480952,39.156497],[-84.480829,39.156599],[-84.480286,39.156213]]]}},{"type":"Feature","properties":{"pid":"011200060087"},"geometry":{"type":"Polygon","coordinates":[[[-84.492656,39.146507],[-84.493006,39.146537],[-84.492989,39.146668],[-84.492638,39.146639],[-84.492656,39.146507]]]}},{"type":"Feature","properties":{"pid":"011200050115"},"geometry":{"type":"Polygon","coordinates":[[[-84.490018,39.146162],[-84.490268,39.145823],[-84.491145,39.146142],[-84.490955,39.146459],[-84.490018,39.146162]]]}},{"type":"Feature","properties":{"pid":"011200050039"},"geometry":{"type":"Polygon","coordinates":[[[-84.490493,39.147394],[-84.490382,39.147755],[-84.490211,39.147723],[-84.490321,39.147367],[-84.490493,39.147394]]]}},{"type":"Feature","properties":{"pid":"011400010090"},"geometry":{"type":"Polygon","coordinates":[[[-84.494755,39.153018],[-84.494327,39.153094],[-84.494267,39.152916],[-84.494867,39.15288],[-84.494755,39.153018]]]}},{"type":"Feature","properties":{"pid":"011400010093"},"geometry":{"type":"Polygon","coordinates":[[[-84.4975,39.154539],[-84.49728,39.154326],[-84.496931,39.154103],[-84.497784,39.153224],[-84.498182,39.153748],[-84.4975,39.154539]]]}},{"type":"Feature","properties":{"pid":"011400020004"},"geometry":{"type":"Polygon","coordinates":[[[-84.496456,39.154547],[-84.495845,39.15427],[-84.495924,39.153619],[-84.4969,39.154088],[-84.496456,39.154547]]]}},{"type":"Feature","properties":{"pid":"011400020019"},"geometry":{"type":"Polygon","coordinates":[[[-84.497452,39.154492],[-84.496847,39.154812],[-84.496522,39.154633],[-84.496456,39.154547],[-84.4969,39.154088],[-84.49728,39.154326],[-84.497452,39.154492]]]}},{"type":"Feature","properties":{"pid":"011400020021"},"geometry":{"type":"Polygon","coordinates":[[[-84.498879,39.155084],[-84.498549,39.15498],[-84.49836,39.155343],[-84.498096,39.155204],[-84.49791,39.155155],[-84.498078,39.154831],[-84.497669,39.154702],[-84.4975,39.154539],[-84.498182,39.153748],[-84.498578,39.154271],[-84.498949,39.154452],[-84.498879,39.155084]]]}},{"type":"Feature","properties":{"pid":"011100030015"},"geometry":{"type":"Polygon","coordinates":[[[-84.481891,39.155766],[-84.481307,39.155364],[-84.481361,39.155318],[-84.481955,39.155714],[-84.481891,39.155766]]]}},{"type":"Feature","properties":{"pid":"011400010076"},"geometry":{"type":"Polygon","coordinates":[[[-84.495783,39.154266],[-84.494811,39.154169],[-84.494744,39.15364],[-84.495848,39.153718],[-84.495783,39.154266]]]}},{"type":"Feature","properties":{"pid":"011400010078"},"geometry":{"type":"Polygon","coordinates":[[[-84.494996,39.152942],[-84.494555,39.152767],[-84.494645,39.152482],[-84.494281,39.152305],[-84.494451,39.151928],[-84.495297,39.152321],[-84.495132,39.152525],[-84.495276,39.152596],[-84.494996,39.152942]]]}},{"type":"Feature","properties":{"pid":"011400010079"},"geometry":{"type":"Polygon","coordinates":[[[-84.495919,39.153104],[-84.495748,39.153007],[-84.496018,39.152673],[-84.496195,39.152776],[-84.495919,39.153104]]]}},{"type":"Feature","properties":{"pid":"011400010080"},"geometry":{"type":"Polygon","coordinates":[[[-84.495748,39.153007],[-84.495543,39.152892],[-84.495804,39.152569],[-84.496018,39.152673],[-84.495748,39.153007]]]}},{"type":"Feature","properties":{"pid":"011400010081"},"geometry":{"type":"Polygon","coordinates":[[[-84.495804,39.152569],[-84.495358,39.15312],[-84.49515,39.153018],[-84.495595,39.152467],[-84.495804,39.152569]]]}},{"type":"Feature","properties":{"pid":"011400010082"},"geometry":{"type":"Polygon","coordinates":[[[-84.49515,39.153018],[-84.494996,39.152942],[-84.495276,39.152596],[-84.495132,39.152525],[-84.495297,39.152321],[-84.495595,39.152467],[-84.49515,39.153018]]]}},{"type":"Feature","properties":{"pid":"011400010087"},"geometry":{"type":"Polygon","coordinates":[[[-84.494512,39.153316],[-84.494407,39.153308],[-84.494327,39.153094],[-84.494755,39.153018],[-84.494512,39.153316]]]}},{"type":"Feature","properties":{"pid":"010700090079"},"geometry":{"type":"Polygon","coordinates":[[[-84.492185,39.145374],[-84.491872,39.145024],[-84.492234,39.145055],[-84.492185,39.145374]]]}},{"type":"Feature","properties":{"pid":"011200050081"},"geometry":{"type":"Polygon","coordinates":[[[-84.491262,39.146955],[-84.491881,39.147006],[-84.491875,39.14713],[-84.491217,39.147075],[-84.491262,39.146955]]]}},{"type":"Feature","properties":{"pid":"011200050063"},"geometry":{"type":"Polygon","coordinates":[[[-84.489552,39.146938],[-84.490043,39.147092],[-84.489949,39.147248],[-84.489458,39.147095],[-84.489552,39.146938]]]}},{"type":"Feature","properties":{"pid":"010700090098"},"geometry":{"type":"Polygon","coordinates":[[[-84.491972,39.145521],[-84.492317,39.145701],[-84.49258,39.145736],[-84.492498,39.146356],[-84.492674,39.146371],[-84.492615,39.146813],[-84.492117,39.146772],[-84.492128,39.146689],[-84.491897,39.146671],[-84.491885,39.146758],[-84.49144,39.146721],[-84.491495,39.146629],[-84.491342,39.146572],[-84.491972,39.145521]]]}},{"type":"Feature","properties":{"pid":"011200060070"},"geometry":{"type":"Polygon","coordinates":[[[-84.492638,39.146639],[-84.492989,39.146668],[-84.492971,39.146804],[-84.49262,39.146775],[-84.492638,39.146639]]]}},{"type":"Feature","properties":{"pid":"011200050083"},"geometry":{"type":"Polygon","coordinates":[[[-84.491306,39.146834],[-84.491351,39.146714],[-84.491913,39.14676],[-84.491897,39.146883],[-84.491306,39.146834]]]}},{"type":"Feature","properties":{"pid":"011200060069"},"geometry":{"type":"Polygon","coordinates":[[[-84.49262,39.146775],[-84.492971,39.146804],[-84.492953,39.146941],[-84.492602,39.146912],[-84.49262,39.146775]]]}},{"type":"Feature","properties":{"pid":"011200050088"},"geometry":{"type":"Polygon","coordinates":[[[-84.490648,39.147422],[-84.490536,39.147784],[-84.490382,39.147755],[-84.490493,39.147394],[-84.490648,39.147422]]]}},{"type":"Feature","properties":{"pid":"011200060072"},"geometry":{"type":"Polygon","coordinates":[[[-84.492674,39.146371],[-84.493024,39.1464],[-84.493007,39.146531],[-84.492656,39.146502],[-84.492674,39.146371]]]}},{"type":"Feature","properties":{"pid":"011200050065"},"geometry":{"type":"Polygon","coordinates":[[[-84.491184,39.147163],[-84.491872,39.147271],[-84.49187,39.147394],[-84.49114,39.147282],[-84.491184,39.147163]]]}},{"type":"Feature","properties":{"pid":"011200050085"},"geometry":{"type":"Polygon","coordinates":[[[-84.491897,39.146883],[-84.491881,39.147006],[-84.491262,39.146955],[-84.491306,39.146834],[-84.491897,39.146883]]]}},{"type":"Feature","properties":{"pid":"011300050198"},"geometry":{"type":"Polygon","coordinates":[[[-84.503141,39.142739],[-84.50384,39.14229],[-84.504111,39.142233],[-84.504377,39.142233],[-84.504334,39.142622],[-84.503631,39.142579],[-84.503441,39.142692],[-84.503409,39.142978],[-84.503056,39.142971],[-84.502988,39.143024],[-84.502969,39.143116],[-84.502069,39.143062],[-84.50246,39.143005],[-84.502806,39.142901],[-84.503141,39.142739]]]}},{"type":"Feature","properties":{"pid":"011300040162"},"geometry":{"type":"Polygon","coordinates":[[[-84.501848,39.143462],[-84.501891,39.143068],[-84.502051,39.143063],[-84.502006,39.143471],[-84.501848,39.143462]]]}},{"type":"Feature","properties":{"pid":"011300030125"},"geometry":{"type":"Polygon","coordinates":[[[-84.494958,39.151387],[-84.494516,39.151227],[-84.494568,39.15078],[-84.495186,39.150855],[-84.494958,39.151387]]]}},{"type":"Feature","properties":{"pid":"010500030025"},"geometry":{"type":"Polygon","coordinates":[[[-84.489581,39.138569],[-84.489765,39.1385],[-84.489717,39.138968],[-84.489532,39.139051],[-84.489581,39.138569]]]}},{"type":"Feature","properties":{"pid":"010500020043"},"geometry":{"type":"Polygon","coordinates":[[[-84.494284,39.137547],[-84.494453,39.137111],[-84.494629,39.137116],[-84.49446,39.137552],[-84.494284,39.137547]]]}},{"type":"Feature","properties":{"pid":"010700090029"},"geometry":{"type":"Polygon","coordinates":[[[-84.493364,39.14465],[-84.493539,39.144665],[-84.493463,39.145159],[-84.493288,39.145144],[-84.493364,39.14465]]]}},{"type":"Feature","properties":{"pid":"010700090008"},"geometry":{"type":"Polygon","coordinates":[[[-84.493288,39.145144],[-84.493639,39.145174],[-84.493563,39.145666],[-84.493213,39.145637],[-84.493288,39.145144]]]}},{"type":"Feature","properties":{"pid":"010700090026"},"geometry":{"type":"Polygon","coordinates":[[[-84.49277,39.145037],[-84.492594,39.145022],[-84.492661,39.14459],[-84.492836,39.144605],[-84.49277,39.145037]]]}},{"type":"Feature","properties":{"pid":"010700090069"},"geometry":{"type":"Polygon","coordinates":[[[-84.49217,39.144548],[-84.49231,39.14456],[-84.492234,39.145055],[-84.492094,39.145043],[-84.49217,39.144548]]]}},{"type":"Feature","properties":{"pid":"010700090031"},"geometry":{"type":"Polygon","coordinates":[[[-84.493639,39.145174],[-84.493714,39.14468],[-84.494065,39.14471],[-84.493989,39.145204],[-84.493639,39.145174]]]}},{"type":"Feature","properties":{"pid":"010700090007"},"geometry":{"type":"Polygon","coordinates":[[[-84.493639,39.145174],[-84.493902,39.145196],[-84.493826,39.145688],[-84.493563,39.145666],[-84.493639,39.145174]]]}},{"type":"Feature","properties":{"pid":"010700090030"},"geometry":{"type":"Polygon","coordinates":[[[-84.493539,39.144665],[-84.493714,39.14468],[-84.493639,39.145174],[-84.493463,39.145159],[-84.493539,39.144665]]]}},{"type":"Feature","properties":{"pid":"010700090028"},"geometry":{"type":"Polygon","coordinates":[[[-84.493012,39.14462],[-84.493364,39.14465],[-84.493288,39.145144],[-84.492936,39.145114],[-84.493012,39.14462]]]}},{"type":"Feature","properties":{"pid":"010700090074"},"geometry":{"type":"Polygon","coordinates":[[[-84.491611,39.144595],[-84.491866,39.144523],[-84.491808,39.144918],[-84.491611,39.144595]]]}},{"type":"Feature","properties":{"pid":"010800010074"},"geometry":{"type":"Polygon","coordinates":[[[-84.486414,39.145843],[-84.48644,39.145443],[-84.486616,39.14545],[-84.48659,39.14585],[-84.486414,39.145843]]]}},{"type":"Feature","properties":{"pid":"010600020225"},"geometry":{"type":"Polygon","coordinates":[[[-84.498466,39.137699],[-84.49837,39.138332],[-84.496642,39.13823],[-84.496671,39.137947],[-84.496847,39.137958],[-84.496857,39.137866],[-84.496766,39.137861],[-84.496733,39.137791],[-84.496746,39.137564],[-84.498434,39.137669],[-84.498466,39.137699]]]}},{"type":"Feature","properties":{"pid":"010600020214"},"geometry":{"type":"Polygon","coordinates":[[[-84.496746,39.137564],[-84.496766,39.137861],[-84.496857,39.137866],[-84.496847,39.137958],[-84.496671,39.137947],[-84.496642,39.13823],[-84.495579,39.138165],[-84.496115,39.137548],[-84.496746,39.137564]]]}},{"type":"Feature","properties":{"pid":"011300040161"},"geometry":{"type":"Polygon","coordinates":[[[-84.502069,39.143062],[-84.50221,39.143071],[-84.502164,39.143481],[-84.502006,39.143471],[-84.502069,39.143062]]]}},{"type":"Feature","properties":{"pid":"010800060038"},"geometry":{"type":"Polygon","coordinates":[[[-84.480687,39.14832],[-84.480184,39.148281],[-84.480203,39.148113],[-84.480707,39.148156],[-84.480687,39.14832]]]}},{"type":"Feature","properties":{"pid":"010700090024"},"geometry":{"type":"Polygon","coordinates":[[[-84.492057,39.144539],[-84.49217,39.144548],[-84.492094,39.145043],[-84.491981,39.145033],[-84.492057,39.144539]]]}},{"type":"Feature","properties":{"pid":"010700090010"},"geometry":{"type":"Polygon","coordinates":[[[-84.492516,39.145528],[-84.492594,39.145022],[-84.492945,39.145052],[-84.492863,39.145589],[-84.492516,39.145528]]]}},{"type":"Feature","properties":{"pid":"010700090072"},"geometry":{"type":"Polygon","coordinates":[[[-84.493103,39.145128],[-84.493288,39.145144],[-84.493213,39.145637],[-84.493051,39.145624],[-84.493103,39.145128]]]}},{"type":"Feature","properties":{"pid":"010700090009"},"geometry":{"type":"Polygon","coordinates":[[[-84.492936,39.145114],[-84.493103,39.145128],[-84.493037,39.145609],[-84.492862,39.145594],[-84.492936,39.145114]]]}},{"type":"Feature","properties":{"pid":"010700090025"},"geometry":{"type":"Polygon","coordinates":[[[-84.49231,39.14456],[-84.492661,39.14459],[-84.492585,39.145084],[-84.492234,39.145055],[-84.49231,39.14456]]]}},{"type":"Feature","properties":{"pid":"010700090068"},"geometry":{"type":"Polygon","coordinates":[[[-84.491959,39.14453],[-84.492057,39.144539],[-84.491981,39.145033],[-84.491883,39.145025],[-84.491959,39.14453]]]}},{"type":"Feature","properties":{"pid":"011300050001"},"geometry":{"type":"Polygon","coordinates":[[[-84.503472,39.14541],[-84.503481,39.145342],[-84.503537,39.145345],[-84.503531,39.145413],[-84.503472,39.14541]]]}},{"type":"Feature","properties":{"pid":"011300050004"},"geometry":{"type":"Polygon","coordinates":[[[-84.504054,39.145511],[-84.503526,39.145482],[-84.503537,39.145345],[-84.504064,39.145374],[-84.504054,39.145511]]]}},{"type":"Feature","properties":{"pid":"011300050005"},"geometry":{"type":"Polygon","coordinates":[[[-84.504064,39.145374],[-84.503537,39.145345],[-84.503549,39.145207],[-84.504075,39.145237],[-84.504064,39.145374]]]}},{"type":"Feature","properties":{"pid":"011300050006"},"geometry":{"type":"Polygon","coordinates":[[[-84.503573,39.144933],[-84.503584,39.144796],[-84.504107,39.144826],[-84.504097,39.144963],[-84.503573,39.144933]]]}},{"type":"Feature","properties":{"pid":"011300050135"},"geometry":{"type":"Polygon","coordinates":[[[-84.503584,39.144796],[-84.503598,39.14466],[-84.504118,39.144689],[-84.504107,39.144826],[-84.503584,39.144796]]]}},{"type":"Feature","properties":{"pid":"011300050147"},"geometry":{"type":"Polygon","coordinates":[[[-84.50303,39.144502],[-84.503611,39.14454],[-84.503597,39.144673],[-84.503017,39.144635],[-84.50303,39.144502]]]}},{"type":"Feature","properties":{"pid":"011100060035"},"geometry":{"type":"Polygon","coordinates":[[[-84.479334,39.166921],[-84.478891,39.166864],[-84.478906,39.166715],[-84.479346,39.166759],[-84.479334,39.166921]]]}},{"type":"Feature","properties":{"pid":"011100060114"},"geometry":{"type":"Polygon","coordinates":[[[-84.479909,39.166982],[-84.479825,39.166973],[-84.479894,39.166531],[-84.480147,39.166604],[-84.479909,39.166982]]]}},{"type":"Feature","properties":{"pid":"011100060115"},"geometry":{"type":"Polygon","coordinates":[[[-84.480488,39.166703],[-84.48008,39.166984],[-84.479943,39.166979],[-84.480147,39.166604],[-84.480488,39.166703]]]}},{"type":"Feature","properties":{"pid":"011100060120"},"geometry":{"type":"Polygon","coordinates":[[[-84.479742,39.167619],[-84.479816,39.16707],[-84.479946,39.167084],[-84.479958,39.167634],[-84.479742,39.167619]]]}},{"type":"Feature","properties":{"pid":"011300050160"},"geometry":{"type":"Polygon","coordinates":[[[-84.504085,39.145117],[-84.504075,39.145237],[-84.503549,39.145207],[-84.50356,39.145092],[-84.504085,39.145117]]]}},{"type":"Feature","properties":{"pid":"011300050161"},"geometry":{"type":"Polygon","coordinates":[[[-84.50356,39.145092],[-84.503566,39.145015],[-84.504091,39.14504],[-84.504085,39.145117],[-84.50356,39.145092]]]}},{"type":"Feature","properties":{"pid":"011300050162"},"geometry":{"type":"Polygon","coordinates":[[[-84.503566,39.145015],[-84.503572,39.144938],[-84.504097,39.144963],[-84.504091,39.14504],[-84.503566,39.145015]]]}},{"type":"Feature","properties":{"pid":"011100060008"},"geometry":{"type":"Polygon","coordinates":[[[-84.481406,39.166398],[-84.481863,39.166432],[-84.48279,39.16551],[-84.482815,39.165352],[-84.482899,39.165316],[-84.483006,39.165345],[-84.483018,39.165474],[-84.481995,39.166498],[-84.482728,39.166982],[-84.482848,39.167019],[-84.482885,39.167091],[-84.482842,39.167161],[-84.482678,39.167163],[-84.482619,39.167088],[-84.481844,39.166594],[-84.481368,39.16654],[-84.481406,39.166398]]]}},{"type":"Feature","properties":{"pid":"011100060165"},"geometry":{"type":"Polygon","coordinates":[[[-84.482649,39.167763],[-84.482338,39.167749],[-84.482101,39.167589],[-84.482603,39.16708],[-84.482734,39.167185],[-84.482649,39.167763]]]}},{"type":"Feature","properties":{"pid":"011100060033"},"geometry":{"type":"Polygon","coordinates":[[[-84.478879,39.166985],[-84.479319,39.167018],[-84.479302,39.167173],[-84.478865,39.167125],[-84.478879,39.166985]]]}},{"type":"Feature","properties":{"pid":"011500040081"},"geometry":{"type":"Polygon","coordinates":[[[-84.487543,39.157724],[-84.487189,39.158101],[-84.487053,39.157946],[-84.487519,39.157466],[-84.487569,39.157478],[-84.487543,39.157724]]]}},{"type":"Feature","properties":{"pid":"011500040019"},"geometry":{"type":"Polygon","coordinates":[[[-84.486043,39.156663],[-84.48561,39.156897],[-84.485513,39.156785],[-84.485941,39.156549],[-84.486043,39.156663]]]}},{"type":"Feature","properties":{"pid":"010700120032"},"geometry":{"type":"Polygon","coordinates":[[[-84.484683,39.14204],[-84.484379,39.14177],[-84.484511,39.141614],[-84.48485,39.142013],[-84.484683,39.14204]]]}},{"type":"Feature","properties":{"pid":"010700120044"},"geometry":{"type":"Polygon","coordinates":[[[-84.484607,39.142223],[-84.484662,39.142286],[-84.484422,39.142537],[-84.484197,39.142377],[-84.484607,39.142223]]]}},{"type":"Feature","properties":{"pid":"010800050046"},"geometry":{"type":"Polygon","coordinates":[[[-84.483892,39.151387],[-84.483738,39.151275],[-84.484222,39.150872],[-84.484377,39.150984],[-84.483892,39.151387]]]}},{"type":"Feature","properties":{"pid":"010700120031"},"geometry":{"type":"Polygon","coordinates":[[[-84.484683,39.14204],[-84.484603,39.142125],[-84.484175,39.142089],[-84.484379,39.14177],[-84.484683,39.14204]]]}},{"type":"Feature","properties":{"pid":"010500010109"},"geometry":{"type":"Polygon","coordinates":[[[-84.49384,39.136357],[-84.494697,39.136376],[-84.494712,39.136486],[-84.493853,39.136467],[-84.49384,39.136357]]]}},{"type":"Feature","properties":{"pid":"010500010110"},"geometry":{"type":"Polygon","coordinates":[[[-84.494708,39.136567],[-84.493862,39.136549],[-84.493853,39.136467],[-84.494712,39.136486],[-84.494708,39.136567]]]}},{"type":"Feature","properties":{"pid":"010500010134"},"geometry":{"type":"Polygon","coordinates":[[[-84.492869,39.135885],[-84.49233,39.135874],[-84.492293,39.135429],[-84.492951,39.135482],[-84.492981,39.135754],[-84.492869,39.135885]]]}},{"type":"Feature","properties":{"pid":"010500010191"},"geometry":{"type":"Polygon","coordinates":[[[-84.496199,39.136937],[-84.495812,39.136884],[-84.495843,39.136827],[-84.496228,39.136872],[-84.496199,39.136937]]]}},{"type":"Feature","properties":{"pid":"010700120069"},"geometry":{"type":"Polygon","coordinates":[[[-84.484262,39.143949],[-84.484564,39.143807],[-84.484495,39.144273],[-84.484223,39.144265],[-84.483507,39.144858],[-84.483791,39.144433],[-84.484262,39.143949]]]}},{"type":"Feature","properties":{"pid":"021600390078"},"geometry":{"type":"Polygon","coordinates":[[[-84.500019,39.149776],[-84.500032,39.149623],[-84.500471,39.149647],[-84.500459,39.149804],[-84.500019,39.149776]]]}},{"type":"Feature","properties":{"pid":"021600390079"},"geometry":{"type":"Polygon","coordinates":[[[-84.500067,39.149295],[-84.500128,39.149127],[-84.500433,39.149142],[-84.500516,39.149183],[-84.500502,39.149322],[-84.500067,39.149295]]]}},{"type":"Feature","properties":{"pid":"021600390081"},"geometry":{"type":"Polygon","coordinates":[[[-84.499978,39.15013],[-84.5,39.14994],[-84.50044,39.14997],[-84.500417,39.150165],[-84.499978,39.15013]]]}},{"type":"Feature","properties":{"pid":"021600390083"},"geometry":{"type":"Polygon","coordinates":[[[-84.500032,39.149623],[-84.50005,39.149457],[-84.500486,39.149488],[-84.500471,39.149647],[-84.500032,39.149623]]]}},{"type":"Feature","properties":{"pid":"021600390093"},"geometry":{"type":"Polygon","coordinates":[[[-84.499461,39.149469],[-84.49948,39.149295],[-84.499929,39.149326],[-84.499907,39.149507],[-84.499461,39.149469]]]}},{"type":"Feature","properties":{"pid":"021600390095"},"geometry":{"type":"Polygon","coordinates":[[[-84.4995,39.149111],[-84.499525,39.148868],[-84.499864,39.149002],[-84.499861,39.149075],[-84.499928,39.149139],[-84.4995,39.149111]]]}},{"type":"Feature","properties":{"pid":"021600390096"},"geometry":{"type":"Polygon","coordinates":[[[-84.50005,39.149457],[-84.500067,39.149295],[-84.500502,39.149322],[-84.500486,39.149488],[-84.50005,39.149457]]]}},{"type":"Feature","properties":{"pid":"021600390105"},"geometry":{"type":"Polygon","coordinates":[[[-84.499435,39.149716],[-84.499449,39.14958],[-84.499887,39.149615],[-84.49988,39.149746],[-84.499435,39.149716]]]}},{"type":"Feature","properties":{"pid":"021600390106"},"geometry":{"type":"Polygon","coordinates":[[[-84.5,39.14994],[-84.500019,39.149776],[-84.500459,39.149804],[-84.50044,39.14997],[-84.5,39.14994]]]}},{"type":"Feature","properties":{"pid":"021600390152"},"geometry":{"type":"Polygon","coordinates":[[[-84.49948,39.149295],[-84.4995,39.149111],[-84.499937,39.149156],[-84.499929,39.149326],[-84.49948,39.149295]]]}},{"type":"Feature","properties":{"pid":"011300040125"},"geometry":{"type":"Polygon","coordinates":[[[-84.500502,39.144707],[-84.500085,39.14467],[-84.500123,39.144332],[-84.500551,39.144364],[-84.500502,39.144707]]]}},{"type":"Feature","properties":{"pid":"011500070023"},"geometry":{"type":"Polygon","coordinates":[[[-84.482999,39.156813],[-84.483091,39.156627],[-84.483635,39.156627],[-84.483634,39.156813],[-84.482999,39.156813]]]}},{"type":"Feature","properties":{"pid":"011500070044"},"geometry":{"type":"Polygon","coordinates":[[[-84.482072,39.155618],[-84.482306,39.155423],[-84.482859,39.15583],[-84.482617,39.156031],[-84.482072,39.155618]]]}},{"type":"Feature","properties":{"pid":"011500070045"},"geometry":{"type":"Polygon","coordinates":[[[-84.482306,39.155423],[-84.482529,39.155217],[-84.483097,39.155631],[-84.482859,39.15583],[-84.482306,39.155423]]]}},{"type":"Feature","properties":{"pid":"021600390205"},"geometry":{"type":"Polygon","coordinates":[[[-84.500648,39.149637],[-84.500652,39.149208],[-84.500759,39.149109],[-84.500955,39.149127],[-84.500998,39.149701],[-84.500648,39.149637]]]}},{"type":"Feature","properties":{"pid":"021600390207"},"geometry":{"type":"Polygon","coordinates":[[[-84.501007,39.149837],[-84.500468,39.149732],[-84.500474,39.14961],[-84.500998,39.149701],[-84.501007,39.149837]]]}},{"type":"Feature","properties":{"pid":"021600390208"},"geometry":{"type":"Polygon","coordinates":[[[-84.500474,39.14961],[-84.500502,39.149322],[-84.500516,39.149183],[-84.500652,39.149208],[-84.500683,39.149269],[-84.500648,39.149637],[-84.500474,39.14961]]]}},{"type":"Feature","properties":{"pid":"011300050017"},"geometry":{"type":"Polygon","coordinates":[[[-84.504811,39.143991],[-84.504852,39.143651],[-84.504939,39.143657],[-84.5049,39.143997],[-84.504811,39.143991]]]}},{"type":"Feature","properties":{"pid":"011300050029"},"geometry":{"type":"Polygon","coordinates":[[[-84.503842,39.143932],[-84.503886,39.14359],[-84.504059,39.143601],[-84.504018,39.143943],[-84.503842,39.143932]]]}},{"type":"Feature","properties":{"pid":"011300050030"},"geometry":{"type":"Polygon","coordinates":[[[-84.504018,39.143943],[-84.504059,39.143601],[-84.504231,39.143612],[-84.504188,39.143953],[-84.504018,39.143943]]]}},{"type":"Feature","properties":{"pid":"021600390312"},"geometry":{"type":"Polygon","coordinates":[[[-84.499242,39.151743],[-84.499384,39.151618],[-84.499455,39.15162],[-84.499599,39.151726],[-84.499409,39.151941],[-84.499242,39.151743]]]}},{"type":"Feature","properties":{"pid":"021600390313"},"geometry":{"type":"Polygon","coordinates":[[[-84.499242,39.151743],[-84.499077,39.151547],[-84.499753,39.151078],[-84.499883,39.151176],[-84.499242,39.151743]]]}},{"type":"Feature","properties":{"pid":"021600390314"},"geometry":{"type":"Polygon","coordinates":[[[-84.49927,39.151151],[-84.499593,39.150957],[-84.499753,39.151078],[-84.499238,39.151436],[-84.49927,39.151151]]]}},{"type":"Feature","properties":{"pid":"021600390322"},"geometry":{"type":"Polygon","coordinates":[[[-84.499455,39.15162],[-84.499384,39.151618],[-84.499883,39.151176],[-84.500002,39.151266],[-84.499599,39.151726],[-84.499455,39.15162]]]}},{"type":"Feature","properties":{"pid":"011300050119"},"geometry":{"type":"Polygon","coordinates":[[[-84.50423,39.145521],[-84.504242,39.145387],[-84.504771,39.145417],[-84.504759,39.145551],[-84.50423,39.145521]]]}},{"type":"Feature","properties":{"pid":"011300050120"},"geometry":{"type":"Polygon","coordinates":[[[-84.504267,39.145112],[-84.504279,39.144973],[-84.504808,39.145007],[-84.504795,39.145148],[-84.504267,39.145112]]]}},{"type":"Feature","properties":{"pid":"011300050125"},"geometry":{"type":"Polygon","coordinates":[[[-84.503464,39.145478],[-84.503472,39.14541],[-84.503531,39.145413],[-84.503526,39.145482],[-84.503464,39.145478]]]}},{"type":"Feature","properties":{"pid":"011300050126"},"geometry":{"type":"Polygon","coordinates":[[[-84.504279,39.144973],[-84.50429,39.14484],[-84.50482,39.144869],[-84.504808,39.145007],[-84.504279,39.144973]]]}},{"type":"Feature","properties":{"pid":"011300050133"},"geometry":{"type":"Polygon","coordinates":[[[-84.504242,39.145387],[-84.504254,39.145251],[-84.504783,39.145281],[-84.504771,39.145417],[-84.504242,39.145387]]]}},{"type":"Feature","properties":{"pid":"011300050136"},"geometry":{"type":"Polygon","coordinates":[[[-84.503598,39.14466],[-84.503613,39.144523],[-84.504129,39.144552],[-84.504118,39.144689],[-84.503598,39.14466]]]}},{"type":"Feature","properties":{"pid":"011300050138"},"geometry":{"type":"Polygon","coordinates":[[[-84.50429,39.14484],[-84.504303,39.144701],[-84.504832,39.144727],[-84.50482,39.144869],[-84.50429,39.14484]]]}},{"type":"Feature","properties":{"pid":"011300050139"},"geometry":{"type":"Polygon","coordinates":[[[-84.504303,39.144701],[-84.504314,39.144573],[-84.504844,39.144592],[-84.504832,39.144727],[-84.504303,39.144701]]]}},{"type":"Feature","properties":{"pid":"011300050140"},"geometry":{"type":"Polygon","coordinates":[[[-84.504314,39.144573],[-84.504327,39.14443],[-84.504855,39.14446],[-84.504844,39.144592],[-84.504314,39.144573]]]}},{"type":"Feature","properties":{"pid":"011300050143"},"geometry":{"type":"Polygon","coordinates":[[[-84.504794,39.145153],[-84.504267,39.145112],[-84.504795,39.145148],[-84.504794,39.145153]]]}},{"type":"Feature","properties":{"pid":"011300050146"},"geometry":{"type":"Polygon","coordinates":[[[-84.504254,39.145251],[-84.504266,39.145117],[-84.504794,39.145153],[-84.504783,39.145281],[-84.504254,39.145251]]]}},{"type":"Feature","properties":{"pid":"010500010319"},"geometry":{"type":"Polygon","coordinates":[[[-84.496152,39.13693],[-84.49611,39.137003],[-84.495785,39.136935],[-84.495812,39.136884],[-84.496152,39.13693]]]}},{"type":"Feature","properties":{"pid":"010500010001"},"geometry":{"type":"Polygon","coordinates":[[[-84.496085,39.137153],[-84.49571,39.137074],[-84.495785,39.136935],[-84.496159,39.137013],[-84.496085,39.137153]]]}},{"type":"Feature","properties":{"pid":"010500010026"},"geometry":{"type":"Polygon","coordinates":[[[-84.495705,39.135941],[-84.495679,39.136342],[-84.495591,39.136338],[-84.495617,39.135937],[-84.495705,39.135941]]]}},{"type":"Feature","properties":{"pid":"010500010027"},"geometry":{"type":"Polygon","coordinates":[[[-84.495767,39.136345],[-84.495679,39.136342],[-84.495705,39.135941],[-84.495793,39.135944],[-84.495767,39.136345]]]}},{"type":"Feature","properties":{"pid":"010500010028"},"geometry":{"type":"Polygon","coordinates":[[[-84.495855,39.136348],[-84.495767,39.136345],[-84.495793,39.135944],[-84.495881,39.135948],[-84.495855,39.136348]]]}},{"type":"Feature","properties":{"pid":"011400010023"},"geometry":{"type":"Polygon","coordinates":[[[-84.496162,39.152638],[-84.496329,39.152363],[-84.496488,39.15243],[-84.496268,39.15269],[-84.496162,39.152638]]]}},{"type":"Feature","properties":{"pid":"011400010024"},"geometry":{"type":"Polygon","coordinates":[[[-84.496013,39.152566],[-84.496174,39.152297],[-84.496329,39.152363],[-84.496162,39.152638],[-84.496013,39.152566]]]}},{"type":"Feature","properties":{"pid":"011400010026"},"geometry":{"type":"Polygon","coordinates":[[[-84.495712,39.152421],[-84.495865,39.152166],[-84.496019,39.152231],[-84.495861,39.152493],[-84.495712,39.152421]]]}},{"type":"Feature","properties":{"pid":"011400010027"},"geometry":{"type":"Polygon","coordinates":[[[-84.49556,39.152347],[-84.4957,39.152114],[-84.495856,39.152181],[-84.495712,39.152421],[-84.49556,39.152347]]]}},{"type":"Feature","properties":{"pid":"011400010028"},"geometry":{"type":"Polygon","coordinates":[[[-84.495407,39.152273],[-84.495553,39.152033],[-84.495709,39.152099],[-84.49556,39.152347],[-84.495407,39.152273]]]}},{"type":"Feature","properties":{"pid":"011400010029"},"geometry":{"type":"Polygon","coordinates":[[[-84.495262,39.152202],[-84.495399,39.151968],[-84.495553,39.152033],[-84.495407,39.152273],[-84.495262,39.152202]]]}},{"type":"Feature","properties":{"pid":"011400010030"},"geometry":{"type":"Polygon","coordinates":[[[-84.495236,39.151898],[-84.495357,39.151655],[-84.495379,39.151663],[-84.495236,39.151898]]]}},{"type":"Feature","properties":{"pid":"011400010031"},"geometry":{"type":"Polygon","coordinates":[[[-84.495069,39.151828],[-84.495202,39.151599],[-84.495357,39.151655],[-84.495217,39.151891],[-84.495069,39.151828]]]}},{"type":"Feature","properties":{"pid":"011400010032"},"geometry":{"type":"Polygon","coordinates":[[[-84.494917,39.151818],[-84.495051,39.151544],[-84.495202,39.151599],[-84.495041,39.151875],[-84.494917,39.151818]]]}},{"type":"Feature","properties":{"pid":"011400010034"},"geometry":{"type":"Polygon","coordinates":[[[-84.494475,39.151576],[-84.494504,39.151345],[-84.495051,39.151544],[-84.494916,39.151763],[-84.494475,39.151576]]]}},{"type":"Feature","properties":{"pid":"011400010035"},"geometry":{"type":"Polygon","coordinates":[[[-84.495553,39.152033],[-84.495707,39.151782],[-84.495865,39.15184],[-84.495709,39.152099],[-84.495553,39.152033]]]}},{"type":"Feature","properties":{"pid":"011400010036"},"geometry":{"type":"Polygon","coordinates":[[[-84.495709,39.152099],[-84.495865,39.15184],[-84.496026,39.151898],[-84.495865,39.152166],[-84.495709,39.152099]]]}},{"type":"Feature","properties":{"pid":"011400010037"},"geometry":{"type":"Polygon","coordinates":[[[-84.495865,39.152166],[-84.496026,39.151898],[-84.496184,39.151956],[-84.496019,39.152231],[-84.495865,39.152166]]]}},{"type":"Feature","properties":{"pid":"011400010038"},"geometry":{"type":"Polygon","coordinates":[[[-84.496034,39.152206],[-84.496184,39.151956],[-84.496344,39.152014],[-84.496189,39.152272],[-84.496034,39.152206]]]}},{"type":"Feature","properties":{"pid":"011400010039"},"geometry":{"type":"Polygon","coordinates":[[[-84.496174,39.152297],[-84.496344,39.152014],[-84.496504,39.152072],[-84.496329,39.152363],[-84.496174,39.152297]]]}},{"type":"Feature","properties":{"pid":"011400010040"},"geometry":{"type":"Polygon","coordinates":[[[-84.496329,39.152363],[-84.496504,39.152072],[-84.496725,39.152152],[-84.496488,39.15243],[-84.496329,39.152363]]]}},{"type":"Feature","properties":{"pid":"011400010055"},"geometry":{"type":"Polygon","coordinates":[[[-84.494941,39.152046],[-84.494447,39.151805],[-84.494471,39.151613],[-84.495041,39.151875],[-84.494941,39.152046]]]}},{"type":"Feature","properties":{"pid":"011400010065"},"geometry":{"type":"Polygon","coordinates":[[[-84.495083,39.152115],[-84.494941,39.152046],[-84.495069,39.151828],[-84.495236,39.151898],[-84.495083,39.152115]]]}},{"type":"Feature","properties":{"pid":"011400010066"},"geometry":{"type":"Polygon","coordinates":[[[-84.495262,39.152202],[-84.495099,39.152123],[-84.495236,39.151898],[-84.495399,39.151968],[-84.495262,39.152202]]]}},{"type":"Feature","properties":{"pid":"011400010067"},"geometry":{"type":"Polygon","coordinates":[[[-84.495399,39.151968],[-84.495236,39.151898],[-84.495379,39.151663],[-84.495543,39.151723],[-84.495399,39.151968]]]}},{"type":"Feature","properties":{"pid":"011400010068"},"geometry":{"type":"Polygon","coordinates":[[[-84.495399,39.151968],[-84.495543,39.151723],[-84.495707,39.151782],[-84.495553,39.152033],[-84.495399,39.151968]]]}},{"type":"Feature","properties":{"pid":"011400010077"},"geometry":{"type":"Polygon","coordinates":[[[-84.495861,39.152493],[-84.496019,39.152231],[-84.496174,39.152297],[-84.496013,39.152566],[-84.495861,39.152493]]]}},{"type":"Feature","properties":{"pid":"011400010083"},"geometry":{"type":"Polygon","coordinates":[[[-84.494239,39.152467],[-84.494281,39.152305],[-84.494645,39.152482],[-84.4946,39.152624],[-84.494239,39.152467]]]}},{"type":"Feature","properties":{"pid":"010400020013"},"geometry":{"type":"Polygon","coordinates":[[[-84.501366,39.139816],[-84.50066,39.139772],[-84.500801,39.138754],[-84.501435,39.138783],[-84.501635,39.138846],[-84.501733,39.138947],[-84.502084,39.139572],[-84.501366,39.139816]]]}},{"type":"Feature","properties":{"pid":"011400020018"},"geometry":{"type":"Polygon","coordinates":[[[-84.497635,39.154719],[-84.497452,39.154492],[-84.497669,39.154702],[-84.497635,39.154719]]]}},{"type":"Feature","properties":{"pid":"011100060094"},"geometry":{"type":"Polygon","coordinates":[[[-84.481314,39.164965],[-84.481369,39.164676],[-84.481597,39.164698],[-84.481545,39.164993],[-84.481314,39.164965]]]}},{"type":"Feature","properties":{"pid":"011100060156"},"geometry":{"type":"Polygon","coordinates":[[[-84.481169,39.166649],[-84.481187,39.16655],[-84.481239,39.166527],[-84.481788,39.16658],[-84.481927,39.166643],[-84.481845,39.166728],[-84.481169,39.166649]]]}},{"type":"Feature","properties":{"pid":"011100060157"},"geometry":{"type":"Polygon","coordinates":[[[-84.481165,39.166791],[-84.481169,39.166649],[-84.481845,39.166728],[-84.481718,39.16686],[-84.481165,39.166791]]]}},{"type":"Feature","properties":{"pid":"011100060176"},"geometry":{"type":"Polygon","coordinates":[[[-84.48201,39.166529],[-84.482004,39.166482],[-84.482237,39.166253],[-84.482421,39.166367],[-84.482142,39.166612],[-84.48201,39.166529]]]}},{"type":"Feature","properties":{"pid":"011100060191"},"geometry":{"type":"Polygon","coordinates":[[[-84.481873,39.166415],[-84.481654,39.166431],[-84.481743,39.1659],[-84.481868,39.166212],[-84.481873,39.166415]]]}},{"type":"Feature","properties":{"pid":"011100060192"},"geometry":{"type":"Polygon","coordinates":[[[-84.481406,39.166398],[-84.481506,39.165947],[-84.481704,39.165966],[-84.481636,39.166422],[-84.481406,39.166398]]]}},{"type":"Feature","properties":{"pid":"011100060194"},"geometry":{"type":"Polygon","coordinates":[[[-84.481873,39.166415],[-84.481863,39.166277],[-84.481864,39.166245],[-84.481923,39.166367],[-84.481873,39.166415]]]}},{"type":"Feature","properties":{"pid":"011100060195"},"geometry":{"type":"Polygon","coordinates":[[[-84.481636,39.166422],[-84.481704,39.165966],[-84.481717,39.165881],[-84.481743,39.1659],[-84.481636,39.166422]]]}},{"type":"Feature","properties":{"pid":"01120A010023"},"geometry":{"type":"Polygon","coordinates":[[[-84.488011,39.155619],[-84.488047,39.155345],[-84.48807,39.155258],[-84.488011,39.155619]]]}},{"type":"Feature","properties":{"pid":"01120A010024"},"geometry":{"type":"Polygon","coordinates":[[[-84.487983,39.155791],[-84.488011,39.155619],[-84.488118,39.155679],[-84.488124,39.1558],[-84.487983,39.155791]]]}},{"type":"Feature","properties":{"pid":"011200030019"},"geometry":{"type":"Polygon","coordinates":[[[-84.494467,39.150275],[-84.494032,39.150245],[-84.494048,39.150068],[-84.494492,39.150083],[-84.494467,39.150275]]]}},{"type":"Feature","properties":{"pid":"011200030025"},"geometry":{"type":"Polygon","coordinates":[[[-84.490559,39.153089],[-84.490586,39.152677],[-84.490765,39.15268],[-84.490734,39.153089],[-84.490559,39.153089]]]}},{"type":"Feature","properties":{"pid":"011200040021"},"geometry":{"type":"Polygon","coordinates":[[[-84.490377,39.150528],[-84.490009,39.150515],[-84.490147,39.150177],[-84.490165,39.149945],[-84.490606,39.149974],[-84.490377,39.150528]]]}},{"type":"Feature","properties":{"pid":"011200040023"},"geometry":{"type":"Polygon","coordinates":[[[-84.488751,39.149837],[-84.487875,39.149731],[-84.487985,39.149547],[-84.488777,39.149775],[-84.488751,39.149837]]]}},{"type":"Feature","properties":{"pid":"011200040024"},"geometry":{"type":"Polygon","coordinates":[[[-84.489432,39.149797],[-84.488049,39.14944],[-84.48818,39.149221],[-84.489566,39.149577],[-84.489432,39.149797]]]}},{"type":"Feature","properties":{"pid":"011200040025"},"geometry":{"type":"Polygon","coordinates":[[[-84.48818,39.149221],[-84.488336,39.14896],[-84.489008,39.149146],[-84.488871,39.149398],[-84.48818,39.149221]]]}},{"type":"Feature","properties":{"pid":"011200040026"},"geometry":{"type":"Polygon","coordinates":[[[-84.488336,39.14896],[-84.488469,39.148738],[-84.488967,39.148871],[-84.488838,39.149099],[-84.488336,39.14896]]]}},{"type":"Feature","properties":{"pid":"011200040027"},"geometry":{"type":"Polygon","coordinates":[[[-84.488871,39.149398],[-84.489133,39.148916],[-84.489463,39.149004],[-84.489202,39.149483],[-84.488871,39.149398]]]}},{"type":"Feature","properties":{"pid":"011200040028"},"geometry":{"type":"Polygon","coordinates":[[[-84.489202,39.149483],[-84.489463,39.149004],[-84.489687,39.149064],[-84.489414,39.149538],[-84.489202,39.149483]]]}},{"type":"Feature","properties":{"pid":"011200040029"},"geometry":{"type":"Polygon","coordinates":[[[-84.489871,39.149926],[-84.489373,39.149894],[-84.489545,39.149612],[-84.489637,39.14964],[-84.489919,39.149125],[-84.490188,39.149193],[-84.489871,39.149926]]]}},{"type":"Feature","properties":{"pid":"011200040030"},"geometry":{"type":"Polygon","coordinates":[[[-84.49024,39.14995],[-84.489886,39.149927],[-84.490188,39.149193],[-84.490524,39.149278],[-84.49024,39.14995]]]}},{"type":"Feature","properties":{"pid":"011200040031"},"geometry":{"type":"Polygon","coordinates":[[[-84.49024,39.14995],[-84.490524,39.149278],[-84.490859,39.149363],[-84.490606,39.149974],[-84.49024,39.14995]]]}},{"type":"Feature","properties":{"pid":"011200040041"},"geometry":{"type":"Polygon","coordinates":[[[-84.488838,39.149099],[-84.488967,39.148871],[-84.489133,39.148916],[-84.489008,39.149146],[-84.488838,39.149099]]]}},{"type":"Feature","properties":{"pid":"011200040046"},"geometry":{"type":"Polygon","coordinates":[[[-84.489545,39.149612],[-84.489566,39.149577],[-84.489414,39.149538],[-84.489687,39.149064],[-84.489919,39.149125],[-84.489637,39.14964],[-84.489545,39.149612]]]}},{"type":"Feature","properties":{"pid":"011200040050"},"geometry":{"type":"Polygon","coordinates":[[[-84.489683,39.150496],[-84.489706,39.150261],[-84.489933,39.150286],[-84.489911,39.150509],[-84.489683,39.150496]]]}},{"type":"Feature","properties":{"pid":"011200040054"},"geometry":{"type":"Polygon","coordinates":[[[-84.488999,39.150455],[-84.488742,39.15044],[-84.488796,39.150192],[-84.489023,39.150216],[-84.488999,39.150455]]]}},{"type":"Feature","properties":{"pid":"011200040055"},"geometry":{"type":"Polygon","coordinates":[[[-84.488742,39.15044],[-84.488513,39.150426],[-84.488571,39.150162],[-84.488796,39.150192],[-84.488742,39.15044]]]}},{"type":"Feature","properties":{"pid":"011200040056"},"geometry":{"type":"Polygon","coordinates":[[[-84.488513,39.150426],[-84.48827,39.150395],[-84.488327,39.150129],[-84.488571,39.150162],[-84.488513,39.150426]]]}},{"type":"Feature","properties":{"pid":"011200040057"},"geometry":{"type":"Polygon","coordinates":[[[-84.487934,39.15033],[-84.48798,39.150083],[-84.488327,39.150129],[-84.48827,39.150395],[-84.487934,39.15033]]]}},{"type":"Feature","properties":{"pid":"011200040059"},"geometry":{"type":"Polygon","coordinates":[[[-84.488538,39.150046],[-84.488587,39.149817],[-84.488814,39.149845],[-84.488763,39.150076],[-84.488538,39.150046]]]}},{"type":"Feature","properties":{"pid":"011200040061"},"geometry":{"type":"Polygon","coordinates":[[[-84.489212,39.15012],[-84.488987,39.150102],[-84.489024,39.149873],[-84.489235,39.149885],[-84.489212,39.15012]]]}},{"type":"Feature","properties":{"pid":"011200040062"},"geometry":{"type":"Polygon","coordinates":[[[-84.489212,39.15012],[-84.489235,39.149885],[-84.489463,39.149899],[-84.489439,39.150134],[-84.489212,39.15012]]]}},{"type":"Feature","properties":{"pid":"011200040067"},"geometry":{"type":"Polygon","coordinates":[[[-84.490135,39.151831],[-84.49018,39.151357],[-84.490437,39.151435],[-84.49031,39.151856],[-84.490135,39.151831]]]}},{"type":"Feature","properties":{"pid":"011200040068"},"geometry":{"type":"Polygon","coordinates":[[[-84.490474,39.151892],[-84.49031,39.151856],[-84.490437,39.151435],[-84.490694,39.151512],[-84.490474,39.151892]]]}},{"type":"Feature","properties":{"pid":"011200040069"},"geometry":{"type":"Polygon","coordinates":[[[-84.490694,39.151512],[-84.49018,39.151357],[-84.490194,39.151213],[-84.490759,39.151385],[-84.490694,39.151512]]]}},{"type":"Feature","properties":{"pid":"011200040070"},"geometry":{"type":"Polygon","coordinates":[[[-84.490759,39.151385],[-84.490194,39.151213],[-84.490208,39.151068],[-84.490824,39.151257],[-84.490759,39.151385]]]}},{"type":"Feature","properties":{"pid":"011200040071"},"geometry":{"type":"Polygon","coordinates":[[[-84.490824,39.151257],[-84.490208,39.151068],[-84.490222,39.150925],[-84.490889,39.151129],[-84.490824,39.151257]]]}},{"type":"Feature","properties":{"pid":"011200040072"},"geometry":{"type":"Polygon","coordinates":[[[-84.490889,39.151129],[-84.490222,39.150925],[-84.490244,39.150705],[-84.490926,39.151042],[-84.490889,39.151129]]]}},{"type":"Feature","properties":{"pid":"011200040086"},"geometry":{"type":"Polygon","coordinates":[[[-84.487985,39.149547],[-84.488049,39.14944],[-84.488824,39.149663],[-84.488777,39.149775],[-84.487985,39.149547]]]}},{"type":"Feature","properties":{"pid":"011200060028"},"geometry":{"type":"Polygon","coordinates":[[[-84.493633,39.148093],[-84.49365,39.147968],[-84.493851,39.148004],[-84.493835,39.148117],[-84.493633,39.148093]]]}},{"type":"Feature","properties":{"pid":"011200060029"},"geometry":{"type":"Polygon","coordinates":[[[-84.493903,39.148409],[-84.493959,39.148019],[-84.494059,39.148027],[-84.494002,39.148418],[-84.493903,39.148409]]]}},{"type":"Feature","properties":{"pid":"011200060030"},"geometry":{"type":"Polygon","coordinates":[[[-84.494747,39.148152],[-84.49405,39.148089],[-84.494059,39.148027],[-84.494759,39.148066],[-84.494747,39.148152]]]}},{"type":"Feature","properties":{"pid":"011200060033"},"geometry":{"type":"Polygon","coordinates":[[[-84.494254,39.147694],[-84.494283,39.147487],[-84.494829,39.147531],[-84.494802,39.147736],[-84.494254,39.147694]]]}},{"type":"Feature","properties":{"pid":"011200060034"},"geometry":{"type":"Polygon","coordinates":[[[-84.494308,39.147489],[-84.494316,39.147423],[-84.494838,39.147463],[-84.494829,39.147531],[-84.494308,39.147489]]]}},{"type":"Feature","properties":{"pid":"011200060035"},"geometry":{"type":"Polygon","coordinates":[[[-84.493723,39.147683],[-84.4938,39.147383],[-84.494316,39.147419],[-84.494249,39.147728],[-84.493723,39.147683]]]}},{"type":"Feature","properties":{"pid":"011200060043"},"geometry":{"type":"Polygon","coordinates":[[[-84.49435,39.147146],[-84.494392,39.146803],[-84.494919,39.146845],[-84.494874,39.147189],[-84.49435,39.147146]]]}},{"type":"Feature","properties":{"pid":"011200060044"},"geometry":{"type":"Polygon","coordinates":[[[-84.494316,39.147423],[-84.49435,39.147146],[-84.494874,39.147189],[-84.494838,39.147463],[-84.494316,39.147423]]]}},{"type":"Feature","properties":{"pid":"011500030003"},"geometry":{"type":"Polygon","coordinates":[[[-84.493462,39.160412],[-84.493501,39.160027],[-84.493677,39.160038],[-84.493638,39.160423],[-84.493462,39.160412]]]}},{"type":"Feature","properties":{"pid":"011500030004"},"geometry":{"type":"Polygon","coordinates":[[[-84.493677,39.160038],[-84.493149,39.160005],[-84.493165,39.159841],[-84.493693,39.159874],[-84.493677,39.160038]]]}},{"type":"Feature","properties":{"pid":"011500030005"},"geometry":{"type":"Polygon","coordinates":[[[-84.493165,39.159841],[-84.493179,39.159703],[-84.493707,39.159736],[-84.493693,39.159874],[-84.493165,39.159841]]]}},{"type":"Feature","properties":{"pid":"011500030006"},"geometry":{"type":"Polygon","coordinates":[[[-84.493193,39.159566],[-84.493207,39.15943],[-84.493735,39.159462],[-84.493721,39.159599],[-84.493193,39.159566]]]}},{"type":"Feature","properties":{"pid":"011500030007"},"geometry":{"type":"Polygon","coordinates":[[[-84.493246,39.159045],[-84.493261,39.158894],[-84.493789,39.158927],[-84.493773,39.159077],[-84.493246,39.159045]]]}},{"type":"Feature","properties":{"pid":"011500030008"},"geometry":{"type":"Polygon","coordinates":[[[-84.493261,39.158894],[-84.493277,39.158743],[-84.493804,39.158776],[-84.493789,39.158927],[-84.493261,39.158894]]]}},{"type":"Feature","properties":{"pid":"011500030009"},"geometry":{"type":"Polygon","coordinates":[[[-84.492484,39.159919],[-84.492045,39.159888],[-84.492059,39.159754],[-84.492498,39.159784],[-84.492484,39.159919]]]}},{"type":"Feature","properties":{"pid":"011500030010"},"geometry":{"type":"Polygon","coordinates":[[[-84.494967,39.159538],[-84.494439,39.159505],[-84.494452,39.159369],[-84.494981,39.159402],[-84.494967,39.159538]]]}},{"type":"Feature","properties":{"pid":"011500030016"},"geometry":{"type":"Polygon","coordinates":[[[-84.491349,39.160253],[-84.491391,39.159849],[-84.491608,39.159862],[-84.491562,39.160269],[-84.491349,39.160253]]]}},{"type":"Feature","properties":{"pid":"011500030018"},"geometry":{"type":"Polygon","coordinates":[[[-84.493277,39.158743],[-84.49329,39.158606],[-84.493817,39.158639],[-84.493804,39.158776],[-84.493277,39.158743]]]}},{"type":"Feature","properties":{"pid":"011500030019"},"geometry":{"type":"Polygon","coordinates":[[[-84.493707,39.159736],[-84.493721,39.159599],[-84.494249,39.159632],[-84.494235,39.159769],[-84.493707,39.159736]]]}},{"type":"Feature","properties":{"pid":"011500030021"},"geometry":{"type":"Polygon","coordinates":[[[-84.493762,39.159187],[-84.493776,39.15905],[-84.494304,39.159084],[-84.49429,39.15922],[-84.493762,39.159187]]]}},{"type":"Feature","properties":{"pid":"011500030022"},"geometry":{"type":"Polygon","coordinates":[[[-84.494953,39.159675],[-84.494425,39.159643],[-84.494439,39.159505],[-84.494967,39.159538],[-84.494953,39.159675]]]}},{"type":"Feature","properties":{"pid":"011500030024"},"geometry":{"type":"Polygon","coordinates":[[[-84.493226,39.159237],[-84.493246,39.159045],[-84.493773,39.159077],[-84.493754,39.15927],[-84.493226,39.159237]]]}},{"type":"Feature","properties":{"pid":"011500030027"},"geometry":{"type":"Polygon","coordinates":[[[-84.494497,39.159095],[-84.494494,39.158957],[-84.495022,39.158989],[-84.495008,39.159127],[-84.494497,39.159095]]]}},{"type":"Feature","properties":{"pid":"011500030030"},"geometry":{"type":"Polygon","coordinates":[[[-84.494939,39.159812],[-84.494411,39.15978],[-84.494425,39.159643],[-84.494953,39.159675],[-84.494939,39.159812]]]}},{"type":"Feature","properties":{"pid":"011500030032"},"geometry":{"type":"Polygon","coordinates":[[[-84.494981,39.159402],[-84.494452,39.159369],[-84.494466,39.159231],[-84.494995,39.159264],[-84.494981,39.159402]]]}},{"type":"Feature","properties":{"pid":"011200060045"},"geometry":{"type":"Polygon","coordinates":[[[-84.493836,39.147044],[-84.493867,39.146761],[-84.494392,39.146803],[-84.494358,39.147078],[-84.493836,39.147044]]]}},{"type":"Feature","properties":{"pid":"011200060047"},"geometry":{"type":"Polygon","coordinates":[[[-84.4938,39.147383],[-84.493836,39.147044],[-84.494358,39.147078],[-84.494316,39.147419],[-84.4938,39.147383]]]}},{"type":"Feature","properties":{"pid":"011200060080"},"geometry":{"type":"Polygon","coordinates":[[[-84.494216,39.147958],[-84.494254,39.147694],[-84.494802,39.147736],[-84.494767,39.148],[-84.494216,39.147958]]]}},{"type":"Feature","properties":{"pid":"011200060088"},"geometry":{"type":"Polygon","coordinates":[[[-84.494705,39.148478],[-84.494002,39.148418],[-84.49405,39.148089],[-84.494747,39.148152],[-84.494705,39.148478]]]}},{"type":"Feature","properties":{"pid":"011200060094"},"geometry":{"type":"Polygon","coordinates":[[[-84.493595,39.148355],[-84.493615,39.148218],[-84.493816,39.148253],[-84.493796,39.148393],[-84.493595,39.148355]]]}},{"type":"Feature","properties":{"pid":"011200060095"},"geometry":{"type":"Polygon","coordinates":[[[-84.493903,39.148409],[-84.493796,39.148393],[-84.493851,39.148004],[-84.493959,39.148019],[-84.493903,39.148409]]]}},{"type":"Feature","properties":{"pid":"011200060097"},"geometry":{"type":"Polygon","coordinates":[[[-84.493617,39.148206],[-84.493632,39.148097],[-84.493835,39.148121],[-84.493818,39.148238],[-84.493617,39.148206]]]}},{"type":"Feature","properties":{"pid":"01120A010002"},"geometry":{"type":"Polygon","coordinates":[[[-84.489359,39.156032],[-84.489465,39.155401],[-84.489816,39.155421],[-84.489689,39.156174],[-84.489359,39.156032]]]}},{"type":"Feature","properties":{"pid":"01120A010004"},"geometry":{"type":"Polygon","coordinates":[[[-84.489027,39.155902],[-84.488684,39.155832],[-84.488808,39.155088],[-84.48916,39.155108],[-84.489027,39.155902]]]}},{"type":"Feature","properties":{"pid":"011500030034"},"geometry":{"type":"Polygon","coordinates":[[[-84.493207,39.15943],[-84.493226,39.159237],[-84.493754,39.15927],[-84.493735,39.159462],[-84.493207,39.15943]]]}},{"type":"Feature","properties":{"pid":"011500030035"},"geometry":{"type":"Polygon","coordinates":[[[-84.492387,39.160324],[-84.492433,39.159915],[-84.492608,39.159927],[-84.492563,39.160336],[-84.492387,39.160324]]]}},{"type":"Feature","properties":{"pid":"011500030036"},"geometry":{"type":"Polygon","coordinates":[[[-84.493814,39.160433],[-84.493856,39.160022],[-84.494208,39.160044],[-84.494166,39.160455],[-84.493814,39.160433]]]}},{"type":"Feature","properties":{"pid":"011500030037"},"geometry":{"type":"Polygon","coordinates":[[[-84.494995,39.159264],[-84.494466,39.159231],[-84.49448,39.159094],[-84.495008,39.159127],[-84.494995,39.159264]]]}},{"type":"Feature","properties":{"pid":"011500030038"},"geometry":{"type":"Polygon","coordinates":[[[-84.492596,39.158828],[-84.49261,39.15869],[-84.493084,39.158722],[-84.493069,39.158864],[-84.492596,39.158828]]]}},{"type":"Feature","properties":{"pid":"011500030039"},"geometry":{"type":"Polygon","coordinates":[[[-84.493638,39.160423],[-84.49368,39.160011],[-84.493856,39.160022],[-84.493814,39.160433],[-84.493638,39.160423]]]}},{"type":"Feature","properties":{"pid":"011500030040"},"geometry":{"type":"Polygon","coordinates":[[[-84.492737,39.160349],[-84.492783,39.159939],[-84.492954,39.159951],[-84.492911,39.160361],[-84.492737,39.160349]]]}},{"type":"Feature","properties":{"pid":"011500030041"},"geometry":{"type":"Polygon","coordinates":[[[-84.492498,39.159784],[-84.492512,39.159646],[-84.492983,39.159677],[-84.492969,39.159816],[-84.492498,39.159784]]]}},{"type":"Feature","properties":{"pid":"011500030044"},"geometry":{"type":"Polygon","coordinates":[[[-84.492581,39.158979],[-84.492596,39.158828],[-84.493069,39.158864],[-84.493054,39.15901],[-84.492581,39.158979]]]}},{"type":"Feature","properties":{"pid":"011500030045"},"geometry":{"type":"Polygon","coordinates":[[[-84.492003,39.160296],[-84.492045,39.159888],[-84.492254,39.159902],[-84.492214,39.160311],[-84.492003,39.160296]]]}},{"type":"Feature","properties":{"pid":"011500030046"},"geometry":{"type":"Polygon","coordinates":[[[-84.492624,39.158554],[-84.492639,39.158413],[-84.493113,39.158444],[-84.493099,39.158585],[-84.492624,39.158554]]]}},{"type":"Feature","properties":{"pid":"011500030047"},"geometry":{"type":"Polygon","coordinates":[[[-84.492639,39.158413],[-84.492653,39.158278],[-84.493128,39.158307],[-84.493113,39.158444],[-84.492639,39.158413]]]}},{"type":"Feature","properties":{"pid":"011500030048"},"geometry":{"type":"Polygon","coordinates":[[[-84.49261,39.15869],[-84.492624,39.158554],[-84.493099,39.158585],[-84.493084,39.158722],[-84.49261,39.15869]]]}},{"type":"Feature","properties":{"pid":"011500030049"},"geometry":{"type":"Polygon","coordinates":[[[-84.492653,39.158278],[-84.492667,39.158141],[-84.493142,39.158172],[-84.493128,39.158307],[-84.492653,39.158278]]]}},{"type":"Feature","properties":{"pid":"011500030050"},"geometry":{"type":"Polygon","coordinates":[[[-84.492171,39.15866],[-84.492185,39.158524],[-84.492624,39.158554],[-84.49261,39.15869],[-84.492171,39.15866]]]}},{"type":"Feature","properties":{"pid":"011500030051"},"geometry":{"type":"Polygon","coordinates":[[[-84.489824,39.158728],[-84.48989,39.158178],[-84.490366,39.158213],[-84.490306,39.158759],[-84.489824,39.158728]]]}},{"type":"Feature","properties":{"pid":"011500030052"},"geometry":{"type":"Polygon","coordinates":[[[-84.490953,39.160225],[-84.490991,39.159823],[-84.49122,39.159838],[-84.491174,39.160241],[-84.490953,39.160225]]]}},{"type":"Feature","properties":{"pid":"011500030056"},"geometry":{"type":"Polygon","coordinates":[[[-84.494911,39.160087],[-84.494383,39.160054],[-84.494411,39.15978],[-84.494939,39.159812],[-84.494911,39.160087]]]}},{"type":"Feature","properties":{"pid":"011500030057"},"geometry":{"type":"Polygon","coordinates":[[[-84.493179,39.159703],[-84.493193,39.159566],[-84.493721,39.159599],[-84.493707,39.159736],[-84.493179,39.159703]]]}},{"type":"Feature","properties":{"pid":"011500030058"},"geometry":{"type":"Polygon","coordinates":[[[-84.494208,39.160044],[-84.49368,39.160011],[-84.493693,39.159874],[-84.494221,39.159907],[-84.494208,39.160044]]]}},{"type":"Feature","properties":{"pid":"011500030059"},"geometry":{"type":"Polygon","coordinates":[[[-84.493693,39.159874],[-84.493707,39.159736],[-84.494235,39.159769],[-84.494221,39.159907],[-84.493693,39.159874]]]}},{"type":"Feature","properties":{"pid":"011500030060"},"geometry":{"type":"Polygon","coordinates":[[[-84.493721,39.159599],[-84.493735,39.159462],[-84.494263,39.159495],[-84.494249,39.159632],[-84.493721,39.159599]]]}},{"type":"Feature","properties":{"pid":"011500030061"},"geometry":{"type":"Polygon","coordinates":[[[-84.493735,39.159462],[-84.493749,39.159325],[-84.494277,39.159357],[-84.494263,39.159495],[-84.493735,39.159462]]]}},{"type":"Feature","properties":{"pid":"011500030062"},"geometry":{"type":"Polygon","coordinates":[[[-84.493749,39.159325],[-84.493762,39.159187],[-84.49429,39.15922],[-84.494277,39.159357],[-84.493749,39.159325]]]}},{"type":"Feature","properties":{"pid":"011500030063"},"geometry":{"type":"Polygon","coordinates":[[[-84.493776,39.15905],[-84.49379,39.158913],[-84.494318,39.158946],[-84.494304,39.159084],[-84.493776,39.15905]]]}},{"type":"Feature","properties":{"pid":"011500030064"},"geometry":{"type":"Polygon","coordinates":[[[-84.49379,39.158913],[-84.493804,39.158776],[-84.494332,39.158809],[-84.494318,39.158946],[-84.49379,39.158913]]]}},{"type":"Feature","properties":{"pid":"011500030065"},"geometry":{"type":"Polygon","coordinates":[[[-84.493804,39.158776],[-84.493817,39.158639],[-84.494345,39.158672],[-84.494332,39.158809],[-84.493804,39.158776]]]}},{"type":"Feature","properties":{"pid":"011500030066"},"geometry":{"type":"Polygon","coordinates":[[[-84.494494,39.158957],[-84.494508,39.15882],[-84.495036,39.158853],[-84.495022,39.158989],[-84.494494,39.158957]]]}},{"type":"Feature","properties":{"pid":"011500030078"},"geometry":{"type":"Polygon","coordinates":[[[-84.493462,39.160412],[-84.493111,39.160391],[-84.493149,39.160005],[-84.493501,39.160027],[-84.493462,39.160412]]]}},{"type":"Feature","properties":{"pid":"011500030079"},"geometry":{"type":"Polygon","coordinates":[[[-84.491272,39.15833],[-84.491284,39.158209],[-84.491616,39.15823],[-84.49161,39.15835],[-84.491272,39.15833]]]}},{"type":"Feature","properties":{"pid":"011500030080"},"geometry":{"type":"Polygon","coordinates":[[[-84.491562,39.160269],[-84.491608,39.159862],[-84.491897,39.159881],[-84.491853,39.160289],[-84.491562,39.160269]]]}},{"type":"Feature","properties":{"pid":"011500030082"},"geometry":{"type":"Polygon","coordinates":[[[-84.490491,39.158354],[-84.490504,39.158227],[-84.490824,39.158247],[-84.490811,39.158373],[-84.490491,39.158354]]]}},{"type":"Feature","properties":{"pid":"011500030084"},"geometry":{"type":"Polygon","coordinates":[[[-84.490516,39.158107],[-84.490527,39.157987],[-84.490847,39.158008],[-84.490835,39.158124],[-84.490516,39.158107]]]}},{"type":"Feature","properties":{"pid":"011500030087"},"geometry":{"type":"Polygon","coordinates":[[[-84.490504,39.158227],[-84.490516,39.158107],[-84.490835,39.158124],[-84.490824,39.158247],[-84.490504,39.158227]]]}},{"type":"Feature","properties":{"pid":"011500030088"},"geometry":{"type":"Polygon","coordinates":[[[-84.490836,39.158118],[-84.490847,39.158008],[-84.491159,39.158028],[-84.491148,39.158137],[-84.490836,39.158118]]]}},{"type":"Feature","properties":{"pid":"011500030090"},"geometry":{"type":"Polygon","coordinates":[[[-84.491286,39.158192],[-84.491296,39.158093],[-84.491628,39.158117],[-84.491618,39.158212],[-84.491286,39.158192]]]}},{"type":"Feature","properties":{"pid":"011500030093"},"geometry":{"type":"Polygon","coordinates":[[[-84.491076,39.159445],[-84.491168,39.159316],[-84.491581,39.159342],[-84.491492,39.159472],[-84.491076,39.159445]]]}},{"type":"Feature","properties":{"pid":"011500030094"},"geometry":{"type":"Polygon","coordinates":[[[-84.49076,39.158894],[-84.490774,39.158754],[-84.491084,39.158775],[-84.49107,39.158912],[-84.49076,39.158894]]]}},{"type":"Feature","properties":{"pid":"011500030095"},"geometry":{"type":"Polygon","coordinates":[[[-84.492101,39.159344],[-84.492115,39.159208],[-84.492554,39.159239],[-84.49254,39.159375],[-84.492101,39.159344]]]}},{"type":"Feature","properties":{"pid":"011500030096"},"geometry":{"type":"Polygon","coordinates":[[[-84.492185,39.158524],[-84.4922,39.158384],[-84.492639,39.158413],[-84.492624,39.158554],[-84.492185,39.158524]]]}},{"type":"Feature","properties":{"pid":"011500030097"},"geometry":{"type":"Polygon","coordinates":[[[-84.492554,39.159239],[-84.492568,39.159098],[-84.493041,39.159129],[-84.493026,39.159272],[-84.492554,39.159239]]]}},{"type":"Feature","properties":{"pid":"011500030098"},"geometry":{"type":"Polygon","coordinates":[[[-84.491217,39.158876],[-84.491231,39.158737],[-84.491665,39.158763],[-84.491652,39.158902],[-84.491217,39.158876]]]}},{"type":"Feature","properties":{"pid":"011500030100"},"geometry":{"type":"Polygon","coordinates":[[[-84.491174,39.160241],[-84.49122,39.159838],[-84.491391,39.159849],[-84.491349,39.160253],[-84.491174,39.160241]]]}},{"type":"Feature","properties":{"pid":"011500030101"},"geometry":{"type":"Polygon","coordinates":[[[-84.490674,39.159806],[-84.49071,39.159455],[-84.490773,39.159461],[-84.490871,39.159547],[-84.490848,39.159817],[-84.490674,39.159806]]]}},{"type":"Feature","properties":{"pid":"011500030103"},"geometry":{"type":"Polygon","coordinates":[[[-84.492214,39.160311],[-84.492254,39.159902],[-84.492433,39.159915],[-84.492387,39.160324],[-84.492214,39.160311]]]}},{"type":"Feature","properties":{"pid":"011500030104"},"geometry":{"type":"Polygon","coordinates":[[[-84.491448,39.159853],[-84.490991,39.159823],[-84.491008,39.159649],[-84.491469,39.159673],[-84.491448,39.159853]]]}},{"type":"Feature","properties":{"pid":"011500030105"},"geometry":{"type":"Polygon","coordinates":[[[-84.492563,39.160336],[-84.492608,39.159927],[-84.492783,39.159939],[-84.492737,39.160349],[-84.492563,39.160336]]]}},{"type":"Feature","properties":{"pid":"011500030106"},"geometry":{"type":"Polygon","coordinates":[[[-84.490715,39.159344],[-84.490733,39.159168],[-84.491042,39.159186],[-84.490981,39.159346],[-84.490715,39.159344]]]}},{"type":"Feature","properties":{"pid":"011500030107"},"geometry":{"type":"Polygon","coordinates":[[[-84.491017,39.159553],[-84.491076,39.159445],[-84.491492,39.159472],[-84.491479,39.159583],[-84.491017,39.159553]]]}},{"type":"Feature","properties":{"pid":"011500030108"},"geometry":{"type":"Polygon","coordinates":[[[-84.492954,39.159951],[-84.492484,39.159919],[-84.492498,39.159784],[-84.492969,39.159816],[-84.492954,39.159951]]]}},{"type":"Feature","properties":{"pid":"011500030109"},"geometry":{"type":"Polygon","coordinates":[[[-84.492568,39.159098],[-84.492581,39.158979],[-84.493054,39.15901],[-84.493041,39.159129],[-84.492568,39.159098]]]}},{"type":"Feature","properties":{"pid":"011500030110"},"geometry":{"type":"Polygon","coordinates":[[[-84.490283,39.160181],[-84.490331,39.159786],[-84.490507,39.159796],[-84.490463,39.160194],[-84.490283,39.160181]]]}},{"type":"Feature","properties":{"pid":"011500030111"},"geometry":{"type":"Polygon","coordinates":[[[-84.492533,39.159439],[-84.492554,39.159239],[-84.493026,39.159272],[-84.493005,39.159472],[-84.492533,39.159439]]]}},{"type":"Feature","properties":{"pid":"011500030112"},"geometry":{"type":"Polygon","coordinates":[[[-84.490633,39.160206],[-84.490674,39.159806],[-84.490848,39.159817],[-84.490811,39.160219],[-84.490633,39.160206]]]}},{"type":"Feature","properties":{"pid":"011500030113"},"geometry":{"type":"Polygon","coordinates":[[[-84.490715,39.159344],[-84.490415,39.159291],[-84.490411,39.159152],[-84.490733,39.159168],[-84.490715,39.159344]]]}},{"type":"Feature","properties":{"pid":"011500030114"},"geometry":{"type":"Polygon","coordinates":[[[-84.490463,39.160194],[-84.490507,39.159796],[-84.490674,39.159806],[-84.490633,39.160206],[-84.490463,39.160194]]]}},{"type":"Feature","properties":{"pid":"011500030115"},"geometry":{"type":"Polygon","coordinates":[[[-84.492498,39.159784],[-84.492059,39.159754],[-84.492073,39.159617],[-84.492512,39.159646],[-84.492498,39.159784]]]}},{"type":"Feature","properties":{"pid":"011500030116"},"geometry":{"type":"Polygon","coordinates":[[[-84.492086,39.159483],[-84.492101,39.159344],[-84.49254,39.159375],[-84.492526,39.159512],[-84.492086,39.159483]]]}},{"type":"Feature","properties":{"pid":"011500030117"},"geometry":{"type":"Polygon","coordinates":[[[-84.492129,39.15907],[-84.492143,39.158936],[-84.492582,39.158965],[-84.492568,39.159098],[-84.492129,39.15907]]]}},{"type":"Feature","properties":{"pid":"01120A010012"},"geometry":{"type":"Polygon","coordinates":[[[-84.488456,39.155067],[-84.48857,39.154384],[-84.488922,39.154404],[-84.488808,39.155088],[-84.488456,39.155067]]]}},{"type":"Feature","properties":{"pid":"01120A010016"},"geometry":{"type":"Polygon","coordinates":[[[-84.489511,39.155127],[-84.489625,39.154445],[-84.489871,39.154459],[-84.489756,39.155142],[-84.489511,39.155127]]]}},{"type":"Feature","properties":{"pid":"01120A010017"},"geometry":{"type":"Polygon","coordinates":[[[-84.489756,39.155142],[-84.489871,39.154459],[-84.490102,39.154444],[-84.490057,39.155159],[-84.489756,39.155142]]]}},{"type":"Feature","properties":{"pid":"01120A010022"},"geometry":{"type":"Polygon","coordinates":[[[-84.488281,39.155058],[-84.488394,39.154373],[-84.48857,39.154384],[-84.488456,39.155067],[-84.488281,39.155058]]]}},{"type":"Feature","properties":{"pid":"011300010009"},"geometry":{"type":"Polygon","coordinates":[[[-84.498009,39.14604],[-84.498068,39.145549],[-84.498351,39.145572],[-84.498292,39.146063],[-84.498009,39.14604]]]}},{"type":"Feature","properties":{"pid":"011300010010"},"geometry":{"type":"Polygon","coordinates":[[[-84.49785,39.146026],[-84.497911,39.145536],[-84.498068,39.145549],[-84.498009,39.14604],[-84.49785,39.146026]]]}},{"type":"Feature","properties":{"pid":"011300010068"},"geometry":{"type":"Polygon","coordinates":[[[-84.495626,39.143996],[-84.495641,39.143843],[-84.495956,39.143871],[-84.495942,39.144024],[-84.495626,39.143996]]]}},{"type":"Feature","properties":{"pid":"011500030118"},"geometry":{"type":"Polygon","coordinates":[[[-84.492554,39.159239],[-84.492115,39.159208],[-84.492129,39.15907],[-84.492568,39.159098],[-84.492554,39.159239]]]}},{"type":"Feature","properties":{"pid":"011500030119"},"geometry":{"type":"Polygon","coordinates":[[[-84.490276,39.159028],[-84.489794,39.158998],[-84.489809,39.158858],[-84.490291,39.158889],[-84.490276,39.159028]]]}},{"type":"Feature","properties":{"pid":"011500030121"},"geometry":{"type":"Polygon","coordinates":[[[-84.490009,39.159766],[-84.489801,39.159694],[-84.490293,39.159358],[-84.490331,39.159391],[-84.490009,39.159766]]]}},{"type":"Feature","properties":{"pid":"011500030122"},"geometry":{"type":"Polygon","coordinates":[[[-84.49119,39.159152],[-84.491204,39.159012],[-84.49164,39.159037],[-84.491627,39.159178],[-84.49119,39.159152]]]}},{"type":"Feature","properties":{"pid":"011500030123"},"geometry":{"type":"Polygon","coordinates":[[[-84.489739,39.15952],[-84.489765,39.159275],[-84.490262,39.159307],[-84.490279,39.15934],[-84.489739,39.15952]]]}},{"type":"Feature","properties":{"pid":"011500030124"},"geometry":{"type":"Polygon","coordinates":[[[-84.491168,39.159316],[-84.49119,39.159152],[-84.491627,39.159178],[-84.491581,39.159342],[-84.491168,39.159316]]]}},{"type":"Feature","properties":{"pid":"011500030125"},"geometry":{"type":"Polygon","coordinates":[[[-84.489809,39.158858],[-84.489824,39.158728],[-84.490306,39.158759],[-84.490291,39.158889],[-84.489809,39.158858]]]}},{"type":"Feature","properties":{"pid":"011500030126"},"geometry":{"type":"Polygon","coordinates":[[[-84.48989,39.158178],[-84.489914,39.157965],[-84.490456,39.158],[-84.490449,39.158053],[-84.490384,39.158047],[-84.490366,39.158213],[-84.48989,39.158178]]]}},{"type":"Feature","properties":{"pid":"011500030127"},"geometry":{"type":"Polygon","coordinates":[[[-84.492213,39.158252],[-84.492228,39.158112],[-84.492667,39.158141],[-84.492653,39.158278],[-84.492213,39.158252]]]}},{"type":"Feature","properties":{"pid":"011500030128"},"geometry":{"type":"Polygon","coordinates":[[[-84.489841,39.15928],[-84.489856,39.159144],[-84.490261,39.159169],[-84.490262,39.159307],[-84.489841,39.15928]]]}},{"type":"Feature","properties":{"pid":"011500030129"},"geometry":{"type":"Polygon","coordinates":[[[-84.491479,39.159583],[-84.491493,39.159463],[-84.491939,39.159491],[-84.491926,39.159612],[-84.491479,39.159583]]]}},{"type":"Feature","properties":{"pid":"011500030130"},"geometry":{"type":"Polygon","coordinates":[[[-84.492143,39.158936],[-84.492157,39.158796],[-84.492596,39.158828],[-84.492582,39.158965],[-84.492143,39.158936]]]}},{"type":"Feature","properties":{"pid":"011500030131"},"geometry":{"type":"Polygon","coordinates":[[[-84.492073,39.159617],[-84.492086,39.159483],[-84.492526,39.159512],[-84.492512,39.159646],[-84.492073,39.159617]]]}},{"type":"Feature","properties":{"pid":"011500030132"},"geometry":{"type":"Polygon","coordinates":[[[-84.491493,39.159463],[-84.491581,39.159342],[-84.491952,39.159365],[-84.491939,39.159491],[-84.491493,39.159463]]]}},{"type":"Feature","properties":{"pid":"011500030133"},"geometry":{"type":"Polygon","coordinates":[[[-84.491581,39.159342],[-84.491622,39.159229],[-84.491965,39.159248],[-84.491952,39.159365],[-84.491581,39.159342]]]}},{"type":"Feature","properties":{"pid":"011500030134"},"geometry":{"type":"Polygon","coordinates":[[[-84.491622,39.159229],[-84.491632,39.159118],[-84.491976,39.159139],[-84.491965,39.159248],[-84.491622,39.159229]]]}},{"type":"Feature","properties":{"pid":"011500030135"},"geometry":{"type":"Polygon","coordinates":[[[-84.491632,39.159118],[-84.491642,39.159012],[-84.491988,39.159032],[-84.491976,39.159139],[-84.491632,39.159118]]]}},{"type":"Feature","properties":{"pid":"011500030136"},"geometry":{"type":"Polygon","coordinates":[[[-84.491642,39.159012],[-84.491652,39.158902],[-84.491999,39.158922],[-84.491988,39.159032],[-84.491642,39.159012]]]}},{"type":"Feature","properties":{"pid":"011500030137"},"geometry":{"type":"Polygon","coordinates":[[[-84.491652,39.158902],[-84.491662,39.15879],[-84.492011,39.158811],[-84.491999,39.158922],[-84.491652,39.158902]]]}},{"type":"Feature","properties":{"pid":"011500030138"},"geometry":{"type":"Polygon","coordinates":[[[-84.491662,39.15879],[-84.491672,39.158682],[-84.492023,39.158704],[-84.492011,39.158811],[-84.491662,39.15879]]]}},{"type":"Feature","properties":{"pid":"011500030139"},"geometry":{"type":"Polygon","coordinates":[[[-84.491672,39.158682],[-84.491682,39.158571],[-84.492034,39.158594],[-84.492023,39.158704],[-84.491672,39.158682]]]}},{"type":"Feature","properties":{"pid":"011500030140"},"geometry":{"type":"Polygon","coordinates":[[[-84.491682,39.158571],[-84.491671,39.158457],[-84.492046,39.158484],[-84.492034,39.158594],[-84.491682,39.158571]]]}},{"type":"Feature","properties":{"pid":"011500030141"},"geometry":{"type":"Polygon","coordinates":[[[-84.491671,39.158457],[-84.49161,39.15835],[-84.492057,39.158376],[-84.492046,39.158484],[-84.491671,39.158457]]]}},{"type":"Feature","properties":{"pid":"011500030142"},"geometry":{"type":"Polygon","coordinates":[[[-84.49161,39.15835],[-84.491618,39.158212],[-84.492072,39.158239],[-84.492057,39.158376],[-84.49161,39.15835]]]}},{"type":"Feature","properties":{"pid":"011500030143"},"geometry":{"type":"Polygon","coordinates":[[[-84.491618,39.158212],[-84.491632,39.158074],[-84.492087,39.158101],[-84.492072,39.158239],[-84.491618,39.158212]]]}},{"type":"Feature","properties":{"pid":"010500010305"},"geometry":{"type":"Polygon","coordinates":[[[-84.496739,39.135191],[-84.496299,39.135188],[-84.496296,39.135119],[-84.495966,39.135107],[-84.495845,39.13503],[-84.496696,39.135062],[-84.496739,39.135191]]]}},{"type":"Feature","properties":{"pid":"011500030145"},"geometry":{"type":"Polygon","coordinates":[[[-84.490411,39.159152],[-84.490426,39.159008],[-84.490747,39.159026],[-84.490733,39.159168],[-84.490411,39.159152]]]}},{"type":"Feature","properties":{"pid":"011500030147"},"geometry":{"type":"Polygon","coordinates":[[[-84.489856,39.159144],[-84.489872,39.159002],[-84.490276,39.159028],[-84.490261,39.159169],[-84.489856,39.159144]]]}},{"type":"Feature","properties":{"pid":"011500030148"},"geometry":{"type":"Polygon","coordinates":[[[-84.490507,39.159796],[-84.490545,39.159441],[-84.49071,39.159455],[-84.490674,39.159806],[-84.490507,39.159796]]]}},{"type":"Feature","properties":{"pid":"011500030149"},"geometry":{"type":"Polygon","coordinates":[[[-84.491204,39.159012],[-84.491217,39.158876],[-84.491652,39.158902],[-84.49164,39.159037],[-84.491204,39.159012]]]}},{"type":"Feature","properties":{"pid":"011500030150"},"geometry":{"type":"Polygon","coordinates":[[[-84.492157,39.158796],[-84.492171,39.15866],[-84.49261,39.15869],[-84.492596,39.158828],[-84.492157,39.158796]]]}},{"type":"Feature","properties":{"pid":"011500030151"},"geometry":{"type":"Polygon","coordinates":[[[-84.491463,39.159721],[-84.491479,39.159583],[-84.491926,39.159612],[-84.491911,39.159754],[-84.491463,39.159721]]]}},{"type":"Feature","properties":{"pid":"011500030154"},"geometry":{"type":"Polygon","coordinates":[[[-84.489753,39.160042],[-84.489953,39.159747],[-84.490066,39.15977],[-84.489928,39.16014],[-84.489753,39.160042]]]}},{"type":"Feature","properties":{"pid":"011500030155"},"geometry":{"type":"Polygon","coordinates":[[[-84.490096,39.160168],[-84.489928,39.16014],[-84.490066,39.15977],[-84.490201,39.159778],[-84.490096,39.160168]]]}},{"type":"Feature","properties":{"pid":"011500030156"},"geometry":{"type":"Polygon","coordinates":[[[-84.490099,39.160168],[-84.490201,39.159778],[-84.490331,39.159786],[-84.490283,39.160181],[-84.490099,39.160168]]]}},{"type":"Feature","properties":{"pid":"011500030157"},"geometry":{"type":"Polygon","coordinates":[[[-84.490733,39.159168],[-84.490746,39.159032],[-84.491056,39.15905],[-84.491042,39.159186],[-84.490733,39.159168]]]}},{"type":"Feature","properties":{"pid":"011500030158"},"geometry":{"type":"Polygon","coordinates":[[[-84.490426,39.159008],[-84.490439,39.15887],[-84.490761,39.158887],[-84.490747,39.159026],[-84.490426,39.159008]]]}},{"type":"Feature","properties":{"pid":"011500030159"},"geometry":{"type":"Polygon","coordinates":[[[-84.490453,39.158733],[-84.490466,39.158599],[-84.490787,39.158617],[-84.490774,39.158754],[-84.490453,39.158733]]]}},{"type":"Feature","properties":{"pid":"011500030160"},"geometry":{"type":"Polygon","coordinates":[[[-84.490439,39.15887],[-84.490453,39.158733],[-84.490774,39.158754],[-84.490761,39.158887],[-84.490439,39.15887]]]}},{"type":"Feature","properties":{"pid":"011500030162"},"geometry":{"type":"Polygon","coordinates":[[[-84.489765,39.159275],[-84.489794,39.158998],[-84.489872,39.159002],[-84.489841,39.15928],[-84.489765,39.159275]]]}},{"type":"Feature","properties":{"pid":"011500030163"},"geometry":{"type":"Polygon","coordinates":[[[-84.490746,39.159032],[-84.49076,39.158894],[-84.49107,39.158912],[-84.491056,39.15905],[-84.490746,39.159032]]]}},{"type":"Feature","properties":{"pid":"011500030164"},"geometry":{"type":"Polygon","coordinates":[[[-84.490466,39.158599],[-84.490479,39.158475],[-84.4908,39.158493],[-84.490787,39.158617],[-84.490466,39.158599]]]}},{"type":"Feature","properties":{"pid":"011500030165"},"geometry":{"type":"Polygon","coordinates":[[[-84.490479,39.158475],[-84.490491,39.158354],[-84.490811,39.158373],[-84.4908,39.158493],[-84.490479,39.158475]]]}},{"type":"Feature","properties":{"pid":"011500030166"},"geometry":{"type":"Polygon","coordinates":[[[-84.491245,39.158602],[-84.491259,39.158464],[-84.49169,39.15849],[-84.491677,39.15863],[-84.491245,39.158602]]]}},{"type":"Feature","properties":{"pid":"011500030167"},"geometry":{"type":"Polygon","coordinates":[[[-84.491259,39.158464],[-84.491272,39.15833],[-84.49161,39.15835],[-84.49169,39.15849],[-84.491259,39.158464]]]}},{"type":"Feature","properties":{"pid":"011500030168"},"geometry":{"type":"Polygon","coordinates":[[[-84.490331,39.159786],[-84.490412,39.159426],[-84.490545,39.159441],[-84.490507,39.159796],[-84.490331,39.159786]]]}},{"type":"Feature","properties":{"pid":"011500030169"},"geometry":{"type":"Polygon","coordinates":[[[-84.492512,39.159646],[-84.492533,39.159439],[-84.493005,39.159472],[-84.492983,39.159677],[-84.492512,39.159646]]]}},{"type":"Feature","properties":{"pid":"011500030170"},"geometry":{"type":"Polygon","coordinates":[[[-84.4922,39.158384],[-84.492213,39.158252],[-84.492653,39.158278],[-84.492639,39.158413],[-84.4922,39.158384]]]}},{"type":"Feature","properties":{"pid":"011500030171"},"geometry":{"type":"Polygon","coordinates":[[[-84.490774,39.158754],[-84.490787,39.158621],[-84.491097,39.158639],[-84.491084,39.158775],[-84.490774,39.158754]]]}},{"type":"Feature","properties":{"pid":"011500030172"},"geometry":{"type":"Polygon","coordinates":[[[-84.491231,39.158737],[-84.491245,39.158602],[-84.491677,39.15863],[-84.491665,39.158763],[-84.491231,39.158737]]]}},{"type":"Feature","properties":{"pid":"011500030173"},"geometry":{"type":"Polygon","coordinates":[[[-84.490293,39.159784],[-84.490009,39.159766],[-84.490331,39.159391],[-84.490375,39.159414],[-84.490293,39.159784]]]}},{"type":"Feature","properties":{"pid":"011500030174"},"geometry":{"type":"Polygon","coordinates":[[[-84.490825,39.158233],[-84.490836,39.158118],[-84.491148,39.158137],[-84.491136,39.158252],[-84.490825,39.158233]]]}},{"type":"Feature","properties":{"pid":"011500030175"},"geometry":{"type":"Polygon","coordinates":[[[-84.490814,39.158346],[-84.490825,39.158233],[-84.491136,39.158252],[-84.491125,39.158365],[-84.490814,39.158346]]]}},{"type":"Feature","properties":{"pid":"011500030177"},"geometry":{"type":"Polygon","coordinates":[[[-84.490787,39.158621],[-84.4908,39.158485],[-84.491111,39.158504],[-84.491097,39.158639],[-84.490787,39.158621]]]}},{"type":"Feature","properties":{"pid":"011500030178"},"geometry":{"type":"Polygon","coordinates":[[[-84.4908,39.158485],[-84.490814,39.158346],[-84.491125,39.158365],[-84.491111,39.158504],[-84.4908,39.158485]]]}},{"type":"Feature","properties":{"pid":"011500030179"},"geometry":{"type":"Polygon","coordinates":[[[-84.491897,39.159881],[-84.491448,39.159853],[-84.491463,39.159721],[-84.491911,39.159754],[-84.491897,39.159881]]]}},{"type":"Feature","properties":{"pid":"011500030182"},"geometry":{"type":"Polygon","coordinates":[[[-84.48973,39.159606],[-84.489739,39.15952],[-84.490293,39.159358],[-84.489853,39.159658],[-84.48973,39.159606]]]}},{"type":"Feature","properties":{"pid":"011500030183"},"geometry":{"type":"Polygon","coordinates":[[[-84.489723,39.159667],[-84.48973,39.159606],[-84.489853,39.159658],[-84.489801,39.159694],[-84.489723,39.159667]]]}},{"type":"Feature","properties":{"pid":"011500030186"},"geometry":{"type":"Polygon","coordinates":[[[-84.492497,39.159235],[-84.492432,39.159226],[-84.492497,39.15923],[-84.492497,39.159235]]]}},{"type":"Feature","properties":{"pid":"011500040044"},"geometry":{"type":"Polygon","coordinates":[[[-84.487016,39.158433],[-84.487281,39.158161],[-84.487418,39.158239],[-84.487153,39.158513],[-84.487016,39.158433]]]}},{"type":"Feature","properties":{"pid":"011300010088"},"geometry":{"type":"Polygon","coordinates":[[[-84.498351,39.145572],[-84.498403,39.14508],[-84.498616,39.145097],[-84.498559,39.145587],[-84.498351,39.145572]]]}},{"type":"Feature","properties":{"pid":"011300010105"},"geometry":{"type":"Polygon","coordinates":[[[-84.495931,39.144134],[-84.495956,39.143871],[-84.496074,39.143881],[-84.496046,39.144145],[-84.495931,39.144134]]]}},{"type":"Feature","properties":{"pid":"011300010110"},"geometry":{"type":"Polygon","coordinates":[[[-84.495314,39.144113],[-84.49535,39.143818],[-84.495484,39.14383],[-84.49544,39.144122],[-84.495314,39.144113]]]}},{"type":"Feature","properties":{"pid":"011300010111"},"geometry":{"type":"Polygon","coordinates":[[[-84.49544,39.144122],[-84.495484,39.14383],[-84.495641,39.143843],[-84.495613,39.144135],[-84.49544,39.144122]]]}},{"type":"Feature","properties":{"pid":"011300010112"},"geometry":{"type":"Polygon","coordinates":[[[-84.496046,39.144145],[-84.496074,39.143881],[-84.49621,39.143893],[-84.496181,39.144157],[-84.496046,39.144145]]]}},{"type":"Feature","properties":{"pid":"011500040041"},"geometry":{"type":"Polygon","coordinates":[[[-84.489317,39.158681],[-84.489368,39.158137],[-84.48989,39.158178],[-84.489826,39.158714],[-84.489317,39.158681]]]}},{"type":"Feature","properties":{"pid":"011500040054"},"geometry":{"type":"Polygon","coordinates":[[[-84.489365,39.158918],[-84.489799,39.158944],[-84.489766,39.15926],[-84.489551,39.15936],[-84.489365,39.158918]]]}},{"type":"Feature","properties":{"pid":"011500040055"},"geometry":{"type":"Polygon","coordinates":[[[-84.489368,39.158137],[-84.489388,39.157919],[-84.489915,39.15795],[-84.48989,39.158178],[-84.489368,39.158137]]]}},{"type":"Feature","properties":{"pid":"011500040058"},"geometry":{"type":"Polygon","coordinates":[[[-84.488288,39.157715],[-84.488047,39.157578],[-84.488343,39.157261],[-84.488587,39.157406],[-84.488288,39.157715]]]}},{"type":"Feature","properties":{"pid":"011500040107"},"geometry":{"type":"Polygon","coordinates":[[[-84.48637,39.157769],[-84.48673,39.157575],[-84.486811,39.157668],[-84.486449,39.157859],[-84.48637,39.157769]]]}},{"type":"Feature","properties":{"pid":"011500050092"},"geometry":{"type":"Polygon","coordinates":[[[-84.486053,39.162401],[-84.486017,39.162318],[-84.486513,39.162182],[-84.486651,39.162464],[-84.486053,39.162401]]]}},{"type":"Feature","properties":{"pid":"011300020036"},"geometry":{"type":"Polygon","coordinates":[[[-84.496678,39.146871],[-84.496691,39.146747],[-84.497342,39.146853],[-84.497314,39.146967],[-84.496678,39.146871]]]}},{"type":"Feature","properties":{"pid":"011300020038"},"geometry":{"type":"Polygon","coordinates":[[[-84.496623,39.147267],[-84.496638,39.147158],[-84.497241,39.147246],[-84.497211,39.147356],[-84.496623,39.147267]]]}},{"type":"Feature","properties":{"pid":"011300020039"},"geometry":{"type":"Polygon","coordinates":[[[-84.496607,39.147382],[-84.496623,39.147267],[-84.497211,39.147356],[-84.497178,39.147477],[-84.496607,39.147382]]]}},{"type":"Feature","properties":{"pid":"011300020042"},"geometry":{"type":"Polygon","coordinates":[[[-84.494849,39.148696],[-84.494991,39.147612],[-84.496331,39.147818],[-84.496321,39.148423],[-84.496062,39.148743],[-84.494849,39.148696]]]}},{"type":"Feature","properties":{"pid":"011300020043"},"geometry":{"type":"Polygon","coordinates":[[[-84.49638,39.147826],[-84.494991,39.147612],[-84.495029,39.14734],[-84.496385,39.147547],[-84.496347,39.147694],[-84.496417,39.147705],[-84.49638,39.147826]]]}},{"type":"Feature","properties":{"pid":"011300020057"},"geometry":{"type":"Polygon","coordinates":[[[-84.496638,39.147158],[-84.496653,39.147049],[-84.49727,39.147142],[-84.497241,39.147246],[-84.496638,39.147158]]]}},{"type":"Feature","properties":{"pid":"011300020059"},"geometry":{"type":"Polygon","coordinates":[[[-84.496718,39.148037],[-84.496342,39.148012],[-84.496344,39.14782],[-84.496691,39.147872],[-84.49678,39.147977],[-84.496718,39.148037]]]}},{"type":"Feature","properties":{"pid":"011300020060"},"geometry":{"type":"Polygon","coordinates":[[[-84.496342,39.148012],[-84.496548,39.148026],[-84.496547,39.148202],[-84.496338,39.148404],[-84.496342,39.148012]]]}},{"type":"Feature","properties":{"pid":"011300020090"},"geometry":{"type":"Polygon","coordinates":[[[-84.496788,39.1488],[-84.496904,39.148484],[-84.497005,39.148511],[-84.496895,39.148806],[-84.496788,39.1488]]]}},{"type":"Feature","properties":{"pid":"011300020091"},"geometry":{"type":"Polygon","coordinates":[[[-84.496649,39.148792],[-84.496721,39.148638],[-84.496904,39.148484],[-84.496788,39.1488],[-84.496649,39.148792]]]}},{"type":"Feature","properties":{"pid":"011300020092"},"geometry":{"type":"Polygon","coordinates":[[[-84.496649,39.148792],[-84.496346,39.148761],[-84.496394,39.148632],[-84.496679,39.148747],[-84.496649,39.148792]]]}},{"type":"Feature","properties":{"pid":"011300020093"},"geometry":{"type":"Polygon","coordinates":[[[-84.496394,39.148632],[-84.496428,39.148582],[-84.496721,39.148638],[-84.496679,39.148747],[-84.496394,39.148632]]]}},{"type":"Feature","properties":{"pid":"011300020094"},"geometry":{"type":"Polygon","coordinates":[[[-84.496428,39.148582],[-84.496544,39.148443],[-84.496791,39.148582],[-84.496721,39.148638],[-84.496428,39.148582]]]}},{"type":"Feature","properties":{"pid":"011300020095"},"geometry":{"type":"Polygon","coordinates":[[[-84.496544,39.148443],[-84.496591,39.148397],[-84.496889,39.148479],[-84.496791,39.148582],[-84.496544,39.148443]]]}},{"type":"Feature","properties":{"pid":"011300020096"},"geometry":{"type":"Polygon","coordinates":[[[-84.497005,39.148511],[-84.496889,39.148479],[-84.496591,39.148397],[-84.496698,39.148298],[-84.497019,39.148475],[-84.497005,39.148511]]]}},{"type":"Feature","properties":{"pid":"011300020097"},"geometry":{"type":"Polygon","coordinates":[[[-84.496698,39.148298],[-84.496745,39.148256],[-84.49707,39.148338],[-84.497019,39.148475],[-84.496698,39.148298]]]}},{"type":"Feature","properties":{"pid":"011300020098"},"geometry":{"type":"Polygon","coordinates":[[[-84.496745,39.148256],[-84.496854,39.148157],[-84.497091,39.148281],[-84.49707,39.148338],[-84.496745,39.148256]]]}},{"type":"Feature","properties":{"pid":"011000010031"},"geometry":{"type":"Polygon","coordinates":[[[-84.482309,39.152353],[-84.482659,39.15205],[-84.482876,39.152212],[-84.482516,39.152502],[-84.482309,39.152353]]]}},{"type":"Feature","properties":{"pid":"011500050031"},"geometry":{"type":"Polygon","coordinates":[[[-84.487021,39.160323],[-84.487195,39.160206],[-84.487272,39.160196],[-84.487744,39.160473],[-84.487382,39.160684],[-84.487021,39.160323]]]}},{"type":"Feature","properties":{"pid":"011300030099"},"geometry":{"type":"Polygon","coordinates":[[[-84.495928,39.15085],[-84.496076,39.150424],[-84.496608,39.150912],[-84.496565,39.150967],[-84.495928,39.15085]]]}},{"type":"Feature","properties":{"pid":"011500050063"},"geometry":{"type":"Polygon","coordinates":[[[-84.488337,39.160664],[-84.488121,39.160531],[-84.488501,39.16015],[-84.488773,39.160313],[-84.488422,39.160662],[-84.488337,39.160664]]]}},{"type":"Feature","properties":{"pid":"011500050067"},"geometry":{"type":"Polygon","coordinates":[[[-84.487754,39.161241],[-84.487986,39.161139],[-84.48824,39.161427],[-84.488045,39.161551],[-84.487754,39.161241]]]}},{"type":"Feature","properties":{"pid":"011500050098"},"geometry":{"type":"Polygon","coordinates":[[[-84.487407,39.162897],[-84.487675,39.162522],[-84.487841,39.162583],[-84.487708,39.162947],[-84.487407,39.162897]]]}},{"type":"Feature","properties":{"pid":"011500050099"},"geometry":{"type":"Polygon","coordinates":[[[-84.487079,39.162843],[-84.487513,39.162456],[-84.487675,39.162522],[-84.487407,39.162897],[-84.487079,39.162843]]]}},{"type":"Feature","properties":{"pid":"011500050120"},"geometry":{"type":"Polygon","coordinates":[[[-84.488356,39.162668],[-84.488339,39.162612],[-84.488279,39.162608],[-84.488292,39.162471],[-84.488801,39.162503],[-84.488783,39.162695],[-84.488356,39.162668]]]}},{"type":"Feature","properties":{"pid":"011500050138"},"geometry":{"type":"Polygon","coordinates":[[[-84.487901,39.162979],[-84.487708,39.162947],[-84.487841,39.162583],[-84.488002,39.162592],[-84.487901,39.162979]]]}},{"type":"Feature","properties":{"pid":"011300030109"},"geometry":{"type":"Polygon","coordinates":[[[-84.494699,39.149841],[-84.494723,39.149649],[-84.495077,39.149671],[-84.495058,39.149776],[-84.494739,39.14986],[-84.494699,39.149841]]]}},{"type":"Feature","properties":{"pid":"011300030112"},"geometry":{"type":"Polygon","coordinates":[[[-84.498921,39.151362],[-84.49927,39.151151],[-84.499238,39.151436],[-84.499077,39.151547],[-84.498921,39.151362]]]}},{"type":"Feature","properties":{"pid":"011300030113"},"geometry":{"type":"Polygon","coordinates":[[[-84.498766,39.151176],[-84.499299,39.150902],[-84.49927,39.151151],[-84.498921,39.151362],[-84.498766,39.151176]]]}},{"type":"Feature","properties":{"pid":"011300040001"},"geometry":{"type":"Polygon","coordinates":[[[-84.500042,39.145051],[-84.500085,39.14467],[-84.500229,39.144683],[-84.500183,39.145064],[-84.500042,39.145051]]]}},{"type":"Feature","properties":{"pid":"011300040002"},"geometry":{"type":"Polygon","coordinates":[[[-84.500183,39.145064],[-84.500229,39.144683],[-84.500365,39.144695],[-84.500323,39.145076],[-84.500183,39.145064]]]}},{"type":"Feature","properties":{"pid":"011300040004"},"geometry":{"type":"Polygon","coordinates":[[[-84.500472,39.145087],[-84.500512,39.144708],[-84.500646,39.14472],[-84.500607,39.145099],[-84.500472,39.145087]]]}},{"type":"Feature","properties":{"pid":"011300040007"},"geometry":{"type":"Polygon","coordinates":[[[-84.500958,39.145128],[-84.500995,39.144751],[-84.501173,39.144767],[-84.50113,39.145143],[-84.500958,39.145128]]]}},{"type":"Feature","properties":{"pid":"011300040010"},"geometry":{"type":"Polygon","coordinates":[[[-84.50148,39.145172],[-84.501523,39.144798],[-84.501701,39.144813],[-84.501659,39.145187],[-84.50148,39.145172]]]}},{"type":"Feature","properties":{"pid":"011300040014"},"geometry":{"type":"Polygon","coordinates":[[[-84.502061,39.14476],[-84.502107,39.144405],[-84.502452,39.144436],[-84.50241,39.144794],[-84.502061,39.14476]]]}},{"type":"Feature","properties":{"pid":"011300040015"},"geometry":{"type":"Polygon","coordinates":[[[-84.502357,39.145245],[-84.502404,39.14485],[-84.502772,39.14488],[-84.502725,39.145275],[-84.502357,39.145245]]]}},{"type":"Feature","properties":{"pid":"011500050154"},"geometry":{"type":"Polygon","coordinates":[[[-84.489636,39.16056],[-84.489107,39.160256],[-84.489302,39.160069],[-84.489386,39.160071],[-84.489674,39.160238],[-84.489636,39.16056]]]}},{"type":"Feature","properties":{"pid":"011500050155"},"geometry":{"type":"Polygon","coordinates":[[[-84.488963,39.160399],[-84.489107,39.160256],[-84.489548,39.160509],[-84.489354,39.160632],[-84.488963,39.160399]]]}},{"type":"Feature","properties":{"pid":"011500050156"},"geometry":{"type":"Polygon","coordinates":[[[-84.488803,39.160558],[-84.488944,39.160417],[-84.489328,39.160648],[-84.489141,39.160765],[-84.488803,39.160558]]]}},{"type":"Feature","properties":{"pid":"011500050157"},"geometry":{"type":"Polygon","coordinates":[[[-84.488637,39.160838],[-84.488608,39.160754],[-84.488759,39.160601],[-84.489087,39.160799],[-84.488796,39.160983],[-84.488637,39.160838]]]}},{"type":"Feature","properties":{"pid":"011500060001"},"geometry":{"type":"Polygon","coordinates":[[[-84.48601,39.158629],[-84.486567,39.15833],[-84.486679,39.158459],[-84.486116,39.158752],[-84.48601,39.158629]]]}},{"type":"Feature","properties":{"pid":"011500060002"},"geometry":{"type":"Polygon","coordinates":[[[-84.48601,39.158629],[-84.485889,39.158491],[-84.486448,39.158193],[-84.486567,39.15833],[-84.48601,39.158629]]]}},{"type":"Feature","properties":{"pid":"011500060012"},"geometry":{"type":"Polygon","coordinates":[[[-84.484944,39.158394],[-84.484734,39.158155],[-84.48533,39.157848],[-84.485532,39.15808],[-84.484944,39.158394]]]}},{"type":"Feature","properties":{"pid":"011500060013"},"geometry":{"type":"Polygon","coordinates":[[[-84.484538,39.157929],[-84.485133,39.157621],[-84.48533,39.157848],[-84.484734,39.158155],[-84.484538,39.157929]]]}},{"type":"Feature","properties":{"pid":"011500060014"},"geometry":{"type":"Polygon","coordinates":[[[-84.484438,39.157813],[-84.485039,39.157513],[-84.485133,39.157621],[-84.484538,39.157929],[-84.484438,39.157813]]]}},{"type":"Feature","properties":{"pid":"011500060015"},"geometry":{"type":"Polygon","coordinates":[[[-84.484149,39.157478],[-84.484742,39.15717],[-84.484933,39.15739],[-84.484339,39.157698],[-84.484149,39.157478]]]}},{"type":"Feature","properties":{"pid":"011500060019"},"geometry":{"type":"Polygon","coordinates":[[[-84.484242,39.159079],[-84.484944,39.15871],[-84.48513,39.158945],[-84.484442,39.159304],[-84.484242,39.159079]]]}},{"type":"Feature","properties":{"pid":"011500060020"},"geometry":{"type":"Polygon","coordinates":[[[-84.484041,39.158853],[-84.484754,39.158472],[-84.484944,39.15871],[-84.484242,39.159079],[-84.484041,39.158853]]]}},{"type":"Feature","properties":{"pid":"011500060021"},"geometry":{"type":"Polygon","coordinates":[[[-84.483842,39.15863],[-84.484559,39.158247],[-84.484754,39.158472],[-84.484041,39.158853],[-84.483842,39.15863]]]}},{"type":"Feature","properties":{"pid":"011500060022"},"geometry":{"type":"Polygon","coordinates":[[[-84.483638,39.1584],[-84.484359,39.158018],[-84.484559,39.158247],[-84.483842,39.15863],[-84.483638,39.1584]]]}},{"type":"Feature","properties":{"pid":"011500060027"},"geometry":{"type":"Polygon","coordinates":[[[-84.483556,39.159445],[-84.484242,39.159079],[-84.484442,39.159304],[-84.483759,39.159668],[-84.483556,39.159445]]]}},{"type":"Feature","properties":{"pid":"011500060028"},"geometry":{"type":"Polygon","coordinates":[[[-84.483352,39.15922],[-84.484041,39.158853],[-84.484242,39.159079],[-84.483556,39.159445],[-84.483352,39.15922]]]}},{"type":"Feature","properties":{"pid":"011500060029"},"geometry":{"type":"Polygon","coordinates":[[[-84.48315,39.158999],[-84.483842,39.15863],[-84.484041,39.158853],[-84.483352,39.15922],[-84.48315,39.158999]]]}},{"type":"Feature","properties":{"pid":"011500060030"},"geometry":{"type":"Polygon","coordinates":[[[-84.482941,39.158769],[-84.483638,39.1584],[-84.483842,39.15863],[-84.48315,39.158999],[-84.482941,39.158769]]]}},{"type":"Feature","properties":{"pid":"011500060042"},"geometry":{"type":"Polygon","coordinates":[[[-84.485061,39.157538],[-84.484933,39.15739],[-84.485501,39.157103],[-84.485621,39.15724],[-84.485061,39.157538]]]}},{"type":"Feature","properties":{"pid":"011500060044"},"geometry":{"type":"Polygon","coordinates":[[[-84.485771,39.158354],[-84.48633,39.158057],[-84.486448,39.158193],[-84.485889,39.158491],[-84.485771,39.158354]]]}},{"type":"Feature","properties":{"pid":"011500060045"},"geometry":{"type":"Polygon","coordinates":[[[-84.485418,39.157948],[-84.485978,39.157652],[-84.486091,39.157782],[-84.485532,39.15808],[-84.485418,39.157948]]]}},{"type":"Feature","properties":{"pid":"011500060047"},"geometry":{"type":"Polygon","coordinates":[[[-84.485179,39.157674],[-84.485738,39.157376],[-84.485857,39.157513],[-84.485297,39.157809],[-84.485179,39.157674]]]}},{"type":"Feature","properties":{"pid":"011500060050"},"geometry":{"type":"Polygon","coordinates":[[[-84.484846,39.157291],[-84.485402,39.156988],[-84.485501,39.157103],[-84.484933,39.15739],[-84.484846,39.157291]]]}},{"type":"Feature","properties":{"pid":"010500010037"},"geometry":{"type":"Polygon","coordinates":[[[-84.496717,39.135462],[-84.49671,39.135544],[-84.496262,39.135525],[-84.496267,39.135444],[-84.496717,39.135462]]]}},{"type":"Feature","properties":{"pid":"010500010047"},"geometry":{"type":"Polygon","coordinates":[[[-84.496135,39.13496],[-84.495851,39.13495],[-84.495874,39.134676],[-84.496152,39.134686],[-84.496135,39.13496]]]}},{"type":"Feature","properties":{"pid":"010800050005"},"geometry":{"type":"Polygon","coordinates":[[[-84.482565,39.150421],[-84.482822,39.150609],[-84.482329,39.15102],[-84.482071,39.150832],[-84.482565,39.150421]]]}},{"type":"Feature","properties":{"pid":"010800060043"},"geometry":{"type":"Polygon","coordinates":[[[-84.480603,39.149155],[-84.480092,39.149116],[-84.480111,39.148947],[-84.48062,39.148986],[-84.480603,39.149155]]]}},{"type":"Feature","properties":{"pid":"010900020017"},"geometry":{"type":"Polygon","coordinates":[[[-84.472399,39.154086],[-84.472897,39.154125],[-84.472885,39.154208],[-84.472328,39.154166],[-84.472399,39.154086]]]}},{"type":"Feature","properties":{"pid":"011600040036"},"geometry":{"type":"Polygon","coordinates":[[[-84.472862,39.154374],[-84.472231,39.154323],[-84.472273,39.154245],[-84.472874,39.154289],[-84.472862,39.154374]]]}},{"type":"Feature","properties":{"pid":"010900050020"},"geometry":{"type":"Polygon","coordinates":[[[-84.476718,39.154883],[-84.475685,39.154812],[-84.476039,39.154622],[-84.476245,39.154422],[-84.476763,39.154456],[-84.476718,39.154883]]]}},{"type":"Feature","properties":{"pid":"010900050021"},"geometry":{"type":"MultiPolygon","coordinates":[[[[-84.475083,39.154459],[-84.474762,39.154354],[-84.474216,39.154528],[-84.474235,39.154327],[-84.475339,39.154368],[-84.475299,39.154425],[-84.475083,39.154459]]],[[[-84.476001,39.154411],[-84.4755,39.154706],[-84.475339,39.154368],[-84.476001,39.154411]]]]}},{"type":"Feature","properties":{"pid":"011600040039"},"geometry":{"type":"Polygon","coordinates":[[[-84.472846,39.154481],[-84.47276,39.154474],[-84.472755,39.154528],[-84.472176,39.15448],[-84.472231,39.154323],[-84.472862,39.154374],[-84.472846,39.154481]]]}},{"type":"Feature","properties":{"pid":"010900050070"},"geometry":{"type":"Polygon","coordinates":[[[-84.477652,39.157042],[-84.477557,39.156743],[-84.47781,39.156705],[-84.477903,39.157],[-84.477652,39.157042]]]}},{"type":"Feature","properties":{"pid":"011000020042"},"geometry":{"type":"Polygon","coordinates":[[[-84.476898,39.154464],[-84.476245,39.154422],[-84.476376,39.154196],[-84.476432,39.153952],[-84.476949,39.153986],[-84.476898,39.154464]]]}},{"type":"Feature","properties":{"pid":"011100040004"},"geometry":{"type":"Polygon","coordinates":[[[-84.476769,39.159841],[-84.475137,39.158036],[-84.475485,39.157815],[-84.476209,39.157547],[-84.476739,39.157378],[-84.477402,39.157276],[-84.478415,39.158923],[-84.476769,39.159841]]]}},{"type":"Feature","properties":{"pid":"011600040049"},"geometry":{"type":"Polygon","coordinates":[[[-84.472579,39.156121],[-84.471982,39.156083],[-84.471979,39.155959],[-84.472594,39.155996],[-84.472579,39.156121]]]}},{"type":"Feature","properties":{"pid":"011600040054"},"geometry":{"type":"Polygon","coordinates":[[[-84.472278,39.157017],[-84.472009,39.156211],[-84.471982,39.156083],[-84.472568,39.156121],[-84.472512,39.156571],[-84.472565,39.156766],[-84.472459,39.15676],[-84.472598,39.157138],[-84.472369,39.157115],[-84.472278,39.157017]]]}},{"type":"Feature","properties":{"pid":"010700090041"},"geometry":{"type":"Polygon","coordinates":[[[-84.495,39.143945],[-84.494986,39.144089],[-84.494451,39.14405],[-84.494468,39.143878],[-84.494956,39.143916],[-84.495,39.143945]]]}},{"type":"Feature","properties":{"pid":"010700090066"},"geometry":{"type":"Polygon","coordinates":[[[-84.494789,39.14432],[-84.494961,39.144335],[-84.494927,39.144624],[-84.494755,39.144609],[-84.494789,39.14432]]]}},{"type":"Feature","properties":{"pid":"010700090043"},"geometry":{"type":"Polygon","coordinates":[[[-84.494961,39.144335],[-84.494426,39.144289],[-84.494438,39.144176],[-84.494973,39.14422],[-84.494961,39.144335]]]}},{"type":"Feature","properties":{"pid":"010700090065"},"geometry":{"type":"Polygon","coordinates":[[[-84.495297,39.144246],[-84.494438,39.144176],[-84.494446,39.144099],[-84.495307,39.144173],[-84.495297,39.144246]]]}},{"type":"Feature","properties":{"pid":"010700090037"},"geometry":{"type":"Polygon","coordinates":[[[-84.494972,39.144243],[-84.49515,39.144233],[-84.495106,39.144639],[-84.494927,39.144624],[-84.494972,39.144243]]]}},{"type":"Feature","properties":{"pid":"011600040020"},"geometry":{"type":"Polygon","coordinates":[[[-84.472512,39.159028],[-84.472133,39.158996],[-84.471944,39.158292],[-84.472327,39.158317],[-84.472512,39.159028]]]}},{"type":"Feature","properties":{"pid":"011600040013"},"geometry":{"type":"Polygon","coordinates":[[[-84.472327,39.158317],[-84.471944,39.158292],[-84.471782,39.157686],[-84.47217,39.157712],[-84.472327,39.158317]]]}},{"type":"Feature","properties":{"pid":"010500010221"},"geometry":{"type":"Polygon","coordinates":[[[-84.496305,39.135859],[-84.496239,39.135701],[-84.49627,39.135688],[-84.496362,39.135773],[-84.496638,39.135785],[-84.49661,39.135871],[-84.496305,39.135859]]]}},{"type":"Feature","properties":{"pid":"011300010066"},"geometry":{"type":"Polygon","coordinates":[[[-84.495311,39.144246],[-84.4956,39.144271],[-84.49556,39.144678],[-84.495258,39.144652],[-84.495311,39.144246]]]}},{"type":"Feature","properties":{"pid":"011300010065"},"geometry":{"type":"Polygon","coordinates":[[[-84.49556,39.144678],[-84.4956,39.144271],[-84.495916,39.144297],[-84.495877,39.144705],[-84.49556,39.144678]]]}},{"type":"Feature","properties":{"pid":"011300010058"},"geometry":{"type":"Polygon","coordinates":[[[-84.49767,39.144853],[-84.497099,39.144806],[-84.497147,39.144398],[-84.497732,39.144447],[-84.49767,39.144853]]]}},{"type":"Feature","properties":{"pid":"011300010117"},"geometry":{"type":"Polygon","coordinates":[[[-84.495942,39.144024],[-84.495916,39.144297],[-84.4956,39.144271],[-84.495626,39.143996],[-84.495942,39.144024]]]}},{"type":"Feature","properties":{"pid":"010700090064"},"geometry":{"type":"Polygon","coordinates":[[[-84.49515,39.144233],[-84.495311,39.144246],[-84.495258,39.144652],[-84.495106,39.144639],[-84.49515,39.144233]]]}},{"type":"Feature","properties":{"pid":"011300010064"},"geometry":{"type":"Polygon","coordinates":[[[-84.496118,39.144723],[-84.496163,39.144317],[-84.496269,39.144326],[-84.496223,39.144731],[-84.496118,39.144723]]]}},{"type":"Feature","properties":{"pid":"011300010094"},"geometry":{"type":"Polygon","coordinates":[[[-84.495984,39.144713],[-84.496028,39.144306],[-84.496163,39.144317],[-84.496118,39.144723],[-84.495984,39.144713]]]}},{"type":"Feature","properties":{"pid":"011300010095"},"geometry":{"type":"Polygon","coordinates":[[[-84.495916,39.144297],[-84.495931,39.144134],[-84.496181,39.144157],[-84.496163,39.144317],[-84.495916,39.144297]]]}},{"type":"Feature","properties":{"pid":"011300010109"},"geometry":{"type":"Polygon","coordinates":[[[-84.495916,39.144297],[-84.496028,39.144306],[-84.495984,39.144713],[-84.495877,39.144705],[-84.495916,39.144297]]]}},{"type":"Feature","properties":{"pid":"010500010126"},"geometry":{"type":"Polygon","coordinates":[[[-84.491597,39.135601],[-84.491739,39.135558],[-84.491683,39.135722],[-84.491588,39.13572],[-84.491597,39.135601]]]}},{"type":"Feature","properties":{"pid":"011500050005"},"geometry":{"type":"Polygon","coordinates":[[[-84.48792,39.159803],[-84.487773,39.159714],[-84.48815,39.159339],[-84.488297,39.159427],[-84.48792,39.159803]]]}},{"type":"Feature","properties":{"pid":"011500050006"},"geometry":{"type":"Polygon","coordinates":[[[-84.488303,39.160032],[-84.488092,39.159906],[-84.488467,39.159528],[-84.488674,39.159652],[-84.488303,39.160032]]]}},{"type":"Feature","properties":{"pid":"011600040002"},"geometry":{"type":"Polygon","coordinates":[[[-84.47322,39.160787],[-84.473112,39.160371],[-84.473788,39.160415],[-84.473794,39.160825],[-84.47322,39.160787]]]}},{"type":"Feature","properties":{"pid":"011500050009"},"geometry":{"type":"Polygon","coordinates":[[[-84.488216,39.15998],[-84.488358,39.160065],[-84.487979,39.160446],[-84.48784,39.160362],[-84.488216,39.15998]]]}},{"type":"Feature","properties":{"pid":"011500050058"},"geometry":{"type":"Polygon","coordinates":[[[-84.48784,39.160362],[-84.487497,39.160157],[-84.487867,39.159771],[-84.488216,39.15998],[-84.48784,39.160362]]]}},{"type":"Feature","properties":{"pid":"011500050059"},"geometry":{"type":"Polygon","coordinates":[[[-84.487424,39.160113],[-84.487137,39.159941],[-84.487516,39.159561],[-84.487798,39.159729],[-84.487424,39.160113]]]}},{"type":"Feature","properties":{"pid":"011500050064"},"geometry":{"type":"Polygon","coordinates":[[[-84.487765,39.15971],[-84.487516,39.159561],[-84.487891,39.159184],[-84.48814,39.159333],[-84.487765,39.15971]]]}},{"type":"Feature","properties":{"pid":"011500050071"},"geometry":{"type":"Polygon","coordinates":[[[-84.488092,39.159906],[-84.48792,39.159803],[-84.488297,39.159427],[-84.488467,39.159528],[-84.488092,39.159906]]]}},{"type":"Feature","properties":{"pid":"011500050089"},"geometry":{"type":"Polygon","coordinates":[[[-84.488501,39.16015],[-84.488303,39.160032],[-84.488674,39.159652],[-84.488878,39.159774],[-84.488501,39.16015]]]}},{"type":"Feature","properties":{"pid":"011600040003"},"geometry":{"type":"Polygon","coordinates":[[[-84.473788,39.160415],[-84.473112,39.160371],[-84.472768,39.159045],[-84.473967,39.159125],[-84.473784,39.159775],[-84.473788,39.160415]]]}},{"type":"Feature","properties":{"pid":"010900050028"},"geometry":{"type":"Polygon","coordinates":[[[-84.47432,39.155885],[-84.473981,39.155959],[-84.473902,39.155406],[-84.474233,39.155298],[-84.47432,39.155885]]]}},{"type":"Feature","properties":{"pid":"010700110108"},"geometry":{"type":"Polygon","coordinates":[[[-84.485413,39.142733],[-84.485238,39.142727],[-84.485282,39.142139],[-84.48546,39.142144],[-84.485413,39.142733]]]}},{"type":"Feature","properties":{"pid":"010700120025"},"geometry":{"type":"Polygon","coordinates":[[[-84.485238,39.142727],[-84.485062,39.142721],[-84.485101,39.142161],[-84.485282,39.142139],[-84.485238,39.142727]]]}},{"type":"Feature","properties":{"pid":"010700120026"},"geometry":{"type":"Polygon","coordinates":[[[-84.485062,39.142721],[-84.484904,39.142716],[-84.484921,39.142282],[-84.485101,39.142161],[-84.485062,39.142721]]]}},{"type":"Feature","properties":{"pid":"010500010223"},"geometry":{"type":"Polygon","coordinates":[[[-84.496638,39.135785],[-84.496362,39.135773],[-84.49627,39.135688],[-84.496664,39.135706],[-84.496638,39.135785]]]}},{"type":"Feature","properties":{"pid":"010500010225"},"geometry":{"type":"Polygon","coordinates":[[[-84.496262,39.135525],[-84.49671,39.135544],[-84.49669,39.135625],[-84.496298,39.135609],[-84.496262,39.135525]]]}},{"type":"Feature","properties":{"pid":"010500020001"},"geometry":{"type":"Polygon","coordinates":[[[-84.493636,39.139898],[-84.493084,39.139549],[-84.493445,39.139273],[-84.493955,39.139553],[-84.493636,39.139898]]]}},{"type":"Feature","properties":{"pid":"010500020009"},"geometry":{"type":"Polygon","coordinates":[[[-84.494564,39.138472],[-84.494697,39.138312],[-84.495033,39.138438],[-84.49484,39.138638],[-84.494564,39.138472]]]}},{"type":"Feature","properties":{"pid":"010500020010"},"geometry":{"type":"Polygon","coordinates":[[[-84.494114,39.138762],[-84.493922,39.138513],[-84.494506,39.13824],[-84.494697,39.138312],[-84.494564,39.138472],[-84.494114,39.138762]]]}},{"type":"Feature","properties":{"pid":"010500020012"},"geometry":{"type":"Polygon","coordinates":[[[-84.494543,39.138101],[-84.49452,39.138051],[-84.494705,39.137783],[-84.495052,39.137882],[-84.494825,39.138207],[-84.494543,39.138101]]]}},{"type":"Feature","properties":{"pid":"010500020013"},"geometry":{"type":"Polygon","coordinates":[[[-84.493378,39.138767],[-84.49356,39.138682],[-84.493811,39.139011],[-84.493652,39.139125],[-84.493378,39.138767]]]}},{"type":"Feature","properties":{"pid":"010500020014"},"geometry":{"type":"Polygon","coordinates":[[[-84.493385,39.139316],[-84.493074,39.138909],[-84.493378,39.138767],[-84.493652,39.139125],[-84.493385,39.139316]]]}},{"type":"Feature","properties":{"pid":"010500020015"},"geometry":{"type":"Polygon","coordinates":[[[-84.492875,39.139002],[-84.493074,39.138909],[-84.493385,39.139316],[-84.493211,39.139441],[-84.492875,39.139002]]]}},{"type":"Feature","properties":{"pid":"010500020021"},"geometry":{"type":"Polygon","coordinates":[[[-84.492268,39.138193],[-84.492531,39.138107],[-84.493035,39.138767],[-84.492793,39.13888],[-84.492268,39.138193]]]}},{"type":"Feature","properties":{"pid":"010500020023"},"geometry":{"type":"Polygon","coordinates":[[[-84.492629,39.138075],[-84.492755,39.138033],[-84.493242,39.13867],[-84.493126,39.138724],[-84.492629,39.138075]]]}},{"type":"Feature","properties":{"pid":"010500020024"},"geometry":{"type":"Polygon","coordinates":[[[-84.492755,39.138033],[-84.493006,39.137951],[-84.493473,39.138562],[-84.493242,39.13867],[-84.492755,39.138033]]]}},{"type":"Feature","properties":{"pid":"010500020025"},"geometry":{"type":"Polygon","coordinates":[[[-84.493006,39.137951],[-84.493137,39.137908],[-84.493594,39.138506],[-84.493473,39.138562],[-84.493006,39.137951]]]}},{"type":"Feature","properties":{"pid":"010500020026"},"geometry":{"type":"Polygon","coordinates":[[[-84.493137,39.137908],[-84.493268,39.137866],[-84.493715,39.138449],[-84.493594,39.138506],[-84.493137,39.137908]]]}},{"type":"Feature","properties":{"pid":"010500020027"},"geometry":{"type":"Polygon","coordinates":[[[-84.493367,39.137833],[-84.493462,39.137802],[-84.493896,39.138364],[-84.493807,39.138406],[-84.493367,39.137833]]]}},{"type":"Feature","properties":{"pid":"010500020029"},"geometry":{"type":"Polygon","coordinates":[[[-84.493529,39.13778],[-84.493935,39.137647],[-84.49406,39.137807],[-84.493868,39.137897],[-84.49414,39.138251],[-84.493955,39.138337],[-84.493529,39.13778]]]}},{"type":"Feature","properties":{"pid":"010500020030"},"geometry":{"type":"Polygon","coordinates":[[[-84.493868,39.137897],[-84.49406,39.137807],[-84.494336,39.138159],[-84.49414,39.138251],[-84.493868,39.137897]]]}},{"type":"Feature","properties":{"pid":"010500020065"},"geometry":{"type":"Polygon","coordinates":[[[-84.493811,39.139011],[-84.49356,39.138682],[-84.493922,39.138513],[-84.494129,39.138783],[-84.493811,39.139011]]]}},{"type":"Feature","properties":{"pid":"010500020071"},"geometry":{"type":"Polygon","coordinates":[[[-84.493268,39.137866],[-84.493367,39.137833],[-84.493807,39.138406],[-84.493715,39.138449],[-84.493268,39.137866]]]}},{"type":"Feature","properties":{"pid":"010500030001"},"geometry":{"type":"Polygon","coordinates":[[[-84.492867,39.141035],[-84.492189,39.141013],[-84.492194,39.140931],[-84.492857,39.140952],[-84.493047,39.140768],[-84.492867,39.141035]]]}},{"type":"Feature","properties":{"pid":"010500030003"},"geometry":{"type":"Polygon","coordinates":[[[-84.492581,39.140065],[-84.492626,39.140025],[-84.49335,39.140321],[-84.493319,39.140366],[-84.492581,39.140065]]]}},{"type":"Feature","properties":{"pid":"010500030006"},"geometry":{"type":"Polygon","coordinates":[[[-84.493553,39.140021],[-84.492995,39.139644],[-84.493084,39.139549],[-84.493636,39.139898],[-84.493553,39.140021]]]}},{"type":"Feature","properties":{"pid":"010500030007"},"geometry":{"type":"Polygon","coordinates":[[[-84.492601,39.13913],[-84.49275,39.13906],[-84.493125,39.139505],[-84.493016,39.139622],[-84.492601,39.13913]]]}},{"type":"Feature","properties":{"pid":"010800070006"},"geometry":{"type":"Polygon","coordinates":[[[-84.483864,39.149387],[-84.483993,39.149273],[-84.484306,39.149479],[-84.484161,39.149601],[-84.483864,39.149387]]]}},{"type":"Feature","properties":{"pid":"010800050021"},"geometry":{"type":"Polygon","coordinates":[[[-84.483158,39.150853],[-84.483646,39.150448],[-84.483916,39.150645],[-84.483429,39.15105],[-84.483158,39.150853]]]}},{"type":"Feature","properties":{"pid":"010800070016"},"geometry":{"type":"Polygon","coordinates":[[[-84.483724,39.149511],[-84.483858,39.149392],[-84.484161,39.149601],[-84.484017,39.149723],[-84.483724,39.149511]]]}},{"type":"Feature","properties":{"pid":"011000010001"},"geometry":{"type":"Polygon","coordinates":[[[-84.48179,39.153911],[-84.481911,39.153802],[-84.482409,39.154152],[-84.482273,39.154265],[-84.48179,39.153911]]]}},{"type":"Feature","properties":{"pid":"011000010002"},"geometry":{"type":"Polygon","coordinates":[[[-84.482027,39.153698],[-84.48205,39.153677],[-84.481905,39.153579],[-84.482093,39.153417],[-84.482738,39.153878],[-84.48253,39.154052],[-84.482027,39.153698]]]}},{"type":"Feature","properties":{"pid":"011000010003"},"geometry":{"type":"Polygon","coordinates":[[[-84.482857,39.15378],[-84.482208,39.15332],[-84.482261,39.153275],[-84.482388,39.153364],[-84.482457,39.153307],[-84.482973,39.153684],[-84.482857,39.15378]]]}},{"type":"Feature","properties":{"pid":"011000010005"},"geometry":{"type":"Polygon","coordinates":[[[-84.480986,39.153329],[-84.480571,39.153066],[-84.4812,39.152522],[-84.481604,39.152806],[-84.480986,39.153329]]]}},{"type":"Feature","properties":{"pid":"011000010016"},"geometry":{"type":"Polygon","coordinates":[[[-84.480729,39.152191],[-84.481206,39.151768],[-84.481471,39.151961],[-84.480986,39.152372],[-84.480729,39.152191]]]}},{"type":"Feature","properties":{"pid":"011000010017"},"geometry":{"type":"Polygon","coordinates":[[[-84.481185,39.152512],[-84.480986,39.152372],[-84.481471,39.151961],[-84.481661,39.152099],[-84.481185,39.152512]]]}},{"type":"Feature","properties":{"pid":"011000010018"},"geometry":{"type":"Polygon","coordinates":[[[-84.481407,39.152668],[-84.481185,39.152512],[-84.481661,39.152099],[-84.481873,39.152253],[-84.481407,39.152668]]]}},{"type":"Feature","properties":{"pid":"011000010019"},"geometry":{"type":"Polygon","coordinates":[[[-84.48173,39.152896],[-84.481407,39.152668],[-84.481873,39.152253],[-84.482198,39.15249],[-84.48173,39.152896]]]}},{"type":"Feature","properties":{"pid":"011000010020"},"geometry":{"type":"Polygon","coordinates":[[[-84.481972,39.153069],[-84.48173,39.152896],[-84.482198,39.15249],[-84.482452,39.152675],[-84.481972,39.153069]]]}},{"type":"Feature","properties":{"pid":"011000010021"},"geometry":{"type":"Polygon","coordinates":[[[-84.481972,39.153069],[-84.482452,39.152675],[-84.482696,39.152852],[-84.482245,39.153263],[-84.481972,39.153069]]]}},{"type":"Feature","properties":{"pid":"011000010022"},"geometry":{"type":"Polygon","coordinates":[[[-84.482261,39.153275],[-84.482696,39.152852],[-84.482861,39.152973],[-84.482388,39.153364],[-84.482261,39.153275]]]}},{"type":"Feature","properties":{"pid":"011000010023"},"geometry":{"type":"Polygon","coordinates":[[[-84.48296,39.153674],[-84.482986,39.153578],[-84.482936,39.15341],[-84.483123,39.153559],[-84.48296,39.153674]]]}},{"type":"Feature","properties":{"pid":"011000010024"},"geometry":{"type":"Polygon","coordinates":[[[-84.483134,39.153407],[-84.483093,39.153269],[-84.483076,39.153128],[-84.483376,39.153344],[-84.483253,39.153442],[-84.483134,39.153407]]]}},{"type":"Feature","properties":{"pid":"011000010030"},"geometry":{"type":"Polygon","coordinates":[[[-84.482659,39.15205],[-84.48298,39.151773],[-84.48307,39.152056],[-84.482876,39.152212],[-84.482659,39.15205]]]}},{"type":"Feature","properties":{"pid":"010800050049"},"geometry":{"type":"Polygon","coordinates":[[[-84.484865,39.152095],[-84.484669,39.152259],[-84.484153,39.151884],[-84.48435,39.15172],[-84.484865,39.152095]]]}},{"type":"Feature","properties":{"pid":"010800060007"},"geometry":{"type":"Polygon","coordinates":[[[-84.480597,39.149208],[-84.480617,39.149013],[-84.48107,39.149341],[-84.480928,39.149462],[-84.480793,39.149366],[-84.480448,39.149655],[-84.480421,39.149636],[-84.480775,39.149335],[-84.480597,39.149208]]]}},{"type":"Feature","properties":{"pid":"010500030009"},"geometry":{"type":"Polygon","coordinates":[[[-84.492228,39.139305],[-84.492497,39.139179],[-84.49294,39.139704],[-84.492995,39.139644],[-84.493028,39.139667],[-84.492746,39.139918],[-84.492228,39.139305]]]}},{"type":"Feature","properties":{"pid":"010500030010"},"geometry":{"type":"Polygon","coordinates":[[[-84.492077,39.139376],[-84.492228,39.139305],[-84.492746,39.139918],[-84.492626,39.140025],[-84.492077,39.139376]]]}},{"type":"Feature","properties":{"pid":"010500030012"},"geometry":{"type":"Polygon","coordinates":[[[-84.49176,39.139521],[-84.492019,39.139403],[-84.492546,39.140097],[-84.49234,39.140282],[-84.49176,39.139521]]]}},{"type":"Feature","properties":{"pid":"010500030013"},"geometry":{"type":"Polygon","coordinates":[[[-84.492247,39.140366],[-84.491643,39.139573],[-84.49176,39.139521],[-84.49234,39.140282],[-84.492247,39.140366]]]}},{"type":"Feature","properties":{"pid":"010500030021"},"geometry":{"type":"Polygon","coordinates":[[[-84.492139,39.14059],[-84.492162,39.140442],[-84.492247,39.140366],[-84.492408,39.14043],[-84.492292,39.140601],[-84.492139,39.14059]]]}},{"type":"Feature","properties":{"pid":"010500030023"},"geometry":{"type":"Polygon","coordinates":[[[-84.490707,39.140961],[-84.490753,39.140671],[-84.490893,39.140677],[-84.490848,39.140967],[-84.490707,39.140961]]]}},{"type":"Feature","properties":{"pid":"010500030024"},"geometry":{"type":"Polygon","coordinates":[[[-84.490497,39.140952],[-84.490542,39.140662],[-84.490612,39.140665],[-84.490567,39.140955],[-84.490497,39.140952]]]}},{"type":"Feature","properties":{"pid":"010500030028"},"geometry":{"type":"Polygon","coordinates":[[[-84.490146,39.140936],[-84.490241,39.140325],[-84.490381,39.140331],[-84.490286,39.140942],[-84.490146,39.140936]]]}},{"type":"Feature","properties":{"pid":"010500030030"},"geometry":{"type":"Polygon","coordinates":[[[-84.490208,39.14054],[-84.48962,39.140514],[-84.489636,39.140406],[-84.490221,39.140455],[-84.490208,39.14054]]]}},{"type":"Feature","properties":{"pid":"010500030032"},"geometry":{"type":"Polygon","coordinates":[[[-84.489872,39.140426],[-84.489636,39.140406],[-84.489651,39.140301],[-84.48989,39.140311],[-84.489872,39.140426]]]}},{"type":"Feature","properties":{"pid":"010500030034"},"geometry":{"type":"Polygon","coordinates":[[[-84.48989,39.140311],[-84.489651,39.140301],[-84.489664,39.140212],[-84.489904,39.140233],[-84.48989,39.140311]]]}},{"type":"Feature","properties":{"pid":"010500030037"},"geometry":{"type":"Polygon","coordinates":[[[-84.490613,39.14034],[-84.490339,39.140329],[-84.490345,39.140113],[-84.490635,39.140131],[-84.490613,39.14034]]]}},{"type":"Feature","properties":{"pid":"010500030038"},"geometry":{"type":"Polygon","coordinates":[[[-84.490142,39.140346],[-84.490169,39.140141],[-84.490345,39.140113],[-84.490339,39.140329],[-84.490142,39.140346]]]}},{"type":"Feature","properties":{"pid":"010500030039"},"geometry":{"type":"Polygon","coordinates":[[[-84.490617,39.14034],[-84.490625,39.140229],[-84.490961,39.140241],[-84.490943,39.140355],[-84.490617,39.14034]]]}},{"type":"Feature","properties":{"pid":"010500030040"},"geometry":{"type":"Polygon","coordinates":[[[-84.490961,39.140241],[-84.490625,39.140229],[-84.490635,39.140131],[-84.490976,39.140144],[-84.490961,39.140241]]]}},{"type":"Feature","properties":{"pid":"010500030041"},"geometry":{"type":"Polygon","coordinates":[[[-84.490638,39.140131],[-84.49071,39.140027],[-84.490991,39.14005],[-84.490976,39.140144],[-84.490638,39.140131]]]}},{"type":"Feature","properties":{"pid":"010500030042"},"geometry":{"type":"Polygon","coordinates":[[[-84.490991,39.14005],[-84.490745,39.140046],[-84.490785,39.139741],[-84.491037,39.139748],[-84.490991,39.14005]]]}},{"type":"Feature","properties":{"pid":"010500030064"},"geometry":{"type":"Polygon","coordinates":[[[-84.490635,39.140131],[-84.490432,39.140123],[-84.490447,39.140023],[-84.49071,39.140027],[-84.490635,39.140131]]]}},{"type":"Feature","properties":{"pid":"010500030065"},"geometry":{"type":"Polygon","coordinates":[[[-84.490747,39.140027],[-84.490447,39.140023],[-84.490462,39.139925],[-84.490759,39.139934],[-84.490747,39.140027]]]}},{"type":"Feature","properties":{"pid":"010500030066"},"geometry":{"type":"Polygon","coordinates":[[[-84.490462,39.139925],[-84.490476,39.139834],[-84.490772,39.13984],[-84.490759,39.139934],[-84.490462,39.139925]]]}},{"type":"Feature","properties":{"pid":"010500030067"},"geometry":{"type":"Polygon","coordinates":[[[-84.490476,39.139834],[-84.490492,39.139732],[-84.490785,39.139741],[-84.490772,39.13984],[-84.490476,39.139834]]]}},{"type":"Feature","properties":{"pid":"010500030068"},"geometry":{"type":"Polygon","coordinates":[[[-84.489865,39.140924],[-84.489724,39.140917],[-84.489761,39.14068],[-84.489806,39.140619],[-84.489912,39.140623],[-84.489865,39.140924]]]}},{"type":"Feature","properties":{"pid":"010500030069"},"geometry":{"type":"Polygon","coordinates":[[[-84.490012,39.14093],[-84.489865,39.140924],[-84.489912,39.140623],[-84.490059,39.14063],[-84.490012,39.14093]]]}},{"type":"Feature","properties":{"pid":"010500030071"},"geometry":{"type":"Polygon","coordinates":[[[-84.490155,39.140255],[-84.489664,39.140212],[-84.489681,39.140098],[-84.490169,39.140141],[-84.490155,39.140255]]]}},{"type":"Feature","properties":{"pid":"010500030072"},"geometry":{"type":"Polygon","coordinates":[[[-84.490193,39.140636],[-84.489606,39.14061],[-84.48962,39.140514],[-84.490208,39.14054],[-84.490193,39.140636]]]}},{"type":"Feature","properties":{"pid":"010500030073"},"geometry":{"type":"Polygon","coordinates":[[[-84.490924,39.140479],[-84.490502,39.140462],[-84.490522,39.140336],[-84.490943,39.140355],[-84.490924,39.140479]]]}},{"type":"Feature","properties":{"pid":"010500030074"},"geometry":{"type":"Polygon","coordinates":[[[-84.490893,39.140677],[-84.490472,39.140659],[-84.490488,39.140555],[-84.490909,39.140573],[-84.490893,39.140677]]]}},{"type":"Feature","properties":{"pid":"010500030076"},"geometry":{"type":"Polygon","coordinates":[[[-84.490909,39.140573],[-84.490488,39.140555],[-84.490502,39.140462],[-84.490924,39.140479],[-84.490909,39.140573]]]}},{"type":"Feature","properties":{"pid":"010500030077"},"geometry":{"type":"Polygon","coordinates":[[[-84.491673,39.140996],[-84.491721,39.140722],[-84.491857,39.140718],[-84.491805,39.141001],[-84.491673,39.140996]]]}},{"type":"Feature","properties":{"pid":"010500030079"},"geometry":{"type":"Polygon","coordinates":[[[-84.490707,39.140961],[-84.490567,39.140955],[-84.490612,39.140665],[-84.490753,39.140671],[-84.490707,39.140961]]]}},{"type":"Feature","properties":{"pid":"010500030080"},"geometry":{"type":"Polygon","coordinates":[[[-84.490426,39.140948],[-84.490286,39.140942],[-84.490381,39.140331],[-84.490522,39.140336],[-84.490426,39.140948]]]}},{"type":"Feature","properties":{"pid":"010500030081"},"geometry":{"type":"Polygon","coordinates":[[[-84.489709,39.139904],[-84.48972,39.13983],[-84.490058,39.139766],[-84.490019,39.139936],[-84.489709,39.139904]]]}},{"type":"Feature","properties":{"pid":"010500030083"},"geometry":{"type":"Polygon","coordinates":[[[-84.490287,39.140105],[-84.489994,39.140125],[-84.490009,39.140013],[-84.490302,39.140024],[-84.490287,39.140105]]]}},{"type":"Feature","properties":{"pid":"010500030084"},"geometry":{"type":"Polygon","coordinates":[[[-84.490009,39.140013],[-84.490022,39.139918],[-84.490318,39.139933],[-84.490302,39.140024],[-84.490009,39.140013]]]}},{"type":"Feature","properties":{"pid":"010500030085"},"geometry":{"type":"Polygon","coordinates":[[[-84.490038,39.139919],[-84.490051,39.139824],[-84.490336,39.139833],[-84.490318,39.139933],[-84.490038,39.139919]]]}},{"type":"Feature","properties":{"pid":"010500030086"},"geometry":{"type":"Polygon","coordinates":[[[-84.490051,39.139824],[-84.490058,39.139766],[-84.490357,39.13971],[-84.490336,39.139833],[-84.490051,39.139824]]]}},{"type":"Feature","properties":{"pid":"010500030087"},"geometry":{"type":"Polygon","coordinates":[[[-84.489989,39.140125],[-84.489681,39.140098],[-84.489694,39.140004],[-84.490007,39.140029],[-84.489989,39.140125]]]}},{"type":"Feature","properties":{"pid":"010500030088"},"geometry":{"type":"Polygon","coordinates":[[[-84.489694,39.140004],[-84.489709,39.139904],[-84.490019,39.139936],[-84.490007,39.140029],[-84.489694,39.140004]]]}},{"type":"Feature","properties":{"pid":"010500030097"},"geometry":{"type":"Polygon","coordinates":[[[-84.490023,39.140931],[-84.49007,39.14063],[-84.490193,39.140636],[-84.490146,39.140936],[-84.490023,39.140931]]]}},{"type":"Feature","properties":{"pid":"010500030098"},"geometry":{"type":"Polygon","coordinates":[[[-84.492073,39.14101],[-84.492139,39.14059],[-84.492292,39.140601],[-84.492209,39.140723],[-84.492189,39.141013],[-84.492073,39.14101]]]}},{"type":"Feature","properties":{"pid":"010500030099"},"geometry":{"type":"Polygon","coordinates":[[[-84.49275,39.13906],[-84.492875,39.139002],[-84.493211,39.139441],[-84.493125,39.139505],[-84.49275,39.13906]]]}},{"type":"Feature","properties":{"pid":"011000010061"},"geometry":{"type":"Polygon","coordinates":[[[-84.481647,39.153806],[-84.481905,39.153579],[-84.482038,39.153669],[-84.48179,39.153911],[-84.481647,39.153806]]]}},{"type":"Feature","properties":{"pid":"011000010062"},"geometry":{"type":"Polygon","coordinates":[[[-84.481525,39.153493],[-84.481643,39.153392],[-84.481905,39.153579],[-84.481788,39.153682],[-84.481525,39.153493]]]}},{"type":"Feature","properties":{"pid":"011000010064"},"geometry":{"type":"Polygon","coordinates":[[[-84.481911,39.153802],[-84.482027,39.153698],[-84.48253,39.154052],[-84.482409,39.154152],[-84.481911,39.153802]]]}},{"type":"Feature","properties":{"pid":"011000010065"},"geometry":{"type":"Polygon","coordinates":[[[-84.481383,39.153616],[-84.481525,39.153493],[-84.481788,39.153682],[-84.481647,39.153806],[-84.481383,39.153616]]]}},{"type":"Feature","properties":{"pid":"011000010067"},"geometry":{"type":"Polygon","coordinates":[[[-84.481643,39.153392],[-84.481759,39.153292],[-84.482021,39.153479],[-84.481905,39.153579],[-84.481643,39.153392]]]}},{"type":"Feature","properties":{"pid":"011000010068"},"geometry":{"type":"Polygon","coordinates":[[[-84.481249,39.153109],[-84.481368,39.153009],[-84.48163,39.153196],[-84.481511,39.153297],[-84.481249,39.153109]]]}},{"type":"Feature","properties":{"pid":"011000010069"},"geometry":{"type":"Polygon","coordinates":[[[-84.481368,39.153009],[-84.481485,39.152907],[-84.481748,39.153095],[-84.48163,39.153196],[-84.481368,39.153009]]]}},{"type":"Feature","properties":{"pid":"011000010070"},"geometry":{"type":"Polygon","coordinates":[[[-84.481759,39.153292],[-84.481878,39.153191],[-84.482141,39.153378],[-84.482021,39.153479],[-84.481759,39.153292]]]}},{"type":"Feature","properties":{"pid":"011000010071"},"geometry":{"type":"Polygon","coordinates":[[[-84.481878,39.153191],[-84.481849,39.153111],[-84.481932,39.15304],[-84.482261,39.153275],[-84.482141,39.153378],[-84.481878,39.153191]]]}},{"type":"Feature","properties":{"pid":"011000010072"},"geometry":{"type":"Polygon","coordinates":[[[-84.481748,39.153095],[-84.481485,39.152907],[-84.481604,39.152806],[-84.481932,39.15304],[-84.481849,39.153111],[-84.481748,39.153095]]]}},{"type":"Feature","properties":{"pid":"011000010073"},"geometry":{"type":"Polygon","coordinates":[[[-84.482738,39.153878],[-84.482093,39.153417],[-84.482208,39.15332],[-84.482857,39.15378],[-84.482738,39.153878]]]}},{"type":"Feature","properties":{"pid":"011000010083"},"geometry":{"type":"Polygon","coordinates":[[[-84.482457,39.153307],[-84.482873,39.152981],[-84.482889,39.153241],[-84.482982,39.153545],[-84.48296,39.153674],[-84.482457,39.153307]]]}},{"type":"Feature","properties":{"pid":"011000010087"},"geometry":{"type":"Polygon","coordinates":[[[-84.483033,39.152329],[-84.482876,39.152212],[-84.483062,39.152063],[-84.483033,39.152329]]]}},{"type":"Feature","properties":{"pid":"011000010088"},"geometry":{"type":"Polygon","coordinates":[[[-84.48203,39.15369],[-84.482038,39.153669],[-84.48205,39.153677],[-84.48203,39.15369]]]}},{"type":"Feature","properties":{"pid":"011000030013"},"geometry":{"type":"Polygon","coordinates":[[[-84.481486,39.154234],[-84.481742,39.154036],[-84.482171,39.154349],[-84.481932,39.154551],[-84.481486,39.154234]]]}},{"type":"Feature","properties":{"pid":"011000030014"},"geometry":{"type":"Polygon","coordinates":[[[-84.481368,39.154151],[-84.481614,39.153942],[-84.481742,39.154036],[-84.481486,39.154234],[-84.481368,39.154151]]]}},{"type":"Feature","properties":{"pid":"011000030015"},"geometry":{"type":"Polygon","coordinates":[[[-84.481131,39.154352],[-84.481368,39.154151],[-84.481932,39.154551],[-84.481697,39.15475],[-84.481131,39.154352]]]}},{"type":"Feature","properties":{"pid":"011000030016"},"geometry":{"type":"Polygon","coordinates":[[[-84.48145,39.15496],[-84.480881,39.154563],[-84.481131,39.154352],[-84.481697,39.15475],[-84.48145,39.15496]]]}},{"type":"Feature","properties":{"pid":"011100030010"},"geometry":{"type":"Polygon","coordinates":[[[-84.48284,39.154954],[-84.482265,39.154546],[-84.482616,39.154257],[-84.483136,39.154628],[-84.482847,39.154873],[-84.482894,39.154908],[-84.48284,39.154954]]]}},{"type":"Feature","properties":{"pid":"011100030011"},"geometry":{"type":"Polygon","coordinates":[[[-84.481948,39.154817],[-84.482265,39.154546],[-84.48284,39.154954],[-84.482538,39.155208],[-84.481948,39.154817]]]}},{"type":"Feature","properties":{"pid":"011100030012"},"geometry":{"type":"Polygon","coordinates":[[[-84.481728,39.155005],[-84.481948,39.154817],[-84.482538,39.155208],[-84.482323,39.155408],[-84.481728,39.155005]]]}},{"type":"Feature","properties":{"pid":"011100030013"},"geometry":{"type":"Polygon","coordinates":[[[-84.482072,39.155618],[-84.481501,39.155199],[-84.481728,39.155005],[-84.482323,39.155408],[-84.482072,39.155618]]]}},{"type":"Feature","properties":{"pid":"011100030014"},"geometry":{"type":"Polygon","coordinates":[[[-84.481955,39.155714],[-84.481361,39.155318],[-84.481501,39.155199],[-84.482072,39.155618],[-84.481955,39.155714]]]}},{"type":"Feature","properties":{"pid":"011100030022"},"geometry":{"type":"Polygon","coordinates":[[[-84.482847,39.154873],[-84.483136,39.154628],[-84.483354,39.154443],[-84.483518,39.154873],[-84.482847,39.154873]]]}},{"type":"Feature","properties":{"pid":"011100050001"},"geometry":{"type":"Polygon","coordinates":[[[-84.483681,39.153765],[-84.483516,39.153663],[-84.483472,39.15356],[-84.483761,39.15329],[-84.483997,39.153426],[-84.483681,39.153765]]]}},{"type":"Feature","properties":{"pid":"010500030105"},"geometry":{"type":"Polygon","coordinates":[[[-84.489724,39.140917],[-84.489563,39.140908],[-84.489606,39.14061],[-84.489771,39.140617],[-84.489724,39.140917]]]}},{"type":"Feature","properties":{"pid":"011100050082"},"geometry":{"type":"Polygon","coordinates":[[[-84.486805,39.153817],[-84.487092,39.153502],[-84.487227,39.153571],[-84.486947,39.153894],[-84.486805,39.153817]]]}},{"type":"Feature","properties":{"pid":"011100050003"},"geometry":{"type":"Polygon","coordinates":[[[-84.483929,39.153937],[-84.48425,39.153572],[-84.484592,39.153767],[-84.484261,39.154138],[-84.483929,39.153937]]]}},{"type":"Feature","properties":{"pid":"010600030095"},"geometry":{"type":"Polygon","coordinates":[[[-84.496144,39.139241],[-84.49596,39.139217],[-84.495983,39.138955],[-84.49619,39.138968],[-84.496144,39.139241]]]}},{"type":"Feature","properties":{"pid":"010600030096"},"geometry":{"type":"Polygon","coordinates":[[[-84.495876,39.139206],[-84.495902,39.13895],[-84.495983,39.138955],[-84.49596,39.139217],[-84.495876,39.139206]]]}},{"type":"Feature","properties":{"pid":"010600030097"},"geometry":{"type":"Polygon","coordinates":[[[-84.495495,39.139157],[-84.495596,39.138932],[-84.495902,39.13895],[-84.495876,39.139206],[-84.495495,39.139157]]]}},{"type":"Feature","properties":{"pid":"006000030036"},"geometry":{"type":"Polygon","coordinates":[[[-84.486505,39.140536],[-84.486222,39.140526],[-84.486206,39.140428],[-84.486519,39.140287],[-84.486505,39.140536]]]}},{"type":"Feature","properties":{"pid":"006000030037"},"geometry":{"type":"Polygon","coordinates":[[[-84.486487,39.140825],[-84.486204,39.140814],[-84.48621,39.140718],[-84.486493,39.140728],[-84.486487,39.140825]]]}},{"type":"Feature","properties":{"pid":"006000030038"},"geometry":{"type":"Polygon","coordinates":[[[-84.486493,39.140728],[-84.48621,39.140718],[-84.486216,39.140621],[-84.486499,39.140632],[-84.486493,39.140728]]]}},{"type":"Feature","properties":{"pid":"006000030039"},"geometry":{"type":"Polygon","coordinates":[[[-84.486063,39.140809],[-84.486083,39.140488],[-84.486228,39.140429],[-84.486204,39.140814],[-84.486063,39.140809]]]}},{"type":"Feature","properties":{"pid":"006000030041"},"geometry":{"type":"Polygon","coordinates":[[[-84.485781,39.140799],[-84.485791,39.140631],[-84.485937,39.140558],[-84.485922,39.140804],[-84.485781,39.140799]]]}},{"type":"Feature","properties":{"pid":"006000030049"},"geometry":{"type":"Polygon","coordinates":[[[-84.488622,39.139489],[-84.488768,39.139434],[-84.488738,39.139913],[-84.488595,39.139946],[-84.488622,39.139489]]]}},{"type":"Feature","properties":{"pid":"006000030050"},"geometry":{"type":"Polygon","coordinates":[[[-84.488442,39.139556],[-84.488622,39.139489],[-84.488595,39.139946],[-84.488415,39.139987],[-84.488442,39.139556]]]}},{"type":"Feature","properties":{"pid":"006000030051"},"geometry":{"type":"Polygon","coordinates":[[[-84.488309,39.139983],[-84.488333,39.139597],[-84.488442,39.139556],[-84.488415,39.139987],[-84.488309,39.139983]]]}},{"type":"Feature","properties":{"pid":"006000030052"},"geometry":{"type":"Polygon","coordinates":[[[-84.488168,39.139978],[-84.488188,39.139651],[-84.488333,39.139597],[-84.488309,39.139983],[-84.488168,39.139978]]]}},{"type":"Feature","properties":{"pid":"006000030053"},"geometry":{"type":"Polygon","coordinates":[[[-84.488027,39.139973],[-84.488043,39.139706],[-84.488188,39.139651],[-84.488168,39.139978],[-84.488027,39.139973]]]}},{"type":"Feature","properties":{"pid":"006000030055"},"geometry":{"type":"Polygon","coordinates":[[[-84.487394,39.139949],[-84.487898,39.13976],[-84.487885,39.139967],[-84.487394,39.139949]]]}},{"type":"Feature","properties":{"pid":"010600030129"},"geometry":{"type":"Polygon","coordinates":[[[-84.495286,39.139129],[-84.495094,39.139103],[-84.495307,39.138878],[-84.495473,39.13891],[-84.495286,39.139129]]]}},{"type":"Feature","properties":{"pid":"010600030130"},"geometry":{"type":"Polygon","coordinates":[[[-84.495494,39.139157],[-84.495354,39.139139],[-84.495507,39.138916],[-84.495596,39.138932],[-84.495494,39.139157]]]}},{"type":"Feature","properties":{"pid":"010600030135"},"geometry":{"type":"Polygon","coordinates":[[[-84.497618,39.139657],[-84.497626,39.139551],[-84.497694,39.139555],[-84.497687,39.139661],[-84.497618,39.139657]]]}},{"type":"Feature","properties":{"pid":"010700070003"},"geometry":{"type":"Polygon","coordinates":[[[-84.497096,39.143857],[-84.497113,39.143577],[-84.497229,39.14359],[-84.497192,39.143865],[-84.497096,39.143857]]]}},{"type":"Feature","properties":{"pid":"010700070004"},"geometry":{"type":"Polygon","coordinates":[[[-84.497342,39.143603],[-84.497151,39.143582],[-84.497192,39.143284],[-84.497382,39.143297],[-84.497342,39.143603]]]}},{"type":"Feature","properties":{"pid":"010700070005"},"geometry":{"type":"Polygon","coordinates":[[[-84.497341,39.143608],[-84.497382,39.143297],[-84.497594,39.14331],[-84.497555,39.143623],[-84.497341,39.143608]]]}},{"type":"Feature","properties":{"pid":"010700070006"},"geometry":{"type":"Polygon","coordinates":[[[-84.497826,39.143325],[-84.497858,39.143327],[-84.497855,39.14335],[-84.497826,39.143325]]]}},{"type":"Feature","properties":{"pid":"010700070013"},"geometry":{"type":"Polygon","coordinates":[[[-84.496766,39.142487],[-84.496809,39.142212],[-84.497002,39.142229],[-84.496963,39.142494],[-84.496766,39.142487]]]}},{"type":"Feature","properties":{"pid":"006000030109"},"geometry":{"type":"Polygon","coordinates":[[[-84.486357,39.140627],[-84.486363,39.140531],[-84.486505,39.140536],[-84.486499,39.140632],[-84.486357,39.140627]]]}},{"type":"Feature","properties":{"pid":"010700070108"},"geometry":{"type":"Polygon","coordinates":[[[-84.497533,39.14379],[-84.497547,39.143679],[-84.497818,39.143699],[-84.497806,39.143808],[-84.497533,39.14379]]]}},{"type":"Feature","properties":{"pid":"010700070124"},"geometry":{"type":"Polygon","coordinates":[[[-84.497192,39.143865],[-84.497229,39.14359],[-84.497342,39.143603],[-84.497307,39.143875],[-84.497192,39.143865]]]}},{"type":"Feature","properties":{"pid":"010700070132"},"geometry":{"type":"Polygon","coordinates":[[[-84.497519,39.143894],[-84.497533,39.14379],[-84.497806,39.143808],[-84.497766,39.143915],[-84.497519,39.143894]]]}},{"type":"Feature","properties":{"pid":"010700070153"},"geometry":{"type":"Polygon","coordinates":[[[-84.500017,39.140814],[-84.49987,39.140806],[-84.499888,39.140646],[-84.500033,39.140655],[-84.500017,39.140814]]]}},{"type":"Feature","properties":{"pid":"010700070176"},"geometry":{"type":"Polygon","coordinates":[[[-84.497307,39.143875],[-84.497337,39.14364],[-84.49755,39.143659],[-84.497519,39.143894],[-84.497307,39.143875]]]}},{"type":"Feature","properties":{"pid":"011200010008"},"geometry":{"type":"Polygon","coordinates":[[[-84.489884,39.153803],[-84.489952,39.153807],[-84.489908,39.154291],[-84.489857,39.154294],[-84.489884,39.153803]]]}},{"type":"Feature","properties":{"pid":"010700070198"},"geometry":{"type":"Polygon","coordinates":[[[-84.497547,39.143679],[-84.497594,39.14331],[-84.497826,39.143325],[-84.497818,39.143699],[-84.497547,39.143679]]]}},{"type":"Feature","properties":{"pid":"010700080008"},"geometry":{"type":"Polygon","coordinates":[[[-84.494328,39.143867],[-84.493836,39.143782],[-84.493848,39.143678],[-84.49434,39.143764],[-84.494328,39.143867]]]}},{"type":"Feature","properties":{"pid":"010700080020"},"geometry":{"type":"Polygon","coordinates":[[[-84.491702,39.143366],[-84.491741,39.143302],[-84.492112,39.143345],[-84.492103,39.143411],[-84.491702,39.143366]]]}},{"type":"Feature","properties":{"pid":"010700080021"},"geometry":{"type":"Polygon","coordinates":[[[-84.491741,39.143302],[-84.491794,39.143214],[-84.492125,39.143246],[-84.492112,39.143345],[-84.491741,39.143302]]]}},{"type":"Feature","properties":{"pid":"010700080022"},"geometry":{"type":"Polygon","coordinates":[[[-84.492628,39.14347],[-84.492692,39.142955],[-84.492878,39.142974],[-84.492815,39.143491],[-84.492628,39.14347]]]}},{"type":"Feature","properties":{"pid":"010700080023"},"geometry":{"type":"Polygon","coordinates":[[[-84.492378,39.143258],[-84.492413,39.142927],[-84.49252,39.142938],[-84.492482,39.143268],[-84.492378,39.143258]]]}},{"type":"Feature","properties":{"pid":"010700080024"},"geometry":{"type":"Polygon","coordinates":[[[-84.492281,39.143248],[-84.492322,39.142918],[-84.492413,39.142927],[-84.492378,39.143258],[-84.492281,39.143248]]]}},{"type":"Feature","properties":{"pid":"010700080026"},"geometry":{"type":"Polygon","coordinates":[[[-84.49216,39.143249],[-84.491794,39.143214],[-84.491903,39.143034],[-84.492182,39.143061],[-84.49216,39.143249]]]}},{"type":"Feature","properties":{"pid":"010700080027"},"geometry":{"type":"Polygon","coordinates":[[[-84.491903,39.143034],[-84.491993,39.142885],[-84.4922,39.142906],[-84.492182,39.143061],[-84.491903,39.143034]]]}},{"type":"Feature","properties":{"pid":"010700080032"},"geometry":{"type":"Polygon","coordinates":[[[-84.492597,39.142774],[-84.49262,39.142563],[-84.492901,39.142591],[-84.492867,39.142802],[-84.492597,39.142774]]]}},{"type":"Feature","properties":{"pid":"010700080036"},"geometry":{"type":"Polygon","coordinates":[[[-84.493392,39.142856],[-84.493437,39.142445],[-84.493605,39.142468],[-84.493562,39.142873],[-84.493392,39.142856]]]}},{"type":"Feature","properties":{"pid":"010700080037"},"geometry":{"type":"Polygon","coordinates":[[[-84.493562,39.142873],[-84.493605,39.142468],[-84.493785,39.142485],[-84.493737,39.142891],[-84.493562,39.142873]]]}},{"type":"Feature","properties":{"pid":"010700080038"},"geometry":{"type":"Polygon","coordinates":[[[-84.493737,39.142891],[-84.493767,39.142637],[-84.493889,39.142651],[-84.493864,39.142904],[-84.493737,39.142891]]]}},{"type":"Feature","properties":{"pid":"010700080039"},"geometry":{"type":"Polygon","coordinates":[[[-84.494088,39.142927],[-84.493972,39.142915],[-84.493995,39.142659],[-84.49412,39.142668],[-84.494088,39.142927]]]}},{"type":"Feature","properties":{"pid":"010700080040"},"geometry":{"type":"Polygon","coordinates":[[[-84.494477,39.142639],[-84.494127,39.142612],[-84.494138,39.142519],[-84.494487,39.142552],[-84.494477,39.142639]]]}},{"type":"Feature","properties":{"pid":"010700080041"},"geometry":{"type":"Polygon","coordinates":[[[-84.494328,39.142952],[-84.494354,39.142722],[-84.494466,39.142733],[-84.494439,39.142963],[-84.494328,39.142952]]]}},{"type":"Feature","properties":{"pid":"010700080042"},"geometry":{"type":"Polygon","coordinates":[[[-84.494315,39.142536],[-84.494362,39.142125],[-84.494534,39.142142],[-84.494487,39.142552],[-84.494315,39.142536]]]}},{"type":"Feature","properties":{"pid":"010700080043"},"geometry":{"type":"Polygon","coordinates":[[[-84.494138,39.142519],[-84.494189,39.142109],[-84.494362,39.142125],[-84.494315,39.142536],[-84.494138,39.142519]]]}},{"type":"Feature","properties":{"pid":"010700080044"},"geometry":{"type":"Polygon","coordinates":[[[-84.494138,39.142519],[-84.49396,39.142502],[-84.494003,39.142091],[-84.494189,39.142109],[-84.494138,39.142519]]]}},{"type":"Feature","properties":{"pid":"010700080046"},"geometry":{"type":"Polygon","coordinates":[[[-84.493643,39.142471],[-84.49368,39.14206],[-84.493832,39.142075],[-84.493785,39.142485],[-84.493643,39.142471]]]}},{"type":"Feature","properties":{"pid":"010700080047"},"geometry":{"type":"Polygon","coordinates":[[[-84.493643,39.142471],[-84.493523,39.14246],[-84.493564,39.142049],[-84.49368,39.14206],[-84.493643,39.142471]]]}},{"type":"Feature","properties":{"pid":"010700080081"},"geometry":{"type":"Polygon","coordinates":[[[-84.493032,39.143523],[-84.492815,39.143491],[-84.492878,39.142974],[-84.4931,39.142996],[-84.493032,39.143523]]]}},{"type":"Feature","properties":{"pid":"011500050114"},"geometry":{"type":"Polygon","coordinates":[[[-84.486533,39.158859],[-84.486279,39.158668],[-84.486679,39.158459],[-84.486837,39.158554],[-84.486533,39.158859]]]}},{"type":"Feature","properties":{"pid":"011500050149"},"geometry":{"type":"Polygon","coordinates":[[[-84.486622,39.159026],[-84.486462,39.15893],[-84.486837,39.158554],[-84.487015,39.15866],[-84.486622,39.159026]]]}},{"type":"Feature","properties":{"pid":"011500050002"},"geometry":{"type":"Polygon","coordinates":[[[-84.486859,39.159167],[-84.486622,39.159026],[-84.487015,39.15866],[-84.487232,39.15879],[-84.486859,39.159167]]]}},{"type":"Feature","properties":{"pid":"011500050011"},"geometry":{"type":"Polygon","coordinates":[[[-84.487137,39.159941],[-84.486589,39.159637],[-84.487069,39.159293],[-84.487516,39.159561],[-84.487137,39.159941]]]}},{"type":"Feature","properties":{"pid":"011500050012"},"geometry":{"type":"Polygon","coordinates":[[[-84.487027,39.159268],[-84.487069,39.159293],[-84.486589,39.159637],[-84.486552,39.159624],[-84.487027,39.159268]]]}},{"type":"Feature","properties":{"pid":"011500050013"},"geometry":{"type":"Polygon","coordinates":[[[-84.486387,39.159586],[-84.486107,39.159571],[-84.486048,39.159193],[-84.485924,39.158853],[-84.486143,39.158739],[-84.48682,39.159144],[-84.486387,39.159586]]]}},{"type":"Feature","properties":{"pid":"011500050094"},"geometry":{"type":"Polygon","coordinates":[[[-84.487027,39.159268],[-84.486859,39.159167],[-84.487232,39.15879],[-84.487428,39.158907],[-84.487027,39.159268]]]}},{"type":"Feature","properties":{"pid":"011500050152"},"geometry":{"type":"Polygon","coordinates":[[[-84.487204,39.159202],[-84.487471,39.158933],[-84.487674,39.159054],[-84.487409,39.159326],[-84.487204,39.159202]]]}},{"type":"Feature","properties":{"pid":"011500050153"},"geometry":{"type":"Polygon","coordinates":[[[-84.487623,39.159453],[-84.487409,39.159326],[-84.487674,39.159054],[-84.487891,39.159184],[-84.487623,39.159453]]]}},{"type":"Feature","properties":{"pid":"010700080108"},"geometry":{"type":"Polygon","coordinates":[[[-84.494088,39.142927],[-84.494116,39.1427],[-84.494241,39.142712],[-84.494214,39.14294],[-84.494088,39.142927]]]}},{"type":"Feature","properties":{"pid":"010700080109"},"geometry":{"type":"Polygon","coordinates":[[[-84.494328,39.142952],[-84.494214,39.14294],[-84.494241,39.142712],[-84.494354,39.142722],[-84.494328,39.142952]]]}},{"type":"Feature","properties":{"pid":"010700080124"},"geometry":{"type":"Polygon","coordinates":[[[-84.494466,39.142733],[-84.494116,39.1427],[-84.494127,39.142612],[-84.494477,39.142639],[-84.494466,39.142733]]]}},{"type":"Feature","properties":{"pid":"010700080148"},"geometry":{"type":"Polygon","coordinates":[[[-84.492103,39.143411],[-84.492125,39.143246],[-84.492482,39.143268],[-84.492461,39.143451],[-84.492103,39.143411]]]}},{"type":"Feature","properties":{"pid":"010700080153"},"geometry":{"type":"Polygon","coordinates":[[[-84.49338,39.142855],[-84.492902,39.142806],[-84.493032,39.141998],[-84.493564,39.142049],[-84.493523,39.14246],[-84.493437,39.142445],[-84.49338,39.142855]]]}},{"type":"Feature","properties":{"pid":"010700080162"},"geometry":{"type":"Polygon","coordinates":[[[-84.49338,39.142855],[-84.492902,39.142806],[-84.493032,39.141998],[-84.493564,39.142049],[-84.493523,39.14246],[-84.493437,39.142445],[-84.49338,39.142855]]]}},{"type":"Feature","properties":{"pid":"010700080165"},"geometry":{"type":"Polygon","coordinates":[[[-84.49338,39.142855],[-84.492902,39.142806],[-84.493032,39.141998],[-84.493564,39.142049],[-84.493523,39.14246],[-84.493437,39.142445],[-84.49338,39.142855]]]}},{"type":"Feature","properties":{"pid":"010700080159"},"geometry":{"type":"Polygon","coordinates":[[[-84.49338,39.142855],[-84.492902,39.142806],[-84.493032,39.141998],[-84.493564,39.142049],[-84.493523,39.14246],[-84.493437,39.142445],[-84.49338,39.142855]]]}},{"type":"Feature","properties":{"pid":"010700080157"},"geometry":{"type":"Polygon","coordinates":[[[-84.49338,39.142855],[-84.492902,39.142806],[-84.493032,39.141998],[-84.493564,39.142049],[-84.493523,39.14246],[-84.493437,39.142445],[-84.49338,39.142855]]]}},{"type":"Feature","properties":{"pid":"010700080158"},"geometry":{"type":"Polygon","coordinates":[[[-84.49338,39.142855],[-84.492902,39.142806],[-84.493032,39.141998],[-84.493564,39.142049],[-84.493523,39.14246],[-84.493437,39.142445],[-84.49338,39.142855]]]}},{"type":"Feature","properties":{"pid":"010700080155"},"geometry":{"type":"Polygon","coordinates":[[[-84.49338,39.142855],[-84.492902,39.142806],[-84.493032,39.141998],[-84.493564,39.142049],[-84.493523,39.14246],[-84.493437,39.142445],[-84.49338,39.142855]]]}},{"type":"Feature","properties":{"pid":"010700080156"},"geometry":{"type":"Polygon","coordinates":[[[-84.49338,39.142855],[-84.492902,39.142806],[-84.493032,39.141998],[-84.493564,39.142049],[-84.493523,39.14246],[-84.493437,39.142445],[-84.49338,39.142855]]]}},{"type":"Feature","properties":{"pid":"010700080154"},"geometry":{"type":"Polygon","coordinates":[[[-84.49338,39.142855],[-84.492902,39.142806],[-84.493032,39.141998],[-84.493564,39.142049],[-84.493523,39.14246],[-84.493437,39.142445],[-84.49338,39.142855]]]}},{"type":"Feature","properties":{"pid":"010700080152"},"geometry":{"type":"Polygon","coordinates":[[[-84.49338,39.142855],[-84.492902,39.142806],[-84.493032,39.141998],[-84.493564,39.142049],[-84.493523,39.14246],[-84.493437,39.142445],[-84.49338,39.142855]]]}},{"type":"Feature","properties":{"pid":"010700080161"},"geometry":{"type":"Polygon","coordinates":[[[-84.49338,39.142855],[-84.492902,39.142806],[-84.493032,39.141998],[-84.493564,39.142049],[-84.493523,39.14246],[-84.493437,39.142445],[-84.49338,39.142855]]]}},{"type":"Feature","properties":{"pid":"010700080160"},"geometry":{"type":"Polygon","coordinates":[[[-84.49338,39.142855],[-84.492902,39.142806],[-84.493032,39.141998],[-84.493564,39.142049],[-84.493523,39.14246],[-84.493437,39.142445],[-84.49338,39.142855]]]}},{"type":"Feature","properties":{"pid":"010700080163"},"geometry":{"type":"Polygon","coordinates":[[[-84.49338,39.142855],[-84.492902,39.142806],[-84.493032,39.141998],[-84.493564,39.142049],[-84.493523,39.14246],[-84.493437,39.142445],[-84.49338,39.142855]]]}},{"type":"Feature","properties":{"pid":"010700080164"},"geometry":{"type":"Polygon","coordinates":[[[-84.49338,39.142855],[-84.492902,39.142806],[-84.493032,39.141998],[-84.493564,39.142049],[-84.493523,39.14246],[-84.493437,39.142445],[-84.49338,39.142855]]]}},{"type":"Feature","properties":{"pid":"010700080151"},"geometry":{"type":"Polygon","coordinates":[[[-84.49338,39.142855],[-84.492902,39.142806],[-84.493032,39.141998],[-84.493564,39.142049],[-84.493523,39.14246],[-84.493437,39.142445],[-84.49338,39.142855]]]}},{"type":"Feature","properties":{"pid":"010700090044"},"geometry":{"type":"Polygon","coordinates":[[[-84.494575,39.144594],[-84.494612,39.144305],[-84.494789,39.14432],[-84.494755,39.144609],[-84.494575,39.144594]]]}},{"type":"Feature","properties":{"pid":"010700090046"},"geometry":{"type":"Polygon","coordinates":[[[-84.494284,39.144227],[-84.49379,39.144178],[-84.493801,39.144085],[-84.494295,39.144141],[-84.494284,39.144227]]]}},{"type":"Feature","properties":{"pid":"010700090067"},"geometry":{"type":"Polygon","coordinates":[[[-84.494397,39.144579],[-84.494426,39.144289],[-84.494612,39.144305],[-84.494575,39.144594],[-84.494397,39.144579]]]}},{"type":"Feature","properties":{"pid":"010700100002"},"geometry":{"type":"Polygon","coordinates":[[[-84.489816,39.145036],[-84.489836,39.144659],[-84.489924,39.144654],[-84.489909,39.14504],[-84.489816,39.145036]]]}},{"type":"Feature","properties":{"pid":"010700100005"},"geometry":{"type":"Polygon","coordinates":[[[-84.489264,39.145015],[-84.489275,39.144625],[-84.489486,39.144635],[-84.489467,39.145023],[-84.489264,39.145015]]]}},{"type":"Feature","properties":{"pid":"010700100006"},"geometry":{"type":"Polygon","coordinates":[[[-84.489102,39.145009],[-84.489108,39.144618],[-84.489275,39.144625],[-84.489264,39.145015],[-84.489102,39.145009]]]}},{"type":"Feature","properties":{"pid":"010700100008"},"geometry":{"type":"Polygon","coordinates":[[[-84.488789,39.144996],[-84.488783,39.144603],[-84.488919,39.144609],[-84.488899,39.145001],[-84.488789,39.144996]]]}},{"type":"Feature","properties":{"pid":"010700100009"},"geometry":{"type":"Polygon","coordinates":[[[-84.488875,39.144607],[-84.488734,39.144601],[-84.488798,39.144218],[-84.488937,39.144232],[-84.488875,39.144607]]]}},{"type":"Feature","properties":{"pid":"010700100010"},"geometry":{"type":"Polygon","coordinates":[[[-84.488961,39.144611],[-84.488875,39.144607],[-84.488937,39.144232],[-84.489043,39.144243],[-84.488961,39.144611]]]}},{"type":"Feature","properties":{"pid":"010700100011"},"geometry":{"type":"Polygon","coordinates":[[[-84.489157,39.14462],[-84.488981,39.144612],[-84.489043,39.144243],[-84.489217,39.144261],[-84.489157,39.14462]]]}},{"type":"Feature","properties":{"pid":"010700100012"},"geometry":{"type":"Polygon","coordinates":[[[-84.489275,39.144625],[-84.489157,39.14462],[-84.489217,39.144261],[-84.489357,39.144276],[-84.489275,39.144625]]]}},{"type":"Feature","properties":{"pid":"010700100013"},"geometry":{"type":"Polygon","coordinates":[[[-84.489298,39.144626],[-84.489357,39.144276],[-84.489495,39.144296],[-84.489439,39.144633],[-84.489298,39.144626]]]}},{"type":"Feature","properties":{"pid":"010700100014"},"geometry":{"type":"Polygon","coordinates":[[[-84.489536,39.144637],[-84.489439,39.144633],[-84.489495,39.144296],[-84.489633,39.144321],[-84.489536,39.144637]]]}},{"type":"Feature","properties":{"pid":"010700100015"},"geometry":{"type":"Polygon","coordinates":[[[-84.489536,39.144637],[-84.489633,39.144321],[-84.489778,39.144347],[-84.489617,39.144616],[-84.489688,39.144644],[-84.489536,39.144637]]]}},{"type":"Feature","properties":{"pid":"010700100024"},"geometry":{"type":"Polygon","coordinates":[[[-84.490975,39.144131],[-84.490374,39.144072],[-84.490397,39.143932],[-84.491055,39.143993],[-84.490975,39.144131]]]}},{"type":"Feature","properties":{"pid":"010700100025"},"geometry":{"type":"Polygon","coordinates":[[[-84.490397,39.143932],[-84.490409,39.143863],[-84.491092,39.143929],[-84.491055,39.143993],[-84.490397,39.143932]]]}},{"type":"Feature","properties":{"pid":"010700100026"},"geometry":{"type":"Polygon","coordinates":[[[-84.490409,39.143863],[-84.49042,39.143797],[-84.491129,39.143865],[-84.491092,39.143929],[-84.490409,39.143863]]]}},{"type":"Feature","properties":{"pid":"010700100027"},"geometry":{"type":"Polygon","coordinates":[[[-84.49042,39.143797],[-84.490428,39.143754],[-84.491163,39.143807],[-84.491129,39.143865],[-84.49042,39.143797]]]}},{"type":"Feature","properties":{"pid":"010700100028"},"geometry":{"type":"Polygon","coordinates":[[[-84.490511,39.14376],[-84.490558,39.14371],[-84.4912,39.143742],[-84.491163,39.143807],[-84.490511,39.14376]]]}},{"type":"Feature","properties":{"pid":"010700100029"},"geometry":{"type":"Polygon","coordinates":[[[-84.490617,39.143713],[-84.490619,39.143666],[-84.491233,39.143685],[-84.4912,39.143742],[-84.490617,39.143713]]]}},{"type":"Feature","properties":{"pid":"010700100031"},"geometry":{"type":"Polygon","coordinates":[[[-84.49017,39.144216],[-84.490269,39.143656],[-84.490443,39.143661],[-84.490347,39.144233],[-84.49017,39.144216]]]}},{"type":"Feature","properties":{"pid":"010700100033"},"geometry":{"type":"Polygon","coordinates":[[[-84.489992,39.144199],[-84.490089,39.14365],[-84.49018,39.143653],[-84.490078,39.144207],[-84.489992,39.144199]]]}},{"type":"Feature","properties":{"pid":"010700100034"},"geometry":{"type":"Polygon","coordinates":[[[-84.489771,39.144177],[-84.489862,39.143641],[-84.490089,39.14365],[-84.489992,39.144199],[-84.489771,39.144177]]]}},{"type":"Feature","properties":{"pid":"010700100037"},"geometry":{"type":"Polygon","coordinates":[[[-84.489491,39.144149],[-84.489578,39.143632],[-84.489649,39.143634],[-84.489561,39.144156],[-84.489491,39.144149]]]}},{"type":"Feature","properties":{"pid":"010700100039"},"geometry":{"type":"Polygon","coordinates":[[[-84.489212,39.14412],[-84.489294,39.143623],[-84.489436,39.143627],[-84.489351,39.144134],[-84.489212,39.14412]]]}},{"type":"Feature","properties":{"pid":"010700100040"},"geometry":{"type":"Polygon","coordinates":[[[-84.489071,39.144106],[-84.489154,39.143618],[-84.489294,39.143623],[-84.489212,39.14412],[-84.489071,39.144106]]]}},{"type":"Feature","properties":{"pid":"010700100041"},"geometry":{"type":"Polygon","coordinates":[[[-84.488932,39.144092],[-84.489012,39.143614],[-84.489154,39.143618],[-84.489071,39.144106],[-84.488932,39.144092]]]}},{"type":"Feature","properties":{"pid":"010700100042"},"geometry":{"type":"Polygon","coordinates":[[[-84.488792,39.144077],[-84.48887,39.143609],[-84.489012,39.143614],[-84.488932,39.144092],[-84.488792,39.144077]]]}},{"type":"Feature","properties":{"pid":"010700100043"},"geometry":{"type":"Polygon","coordinates":[[[-84.490802,39.143672],[-84.490814,39.143372],[-84.490983,39.143378],[-84.490969,39.143677],[-84.490802,39.143672]]]}},{"type":"Feature","properties":{"pid":"010700100044"},"geometry":{"type":"Polygon","coordinates":[[[-84.490619,39.143666],[-84.490632,39.143366],[-84.490814,39.143372],[-84.490802,39.143672],[-84.490619,39.143666]]]}},{"type":"Feature","properties":{"pid":"010700100045"},"geometry":{"type":"Polygon","coordinates":[[[-84.490443,39.143661],[-84.490459,39.14336],[-84.490632,39.143366],[-84.490619,39.143666],[-84.490443,39.143661]]]}},{"type":"Feature","properties":{"pid":"010700100046"},"geometry":{"type":"Polygon","coordinates":[[[-84.490269,39.143656],[-84.490283,39.143353],[-84.490459,39.14336],[-84.490443,39.143661],[-84.490269,39.143656]]]}},{"type":"Feature","properties":{"pid":"010700100047"},"geometry":{"type":"Polygon","coordinates":[[[-84.490269,39.143656],[-84.490089,39.14365],[-84.490105,39.143347],[-84.490283,39.143353],[-84.490269,39.143656]]]}},{"type":"Feature","properties":{"pid":"010700100048"},"geometry":{"type":"Polygon","coordinates":[[[-84.489912,39.143643],[-84.489927,39.143341],[-84.490105,39.143347],[-84.490089,39.14365],[-84.489912,39.143643]]]}},{"type":"Feature","properties":{"pid":"010700100049"},"geometry":{"type":"Polygon","coordinates":[[[-84.489567,39.14362],[-84.489584,39.143328],[-84.489757,39.143335],[-84.489739,39.143627],[-84.489567,39.14362]]]}},{"type":"Feature","properties":{"pid":"010700100050"},"geometry":{"type":"Polygon","coordinates":[[[-84.489045,39.1436],[-84.489057,39.143309],[-84.489225,39.143315],[-84.489212,39.143606],[-84.489045,39.1436]]]}},{"type":"Feature","properties":{"pid":"010700100051"},"geometry":{"type":"Polygon","coordinates":[[[-84.490989,39.143243],[-84.490993,39.143185],[-84.491521,39.143208],[-84.491486,39.143265],[-84.490989,39.143243]]]}},{"type":"Feature","properties":{"pid":"010700100053"},"geometry":{"type":"Polygon","coordinates":[[[-84.490779,39.143235],[-84.490797,39.142931],[-84.49101,39.142941],[-84.490989,39.143243],[-84.490779,39.143235]]]}},{"type":"Feature","properties":{"pid":"010700100054"},"geometry":{"type":"Polygon","coordinates":[[[-84.490464,39.143223],[-84.490483,39.142919],[-84.490658,39.142925],[-84.490638,39.14323],[-84.490464,39.143223]]]}},{"type":"Feature","properties":{"pid":"010700100055"},"geometry":{"type":"Polygon","coordinates":[[[-84.490113,39.14321],[-84.49013,39.142906],[-84.490308,39.142912],[-84.490289,39.143217],[-84.490113,39.14321]]]}},{"type":"Feature","properties":{"pid":"010700100056"},"geometry":{"type":"Polygon","coordinates":[[[-84.48976,39.143197],[-84.48978,39.142893],[-84.489955,39.142899],[-84.489936,39.143204],[-84.48976,39.143197]]]}},{"type":"Feature","properties":{"pid":"010700100059"},"geometry":{"type":"Polygon","coordinates":[[[-84.491212,39.142599],[-84.491229,39.142366],[-84.49202,39.142402],[-84.491921,39.142563],[-84.491294,39.142534],[-84.491285,39.142602],[-84.491212,39.142599]]]}},{"type":"Feature","properties":{"pid":"010700100060"},"geometry":{"type":"Polygon","coordinates":[[[-84.489428,39.14288],[-84.489452,39.142296],[-84.489607,39.142302],[-84.489571,39.142885],[-84.489428,39.14288]]]}},{"type":"Feature","properties":{"pid":"010700100061"},"geometry":{"type":"Polygon","coordinates":[[[-84.492137,39.142208],[-84.491523,39.142187],[-84.491562,39.141634],[-84.491691,39.14164],[-84.491708,39.141393],[-84.492638,39.141427],[-84.492137,39.142208]]]}},{"type":"Feature","properties":{"pid":"010700100063"},"geometry":{"type":"Polygon","coordinates":[[[-84.491889,39.141319],[-84.491895,39.141179],[-84.492775,39.141213],[-84.492688,39.141348],[-84.491889,39.141319]]]}},{"type":"Feature","properties":{"pid":"010700100064"},"geometry":{"type":"Polygon","coordinates":[[[-84.4907,39.141599],[-84.490559,39.141593],[-84.490597,39.14113],[-84.490728,39.141135],[-84.4907,39.141599]]]}},{"type":"Feature","properties":{"pid":"010700100066"},"geometry":{"type":"Polygon","coordinates":[[[-84.490638,39.14323],[-84.490658,39.142925],[-84.490797,39.142931],[-84.490779,39.143235],[-84.490638,39.14323]]]}},{"type":"Feature","properties":{"pid":"010700100067"},"geometry":{"type":"Polygon","coordinates":[[[-84.489212,39.143606],[-84.489225,39.143315],[-84.489394,39.143322],[-84.489386,39.143613],[-84.489212,39.143606]]]}},{"type":"Feature","properties":{"pid":"010700100069"},"geometry":{"type":"Polygon","coordinates":[[[-84.491438,39.142184],[-84.491471,39.141631],[-84.491562,39.141634],[-84.491523,39.142187],[-84.491438,39.142184]]]}},{"type":"Feature","properties":{"pid":"010700100070"},"geometry":{"type":"Polygon","coordinates":[[[-84.491691,39.14164],[-84.491517,39.141633],[-84.491527,39.141472],[-84.491702,39.141479],[-84.491691,39.14164]]]}},{"type":"Feature","properties":{"pid":"010700100072"},"geometry":{"type":"Polygon","coordinates":[[[-84.490289,39.143217],[-84.490308,39.142912],[-84.490483,39.142919],[-84.490464,39.143223],[-84.490289,39.143217]]]}},{"type":"Feature","properties":{"pid":"010700100073"},"geometry":{"type":"Polygon","coordinates":[[[-84.49078,39.142161],[-84.490812,39.141603],[-84.491055,39.141613],[-84.491022,39.14217],[-84.49078,39.142161]]]}},{"type":"Feature","properties":{"pid":"010700100074"},"geometry":{"type":"Polygon","coordinates":[[[-84.489386,39.143613],[-84.489394,39.143322],[-84.489584,39.143328],[-84.489567,39.14362],[-84.489386,39.143613]]]}},{"type":"Feature","properties":{"pid":"010700100075"},"geometry":{"type":"Polygon","coordinates":[[[-84.490604,39.142155],[-84.490635,39.141596],[-84.490812,39.141603],[-84.49078,39.142161],[-84.490604,39.142155]]]}},{"type":"Feature","properties":{"pid":"010700100076"},"geometry":{"type":"Polygon","coordinates":[[[-84.489936,39.143204],[-84.489955,39.142899],[-84.49013,39.142906],[-84.490113,39.14321],[-84.489936,39.143204]]]}},{"type":"Feature","properties":{"pid":"010700100077"},"geometry":{"type":"Polygon","coordinates":[[[-84.489236,39.143177],[-84.489256,39.142873],[-84.489428,39.14288],[-84.48941,39.143184],[-84.489236,39.143177]]]}},{"type":"Feature","properties":{"pid":"010700100079"},"geometry":{"type":"Polygon","coordinates":[[[-84.491022,39.14217],[-84.491055,39.141613],[-84.491234,39.141621],[-84.491203,39.142176],[-84.491022,39.14217]]]}},{"type":"Feature","properties":{"pid":"010700100080"},"geometry":{"type":"Polygon","coordinates":[[[-84.490764,39.142929],[-84.490558,39.142922],[-84.490593,39.142339],[-84.490801,39.142347],[-84.490764,39.142929]]]}},{"type":"Feature","properties":{"pid":"010700100081"},"geometry":{"type":"Polygon","coordinates":[[[-84.489256,39.142873],[-84.489077,39.142867],[-84.489111,39.142283],[-84.489294,39.14229],[-84.489256,39.142873]]]}},{"type":"Feature","properties":{"pid":"010700100082"},"geometry":{"type":"Polygon","coordinates":[[[-84.489719,39.142125],[-84.489741,39.141778],[-84.48992,39.141787],[-84.489899,39.142131],[-84.489719,39.142125]]]}},{"type":"Feature","properties":{"pid":"010700100083"},"geometry":{"type":"Polygon","coordinates":[[[-84.490429,39.142149],[-84.490467,39.141589],[-84.490635,39.141596],[-84.490604,39.142155],[-84.490429,39.142149]]]}},{"type":"Feature","properties":{"pid":"010700100084"},"geometry":{"type":"Polygon","coordinates":[[[-84.490252,39.142143],[-84.490287,39.141582],[-84.490467,39.141589],[-84.490429,39.142149],[-84.490252,39.142143]]]}},{"type":"Feature","properties":{"pid":"010700100085"},"geometry":{"type":"Polygon","coordinates":[[[-84.490076,39.142137],[-84.490109,39.141574],[-84.490287,39.141582],[-84.490252,39.142143],[-84.490076,39.142137]]]}},{"type":"Feature","properties":{"pid":"010700100086"},"geometry":{"type":"Polygon","coordinates":[[[-84.490097,39.141795],[-84.489741,39.141778],[-84.489748,39.141672],[-84.490103,39.141686],[-84.490097,39.141795]]]}},{"type":"Feature","properties":{"pid":"010700100087"},"geometry":{"type":"Polygon","coordinates":[[[-84.490026,39.142902],[-84.489886,39.142897],[-84.489926,39.142314],[-84.490064,39.142319],[-84.490026,39.142902]]]}},{"type":"Feature","properties":{"pid":"010700100088"},"geometry":{"type":"Polygon","coordinates":[[[-84.490558,39.142922],[-84.490346,39.142914],[-84.490384,39.142331],[-84.490593,39.142339],[-84.490558,39.142922]]]}},{"type":"Feature","properties":{"pid":"010700100089"},"geometry":{"type":"Polygon","coordinates":[[[-84.491517,39.141633],[-84.491339,39.141625],[-84.491371,39.141159],[-84.491547,39.141166],[-84.491517,39.141633]]]}},{"type":"Feature","properties":{"pid":"010700100090"},"geometry":{"type":"Polygon","coordinates":[[[-84.490346,39.142914],[-84.490207,39.142909],[-84.490241,39.142326],[-84.490384,39.142331],[-84.490346,39.142914]]]}},{"type":"Feature","properties":{"pid":"010700100091"},"geometry":{"type":"Polygon","coordinates":[[[-84.490907,39.142935],[-84.490764,39.142929],[-84.490801,39.142347],[-84.490944,39.142353],[-84.490907,39.142935]]]}},{"type":"Feature","properties":{"pid":"010700100092"},"geometry":{"type":"Polygon","coordinates":[[[-84.491045,39.142943],[-84.491088,39.142359],[-84.491229,39.142366],[-84.491186,39.142949],[-84.491045,39.142943]]]}},{"type":"Feature","properties":{"pid":"010700100093"},"geometry":{"type":"Polygon","coordinates":[[[-84.489886,39.142897],[-84.489728,39.142891],[-84.489765,39.142308],[-84.489926,39.142314],[-84.489886,39.142897]]]}},{"type":"Feature","properties":{"pid":"010700100094"},"geometry":{"type":"Polygon","coordinates":[[[-84.489899,39.142131],[-84.48992,39.141787],[-84.490097,39.141795],[-84.490076,39.142137],[-84.489899,39.142131]]]}},{"type":"Feature","properties":{"pid":"010700100095"},"geometry":{"type":"Polygon","coordinates":[[[-84.489748,39.141672],[-84.489755,39.141559],[-84.490109,39.141574],[-84.490103,39.141686],[-84.489748,39.141672]]]}},{"type":"Feature","properties":{"pid":"010700100096"},"geometry":{"type":"Polygon","coordinates":[[[-84.491339,39.141625],[-84.491165,39.141618],[-84.49119,39.141152],[-84.491371,39.141159],[-84.491339,39.141625]]]}},{"type":"Feature","properties":{"pid":"010700100098"},"geometry":{"type":"Polygon","coordinates":[[[-84.490207,39.142909],[-84.490026,39.142902],[-84.490064,39.142319],[-84.490241,39.142326],[-84.490207,39.142909]]]}},{"type":"Feature","properties":{"pid":"010700100099"},"geometry":{"type":"Polygon","coordinates":[[[-84.491165,39.141618],[-84.491002,39.141611],[-84.491032,39.141146],[-84.49119,39.141152],[-84.491165,39.141618]]]}},{"type":"Feature","properties":{"pid":"010700100100"},"geometry":{"type":"Polygon","coordinates":[[[-84.490109,39.141574],[-84.490137,39.141112],[-84.490302,39.141118],[-84.49027,39.141581],[-84.490109,39.141574]]]}},{"type":"Feature","properties":{"pid":"010700100101"},"geometry":{"type":"Polygon","coordinates":[[[-84.489728,39.142891],[-84.489571,39.142885],[-84.489607,39.142302],[-84.489765,39.142308],[-84.489728,39.142891]]]}},{"type":"Feature","properties":{"pid":"010700100102"},"geometry":{"type":"Polygon","coordinates":[[[-84.489755,39.141559],[-84.489762,39.141453],[-84.490116,39.141468],[-84.490109,39.141574],[-84.489755,39.141559]]]}},{"type":"Feature","properties":{"pid":"010700100103"},"geometry":{"type":"Polygon","coordinates":[[[-84.489256,39.142873],[-84.489294,39.14229],[-84.489452,39.142296],[-84.489412,39.142879],[-84.489256,39.142873]]]}},{"type":"Feature","properties":{"pid":"010700100104"},"geometry":{"type":"Polygon","coordinates":[[[-84.490287,39.141582],[-84.490302,39.141118],[-84.490449,39.141124],[-84.490416,39.141587],[-84.490287,39.141582]]]}},{"type":"Feature","properties":{"pid":"010700100105"},"geometry":{"type":"Polygon","coordinates":[[[-84.489762,39.141453],[-84.489785,39.141098],[-84.489962,39.141105],[-84.489943,39.141461],[-84.489762,39.141453]]]}},{"type":"Feature","properties":{"pid":"010700100106"},"geometry":{"type":"Polygon","coordinates":[[[-84.491045,39.142943],[-84.490907,39.142935],[-84.490944,39.142353],[-84.491088,39.142359],[-84.491045,39.142943]]]}},{"type":"Feature","properties":{"pid":"010700100107"},"geometry":{"type":"Polygon","coordinates":[[[-84.490851,39.141605],[-84.4907,39.141599],[-84.490728,39.141135],[-84.490877,39.14114],[-84.490851,39.141605]]]}},{"type":"Feature","properties":{"pid":"010700100108"},"geometry":{"type":"Polygon","coordinates":[[[-84.490851,39.141605],[-84.490877,39.14114],[-84.491032,39.141146],[-84.491002,39.141611],[-84.490851,39.141605]]]}},{"type":"Feature","properties":{"pid":"010700100109"},"geometry":{"type":"Polygon","coordinates":[[[-84.491527,39.141472],[-84.491547,39.141166],[-84.491723,39.141173],[-84.491702,39.141479],[-84.491527,39.141472]]]}},{"type":"Feature","properties":{"pid":"010700100110"},"geometry":{"type":"Polygon","coordinates":[[[-84.489943,39.141461],[-84.489962,39.141105],[-84.490137,39.141112],[-84.490116,39.141468],[-84.489943,39.141461]]]}},{"type":"Feature","properties":{"pid":"010700100111"},"geometry":{"type":"Polygon","coordinates":[[[-84.491321,39.14218],[-84.491356,39.141626],[-84.491471,39.141631],[-84.491438,39.142184],[-84.491321,39.14218]]]}},{"type":"Feature","properties":{"pid":"010700100112"},"geometry":{"type":"Polygon","coordinates":[[[-84.490559,39.141593],[-84.490416,39.141587],[-84.490449,39.141124],[-84.490597,39.14113],[-84.490559,39.141593]]]}},{"type":"Feature","properties":{"pid":"010700100113"},"geometry":{"type":"Polygon","coordinates":[[[-84.491203,39.142176],[-84.491234,39.141621],[-84.491356,39.141626],[-84.491321,39.14218],[-84.491203,39.142176]]]}},{"type":"Feature","properties":{"pid":"010700100114"},"geometry":{"type":"Polygon","coordinates":[[[-84.489584,39.14319],[-84.489605,39.142886],[-84.48978,39.142893],[-84.48976,39.143197],[-84.489584,39.14319]]]}},{"type":"Feature","properties":{"pid":"010700100115"},"geometry":{"type":"Polygon","coordinates":[[[-84.489236,39.143177],[-84.489059,39.143171],[-84.489077,39.142867],[-84.489256,39.142873],[-84.489236,39.143177]]]}},{"type":"Feature","properties":{"pid":"010700100116"},"geometry":{"type":"Polygon","coordinates":[[[-84.48941,39.143184],[-84.489428,39.14288],[-84.489605,39.142886],[-84.489584,39.14319],[-84.48941,39.143184]]]}},{"type":"Feature","properties":{"pid":"010700100117"},"geometry":{"type":"Polygon","coordinates":[[[-84.489739,39.143627],[-84.489757,39.143335],[-84.489927,39.143341],[-84.489912,39.143633],[-84.489739,39.143627]]]}},{"type":"Feature","properties":{"pid":"010700100118"},"geometry":{"type":"Polygon","coordinates":[[[-84.488945,39.145003],[-84.488933,39.14461],[-84.489108,39.144618],[-84.489102,39.145009],[-84.488945,39.145003]]]}},{"type":"Feature","properties":{"pid":"010700080166"},"geometry":{"type":"Polygon","coordinates":[[[-84.492085,39.142722],[-84.492573,39.141954],[-84.493032,39.141998],[-84.492936,39.142594],[-84.49262,39.142563],[-84.492597,39.142774],[-84.492085,39.142722]]]}},{"type":"Feature","properties":{"pid":"010700080172"},"geometry":{"type":"Polygon","coordinates":[[[-84.492085,39.142722],[-84.492573,39.141954],[-84.493032,39.141998],[-84.492936,39.142594],[-84.49262,39.142563],[-84.492597,39.142774],[-84.492085,39.142722]]]}},{"type":"Feature","properties":{"pid":"010700080168"},"geometry":{"type":"Polygon","coordinates":[[[-84.492085,39.142722],[-84.492573,39.141954],[-84.493032,39.141998],[-84.492936,39.142594],[-84.49262,39.142563],[-84.492597,39.142774],[-84.492085,39.142722]]]}},{"type":"Feature","properties":{"pid":"010700080171"},"geometry":{"type":"Polygon","coordinates":[[[-84.492085,39.142722],[-84.492573,39.141954],[-84.493032,39.141998],[-84.492936,39.142594],[-84.49262,39.142563],[-84.492597,39.142774],[-84.492085,39.142722]]]}},{"type":"Feature","properties":{"pid":"010700080170"},"geometry":{"type":"Polygon","coordinates":[[[-84.492085,39.142722],[-84.492573,39.141954],[-84.493032,39.141998],[-84.492936,39.142594],[-84.49262,39.142563],[-84.492597,39.142774],[-84.492085,39.142722]]]}},{"type":"Feature","properties":{"pid":"010700080174"},"geometry":{"type":"Polygon","coordinates":[[[-84.492085,39.142722],[-84.492573,39.141954],[-84.493032,39.141998],[-84.492936,39.142594],[-84.49262,39.142563],[-84.492597,39.142774],[-84.492085,39.142722]]]}},{"type":"Feature","properties":{"pid":"010700080176"},"geometry":{"type":"Polygon","coordinates":[[[-84.492085,39.142722],[-84.492573,39.141954],[-84.493032,39.141998],[-84.492936,39.142594],[-84.49262,39.142563],[-84.492597,39.142774],[-84.492085,39.142722]]]}},{"type":"Feature","properties":{"pid":"010700080175"},"geometry":{"type":"Polygon","coordinates":[[[-84.492085,39.142722],[-84.492573,39.141954],[-84.493032,39.141998],[-84.492936,39.142594],[-84.49262,39.142563],[-84.492597,39.142774],[-84.492085,39.142722]]]}},{"type":"Feature","properties":{"pid":"010700080177"},"geometry":{"type":"Polygon","coordinates":[[[-84.492085,39.142722],[-84.492573,39.141954],[-84.493032,39.141998],[-84.492936,39.142594],[-84.49262,39.142563],[-84.492597,39.142774],[-84.492085,39.142722]]]}},{"type":"Feature","properties":{"pid":"010700080169"},"geometry":{"type":"Polygon","coordinates":[[[-84.492085,39.142722],[-84.492573,39.141954],[-84.493032,39.141998],[-84.492936,39.142594],[-84.49262,39.142563],[-84.492597,39.142774],[-84.492085,39.142722]]]}},{"type":"Feature","properties":{"pid":"010700080173"},"geometry":{"type":"Polygon","coordinates":[[[-84.492085,39.142722],[-84.492573,39.141954],[-84.493032,39.141998],[-84.492936,39.142594],[-84.49262,39.142563],[-84.492597,39.142774],[-84.492085,39.142722]]]}},{"type":"Feature","properties":{"pid":"010700080167"},"geometry":{"type":"Polygon","coordinates":[[[-84.492085,39.142722],[-84.492573,39.141954],[-84.493032,39.141998],[-84.492936,39.142594],[-84.49262,39.142563],[-84.492597,39.142774],[-84.492085,39.142722]]]}},{"type":"Feature","properties":{"pid":"010700110001"},"geometry":{"type":"Polygon","coordinates":[[[-84.488764,39.144995],[-84.488549,39.144987],[-84.488567,39.144593],[-84.488783,39.144603],[-84.488764,39.144995]]]}},{"type":"Feature","properties":{"pid":"010700110002"},"geometry":{"type":"Polygon","coordinates":[[[-84.488232,39.144975],[-84.488254,39.144579],[-84.488438,39.144588],[-84.488409,39.144982],[-84.488232,39.144975]]]}},{"type":"Feature","properties":{"pid":"010700110003"},"geometry":{"type":"Polygon","coordinates":[[[-84.488056,39.144968],[-84.488074,39.144571],[-84.488254,39.144579],[-84.488232,39.144975],[-84.488056,39.144968]]]}},{"type":"Feature","properties":{"pid":"010700110004"},"geometry":{"type":"Polygon","coordinates":[[[-84.487873,39.144961],[-84.487898,39.144564],[-84.488074,39.144571],[-84.488056,39.144968],[-84.487873,39.144961]]]}},{"type":"Feature","properties":{"pid":"010700110005"},"geometry":{"type":"Polygon","coordinates":[[[-84.487698,39.144954],[-84.487725,39.144556],[-84.487898,39.144564],[-84.487873,39.144961],[-84.487698,39.144954]]]}},{"type":"Feature","properties":{"pid":"010700110006"},"geometry":{"type":"Polygon","coordinates":[[[-84.487524,39.144948],[-84.487547,39.144548],[-84.487725,39.144556],[-84.487698,39.144954],[-84.487524,39.144948]]]}},{"type":"Feature","properties":{"pid":"010700110007"},"geometry":{"type":"Polygon","coordinates":[[[-84.487348,39.144941],[-84.48737,39.14454],[-84.487547,39.144548],[-84.487524,39.144948],[-84.487348,39.144941]]]}},{"type":"Feature","properties":{"pid":"010700110008"},"geometry":{"type":"Polygon","coordinates":[[[-84.487172,39.144934],[-84.487203,39.144542],[-84.48737,39.14454],[-84.487348,39.144941],[-84.487172,39.144934]]]}},{"type":"Feature","properties":{"pid":"010700110009"},"geometry":{"type":"Polygon","coordinates":[[[-84.486992,39.144927],[-84.487019,39.144525],[-84.487203,39.144533],[-84.487172,39.144934],[-84.486992,39.144927]]]}},{"type":"Feature","properties":{"pid":"010700110010"},"geometry":{"type":"Polygon","coordinates":[[[-84.486819,39.14492],[-84.486846,39.144517],[-84.487019,39.144525],[-84.486992,39.144927],[-84.486819,39.14492]]]}},{"type":"Feature","properties":{"pid":"010700110011"},"geometry":{"type":"Polygon","coordinates":[[[-84.486648,39.144913],[-84.486676,39.14451],[-84.486846,39.144517],[-84.486819,39.14492],[-84.486648,39.144913]]]}},{"type":"Feature","properties":{"pid":"010700110012"},"geometry":{"type":"Polygon","coordinates":[[[-84.486463,39.144906],[-84.486493,39.144502],[-84.486676,39.14451],[-84.486648,39.144913],[-84.486463,39.144906]]]}},{"type":"Feature","properties":{"pid":"010700110013"},"geometry":{"type":"Polygon","coordinates":[[[-84.486291,39.144899],[-84.486314,39.144495],[-84.486493,39.144502],[-84.486463,39.144906],[-84.486291,39.144899]]]}},{"type":"Feature","properties":{"pid":"010700110014"},"geometry":{"type":"Polygon","coordinates":[[[-84.486149,39.144894],[-84.486169,39.144488],[-84.486314,39.144495],[-84.486291,39.144899],[-84.486149,39.144894]]]}},{"type":"Feature","properties":{"pid":"010700110016"},"geometry":{"type":"Polygon","coordinates":[[[-84.485776,39.144879],[-84.485798,39.144479],[-84.48597,39.144483],[-84.485944,39.144886],[-84.485776,39.144879]]]}},{"type":"Feature","properties":{"pid":"010700110022"},"geometry":{"type":"Polygon","coordinates":[[[-84.488608,39.144595],[-84.488657,39.144203],[-84.488798,39.144218],[-84.488734,39.144601],[-84.488608,39.144595]]]}},{"type":"Feature","properties":{"pid":"010700110023"},"geometry":{"type":"Polygon","coordinates":[[[-84.488567,39.144593],[-84.488452,39.144588],[-84.488517,39.144189],[-84.488657,39.144203],[-84.488567,39.144593]]]}},{"type":"Feature","properties":{"pid":"010700110024"},"geometry":{"type":"Polygon","coordinates":[[[-84.488438,39.144588],[-84.488311,39.144582],[-84.488378,39.144175],[-84.488517,39.144189],[-84.488438,39.144588]]]}},{"type":"Feature","properties":{"pid":"010700110025"},"geometry":{"type":"Polygon","coordinates":[[[-84.488311,39.144582],[-84.48817,39.144576],[-84.488238,39.14416],[-84.488378,39.144175],[-84.488311,39.144582]]]}},{"type":"Feature","properties":{"pid":"010700110026"},"geometry":{"type":"Polygon","coordinates":[[[-84.48817,39.144576],[-84.488029,39.144569],[-84.488098,39.144146],[-84.488238,39.14416],[-84.48817,39.144576]]]}},{"type":"Feature","properties":{"pid":"010700110027"},"geometry":{"type":"Polygon","coordinates":[[[-84.487898,39.144564],[-84.487958,39.144132],[-84.488098,39.144146],[-84.488029,39.144569],[-84.487898,39.144564]]]}},{"type":"Feature","properties":{"pid":"010700110028"},"geometry":{"type":"Polygon","coordinates":[[[-84.487747,39.144557],[-84.487819,39.144117],[-84.487958,39.144132],[-84.487888,39.144563],[-84.487747,39.144557]]]}},{"type":"Feature","properties":{"pid":"010700110029"},"geometry":{"type":"Polygon","coordinates":[[[-84.487725,39.144556],[-84.487606,39.14455],[-84.487678,39.144103],[-84.487819,39.144117],[-84.487725,39.144556]]]}},{"type":"Feature","properties":{"pid":"010700110031"},"geometry":{"type":"Polygon","coordinates":[[[-84.487465,39.144544],[-84.487324,39.144538],[-84.487398,39.144075],[-84.487538,39.144089],[-84.487465,39.144544]]]}},{"type":"Feature","properties":{"pid":"010700110041"},"geometry":{"type":"Polygon","coordinates":[[[-84.485938,39.143795],[-84.485813,39.143755],[-84.48579,39.143678],[-84.485914,39.143525],[-84.485987,39.143526],[-84.485938,39.143795]]]}},{"type":"Feature","properties":{"pid":"010700110042"},"geometry":{"type":"Polygon","coordinates":[[[-84.485938,39.143795],[-84.485987,39.143526],[-84.486105,39.143528],[-84.486062,39.143807],[-84.485938,39.143795]]]}},{"type":"Feature","properties":{"pid":"010700110043"},"geometry":{"type":"Polygon","coordinates":[[[-84.486308,39.143831],[-84.48636,39.143533],[-84.486482,39.143535],[-84.486424,39.143842],[-84.486308,39.143831]]]}},{"type":"Feature","properties":{"pid":"010700110044"},"geometry":{"type":"Polygon","coordinates":[[[-84.486552,39.143854],[-84.486606,39.143537],[-84.486713,39.143539],[-84.486659,39.143864],[-84.486552,39.143854]]]}},{"type":"Feature","properties":{"pid":"010700110045"},"geometry":{"type":"Polygon","coordinates":[[[-84.486659,39.143864],[-84.486713,39.143539],[-84.486818,39.14354],[-84.486758,39.143874],[-84.486659,39.143864]]]}},{"type":"Feature","properties":{"pid":"010700110046"},"geometry":{"type":"Polygon","coordinates":[[[-84.486758,39.143874],[-84.486818,39.14354],[-84.486924,39.143542],[-84.486866,39.143884],[-84.486758,39.143874]]]}},{"type":"Feature","properties":{"pid":"010700110047"},"geometry":{"type":"Polygon","coordinates":[[[-84.486866,39.143884],[-84.486924,39.143542],[-84.48703,39.143544],[-84.486971,39.143894],[-84.486866,39.143884]]]}},{"type":"Feature","properties":{"pid":"010700110048"},"geometry":{"type":"Polygon","coordinates":[[[-84.486971,39.143894],[-84.48703,39.143522],[-84.487259,39.143531],[-84.487196,39.143916],[-84.486971,39.143894]]]}},{"type":"Feature","properties":{"pid":"010700110049"},"geometry":{"type":"Polygon","coordinates":[[[-84.487358,39.143931],[-84.487196,39.143916],[-84.487259,39.143531],[-84.48742,39.143537],[-84.487358,39.143931]]]}},{"type":"Feature","properties":{"pid":"010700110050"},"geometry":{"type":"Polygon","coordinates":[[[-84.487426,39.143938],[-84.487358,39.143931],[-84.487417,39.143563],[-84.487514,39.143566],[-84.487426,39.143938]]]}},{"type":"Feature","properties":{"pid":"010700110051"},"geometry":{"type":"Polygon","coordinates":[[[-84.487532,39.143949],[-84.487453,39.143941],[-84.487514,39.143566],[-84.487611,39.143569],[-84.487532,39.143949]]]}},{"type":"Feature","properties":{"pid":"010700110052"},"geometry":{"type":"Polygon","coordinates":[[[-84.487549,39.14395],[-84.487611,39.143569],[-84.487735,39.143573],[-84.487672,39.143963],[-84.487549,39.14395]]]}},{"type":"Feature","properties":{"pid":"010700110053"},"geometry":{"type":"Polygon","coordinates":[[[-84.487672,39.143963],[-84.487735,39.143573],[-84.487877,39.143577],[-84.487811,39.143977],[-84.487672,39.143963]]]}},{"type":"Feature","properties":{"pid":"010700110054"},"geometry":{"type":"Polygon","coordinates":[[[-84.487811,39.143977],[-84.487877,39.143577],[-84.488001,39.143581],[-84.487934,39.14399],[-84.487811,39.143977]]]}},{"type":"Feature","properties":{"pid":"010700110055"},"geometry":{"type":"Polygon","coordinates":[[[-84.487952,39.143992],[-84.488001,39.143581],[-84.488142,39.143586],[-84.488074,39.144004],[-84.487952,39.143992]]]}},{"type":"Feature","properties":{"pid":"010700110056"},"geometry":{"type":"Polygon","coordinates":[[[-84.488092,39.144006],[-84.488142,39.143586],[-84.488284,39.14359],[-84.488214,39.144019],[-84.488092,39.144006]]]}},{"type":"Feature","properties":{"pid":"010700110057"},"geometry":{"type":"Polygon","coordinates":[[[-84.488232,39.14402],[-84.488284,39.14359],[-84.488444,39.143596],[-84.488372,39.144034],[-84.488232,39.14402]]]}},{"type":"Feature","properties":{"pid":"010700110058"},"geometry":{"type":"Polygon","coordinates":[[[-84.488372,39.144034],[-84.488444,39.143596],[-84.488586,39.1436],[-84.488512,39.144049],[-84.488372,39.144034]]]}},{"type":"Feature","properties":{"pid":"010700110059"},"geometry":{"type":"Polygon","coordinates":[[[-84.488512,39.144049],[-84.488586,39.1436],[-84.488728,39.143605],[-84.488652,39.144063],[-84.488512,39.144049]]]}},{"type":"Feature","properties":{"pid":"010700110060"},"geometry":{"type":"Polygon","coordinates":[[[-84.488652,39.144063],[-84.488728,39.143605],[-84.48887,39.143609],[-84.488792,39.144077],[-84.488652,39.144063]]]}},{"type":"Feature","properties":{"pid":"010700110063"},"geometry":{"type":"Polygon","coordinates":[[[-84.489198,39.142102],[-84.486602,39.142006],[-84.486665,39.14099],[-84.489253,39.141081],[-84.489198,39.142102]]]}},{"type":"Feature","properties":{"pid":"010700110064"},"geometry":{"type":"Polygon","coordinates":[[[-84.48643,39.143843],[-84.486482,39.143535],[-84.486606,39.143537],[-84.486552,39.143854],[-84.48643,39.143843]]]}},{"type":"Feature","properties":{"pid":"010700110065"},"geometry":{"type":"Polygon","coordinates":[[[-84.486062,39.143807],[-84.486105,39.143528],[-84.486229,39.143531],[-84.48618,39.143818],[-84.486062,39.143807]]]}},{"type":"Feature","properties":{"pid":"010700110066"},"geometry":{"type":"Polygon","coordinates":[[[-84.48618,39.143818],[-84.486229,39.143531],[-84.48636,39.143533],[-84.486308,39.143831],[-84.48618,39.143818]]]}},{"type":"Feature","properties":{"pid":"010700110068"},"geometry":{"type":"Polygon","coordinates":[[[-84.488898,39.14286],[-84.488726,39.142854],[-84.488764,39.14227],[-84.488934,39.142276],[-84.488898,39.14286]]]}},{"type":"Feature","properties":{"pid":"010700110075"},"geometry":{"type":"Polygon","coordinates":[[[-84.488242,39.142836],[-84.488278,39.142251],[-84.488549,39.142261],[-84.488509,39.142846],[-84.488242,39.142836]]]}},{"type":"Feature","properties":{"pid":"010700110076"},"geometry":{"type":"Polygon","coordinates":[[[-84.488654,39.143585],[-84.488673,39.143296],[-84.488887,39.143303],[-84.488869,39.143593],[-84.488654,39.143585]]]}},{"type":"Feature","properties":{"pid":"010700110077"},"geometry":{"type":"Polygon","coordinates":[[[-84.488847,39.143162],[-84.488862,39.142859],[-84.489077,39.142867],[-84.489059,39.143171],[-84.488847,39.143162]]]}},{"type":"Feature","properties":{"pid":"010700110078"},"geometry":{"type":"Polygon","coordinates":[[[-84.488726,39.142854],[-84.488509,39.142846],[-84.488549,39.142261],[-84.488764,39.14227],[-84.488726,39.142854]]]}},{"type":"Feature","properties":{"pid":"010700110079"},"geometry":{"type":"Polygon","coordinates":[[[-84.488409,39.144982],[-84.488438,39.144588],[-84.488567,39.144593],[-84.488549,39.144987],[-84.488409,39.144982]]]}},{"type":"Feature","properties":{"pid":"010700110080"},"geometry":{"type":"Polygon","coordinates":[[[-84.487892,39.142823],[-84.487931,39.142238],[-84.488109,39.142245],[-84.488069,39.142829],[-84.487892,39.142823]]]}},{"type":"Feature","properties":{"pid":"010700110081"},"geometry":{"type":"Polygon","coordinates":[[[-84.487189,39.142796],[-84.487225,39.142211],[-84.487406,39.142218],[-84.487372,39.142803],[-84.487189,39.142796]]]}},{"type":"Feature","properties":{"pid":"010700110082"},"geometry":{"type":"Polygon","coordinates":[[[-84.487725,39.142816],[-84.487754,39.142231],[-84.487931,39.142238],[-84.487892,39.142823],[-84.487725,39.142816]]]}},{"type":"Feature","properties":{"pid":"010700110083"},"geometry":{"type":"Polygon","coordinates":[[[-84.487545,39.14281],[-84.48758,39.142225],[-84.487754,39.142231],[-84.487725,39.142816],[-84.487545,39.14281]]]}},{"type":"Feature","properties":{"pid":"010700110084"},"geometry":{"type":"Polygon","coordinates":[[[-84.488069,39.142829],[-84.488109,39.142245],[-84.488278,39.142251],[-84.488242,39.142836],[-84.488069,39.142829]]]}},{"type":"Feature","properties":{"pid":"010700110085"},"geometry":{"type":"Polygon","coordinates":[[[-84.487013,39.14279],[-84.48705,39.142204],[-84.487225,39.142211],[-84.487189,39.142796],[-84.487013,39.14279]]]}},{"type":"Feature","properties":{"pid":"010700110086"},"geometry":{"type":"Polygon","coordinates":[[[-84.488898,39.14286],[-84.488934,39.142276],[-84.489111,39.142283],[-84.489077,39.142867],[-84.488898,39.14286]]]}},{"type":"Feature","properties":{"pid":"010700110087"},"geometry":{"type":"Polygon","coordinates":[[[-84.486859,39.142784],[-84.486891,39.142198],[-84.48705,39.142204],[-84.487013,39.14279],[-84.486859,39.142784]]]}},{"type":"Feature","properties":{"pid":"010700110089"},"geometry":{"type":"Polygon","coordinates":[[[-84.486078,39.141985],[-84.486084,39.141874],[-84.486442,39.141882],[-84.486435,39.142],[-84.486078,39.141985]]]}},{"type":"Feature","properties":{"pid":"010700110090"},"geometry":{"type":"Polygon","coordinates":[[[-84.48668,39.142778],[-84.486713,39.142192],[-84.486891,39.142198],[-84.486859,39.142784],[-84.48668,39.142778]]]}},{"type":"Feature","properties":{"pid":"010700110091"},"geometry":{"type":"Polygon","coordinates":[[[-84.486448,39.141785],[-84.486089,39.141784],[-84.486096,39.141642],[-84.486455,39.141655],[-84.486448,39.141785]]]}},{"type":"Feature","properties":{"pid":"010700110092"},"geometry":{"type":"Polygon","coordinates":[[[-84.4865,39.142771],[-84.486534,39.142185],[-84.486713,39.142192],[-84.48668,39.142778],[-84.4865,39.142771]]]}},{"type":"Feature","properties":{"pid":"010700110093"},"geometry":{"type":"Polygon","coordinates":[[[-84.486084,39.141874],[-84.486089,39.141784],[-84.486448,39.141785],[-84.486442,39.141882],[-84.486084,39.141874]]]}},{"type":"Feature","properties":{"pid":"010700110094"},"geometry":{"type":"Polygon","coordinates":[[[-84.488869,39.143593],[-84.488887,39.143303],[-84.489057,39.143309],[-84.489045,39.1436],[-84.488869,39.143593]]]}},{"type":"Feature","properties":{"pid":"010700110095"},"geometry":{"type":"Polygon","coordinates":[[[-84.488668,39.143155],[-84.488686,39.142852],[-84.488862,39.142859],[-84.488847,39.143162],[-84.488668,39.143155]]]}},{"type":"Feature","properties":{"pid":"010700110097"},"geometry":{"type":"Polygon","coordinates":[[[-84.487372,39.142803],[-84.487406,39.142218],[-84.48758,39.142225],[-84.487545,39.14281],[-84.487372,39.142803]]]}},{"type":"Feature","properties":{"pid":"010700110100"},"geometry":{"type":"Polygon","coordinates":[[[-84.486117,39.142756],[-84.48617,39.142171],[-84.486357,39.142178],[-84.486329,39.142764],[-84.486117,39.142756]]]}},{"type":"Feature","properties":{"pid":"010700110101"},"geometry":{"type":"Polygon","coordinates":[[[-84.486121,39.141249],[-84.486128,39.141109],[-84.486486,39.141122],[-84.486478,39.141263],[-84.486121,39.141249]]]}},{"type":"Feature","properties":{"pid":"010700110102"},"geometry":{"type":"Polygon","coordinates":[[[-84.486128,39.141109],[-84.486135,39.140968],[-84.486494,39.140984],[-84.486486,39.141122],[-84.486128,39.141109]]]}},{"type":"Feature","properties":{"pid":"010700110105"},"geometry":{"type":"Polygon","coordinates":[[[-84.486329,39.142764],[-84.486357,39.142178],[-84.486534,39.142185],[-84.4865,39.142771],[-84.486329,39.142764]]]}},{"type":"Feature","properties":{"pid":"010700110109"},"geometry":{"type":"Polygon","coordinates":[[[-84.485413,39.142733],[-84.48546,39.142144],[-84.485638,39.142151],[-84.485588,39.142739],[-84.485413,39.142733]]]}},{"type":"Feature","properties":{"pid":"010700110110"},"geometry":{"type":"Polygon","coordinates":[[[-84.485588,39.142739],[-84.485638,39.142151],[-84.485817,39.142157],[-84.485763,39.142744],[-84.485588,39.142739]]]}},{"type":"Feature","properties":{"pid":"010700110111"},"geometry":{"type":"Polygon","coordinates":[[[-84.485763,39.142744],[-84.485817,39.142157],[-84.485993,39.142164],[-84.485939,39.14275],[-84.485763,39.142744]]]}},{"type":"Feature","properties":{"pid":"010700110112"},"geometry":{"type":"Polygon","coordinates":[[[-84.485939,39.14275],[-84.485993,39.142164],[-84.48617,39.142171],[-84.486117,39.142756],[-84.485939,39.14275]]]}},{"type":"Feature","properties":{"pid":"010700110117"},"geometry":{"type":"Polygon","coordinates":[[[-84.489912,39.143633],[-84.489294,39.143623],[-84.487417,39.143563],[-84.48742,39.143537],[-84.489912,39.143633]]]}},{"type":"Feature","properties":{"pid":"010700120001"},"geometry":{"type":"Polygon","coordinates":[[[-84.48482,39.144842],[-84.484856,39.144288],[-84.485016,39.144295],[-84.484977,39.144848],[-84.48482,39.144842]]]}},{"type":"Feature","properties":{"pid":"010700120002"},"geometry":{"type":"Polygon","coordinates":[[[-84.484661,39.144835],[-84.484695,39.144282],[-84.484856,39.144288],[-84.48482,39.144842],[-84.484661,39.144835]]]}},{"type":"Feature","properties":{"pid":"010700120003"},"geometry":{"type":"Polygon","coordinates":[[[-84.484505,39.144829],[-84.484538,39.144275],[-84.484695,39.144282],[-84.484661,39.144835],[-84.484505,39.144829]]]}},{"type":"Feature","properties":{"pid":"010700120017"},"geometry":{"type":"Polygon","coordinates":[[[-84.484886,39.14429],[-84.484965,39.143834],[-84.485099,39.143847],[-84.485016,39.144295],[-84.484886,39.14429]]]}},{"type":"Feature","properties":{"pid":"010700120018"},"geometry":{"type":"Polygon","coordinates":[[[-84.484856,39.144288],[-84.484755,39.144284],[-84.484836,39.143821],[-84.484965,39.143834],[-84.484856,39.144288]]]}},{"type":"Feature","properties":{"pid":"010700120020"},"geometry":{"type":"Polygon","coordinates":[[[-84.484755,39.144284],[-84.484624,39.144279],[-84.484701,39.143808],[-84.484836,39.143821],[-84.484755,39.144284]]]}},{"type":"Feature","properties":{"pid":"010800010002"},"geometry":{"type":"Polygon","coordinates":[[[-84.488688,39.147165],[-84.488706,39.146889],[-84.489309,39.146914],[-84.489151,39.147185],[-84.488688,39.147165]]]}},{"type":"Feature","properties":{"pid":"010800010029"},"geometry":{"type":"Polygon","coordinates":[[[-84.487641,39.146706],[-84.487659,39.146433],[-84.487834,39.14644],[-84.487817,39.146713],[-84.487641,39.146706]]]}},{"type":"Feature","properties":{"pid":"010800010050"},"geometry":{"type":"Polygon","coordinates":[[[-84.486028,39.146367],[-84.486054,39.145967],[-84.48623,39.145974],[-84.486204,39.146374],[-84.486028,39.146367]]]}},{"type":"Feature","properties":{"pid":"010800010051"},"geometry":{"type":"Polygon","coordinates":[[[-84.486001,39.146366],[-84.485853,39.14636],[-84.485878,39.14596],[-84.486054,39.145967],[-84.486001,39.146366]]]}},{"type":"Feature","properties":{"pid":"010800010052"},"geometry":{"type":"Polygon","coordinates":[[[-84.485677,39.146353],[-84.485702,39.145953],[-84.485878,39.14596],[-84.485853,39.14636],[-84.485677,39.146353]]]}},{"type":"Feature","properties":{"pid":"010800010054"},"geometry":{"type":"Polygon","coordinates":[[[-84.489576,39.145969],[-84.489588,39.145777],[-84.489964,39.145792],[-84.489854,39.14598],[-84.489576,39.145969]]]}},{"type":"Feature","properties":{"pid":"010800010056"},"geometry":{"type":"Polygon","coordinates":[[[-84.489592,39.145713],[-84.489602,39.145569],[-84.490084,39.145588],[-84.490001,39.145729],[-84.489592,39.145713]]]}},{"type":"Feature","properties":{"pid":"010800010058"},"geometry":{"type":"Polygon","coordinates":[[[-84.489225,39.145955],[-84.489251,39.145555],[-84.489426,39.145562],[-84.489401,39.145962],[-84.489225,39.145955]]]}},{"type":"Feature","properties":{"pid":"010800010059"},"geometry":{"type":"Polygon","coordinates":[[[-84.48905,39.145948],[-84.489075,39.145548],[-84.489251,39.145555],[-84.489225,39.145955],[-84.48905,39.145948]]]}},{"type":"Feature","properties":{"pid":"010800010060"},"geometry":{"type":"Polygon","coordinates":[[[-84.488875,39.145941],[-84.4889,39.145541],[-84.489075,39.145548],[-84.48905,39.145948],[-84.488875,39.145941]]]}},{"type":"Feature","properties":{"pid":"010800010061"},"geometry":{"type":"Polygon","coordinates":[[[-84.488699,39.145934],[-84.488724,39.145534],[-84.4889,39.145541],[-84.488875,39.145941],[-84.488699,39.145934]]]}},{"type":"Feature","properties":{"pid":"010800010062"},"geometry":{"type":"Polygon","coordinates":[[[-84.488523,39.145927],[-84.488549,39.145527],[-84.488724,39.145534],[-84.488699,39.145934],[-84.488523,39.145927]]]}},{"type":"Feature","properties":{"pid":"010800010063"},"geometry":{"type":"Polygon","coordinates":[[[-84.488348,39.14592],[-84.488373,39.14552],[-84.488549,39.145527],[-84.488523,39.145927],[-84.488348,39.14592]]]}},{"type":"Feature","properties":{"pid":"010800010064"},"geometry":{"type":"Polygon","coordinates":[[[-84.488172,39.145913],[-84.488198,39.145513],[-84.488373,39.14552],[-84.488348,39.14592],[-84.488172,39.145913]]]}},{"type":"Feature","properties":{"pid":"010800010065"},"geometry":{"type":"Polygon","coordinates":[[[-84.487997,39.145906],[-84.488022,39.145506],[-84.488198,39.145513],[-84.488172,39.145913],[-84.487997,39.145906]]]}},{"type":"Feature","properties":{"pid":"010800010066"},"geometry":{"type":"Polygon","coordinates":[[[-84.487997,39.145906],[-84.487821,39.145899],[-84.487846,39.145499],[-84.488022,39.145506],[-84.487997,39.145906]]]}},{"type":"Feature","properties":{"pid":"010800010067"},"geometry":{"type":"Polygon","coordinates":[[[-84.487645,39.145892],[-84.487671,39.145492],[-84.487846,39.145499],[-84.487821,39.145899],[-84.487645,39.145892]]]}},{"type":"Feature","properties":{"pid":"010800010068"},"geometry":{"type":"Polygon","coordinates":[[[-84.487469,39.145885],[-84.487495,39.145485],[-84.487671,39.145492],[-84.487645,39.145892],[-84.487469,39.145885]]]}},{"type":"Feature","properties":{"pid":"010800010069"},"geometry":{"type":"Polygon","coordinates":[[[-84.487294,39.145878],[-84.487319,39.145478],[-84.487495,39.145485],[-84.487469,39.145885],[-84.487294,39.145878]]]}},{"type":"Feature","properties":{"pid":"010800010070"},"geometry":{"type":"Polygon","coordinates":[[[-84.487118,39.145871],[-84.487143,39.145471],[-84.487319,39.145478],[-84.487294,39.145878],[-84.487118,39.145871]]]}},{"type":"Feature","properties":{"pid":"010800010071"},"geometry":{"type":"Polygon","coordinates":[[[-84.486942,39.145864],[-84.486967,39.145464],[-84.487143,39.145471],[-84.487118,39.145871],[-84.486942,39.145864]]]}},{"type":"Feature","properties":{"pid":"010800010072"},"geometry":{"type":"Polygon","coordinates":[[[-84.486766,39.145857],[-84.486792,39.145457],[-84.486967,39.145464],[-84.486942,39.145864],[-84.486766,39.145857]]]}},{"type":"Feature","properties":{"pid":"010800010076"},"geometry":{"type":"Polygon","coordinates":[[[-84.486062,39.145829],[-84.486088,39.145429],[-84.486264,39.145436],[-84.486238,39.145836],[-84.486062,39.145829]]]}},{"type":"Feature","properties":{"pid":"010800010077"},"geometry":{"type":"Polygon","coordinates":[[[-84.485886,39.145822],[-84.485912,39.145422],[-84.486088,39.145429],[-84.486062,39.145829],[-84.485886,39.145822]]]}},{"type":"Feature","properties":{"pid":"010800010078"},"geometry":{"type":"Polygon","coordinates":[[[-84.48571,39.145815],[-84.485736,39.145415],[-84.485912,39.145422],[-84.485886,39.145822],[-84.48571,39.145815]]]}},{"type":"Feature","properties":{"pid":"010800010079"},"geometry":{"type":"Polygon","coordinates":[[[-84.485534,39.145808],[-84.48556,39.145408],[-84.485736,39.145415],[-84.48571,39.145815],[-84.485534,39.145808]]]}},{"type":"Feature","properties":{"pid":"010800010080"},"geometry":{"type":"Polygon","coordinates":[[[-84.489777,39.145576],[-84.489802,39.145176],[-84.490313,39.145197],[-84.490084,39.145588],[-84.489777,39.145576]]]}},{"type":"Feature","properties":{"pid":"010800010082"},"geometry":{"type":"Polygon","coordinates":[[[-84.489426,39.145562],[-84.489451,39.145162],[-84.489627,39.145169],[-84.489602,39.145569],[-84.489426,39.145562]]]}},{"type":"Feature","properties":{"pid":"010800010084"},"geometry":{"type":"Polygon","coordinates":[[[-84.489075,39.145548],[-84.4891,39.145148],[-84.489276,39.145155],[-84.489251,39.145555],[-84.489075,39.145548]]]}},{"type":"Feature","properties":{"pid":"010800010087"},"geometry":{"type":"Polygon","coordinates":[[[-84.488724,39.145534],[-84.488732,39.145134],[-84.488925,39.145141],[-84.4889,39.145541],[-84.488724,39.145534]]]}},{"type":"Feature","properties":{"pid":"010800010088"},"geometry":{"type":"Polygon","coordinates":[[[-84.488549,39.145527],[-84.488574,39.145127],[-84.488732,39.145134],[-84.488706,39.145534],[-84.488549,39.145527]]]}},{"type":"Feature","properties":{"pid":"010800010089"},"geometry":{"type":"Polygon","coordinates":[[[-84.488373,39.14552],[-84.488398,39.14512],[-84.488574,39.145127],[-84.488549,39.145527],[-84.488373,39.14552]]]}},{"type":"Feature","properties":{"pid":"010800010090"},"geometry":{"type":"Polygon","coordinates":[[[-84.488198,39.145513],[-84.488223,39.145113],[-84.488398,39.14512],[-84.488373,39.14552],[-84.488198,39.145513]]]}},{"type":"Feature","properties":{"pid":"010800010091"},"geometry":{"type":"Polygon","coordinates":[[[-84.488022,39.145506],[-84.488047,39.145106],[-84.488223,39.145113],[-84.488198,39.145513],[-84.488022,39.145506]]]}},{"type":"Feature","properties":{"pid":"010800010095"},"geometry":{"type":"Polygon","coordinates":[[[-84.487671,39.145492],[-84.48746,39.145484],[-84.487485,39.145084],[-84.487696,39.145093],[-84.487671,39.145492]]]}},{"type":"Feature","properties":{"pid":"010800010096"},"geometry":{"type":"Polygon","coordinates":[[[-84.487319,39.145478],[-84.487345,39.145079],[-84.487485,39.145084],[-84.48746,39.145484],[-84.487319,39.145478]]]}},{"type":"Feature","properties":{"pid":"010800010097"},"geometry":{"type":"Polygon","coordinates":[[[-84.487143,39.145471],[-84.487169,39.145072],[-84.487345,39.145079],[-84.487319,39.145478],[-84.487143,39.145471]]]}},{"type":"Feature","properties":{"pid":"010800010098"},"geometry":{"type":"Polygon","coordinates":[[[-84.486967,39.145464],[-84.486993,39.145065],[-84.487169,39.145072],[-84.487143,39.145471],[-84.486967,39.145464]]]}},{"type":"Feature","properties":{"pid":"010800010099"},"geometry":{"type":"Polygon","coordinates":[[[-84.486792,39.145457],[-84.486817,39.145058],[-84.486993,39.145065],[-84.486967,39.145464],[-84.486792,39.145457]]]}},{"type":"Feature","properties":{"pid":"010800010103"},"geometry":{"type":"Polygon","coordinates":[[[-84.486088,39.145429],[-84.486113,39.14503],[-84.486289,39.145037],[-84.486264,39.145436],[-84.486088,39.145429]]]}},{"type":"Feature","properties":{"pid":"010800010104"},"geometry":{"type":"Polygon","coordinates":[[[-84.485912,39.145422],[-84.485937,39.145023],[-84.486113,39.14503],[-84.486088,39.145429],[-84.485912,39.145422]]]}},{"type":"Feature","properties":{"pid":"010800010105"},"geometry":{"type":"Polygon","coordinates":[[[-84.485736,39.145415],[-84.485761,39.145016],[-84.485937,39.145023],[-84.485912,39.145422],[-84.485736,39.145415]]]}},{"type":"Feature","properties":{"pid":"010800010106"},"geometry":{"type":"Polygon","coordinates":[[[-84.48556,39.145408],[-84.485585,39.145009],[-84.485761,39.145016],[-84.485736,39.145415],[-84.48556,39.145408]]]}},{"type":"Feature","properties":{"pid":"010800010114"},"geometry":{"type":"Polygon","coordinates":[[[-84.48601,39.147399],[-84.486026,39.147123],[-84.486237,39.147132],[-84.486221,39.147408],[-84.48601,39.147399]]]}},{"type":"Feature","properties":{"pid":"010800010115"},"geometry":{"type":"Polygon","coordinates":[[[-84.486448,39.147141],[-84.486026,39.147123],[-84.486034,39.146986],[-84.486456,39.147003],[-84.486448,39.147141]]]}},{"type":"Feature","properties":{"pid":"010800010116"},"geometry":{"type":"Polygon","coordinates":[[[-84.486456,39.147003],[-84.486034,39.146986],[-84.486041,39.146862],[-84.486463,39.14688],[-84.486456,39.147003]]]}},{"type":"Feature","properties":{"pid":"010800020001"},"geometry":{"type":"Polygon","coordinates":[[[-84.485346,39.146339],[-84.48535,39.145939],[-84.485526,39.145946],[-84.485501,39.146346],[-84.485346,39.146339]]]}},{"type":"Feature","properties":{"pid":"010800020015"},"geometry":{"type":"Polygon","coordinates":[[[-84.482689,39.146227],[-84.482919,39.145842],[-84.48306,39.145848],[-84.483036,39.146214],[-84.482689,39.146227]]]}},{"type":"Feature","properties":{"pid":"010800020016"},"geometry":{"type":"Polygon","coordinates":[[[-84.485358,39.145801],[-84.485384,39.145401],[-84.48556,39.145408],[-84.485534,39.145808],[-84.485358,39.145801]]]}},{"type":"Feature","properties":{"pid":"010800020017"},"geometry":{"type":"Polygon","coordinates":[[[-84.485182,39.145794],[-84.485207,39.145394],[-84.485384,39.145401],[-84.485358,39.145801],[-84.485182,39.145794]]]}},{"type":"Feature","properties":{"pid":"010800020018"},"geometry":{"type":"Polygon","coordinates":[[[-84.485006,39.145787],[-84.485031,39.145387],[-84.485207,39.145394],[-84.485182,39.145794],[-84.485006,39.145787]]]}},{"type":"Feature","properties":{"pid":"010800020019"},"geometry":{"type":"Polygon","coordinates":[[[-84.48483,39.14578],[-84.484855,39.14538],[-84.485031,39.145387],[-84.485006,39.145787],[-84.48483,39.14578]]]}},{"type":"Feature","properties":{"pid":"010800020020"},"geometry":{"type":"Polygon","coordinates":[[[-84.484653,39.145773],[-84.484679,39.145373],[-84.484855,39.14538],[-84.48483,39.14578],[-84.484653,39.145773]]]}},{"type":"Feature","properties":{"pid":"010800020021"},"geometry":{"type":"Polygon","coordinates":[[[-84.484477,39.145766],[-84.484503,39.145366],[-84.484679,39.145373],[-84.484653,39.145773],[-84.484477,39.145766]]]}},{"type":"Feature","properties":{"pid":"010800020022"},"geometry":{"type":"Polygon","coordinates":[[[-84.484477,39.145766],[-84.4843,39.145759],[-84.484326,39.14536],[-84.484503,39.145366],[-84.484477,39.145766]]]}},{"type":"Feature","properties":{"pid":"010800020024"},"geometry":{"type":"Polygon","coordinates":[[[-84.485384,39.145401],[-84.485409,39.145002],[-84.485585,39.145009],[-84.48556,39.145408],[-84.485384,39.145401]]]}},{"type":"Feature","properties":{"pid":"010800020025"},"geometry":{"type":"Polygon","coordinates":[[[-84.485207,39.145394],[-84.485233,39.144995],[-84.485409,39.145002],[-84.485384,39.145401],[-84.485207,39.145394]]]}},{"type":"Feature","properties":{"pid":"010800020026"},"geometry":{"type":"Polygon","coordinates":[[[-84.485031,39.145387],[-84.485057,39.144988],[-84.485233,39.144995],[-84.485207,39.145394],[-84.485031,39.145387]]]}},{"type":"Feature","properties":{"pid":"010800020027"},"geometry":{"type":"Polygon","coordinates":[[[-84.485031,39.145387],[-84.484784,39.145377],[-84.48481,39.144978],[-84.485057,39.144988],[-84.485031,39.145387]]]}},{"type":"Feature","properties":{"pid":"010800020028"},"geometry":{"type":"Polygon","coordinates":[[[-84.484784,39.145377],[-84.484643,39.145372],[-84.484669,39.144973],[-84.48481,39.144978],[-84.484784,39.145377]]]}},{"type":"Feature","properties":{"pid":"010800020029"},"geometry":{"type":"Polygon","coordinates":[[[-84.484503,39.145366],[-84.484528,39.144967],[-84.484669,39.144973],[-84.484643,39.145372],[-84.484503,39.145366]]]}},{"type":"Feature","properties":{"pid":"010800020030"},"geometry":{"type":"Polygon","coordinates":[[[-84.48451,39.145242],[-84.484333,39.145236],[-84.484351,39.14496],[-84.484528,39.144967],[-84.48451,39.145242]]]}},{"type":"Feature","properties":{"pid":"010800020032"},"geometry":{"type":"Polygon","coordinates":[[[-84.483772,39.145738],[-84.483797,39.145339],[-84.483973,39.145346],[-84.483948,39.145745],[-84.483772,39.145738]]]}},{"type":"Feature","properties":{"pid":"010800020048"},"geometry":{"type":"Polygon","coordinates":[[[-84.484503,39.145366],[-84.484326,39.14536],[-84.484333,39.145236],[-84.48451,39.145242],[-84.484503,39.145366]]]}},{"type":"Feature","properties":{"pid":"010800020051"},"geometry":{"type":"Polygon","coordinates":[[[-84.484158,39.145221],[-84.484175,39.144953],[-84.484351,39.14496],[-84.484334,39.145228],[-84.484158,39.145221]]]}},{"type":"Feature","properties":{"pid":"010800020056"},"geometry":{"type":"Polygon","coordinates":[[[-84.483288,39.146133],[-84.483305,39.145858],[-84.483411,39.145862],[-84.483393,39.146137],[-84.483288,39.146133]]]}},{"type":"Feature","properties":{"pid":"010800030007"},"geometry":{"type":"Polygon","coordinates":[[[-84.484279,39.147296],[-84.484594,39.147138],[-84.484786,39.147276],[-84.484616,39.147303],[-84.484501,39.147444],[-84.484279,39.147296]]]}},{"type":"Feature","properties":{"pid":"010800030008"},"geometry":{"type":"Polygon","coordinates":[[[-84.483577,39.14729],[-84.483734,39.147159],[-84.483992,39.147347],[-84.483835,39.147477],[-84.483577,39.14729]]]}},{"type":"Feature","properties":{"pid":"010800030036"},"geometry":{"type":"Polygon","coordinates":[[[-84.484398,39.146913],[-84.484113,39.14671],[-84.484185,39.146703],[-84.48449,39.14692],[-84.484398,39.146913]]]}},{"type":"Feature","properties":{"pid":"010800030038"},"geometry":{"type":"Polygon","coordinates":[[[-84.483796,39.146742],[-84.48367,39.146462],[-84.484859,39.146513],[-84.484593,39.146661],[-84.483796,39.146742]]]}},{"type":"Feature","properties":{"pid":"010800030055"},"geometry":{"type":"Polygon","coordinates":[[[-84.484398,39.146913],[-84.48388,39.146892],[-84.483796,39.146742],[-84.484113,39.14671],[-84.484398,39.146913]]]}},{"type":"Feature","properties":{"pid":"010800030060"},"geometry":{"type":"Polygon","coordinates":[[[-84.48369,39.147597],[-84.483394,39.1474],[-84.483545,39.147316],[-84.483825,39.147485],[-84.48369,39.147597]]]}},{"type":"Feature","properties":{"pid":"010400020017"},"geometry":{"type":"Polygon","coordinates":[[[-84.501366,39.139816],[-84.502084,39.139572],[-84.502157,39.139703],[-84.501381,39.139967],[-84.501366,39.139816]]]}},{"type":"Feature","properties":{"pid":"010400020020"},"geometry":{"type":"Polygon","coordinates":[[[-84.502067,39.140326],[-84.502196,39.140282],[-84.502323,39.140508],[-84.502194,39.140552],[-84.502067,39.140326]]]}},{"type":"Feature","properties":{"pid":"010800030072"},"geometry":{"type":"Polygon","coordinates":[[[-84.484144,39.147639],[-84.484501,39.147444],[-84.484282,39.14771],[-84.484144,39.147639]]]}},{"type":"Feature","properties":{"pid":"010800040002"},"geometry":{"type":"Polygon","coordinates":[[[-84.485675,39.150434],[-84.48602,39.150136],[-84.486706,39.150552],[-84.486341,39.150857],[-84.485675,39.150434]]]}},{"type":"Feature","properties":{"pid":"010800040034"},"geometry":{"type":"Polygon","coordinates":[[[-84.486808,39.150471],[-84.486257,39.150139],[-84.48632,39.150088],[-84.486863,39.15043],[-84.486808,39.150471]]]}},{"type":"Feature","properties":{"pid":"010800040035"},"geometry":{"type":"Polygon","coordinates":[[[-84.48632,39.150088],[-84.486502,39.149937],[-84.48705,39.150275],[-84.486863,39.15043],[-84.48632,39.150088]]]}},{"type":"Feature","properties":{"pid":"010800040037"},"geometry":{"type":"Polygon","coordinates":[[[-84.485572,39.150369],[-84.48547,39.150304],[-84.485822,39.150016],[-84.485912,39.150071],[-84.485572,39.150369]]]}},{"type":"Feature","properties":{"pid":"010800040039"},"geometry":{"type":"Polygon","coordinates":[[[-84.485387,39.150252],[-84.484293,39.149556],[-84.484617,39.149281],[-84.48572,39.149954],[-84.485387,39.150252]]]}},{"type":"Feature","properties":{"pid":"010800040040"},"geometry":{"type":"Polygon","coordinates":[[[-84.485572,39.150369],[-84.485912,39.150071],[-84.48602,39.150136],[-84.485675,39.150434],[-84.485572,39.150369]]]}},{"type":"Feature","properties":{"pid":"010800040041"},"geometry":{"type":"Polygon","coordinates":[[[-84.485387,39.150252],[-84.48572,39.149954],[-84.485822,39.150016],[-84.48547,39.150304],[-84.485387,39.150252]]]}},{"type":"Feature","properties":{"pid":"011000030098"},"geometry":{"type":"Polygon","coordinates":[[[-84.478962,39.155615],[-84.478918,39.156026],[-84.478531,39.156],[-84.478575,39.15559],[-84.478962,39.155615]]]}},{"type":"Feature","properties":{"pid":"011100020003"},"geometry":{"type":"Polygon","coordinates":[[[-84.479687,39.160986],[-84.479967,39.160452],[-84.483032,39.160642],[-84.482981,39.161192],[-84.479687,39.160986]]]}},{"type":"Feature","properties":{"pid":"011100020015"},"geometry":{"type":"Polygon","coordinates":[[[-84.480175,39.160056],[-84.480231,39.159949],[-84.482128,39.160067],[-84.482117,39.160177],[-84.480175,39.160056]]]}},{"type":"Feature","properties":{"pid":"011100050068"},"geometry":{"type":"Polygon","coordinates":[[[-84.486236,39.154738],[-84.486393,39.154851],[-84.486125,39.155169],[-84.485955,39.155081],[-84.486236,39.154738]]]}},{"type":"Feature","properties":{"pid":"011100050069"},"geometry":{"type":"Polygon","coordinates":[[[-84.486125,39.155169],[-84.486393,39.154851],[-84.486507,39.15491],[-84.486242,39.155229],[-84.486125,39.155169]]]}},{"type":"Feature","properties":{"pid":"011100050070"},"geometry":{"type":"Polygon","coordinates":[[[-84.486242,39.155229],[-84.486507,39.15491],[-84.486732,39.155026],[-84.486464,39.155343],[-84.486242,39.155229]]]}},{"type":"Feature","properties":{"pid":"011500040127"},"geometry":{"type":"Polygon","coordinates":[[[-84.489726,39.159643],[-84.489619,39.159595],[-84.489622,39.159561],[-84.48973,39.159606],[-84.489726,39.159643]]]}},{"type":"Feature","properties":{"pid":"011500050057"},"geometry":{"type":"Polygon","coordinates":[[[-84.488954,39.16121],[-84.488887,39.161094],[-84.489187,39.161037],[-84.489557,39.161219],[-84.488954,39.16121]]]}},{"type":"Feature","properties":{"pid":"011300030016"},"geometry":{"type":"Polygon","coordinates":[[[-84.498042,39.151592],[-84.498544,39.15118],[-84.498751,39.151435],[-84.498449,39.151702],[-84.498042,39.151592]]]}},{"type":"Feature","properties":{"pid":"011500040011"},"geometry":{"type":"Polygon","coordinates":[[[-84.486612,39.155419],[-84.486899,39.155079],[-84.487248,39.155258],[-84.486969,39.155604],[-84.486612,39.155419]]]}},{"type":"Feature","properties":{"pid":"011500040024"},"geometry":{"type":"Polygon","coordinates":[[[-84.486969,39.155604],[-84.487248,39.155258],[-84.487347,39.155309],[-84.487277,39.155723],[-84.486969,39.155604]]]}},{"type":"Feature","properties":{"pid":"011300030013"},"geometry":{"type":"Polygon","coordinates":[[[-84.494788,39.149154],[-84.49483,39.148827],[-84.495395,39.148859],[-84.495362,39.149188],[-84.494788,39.149154]]]}},{"type":"Feature","properties":{"pid":"011300030014"},"geometry":{"type":"Polygon","coordinates":[[[-84.49589,39.149672],[-84.495899,39.149563],[-84.496078,39.149364],[-84.496215,39.149059],[-84.496167,39.149664],[-84.49589,39.149672]]]}},{"type":"Feature","properties":{"pid":"010800050034"},"geometry":{"type":"Polygon","coordinates":[[[-84.482586,39.148618],[-84.483143,39.148151],[-84.483581,39.148181],[-84.482842,39.148805],[-84.482586,39.148618]]]}},{"type":"Feature","properties":{"pid":"010800030010"},"geometry":{"type":"Polygon","coordinates":[[[-84.483298,39.14748],[-84.483921,39.147898],[-84.483852,39.147977],[-84.483318,39.147956],[-84.483127,39.147563],[-84.483298,39.14748]]]}},{"type":"Feature","properties":{"pid":"010800030023"},"geometry":{"type":"Polygon","coordinates":[[[-84.482484,39.148543],[-84.482961,39.148138],[-84.483143,39.148151],[-84.482586,39.148618],[-84.482484,39.148543]]]}},{"type":"Feature","properties":{"pid":"010800030025"},"geometry":{"type":"Polygon","coordinates":[[[-84.481495,39.148674],[-84.48221,39.148087],[-84.482311,39.148094],[-84.481559,39.148721],[-84.481495,39.148674]]]}},{"type":"Feature","properties":{"pid":"010800030026"},"geometry":{"type":"Polygon","coordinates":[[[-84.481424,39.148623],[-84.482083,39.148079],[-84.48221,39.148087],[-84.481495,39.148674],[-84.481424,39.148623]]]}},{"type":"Feature","properties":{"pid":"010800030027"},"geometry":{"type":"Polygon","coordinates":[[[-84.481295,39.148529],[-84.481862,39.148064],[-84.482083,39.148079],[-84.481424,39.148623],[-84.481295,39.148529]]]}},{"type":"Feature","properties":{"pid":"010800030028"},"geometry":{"type":"Polygon","coordinates":[[[-84.481229,39.148481],[-84.481744,39.148056],[-84.481862,39.148064],[-84.481295,39.148529],[-84.481229,39.148481]]]}},{"type":"Feature","properties":{"pid":"011500050085"},"geometry":{"type":"Polygon","coordinates":[[[-84.485408,39.162393],[-84.485401,39.162075],[-84.485632,39.162075],[-84.485672,39.162396],[-84.485408,39.162393]]]}},{"type":"Feature","properties":{"pid":"011500050163"},"geometry":{"type":"Polygon","coordinates":[[[-84.489331,39.163372],[-84.489317,39.163509],[-84.489177,39.16349],[-84.489163,39.163627],[-84.488989,39.163605],[-84.489051,39.163031],[-84.489311,39.16304],[-84.489276,39.163369],[-84.489331,39.163372]]]}},{"type":"Feature","properties":{"pid":"011500050151"},"geometry":{"type":"Polygon","coordinates":[[[-84.489331,39.163372],[-84.489276,39.163369],[-84.489311,39.16304],[-84.489367,39.163044],[-84.489331,39.163372]]]}},{"type":"Feature","properties":{"pid":"011500050140"},"geometry":{"type":"Polygon","coordinates":[[[-84.488623,39.163557],[-84.488679,39.163044],[-84.489051,39.163031],[-84.488989,39.163605],[-84.488623,39.163557]]]}},{"type":"Feature","properties":{"pid":"011500040028"},"geometry":{"type":"Polygon","coordinates":[[[-84.486464,39.155343],[-84.486732,39.155026],[-84.486791,39.155056],[-84.486523,39.155374],[-84.486464,39.155343]]]}},{"type":"Feature","properties":{"pid":"011500040038"},"geometry":{"type":"Polygon","coordinates":[[[-84.489799,39.158944],[-84.489365,39.158918],[-84.489317,39.158681],[-84.489826,39.158714],[-84.489799,39.158944]]]}},{"type":"Feature","properties":{"pid":"011500040062"},"geometry":{"type":"Polygon","coordinates":[[[-84.489954,39.157573],[-84.489421,39.15756],[-84.489367,39.157329],[-84.48999,39.157194],[-84.489954,39.157573]]]}},{"type":"Feature","properties":{"pid":"011500040083"},"geometry":{"type":"Polygon","coordinates":[[[-84.48973,39.159606],[-84.489622,39.159561],[-84.489608,39.159498],[-84.489742,39.15949],[-84.48973,39.159606]]]}},{"type":"Feature","properties":{"pid":"011500040097"},"geometry":{"type":"Polygon","coordinates":[[[-84.490012,39.156968],[-84.48999,39.157194],[-84.489367,39.157329],[-84.489211,39.157132],[-84.489722,39.156843],[-84.490012,39.156968]]]}},{"type":"Feature","properties":{"pid":"011500040098"},"geometry":{"type":"Polygon","coordinates":[[[-84.489211,39.157132],[-84.489114,39.157063],[-84.489438,39.15672],[-84.489722,39.156843],[-84.489211,39.157132]]]}},{"type":"Feature","properties":{"pid":"011500050061"},"geometry":{"type":"Polygon","coordinates":[[[-84.48954,39.161355],[-84.489003,39.161334],[-84.488954,39.16121],[-84.489557,39.161219],[-84.48954,39.161355]]]}},{"type":"Feature","properties":{"pid":"011500040037"},"geometry":{"type":"Polygon","coordinates":[[[-84.487979,39.155951],[-84.488427,39.155974],[-84.488404,39.156267],[-84.488462,39.156391],[-84.488395,39.156385],[-84.488295,39.156581],[-84.487949,39.156376],[-84.487889,39.156301],[-84.487901,39.155997],[-84.487979,39.155951]]]}},{"type":"Feature","properties":{"pid":"011500040108"},"geometry":{"type":"Polygon","coordinates":[[[-84.489317,39.159722],[-84.489241,39.159741],[-84.489089,39.159655],[-84.489346,39.159405],[-84.48944,39.159533],[-84.489317,39.159722]]]}},{"type":"Feature","properties":{"pid":"011500050091"},"geometry":{"type":"Polygon","coordinates":[[[-84.484916,39.162397],[-84.484941,39.162552],[-84.484092,39.162812],[-84.484124,39.162503],[-84.484916,39.162397]]]}},{"type":"Feature","properties":{"pid":"011500050135"},"geometry":{"type":"Polygon","coordinates":[[[-84.486411,39.162758],[-84.486466,39.162444],[-84.486651,39.162464],[-84.486721,39.162757],[-84.486658,39.162785],[-84.486411,39.162758]]]}},{"type":"Feature","properties":{"pid":"011500050086"},"geometry":{"type":"Polygon","coordinates":[[[-84.485401,39.162075],[-84.485408,39.162393],[-84.485057,39.162389],[-84.485111,39.162081],[-84.485219,39.162049],[-84.485401,39.162075]]]}},{"type":"Feature","properties":{"pid":"011500050132"},"geometry":{"type":"Polygon","coordinates":[[[-84.484165,39.162104],[-84.484185,39.161913],[-84.484638,39.161803],[-84.484902,39.161924],[-84.484961,39.161998],[-84.484165,39.162104]]]}},{"type":"Feature","properties":{"pid":"011500050150"},"geometry":{"type":"Polygon","coordinates":[[[-84.484149,39.162265],[-84.484165,39.162104],[-84.484961,39.161998],[-84.484925,39.162161],[-84.484149,39.162265]]]}},{"type":"Feature","properties":{"pid":"011500050087"},"geometry":{"type":"Polygon","coordinates":[[[-84.486017,39.162318],[-84.48589,39.162032],[-84.48624,39.161916],[-84.48649,39.162155],[-84.486017,39.162318]]]}},{"type":"Feature","properties":{"pid":"011500050096"},"geometry":{"type":"Polygon","coordinates":[[[-84.487132,39.162019],[-84.487277,39.162186],[-84.486784,39.162424],[-84.486701,39.162223],[-84.487132,39.162019]]]}},{"type":"Feature","properties":{"pid":"011500050117"},"geometry":{"type":"Polygon","coordinates":[[[-84.486701,39.162223],[-84.486557,39.162041],[-84.486973,39.161837],[-84.487132,39.162019],[-84.486701,39.162223]]]}},{"type":"Feature","properties":{"pid":"011500050083"},"geometry":{"type":"Polygon","coordinates":[[[-84.486973,39.161837],[-84.486557,39.162041],[-84.48638,39.161842],[-84.486782,39.161618],[-84.486973,39.161837]]]}},{"type":"Feature","properties":{"pid":"010500010003"},"geometry":{"type":"Polygon","coordinates":[[[-84.49571,39.137074],[-84.495617,39.137055],[-84.49569,39.136808],[-84.495843,39.136827],[-84.49571,39.137074]]]}},{"type":"Feature","properties":{"pid":"010500010004"},"geometry":{"type":"Polygon","coordinates":[[[-84.495617,39.137055],[-84.495528,39.137036],[-84.495571,39.136794],[-84.49569,39.136808],[-84.495617,39.137055]]]}},{"type":"Feature","properties":{"pid":"010500010005"},"geometry":{"type":"Polygon","coordinates":[[[-84.495528,39.137036],[-84.49544,39.137018],[-84.495459,39.136781],[-84.495571,39.136794],[-84.495528,39.137036]]]}},{"type":"Feature","properties":{"pid":"010500010006"},"geometry":{"type":"Polygon","coordinates":[[[-84.496228,39.136872],[-84.495459,39.136781],[-84.495466,39.136693],[-84.496275,39.136769],[-84.496228,39.136872]]]}},{"type":"Feature","properties":{"pid":"010500010008"},"geometry":{"type":"Polygon","coordinates":[[[-84.496368,39.136563],[-84.496328,39.136652],[-84.495476,39.136578],[-84.495482,39.136501],[-84.496368,39.136563]]]}},{"type":"Feature","properties":{"pid":"010500010011"},"geometry":{"type":"Polygon","coordinates":[[[-84.495317,39.136993],[-84.495099,39.136972],[-84.4951,39.13632],[-84.495351,39.136329],[-84.495317,39.136993]]]}},{"type":"Feature","properties":{"pid":"011100050083"},"geometry":{"type":"Polygon","coordinates":[[[-84.486811,39.155033],[-84.486899,39.155079],[-84.486879,39.155101],[-84.486791,39.155056],[-84.486811,39.155033]]]}},{"type":"Feature","properties":{"pid":"011200010002"},"geometry":{"type":"Polygon","coordinates":[[[-84.486831,39.154029],[-84.487122,39.154186],[-84.486595,39.154811],[-84.486302,39.154656],[-84.486831,39.154029]]]}},{"type":"Feature","properties":{"pid":"010500010012"},"geometry":{"type":"Polygon","coordinates":[[[-84.494916,39.136968],[-84.494916,39.136313],[-84.4951,39.13632],[-84.495099,39.136972],[-84.494916,39.136968]]]}},{"type":"Feature","properties":{"pid":"010500010013"},"geometry":{"type":"Polygon","coordinates":[[[-84.494799,39.136308],[-84.494916,39.136313],[-84.494916,39.136968],[-84.494793,39.136965],[-84.494799,39.136308]]]}},{"type":"Feature","properties":{"pid":"010500010014"},"geometry":{"type":"Polygon","coordinates":[[[-84.494688,39.136305],[-84.494792,39.136308],[-84.494793,39.136965],[-84.494687,39.136963],[-84.494688,39.136305]]]}},{"type":"Feature","properties":{"pid":"010500010016"},"geometry":{"type":"Polygon","coordinates":[[[-84.494799,39.136308],[-84.494711,39.136305],[-84.494737,39.135904],[-84.494825,39.135907],[-84.494799,39.136308]]]}},{"type":"Feature","properties":{"pid":"010500010017"},"geometry":{"type":"Polygon","coordinates":[[[-84.494887,39.136312],[-84.494799,39.136308],[-84.494825,39.135907],[-84.494913,39.13591],[-84.494887,39.136312]]]}},{"type":"Feature","properties":{"pid":"010500010018"},"geometry":{"type":"Polygon","coordinates":[[[-84.494975,39.136315],[-84.494887,39.136312],[-84.494913,39.13591],[-84.495001,39.135913],[-84.494975,39.136315]]]}},{"type":"Feature","properties":{"pid":"010500010019"},"geometry":{"type":"Polygon","coordinates":[[[-84.495063,39.136318],[-84.494975,39.136315],[-84.495001,39.135913],[-84.495089,39.135917],[-84.495063,39.136318]]]}},{"type":"Feature","properties":{"pid":"010500010020"},"geometry":{"type":"Polygon","coordinates":[[[-84.495151,39.136322],[-84.495063,39.136318],[-84.495089,39.135917],[-84.495177,39.13592],[-84.495151,39.136322]]]}},{"type":"Feature","properties":{"pid":"011500050062"},"geometry":{"type":"Polygon","coordinates":[[[-84.489506,39.161557],[-84.48905,39.161534],[-84.489003,39.161334],[-84.48954,39.161355],[-84.489506,39.161557]]]}},{"type":"Feature","properties":{"pid":"011500050065"},"geometry":{"type":"Polygon","coordinates":[[[-84.48824,39.161427],[-84.488779,39.161187],[-84.488905,39.161489],[-84.488909,39.161771],[-84.487996,39.161937],[-84.487776,39.161723],[-84.48824,39.161427]]]}},{"type":"Feature","properties":{"pid":"011500050066"},"geometry":{"type":"Polygon","coordinates":[[[-84.488421,39.162149],[-84.488179,39.162084],[-84.487996,39.161937],[-84.488909,39.161771],[-84.488827,39.162167],[-84.488421,39.162149]]]}},{"type":"Feature","properties":{"pid":"011500050068"},"geometry":{"type":"Polygon","coordinates":[[[-84.488045,39.161551],[-84.487776,39.161723],[-84.487448,39.161383],[-84.487754,39.161241],[-84.488045,39.161551]]]}},{"type":"Feature","properties":{"pid":"011500050072"},"geometry":{"type":"Polygon","coordinates":[[[-84.486973,39.161837],[-84.486782,39.161618],[-84.487319,39.161446],[-84.487413,39.161535],[-84.486973,39.161837]]]}},{"type":"Feature","properties":{"pid":"010500010136"},"geometry":{"type":"Polygon","coordinates":[[[-84.492984,39.135793],[-84.493536,39.135231],[-84.493587,39.135259],[-84.493654,39.135904],[-84.492992,39.135889],[-84.492984,39.135793]]]}},{"type":"Feature","properties":{"pid":"010500010271"},"geometry":{"type":"Polygon","coordinates":[[[-84.492551,39.136369],[-84.492603,39.136884],[-84.492433,39.13688],[-84.492395,39.136507],[-84.492551,39.136369]]]}},{"type":"Feature","properties":{"pid":"010500010099"},"geometry":{"type":"Polygon","coordinates":[[[-84.493678,39.13487],[-84.493965,39.13488],[-84.493982,39.135046],[-84.493695,39.135036],[-84.493678,39.13487]]]}},{"type":"Feature","properties":{"pid":"010500010274"},"geometry":{"type":"Polygon","coordinates":[[[-84.494126,39.135795],[-84.49377,39.135782],[-84.493761,39.135683],[-84.494113,39.135669],[-84.494126,39.135795]]]}},{"type":"Feature","properties":{"pid":"010500010104"},"geometry":{"type":"Polygon","coordinates":[[[-84.4938,39.136029],[-84.49377,39.135782],[-84.494621,39.135813],[-84.494653,39.136048],[-84.4938,39.136029]]]}},{"type":"Feature","properties":{"pid":"010500010313"},"geometry":{"type":"Polygon","coordinates":[[[-84.493718,39.13526],[-84.493695,39.135036],[-84.494264,39.135057],[-84.494274,39.135152],[-84.494556,39.135163],[-84.494559,39.1352],[-84.493878,39.135177],[-84.493746,39.13521],[-84.493718,39.13526]]]}},{"type":"Feature","properties":{"pid":"011500050075"},"geometry":{"type":"Polygon","coordinates":[[[-84.489485,39.161898],[-84.489017,39.161868],[-84.489087,39.161536],[-84.489506,39.161557],[-84.489485,39.161898]]]}},{"type":"Feature","properties":{"pid":"011500050078"},"geometry":{"type":"Polygon","coordinates":[[[-84.488801,39.162503],[-84.488292,39.162471],[-84.488313,39.162252],[-84.488798,39.162295],[-84.488801,39.162503]]]}},{"type":"Feature","properties":{"pid":"011500050100"},"geometry":{"type":"Polygon","coordinates":[[[-84.488279,39.162608],[-84.487841,39.162583],[-84.488101,39.162172],[-84.488313,39.162252],[-84.488279,39.162608]]]}},{"type":"Feature","properties":{"pid":"011500050116"},"geometry":{"type":"Polygon","coordinates":[[[-84.487977,39.162084],[-84.488101,39.162172],[-84.487841,39.162583],[-84.487521,39.162465],[-84.487977,39.162084]]]}},{"type":"Feature","properties":{"pid":"011500050118"},"geometry":{"type":"Polygon","coordinates":[[[-84.488391,39.162961],[-84.488127,39.162989],[-84.488181,39.162603],[-84.488339,39.162612],[-84.488391,39.162961]]]}},{"type":"Feature","properties":{"pid":"011500050122"},"geometry":{"type":"Polygon","coordinates":[[[-84.488764,39.162893],[-84.488403,39.16296],[-84.488356,39.162668],[-84.488783,39.162695],[-84.488764,39.162893]]]}},{"type":"Feature","properties":{"pid":"011500050126"},"geometry":{"type":"Polygon","coordinates":[[[-84.488914,39.162779],[-84.489391,39.162815],[-84.489378,39.162934],[-84.48895,39.162919],[-84.488914,39.162779]]]}},{"type":"Feature","properties":{"pid":"011500050139"},"geometry":{"type":"Polygon","coordinates":[[[-84.487079,39.162843],[-84.486889,39.162763],[-84.486852,39.162646],[-84.487395,39.162321],[-84.487513,39.162456],[-84.487079,39.162843]]]}},{"type":"Feature","properties":{"pid":"011500050148"},"geometry":{"type":"Polygon","coordinates":[[[-84.488002,39.162592],[-84.488181,39.162603],[-84.488127,39.162989],[-84.487913,39.16298],[-84.488002,39.162592]]]}},{"type":"Feature","properties":{"pid":"011500050165"},"geometry":{"type":"Polygon","coordinates":[[[-84.48825,39.161422],[-84.487986,39.161139],[-84.488468,39.160891],[-84.488779,39.161187],[-84.48825,39.161422]]]}},{"type":"Feature","properties":{"pid":"011100050075"},"geometry":{"type":"Polygon","coordinates":[[[-84.486075,39.153618],[-84.486373,39.153778],[-84.485816,39.154401],[-84.485517,39.154244],[-84.486075,39.153618]]]}},{"type":"Feature","properties":{"pid":"011100050086"},"geometry":{"type":"Polygon","coordinates":[[[-84.486517,39.153856],[-84.486831,39.154029],[-84.486495,39.154428],[-84.486272,39.154296],[-84.486393,39.154002],[-84.486517,39.153856]]]}},{"type":"Feature","properties":{"pid":"011500050105"},"geometry":{"type":"Polygon","coordinates":[[[-84.488179,39.163098],[-84.488411,39.163076],[-84.488363,39.163523],[-84.488137,39.163493],[-84.488179,39.163098]]]}},{"type":"Feature","properties":{"pid":"011500050119"},"geometry":{"type":"Polygon","coordinates":[[[-84.487919,39.16309],[-84.488179,39.163098],[-84.488137,39.163493],[-84.487879,39.16346],[-84.487919,39.16309]]]}},{"type":"Feature","properties":{"pid":"011500050097"},"geometry":{"type":"Polygon","coordinates":[[[-84.488363,39.163523],[-84.488411,39.163076],[-84.488679,39.163044],[-84.488623,39.163557],[-84.488363,39.163523]]]}},{"type":"Feature","properties":{"pid":"011500050104"},"geometry":{"type":"Polygon","coordinates":[[[-84.487876,39.163459],[-84.487632,39.163427],[-84.487673,39.163053],[-84.487916,39.16309],[-84.487876,39.163459]]]}},{"type":"Feature","properties":{"pid":"010800050004"},"geometry":{"type":"Polygon","coordinates":[[[-84.483505,39.151105],[-84.483012,39.151516],[-84.48269,39.151282],[-84.483183,39.150871],[-84.483505,39.151105]]]}},{"type":"Feature","properties":{"pid":"011100050008"},"geometry":{"type":"Polygon","coordinates":[[[-84.48485,39.154512],[-84.485222,39.154091],[-84.485364,39.154163],[-84.484997,39.154587],[-84.48485,39.154512]]]}},{"type":"Feature","properties":{"pid":"011100050009"},"geometry":{"type":"Polygon","coordinates":[[[-84.484997,39.154587],[-84.485364,39.154163],[-84.485573,39.154274],[-84.485513,39.154348],[-84.48543,39.154364],[-84.485165,39.154674],[-84.484997,39.154587]]]}},{"type":"Feature","properties":{"pid":"011100050010"},"geometry":{"type":"Polygon","coordinates":[[[-84.485513,39.154348],[-84.485573,39.154274],[-84.485704,39.154342],[-84.485628,39.154427],[-84.485647,39.154477],[-84.485389,39.15479],[-84.485165,39.154674],[-84.48543,39.154364],[-84.485513,39.154348]]]}},{"type":"Feature","properties":{"pid":"011100050011"},"geometry":{"type":"Polygon","coordinates":[[[-84.485628,39.154427],[-84.485704,39.154342],[-84.485922,39.154457],[-84.485573,39.154884],[-84.485389,39.15479],[-84.485647,39.154477],[-84.485628,39.154427]]]}},{"type":"Feature","properties":{"pid":"011100050012"},"geometry":{"type":"Polygon","coordinates":[[[-84.486068,39.154534],[-84.48572,39.15496],[-84.485573,39.154884],[-84.485922,39.154457],[-84.486068,39.154534]]]}},{"type":"Feature","properties":{"pid":"011100050013"},"geometry":{"type":"Polygon","coordinates":[[[-84.486302,39.154656],[-84.485955,39.155081],[-84.48572,39.15496],[-84.486068,39.154534],[-84.486302,39.154656]]]}},{"type":"Feature","properties":{"pid":"011100050018"},"geometry":{"type":"Polygon","coordinates":[[[-84.48535,39.154157],[-84.48591,39.153529],[-84.486075,39.153618],[-84.485517,39.154244],[-84.48535,39.154157]]]}},{"type":"Feature","properties":{"pid":"011100050019"},"geometry":{"type":"Polygon","coordinates":[[[-84.486373,39.153778],[-84.486517,39.153856],[-84.486393,39.154002],[-84.486272,39.154296],[-84.486495,39.154428],[-84.486302,39.154656],[-84.485816,39.154401],[-84.486373,39.153778]]]}},{"type":"Feature","properties":{"pid":"011600020204"},"geometry":{"type":"Polygon","coordinates":[[[-84.471852,39.165176],[-84.471424,39.164998],[-84.471516,39.164881],[-84.47193,39.165081],[-84.471852,39.165176]]]}},{"type":"Feature","properties":{"pid":"011600020207"},"geometry":{"type":"Polygon","coordinates":[[[-84.473182,39.167475],[-84.472347,39.166834],[-84.472585,39.166783],[-84.473529,39.167479],[-84.473182,39.167475]]]}},{"type":"Feature","properties":{"pid":"011600020208"},"geometry":{"type":"Polygon","coordinates":[[[-84.472252,39.165203],[-84.472278,39.165045],[-84.472326,39.165051],[-84.472303,39.165207],[-84.472252,39.165203]]]}},{"type":"Feature","properties":{"pid":"011600020215"},"geometry":{"type":"Polygon","coordinates":[[[-84.472497,39.166705],[-84.472219,39.166471],[-84.472199,39.166257],[-84.472068,39.165967],[-84.472606,39.166011],[-84.472483,39.166167],[-84.47247,39.16629],[-84.472778,39.166457],[-84.472497,39.166705]]]}},{"type":"Feature","properties":{"pid":"011600020219"},"geometry":{"type":"Polygon","coordinates":[[[-84.472028,39.165647],[-84.472084,39.16549],[-84.472666,39.16553],[-84.472647,39.165687],[-84.472028,39.165647]]]}},{"type":"Feature","properties":{"pid":"011600020222"},"geometry":{"type":"Polygon","coordinates":[[[-84.472809,39.165743],[-84.472819,39.165586],[-84.47343,39.16563],[-84.473332,39.165781],[-84.472809,39.165743]]]}},{"type":"Feature","properties":{"pid":"011600020224"},"geometry":{"type":"Polygon","coordinates":[[[-84.472084,39.16549],[-84.472109,39.16542],[-84.472275,39.165394],[-84.472282,39.165346],[-84.47268,39.165369],[-84.472666,39.16553],[-84.472084,39.16549]]]}},{"type":"Feature","properties":{"pid":"011600020225"},"geometry":{"type":"Polygon","coordinates":[[[-84.471973,39.165801],[-84.472028,39.165647],[-84.472647,39.165687],[-84.472617,39.165836],[-84.471973,39.165801]]]}},{"type":"Feature","properties":{"pid":"011600020227"},"geometry":{"type":"Polygon","coordinates":[[[-84.472308,39.16517],[-84.472326,39.165051],[-84.472705,39.165075],[-84.472693,39.165209],[-84.472308,39.16517]]]}},{"type":"Feature","properties":{"pid":"011600020228"},"geometry":{"type":"Polygon","coordinates":[[[-84.472592,39.165988],[-84.471916,39.16596],[-84.471973,39.165801],[-84.472617,39.165836],[-84.472592,39.165988]]]}},{"type":"Feature","properties":{"pid":"011600020229"},"geometry":{"type":"Polygon","coordinates":[[[-84.472282,39.165346],[-84.472308,39.16517],[-84.472693,39.165209],[-84.47268,39.165369],[-84.472282,39.165346]]]}},{"type":"Feature","properties":{"pid":"011600020237"},"geometry":{"type":"Polygon","coordinates":[[[-84.477179,39.166967],[-84.477983,39.166497],[-84.478042,39.166456],[-84.478089,39.166627],[-84.477264,39.167117],[-84.477179,39.166967]]]}},{"type":"Feature","properties":{"pid":"011600020238"},"geometry":{"type":"Polygon","coordinates":[[[-84.477945,39.16759],[-84.477358,39.16731],[-84.477369,39.167243],[-84.478106,39.167054],[-84.478059,39.16752],[-84.477945,39.16759]]]}},{"type":"Feature","properties":{"pid":"011600020239"},"geometry":{"type":"Polygon","coordinates":[[[-84.477369,39.167243],[-84.477264,39.167117],[-84.478089,39.166627],[-84.478132,39.166794],[-84.478106,39.167054],[-84.477369,39.167243]]]}},{"type":"Feature","properties":{"pid":"011600020240"},"geometry":{"type":"Polygon","coordinates":[[[-84.47681,39.166475],[-84.477252,39.166246],[-84.477385,39.166395],[-84.476971,39.166663],[-84.47681,39.166475]]]}},{"type":"Feature","properties":{"pid":"011600020241"},"geometry":{"type":"Polygon","coordinates":[[[-84.476971,39.166663],[-84.477526,39.166304],[-84.477703,39.166412],[-84.47708,39.16679],[-84.476971,39.166663]]]}},{"type":"Feature","properties":{"pid":"011600020248"},"geometry":{"type":"Polygon","coordinates":[[[-84.477158,39.166171],[-84.477588,39.165998],[-84.477626,39.166052],[-84.477228,39.166259],[-84.477158,39.166171]]]}},{"type":"Feature","properties":{"pid":"011600020252"},"geometry":{"type":"Polygon","coordinates":[[[-84.476701,39.16635],[-84.477141,39.166149],[-84.477228,39.166259],[-84.47681,39.166475],[-84.476701,39.16635]]]}},{"type":"Feature","properties":{"pid":"011600020261"},"geometry":{"type":"Polygon","coordinates":[[[-84.471859,39.165166],[-84.472025,39.164967],[-84.472278,39.165045],[-84.472252,39.165203],[-84.472168,39.165196],[-84.472165,39.165225],[-84.471859,39.165166]]]}},{"type":"Feature","properties":{"pid":"011600020262"},"geometry":{"type":"Polygon","coordinates":[[[-84.472082,39.166618],[-84.471954,39.166714],[-84.471406,39.166274],[-84.471806,39.166267],[-84.471916,39.16596],[-84.472068,39.165967],[-84.472199,39.166257],[-84.472219,39.166471],[-84.472499,39.166706],[-84.472347,39.166834],[-84.472082,39.166618]]]}},{"type":"Feature","properties":{"pid":"011600020263"},"geometry":{"type":"Polygon","coordinates":[[[-84.472109,39.16542],[-84.471186,39.165319],[-84.471409,39.165017],[-84.471852,39.165176],[-84.472165,39.165225],[-84.472168,39.165196],[-84.472303,39.165207],[-84.472275,39.165394],[-84.472109,39.16542]]]}},{"type":"Feature","properties":{"pid":"011600020265"},"geometry":{"type":"Polygon","coordinates":[[[-84.47247,39.16629],[-84.472483,39.166167],[-84.472606,39.166011],[-84.472732,39.16605],[-84.472959,39.166299],[-84.472778,39.166457],[-84.47247,39.16629]]]}},{"type":"Feature","properties":{"pid":"011600020266"},"geometry":{"type":"Polygon","coordinates":[[[-84.472732,39.16605],[-84.472805,39.166005],[-84.472813,39.165933],[-84.473218,39.165958],[-84.472959,39.166299],[-84.472732,39.16605]]]}},{"type":"Feature","properties":{"pid":"011600020267"},"geometry":{"type":"Polygon","coordinates":[[[-84.472813,39.165933],[-84.472809,39.165743],[-84.473332,39.165781],[-84.473218,39.165958],[-84.472813,39.165933]]]}},{"type":"Feature","properties":{"pid":"011600020268"},"geometry":{"type":"Polygon","coordinates":[[[-84.472819,39.165586],[-84.472831,39.16543],[-84.473527,39.165478],[-84.47343,39.16563],[-84.472819,39.165586]]]}},{"type":"Feature","properties":{"pid":"011600020275"},"geometry":{"type":"Polygon","coordinates":[[[-84.477526,39.166304],[-84.477732,39.16617],[-84.477911,39.166286],[-84.477703,39.166412],[-84.477526,39.166304]]]}},{"type":"Feature","properties":{"pid":"011600030044"},"geometry":{"type":"Polygon","coordinates":[[[-84.46799,39.167826],[-84.468024,39.167431],[-84.468252,39.167444],[-84.468217,39.167895],[-84.46799,39.167826]]]}},{"type":"Feature","properties":{"pid":"011600030054"},"geometry":{"type":"Polygon","coordinates":[[[-84.468217,39.167895],[-84.46825,39.16747],[-84.468793,39.167601],[-84.468532,39.167991],[-84.468217,39.167895]]]}},{"type":"Feature","properties":{"pid":"011600040010"},"geometry":{"type":"Polygon","coordinates":[[[-84.472565,39.156766],[-84.472512,39.156571],[-84.472539,39.156353],[-84.473159,39.156395],[-84.473154,39.156443],[-84.472587,39.156407],[-84.47256,39.156658],[-84.473124,39.1567],[-84.473112,39.1568],[-84.472565,39.156766]]]}},{"type":"Feature","properties":{"pid":"011600040011"},"geometry":{"type":"Polygon","coordinates":[[[-84.472579,39.156121],[-84.472627,39.155716],[-84.473236,39.155746],[-84.473187,39.15616],[-84.472579,39.156121]]]}},{"type":"Feature","properties":{"pid":"011600040012"},"geometry":{"type":"Polygon","coordinates":[[[-84.472024,39.15512],[-84.472042,39.154982],[-84.472702,39.155024],[-84.472686,39.155164],[-84.472024,39.15512]]]}},{"type":"Feature","properties":{"pid":"011600040022"},"geometry":{"type":"Polygon","coordinates":[[[-84.472636,39.155643],[-84.472663,39.155374],[-84.473271,39.155411],[-84.473243,39.155686],[-84.472636,39.155643]]]}},{"type":"Feature","properties":{"pid":"011600040024"},"geometry":{"type":"Polygon","coordinates":[[[-84.472704,39.154997],[-84.472722,39.154832],[-84.473333,39.154873],[-84.473314,39.155039],[-84.472704,39.154997]]]}},{"type":"Feature","properties":{"pid":"011600040025"},"geometry":{"type":"Polygon","coordinates":[[[-84.473282,39.155312],[-84.472675,39.155266],[-84.472686,39.155164],[-84.473295,39.155204],[-84.473282,39.155312]]]}},{"type":"Feature","properties":{"pid":"011600040026"},"geometry":{"type":"Polygon","coordinates":[[[-84.472131,39.154623],[-84.472176,39.15448],[-84.472755,39.154528],[-84.472741,39.154667],[-84.472131,39.154623]]]}},{"type":"Feature","properties":{"pid":"011600040027"},"geometry":{"type":"Polygon","coordinates":[[[-84.472739,39.15467],[-84.47276,39.154474],[-84.473373,39.154526],[-84.473352,39.154712],[-84.472739,39.15467]]]}},{"type":"Feature","properties":{"pid":"011600040029"},"geometry":{"type":"Polygon","coordinates":[[[-84.472083,39.15479],[-84.472123,39.154647],[-84.472738,39.154692],[-84.472722,39.154832],[-84.472083,39.15479]]]}},{"type":"Feature","properties":{"pid":"011600040030"},"geometry":{"type":"Polygon","coordinates":[[[-84.472874,39.154289],[-84.472885,39.154208],[-84.473405,39.154247],[-84.473396,39.154327],[-84.472874,39.154289]]]}},{"type":"Feature","properties":{"pid":"011600040032"},"geometry":{"type":"Polygon","coordinates":[[[-84.472722,39.154832],[-84.472739,39.15467],[-84.473352,39.154712],[-84.473333,39.154873],[-84.472722,39.154832]]]}},{"type":"Feature","properties":{"pid":"011600040033"},"geometry":{"type":"Polygon","coordinates":[[[-84.473295,39.155204],[-84.472686,39.155164],[-84.472704,39.154997],[-84.473314,39.155039],[-84.473295,39.155204]]]}},{"type":"Feature","properties":{"pid":"011600040034"},"geometry":{"type":"Polygon","coordinates":[[[-84.472846,39.154481],[-84.472866,39.154346],[-84.47339,39.154383],[-84.473373,39.154526],[-84.472846,39.154481]]]}},{"type":"Feature","properties":{"pid":"011600040035"},"geometry":{"type":"Polygon","coordinates":[[[-84.47199,39.155695],[-84.471997,39.155562],[-84.472639,39.155602],[-84.472625,39.155733],[-84.47199,39.155695]]]}},{"type":"Feature","properties":{"pid":"011600040041"},"geometry":{"type":"Polygon","coordinates":[[[-84.472047,39.154952],[-84.472077,39.154815],[-84.472719,39.154859],[-84.472704,39.154997],[-84.472047,39.154952]]]}},{"type":"Feature","properties":{"pid":"011600040047"},"geometry":{"type":"Polygon","coordinates":[[[-84.472014,39.155291],[-84.472022,39.155151],[-84.472684,39.155186],[-84.472669,39.155325],[-84.472014,39.155291]]]}},{"type":"Feature","properties":{"pid":"011600040048"},"geometry":{"type":"Polygon","coordinates":[[[-84.471979,39.155959],[-84.471985,39.155821],[-84.47261,39.155867],[-84.472594,39.155996],[-84.471979,39.155959]]]}},{"type":"Feature","properties":{"pid":"011600040050"},"geometry":{"type":"Polygon","coordinates":[[[-84.471985,39.155821],[-84.47199,39.155695],[-84.472625,39.155733],[-84.47261,39.155867],[-84.471985,39.155821]]]}},{"type":"Feature","properties":{"pid":"011600040051"},"geometry":{"type":"Polygon","coordinates":[[[-84.472005,39.155426],[-84.472014,39.155291],[-84.472669,39.155325],[-84.472654,39.155462],[-84.472005,39.155426]]]}},{"type":"Feature","properties":{"pid":"011600040052"},"geometry":{"type":"Polygon","coordinates":[[[-84.471997,39.155562],[-84.472005,39.155426],[-84.472654,39.155462],[-84.472639,39.155602],[-84.471997,39.155562]]]}},{"type":"Feature","properties":{"pid":"011600040055"},"geometry":{"type":"Polygon","coordinates":[[[-84.472539,39.156353],[-84.472568,39.156121],[-84.473187,39.15616],[-84.473159,39.156395],[-84.472539,39.156353]]]}},{"type":"Feature","properties":{"pid":"011600040056"},"geometry":{"type":"Polygon","coordinates":[[[-84.472598,39.157138],[-84.472459,39.15676],[-84.473112,39.1568],[-84.473068,39.157169],[-84.472598,39.157138]]]}},{"type":"Feature","properties":{"pid":"011600040057"},"geometry":{"type":"Polygon","coordinates":[[[-84.473271,39.155411],[-84.472663,39.155374],[-84.472675,39.155266],[-84.473282,39.155312],[-84.473271,39.155411]]]}},{"type":"Feature","properties":{"pid":"006000030046"},"geometry":{"type":"Polygon","coordinates":[[[-84.489169,39.139815],[-84.489026,39.139848],[-84.48906,39.13933],[-84.489202,39.139276],[-84.489169,39.139815]]]}},{"type":"Feature","properties":{"pid":"006000030047"},"geometry":{"type":"Polygon","coordinates":[[[-84.489026,39.139848],[-84.488882,39.139881],[-84.488915,39.139385],[-84.48906,39.13933],[-84.489026,39.139848]]]}},{"type":"Feature","properties":{"pid":"010800060002"},"geometry":{"type":"Polygon","coordinates":[[[-84.479167,39.150024],[-84.479354,39.149902],[-84.479748,39.150186],[-84.479588,39.150318],[-84.479167,39.150024]]]}},{"type":"Feature","properties":{"pid":"010800060003"},"geometry":{"type":"Polygon","coordinates":[[[-84.479784,39.15025],[-84.479971,39.150094],[-84.480366,39.150378],[-84.480182,39.150532],[-84.479784,39.15025]]]}},{"type":"Feature","properties":{"pid":"010800060005"},"geometry":{"type":"Polygon","coordinates":[[[-84.480521,39.150248],[-84.480141,39.149952],[-84.480331,39.149795],[-84.480725,39.150077],[-84.480521,39.150248]]]}},{"type":"Feature","properties":{"pid":"010800060013"},"geometry":{"type":"Polygon","coordinates":[[[-84.479145,39.150976],[-84.478927,39.150872],[-84.479208,39.150541],[-84.479413,39.150629],[-84.479145,39.150976]]]}},{"type":"Feature","properties":{"pid":"010800060014"},"geometry":{"type":"Polygon","coordinates":[[[-84.479812,39.150227],[-84.479354,39.149902],[-84.479548,39.149776],[-84.479977,39.150089],[-84.479812,39.150227]]]}},{"type":"Feature","properties":{"pid":"010800060015"},"geometry":{"type":"Polygon","coordinates":[[[-84.479771,39.149665],[-84.479952,39.149523],[-84.48018,39.149686],[-84.479997,39.149828],[-84.479771,39.149665]]]}},{"type":"Feature","properties":{"pid":"010800060017"},"geometry":{"type":"Polygon","coordinates":[[[-84.47958,39.15044],[-84.479149,39.150211],[-84.479012,39.150125],[-84.479167,39.150024],[-84.47965,39.150361],[-84.47958,39.15044]]]}},{"type":"Feature","properties":{"pid":"010800060022"},"geometry":{"type":"Polygon","coordinates":[[[-84.479622,39.150393],[-84.479784,39.15025],[-84.480182,39.150532],[-84.480017,39.150671],[-84.479622,39.150393]]]}},{"type":"Feature","properties":{"pid":"010800060023"},"geometry":{"type":"Polygon","coordinates":[[[-84.479628,39.151196],[-84.479145,39.150976],[-84.47928,39.150801],[-84.479723,39.151014],[-84.479628,39.151196]]]}},{"type":"Feature","properties":{"pid":"010800060024"},"geometry":{"type":"Polygon","coordinates":[[[-84.479723,39.151014],[-84.47928,39.150801],[-84.479437,39.150603],[-84.479862,39.150821],[-84.479723,39.151014]]]}},{"type":"Feature","properties":{"pid":"010800060025"},"geometry":{"type":"Polygon","coordinates":[[[-84.479862,39.150821],[-84.479437,39.150603],[-84.479622,39.150393],[-84.480017,39.150671],[-84.479862,39.150821]]]}},{"type":"Feature","properties":{"pid":"010800060026"},"geometry":{"type":"Polygon","coordinates":[[[-84.478699,39.15076],[-84.478298,39.150555],[-84.478707,39.150316],[-84.478978,39.150442],[-84.478699,39.15076]]]}},{"type":"Feature","properties":{"pid":"010800060027"},"geometry":{"type":"Polygon","coordinates":[[[-84.478927,39.150872],[-84.478699,39.15076],[-84.478978,39.150442],[-84.479208,39.150541],[-84.478927,39.150872]]]}},{"type":"Feature","properties":{"pid":"010800060033"},"geometry":{"type":"Polygon","coordinates":[[[-84.479977,39.150089],[-84.479548,39.149776],[-84.479771,39.149665],[-84.480154,39.149942],[-84.479977,39.150089]]]}},{"type":"Feature","properties":{"pid":"010800060036"},"geometry":{"type":"Polygon","coordinates":[[[-84.479413,39.150629],[-84.478978,39.150442],[-84.478707,39.150316],[-84.47887,39.150214],[-84.479506,39.150525],[-84.479413,39.150629]]]}},{"type":"Feature","properties":{"pid":"010800060041"},"geometry":{"type":"Polygon","coordinates":[[[-84.479506,39.150525],[-84.47887,39.150214],[-84.479012,39.150125],[-84.47958,39.15044],[-84.479506,39.150525]]]}},{"type":"Feature","properties":{"pid":"010800060046"},"geometry":{"type":"Polygon","coordinates":[[[-84.479997,39.149828],[-84.480193,39.149696],[-84.480331,39.149795],[-84.480154,39.149942],[-84.479997,39.149828]]]}},{"type":"Feature","properties":{"pid":"010800060048"},"geometry":{"type":"Polygon","coordinates":[[[-84.477906,39.150533],[-84.477623,39.150379],[-84.477744,39.150246],[-84.478121,39.150449],[-84.477906,39.150533]]]}},{"type":"Feature","properties":{"pid":"010800060051"},"geometry":{"type":"Polygon","coordinates":[[[-84.479588,39.150318],[-84.479748,39.150186],[-84.479812,39.150227],[-84.47965,39.150361],[-84.479588,39.150318]]]}},{"type":"Feature","properties":{"pid":"011500040049"},"geometry":{"type":"Polygon","coordinates":[[[-84.487562,39.15832],[-84.487449,39.158256],[-84.487501,39.158203],[-84.487612,39.158267],[-84.487562,39.15832]]]}},{"type":"Feature","properties":{"pid":"010900030006"},"geometry":{"type":"Polygon","coordinates":[[[-84.47563,39.15206],[-84.476095,39.151813],[-84.476195,39.152011],[-84.476064,39.1523],[-84.47563,39.15206]]]}},{"type":"Feature","properties":{"pid":"010900030010"},"geometry":{"type":"Polygon","coordinates":[[[-84.475955,39.152542],[-84.476064,39.1523],[-84.47669,39.152382],[-84.476631,39.15259],[-84.476509,39.15278],[-84.475955,39.152542]]]}},{"type":"Feature","properties":{"pid":"010900030011"},"geometry":{"type":"Polygon","coordinates":[[[-84.476064,39.1523],[-84.476195,39.152011],[-84.476722,39.152048],[-84.47669,39.152382],[-84.476064,39.1523]]]}},{"type":"Feature","properties":{"pid":"010900030017"},"geometry":{"type":"Polygon","coordinates":[[[-84.475844,39.152547],[-84.475634,39.152409],[-84.475884,39.152512],[-84.475844,39.152547]]]}},{"type":"Feature","properties":{"pid":"010900030018"},"geometry":{"type":"Polygon","coordinates":[[[-84.476001,39.154411],[-84.475339,39.154368],[-84.475275,39.154097],[-84.476136,39.154222],[-84.476001,39.154411]]]}},{"type":"Feature","properties":{"pid":"010900030019"},"geometry":{"type":"Polygon","coordinates":[[[-84.476136,39.154222],[-84.4751,39.154095],[-84.475156,39.153689],[-84.476238,39.153694],[-84.476136,39.154222]]]}},{"type":"Feature","properties":{"pid":"010900030020"},"geometry":{"type":"Polygon","coordinates":[[[-84.475156,39.153689],[-84.475195,39.153403],[-84.476249,39.153597],[-84.476238,39.153694],[-84.475156,39.153689]]]}},{"type":"Feature","properties":{"pid":"010900050003"},"geometry":{"type":"Polygon","coordinates":[[[-84.477297,39.156703],[-84.477551,39.156721],[-84.477652,39.157042],[-84.47739,39.157076],[-84.477297,39.156703]]]}},{"type":"Feature","properties":{"pid":"010900050005"},"geometry":{"type":"Polygon","coordinates":[[[-84.474998,39.157292],[-84.47506,39.156794],[-84.475414,39.156721],[-84.475343,39.157314],[-84.474998,39.157292]]]}},{"type":"Feature","properties":{"pid":"010900050006"},"geometry":{"type":"Polygon","coordinates":[[[-84.473913,39.156872],[-84.473324,39.156835],[-84.473337,39.156725],[-84.473926,39.156763],[-84.473913,39.156872]]]}},{"type":"Feature","properties":{"pid":"010900050010"},"geometry":{"type":"Polygon","coordinates":[[[-84.477724,39.155529],[-84.477519,39.155511],[-84.477576,39.155096],[-84.477782,39.155111],[-84.477724,39.155529]]]}},{"type":"Feature","properties":{"pid":"010900050011"},"geometry":{"type":"Polygon","coordinates":[[[-84.477434,39.1555],[-84.477487,39.15509],[-84.477576,39.155096],[-84.477519,39.155511],[-84.477434,39.1555]]]}},{"type":"Feature","properties":{"pid":"010900050012"},"geometry":{"type":"Polygon","coordinates":[[[-84.47733,39.155494],[-84.477386,39.155083],[-84.477487,39.15509],[-84.477434,39.1555],[-84.47733,39.155494]]]}},{"type":"Feature","properties":{"pid":"010900050013"},"geometry":{"type":"Polygon","coordinates":[[[-84.476912,39.155879],[-84.476964,39.155486],[-84.477327,39.155513],[-84.47726,39.155903],[-84.476912,39.155879]]]}},{"type":"Feature","properties":{"pid":"010900050014"},"geometry":{"type":"Polygon","coordinates":[[[-84.476912,39.155879],[-84.476482,39.15585],[-84.476605,39.155029],[-84.477026,39.155058],[-84.476912,39.155879]]]}},{"type":"Feature","properties":{"pid":"010900050015"},"geometry":{"type":"Polygon","coordinates":[[[-84.474722,39.156189],[-84.474635,39.155689],[-84.475206,39.155528],[-84.475287,39.156076],[-84.474722,39.156189]]]}},{"type":"Feature","properties":{"pid":"010900050019"},"geometry":{"type":"Polygon","coordinates":[[[-84.476718,39.154883],[-84.476763,39.154456],[-84.477009,39.154472],[-84.476964,39.1549],[-84.476718,39.154883]]]}},{"type":"Feature","properties":{"pid":"010900050022"},"geometry":{"type":"Polygon","coordinates":[[[-84.474457,39.155046],[-84.474192,39.154535],[-84.474762,39.154354],[-84.47502,39.154862],[-84.474457,39.155046]]]}},{"type":"Feature","properties":{"pid":"010900050023"},"geometry":{"type":"Polygon","coordinates":[[[-84.475287,39.156076],[-84.475196,39.155471],[-84.47572,39.15541],[-84.475812,39.15597],[-84.475287,39.156076]]]}},{"type":"Feature","properties":{"pid":"010900050024"},"geometry":{"type":"Polygon","coordinates":[[[-84.476027,39.155325],[-84.4757,39.155304],[-84.475637,39.154962],[-84.476081,39.154993],[-84.476027,39.155325]]]}},{"type":"Feature","properties":{"pid":"010900050025"},"geometry":{"type":"Polygon","coordinates":[[[-84.4752,39.154981],[-84.475322,39.154941],[-84.475543,39.154956],[-84.475628,39.155421],[-84.475288,39.15546],[-84.4752,39.154981]]]}},{"type":"Feature","properties":{"pid":"010900050026"},"geometry":{"type":"Polygon","coordinates":[[[-84.47733,39.155494],[-84.476966,39.155473],[-84.477026,39.155058],[-84.477386,39.155083],[-84.47733,39.155494]]]}},{"type":"Feature","properties":{"pid":"010900050027"},"geometry":{"type":"Polygon","coordinates":[[[-84.477636,39.15593],[-84.47726,39.155903],[-84.47733,39.155494],[-84.477688,39.155527],[-84.477636,39.15593]]]}},{"type":"Feature","properties":{"pid":"010900050029"},"geometry":{"type":"Polygon","coordinates":[[[-84.477596,39.154944],[-84.477315,39.154924],[-84.477361,39.154495],[-84.477642,39.154513],[-84.477596,39.154944]]]}},{"type":"Feature","properties":{"pid":"010900050030"},"geometry":{"type":"Polygon","coordinates":[[[-84.476964,39.1549],[-84.477009,39.154472],[-84.477361,39.154495],[-84.477315,39.154924],[-84.476964,39.1549]]]}},{"type":"Feature","properties":{"pid":"010900050031"},"geometry":{"type":"Polygon","coordinates":[[[-84.477936,39.155542],[-84.477995,39.155125],[-84.478175,39.155138],[-84.47811,39.155553],[-84.477936,39.155542]]]}},{"type":"Feature","properties":{"pid":"010900050035"},"geometry":{"type":"Polygon","coordinates":[[[-84.473337,39.156725],[-84.473353,39.156585],[-84.473785,39.156629],[-84.473771,39.156753],[-84.473337,39.156725]]]}},{"type":"Feature","properties":{"pid":"010900050036"},"geometry":{"type":"Polygon","coordinates":[[[-84.473542,39.154926],[-84.473806,39.15484],[-84.473873,39.155237],[-84.473495,39.155361],[-84.473542,39.154926]]]}},{"type":"Feature","properties":{"pid":"010900050037"},"geometry":{"type":"Polygon","coordinates":[[[-84.473568,39.154695],[-84.473588,39.154523],[-84.474209,39.15453],[-84.47425,39.154647],[-84.473568,39.154695]]]}},{"type":"Feature","properties":{"pid":"010900050038"},"geometry":{"type":"Polygon","coordinates":[[[-84.474027,39.154767],[-84.474271,39.154687],[-84.474457,39.155046],[-84.474163,39.155142],[-84.474027,39.154767]]]}},{"type":"Feature","properties":{"pid":"010900050039"},"geometry":{"type":"Polygon","coordinates":[[[-84.473806,39.15484],[-84.474027,39.154767],[-84.474163,39.155142],[-84.473873,39.155237],[-84.473806,39.15484]]]}},{"type":"Feature","properties":{"pid":"010900050040"},"geometry":{"type":"Polygon","coordinates":[[[-84.474416,39.156841],[-84.474267,39.156424],[-84.474341,39.156409],[-84.474465,39.156844],[-84.474416,39.156841]]]}},{"type":"Feature","properties":{"pid":"010900050041"},"geometry":{"type":"Polygon","coordinates":[[[-84.474465,39.156844],[-84.474341,39.156409],[-84.474781,39.156321],[-84.474892,39.156826],[-84.474701,39.156862],[-84.474465,39.156844]]]}},{"type":"Feature","properties":{"pid":"010900050043"},"geometry":{"type":"Polygon","coordinates":[[[-84.473588,39.154523],[-84.473606,39.154354],[-84.474229,39.15439],[-84.474209,39.15453],[-84.473588,39.154523]]]}},{"type":"Feature","properties":{"pid":"010900050045"},"geometry":{"type":"Polygon","coordinates":[[[-84.47754,39.156723],[-84.477072,39.156684],[-84.477171,39.156057],[-84.477648,39.156091],[-84.47754,39.156723]]]}},{"type":"Feature","properties":{"pid":"010900050048"},"geometry":{"type":"Polygon","coordinates":[[[-84.473568,39.154695],[-84.47399,39.154666],[-84.474001,39.154696],[-84.473555,39.154811],[-84.473568,39.154695]]]}},{"type":"Feature","properties":{"pid":"010900050051"},"geometry":{"type":"Polygon","coordinates":[[[-84.476517,39.155589],[-84.476027,39.155325],[-84.476081,39.154993],[-84.476605,39.155029],[-84.476517,39.155589]]]}},{"type":"Feature","properties":{"pid":"010900050052"},"geometry":{"type":"Polygon","coordinates":[[[-84.475812,39.15597],[-84.4757,39.155304],[-84.476027,39.155325],[-84.476517,39.155589],[-84.476482,39.15585],[-84.475812,39.15597]]]}},{"type":"Feature","properties":{"pid":"010900050053"},"geometry":{"type":"Polygon","coordinates":[[[-84.473353,39.156585],[-84.473386,39.156304],[-84.4738,39.156489],[-84.473785,39.156629],[-84.473353,39.156585]]]}},{"type":"Feature","properties":{"pid":"010900050054"},"geometry":{"type":"Polygon","coordinates":[[[-84.474781,39.156321],[-84.475495,39.156179],[-84.475609,39.156681],[-84.474892,39.156826],[-84.474781,39.156321]]]}},{"type":"Feature","properties":{"pid":"010900050055"},"geometry":{"type":"Polygon","coordinates":[[[-84.474762,39.154354],[-84.475112,39.154455],[-84.475278,39.154777],[-84.47502,39.154862],[-84.474762,39.154354]]]}},{"type":"Feature","properties":{"pid":"010900050056"},"geometry":{"type":"Polygon","coordinates":[[[-84.475112,39.154455],[-84.475299,39.154425],[-84.475339,39.154368],[-84.4755,39.154706],[-84.475278,39.154777],[-84.475112,39.154455]]]}},{"type":"Feature","properties":{"pid":"010900050058"},"geometry":{"type":"Polygon","coordinates":[[[-84.476054,39.15736],[-84.476161,39.156609],[-84.47673,39.156656],[-84.47683,39.156948],[-84.476836,39.15716],[-84.476054,39.15736]]]}},{"type":"Feature","properties":{"pid":"010900050060"},"geometry":{"type":"Polygon","coordinates":[[[-84.474323,39.155902],[-84.474661,39.15583],[-84.474722,39.156189],[-84.474378,39.156259],[-84.474323,39.155902]]]}},{"type":"Feature","properties":{"pid":"010900050062"},"geometry":{"type":"Polygon","coordinates":[[[-84.474635,39.155689],[-84.474546,39.155195],[-84.475117,39.155008],[-84.475206,39.155528],[-84.474635,39.155689]]]}},{"type":"Feature","properties":{"pid":"010900050063"},"geometry":{"type":"Polygon","coordinates":[[[-84.473312,39.15694],[-84.473324,39.156835],[-84.473798,39.156865],[-84.473781,39.156977],[-84.473312,39.15694]]]}},{"type":"Feature","properties":{"pid":"010900050065"},"geometry":{"type":"Polygon","coordinates":[[[-84.474652,39.157269],[-84.474701,39.156862],[-84.47506,39.156794],[-84.474998,39.157292],[-84.474652,39.157269]]]}},{"type":"Feature","properties":{"pid":"010900050066"},"geometry":{"type":"Polygon","coordinates":[[[-84.477114,39.156688],[-84.477297,39.156703],[-84.47739,39.157076],[-84.477216,39.157099],[-84.477114,39.156688]]]}},{"type":"Feature","properties":{"pid":"010900050067"},"geometry":{"type":"Polygon","coordinates":[[[-84.476931,39.156673],[-84.477114,39.156688],[-84.477216,39.157099],[-84.477042,39.157121],[-84.476931,39.156673]]]}},{"type":"Feature","properties":{"pid":"010900050068"},"geometry":{"type":"Polygon","coordinates":[[[-84.47683,39.156948],[-84.47673,39.156656],[-84.476931,39.156673],[-84.477042,39.157121],[-84.476836,39.15716],[-84.47683,39.156948]]]}},{"type":"Feature","properties":{"pid":"010900050069"},"geometry":{"type":"Polygon","coordinates":[[[-84.475343,39.157314],[-84.475414,39.156721],[-84.476015,39.156597],[-84.476161,39.156609],[-84.476054,39.15736],[-84.475343,39.157314]]]}},{"type":"Feature","properties":{"pid":"010900050073"},"geometry":{"type":"Polygon","coordinates":[[[-84.477903,39.157],[-84.477819,39.156681],[-84.477919,39.156997],[-84.477903,39.157]]]}},{"type":"Feature","properties":{"pid":"010900050074"},"geometry":{"type":"Polygon","coordinates":[[[-84.477557,39.156743],[-84.477803,39.156683],[-84.47781,39.156705],[-84.477557,39.156743]]]}},{"type":"Feature","properties":{"pid":"010900050075"},"geometry":{"type":"Polygon","coordinates":[[[-84.473284,39.157181],[-84.473312,39.15694],[-84.473781,39.156977],[-84.473798,39.156865],[-84.473913,39.156872],[-84.473869,39.157219],[-84.473284,39.157181]]]}},{"type":"Feature","properties":{"pid":"010900050077"},"geometry":{"type":"Polygon","coordinates":[[[-84.474272,39.157245],[-84.474321,39.156834],[-84.474701,39.156862],[-84.474652,39.157269],[-84.474272,39.157245]]]}},{"type":"Feature","properties":{"pid":"011000010006"},"geometry":{"type":"Polygon","coordinates":[[[-84.480449,39.152989],[-84.480986,39.152372],[-84.4812,39.152522],[-84.480571,39.153066],[-84.480449,39.152989]]]}},{"type":"Feature","properties":{"pid":"011500040034"},"geometry":{"type":"Polygon","coordinates":[[[-84.486324,39.15711],[-84.486203,39.156971],[-84.486625,39.156747],[-84.486746,39.156884],[-84.486324,39.15711]]]}},{"type":"Feature","properties":{"pid":"011000010008"},"geometry":{"type":"Polygon","coordinates":[[[-84.480299,39.152179],[-84.480308,39.152097],[-84.480729,39.152191],[-84.48072,39.152275],[-84.480299,39.152179]]]}},{"type":"Feature","properties":{"pid":"011000010009"},"geometry":{"type":"Polygon","coordinates":[[[-84.479595,39.152845],[-84.479622,39.152599],[-84.480234,39.152639],[-84.480166,39.152889],[-84.479595,39.152845]]]}},{"type":"Feature","properties":{"pid":"011000010010"},"geometry":{"type":"Polygon","coordinates":[[[-84.479649,39.152353],[-84.479676,39.152106],[-84.480302,39.152148],[-84.480275,39.152394],[-84.479649,39.152353]]]}},{"type":"Feature","properties":{"pid":"011000010011"},"geometry":{"type":"Polygon","coordinates":[[[-84.479676,39.152106],[-84.479687,39.152009],[-84.480313,39.15205],[-84.480302,39.152148],[-84.479676,39.152106]]]}},{"type":"Feature","properties":{"pid":"011000010012"},"geometry":{"type":"Polygon","coordinates":[[[-84.480308,39.152097],[-84.480313,39.15205],[-84.479687,39.152009],[-84.479753,39.151402],[-84.480432,39.151486],[-84.480356,39.151911],[-84.480765,39.15216],[-84.480729,39.152191],[-84.480308,39.152097]]]}},{"type":"Feature","properties":{"pid":"011000010014"},"geometry":{"type":"Polygon","coordinates":[[[-84.4805,39.151985],[-84.480607,39.151513],[-84.480947,39.15162],[-84.480692,39.15206],[-84.4805,39.151985]]]}},{"type":"Feature","properties":{"pid":"011000010015"},"geometry":{"type":"Polygon","coordinates":[[[-84.480692,39.15206],[-84.480947,39.15162],[-84.481206,39.151768],[-84.480821,39.152111],[-84.480692,39.15206]]]}},{"type":"Feature","properties":{"pid":"011200050090"},"geometry":{"type":"Polygon","coordinates":[[[-84.49187,39.147394],[-84.491869,39.147518],[-84.491318,39.147449],[-84.491351,39.147315],[-84.49187,39.147394]]]}},{"type":"Feature","properties":{"pid":"011000010055"},"geometry":{"type":"Polygon","coordinates":[[[-84.479622,39.152599],[-84.479649,39.152353],[-84.480275,39.152394],[-84.480234,39.152639],[-84.479622,39.152599]]]}},{"type":"Feature","properties":{"pid":"011000020001"},"geometry":{"type":"Polygon","coordinates":[[[-84.477214,39.154485],[-84.476898,39.154464],[-84.476949,39.153986],[-84.477265,39.154006],[-84.477214,39.154485]]]}},{"type":"Feature","properties":{"pid":"011000020002"},"geometry":{"type":"Polygon","coordinates":[[[-84.477706,39.154517],[-84.47746,39.154501],[-84.477511,39.154022],[-84.477757,39.154039],[-84.477706,39.154517]]]}},{"type":"Feature","properties":{"pid":"011000020003"},"geometry":{"type":"Polygon","coordinates":[[[-84.477958,39.154534],[-84.477706,39.154517],[-84.477757,39.154039],[-84.478009,39.154055],[-84.477958,39.154534]]]}},{"type":"Feature","properties":{"pid":"011000020005"},"geometry":{"type":"Polygon","coordinates":[[[-84.478309,39.154557],[-84.478063,39.154541],[-84.478114,39.154062],[-84.47836,39.154078],[-84.478309,39.154557]]]}},{"type":"Feature","properties":{"pid":"011000020006"},"geometry":{"type":"Polygon","coordinates":[[[-84.478555,39.154573],[-84.478309,39.154557],[-84.47836,39.154078],[-84.478606,39.154094],[-84.478555,39.154573]]]}},{"type":"Feature","properties":{"pid":"011000020007"},"geometry":{"type":"Polygon","coordinates":[[[-84.477279,39.153874],[-84.476857,39.153845],[-84.476879,39.153419],[-84.477349,39.153449],[-84.477279,39.153874]]]}},{"type":"Feature","properties":{"pid":"011000020008"},"geometry":{"type":"Polygon","coordinates":[[[-84.478001,39.153924],[-84.477645,39.153899],[-84.477691,39.153472],[-84.478055,39.153496],[-84.478001,39.153924]]]}},{"type":"Feature","properties":{"pid":"011000020009"},"geometry":{"type":"Polygon","coordinates":[[[-84.478001,39.153924],[-84.478055,39.153496],[-84.478311,39.153514],[-84.478263,39.153942],[-84.478001,39.153924]]]}},{"type":"Feature","properties":{"pid":"011000020010"},"geometry":{"type":"Polygon","coordinates":[[[-84.47862,39.153966],[-84.478263,39.153942],[-84.478311,39.153514],[-84.478667,39.153539],[-84.47862,39.153966]]]}},{"type":"Feature","properties":{"pid":"011000020012"},"geometry":{"type":"Polygon","coordinates":[[[-84.478667,39.153539],[-84.478127,39.153501],[-84.478142,39.153366],[-84.478682,39.153404],[-84.478667,39.153539]]]}},{"type":"Feature","properties":{"pid":"011000020013"},"geometry":{"type":"Polygon","coordinates":[[[-84.478682,39.153404],[-84.478142,39.153366],[-84.478194,39.152883],[-84.478735,39.152924],[-84.478682,39.153404]]]}},{"type":"Feature","properties":{"pid":"011000020014"},"geometry":{"type":"Polygon","coordinates":[[[-84.477139,39.152787],[-84.477095,39.152195],[-84.477523,39.152228],[-84.47752,39.152283],[-84.477475,39.15228],[-84.47742,39.152721],[-84.477139,39.152787]]]}},{"type":"Feature","properties":{"pid":"011000020015"},"geometry":{"type":"Polygon","coordinates":[[[-84.477848,39.152728],[-84.477657,39.152712],[-84.477706,39.152296],[-84.477899,39.152309],[-84.477848,39.152728]]]}},{"type":"Feature","properties":{"pid":"011000020016"},"geometry":{"type":"Polygon","coordinates":[[[-84.478244,39.152754],[-84.478013,39.152739],[-84.478054,39.15232],[-84.478326,39.152339],[-84.478244,39.152754]]]}},{"type":"Feature","properties":{"pid":"011000020017"},"geometry":{"type":"Polygon","coordinates":[[[-84.478461,39.152768],[-84.478269,39.152756],[-84.478326,39.152339],[-84.478533,39.152354],[-84.478461,39.152768]]]}},{"type":"Feature","properties":{"pid":"011000020018"},"geometry":{"type":"Polygon","coordinates":[[[-84.478491,39.15277],[-84.478533,39.152354],[-84.478865,39.152377],[-84.478823,39.152792],[-84.478491,39.15277]]]}},{"type":"Feature","properties":{"pid":"011000020019"},"geometry":{"type":"Polygon","coordinates":[[[-84.478823,39.152792],[-84.47885,39.152521],[-84.479462,39.152557],[-84.479435,39.152833],[-84.478823,39.152792]]]}},{"type":"Feature","properties":{"pid":"011000020020"},"geometry":{"type":"Polygon","coordinates":[[[-84.47885,39.152521],[-84.478884,39.152184],[-84.479493,39.152229],[-84.479462,39.152557],[-84.47885,39.152521]]]}},{"type":"Feature","properties":{"pid":"011000020021"},"geometry":{"type":"Polygon","coordinates":[[[-84.478884,39.152184],[-84.478905,39.151977],[-84.479513,39.152018],[-84.479493,39.152229],[-84.478884,39.152184]]]}},{"type":"Feature","properties":{"pid":"011000020022"},"geometry":{"type":"Polygon","coordinates":[[[-84.478612,39.152359],[-84.478392,39.152344],[-84.478436,39.151931],[-84.478652,39.151959],[-84.478612,39.152359]]]}},{"type":"Feature","properties":{"pid":"011000020024"},"geometry":{"type":"Polygon","coordinates":[[[-84.478192,39.15233],[-84.477963,39.152314],[-84.478014,39.151859],[-84.478233,39.151896],[-84.478192,39.15233]]]}},{"type":"Feature","properties":{"pid":"011000020025"},"geometry":{"type":"Polygon","coordinates":[[[-84.477963,39.152314],[-84.477765,39.1523],[-84.477819,39.151842],[-84.478014,39.151859],[-84.477963,39.152314]]]}},{"type":"Feature","properties":{"pid":"011000020028"},"geometry":{"type":"Polygon","coordinates":[[[-84.476981,39.151645],[-84.477092,39.151462],[-84.477449,39.151159],[-84.47764,39.151198],[-84.477411,39.151509],[-84.477397,39.151681],[-84.476981,39.151645]]]}},{"type":"Feature","properties":{"pid":"011000020029"},"geometry":{"type":"Polygon","coordinates":[[[-84.478269,39.151329],[-84.47764,39.151198],[-84.477449,39.151159],[-84.47774,39.150956],[-84.478327,39.151263],[-84.478269,39.151329]]]}},{"type":"Feature","properties":{"pid":"011000020030"},"geometry":{"type":"Polygon","coordinates":[[[-84.478265,39.151781],[-84.477898,39.151727],[-84.477961,39.151265],[-84.478328,39.151341],[-84.478265,39.151781]]]}},{"type":"Feature","properties":{"pid":"011000020032"},"geometry":{"type":"Polygon","coordinates":[[[-84.478471,39.151804],[-84.478515,39.151384],[-84.478766,39.151427],[-84.478715,39.151824],[-84.478471,39.151804]]]}},{"type":"Feature","properties":{"pid":"011000020033"},"geometry":{"type":"Polygon","coordinates":[[[-84.478579,39.15139],[-84.478269,39.151329],[-84.478639,39.15091],[-84.478884,39.151028],[-84.478579,39.15139]]]}},{"type":"Feature","properties":{"pid":"011000020034"},"geometry":{"type":"Polygon","coordinates":[[[-84.478925,39.151459],[-84.478579,39.15139],[-84.478884,39.151028],[-84.479153,39.151155],[-84.478925,39.151459]]]}},{"type":"Feature","properties":{"pid":"011000020035"},"geometry":{"type":"Polygon","coordinates":[[[-84.47901,39.151599],[-84.479022,39.151479],[-84.47896,39.151466],[-84.478965,39.151406],[-84.479153,39.151155],[-84.47958,39.151349],[-84.479552,39.151632],[-84.47901,39.151599]]]}},{"type":"Feature","properties":{"pid":"011000020036"},"geometry":{"type":"Polygon","coordinates":[[[-84.478984,39.151845],[-84.47901,39.151599],[-84.479552,39.151632],[-84.479527,39.151888],[-84.478984,39.151845]]]}},{"type":"Feature","properties":{"pid":"011000020037"},"geometry":{"type":"Polygon","coordinates":[[[-84.478984,39.151845],[-84.478715,39.151824],[-84.478766,39.151427],[-84.479022,39.151479],[-84.478984,39.151845]]]}},{"type":"Feature","properties":{"pid":"011000020038"},"geometry":{"type":"Polygon","coordinates":[[[-84.47746,39.154501],[-84.477214,39.154485],[-84.477265,39.154006],[-84.477511,39.154022],[-84.47746,39.154501]]]}},{"type":"Feature","properties":{"pid":"011000020039"},"geometry":{"type":"Polygon","coordinates":[[[-84.477304,39.153876],[-84.477349,39.153449],[-84.477691,39.153472],[-84.477645,39.153899],[-84.477304,39.153876]]]}},{"type":"Feature","properties":{"pid":"011000020040"},"geometry":{"type":"Polygon","coordinates":[[[-84.477848,39.152728],[-84.477899,39.152309],[-84.478054,39.15232],[-84.478013,39.152739],[-84.477848,39.152728]]]}},{"type":"Feature","properties":{"pid":"011000020043"},"geometry":{"type":"Polygon","coordinates":[[[-84.47832,39.15126],[-84.478096,39.151147],[-84.478411,39.150801],[-84.478639,39.15091],[-84.47832,39.15126]]]}},{"type":"Feature","properties":{"pid":"011000020045"},"geometry":{"type":"Polygon","coordinates":[[[-84.476443,39.153817],[-84.476457,39.153601],[-84.476547,39.153397],[-84.476879,39.153419],[-84.476857,39.153845],[-84.476443,39.153817]]]}},{"type":"Feature","properties":{"pid":"011000020046"},"geometry":{"type":"Polygon","coordinates":[[[-84.478612,39.152359],[-84.478652,39.151959],[-84.478905,39.151977],[-84.478836,39.152375],[-84.478612,39.152359]]]}},{"type":"Feature","properties":{"pid":"011000020047"},"geometry":{"type":"Polygon","coordinates":[[[-84.476502,39.153008],[-84.476824,39.152523],[-84.476884,39.152183],[-84.477095,39.152195],[-84.477139,39.152787],[-84.476647,39.153071],[-84.476556,39.153064],[-84.476502,39.153008]]]}},{"type":"Feature","properties":{"pid":"011000020050"},"geometry":{"type":"Polygon","coordinates":[[[-84.47774,39.150956],[-84.478149,39.150675],[-84.478383,39.150787],[-84.478074,39.151137],[-84.47774,39.150956]]]}},{"type":"Feature","properties":{"pid":"011000020053"},"geometry":{"type":"Polygon","coordinates":[[[-84.477568,39.151696],[-84.477397,39.151681],[-84.477411,39.151509],[-84.47764,39.151198],[-84.477568,39.151696]]]}},{"type":"Feature","properties":{"pid":"011000020054"},"geometry":{"type":"Polygon","coordinates":[[[-84.477592,39.151699],[-84.477664,39.151203],[-84.477961,39.151265],[-84.477898,39.151727],[-84.477592,39.151699]]]}},{"type":"Feature","properties":{"pid":"011000020056"},"geometry":{"type":"Polygon","coordinates":[[[-84.477404,39.153453],[-84.476879,39.153419],[-84.476547,39.153397],[-84.476804,39.15315],[-84.477404,39.153453]]]}},{"type":"Feature","properties":{"pid":"011000020058"},"geometry":{"type":"Polygon","coordinates":[[[-84.477902,39.153203],[-84.477931,39.152863],[-84.478194,39.152883],[-84.478158,39.15322],[-84.477902,39.153203]]]}},{"type":"Feature","properties":{"pid":"011000020059"},"geometry":{"type":"Polygon","coordinates":[[[-84.478127,39.153501],[-84.477632,39.153468],[-84.477685,39.152849],[-84.477931,39.152863],[-84.477902,39.153203],[-84.478158,39.15322],[-84.478127,39.153501]]]}},{"type":"Feature","properties":{"pid":"011000020060"},"geometry":{"type":"Polygon","coordinates":[[[-84.477404,39.153453],[-84.477455,39.152853],[-84.477685,39.152849],[-84.477632,39.153468],[-84.477404,39.153453]]]}},{"type":"Feature","properties":{"pid":"011000030004"},"geometry":{"type":"Polygon","coordinates":[[[-84.479856,39.1535],[-84.479806,39.153564],[-84.479858,39.153002],[-84.480207,39.153026],[-84.480154,39.153518],[-84.479856,39.1535]]]}},{"type":"Feature","properties":{"pid":"011000030005"},"geometry":{"type":"Polygon","coordinates":[[[-84.479588,39.153552],[-84.479637,39.152986],[-84.479858,39.153002],[-84.479806,39.153564],[-84.479588,39.153552]]]}},{"type":"Feature","properties":{"pid":"011000030006"},"geometry":{"type":"Polygon","coordinates":[[[-84.479588,39.153552],[-84.478785,39.153507],[-84.478847,39.152931],[-84.479637,39.152986],[-84.479588,39.153552]]]}},{"type":"Feature","properties":{"pid":"011000030007"},"geometry":{"type":"Polygon","coordinates":[[[-84.479868,39.153567],[-84.479856,39.1535],[-84.480154,39.153518],[-84.480148,39.153582],[-84.479868,39.153567]]]}},{"type":"Feature","properties":{"pid":"011000030009"},"geometry":{"type":"Polygon","coordinates":[[[-84.479804,39.154047],[-84.479456,39.154024],[-84.479507,39.153548],[-84.479868,39.153567],[-84.479804,39.154047]]]}},{"type":"Feature","properties":{"pid":"011000030010"},"geometry":{"type":"Polygon","coordinates":[[[-84.479232,39.154009],[-84.479269,39.153535],[-84.479507,39.153548],[-84.479456,39.154024],[-84.479232,39.154009]]]}},{"type":"Feature","properties":{"pid":"011000030012"},"geometry":{"type":"Polygon","coordinates":[[[-84.479149,39.154004],[-84.478734,39.153977],[-84.478785,39.153507],[-84.479194,39.153531],[-84.479149,39.154004]]]}},{"type":"Feature","properties":{"pid":"011000030061"},"geometry":{"type":"Polygon","coordinates":[[[-84.478291,39.15661],[-84.47847,39.156503],[-84.478653,39.156462],[-84.478291,39.15661]]]}},{"type":"Feature","properties":{"pid":"011000030062"},"geometry":{"type":"Polygon","coordinates":[[[-84.478653,39.156462],[-84.478671,39.156164],[-84.478877,39.156179],[-84.478872,39.156391],[-84.478653,39.156462]]]}},{"type":"Feature","properties":{"pid":"011000030063"},"geometry":{"type":"Polygon","coordinates":[[[-84.47834,39.156141],[-84.478511,39.156153],[-84.47847,39.156503],[-84.478294,39.156579],[-84.47834,39.156141]]]}},{"type":"Feature","properties":{"pid":"011000030064"},"geometry":{"type":"Polygon","coordinates":[[[-84.478511,39.156153],[-84.478671,39.156164],[-84.478653,39.156462],[-84.47847,39.156503],[-84.478511,39.156153]]]}},{"type":"Feature","properties":{"pid":"011000030065"},"geometry":{"type":"Polygon","coordinates":[[[-84.479018,39.156189],[-84.479118,39.156292],[-84.479028,39.156323],[-84.479018,39.156189]]]}},{"type":"Feature","properties":{"pid":"011000030067"},"geometry":{"type":"Polygon","coordinates":[[[-84.478772,39.156429],[-84.478956,39.156348],[-84.479126,39.156604],[-84.478938,39.156679],[-84.478772,39.156429]]]}},{"type":"Feature","properties":{"pid":"011100010005"},"geometry":{"type":"Polygon","coordinates":[[[-84.478703,39.158866],[-84.478337,39.15828],[-84.478727,39.157866],[-84.479216,39.158495],[-84.478703,39.158866]]]}},{"type":"Feature","properties":{"pid":"011100010012"},"geometry":{"type":"Polygon","coordinates":[[[-84.477402,39.157276],[-84.477688,39.157238],[-84.478337,39.15828],[-84.478145,39.158484],[-84.477402,39.157276]]]}},{"type":"Feature","properties":{"pid":"011100010013"},"geometry":{"type":"Polygon","coordinates":[[[-84.479436,39.156827],[-84.479913,39.156646],[-84.47993,39.156667],[-84.479488,39.156897],[-84.479436,39.156827]]]}},{"type":"Feature","properties":{"pid":"011100010017"},"geometry":{"type":"Polygon","coordinates":[[[-84.479404,39.157443],[-84.480198,39.157022],[-84.480278,39.157129],[-84.479471,39.15753],[-84.479404,39.157443]]]}},{"type":"Feature","properties":{"pid":"011100010018"},"geometry":{"type":"Polygon","coordinates":[[[-84.479669,39.157789],[-84.480465,39.157377],[-84.480576,39.157523],[-84.47978,39.157935],[-84.479669,39.157789]]]}},{"type":"Feature","properties":{"pid":"011100010019"},"geometry":{"type":"Polygon","coordinates":[[[-84.479582,39.157676],[-84.480385,39.157271],[-84.480448,39.157354],[-84.479651,39.157766],[-84.479582,39.157676]]]}},{"type":"Feature","properties":{"pid":"011100010020"},"geometry":{"type":"Polygon","coordinates":[[[-84.479568,39.157004],[-84.48001,39.156774],[-84.48009,39.15688],[-84.479647,39.157111],[-84.479568,39.157004]]]}},{"type":"Feature","properties":{"pid":"011100010033"},"geometry":{"type":"Polygon","coordinates":[[[-84.478456,39.157492],[-84.478197,39.157136],[-84.478663,39.157731],[-84.478456,39.157492]]]}},{"type":"Feature","properties":{"pid":"011100010034"},"geometry":{"type":"Polygon","coordinates":[[[-84.478799,39.15792],[-84.478638,39.157743],[-84.478663,39.157731],[-84.478799,39.15792]]]}},{"type":"Feature","properties":{"pid":"011100010035"},"geometry":{"type":"Polygon","coordinates":[[[-84.478321,39.157945],[-84.477868,39.157207],[-84.478197,39.157136],[-84.478673,39.157791],[-84.478321,39.157945]]]}},{"type":"Feature","properties":{"pid":"011100060002"},"geometry":{"type":"Polygon","coordinates":[[[-84.480416,39.167097],[-84.480785,39.167362],[-84.48066,39.167594],[-84.480535,39.167608],[-84.480416,39.167097]]]}},{"type":"Feature","properties":{"pid":"011100060004"},"geometry":{"type":"Polygon","coordinates":[[[-84.480509,39.166201],[-84.480741,39.165893],[-84.480853,39.16593],[-84.480646,39.166265],[-84.480509,39.166201]]]}},{"type":"Feature","properties":{"pid":"011100060006"},"geometry":{"type":"Polygon","coordinates":[[[-84.479478,39.165284],[-84.479484,39.165192],[-84.479641,39.165207],[-84.479629,39.165299],[-84.479478,39.165284]]]}},{"type":"Feature","properties":{"pid":"011100060020"},"geometry":{"type":"Polygon","coordinates":[[[-84.48018,39.165261],[-84.480222,39.164966],[-84.480422,39.164986],[-84.480373,39.16528],[-84.48018,39.165261]]]}},{"type":"Feature","properties":{"pid":"011100060028"},"geometry":{"type":"Polygon","coordinates":[[[-84.479814,39.165224],[-84.479856,39.16493],[-84.480048,39.164949],[-84.480004,39.165243],[-84.479814,39.165224]]]}},{"type":"Feature","properties":{"pid":"011100060029"},"geometry":{"type":"Polygon","coordinates":[[[-84.479906,39.164817],[-84.479956,39.164533],[-84.48017,39.164555],[-84.480129,39.16484],[-84.479906,39.164817]]]}},{"type":"Feature","properties":{"pid":"011100060030"},"geometry":{"type":"Polygon","coordinates":[[[-84.479101,39.164735],[-84.479123,39.164551],[-84.479544,39.164588],[-84.479523,39.164778],[-84.479101,39.164735]]]}},{"type":"Feature","properties":{"pid":"011100060031"},"geometry":{"type":"Polygon","coordinates":[[[-84.479064,39.165043],[-84.479087,39.164854],[-84.479503,39.164895],[-84.479491,39.165081],[-84.479064,39.165043]]]}},{"type":"Feature","properties":{"pid":"011100060032"},"geometry":{"type":"Polygon","coordinates":[[[-84.478921,39.16657],[-84.478936,39.166435],[-84.479369,39.166459],[-84.479357,39.166612],[-84.478921,39.16657]]]}},{"type":"Feature","properties":{"pid":"011100060034"},"geometry":{"type":"Polygon","coordinates":[[[-84.479041,39.165241],[-84.479064,39.165043],[-84.479491,39.165081],[-84.479478,39.165284],[-84.479041,39.165241]]]}},{"type":"Feature","properties":{"pid":"011100060037"},"geometry":{"type":"Polygon","coordinates":[[[-84.478906,39.166715],[-84.478921,39.16657],[-84.479357,39.166612],[-84.479346,39.166759],[-84.478906,39.166715]]]}},{"type":"Feature","properties":{"pid":"011100060040"},"geometry":{"type":"Polygon","coordinates":[[[-84.479695,39.164796],[-84.479747,39.164512],[-84.479956,39.164533],[-84.479906,39.164817],[-84.479695,39.164796]]]}},{"type":"Feature","properties":{"pid":"011100060041"},"geometry":{"type":"Polygon","coordinates":[[[-84.480285,39.164856],[-84.480339,39.164572],[-84.480534,39.164592],[-84.480486,39.164877],[-84.480285,39.164856]]]}},{"type":"Feature","properties":{"pid":"011100060042"},"geometry":{"type":"Polygon","coordinates":[[[-84.480131,39.16484],[-84.48017,39.164555],[-84.480339,39.164572],[-84.480285,39.164856],[-84.480131,39.16484]]]}},{"type":"Feature","properties":{"pid":"011100060043"},"geometry":{"type":"Polygon","coordinates":[[[-84.479369,39.166459],[-84.478898,39.166433],[-84.478915,39.166297],[-84.479382,39.16634],[-84.479369,39.166459]]]}},{"type":"Feature","properties":{"pid":"011100060044"},"geometry":{"type":"Polygon","coordinates":[[[-84.478929,39.166179],[-84.478946,39.166038],[-84.47941,39.166078],[-84.479394,39.166223],[-84.478929,39.166179]]]}},{"type":"Feature","properties":{"pid":"011100060045"},"geometry":{"type":"Polygon","coordinates":[[[-84.478851,39.167273],[-84.478865,39.167125],[-84.479302,39.167173],[-84.479286,39.167317],[-84.478851,39.167273]]]}},{"type":"Feature","properties":{"pid":"011100060046"},"geometry":{"type":"Polygon","coordinates":[[[-84.479641,39.165207],[-84.479679,39.164913],[-84.479856,39.16493],[-84.479814,39.165224],[-84.479641,39.165207]]]}},{"type":"Feature","properties":{"pid":"011100060047"},"geometry":{"type":"Polygon","coordinates":[[[-84.480004,39.165243],[-84.480048,39.164949],[-84.480222,39.164966],[-84.48018,39.165261],[-84.480004,39.165243]]]}},{"type":"Feature","properties":{"pid":"011100060048"},"geometry":{"type":"Polygon","coordinates":[[[-84.480373,39.16528],[-84.480422,39.164986],[-84.480632,39.165006],[-84.480577,39.165301],[-84.480373,39.16528]]]}},{"type":"Feature","properties":{"pid":"011100060049"},"geometry":{"type":"Polygon","coordinates":[[[-84.480577,39.165301],[-84.480632,39.165006],[-84.480839,39.165027],[-84.480791,39.165321],[-84.480577,39.165301]]]}},{"type":"Feature","properties":{"pid":"011100060050"},"geometry":{"type":"Polygon","coordinates":[[[-84.480486,39.164877],[-84.480534,39.164592],[-84.480753,39.164614],[-84.480695,39.164899],[-84.480486,39.164877]]]}},{"type":"Feature","properties":{"pid":"011100060051"},"geometry":{"type":"Polygon","coordinates":[[[-84.479484,39.165192],[-84.479503,39.164895],[-84.479679,39.164913],[-84.479641,39.165207],[-84.479484,39.165192]]]}},{"type":"Feature","properties":{"pid":"011100060059"},"geometry":{"type":"Polygon","coordinates":[[[-84.479467,39.165542],[-84.479012,39.165479],[-84.479469,39.165526],[-84.479467,39.165542]]]}},{"type":"Feature","properties":{"pid":"011100060065"},"geometry":{"type":"Polygon","coordinates":[[[-84.479123,39.164551],[-84.479143,39.164387],[-84.479562,39.164426],[-84.479544,39.164588],[-84.479123,39.164551]]]}},{"type":"Feature","properties":{"pid":"011100060068"},"geometry":{"type":"Polygon","coordinates":[[[-84.479853,39.166519],[-84.479695,39.166473],[-84.480025,39.166097],[-84.480171,39.166171],[-84.479853,39.166519]]]}},{"type":"Feature","properties":{"pid":"011100060069"},"geometry":{"type":"Polygon","coordinates":[[[-84.479678,39.166468],[-84.479586,39.166443],[-84.479836,39.166018],[-84.480025,39.166097],[-84.479678,39.166468]]]}},{"type":"Feature","properties":{"pid":"011100060070"},"geometry":{"type":"Polygon","coordinates":[[[-84.479571,39.166439],[-84.479466,39.166411],[-84.479643,39.165958],[-84.479836,39.166018],[-84.479571,39.166439]]]}},{"type":"Feature","properties":{"pid":"011100060085"},"geometry":{"type":"Polygon","coordinates":[[[-84.478981,39.16574],[-84.47901,39.165498],[-84.479467,39.165542],[-84.479436,39.165782],[-84.478981,39.16574]]]}},{"type":"Feature","properties":{"pid":"011100060091"},"geometry":{"type":"Polygon","coordinates":[[[-84.478946,39.166038],[-84.478965,39.165871],[-84.479426,39.165921],[-84.47941,39.166078],[-84.478946,39.166038]]]}},{"type":"Feature","properties":{"pid":"011100060092"},"geometry":{"type":"Polygon","coordinates":[[[-84.480695,39.164899],[-84.480753,39.164614],[-84.480964,39.164635],[-84.480913,39.164922],[-84.480695,39.164899]]]}},{"type":"Feature","properties":{"pid":"011100060095"},"geometry":{"type":"Polygon","coordinates":[[[-84.480021,39.166567],[-84.479853,39.166519],[-84.480163,39.16618],[-84.480316,39.166257],[-84.480021,39.166567]]]}},{"type":"Feature","properties":{"pid":"011100060098"},"geometry":{"type":"Polygon","coordinates":[[[-84.478831,39.167472],[-84.478851,39.167273],[-84.479286,39.167317],[-84.479263,39.167518],[-84.478831,39.167472]]]}},{"type":"Feature","properties":{"pid":"011100060105"},"geometry":{"type":"Polygon","coordinates":[[[-84.479613,39.165811],[-84.479753,39.165311],[-84.480019,39.165337],[-84.479789,39.165853],[-84.479613,39.165811]]]}},{"type":"Feature","properties":{"pid":"011100060107"},"geometry":{"type":"Polygon","coordinates":[[[-84.479437,39.165783],[-84.479474,39.165489],[-84.479698,39.165508],[-84.479613,39.165811],[-84.479437,39.165783]]]}},{"type":"Feature","properties":{"pid":"011100060108"},"geometry":{"type":"Polygon","coordinates":[[[-84.479791,39.165853],[-84.480019,39.165337],[-84.480169,39.165352],[-84.480137,39.165621],[-84.479959,39.165913],[-84.479791,39.165853]]]}},{"type":"Feature","properties":{"pid":"011100060109"},"geometry":{"type":"Polygon","coordinates":[[[-84.480231,39.166629],[-84.480463,39.166334],[-84.480574,39.16638],[-84.480414,39.166682],[-84.480231,39.166629]]]}},{"type":"Feature","properties":{"pid":"011100060110"},"geometry":{"type":"Polygon","coordinates":[[[-84.479962,39.165914],[-84.480137,39.165621],[-84.480327,39.165682],[-84.480095,39.165977],[-84.479962,39.165914]]]}},{"type":"Feature","properties":{"pid":"011100060112"},"geometry":{"type":"Polygon","coordinates":[[[-84.480177,39.167231],[-84.480192,39.167061],[-84.480415,39.167089],[-84.480343,39.167496],[-84.480177,39.167231]]]}},{"type":"Feature","properties":{"pid":"011100060117"},"geometry":{"type":"Polygon","coordinates":[[[-84.479334,39.166921],[-84.479368,39.166469],[-84.479377,39.166388],[-84.479571,39.166439],[-84.479497,39.166938],[-84.479334,39.166921]]]}},{"type":"Feature","properties":{"pid":"011100060118"},"geometry":{"type":"Polygon","coordinates":[[[-84.479497,39.166938],[-84.479563,39.166471],[-84.479571,39.166439],[-84.47973,39.166483],[-84.479663,39.166956],[-84.479497,39.166938]]]}},{"type":"Feature","properties":{"pid":"011100060119"},"geometry":{"type":"Polygon","coordinates":[[[-84.479663,39.166956],[-84.47973,39.166483],[-84.479894,39.166531],[-84.479825,39.166973],[-84.479663,39.166956]]]}},{"type":"Feature","properties":{"pid":"011100060123"},"geometry":{"type":"Polygon","coordinates":[[[-84.479253,39.167603],[-84.479319,39.167018],[-84.47949,39.167036],[-84.479414,39.167585],[-84.479253,39.167603]]]}},{"type":"Feature","properties":{"pid":"011100060124"},"geometry":{"type":"Polygon","coordinates":[[[-84.47944,39.167582],[-84.47949,39.167036],[-84.47965,39.167052],[-84.479574,39.167596],[-84.47944,39.167582]]]}},{"type":"Feature","properties":{"pid":"011100060125"},"geometry":{"type":"Polygon","coordinates":[[[-84.47959,39.167597],[-84.47965,39.167052],[-84.479816,39.16707],[-84.479742,39.167619],[-84.47959,39.167597]]]}},{"type":"Feature","properties":{"pid":"011100060128"},"geometry":{"type":"Polygon","coordinates":[[[-84.480833,39.166323],[-84.480979,39.165956],[-84.481115,39.165985],[-84.481035,39.16637],[-84.480833,39.166323]]]}},{"type":"Feature","properties":{"pid":"011100060129"},"geometry":{"type":"Polygon","coordinates":[[[-84.480209,39.166622],[-84.480021,39.166567],[-84.480316,39.166257],[-84.480463,39.166334],[-84.480209,39.166622]]]}},{"type":"Feature","properties":{"pid":"011100060133"},"geometry":{"type":"Polygon","coordinates":[[[-84.480624,39.166735],[-84.480414,39.166682],[-84.480574,39.16638],[-84.480724,39.166441],[-84.480624,39.166735]]]}},{"type":"Feature","properties":{"pid":"011100060136"},"geometry":{"type":"Polygon","coordinates":[[[-84.479012,39.165479],[-84.479041,39.165241],[-84.479753,39.165311],[-84.479698,39.165508],[-84.479474,39.165489],[-84.479469,39.165526],[-84.479012,39.165479]]]}},{"type":"Feature","properties":{"pid":"011100060137"},"geometry":{"type":"Polygon","coordinates":[[[-84.479523,39.164778],[-84.479555,39.164492],[-84.479747,39.164512],[-84.479695,39.164796],[-84.479523,39.164778]]]}},{"type":"Feature","properties":{"pid":"011100060139"},"geometry":{"type":"Polygon","coordinates":[[[-84.481279,39.164961],[-84.481088,39.164941],[-84.481145,39.164653],[-84.481334,39.164672],[-84.481279,39.164961]]]}},{"type":"Feature","properties":{"pid":"011100060140"},"geometry":{"type":"Polygon","coordinates":[[[-84.480944,39.165372],[-84.480954,39.165205],[-84.481445,39.165254],[-84.481423,39.165415],[-84.480944,39.165372]]]}},{"type":"Feature","properties":{"pid":"011100060142"},"geometry":{"type":"Polygon","coordinates":[[[-84.481035,39.16637],[-84.481115,39.165985],[-84.481284,39.165999],[-84.481223,39.166394],[-84.481035,39.16637]]]}},{"type":"Feature","properties":{"pid":"011100060143"},"geometry":{"type":"Polygon","coordinates":[[[-84.480228,39.166046],[-84.480475,39.165756],[-84.480609,39.165828],[-84.480355,39.16612],[-84.480228,39.166046]]]}},{"type":"Feature","properties":{"pid":"011100060144"},"geometry":{"type":"Polygon","coordinates":[[[-84.478922,39.166238],[-84.478929,39.166179],[-84.479394,39.166223],[-84.479388,39.166281],[-84.478922,39.166238]]]}},{"type":"Feature","properties":{"pid":"011100060145"},"geometry":{"type":"Polygon","coordinates":[[[-84.479377,39.166388],[-84.479426,39.165921],[-84.479643,39.165958],[-84.479466,39.166411],[-84.479377,39.166388]]]}},{"type":"Feature","properties":{"pid":"011100060153"},"geometry":{"type":"Polygon","coordinates":[[[-84.480624,39.166735],[-84.480724,39.166441],[-84.480908,39.166456],[-84.480813,39.166778],[-84.480624,39.166735]]]}},{"type":"Feature","properties":{"pid":"011100060154"},"geometry":{"type":"Polygon","coordinates":[[[-84.480647,39.166266],[-84.480853,39.16593],[-84.480979,39.165956],[-84.480833,39.166323],[-84.480647,39.166266]]]}},{"type":"Feature","properties":{"pid":"011100060155"},"geometry":{"type":"Polygon","coordinates":[[[-84.481223,39.166394],[-84.481284,39.165999],[-84.481467,39.166015],[-84.481406,39.166398],[-84.481223,39.166394]]]}},{"type":"Feature","properties":{"pid":"011100060162"},"geometry":{"type":"Polygon","coordinates":[[[-84.480483,39.166189],[-84.480355,39.16612],[-84.480609,39.165828],[-84.480741,39.165893],[-84.480483,39.166189]]]}},{"type":"Feature","properties":{"pid":"011100060163"},"geometry":{"type":"Polygon","coordinates":[[[-84.480095,39.165977],[-84.480327,39.165682],[-84.480475,39.165756],[-84.480227,39.166046],[-84.480095,39.165977]]]}},{"type":"Feature","properties":{"pid":"011100060208"},"geometry":{"type":"Polygon","coordinates":[[[-84.478915,39.166297],[-84.478922,39.166238],[-84.479388,39.166281],[-84.479382,39.16634],[-84.478915,39.166297]]]}},{"type":"Feature","properties":{"pid":"011100070001"},"geometry":{"type":"Polygon","coordinates":[[[-84.481546,39.158998],[-84.480754,39.158938],[-84.480867,39.158613],[-84.481344,39.158638],[-84.481546,39.158998]]]}},{"type":"Feature","properties":{"pid":"011100070003"},"geometry":{"type":"Polygon","coordinates":[[[-84.480426,39.159572],[-84.480551,39.15933],[-84.481777,39.15941],[-84.481921,39.159668],[-84.480426,39.159572]]]}},{"type":"Feature","properties":{"pid":"011100070004"},"geometry":{"type":"Polygon","coordinates":[[[-84.480231,39.159949],[-84.480426,39.159572],[-84.481921,39.159668],[-84.482128,39.160067],[-84.480231,39.159949]]]}},{"type":"Feature","properties":{"pid":"011100070005"},"geometry":{"type":"Polygon","coordinates":[[[-84.479599,39.159652],[-84.479743,39.159406],[-84.480206,39.159565],[-84.480032,39.159893],[-84.479599,39.159652]]]}},{"type":"Feature","properties":{"pid":"011100070008"},"geometry":{"type":"Polygon","coordinates":[[[-84.479888,39.159158],[-84.480022,39.158929],[-84.480462,39.159082],[-84.480342,39.159308],[-84.479888,39.159158]]]}},{"type":"Feature","properties":{"pid":"011100070009"},"geometry":{"type":"Polygon","coordinates":[[[-84.480022,39.158929],[-84.480142,39.158724],[-84.480601,39.158809],[-84.480462,39.159082],[-84.480022,39.158929]]]}},{"type":"Feature","properties":{"pid":"011100070010"},"geometry":{"type":"Polygon","coordinates":[[[-84.480142,39.158724],[-84.480083,39.158591],[-84.480143,39.15857],[-84.480569,39.158586],[-84.48062,39.158621],[-84.480601,39.158809],[-84.480142,39.158724]]]}},{"type":"Feature","properties":{"pid":"011100070011"},"geometry":{"type":"Polygon","coordinates":[[[-84.480569,39.158472],[-84.480147,39.158457],[-84.480134,39.15824],[-84.480661,39.158239],[-84.480641,39.158437],[-84.480569,39.158472]]]}},{"type":"Feature","properties":{"pid":"011100070012"},"geometry":{"type":"Polygon","coordinates":[[[-84.480134,39.15824],[-84.480123,39.158042],[-84.480681,39.158051],[-84.480661,39.158239],[-84.480134,39.15824]]]}},{"type":"Feature","properties":{"pid":"011100070014"},"geometry":{"type":"Polygon","coordinates":[[[-84.479953,39.158523],[-84.479725,39.158239],[-84.480123,39.158042],[-84.480147,39.158457],[-84.479953,39.158523]]]}},{"type":"Feature","properties":{"pid":"011100070015"},"geometry":{"type":"Polygon","coordinates":[[[-84.479736,39.158661],[-84.479443,39.158376],[-84.479725,39.158239],[-84.479953,39.158523],[-84.479736,39.158661]]]}},{"type":"Feature","properties":{"pid":"011100070022"},"geometry":{"type":"Polygon","coordinates":[[[-84.47995,39.159051],[-84.479607,39.158867],[-84.480083,39.158591],[-84.480142,39.158724],[-84.47995,39.159051]]]}},{"type":"Feature","properties":{"pid":"011100070023"},"geometry":{"type":"Polygon","coordinates":[[[-84.480681,39.158051],[-84.480123,39.158042],[-84.480683,39.157755],[-84.480681,39.158051]]]}},{"type":"Feature","properties":{"pid":"011100070027"},"geometry":{"type":"Polygon","coordinates":[[[-84.480867,39.158613],[-84.480907,39.158349],[-84.480911,39.157866],[-84.481342,39.158635],[-84.480867,39.158613]]]}},{"type":"Feature","properties":{"pid":"011600020002"},"geometry":{"type":"Polygon","coordinates":[[[-84.470757,39.166432],[-84.470775,39.166375],[-84.471217,39.166733],[-84.471198,39.166788],[-84.470757,39.166432]]]}},{"type":"Feature","properties":{"pid":"011600020006"},"geometry":{"type":"Polygon","coordinates":[[[-84.472986,39.168163],[-84.470775,39.166375],[-84.470932,39.165894],[-84.471954,39.166714],[-84.472082,39.166618],[-84.473529,39.167741],[-84.473375,39.167844],[-84.473791,39.168181],[-84.472986,39.168163]]]}},{"type":"Feature","properties":{"pid":"011600020007"},"geometry":{"type":"Polygon","coordinates":[[[-84.478141,39.165112],[-84.478164,39.164924],[-84.478862,39.164967],[-84.478838,39.165166],[-84.478141,39.165112]]]}},{"type":"Feature","properties":{"pid":"011600020058"},"geometry":{"type":"Polygon","coordinates":[[[-84.47106,39.165536],[-84.471186,39.165319],[-84.472109,39.16542],[-84.471998,39.165731],[-84.47106,39.165536]]]}},{"type":"Feature","properties":{"pid":"011600020061"},"geometry":{"type":"Polygon","coordinates":[[[-84.478784,39.165608],[-84.477715,39.16552],[-84.477753,39.165244],[-84.478818,39.165327],[-84.478784,39.165608]]]}},{"type":"Feature","properties":{"pid":"011600020062"},"geometry":{"type":"Polygon","coordinates":[[[-84.471516,39.164881],[-84.471602,39.164772],[-84.472025,39.164967],[-84.47193,39.165081],[-84.471516,39.164881]]]}},{"type":"Feature","properties":{"pid":"011600020068"},"geometry":{"type":"Polygon","coordinates":[[[-84.477082,39.165993],[-84.47747,39.165835],[-84.477553,39.16595],[-84.477168,39.166105],[-84.477082,39.165993]]]}},{"type":"Feature","properties":{"pid":"011600020069"},"geometry":{"type":"Polygon","coordinates":[[[-84.478054,39.167566],[-84.478081,39.167302],[-84.478599,39.167306],[-84.478572,39.167572],[-84.478054,39.167566]]]}},{"type":"Feature","properties":{"pid":"011600020070"},"geometry":{"type":"Polygon","coordinates":[[[-84.474724,39.16505],[-84.474756,39.164714],[-84.47496,39.164726],[-84.474933,39.165061],[-84.474724,39.16505]]]}},{"type":"Feature","properties":{"pid":"011600020071"},"geometry":{"type":"Polygon","coordinates":[[[-84.474494,39.165545],[-84.474534,39.165187],[-84.474709,39.165197],[-84.474672,39.165557],[-84.474494,39.165545]]]}},{"type":"Feature","properties":{"pid":"011600020072"},"geometry":{"type":"Polygon","coordinates":[[[-84.476715,39.165729],[-84.47653,39.165672],[-84.476552,39.165319],[-84.476774,39.165334],[-84.476715,39.165729]]]}},{"type":"Feature","properties":{"pid":"011600020073"},"geometry":{"type":"Polygon","coordinates":[[[-84.476529,39.165671],[-84.476302,39.165657],[-84.476341,39.165305],[-84.476552,39.165319],[-84.476529,39.165671]]]}},{"type":"Feature","properties":{"pid":"011600020075"},"geometry":{"type":"Polygon","coordinates":[[[-84.476571,39.165179],[-84.476612,39.164828],[-84.476827,39.164841],[-84.476766,39.165191],[-84.476571,39.165179]]]}},{"type":"Feature","properties":{"pid":"011600020077"},"geometry":{"type":"Polygon","coordinates":[[[-84.475877,39.165631],[-84.475915,39.165277],[-84.476131,39.165291],[-84.476092,39.165645],[-84.475877,39.165631]]]}},{"type":"Feature","properties":{"pid":"011600020078"},"geometry":{"type":"Polygon","coordinates":[[[-84.474933,39.165061],[-84.47496,39.164726],[-84.475171,39.164739],[-84.475137,39.165073],[-84.474933,39.165061]]]}},{"type":"Feature","properties":{"pid":"011600020079"},"geometry":{"type":"Polygon","coordinates":[[[-84.476354,39.165166],[-84.476393,39.164815],[-84.476612,39.164828],[-84.476571,39.165179],[-84.476354,39.165166]]]}},{"type":"Feature","properties":{"pid":"011600020080"},"geometry":{"type":"Polygon","coordinates":[[[-84.47595,39.165142],[-84.475979,39.164789],[-84.476188,39.164802],[-84.476144,39.165154],[-84.47595,39.165142]]]}},{"type":"Feature","properties":{"pid":"011600020081"},"geometry":{"type":"Polygon","coordinates":[[[-84.474672,39.165557],[-84.474709,39.165197],[-84.474917,39.16521],[-84.474882,39.165571],[-84.474672,39.165557]]]}},{"type":"Feature","properties":{"pid":"011600020083"},"geometry":{"type":"Polygon","coordinates":[[[-84.476917,39.165865],[-84.476872,39.165808],[-84.477222,39.165486],[-84.477354,39.165673],[-84.476917,39.165865]]]}},{"type":"Feature","properties":{"pid":"011600020084"},"geometry":{"type":"Polygon","coordinates":[[[-84.475656,39.165618],[-84.475708,39.165263],[-84.475915,39.165277],[-84.475877,39.165631],[-84.475656,39.165618]]]}},{"type":"Feature","properties":{"pid":"011600020085"},"geometry":{"type":"Polygon","coordinates":[[[-84.47833,39.16627],[-84.478289,39.165928],[-84.478741,39.16596],[-84.478709,39.166222],[-84.47833,39.16627]]]}},{"type":"Feature","properties":{"pid":"011600020086"},"geometry":{"type":"Polygon","coordinates":[[[-84.476917,39.165865],[-84.477354,39.165673],[-84.477469,39.165832],[-84.477029,39.166005],[-84.476917,39.165865]]]}},{"type":"Feature","properties":{"pid":"011600020087"},"geometry":{"type":"Polygon","coordinates":[[[-84.475348,39.165082],[-84.475137,39.165073],[-84.475171,39.164739],[-84.475382,39.164752],[-84.475348,39.165082]]]}},{"type":"Feature","properties":{"pid":"011600020088"},"geometry":{"type":"Polygon","coordinates":[[[-84.476825,39.16575],[-84.476715,39.165729],[-84.476774,39.165334],[-84.477035,39.165356],[-84.476825,39.16575]]]}},{"type":"Feature","properties":{"pid":"011600020089"},"geometry":{"type":"Polygon","coordinates":[[[-84.476825,39.16575],[-84.477035,39.165356],[-84.477082,39.165372],[-84.477222,39.165486],[-84.476872,39.165808],[-84.476825,39.16575]]]}},{"type":"Feature","properties":{"pid":"011600020090"},"geometry":{"type":"Polygon","coordinates":[[[-84.474882,39.165571],[-84.474917,39.16521],[-84.475125,39.165223],[-84.475089,39.165586],[-84.474882,39.165571]]]}},{"type":"Feature","properties":{"pid":"011600020091"},"geometry":{"type":"Polygon","coordinates":[[[-84.475704,39.165127],[-84.475757,39.164775],[-84.475979,39.164789],[-84.47595,39.165142],[-84.475704,39.165127]]]}},{"type":"Feature","properties":{"pid":"011600020093"},"geometry":{"type":"Polygon","coordinates":[[[-84.477763,39.166006],[-84.478275,39.165805],[-84.478298,39.165999],[-84.477909,39.166144],[-84.477763,39.166006]]]}},{"type":"Feature","properties":{"pid":"011600020094"},"geometry":{"type":"Polygon","coordinates":[[[-84.476092,39.165645],[-84.476131,39.165291],[-84.476341,39.165305],[-84.476302,39.165657],[-84.476092,39.165645]]]}},{"type":"Feature","properties":{"pid":"011600020095"},"geometry":{"type":"Polygon","coordinates":[[[-84.476144,39.165154],[-84.476188,39.164802],[-84.476393,39.164815],[-84.476354,39.165166],[-84.476144,39.165154]]]}},{"type":"Feature","properties":{"pid":"011600020096"},"geometry":{"type":"Polygon","coordinates":[[[-84.4774,39.165487],[-84.477265,39.165315],[-84.477775,39.165092],[-84.47774,39.165342],[-84.4774,39.165487]]]}},{"type":"Feature","properties":{"pid":"011600020097"},"geometry":{"type":"Polygon","coordinates":[[[-84.474494,39.165545],[-84.474279,39.165531],[-84.47432,39.165174],[-84.474534,39.165187],[-84.474494,39.165545]]]}},{"type":"Feature","properties":{"pid":"011600020098"},"geometry":{"type":"Polygon","coordinates":[[[-84.476766,39.165191],[-84.476827,39.164841],[-84.477037,39.164854],[-84.476994,39.165205],[-84.476766,39.165191]]]}},{"type":"Feature","properties":{"pid":"011600020099"},"geometry":{"type":"Polygon","coordinates":[[[-84.475529,39.165117],[-84.475562,39.164763],[-84.475757,39.164775],[-84.475704,39.165127],[-84.475529,39.165117]]]}},{"type":"Feature","properties":{"pid":"011600020100"},"geometry":{"type":"Polygon","coordinates":[[[-84.477129,39.165237],[-84.47736,39.164874],[-84.477801,39.164901],[-84.477775,39.165092],[-84.477265,39.165315],[-84.477129,39.165237]]]}},{"type":"Feature","properties":{"pid":"011600020101"},"geometry":{"type":"Polygon","coordinates":[[[-84.474104,39.165016],[-84.474135,39.164675],[-84.474333,39.164687],[-84.474299,39.165026],[-84.474104,39.165016]]]}},{"type":"Feature","properties":{"pid":"011600020102"},"geometry":{"type":"Polygon","coordinates":[[[-84.476994,39.165205],[-84.477037,39.164854],[-84.47736,39.164874],[-84.477129,39.165237],[-84.476994,39.165205]]]}},{"type":"Feature","properties":{"pid":"011600020103"},"geometry":{"type":"Polygon","coordinates":[[[-84.474508,39.165038],[-84.474539,39.1647],[-84.474756,39.164714],[-84.474724,39.16505],[-84.474508,39.165038]]]}},{"type":"Feature","properties":{"pid":"011600020104"},"geometry":{"type":"Polygon","coordinates":[[[-84.473474,39.16498],[-84.473511,39.164632],[-84.473708,39.164646],[-84.473675,39.164991],[-84.473474,39.16498]]]}},{"type":"Feature","properties":{"pid":"011600020105"},"geometry":{"type":"Polygon","coordinates":[[[-84.474299,39.165026],[-84.474333,39.164687],[-84.474539,39.1647],[-84.474508,39.165038],[-84.474299,39.165026]]]}},{"type":"Feature","properties":{"pid":"011600020106"},"geometry":{"type":"Polygon","coordinates":[[[-84.47329,39.164969],[-84.473332,39.16462],[-84.473511,39.164632],[-84.473474,39.16498],[-84.47329,39.164969]]]}},{"type":"Feature","properties":{"pid":"011600020107"},"geometry":{"type":"Polygon","coordinates":[[[-84.471322,39.167019],[-84.470645,39.166787],[-84.470757,39.166432],[-84.471198,39.166788],[-84.471217,39.166733],[-84.471401,39.166881],[-84.471322,39.167019]]]}},{"type":"Feature","properties":{"pid":"011200050043"},"geometry":{"type":"Polygon","coordinates":[[[-84.489696,39.147627],[-84.489195,39.147533],[-84.48927,39.147409],[-84.489737,39.147496],[-84.489696,39.147627]]]}},{"type":"Feature","properties":{"pid":"011600020109"},"geometry":{"type":"Polygon","coordinates":[[[-84.478082,39.167288],[-84.478096,39.167154],[-84.478614,39.16716],[-84.4786,39.167298],[-84.478082,39.167288]]]}},{"type":"Feature","properties":{"pid":"011600020116"},"geometry":{"type":"Polygon","coordinates":[[[-84.473085,39.164961],[-84.473119,39.164605],[-84.473332,39.16462],[-84.47329,39.164969],[-84.473085,39.164961]]]}},{"type":"Feature","properties":{"pid":"011600020118"},"geometry":{"type":"Polygon","coordinates":[[[-84.474068,39.165516],[-84.473864,39.165502],[-84.473899,39.165148],[-84.474106,39.16516],[-84.474068,39.165516]]]}},{"type":"Feature","properties":{"pid":"011600020125"},"geometry":{"type":"Polygon","coordinates":[[[-84.478129,39.165208],[-84.478141,39.165112],[-84.478838,39.165166],[-84.478826,39.165262],[-84.478129,39.165208]]]}},{"type":"Feature","properties":{"pid":"011600020126"},"geometry":{"type":"Polygon","coordinates":[[[-84.478096,39.167154],[-84.478111,39.167006],[-84.47863,39.167013],[-84.478614,39.16716],[-84.478096,39.167154]]]}},{"type":"Feature","properties":{"pid":"011600020152"},"geometry":{"type":"Polygon","coordinates":[[[-84.472181,39.164883],[-84.471683,39.164653],[-84.471785,39.164524],[-84.472213,39.16455],[-84.472181,39.164883]]]}},{"type":"Feature","properties":{"pid":"011600020156"},"geometry":{"type":"Polygon","coordinates":[[[-84.473889,39.165004],[-84.473933,39.164662],[-84.474135,39.164675],[-84.474104,39.165016],[-84.473889,39.165004]]]}},{"type":"Feature","properties":{"pid":"011600020162"},"geometry":{"type":"Polygon","coordinates":[[[-84.477753,39.165244],[-84.477801,39.164901],[-84.478164,39.164924],[-84.478121,39.165273],[-84.477753,39.165244]]]}},{"type":"Feature","properties":{"pid":"011600020163"},"geometry":{"type":"Polygon","coordinates":[[[-84.4774,39.165487],[-84.47774,39.165342],[-84.477715,39.16552],[-84.477801,39.165527],[-84.477516,39.165652],[-84.4774,39.165487]]]}},{"type":"Feature","properties":{"pid":"011600020164"},"geometry":{"type":"Polygon","coordinates":[[[-84.474254,39.165529],[-84.474068,39.165516],[-84.474106,39.16516],[-84.47432,39.165174],[-84.474254,39.165529]]]}},{"type":"Feature","properties":{"pid":"011600020165"},"geometry":{"type":"Polygon","coordinates":[[[-84.473675,39.164991],[-84.473708,39.164646],[-84.473933,39.164662],[-84.473889,39.165004],[-84.473675,39.164991]]]}},{"type":"Feature","properties":{"pid":"011600020166"},"geometry":{"type":"Polygon","coordinates":[[[-84.47253,39.164927],[-84.472564,39.164571],[-84.472895,39.164591],[-84.472861,39.164947],[-84.47253,39.164927]]]}},{"type":"Feature","properties":{"pid":"011600020171"},"geometry":{"type":"Polygon","coordinates":[[[-84.470357,39.167694],[-84.470441,39.167427],[-84.470953,39.167526],[-84.470896,39.167708],[-84.470357,39.167694]]]}},{"type":"Feature","properties":{"pid":"011600020172"},"geometry":{"type":"Polygon","coordinates":[[[-84.47348,39.165552],[-84.473527,39.165478],[-84.473955,39.165508],[-84.474023,39.165895],[-84.473921,39.165934],[-84.47348,39.165552]]]}},{"type":"Feature","properties":{"pid":"011600020176"},"geometry":{"type":"Polygon","coordinates":[[[-84.470441,39.167427],[-84.470551,39.167083],[-84.470651,39.167015],[-84.47081,39.16707],[-84.470879,39.166867],[-84.470974,39.1669],[-84.470777,39.167492],[-84.470441,39.167427]]]}},{"type":"Feature","properties":{"pid":"011600020177"},"geometry":{"type":"Polygon","coordinates":[[[-84.473672,39.165488],[-84.473718,39.165137],[-84.473899,39.165148],[-84.473864,39.165502],[-84.473672,39.165488]]]}},{"type":"Feature","properties":{"pid":"011600020178"},"geometry":{"type":"Polygon","coordinates":[[[-84.473527,39.165478],[-84.473529,39.165125],[-84.473718,39.165137],[-84.473672,39.165488],[-84.473527,39.165478]]]}},{"type":"Feature","properties":{"pid":"011600020181"},"geometry":{"type":"Polygon","coordinates":[[[-84.477636,39.165822],[-84.478247,39.165575],[-84.47827,39.165767],[-84.477744,39.165975],[-84.477636,39.165822]]]}},{"type":"Feature","properties":{"pid":"011600020182"},"geometry":{"type":"Polygon","coordinates":[[[-84.478289,39.165928],[-84.478246,39.165563],[-84.478784,39.165608],[-84.478741,39.16596],[-84.478289,39.165928]]]}},{"type":"Feature","properties":{"pid":"011600020183"},"geometry":{"type":"Polygon","coordinates":[[[-84.472964,39.165439],[-84.473,39.165093],[-84.473177,39.165104],[-84.473139,39.165451],[-84.472964,39.165439]]]}},{"type":"Feature","properties":{"pid":"011600020184"},"geometry":{"type":"Polygon","coordinates":[[[-84.472831,39.16543],[-84.472858,39.165084],[-84.473,39.165093],[-84.472964,39.165439],[-84.472831,39.16543]]]}},{"type":"Feature","properties":{"pid":"011600020185"},"geometry":{"type":"Polygon","coordinates":[[[-84.473315,39.165464],[-84.47335,39.165114],[-84.473529,39.165125],[-84.4735,39.165476],[-84.473315,39.165464]]]}},{"type":"Feature","properties":{"pid":"011600020186"},"geometry":{"type":"Polygon","coordinates":[[[-84.473139,39.165451],[-84.473177,39.165104],[-84.47335,39.165114],[-84.473315,39.165464],[-84.473139,39.165451]]]}},{"type":"Feature","properties":{"pid":"011600020187"},"geometry":{"type":"Polygon","coordinates":[[[-84.472861,39.164947],[-84.472895,39.164591],[-84.473098,39.164604],[-84.473064,39.164959],[-84.472861,39.164947]]]}},{"type":"Feature","properties":{"pid":"011600020191"},"geometry":{"type":"Polygon","coordinates":[[[-84.473244,39.165919],[-84.473343,39.165765],[-84.4738,39.166034],[-84.473678,39.166166],[-84.473244,39.165919]]]}},{"type":"Feature","properties":{"pid":"011600020192"},"geometry":{"type":"Polygon","coordinates":[[[-84.472499,39.166706],[-84.472585,39.166783],[-84.472347,39.166834],[-84.472499,39.166706]]]}},{"type":"Feature","properties":{"pid":"011600020198"},"geometry":{"type":"Polygon","coordinates":[[[-84.477516,39.165652],[-84.477801,39.165527],[-84.478246,39.165563],[-84.477636,39.165822],[-84.477516,39.165652]]]}},{"type":"Feature","properties":{"pid":"011600020199"},"geometry":{"type":"Polygon","coordinates":[[[-84.478111,39.167006],[-84.478132,39.166794],[-84.478643,39.166884],[-84.47863,39.167013],[-84.478111,39.167006]]]}},{"type":"Feature","properties":{"pid":"011200050031"},"geometry":{"type":"Polygon","coordinates":[[[-84.491754,39.148011],[-84.491582,39.147979],[-84.491695,39.147613],[-84.491867,39.147645],[-84.491754,39.148011]]]}},{"type":"Feature","properties":{"pid":"011300030052"},"geometry":{"type":"Polygon","coordinates":[[[-84.497493,39.15185],[-84.497356,39.151797],[-84.498333,39.150955],[-84.49845,39.151064],[-84.497493,39.15185]]]}},{"type":"Feature","properties":{"pid":"011300030053"},"geometry":{"type":"Polygon","coordinates":[[[-84.49724,39.151751],[-84.497195,39.151731],[-84.498196,39.150871],[-84.498234,39.150894],[-84.49724,39.151751]]]}},{"type":"Feature","properties":{"pid":"011200030046"},"geometry":{"type":"Polygon","coordinates":[[[-84.490988,39.1509],[-84.490796,39.150554],[-84.492071,39.150635],[-84.491148,39.150949],[-84.491081,39.150898],[-84.490988,39.1509]]]}},{"type":"Feature","properties":{"pid":"011200040073"},"geometry":{"type":"Polygon","coordinates":[[[-84.490988,39.1509],[-84.490929,39.150941],[-84.490921,39.151017],[-84.490244,39.150705],[-84.490255,39.150589],[-84.490377,39.150528],[-84.490796,39.150554],[-84.490988,39.1509]]]}},{"type":"Feature","properties":{"pid":"011300030063"},"geometry":{"type":"Polygon","coordinates":[[[-84.498518,39.152059],[-84.498754,39.151859],[-84.499003,39.151747],[-84.499121,39.151893],[-84.498844,39.152134],[-84.498518,39.152059]]]}},{"type":"Feature","properties":{"pid":"011300030064"},"geometry":{"type":"Polygon","coordinates":[[[-84.498751,39.151435],[-84.498942,39.151672],[-84.498515,39.152058],[-84.498129,39.151986],[-84.498751,39.151435]]]}},{"type":"Feature","properties":{"pid":"011300030065"},"geometry":{"type":"Polygon","coordinates":[[[-84.495927,39.149247],[-84.495957,39.148891],[-84.495989,39.148893],[-84.495967,39.149182],[-84.495927,39.149247]]]}},{"type":"Feature","properties":{"pid":"011300030066"},"geometry":{"type":"Polygon","coordinates":[[[-84.496638,39.150635],[-84.496571,39.150516],[-84.497062,39.150155],[-84.49712,39.150214],[-84.496638,39.150635]]]}},{"type":"Feature","properties":{"pid":"011300030067"},"geometry":{"type":"Polygon","coordinates":[[[-84.496571,39.150516],[-84.496495,39.150382],[-84.497037,39.150083],[-84.497062,39.150155],[-84.496571,39.150516]]]}},{"type":"Feature","properties":{"pid":"011300030068"},"geometry":{"type":"Polygon","coordinates":[[[-84.496419,39.150247],[-84.497009,39.150001],[-84.497037,39.150083],[-84.496495,39.150382],[-84.496419,39.150247]]]}},{"type":"Feature","properties":{"pid":"011300030069"},"geometry":{"type":"Polygon","coordinates":[[[-84.496419,39.150247],[-84.496354,39.150132],[-84.496958,39.149925],[-84.496994,39.14996],[-84.497009,39.150001],[-84.496419,39.150247]]]}},{"type":"Feature","properties":{"pid":"011300030070"},"geometry":{"type":"Polygon","coordinates":[[[-84.49629,39.150013],[-84.49693,39.149855],[-84.496958,39.149925],[-84.496354,39.150132],[-84.49629,39.150013]]]}},{"type":"Feature","properties":{"pid":"011300030071"},"geometry":{"type":"Polygon","coordinates":[[[-84.496915,39.149787],[-84.49693,39.149855],[-84.496287,39.150013],[-84.496211,39.149878],[-84.496915,39.149787]]]}},{"type":"Feature","properties":{"pid":"011300030073"},"geometry":{"type":"Polygon","coordinates":[[[-84.4969,39.149714],[-84.496125,39.149781],[-84.495893,39.149673],[-84.496883,39.149639],[-84.4969,39.149714]]]}},{"type":"Feature","properties":{"pid":"011300030074"},"geometry":{"type":"Polygon","coordinates":[[[-84.496233,39.148934],[-84.49685,39.148941],[-84.496883,39.149639],[-84.496167,39.149664],[-84.496233,39.148934]]]}},{"type":"Feature","properties":{"pid":"011300030075"},"geometry":{"type":"Polygon","coordinates":[[[-84.497781,39.150618],[-84.497671,39.150718],[-84.497416,39.150534],[-84.49751,39.150453],[-84.497781,39.150618]]]}},{"type":"Feature","properties":{"pid":"011300030076"},"geometry":{"type":"Polygon","coordinates":[[[-84.497671,39.150718],[-84.497582,39.150799],[-84.49732,39.150618],[-84.497416,39.150534],[-84.497671,39.150718]]]}},{"type":"Feature","properties":{"pid":"011300030077"},"geometry":{"type":"Polygon","coordinates":[[[-84.497582,39.150799],[-84.497488,39.150885],[-84.49723,39.150696],[-84.49732,39.150618],[-84.497582,39.150799]]]}},{"type":"Feature","properties":{"pid":"011300030078"},"geometry":{"type":"Polygon","coordinates":[[[-84.497488,39.150885],[-84.497395,39.150969],[-84.497136,39.150776],[-84.49723,39.150696],[-84.497488,39.150885]]]}},{"type":"Feature","properties":{"pid":"011300030037"},"geometry":{"type":"Polygon","coordinates":[[[-84.495624,39.149551],[-84.494743,39.149495],[-84.494779,39.149221],[-84.495893,39.149294],[-84.495624,39.149551]]]}},{"type":"Feature","properties":{"pid":"011300030044"},"geometry":{"type":"Polygon","coordinates":[[[-84.498544,39.15118],[-84.49761,39.151947],[-84.497493,39.15185],[-84.49845,39.151064],[-84.498544,39.15118]]]}},{"type":"Feature","properties":{"pid":"011300030049"},"geometry":{"type":"Polygon","coordinates":[[[-84.497051,39.15128],[-84.497781,39.150618],[-84.497916,39.1507],[-84.497205,39.151357],[-84.497051,39.15128]]]}},{"type":"Feature","properties":{"pid":"011300030079"},"geometry":{"type":"Polygon","coordinates":[[[-84.497395,39.150969],[-84.497304,39.15105],[-84.497041,39.150859],[-84.497136,39.150776],[-84.497395,39.150969]]]}},{"type":"Feature","properties":{"pid":"011300030080"},"geometry":{"type":"Polygon","coordinates":[[[-84.497304,39.15105],[-84.497209,39.151136],[-84.496946,39.150942],[-84.497041,39.150859],[-84.497304,39.15105]]]}},{"type":"Feature","properties":{"pid":"011300030081"},"geometry":{"type":"Polygon","coordinates":[[[-84.497009,39.151288],[-84.496855,39.15102],[-84.496946,39.150942],[-84.497209,39.151136],[-84.497009,39.151288]]]}},{"type":"Feature","properties":{"pid":"011300030082"},"geometry":{"type":"Polygon","coordinates":[[[-84.497317,39.150469],[-84.497029,39.150294],[-84.49712,39.150214],[-84.497407,39.15039],[-84.497317,39.150469]]]}},{"type":"Feature","properties":{"pid":"011300030083"},"geometry":{"type":"Polygon","coordinates":[[[-84.497221,39.150551],[-84.496931,39.150379],[-84.497029,39.150294],[-84.497317,39.150469],[-84.497221,39.150551]]]}},{"type":"Feature","properties":{"pid":"011300030084"},"geometry":{"type":"Polygon","coordinates":[[[-84.497122,39.150636],[-84.496837,39.150461],[-84.496931,39.150379],[-84.497221,39.150551],[-84.497122,39.150636]]]}},{"type":"Feature","properties":{"pid":"011300030085"},"geometry":{"type":"Polygon","coordinates":[[[-84.497028,39.150717],[-84.496747,39.15054],[-84.496837,39.150461],[-84.497122,39.150636],[-84.497028,39.150717]]]}},{"type":"Feature","properties":{"pid":"011300030086"},"geometry":{"type":"Polygon","coordinates":[[[-84.496797,39.150917],[-84.496638,39.150635],[-84.496651,39.150624],[-84.496936,39.150797],[-84.496797,39.150917]]]}},{"type":"Feature","properties":{"pid":"011300030087"},"geometry":{"type":"Polygon","coordinates":[[[-84.496936,39.150797],[-84.496651,39.150624],[-84.496747,39.15054],[-84.497028,39.150717],[-84.496936,39.150797]]]}},{"type":"Feature","properties":{"pid":"011300030100"},"geometry":{"type":"Polygon","coordinates":[[[-84.496608,39.150912],[-84.496076,39.150424],[-84.496076,39.150422],[-84.496532,39.150447],[-84.496797,39.150917],[-84.496692,39.150886],[-84.496608,39.150912]]]}},{"type":"Feature","properties":{"pid":"011300030103"},"geometry":{"type":"Polygon","coordinates":[[[-84.497113,39.151696],[-84.496883,39.151598],[-84.497189,39.151376],[-84.497916,39.1507],[-84.498114,39.150821],[-84.497113,39.151696]]]}},{"type":"Feature","properties":{"pid":"011300030116"},"geometry":{"type":"Polygon","coordinates":[[[-84.495077,39.149671],[-84.494723,39.149649],[-84.494743,39.149495],[-84.495104,39.149519],[-84.495077,39.149671]]]}},{"type":"Feature","properties":{"pid":"011300030117"},"geometry":{"type":"Polygon","coordinates":[[[-84.495058,39.149776],[-84.495104,39.149519],[-84.49562,39.149554],[-84.495058,39.149776]]]}},{"type":"Feature","properties":{"pid":"011300030118"},"geometry":{"type":"Polygon","coordinates":[[[-84.496532,39.150447],[-84.496076,39.150424],[-84.495779,39.150153],[-84.496385,39.150186],[-84.496532,39.150447]]]}},{"type":"Feature","properties":{"pid":"011300030090"},"geometry":{"type":"Polygon","coordinates":[[[-84.495957,39.148891],[-84.495893,39.149294],[-84.495409,39.149263],[-84.495421,39.149192],[-84.495362,39.149188],[-84.495395,39.148859],[-84.495957,39.148891]]]}},{"type":"Feature","properties":{"pid":"011300030097"},"geometry":{"type":"Polygon","coordinates":[[[-84.496727,39.151099],[-84.496855,39.15102],[-84.497009,39.151288],[-84.496848,39.151467],[-84.496727,39.151099]]]}},{"type":"Feature","properties":{"pid":"021600450050"},"geometry":{"type":"Polygon","coordinates":[[[-84.502994,39.149228],[-84.502745,39.149212],[-84.502768,39.14903],[-84.503014,39.149047],[-84.502994,39.149228]]]}},{"type":"Feature","properties":{"pid":"021600450127"},"geometry":{"type":"Polygon","coordinates":[[[-84.503014,39.149047],[-84.502551,39.149014],[-84.502566,39.148865],[-84.50303,39.148898],[-84.503014,39.149047]]]}},{"type":"Feature","properties":{"pid":"010600020055"},"geometry":{"type":"Polygon","coordinates":[[[-84.496401,39.138672],[-84.496437,39.13833],[-84.496587,39.138339],[-84.496552,39.13868],[-84.496401,39.138672]]]}},{"type":"Feature","properties":{"pid":"010600020056"},"geometry":{"type":"Polygon","coordinates":[[[-84.496393,39.138671],[-84.496287,39.138665],[-84.496323,39.138323],[-84.496437,39.13833],[-84.496393,39.138671]]]}},{"type":"Feature","properties":{"pid":"010600020057"},"geometry":{"type":"Polygon","coordinates":[[[-84.496287,39.138665],[-84.49611,39.138655],[-84.496146,39.138313],[-84.496323,39.138323],[-84.496287,39.138665]]]}},{"type":"Feature","properties":{"pid":"010600020163"},"geometry":{"type":"Polygon","coordinates":[[[-84.497002,39.138646],[-84.496868,39.138639],[-84.496898,39.138356],[-84.497032,39.138364],[-84.497002,39.138646]]]}},{"type":"Feature","properties":{"pid":"010600020193"},"geometry":{"type":"Polygon","coordinates":[[[-84.498189,39.138715],[-84.497837,39.138695],[-84.497864,39.138412],[-84.498215,39.138432],[-84.498189,39.138715]]]}},{"type":"Feature","properties":{"pid":"010600020192"},"geometry":{"type":"Polygon","coordinates":[[[-84.498189,39.138715],[-84.497837,39.138695],[-84.497864,39.138412],[-84.498215,39.138432],[-84.498189,39.138715]]]}},{"type":"Feature","properties":{"pid":"010600020194"},"geometry":{"type":"Polygon","coordinates":[[[-84.498189,39.138715],[-84.497837,39.138695],[-84.497864,39.138412],[-84.498215,39.138432],[-84.498189,39.138715]]]}},{"type":"Feature","properties":{"pid":"010600020191"},"geometry":{"type":"Polygon","coordinates":[[[-84.498189,39.138715],[-84.497837,39.138695],[-84.497864,39.138412],[-84.498215,39.138432],[-84.498189,39.138715]]]}},{"type":"Feature","properties":{"pid":"010600030082"},"geometry":{"type":"Polygon","coordinates":[[[-84.498281,39.138962],[-84.498071,39.138949],[-84.498098,39.13871],[-84.498362,39.138725],[-84.498337,39.138932],[-84.498281,39.138962]]]}},{"type":"Feature","properties":{"pid":"010600030083"},"geometry":{"type":"Polygon","coordinates":[[[-84.497895,39.138937],[-84.497904,39.138699],[-84.498098,39.13871],[-84.498071,39.138949],[-84.497895,39.138937]]]}},{"type":"Feature","properties":{"pid":"010600030084"},"geometry":{"type":"Polygon","coordinates":[[[-84.497738,39.138927],[-84.497746,39.138689],[-84.497904,39.138699],[-84.497878,39.138936],[-84.497738,39.138927]]]}},{"type":"Feature","properties":{"pid":"010600030085"},"geometry":{"type":"Polygon","coordinates":[[[-84.497545,39.138915],[-84.49757,39.138679],[-84.497746,39.138689],[-84.49772,39.138926],[-84.497545,39.138915]]]}},{"type":"Feature","properties":{"pid":"010700120064"},"geometry":{"type":"Polygon","coordinates":[[[-84.484798,39.140917],[-84.48457,39.141266],[-84.484289,39.141528],[-84.484094,39.14181],[-84.484094,39.142081],[-84.484168,39.142107],[-84.484012,39.142514],[-84.483748,39.14254],[-84.48365,39.142677],[-84.483612,39.142516],[-84.484036,39.141977],[-84.484133,39.141655],[-84.484798,39.140917]]]}},{"type":"Feature","properties":{"pid":"010600030086"},"geometry":{"type":"Polygon","coordinates":[[[-84.49737,39.138904],[-84.497394,39.138669],[-84.49757,39.138679],[-84.497545,39.138915],[-84.49737,39.138904]]]}},{"type":"Feature","properties":{"pid":"010600030087"},"geometry":{"type":"Polygon","coordinates":[[[-84.497195,39.138893],[-84.497219,39.138659],[-84.497394,39.138669],[-84.49737,39.138904],[-84.497195,39.138893]]]}},{"type":"Feature","properties":{"pid":"010600030088"},"geometry":{"type":"Polygon","coordinates":[[[-84.497037,39.138883],[-84.497061,39.13865],[-84.497219,39.138659],[-84.497195,39.138893],[-84.497037,39.138883]]]}},{"type":"Feature","properties":{"pid":"010600030089"},"geometry":{"type":"Polygon","coordinates":[[[-84.49702,39.138881],[-84.49689,39.138873],[-84.496913,39.138641],[-84.497061,39.13865],[-84.49702,39.138881]]]}},{"type":"Feature","properties":{"pid":"010600020046"},"geometry":{"type":"Polygon","coordinates":[[[-84.497837,39.138695],[-84.497658,39.138684],[-84.497687,39.138402],[-84.497864,39.138412],[-84.497837,39.138695]]]}},{"type":"Feature","properties":{"pid":"010600020047"},"geometry":{"type":"Polygon","coordinates":[[[-84.497658,39.138684],[-84.497482,39.138673],[-84.497511,39.138392],[-84.497687,39.138402],[-84.497658,39.138684]]]}},{"type":"Feature","properties":{"pid":"010600020048"},"geometry":{"type":"Polygon","coordinates":[[[-84.497482,39.138673],[-84.497305,39.138664],[-84.497335,39.138382],[-84.497511,39.138392],[-84.497482,39.138673]]]}},{"type":"Feature","properties":{"pid":"010600020049"},"geometry":{"type":"Polygon","coordinates":[[[-84.497305,39.138664],[-84.497129,39.138654],[-84.497158,39.138371],[-84.497335,39.138382],[-84.497305,39.138664]]]}},{"type":"Feature","properties":{"pid":"010600020050"},"geometry":{"type":"Polygon","coordinates":[[[-84.497129,39.138654],[-84.497002,39.138646],[-84.497032,39.138364],[-84.497158,39.138371],[-84.497129,39.138654]]]}},{"type":"Feature","properties":{"pid":"010600020051"},"geometry":{"type":"Polygon","coordinates":[[[-84.496776,39.138633],[-84.496806,39.138351],[-84.496898,39.138356],[-84.496868,39.138639],[-84.496776,39.138633]]]}},{"type":"Feature","properties":{"pid":"006000030063"},"geometry":{"type":"Polygon","coordinates":[[[-84.486962,39.139401],[-84.487295,39.139276],[-84.487601,39.139773],[-84.487184,39.139927],[-84.486962,39.139401]]]}},{"type":"Feature","properties":{"pid":"010600030090"},"geometry":{"type":"Polygon","coordinates":[[[-84.496879,39.138872],[-84.496715,39.138862],[-84.496737,39.138631],[-84.496913,39.138641],[-84.496879,39.138872]]]}},{"type":"Feature","properties":{"pid":"010600030101"},"geometry":{"type":"Polygon","coordinates":[[[-84.496383,39.138671],[-84.496552,39.13868],[-84.496537,39.138852],[-84.496364,39.138868],[-84.496383,39.138671]]]}},{"type":"Feature","properties":{"pid":"010600030102"},"geometry":{"type":"Polygon","coordinates":[[[-84.496221,39.138864],[-84.496237,39.138662],[-84.496383,39.138671],[-84.496364,39.138868],[-84.496221,39.138864]]]}},{"type":"Feature","properties":{"pid":"010600030103"},"geometry":{"type":"Polygon","coordinates":[[[-84.496075,39.138853],[-84.496091,39.138654],[-84.496237,39.138662],[-84.496221,39.138864],[-84.496075,39.138853]]]}},{"type":"Feature","properties":{"pid":"010600010322"},"geometry":{"type":"Polygon","coordinates":[[[-84.49683,39.13598],[-84.496954,39.135988],[-84.496825,39.136336],[-84.496722,39.136328],[-84.49683,39.13598]]]}},{"type":"Feature","properties":{"pid":"010600030107"},"geometry":{"type":"Polygon","coordinates":[[[-84.495516,39.138811],[-84.495546,39.138612],[-84.495688,39.138629],[-84.495659,39.138826],[-84.495516,39.138811]]]}},{"type":"Feature","properties":{"pid":"010700110061"},"geometry":{"type":"MultiPolygon","coordinates":[[[[-84.488654,39.143585],[-84.485914,39.143525],[-84.48617,39.143321],[-84.486475,39.143164],[-84.487057,39.143025],[-84.487956,39.143043],[-84.488286,39.143142],[-84.488367,39.143285],[-84.488673,39.143296],[-84.488654,39.143585]]],[[[-84.48536,39.142731],[-84.488686,39.142852],[-84.488668,39.143155],[-84.48814,39.142973],[-84.487846,39.142926],[-84.487294,39.142913],[-84.486909,39.142949],[-84.486532,39.143039],[-84.486113,39.143218],[-84.485876,39.143389],[-84.485569,39.143725],[-84.48523,39.143721],[-84.48536,39.142731]]]]}},{"type":"Feature","properties":{"pid":"010700120004"},"geometry":{"type":"Polygon","coordinates":[[[-84.484382,39.144268],[-84.484538,39.144275],[-84.484505,39.144829],[-84.484353,39.144823],[-84.484382,39.144268]]]}},{"type":"Feature","properties":{"pid":"010700120005"},"geometry":{"type":"Polygon","coordinates":[[[-84.48419,39.144815],[-84.484223,39.144265],[-84.484382,39.144268],[-84.484353,39.144823],[-84.48419,39.144815]]]}},{"type":"Feature","properties":{"pid":"010700120007"},"geometry":{"type":"Polygon","coordinates":[[[-84.484003,39.144878],[-84.483507,39.144858],[-84.484223,39.14427],[-84.48419,39.144815],[-84.484013,39.144806],[-84.484003,39.144878]]]}},{"type":"Feature","properties":{"pid":"010700120027"},"geometry":{"type":"Polygon","coordinates":[[[-84.484904,39.142716],[-84.484658,39.142708],[-84.48477,39.142328],[-84.484921,39.142282],[-84.484904,39.142716]]]}},{"type":"Feature","properties":{"pid":"010700120028"},"geometry":{"type":"Polygon","coordinates":[[[-84.484658,39.142708],[-84.484271,39.142694],[-84.484662,39.142286],[-84.48477,39.142328],[-84.484658,39.142708]]]}},{"type":"Feature","properties":{"pid":"010700120029"},"geometry":{"type":"Polygon","coordinates":[[[-84.484271,39.142694],[-84.484141,39.14269],[-84.484123,39.142405],[-84.484197,39.142377],[-84.484422,39.142537],[-84.484271,39.142694]]]}},{"type":"Feature","properties":{"pid":"010800020039"},"geometry":{"type":"Polygon","coordinates":[[[-84.483991,39.145071],[-84.483394,39.145047],[-84.483507,39.144858],[-84.484003,39.144878],[-84.483991,39.145071]]]}},{"type":"Feature","properties":{"pid":"010600020204"},"geometry":{"type":"Polygon","coordinates":[[[-84.495338,39.138423],[-84.4956,39.138525],[-84.49559,39.138618],[-84.495199,39.138571],[-84.495338,39.138423]]]}},{"type":"Feature","properties":{"pid":"010600020189"},"geometry":{"type":"Polygon","coordinates":[[[-84.495338,39.138423],[-84.49548,39.138272],[-84.495627,39.138281],[-84.4956,39.138525],[-84.495338,39.138423]]]}},{"type":"Feature","properties":{"pid":"010600020043"},"geometry":{"type":"Polygon","coordinates":[[[-84.498214,39.138445],[-84.498378,39.138481],[-84.498362,39.138725],[-84.498189,39.138715],[-84.498214,39.138445]]]}},{"type":"Feature","properties":{"pid":"010600020058"},"geometry":{"type":"Polygon","coordinates":[[[-84.496091,39.138654],[-84.49559,39.138618],[-84.495627,39.138281],[-84.496129,39.138312],[-84.496091,39.138654]]]}},{"type":"Feature","properties":{"pid":"010600030104"},"geometry":{"type":"Polygon","coordinates":[[[-84.495936,39.138844],[-84.49595,39.138646],[-84.496091,39.138654],[-84.496075,39.138853],[-84.495936,39.138844]]]}},{"type":"Feature","properties":{"pid":"010600030105"},"geometry":{"type":"Polygon","coordinates":[[[-84.495796,39.138835],[-84.49581,39.138637],[-84.49595,39.138646],[-84.495936,39.138844],[-84.495796,39.138835]]]}},{"type":"Feature","properties":{"pid":"010600030106"},"geometry":{"type":"Polygon","coordinates":[[[-84.495659,39.138826],[-84.495688,39.138629],[-84.49581,39.138637],[-84.495796,39.138835],[-84.495659,39.138826]]]}},{"type":"Feature","properties":{"pid":"010600030108"},"geometry":{"type":"Polygon","coordinates":[[[-84.495352,39.138778],[-84.495078,39.138699],[-84.495199,39.138571],[-84.495408,39.138596],[-84.495352,39.138778]]]}},{"type":"Feature","properties":{"pid":"011300010012"},"geometry":{"type":"Polygon","coordinates":[[[-84.497523,39.145972],[-84.497278,39.145981],[-84.497335,39.145483],[-84.497593,39.145506],[-84.497523,39.145972]]]}},{"type":"Feature","properties":{"pid":"011300010029"},"geometry":{"type":"Polygon","coordinates":[[[-84.497427,39.145491],[-84.497126,39.145466],[-84.497181,39.144976],[-84.497483,39.145001],[-84.497427,39.145491]]]}},{"type":"Feature","properties":{"pid":"011300010030"},"geometry":{"type":"Polygon","coordinates":[[[-84.497443,39.145492],[-84.497483,39.145001],[-84.497633,39.145014],[-84.497593,39.145506],[-84.497443,39.145492]]]}},{"type":"Feature","properties":{"pid":"011300010078"},"geometry":{"type":"Polygon","coordinates":[[[-84.49707,39.145964],[-84.497126,39.145466],[-84.497335,39.145483],[-84.497278,39.145981],[-84.49707,39.145964]]]}},{"type":"Feature","properties":{"pid":"010800050002"},"geometry":{"type":"Polygon","coordinates":[[[-84.484153,39.151884],[-84.484651,39.152274],[-84.484136,39.151899],[-84.484153,39.151884]]]}},{"type":"Feature","properties":{"pid":"010700120019"},"geometry":{"type":"Polygon","coordinates":[[[-84.484624,39.144279],[-84.484495,39.144273],[-84.484564,39.143807],[-84.484701,39.143808],[-84.484624,39.144279]]]}},{"type":"Feature","properties":{"pid":"011600020067"},"geometry":{"type":"Polygon","coordinates":[[[-84.478027,39.167836],[-84.478054,39.167566],[-84.478572,39.167572],[-84.478544,39.167846],[-84.478027,39.167836]]]}},{"type":"Feature","properties":{"pid":"011600020076"},"geometry":{"type":"Polygon","coordinates":[[[-84.478013,39.167977],[-84.478027,39.167836],[-84.478544,39.167846],[-84.478529,39.167984],[-84.478013,39.167977]]]}},{"type":"Feature","properties":{"pid":"011600020154"},"geometry":{"type":"Polygon","coordinates":[[[-84.470736,39.168114],[-84.470227,39.168103],[-84.470272,39.167961],[-84.470738,39.167972],[-84.470736,39.168114]]]}},{"type":"Feature","properties":{"pid":"011600020223"},"geometry":{"type":"Polygon","coordinates":[[[-84.472201,39.168112],[-84.472214,39.167737],[-84.472406,39.167741],[-84.472732,39.168008],[-84.472728,39.168123],[-84.472201,39.168112]]]}},{"type":"Feature","properties":{"pid":"011600020251"},"geometry":{"type":"Polygon","coordinates":[[[-84.477284,39.168212],[-84.477283,39.167828],[-84.477636,39.167833],[-84.477634,39.168216],[-84.477284,39.168212]]]}},{"type":"Feature","properties":{"pid":"011600020260"},"geometry":{"type":"Polygon","coordinates":[[[-84.477284,39.168212],[-84.477015,39.168209],[-84.477015,39.167824],[-84.477283,39.167828],[-84.477284,39.168212]]]}},{"type":"Feature","properties":{"pid":"011600020273"},"geometry":{"type":"Polygon","coordinates":[[[-84.477634,39.168247],[-84.477636,39.167833],[-84.478054,39.167566],[-84.477987,39.168227],[-84.477634,39.168247]]]}},{"type":"Feature","properties":{"pid":"011600020279"},"geometry":{"type":"Polygon","coordinates":[[[-84.477636,39.167791],[-84.477948,39.167591],[-84.477986,39.167609],[-84.477636,39.167833],[-84.477636,39.167791]]]}},{"type":"Feature","properties":{"pid":"011600020283"},"geometry":{"type":"Polygon","coordinates":[[[-84.477637,39.167627],[-84.477945,39.16759],[-84.477948,39.167591],[-84.477636,39.167791],[-84.477637,39.167627]]]}},{"type":"Feature","properties":{"pid":"011600030063"},"geometry":{"type":"Polygon","coordinates":[[[-84.468535,39.167992],[-84.468795,39.167602],[-84.469019,39.16768],[-84.46883,39.168082],[-84.468535,39.167992]]]}},{"type":"Feature","properties":{"pid":"011900030014"},"geometry":{"type":"Polygon","coordinates":[[[-84.472805,39.168891],[-84.472815,39.168656],[-84.472693,39.168567],[-84.472708,39.168308],[-84.473188,39.168318],[-84.473166,39.1689],[-84.472805,39.168891]]]}},{"type":"Feature","properties":{"pid":"011900030028"},"geometry":{"type":"Polygon","coordinates":[[[-84.47494,39.169393],[-84.474971,39.168364],[-84.475698,39.168379],[-84.47565,39.169742],[-84.47494,39.169393]]]}},{"type":"Feature","properties":{"pid":"011900030043"},"geometry":{"type":"Polygon","coordinates":[[[-84.468761,39.169182],[-84.468108,39.169126],[-84.468046,39.169056],[-84.46834,39.168379],[-84.469597,39.168756],[-84.469335,39.16916],[-84.469013,39.169142],[-84.468761,39.169182]]]}},{"type":"Feature","properties":{"pid":"011100060016"},"geometry":{"type":"Polygon","coordinates":[[[-84.478753,39.16826],[-84.478767,39.168117],[-84.479197,39.168159],[-84.47918,39.168306],[-84.478753,39.16826]]]}},{"type":"Feature","properties":{"pid":"011100060039"},"geometry":{"type":"Polygon","coordinates":[[[-84.478767,39.168117],[-84.478782,39.167972],[-84.479215,39.168014],[-84.479197,39.168159],[-84.478767,39.168117]]]}},{"type":"Feature","properties":{"pid":"011100060060"},"geometry":{"type":"Polygon","coordinates":[[[-84.481,39.1685],[-84.481059,39.16821],[-84.481218,39.168227],[-84.481163,39.168518],[-84.481,39.1685]]]}},{"type":"Feature","properties":{"pid":"011100060071"},"geometry":{"type":"Polygon","coordinates":[[[-84.480156,39.16841],[-84.479983,39.168392],[-84.480033,39.1681],[-84.480208,39.168119],[-84.480156,39.16841]]]}},{"type":"Feature","properties":{"pid":"011100060072"},"geometry":{"type":"Polygon","coordinates":[[[-84.479815,39.168374],[-84.479867,39.168082],[-84.480033,39.1681],[-84.479983,39.168392],[-84.479815,39.168374]]]}},{"type":"Feature","properties":{"pid":"011100060075"},"geometry":{"type":"Polygon","coordinates":[[[-84.480156,39.16841],[-84.480208,39.168119],[-84.480374,39.168137],[-84.480327,39.168428],[-84.480156,39.16841]]]}},{"type":"Feature","properties":{"pid":"011100060076"},"geometry":{"type":"Polygon","coordinates":[[[-84.47965,39.168356],[-84.479699,39.168065],[-84.479867,39.168082],[-84.479815,39.168374],[-84.47965,39.168356]]]}},{"type":"Feature","properties":{"pid":"011100060086"},"geometry":{"type":"Polygon","coordinates":[[[-84.4805,39.168447],[-84.480555,39.168156],[-84.480727,39.168174],[-84.48067,39.168465],[-84.4805,39.168447]]]}},{"type":"Feature","properties":{"pid":"011100060087"},"geometry":{"type":"Polygon","coordinates":[[[-84.480335,39.168429],[-84.480378,39.168137],[-84.480546,39.168155],[-84.480493,39.168446],[-84.480335,39.168429]]]}},{"type":"Feature","properties":{"pid":"011100060088"},"geometry":{"type":"Polygon","coordinates":[[[-84.48067,39.168465],[-84.480727,39.168174],[-84.48089,39.168192],[-84.480834,39.168482],[-84.48067,39.168465]]]}},{"type":"Feature","properties":{"pid":"011100060089"},"geometry":{"type":"Polygon","coordinates":[[[-84.480834,39.168482],[-84.48089,39.168192],[-84.481059,39.16821],[-84.481,39.1685],[-84.480834,39.168482]]]}},{"type":"Feature","properties":{"pid":"011100060093"},"geometry":{"type":"Polygon","coordinates":[[[-84.481163,39.168518],[-84.481218,39.168227],[-84.481411,39.168247],[-84.481357,39.168538],[-84.481163,39.168518]]]}},{"type":"Feature","properties":{"pid":"011100060146"},"geometry":{"type":"Polygon","coordinates":[[[-84.479749,39.167769],[-84.47881,39.167682],[-84.478817,39.167616],[-84.479243,39.167655],[-84.479239,39.16771],[-84.479749,39.167769]]]}},{"type":"Feature","properties":{"pid":"011100060206"},"geometry":{"type":"Polygon","coordinates":[[[-84.47918,39.168306],[-84.479247,39.16773],[-84.479747,39.167785],[-84.47965,39.168356],[-84.47918,39.168306]]]}},{"type":"Feature","properties":{"pid":"011100060207"},"geometry":{"type":"Polygon","coordinates":[[[-84.478782,39.167972],[-84.47881,39.167682],[-84.479247,39.16773],[-84.479215,39.168014],[-84.478782,39.167972]]]}},{"type":"Feature","properties":{"pid":"011500070001"},"geometry":{"type":"Polygon","coordinates":[[[-84.484533,39.156935],[-84.484473,39.156845],[-84.484475,39.156594],[-84.484988,39.156483],[-84.485104,39.156646],[-84.484533,39.156935]]]}},{"type":"Feature","properties":{"pid":"011500050016"},"geometry":{"type":"Polygon","coordinates":[[[-84.486076,39.159705],[-84.486357,39.15971],[-84.486674,39.159834],[-84.486276,39.160064],[-84.486076,39.159705]]]}},{"type":"Feature","properties":{"pid":"011100060001"},"geometry":{"type":"Polygon","coordinates":[[[-84.481357,39.168538],[-84.481411,39.168247],[-84.48158,39.168265],[-84.48153,39.168557],[-84.481357,39.168538]]]}},{"type":"Feature","properties":{"pid":"011100060061"},"geometry":{"type":"Polygon","coordinates":[[[-84.482707,39.168682],[-84.48276,39.168391],[-84.482984,39.168415],[-84.482927,39.168706],[-84.482707,39.168682]]]}},{"type":"Feature","properties":{"pid":"011100060096"},"geometry":{"type":"Polygon","coordinates":[[[-84.481688,39.168574],[-84.48153,39.168557],[-84.48158,39.168265],[-84.481737,39.168282],[-84.481688,39.168574]]]}},{"type":"Feature","properties":{"pid":"011100060099"},"geometry":{"type":"Polygon","coordinates":[[[-84.481711,39.168576],[-84.481737,39.168282],[-84.481935,39.168303],[-84.481884,39.168595],[-84.481711,39.168576]]]}},{"type":"Feature","properties":{"pid":"011100060101"},"geometry":{"type":"Polygon","coordinates":[[[-84.481884,39.168595],[-84.481935,39.168303],[-84.482096,39.168321],[-84.482049,39.168612],[-84.481884,39.168595]]]}},{"type":"Feature","properties":{"pid":"011100060102"},"geometry":{"type":"Polygon","coordinates":[[[-84.482049,39.168612],[-84.482096,39.168321],[-84.48226,39.168338],[-84.482213,39.16863],[-84.482049,39.168612]]]}},{"type":"Feature","properties":{"pid":"011100060103"},"geometry":{"type":"Polygon","coordinates":[[[-84.482213,39.16863],[-84.48226,39.168338],[-84.482425,39.168356],[-84.48238,39.168647],[-84.482213,39.16863]]]}},{"type":"Feature","properties":{"pid":"011100060104"},"geometry":{"type":"Polygon","coordinates":[[[-84.48238,39.168647],[-84.482425,39.168356],[-84.482593,39.168374],[-84.482543,39.168665],[-84.48238,39.168647]]]}},{"type":"Feature","properties":{"pid":"011100060106"},"geometry":{"type":"Polygon","coordinates":[[[-84.482543,39.168665],[-84.482593,39.168374],[-84.48276,39.168391],[-84.482707,39.168682],[-84.482543,39.168665]]]}},{"type":"Feature","properties":{"pid":"006000040108"},"geometry":{"type":"Polygon","coordinates":[[[-84.487909,39.137689],[-84.4881,39.137699],[-84.488091,39.13779],[-84.487863,39.137776],[-84.487909,39.137689]]]}},{"type":"Feature","properties":{"pid":"006000040044"},"geometry":{"type":"Polygon","coordinates":[[[-84.488972,39.137745],[-84.489071,39.137475],[-84.489422,39.137498],[-84.489454,39.137776],[-84.488972,39.137745]]]}},{"type":"Feature","properties":{"pid":"006000040135"},"geometry":{"type":"Polygon","coordinates":[[[-84.489985,39.137533],[-84.489705,39.137694],[-84.489454,39.137776],[-84.489422,39.137498],[-84.489985,39.137533]]]}},{"type":"Feature","properties":{"pid":"006000040041"},"geometry":{"type":"Polygon","coordinates":[[[-84.487699,39.138087],[-84.487863,39.137776],[-84.488091,39.137788],[-84.488058,39.138109],[-84.487699,39.138087]]]}},{"type":"Feature","properties":{"pid":"006000040046"},"geometry":{"type":"Polygon","coordinates":[[[-84.489223,39.1371],[-84.490076,39.137135],[-84.490092,39.137274],[-84.489178,39.13722],[-84.489223,39.1371]]]}},{"type":"Feature","properties":{"pid":"006000040045"},"geometry":{"type":"Polygon","coordinates":[[[-84.489071,39.137475],[-84.489178,39.13722],[-84.490092,39.137274],[-84.490124,39.137542],[-84.489071,39.137475]]]}},{"type":"Feature","properties":{"pid":"006000040152"},"geometry":{"type":"Polygon","coordinates":[[[-84.490118,39.137542],[-84.490127,39.137783],[-84.489985,39.137533],[-84.490118,39.137542]]]}},{"type":"Feature","properties":{"pid":"010700070149"},"geometry":{"type":"Polygon","coordinates":[[[-84.497327,39.142838],[-84.49735,39.142583],[-84.497451,39.142587],[-84.497427,39.142844],[-84.497327,39.142838]]]}},{"type":"Feature","properties":{"pid":"010800010042"},"geometry":{"type":"Polygon","coordinates":[[[-84.487611,39.146431],[-84.487435,39.146424],[-84.487461,39.146023],[-84.487636,39.14603],[-84.487611,39.146431]]]}},{"type":"Feature","properties":{"pid":"006000030029"},"geometry":{"type":"Polygon","coordinates":[[[-84.487739,39.14009],[-84.487715,39.140475],[-84.487574,39.140469],[-84.487597,39.140085],[-84.487739,39.14009]]]}},{"type":"Feature","properties":{"pid":"006000030013"},"geometry":{"type":"Polygon","coordinates":[[[-84.487397,39.140463],[-84.487503,39.140467],[-84.48748,39.140851],[-84.487374,39.140847],[-84.487397,39.140463]]]}},{"type":"Feature","properties":{"pid":"006000030011"},"geometry":{"type":"Polygon","coordinates":[[[-84.48755,39.140854],[-84.487574,39.140469],[-84.487715,39.140475],[-84.487691,39.140859],[-84.48755,39.140854]]]}},{"type":"Feature","properties":{"pid":"013100050026"},"geometry":{"type":"Polygon","coordinates":[[[-84.478005,39.170523],[-84.478034,39.170183],[-84.478304,39.170202],[-84.478259,39.170599],[-84.478005,39.170523]]]}},{"type":"Feature","properties":{"pid":"013100050037"},"geometry":{"type":"Polygon","coordinates":[[[-84.477067,39.16956],[-84.47711,39.16915],[-84.478415,39.169178],[-84.478371,39.169588],[-84.477067,39.16956]]]}},{"type":"Feature","properties":{"pid":"013100050045"},"geometry":{"type":"Polygon","coordinates":[[[-84.478809,39.17284],[-84.478557,39.17277],[-84.478597,39.172382],[-84.478994,39.172395],[-84.479134,39.172446],[-84.479724,39.172457],[-84.479708,39.17281],[-84.47963,39.172861],[-84.478809,39.17284]]]}},{"type":"Feature","properties":{"pid":"006000030018"},"geometry":{"type":"Polygon","coordinates":[[[-84.486688,39.140478],[-84.486691,39.140437],[-84.486867,39.140443],[-84.486865,39.140485],[-84.486688,39.140478]]]}},{"type":"Feature","properties":{"pid":"006000030015"},"geometry":{"type":"Polygon","coordinates":[[[-84.487126,39.140838],[-84.48715,39.140454],[-84.487265,39.140458],[-84.48727,39.140804],[-84.487126,39.140838]]]}},{"type":"Feature","properties":{"pid":"010800010043"},"geometry":{"type":"Polygon","coordinates":[[[-84.487259,39.146417],[-84.487285,39.146016],[-84.487461,39.146023],[-84.487435,39.146424],[-84.487259,39.146417]]]}},{"type":"Feature","properties":{"pid":"010800060004"},"geometry":{"type":"Polygon","coordinates":[[[-84.479971,39.150094],[-84.480141,39.149952],[-84.480496,39.150228],[-84.480491,39.150273],[-84.480366,39.150378],[-84.479971,39.150094]]]}},{"type":"Feature","properties":{"pid":"010900050017"},"geometry":{"type":"Polygon","coordinates":[[[-84.478509,39.155006],[-84.478123,39.15498],[-84.478169,39.154548],[-84.478555,39.154573],[-84.478509,39.155006]]]}},{"type":"Feature","properties":{"pid":"010900050018"},"geometry":{"type":"Polygon","coordinates":[[[-84.477596,39.154944],[-84.477642,39.154513],[-84.478169,39.154548],[-84.478123,39.15498],[-84.477596,39.154944]]]}},{"type":"Feature","properties":{"pid":"010900050072"},"geometry":{"type":"Polygon","coordinates":[[[-84.474416,39.156841],[-84.474048,39.156813],[-84.473943,39.156489],[-84.474267,39.156424],[-84.474416,39.156841]]]}},{"type":"Feature","properties":{"pid":"011000020023"},"geometry":{"type":"Polygon","coordinates":[[[-84.478392,39.152344],[-84.478192,39.15233],[-84.478233,39.151896],[-84.478436,39.151931],[-84.478392,39.152344]]]}},{"type":"Feature","properties":{"pid":"011000020027"},"geometry":{"type":"Polygon","coordinates":[[[-84.477277,39.15221],[-84.476884,39.152183],[-84.476923,39.151763],[-84.477306,39.151796],[-84.477277,39.15221]]]}},{"type":"Feature","properties":{"pid":"011000020031"},"geometry":{"type":"Polygon","coordinates":[[[-84.478471,39.151804],[-84.478265,39.151781],[-84.478328,39.151341],[-84.478515,39.15138],[-84.478471,39.151804]]]}},{"type":"Feature","properties":{"pid":"011600020201"},"geometry":{"type":"Polygon","coordinates":[[[-84.473343,39.165765],[-84.47348,39.165552],[-84.473921,39.165934],[-84.4738,39.166034],[-84.473343,39.165765]]]}},{"type":"Feature","properties":{"pid":"006000030140"},"geometry":{"type":"Polygon","coordinates":[[[-84.488704,39.140511],[-84.488681,39.140895],[-84.48812,39.14083],[-84.488141,39.140491],[-84.488704,39.140511]]]}},{"type":"Feature","properties":{"pid":"010800060052"},"geometry":{"type":"Polygon","coordinates":[[[-84.479512,39.148443],[-84.479028,39.148825],[-84.479584,39.14923],[-84.479306,39.149461],[-84.478744,39.149048],[-84.478372,39.149341],[-84.477105,39.148654],[-84.478624,39.147843],[-84.479512,39.148443]]]}},{"type":"Feature","properties":{"pid":"011600030001"},"geometry":{"type":"Polygon","coordinates":[[[-84.467741,39.168117],[-84.466996,39.168119],[-84.467041,39.167914],[-84.467741,39.168117]]]}},{"type":"Feature","properties":{"pid":"011600030062"},"geometry":{"type":"Polygon","coordinates":[[[-84.466142,39.16772],[-84.465929,39.167591],[-84.467041,39.167914],[-84.466996,39.168119],[-84.466753,39.168113],[-84.466561,39.167995],[-84.466407,39.167783],[-84.466142,39.16772]]]}},{"type":"Feature","properties":{"pid":"011100060053"},"geometry":{"type":"Polygon","coordinates":[[[-84.481816,39.164001],[-84.482252,39.164048],[-84.482218,39.16431],[-84.48211,39.164335],[-84.481763,39.1643],[-84.481816,39.164001]]]}},{"type":"Feature","properties":{"pid":"011100060012"},"geometry":{"type":"Polygon","coordinates":[[[-84.480029,39.164226],[-84.479977,39.164523],[-84.479767,39.164501],[-84.479819,39.164204],[-84.480029,39.164226]]]}},{"type":"Feature","properties":{"pid":"011100060058"},"geometry":{"type":"Polygon","coordinates":[[[-84.481606,39.163979],[-84.481816,39.164001],[-84.481763,39.1643],[-84.481554,39.164278],[-84.481606,39.163979]]]}},{"type":"Feature","properties":{"pid":"011100060056"},"geometry":{"type":"Polygon","coordinates":[[[-84.481738,39.164408],[-84.482273,39.164495],[-84.482425,39.164783],[-84.481686,39.164705],[-84.481738,39.164408]]]}},{"type":"Feature","properties":{"pid":"010800030029"},"geometry":{"type":"Polygon","coordinates":[[[-84.481229,39.148481],[-84.481166,39.148435],[-84.481638,39.148049],[-84.481744,39.148056],[-84.481229,39.148481]]]}},{"type":"Feature","properties":{"pid":"011200020037"},"geometry":{"type":"Polygon","coordinates":[[[-84.492337,39.154161],[-84.492743,39.153901],[-84.492851,39.154001],[-84.492455,39.154267],[-84.492337,39.154161]]]}},{"type":"Feature","properties":{"pid":"011200020038"},"geometry":{"type":"Polygon","coordinates":[[[-84.492514,39.153686],[-84.492627,39.153792],[-84.492225,39.154061],[-84.492107,39.153955],[-84.492514,39.153686]]]}},{"type":"Feature","properties":{"pid":"011200020041"},"geometry":{"type":"Polygon","coordinates":[[[-84.492572,39.154372],[-84.492962,39.154106],[-84.493084,39.154219],[-84.492692,39.154478],[-84.492572,39.154372]]]}},{"type":"Feature","properties":{"pid":"011200020049"},"geometry":{"type":"Polygon","coordinates":[[[-84.491594,39.153367],[-84.491623,39.15325],[-84.491979,39.153237],[-84.491999,39.153434],[-84.491594,39.153367]]]}},{"type":"Feature","properties":{"pid":"011200020050"},"geometry":{"type":"Polygon","coordinates":[[[-84.491568,39.153472],[-84.491594,39.153367],[-84.492013,39.153436],[-84.492016,39.15347],[-84.491761,39.153644],[-84.491568,39.153472]]]}},{"type":"Feature","properties":{"pid":"011200020051"},"geometry":{"type":"Polygon","coordinates":[[[-84.491761,39.153644],[-84.4921,39.153413],[-84.49224,39.153501],[-84.491877,39.153749],[-84.491761,39.153644]]]}},{"type":"Feature","properties":{"pid":"011200020053"},"geometry":{"type":"Polygon","coordinates":[[[-84.49224,39.153501],[-84.492189,39.153229],[-84.492374,39.153223],[-84.492397,39.153577],[-84.492284,39.153472],[-84.49224,39.153501]]]}},{"type":"Feature","properties":{"pid":"011200020054"},"geometry":{"type":"Polygon","coordinates":[[[-84.492013,39.153436],[-84.491992,39.153236],[-84.492189,39.153229],[-84.492198,39.153391],[-84.49217,39.153365],[-84.492013,39.153436]]]}},{"type":"Feature","properties":{"pid":"011200020058"},"geometry":{"type":"Polygon","coordinates":[[[-84.493802,39.153393],[-84.493584,39.153424],[-84.493549,39.153181],[-84.494107,39.153161],[-84.494168,39.153437],[-84.493802,39.153393]]]}},{"type":"Feature","properties":{"pid":"011200020061"},"geometry":{"type":"Polygon","coordinates":[[[-84.493849,39.154782],[-84.493609,39.153941],[-84.493584,39.153424],[-84.493802,39.153393],[-84.494168,39.153437],[-84.494306,39.154066],[-84.494372,39.1547],[-84.494373,39.154736],[-84.493849,39.154782]]]}},{"type":"Feature","properties":{"pid":"010400010059"},"geometry":{"type":"Polygon","coordinates":[[[-84.501709,39.136766],[-84.501673,39.13729],[-84.501509,39.137475],[-84.501384,39.138616],[-84.500757,39.138581],[-84.500971,39.136716],[-84.501709,39.136766]]]}},{"type":"Feature","properties":{"pid":"011100060011"},"geometry":{"type":"Polygon","coordinates":[[[-84.480238,39.164249],[-84.480186,39.164545],[-84.479977,39.164523],[-84.480029,39.164226],[-84.480238,39.164249]]]}},{"type":"Feature","properties":{"pid":"011100060021"},"geometry":{"type":"Polygon","coordinates":[[[-84.479226,39.163726],[-84.479446,39.163749],[-84.479404,39.164049],[-84.479206,39.164002],[-84.479226,39.163726]]]}},{"type":"Feature","properties":{"pid":"011100060027"},"geometry":{"type":"Polygon","coordinates":[[[-84.481344,39.164255],[-84.481396,39.163957],[-84.481606,39.163979],[-84.481554,39.164278],[-84.481344,39.164255]]]}},{"type":"Feature","properties":{"pid":"011100060018"},"geometry":{"type":"Polygon","coordinates":[[[-84.481361,39.163953],[-84.481309,39.164252],[-84.481012,39.16422],[-84.481064,39.163921],[-84.481361,39.163953]]]}},{"type":"Feature","properties":{"pid":"011100060017"},"geometry":{"type":"Polygon","coordinates":[[[-84.480802,39.163894],[-84.481064,39.163921],[-84.481012,39.16422],[-84.48075,39.164192],[-84.480802,39.163894]]]}},{"type":"Feature","properties":{"pid":"011100060014"},"geometry":{"type":"Polygon","coordinates":[[[-84.480523,39.163864],[-84.480802,39.163894],[-84.48075,39.164192],[-84.48047,39.164163],[-84.480523,39.163864]]]}},{"type":"Feature","properties":{"pid":"011100060013"},"geometry":{"type":"Polygon","coordinates":[[[-84.480296,39.16384],[-84.480523,39.163864],[-84.48047,39.164163],[-84.480243,39.164138],[-84.480296,39.16384]]]}},{"type":"Feature","properties":{"pid":"011100060038"},"geometry":{"type":"Polygon","coordinates":[[[-84.480243,39.164138],[-84.480033,39.164116],[-84.480086,39.163817],[-84.480296,39.16384],[-84.480243,39.164138]]]}},{"type":"Feature","properties":{"pid":"011100060064"},"geometry":{"type":"Polygon","coordinates":[[[-84.479894,39.163797],[-84.480086,39.163817],[-84.480033,39.164116],[-84.479841,39.164096],[-84.479894,39.163797]]]}},{"type":"Feature","properties":{"pid":"011100060062"},"geometry":{"type":"Polygon","coordinates":[[[-84.479675,39.163774],[-84.479876,39.163795],[-84.479824,39.164094],[-84.479623,39.164072],[-84.479675,39.163774]]]}},{"type":"Feature","properties":{"pid":"011100060025"},"geometry":{"type":"Polygon","coordinates":[[[-84.479446,39.163749],[-84.479667,39.163773],[-84.479614,39.164072],[-84.479404,39.164049],[-84.479446,39.163749]]]}},{"type":"Feature","properties":{"pid":"011100060015"},"geometry":{"type":"Polygon","coordinates":[[[-84.479257,39.164144],[-84.479603,39.164181],[-84.479578,39.164414],[-84.479159,39.164369],[-84.479183,39.164177],[-84.479257,39.164144]]]}},{"type":"Feature","properties":{"pid":"011100060019"},"geometry":{"type":"Polygon","coordinates":[[[-84.479819,39.164204],[-84.479767,39.164501],[-84.479571,39.16448],[-84.479603,39.164181],[-84.479819,39.164204]]]}},{"type":"Feature","properties":{"pid":"011100060054"},"geometry":{"type":"Polygon","coordinates":[[[-84.481686,39.164705],[-84.481476,39.164682],[-84.481528,39.164386],[-84.481738,39.164408],[-84.481686,39.164705]]]}},{"type":"Feature","properties":{"pid":"011100060026"},"geometry":{"type":"Polygon","coordinates":[[[-84.481528,39.164386],[-84.481476,39.164682],[-84.481256,39.164659],[-84.481308,39.164362],[-84.481528,39.164386]]]}},{"type":"Feature","properties":{"pid":"011100060067"},"geometry":{"type":"Polygon","coordinates":[[[-84.481043,39.164636],[-84.481095,39.16434],[-84.481308,39.164362],[-84.481256,39.164659],[-84.481043,39.164636]]]}},{"type":"Feature","properties":{"pid":"011100060036"},"geometry":{"type":"Polygon","coordinates":[[[-84.481095,39.16434],[-84.481043,39.164636],[-84.480826,39.164613],[-84.480878,39.164317],[-84.481095,39.16434]]]}},{"type":"Feature","properties":{"pid":"011100060024"},"geometry":{"type":"Polygon","coordinates":[[[-84.480878,39.164317],[-84.480826,39.164613],[-84.480613,39.164591],[-84.480665,39.164294],[-84.480878,39.164317]]]}},{"type":"Feature","properties":{"pid":"011100060022"},"geometry":{"type":"Polygon","coordinates":[[[-84.480665,39.164294],[-84.480613,39.164591],[-84.4804,39.164568],[-84.480452,39.164271],[-84.480665,39.164294]]]}},{"type":"Feature","properties":{"pid":"011100060007"},"geometry":{"type":"Polygon","coordinates":[[[-84.480238,39.164249],[-84.480452,39.164271],[-84.4804,39.164568],[-84.480186,39.164545],[-84.480238,39.164249]]]}},{"type":"Feature","properties":{"pid":"010800030030"},"geometry":{"type":"Polygon","coordinates":[[[-84.481077,39.14837],[-84.480966,39.148289],[-84.481299,39.148025],[-84.481489,39.148038],[-84.481077,39.14837]]]}},{"type":"Feature","properties":{"pid":"010800030043"},"geometry":{"type":"Polygon","coordinates":[[[-84.480773,39.14752],[-84.480873,39.146798],[-84.481198,39.146834],[-84.480988,39.147172],[-84.480773,39.14752]]]}},{"type":"Feature","properties":{"pid":"010800060028"},"geometry":{"type":"Polygon","coordinates":[[[-84.48074,39.147831],[-84.480239,39.147792],[-84.48026,39.147599],[-84.48076,39.147644],[-84.48074,39.147831]]]}},{"type":"Feature","properties":{"pid":"010800060032"},"geometry":{"type":"Polygon","coordinates":[[[-84.48074,39.147831],[-84.480723,39.147994],[-84.48022,39.147958],[-84.480239,39.147792],[-84.48074,39.147831]]]}},{"type":"Feature","properties":{"pid":"010800030012"},"geometry":{"type":"Polygon","coordinates":[[[-84.480724,39.147986],[-84.480773,39.14752],[-84.481198,39.146834],[-84.481511,39.146906],[-84.481787,39.147102],[-84.482104,39.147256],[-84.482313,39.147471],[-84.482959,39.147653],[-84.483127,39.147563],[-84.483318,39.147956],[-84.483285,39.14816],[-84.480724,39.147986]]]}},{"type":"Feature","properties":{"pid":"010800010093"},"geometry":{"type":"Polygon","coordinates":[[[-84.487846,39.145499],[-84.487854,39.145099],[-84.48796,39.145103],[-84.487934,39.145503],[-84.487846,39.145499]]]}},{"type":"Feature","properties":{"pid":"010800010094"},"geometry":{"type":"Polygon","coordinates":[[[-84.487671,39.145492],[-84.487696,39.145093],[-84.487854,39.145099],[-84.487829,39.145499],[-84.487671,39.145492]]]}},{"type":"Feature","properties":{"pid":"011000010034"},"geometry":{"type":"Polygon","coordinates":[[[-84.481468,39.151747],[-84.481822,39.151441],[-84.481837,39.151452],[-84.481468,39.151747]]]}},{"type":"Feature","properties":{"pid":"010700070160"},"geometry":{"type":"Polygon","coordinates":[[[-84.499548,39.141244],[-84.499556,39.141172],[-84.499679,39.141178],[-84.499671,39.141251],[-84.499548,39.141244]]]}},{"type":"Feature","properties":{"pid":"010700070082"},"geometry":{"type":"Polygon","coordinates":[[[-84.499709,39.140904],[-84.499679,39.141178],[-84.499556,39.141172],[-84.499586,39.140898],[-84.499709,39.140904]]]}},{"type":"Feature","properties":{"pid":"010700070076"},"geometry":{"type":"Polygon","coordinates":[[[-84.498297,39.141156],[-84.498313,39.140995],[-84.498903,39.141025],[-84.498887,39.141185],[-84.498297,39.141156]]]}},{"type":"Feature","properties":{"pid":"010700070159"},"geometry":{"type":"Polygon","coordinates":[[[-84.499709,39.140904],[-84.499832,39.140911],[-84.499787,39.141256],[-84.499671,39.141251],[-84.499709,39.140904]]]}},{"type":"Feature","properties":{"pid":"021600450119"},"geometry":{"type":"Polygon","coordinates":[[[-84.50301,39.148747],[-84.502578,39.148719],[-84.502586,39.148649],[-84.503018,39.148674],[-84.50301,39.148747]]]}},{"type":"Feature","properties":{"pid":"021600450120"},"geometry":{"type":"Polygon","coordinates":[[[-84.50261,39.148439],[-84.503042,39.148463],[-84.503027,39.148599],[-84.502594,39.148576],[-84.50261,39.148439]]]}},{"type":"Feature","properties":{"pid":"021600450121"},"geometry":{"type":"Polygon","coordinates":[[[-84.503057,39.148326],[-84.503042,39.148463],[-84.50261,39.148439],[-84.502625,39.148301],[-84.503057,39.148326]]]}},{"type":"Feature","properties":{"pid":"021600450122"},"geometry":{"type":"Polygon","coordinates":[[[-84.503057,39.148326],[-84.502625,39.148301],[-84.502641,39.148164],[-84.503072,39.14819],[-84.503057,39.148326]]]}},{"type":"Feature","properties":{"pid":"021600450123"},"geometry":{"type":"Polygon","coordinates":[[[-84.503072,39.14819],[-84.502641,39.148164],[-84.502657,39.148027],[-84.503087,39.148053],[-84.503072,39.14819]]]}},{"type":"Feature","properties":{"pid":"021600450125"},"geometry":{"type":"Polygon","coordinates":[[[-84.502586,39.148649],[-84.502594,39.148576],[-84.503027,39.148599],[-84.503018,39.148674],[-84.502586,39.148649]]]}},{"type":"Feature","properties":{"pid":"010600030069"},"geometry":{"type":"Polygon","coordinates":[[[-84.495297,39.139317],[-84.495163,39.139334],[-84.495172,39.139114],[-84.495443,39.139151],[-84.495335,39.139192],[-84.495297,39.139317]]]}},{"type":"Feature","properties":{"pid":"010600030059"},"geometry":{"type":"Polygon","coordinates":[[[-84.495953,39.139678],[-84.495818,39.139675],[-84.495846,39.139312],[-84.495981,39.139327],[-84.495953,39.139678]]]}},{"type":"Feature","properties":{"pid":"010600030029"},"geometry":{"type":"Polygon","coordinates":[[[-84.494698,39.140156],[-84.494727,39.139637],[-84.494909,39.139643],[-84.494894,39.139856],[-84.494752,39.139854],[-84.494732,39.140158],[-84.494698,39.140156]]]}},{"type":"Feature","properties":{"pid":"010600030067"},"geometry":{"type":"Polygon","coordinates":[[[-84.495693,39.13967],[-84.495721,39.139298],[-84.495846,39.139312],[-84.495818,39.139675],[-84.495693,39.13967]]]}},{"type":"Feature","properties":{"pid":"011500050079"},"geometry":{"type":"Polygon","coordinates":[[[-84.488946,39.162404],[-84.488955,39.162209],[-84.48945,39.16224],[-84.489429,39.162445],[-84.488946,39.162404]]]}},{"type":"Feature","properties":{"pid":"011500050101"},"geometry":{"type":"Polygon","coordinates":[[[-84.489408,39.16265],[-84.489391,39.162815],[-84.488914,39.162779],[-84.488929,39.162606],[-84.489408,39.16265]]]}},{"type":"Feature","properties":{"pid":"010600030055"},"geometry":{"type":"Polygon","coordinates":[[[-84.495839,39.140197],[-84.49586,39.139676],[-84.495969,39.139679],[-84.495947,39.140201],[-84.495839,39.140197]]]}},{"type":"Feature","properties":{"pid":"010600030062"},"geometry":{"type":"Polygon","coordinates":[[[-84.495276,39.139656],[-84.495096,39.139649],[-84.495101,39.139439],[-84.495282,39.139454],[-84.495276,39.139656]]]}},{"type":"Feature","properties":{"pid":"010600030026"},"geometry":{"type":"Polygon","coordinates":[[[-84.494204,39.139618],[-84.494727,39.139637],[-84.494715,39.139853],[-84.494005,39.13983],[-84.494204,39.139618]]]}},{"type":"Feature","properties":{"pid":"011100020006"},"geometry":{"type":"Polygon","coordinates":[[[-84.48407,39.163017],[-84.479319,39.162723],[-84.479381,39.162071],[-84.484138,39.162371],[-84.48407,39.163017]]]}},{"type":"Feature","properties":{"pid":"010600030099"},"geometry":{"type":"Polygon","coordinates":[[[-84.495211,39.13898],[-84.495075,39.1391],[-84.494731,39.139053],[-84.494877,39.138899],[-84.495211,39.13898]]]}},{"type":"Feature","properties":{"pid":"010600030066"},"geometry":{"type":"Polygon","coordinates":[[[-84.495413,39.139661],[-84.495276,39.139656],[-84.495282,39.139454],[-84.495417,39.139465],[-84.495413,39.139661]]]}},{"type":"Feature","properties":{"pid":"010600030043"},"geometry":{"type":"Polygon","coordinates":[[[-84.496059,39.140205],[-84.495958,39.140202],[-84.495979,39.139679],[-84.49609,39.139682],[-84.496059,39.140205]]]}},{"type":"Feature","properties":{"pid":"010600030071"},"geometry":{"type":"Polygon","coordinates":[[[-84.495004,39.139201],[-84.494948,39.139208],[-84.494619,39.13917],[-84.494731,39.139053],[-84.495075,39.1391],[-84.495004,39.139201]]]}},{"type":"Feature","properties":{"pid":"010600030070"},"geometry":{"type":"Polygon","coordinates":[[[-84.495075,39.1391],[-84.495157,39.139112],[-84.495143,39.139332],[-84.494901,39.139313],[-84.495075,39.1391]]]}},{"type":"Feature","properties":{"pid":"010600030034"},"geometry":{"type":"Polygon","coordinates":[[[-84.495585,39.140188],[-84.495611,39.139667],[-84.49586,39.139676],[-84.495839,39.140197],[-84.495585,39.140188]]]}},{"type":"Feature","properties":{"pid":"010600030030"},"geometry":{"type":"Polygon","coordinates":[[[-84.494873,39.140163],[-84.494909,39.139643],[-84.495085,39.139649],[-84.495055,39.140169],[-84.494873,39.140163]]]}},{"type":"Feature","properties":{"pid":"010600030033"},"geometry":{"type":"Polygon","coordinates":[[[-84.495408,39.140182],[-84.495436,39.139661],[-84.495611,39.139667],[-84.495585,39.140188],[-84.495408,39.140182]]]}},{"type":"Feature","properties":{"pid":"010600030065"},"geometry":{"type":"Polygon","coordinates":[[[-84.495096,39.139649],[-84.494953,39.139644],[-84.494959,39.139427],[-84.495101,39.139439],[-84.495096,39.139649]]]}},{"type":"Feature","properties":{"pid":"010600030058"},"geometry":{"type":"Polygon","coordinates":[[[-84.495693,39.13967],[-84.495413,39.139661],[-84.495427,39.139319],[-84.495473,39.139275],[-84.495721,39.139298],[-84.495693,39.13967]]]}},{"type":"Feature","properties":{"pid":"010600030057"},"geometry":{"type":"Polygon","coordinates":[[[-84.494608,39.139632],[-84.494204,39.139618],[-84.494344,39.139467],[-84.49473,39.139502],[-84.494608,39.139632]]]}},{"type":"Feature","properties":{"pid":"010600030031"},"geometry":{"type":"Polygon","coordinates":[[[-84.495055,39.140169],[-84.495085,39.139649],[-84.495263,39.139655],[-84.495231,39.140176],[-84.495055,39.140169]]]}},{"type":"Feature","properties":{"pid":"010600030063"},"geometry":{"type":"Polygon","coordinates":[[[-84.496085,39.139682],[-84.495953,39.139678],[-84.495981,39.139327],[-84.496105,39.139341],[-84.496085,39.139682]]]}},{"type":"Feature","properties":{"pid":"01120A010003"},"geometry":{"type":"Polygon","coordinates":[[[-84.489359,39.156032],[-84.489027,39.155902],[-84.489146,39.155189],[-84.489497,39.15521],[-84.489359,39.156032]]]}},{"type":"Feature","properties":{"pid":"01120A010014"},"geometry":{"type":"Polygon","coordinates":[[[-84.489146,39.155189],[-84.489274,39.154425],[-84.489625,39.154445],[-84.489497,39.15521],[-84.489146,39.155189]]]}},{"type":"Feature","properties":{"pid":"010600030036"},"geometry":{"type":"Polygon","coordinates":[[[-84.496059,39.140205],[-84.496105,39.139341],[-84.496228,39.139357],[-84.496226,39.139387],[-84.49653,39.139398],[-84.496518,39.139615],[-84.496141,39.139601],[-84.496105,39.140207],[-84.496059,39.140205]]]}},{"type":"Feature","properties":{"pid":"010600030061"},"geometry":{"type":"Polygon","coordinates":[[[-84.494619,39.13917],[-84.495004,39.139201],[-84.494901,39.139313],[-84.494538,39.139256],[-84.494619,39.13917]]]}},{"type":"Feature","properties":{"pid":"010600030028"},"geometry":{"type":"Polygon","coordinates":[[[-84.494537,39.140153],[-84.494577,39.139852],[-84.494715,39.139853],[-84.494698,39.140156],[-84.494537,39.140153]]]}},{"type":"Feature","properties":{"pid":"010600030053"},"geometry":{"type":"Polygon","coordinates":[[[-84.494752,39.139854],[-84.494894,39.139856],[-84.494873,39.140163],[-84.494732,39.140158],[-84.494752,39.139854]]]}},{"type":"Feature","properties":{"pid":"021600440108"},"geometry":{"type":"Polygon","coordinates":[[[-84.503364,39.146846],[-84.503186,39.146835],[-84.503223,39.146507],[-84.503399,39.146518],[-84.503364,39.146846]]]}},{"type":"Feature","properties":{"pid":"021600440109"},"geometry":{"type":"Polygon","coordinates":[[[-84.503185,39.147165],[-84.503197,39.147056],[-84.503625,39.147083],[-84.503613,39.147192],[-84.503185,39.147165]]]}},{"type":"Feature","properties":{"pid":"021600440111"},"geometry":{"type":"Polygon","coordinates":[[[-84.503584,39.147465],[-84.503155,39.147438],[-84.503168,39.147318],[-84.503597,39.147345],[-84.503584,39.147465]]]}},{"type":"Feature","properties":{"pid":"021600440112"},"geometry":{"type":"Polygon","coordinates":[[[-84.503584,39.147465],[-84.503573,39.147567],[-84.503144,39.147541],[-84.503155,39.147438],[-84.503584,39.147465]]]}},{"type":"Feature","properties":{"pid":"021600440113"},"geometry":{"type":"Polygon","coordinates":[[[-84.503561,39.14767],[-84.503133,39.147643],[-84.503144,39.147541],[-84.503573,39.147567],[-84.503561,39.14767]]]}},{"type":"Feature","properties":{"pid":"021600440119"},"geometry":{"type":"Polygon","coordinates":[[[-84.502698,39.147661],[-84.503128,39.147687],[-84.503117,39.14778],[-84.502688,39.147754],[-84.502698,39.147661]]]}},{"type":"Feature","properties":{"pid":"021600440120"},"geometry":{"type":"Polygon","coordinates":[[[-84.503137,39.147599],[-84.502708,39.147572],[-84.502719,39.14748],[-84.503148,39.147507],[-84.503137,39.147599]]]}},{"type":"Feature","properties":{"pid":"021600440121"},"geometry":{"type":"Polygon","coordinates":[[[-84.503148,39.147507],[-84.502719,39.14748],[-84.502734,39.147344],[-84.503163,39.14737],[-84.503148,39.147507]]]}},{"type":"Feature","properties":{"pid":"021600440122"},"geometry":{"type":"Polygon","coordinates":[[[-84.503178,39.147233],[-84.50275,39.147207],[-84.502766,39.14707],[-84.503193,39.147097],[-84.503178,39.147233]]]}},{"type":"Feature","properties":{"pid":"021600440123"},"geometry":{"type":"Polygon","coordinates":[[[-84.503193,39.147097],[-84.502766,39.14707],[-84.502781,39.146934],[-84.503208,39.14696],[-84.503193,39.147097]]]}},{"type":"Feature","properties":{"pid":"021600440124"},"geometry":{"type":"Polygon","coordinates":[[[-84.503186,39.146835],[-84.502794,39.146822],[-84.502832,39.146483],[-84.503223,39.146507],[-84.503186,39.146835]]]}},{"type":"Feature","properties":{"pid":"021600440152"},"geometry":{"type":"Polygon","coordinates":[[[-84.503163,39.14737],[-84.502734,39.147344],[-84.50275,39.147207],[-84.503178,39.147233],[-84.503163,39.14737]]]}},{"type":"Feature","properties":{"pid":"021600440153"},"geometry":{"type":"Polygon","coordinates":[[[-84.503505,39.146855],[-84.50354,39.146527],[-84.503683,39.146536],[-84.503648,39.146864],[-84.503505,39.146855]]]}},{"type":"Feature","properties":{"pid":"021600440155"},"geometry":{"type":"Polygon","coordinates":[[[-84.503625,39.147083],[-84.503197,39.147056],[-84.503174,39.146944],[-84.503637,39.146973],[-84.503625,39.147083]]]}},{"type":"Feature","properties":{"pid":"021600440157"},"geometry":{"type":"Polygon","coordinates":[[[-84.503637,39.146973],[-84.503174,39.146944],[-84.503186,39.146835],[-84.503648,39.146864],[-84.503637,39.146973]]]}},{"type":"Feature","properties":{"pid":"021600440161"},"geometry":{"type":"Polygon","coordinates":[[[-84.503399,39.146518],[-84.50354,39.146527],[-84.503505,39.146855],[-84.503364,39.146846],[-84.503399,39.146518]]]}},{"type":"Feature","properties":{"pid":"021600440162"},"geometry":{"type":"Polygon","coordinates":[[[-84.503128,39.147687],[-84.502698,39.147661],[-84.502708,39.147572],[-84.503137,39.147599],[-84.503128,39.147687]]]}},{"type":"Feature","properties":{"pid":"021600440170"},"geometry":{"type":"Polygon","coordinates":[[[-84.503173,39.146958],[-84.502781,39.146934],[-84.502794,39.146822],[-84.503185,39.146846],[-84.503173,39.146958]]]}},{"type":"Feature","properties":{"pid":"021600440178"},"geometry":{"type":"Polygon","coordinates":[[[-84.503597,39.147345],[-84.503168,39.147318],[-84.503178,39.147233],[-84.503606,39.14726],[-84.503597,39.147345]]]}},{"type":"Feature","properties":{"pid":"021600450113"},"geometry":{"type":"Polygon","coordinates":[[[-84.50301,39.148747],[-84.503024,39.148627],[-84.503457,39.14865],[-84.503443,39.148775],[-84.50301,39.148747]]]}},{"type":"Feature","properties":{"pid":"021600450114"},"geometry":{"type":"Polygon","coordinates":[[[-84.503457,39.14865],[-84.503024,39.148627],[-84.503034,39.148531],[-84.503467,39.148555],[-84.503457,39.14865]]]}},{"type":"Feature","properties":{"pid":"021600450115"},"geometry":{"type":"Polygon","coordinates":[[[-84.503467,39.148555],[-84.503034,39.148531],[-84.503045,39.148436],[-84.503477,39.14846],[-84.503467,39.148555]]]}},{"type":"Feature","properties":{"pid":"021600450116"},"geometry":{"type":"Polygon","coordinates":[[[-84.503057,39.148326],[-84.503489,39.148351],[-84.503477,39.14846],[-84.503045,39.148436],[-84.503057,39.148326]]]}},{"type":"Feature","properties":{"pid":"021600450117"},"geometry":{"type":"Polygon","coordinates":[[[-84.503489,39.148351],[-84.503057,39.148326],[-84.503072,39.14819],[-84.503503,39.148215],[-84.503489,39.148351]]]}},{"type":"Feature","properties":{"pid":"021600450118"},"geometry":{"type":"Polygon","coordinates":[[[-84.503503,39.148215],[-84.503072,39.14819],[-84.503087,39.148056],[-84.503517,39.148082],[-84.503503,39.148215]]]}},{"type":"Feature","properties":{"pid":"011500050074"},"geometry":{"type":"Polygon","coordinates":[[[-84.489016,39.161877],[-84.489485,39.161898],[-84.48945,39.16224],[-84.488955,39.162209],[-84.489016,39.161877]]]}},{"type":"Feature","properties":{"pid":"010700070096"},"geometry":{"type":"Polygon","coordinates":[[[-84.498368,39.140564],[-84.498914,39.140599],[-84.498895,39.140757],[-84.498398,39.140725],[-84.498356,39.140686],[-84.498368,39.140564]]]}},{"type":"Feature","properties":{"pid":"010700070097"},"geometry":{"type":"Polygon","coordinates":[[[-84.498368,39.140564],[-84.498379,39.140458],[-84.498928,39.14049],[-84.498914,39.140599],[-84.498368,39.140564]]]}},{"type":"Feature","properties":{"pid":"010700070110"},"geometry":{"type":"Polygon","coordinates":[[[-84.498391,39.140351],[-84.498941,39.140389],[-84.498928,39.14049],[-84.498379,39.140458],[-84.498391,39.140351]]]}},{"type":"Feature","properties":{"pid":"011500050137"},"geometry":{"type":"Polygon","coordinates":[[[-84.485658,39.162679],[-84.485418,39.162654],[-84.485464,39.162394],[-84.485707,39.162397],[-84.485658,39.162679]]]}},{"type":"Feature","properties":{"pid":"010700070121"},"geometry":{"type":"Polygon","coordinates":[[[-84.500304,39.140828],[-84.500017,39.140814],[-84.500033,39.140655],[-84.500321,39.140673],[-84.500304,39.140828]]]}},{"type":"Feature","properties":{"pid":"010700070122"},"geometry":{"type":"Polygon","coordinates":[[[-84.500321,39.140673],[-84.499888,39.140646],[-84.499903,39.140508],[-84.500337,39.140531],[-84.500321,39.140673]]]}},{"type":"Feature","properties":{"pid":"010900030002"},"geometry":{"type":"Polygon","coordinates":[[[-84.476404,39.153272],[-84.475446,39.152955],[-84.475708,39.152487],[-84.475844,39.152547],[-84.475884,39.152512],[-84.476509,39.15278],[-84.476358,39.152966],[-84.476422,39.153176],[-84.476404,39.153272]]]}},{"type":"Feature","properties":{"pid":"010900030005"},"geometry":{"type":"Polygon","coordinates":[[[-84.476249,39.153597],[-84.475195,39.153403],[-84.475446,39.152955],[-84.476404,39.153272],[-84.476249,39.153597]]]}},{"type":"Feature","properties":{"pid":"010900030008"},"geometry":{"type":"Polygon","coordinates":[[[-84.47505,39.15295],[-84.474664,39.152576],[-84.474804,39.1525],[-84.475195,39.152872],[-84.47505,39.15295]]]}},{"type":"Feature","properties":{"pid":"010900030014"},"geometry":{"type":"Polygon","coordinates":[[[-84.475955,39.152542],[-84.475634,39.152409],[-84.475403,39.152181],[-84.47563,39.15206],[-84.476064,39.1523],[-84.475955,39.152542]]]}},{"type":"Feature","properties":{"pid":"010800060054"},"geometry":{"type":"Polygon","coordinates":[[[-84.479244,39.149728],[-84.479049,39.149814],[-84.478608,39.149415],[-84.478821,39.149342],[-84.479244,39.149728]]]}},{"type":"Feature","properties":{"pid":"01120A010001"},"geometry":{"type":"Polygon","coordinates":[[[-84.490036,39.156324],[-84.489751,39.156201],[-84.48987,39.155493],[-84.490119,39.155507],[-84.490036,39.156324]]]}},{"type":"Feature","properties":{"pid":"010600030032"},"geometry":{"type":"Polygon","coordinates":[[[-84.495231,39.140176],[-84.495263,39.139655],[-84.495436,39.139661],[-84.495408,39.140182],[-84.495231,39.140176]]]}},{"type":"Feature","properties":{"pid":"010600030064"},"geometry":{"type":"Polygon","coordinates":[[[-84.494608,39.139632],[-84.494812,39.139415],[-84.494959,39.139427],[-84.494953,39.139644],[-84.494608,39.139632]]]}},{"type":"Feature","properties":{"pid":"010600030060"},"geometry":{"type":"Polygon","coordinates":[[[-84.49473,39.139502],[-84.494344,39.139467],[-84.49445,39.139353],[-84.494812,39.139415],[-84.49473,39.139502]]]}},{"type":"Feature","properties":{"pid":"01150A030036"},"geometry":{"type":"Polygon","coordinates":[[[-84.490698,39.157128],[-84.490427,39.157068],[-84.490434,39.156993],[-84.490649,39.157044],[-84.490698,39.157128]]]}},{"type":"Feature","properties":{"pid":"011400010044"},"geometry":{"type":"Polygon","coordinates":[[[-84.497738,39.152606],[-84.497591,39.152437],[-84.497959,39.15224],[-84.498139,39.152392],[-84.497738,39.152606]]]}},{"type":"Feature","properties":{"pid":"011300040136"},"geometry":{"type":"Polygon","coordinates":[[[-84.502404,39.14485],[-84.502419,39.144716],[-84.502788,39.144743],[-84.502772,39.14488],[-84.502404,39.14485]]]}},{"type":"Feature","properties":{"pid":"011100060158"},"geometry":{"type":"Polygon","coordinates":[[[-84.481165,39.166791],[-84.481718,39.16686],[-84.481527,39.167058],[-84.481168,39.166894],[-84.481165,39.166791]]]}},{"type":"Feature","properties":{"pid":"011100060160"},"geometry":{"type":"Polygon","coordinates":[[[-84.481168,39.166894],[-84.481527,39.167058],[-84.481907,39.167578],[-84.481377,39.16754],[-84.481092,39.166934],[-84.481168,39.166894]]]}},{"type":"Feature","properties":{"pid":"010800040046"},"geometry":{"type":"Polygon","coordinates":[[[-84.487066,39.14893],[-84.487129,39.1483],[-84.487341,39.148309],[-84.487305,39.148944],[-84.487066,39.14893]]]}},{"type":"Feature","properties":{"pid":"021600440115"},"geometry":{"type":"Polygon","coordinates":[[[-84.503117,39.147786],[-84.503547,39.147804],[-84.503532,39.147943],[-84.503102,39.147916],[-84.503117,39.147786]]]}},{"type":"Feature","properties":{"pid":"021600450128"},"geometry":{"type":"Polygon","coordinates":[[[-84.502566,39.148865],[-84.502578,39.148719],[-84.503044,39.148749],[-84.50303,39.148898],[-84.502566,39.148865]]]}},{"type":"Feature","properties":{"pid":"010900030007"},"geometry":{"type":"Polygon","coordinates":[[[-84.475195,39.152872],[-84.474804,39.1525],[-84.475403,39.152181],[-84.475708,39.152487],[-84.475446,39.152955],[-84.475195,39.152872]]]}},{"type":"Feature","properties":{"pid":"021600440114"},"geometry":{"type":"Polygon","coordinates":[[[-84.503547,39.147804],[-84.503117,39.147786],[-84.503133,39.147643],[-84.503561,39.14767],[-84.503547,39.147804]]]}},{"type":"Feature","properties":{"pid":"021600440118"},"geometry":{"type":"Polygon","coordinates":[[[-84.503102,39.147916],[-84.502672,39.14789],[-84.502688,39.147754],[-84.503117,39.14778],[-84.503102,39.147916]]]}},{"type":"Feature","properties":{"pid":"010800010108"},"geometry":{"type":"Polygon","coordinates":[[[-84.486432,39.147417],[-84.486475,39.146656],[-84.486692,39.146666],[-84.486643,39.147425],[-84.486432,39.147417]]]}},{"type":"Feature","properties":{"pid":"010800040022"},"geometry":{"type":"Polygon","coordinates":[[[-84.488654,39.147979],[-84.488351,39.148485],[-84.487332,39.14844],[-84.487367,39.147925],[-84.488654,39.147979]]]}},{"type":"Feature","properties":{"pid":"010800040019"},"geometry":{"type":"Polygon","coordinates":[[[-84.487129,39.1483],[-84.487198,39.147606],[-84.487388,39.147615],[-84.487341,39.148309],[-84.487129,39.1483]]]}},{"type":"Feature","properties":{"pid":"011100060141"},"geometry":{"type":"Polygon","coordinates":[[[-84.480735,39.166446],[-84.479643,39.165958],[-84.478965,39.165871],[-84.478981,39.16574],[-84.479791,39.165853],[-84.480647,39.166266],[-84.481035,39.16637],[-84.481406,39.166398],[-84.481368,39.16654],[-84.481184,39.166556],[-84.481157,39.166906],[-84.481036,39.166932],[-84.480951,39.166864],[-84.481046,39.166541],[-84.481009,39.166486],[-84.480735,39.166446]]]}},{"type":"Feature","properties":{"pid":"011100060148"},"geometry":{"type":"Polygon","coordinates":[[[-84.48066,39.167594],[-84.481019,39.166928],[-84.481092,39.166934],[-84.481377,39.16754],[-84.48066,39.167594]]]}},{"type":"Feature","properties":{"pid":"011100060150"},"geometry":{"type":"Polygon","coordinates":[[[-84.480813,39.166778],[-84.480908,39.166456],[-84.480996,39.166478],[-84.481046,39.166541],[-84.481001,39.166766],[-84.480955,39.166811],[-84.480813,39.166778]]]}},{"type":"Feature","properties":{"pid":"011100060159"},"geometry":{"type":"Polygon","coordinates":[[[-84.480955,39.166811],[-84.480956,39.166877],[-84.480419,39.16708],[-84.480488,39.166703],[-84.480955,39.166811]]]}},{"type":"Feature","properties":{"pid":"011100060161"},"geometry":{"type":"Polygon","coordinates":[[[-84.480956,39.166877],[-84.481019,39.166928],[-84.480785,39.167362],[-84.480419,39.16708],[-84.480956,39.166877]]]}},{"type":"Feature","properties":{"pid":"011100060055"},"geometry":{"type":"Polygon","coordinates":[[[-84.483135,39.164141],[-84.483694,39.164201],[-84.483668,39.16445],[-84.483087,39.164602],[-84.483135,39.164141]]]}},{"type":"Feature","properties":{"pid":"011100060057"},"geometry":{"type":"Polygon","coordinates":[[[-84.483087,39.164602],[-84.483061,39.164851],[-84.482425,39.164783],[-84.482273,39.164495],[-84.482353,39.164418],[-84.482757,39.164461],[-84.483087,39.164602]]]}},{"type":"Feature","properties":{"pid":"011100060052"},"geometry":{"type":"Polygon","coordinates":[[[-84.483135,39.164141],[-84.483087,39.164602],[-84.482757,39.164461],[-84.482353,39.164418],[-84.482326,39.164344],[-84.482218,39.16431],[-84.482252,39.164048],[-84.483135,39.164141]]]}},{"type":"Feature","properties":{"pid":"013100050024"},"geometry":{"type":"Polygon","coordinates":[[[-84.482997,39.171712],[-84.481401,39.171538],[-84.48169,39.168784],[-84.483256,39.168941],[-84.482997,39.171712]]]}},{"type":"Feature","properties":{"pid":"013100050004"},"geometry":{"type":"Polygon","coordinates":[[[-84.479898,39.170924],[-84.48015,39.168523],[-84.4817,39.168688],[-84.481401,39.171538],[-84.480423,39.171433],[-84.479789,39.171232],[-84.479807,39.171057],[-84.479186,39.170854],[-84.479202,39.170696],[-84.479898,39.170924]]]}},{"type":"Feature","properties":{"pid":"010900050016"},"geometry":{"type":"Polygon","coordinates":[[[-84.474034,39.156328],[-84.473867,39.156362],[-84.473402,39.15615],[-84.473468,39.155549],[-84.473902,39.155406],[-84.474034,39.156328]]]}},{"type":"Feature","properties":{"pid":"010900050033"},"geometry":{"type":"Polygon","coordinates":[[[-84.47432,39.155885],[-84.474233,39.155298],[-84.474546,39.155195],[-84.474661,39.15583],[-84.47432,39.155885]]]}},{"type":"Feature","properties":{"pid":"010900050061"},"geometry":{"type":"Polygon","coordinates":[[[-84.474034,39.156328],[-84.473981,39.155959],[-84.47432,39.155885],[-84.474378,39.156259],[-84.474034,39.156328]]]}},{"type":"Feature","properties":{"pid":"010800010030"},"geometry":{"type":"Polygon","coordinates":[[[-84.487483,39.1467],[-84.487483,39.146426],[-84.487659,39.146433],[-84.487641,39.146706],[-84.487483,39.1467]]]}},{"type":"Feature","properties":{"pid":"010800010053"},"geometry":{"type":"Polygon","coordinates":[[[-84.485677,39.146353],[-84.485501,39.146346],[-84.485526,39.145946],[-84.485702,39.145953],[-84.485677,39.146353]]]}},{"type":"Feature","properties":{"pid":"010800010113"},"geometry":{"type":"Polygon","coordinates":[[[-84.486432,39.147417],[-84.486221,39.147408],[-84.486237,39.147132],[-84.486448,39.147141],[-84.486432,39.147417]]]}},{"type":"Feature","properties":{"pid":"010800010117"},"geometry":{"type":"Polygon","coordinates":[[[-84.486463,39.14688],[-84.486041,39.146862],[-84.486048,39.146739],[-84.48647,39.146756],[-84.486463,39.14688]]]}},{"type":"Feature","properties":{"pid":"010800010121"},"geometry":{"type":"Polygon","coordinates":[[[-84.485893,39.146981],[-84.485506,39.146966],[-84.485513,39.146842],[-84.4859,39.146857],[-84.485893,39.146981]]]}},{"type":"Feature","properties":{"pid":"010800010122"},"geometry":{"type":"Polygon","coordinates":[[[-84.485513,39.146842],[-84.48552,39.146718],[-84.485907,39.146733],[-84.4859,39.146857],[-84.485513,39.146842]]]}},{"type":"Feature","properties":{"pid":"010800040015"},"geometry":{"type":"Polygon","coordinates":[[[-84.485761,39.148239],[-84.485829,39.147546],[-84.486214,39.147563],[-84.48615,39.148256],[-84.485761,39.148239]]]}},{"type":"Feature","properties":{"pid":"010800040016"},"geometry":{"type":"Polygon","coordinates":[[[-84.48615,39.148256],[-84.486214,39.147563],[-84.486608,39.14758],[-84.486541,39.148274],[-84.48615,39.148256]]]}},{"type":"Feature","properties":{"pid":"010800040017"},"geometry":{"type":"Polygon","coordinates":[[[-84.486541,39.148274],[-84.486608,39.14758],[-84.487004,39.147598],[-84.486933,39.148291],[-84.486541,39.148274]]]}},{"type":"Feature","properties":{"pid":"010800030066"},"geometry":{"type":"Polygon","coordinates":[[[-84.485506,39.146966],[-84.485308,39.146952],[-84.485346,39.146339],[-84.48554,39.146347],[-84.485506,39.146966]]]}},{"type":"Feature","properties":{"pid":"010700070007"},"geometry":{"type":"Polygon","coordinates":[[[-84.496764,39.143121],[-84.496793,39.142788],[-84.497009,39.142807],[-84.49698,39.143135],[-84.496764,39.143121]]]}},{"type":"Feature","properties":{"pid":"010600020020"},"geometry":{"type":"Polygon","coordinates":[[[-84.500529,39.138734],[-84.500084,39.138706],[-84.500101,39.138556],[-84.500515,39.138586],[-84.500529,39.138734]]]}},{"type":"Feature","properties":{"pid":"010800050037"},"geometry":{"type":"Polygon","coordinates":[[[-84.485349,39.151692],[-84.485106,39.151895],[-84.484591,39.15152],[-84.484834,39.151317],[-84.485349,39.151692]]]}},{"type":"Feature","properties":{"pid":"006000030108"},"geometry":{"type":"Polygon","coordinates":[[[-84.489371,39.140142],[-84.489237,39.140174],[-84.489269,39.139927],[-84.489403,39.139896],[-84.489371,39.140142]]]}},{"type":"Feature","properties":{"pid":"006000030019"},"geometry":{"type":"Polygon","coordinates":[[[-84.48902,39.139984],[-84.489136,39.139957],[-84.489105,39.140206],[-84.488995,39.140232],[-84.48902,39.139984]]]}},{"type":"Feature","properties":{"pid":"006000030099"},"geometry":{"type":"Polygon","coordinates":[[[-84.489118,39.140911],[-84.489135,39.140623],[-84.489284,39.140629],[-84.489265,39.140917],[-84.489118,39.140911]]]}},{"type":"Feature","properties":{"pid":"006000030105"},"geometry":{"type":"Polygon","coordinates":[[[-84.488861,39.140264],[-84.489501,39.140139],[-84.48945,39.140525],[-84.489104,39.140512],[-84.489097,39.140622],[-84.48898,39.140617],[-84.488987,39.140522],[-84.488846,39.140516],[-84.488861,39.140264]]]}},{"type":"Feature","properties":{"pid":"006000030104"},"geometry":{"type":"Polygon","coordinates":[[[-84.489104,39.140512],[-84.48945,39.140525],[-84.489435,39.140634],[-84.489097,39.140622],[-84.489104,39.140512]]]}},{"type":"Feature","properties":{"pid":"006000030020"},"geometry":{"type":"Polygon","coordinates":[[[-84.488876,39.140017],[-84.48901,39.139986],[-84.488995,39.140232],[-84.488861,39.140264],[-84.488876,39.140017]]]}},{"type":"Feature","properties":{"pid":"006000030001"},"geometry":{"type":"Polygon","coordinates":[[[-84.488822,39.140901],[-84.488846,39.140516],[-84.488987,39.140522],[-84.488962,39.140906],[-84.488822,39.140901]]]}},{"type":"Feature","properties":{"pid":"006000030107"},"geometry":{"type":"Polygon","coordinates":[[[-84.489269,39.139927],[-84.489237,39.140174],[-84.489105,39.140206],[-84.489136,39.139957],[-84.489269,39.139927]]]}},{"type":"Feature","properties":{"pid":"010800010011"},"geometry":{"type":"Polygon","coordinates":[[[-84.487856,39.14748],[-84.487878,39.147131],[-84.488054,39.147138],[-84.488032,39.147486],[-84.487856,39.14748]]]}},{"type":"Feature","properties":{"pid":"010800010012"},"geometry":{"type":"Polygon","coordinates":[[[-84.487878,39.147131],[-84.487667,39.147122],[-84.487685,39.146846],[-84.487914,39.146856],[-84.487878,39.147131]]]}},{"type":"Feature","properties":{"pid":"010800010013"},"geometry":{"type":"Polygon","coordinates":[[[-84.487439,39.147112],[-84.487456,39.146837],[-84.487685,39.146846],[-84.487667,39.147122],[-84.487439,39.147112]]]}},{"type":"Feature","properties":{"pid":"010800010014"},"geometry":{"type":"Polygon","coordinates":[[[-84.487416,39.14746],[-84.487439,39.147112],[-84.487702,39.147123],[-84.48768,39.147472],[-84.487416,39.14746]]]}},{"type":"Feature","properties":{"pid":"010800010015"},"geometry":{"type":"Polygon","coordinates":[[[-84.487856,39.14748],[-84.48768,39.147472],[-84.487702,39.147123],[-84.487878,39.147131],[-84.487856,39.14748]]]}},{"type":"Feature","properties":{"pid":"010800010017"},"geometry":{"type":"Polygon","coordinates":[[[-84.487029,39.147443],[-84.487096,39.14641],[-84.487483,39.146426],[-84.487416,39.14746],[-84.487029,39.147443]]]}},{"type":"Feature","properties":{"pid":"006000030101"},"geometry":{"type":"Polygon","coordinates":[[[-84.489284,39.140629],[-84.489435,39.140634],[-84.489398,39.140922],[-84.489265,39.140917],[-84.489284,39.140629]]]}},{"type":"Feature","properties":{"pid":"006000030106"},"geometry":{"type":"Polygon","coordinates":[[[-84.489403,39.139896],[-84.489536,39.139866],[-84.489501,39.140139],[-84.489367,39.140169],[-84.489403,39.139896]]]}},{"type":"Feature","properties":{"pid":"006000030100"},"geometry":{"type":"Polygon","coordinates":[[[-84.489118,39.140911],[-84.488962,39.140906],[-84.48898,39.140617],[-84.489135,39.140623],[-84.489118,39.140911]]]}},{"type":"Feature","properties":{"pid":"006000030002"},"geometry":{"type":"Polygon","coordinates":[[[-84.488681,39.140895],[-84.488704,39.140511],[-84.488846,39.140516],[-84.488822,39.140901],[-84.488681,39.140895]]]}},{"type":"Feature","properties":{"pid":"006000030021"},"geometry":{"type":"Polygon","coordinates":[[[-84.488846,39.140516],[-84.488704,39.140511],[-84.488733,39.140049],[-84.488876,39.140017],[-84.488846,39.140516]]]}},{"type":"Feature","properties":{"pid":"010700070128"},"geometry":{"type":"Polygon","coordinates":[[[-84.497895,39.142602],[-84.497923,39.14271],[-84.497567,39.142684],[-84.497575,39.142591],[-84.497895,39.142602]]]}},{"type":"Feature","properties":{"pid":"010600010110"},"geometry":{"type":"Polygon","coordinates":[[[-84.500392,39.135829],[-84.500843,39.135857],[-84.500828,39.135994],[-84.500377,39.135966],[-84.500392,39.135829]]]}},{"type":"Feature","properties":{"pid":"010800010125"},"geometry":{"type":"Polygon","coordinates":[[[-84.487762,39.146437],[-84.487611,39.146431],[-84.487636,39.14603],[-84.487787,39.146036],[-84.487762,39.146437]]]}},{"type":"Feature","properties":{"pid":"010800010118"},"geometry":{"type":"Polygon","coordinates":[[[-84.48647,39.146756],[-84.486048,39.146739],[-84.486085,39.146617],[-84.486477,39.146633],[-84.48647,39.146756]]]}},{"type":"Feature","properties":{"pid":"010800010047"},"geometry":{"type":"Polygon","coordinates":[[[-84.486475,39.146656],[-84.486488,39.146424],[-84.486562,39.146428],[-84.486581,39.145988],[-84.486757,39.145995],[-84.486692,39.146666],[-84.486475,39.146656]]]}},{"type":"Feature","properties":{"pid":"010800010048"},"geometry":{"type":"Polygon","coordinates":[[[-84.48638,39.146381],[-84.486406,39.145981],[-84.486581,39.145988],[-84.486544,39.146427],[-84.486488,39.146424],[-84.48649,39.146386],[-84.48638,39.146381]]]}},{"type":"Feature","properties":{"pid":"010800010020"},"geometry":{"type":"Polygon","coordinates":[[[-84.485997,39.146436],[-84.485876,39.146484],[-84.485533,39.146471],[-84.48554,39.146347],[-84.486001,39.146366],[-84.485997,39.146436]]]}},{"type":"Feature","properties":{"pid":"010800010021"},"geometry":{"type":"Polygon","coordinates":[[[-84.485886,39.146609],[-84.485527,39.146594],[-84.485533,39.146471],[-84.485876,39.146484],[-84.485886,39.146609]]]}},{"type":"Feature","properties":{"pid":"010800010119"},"geometry":{"type":"Polygon","coordinates":[[[-84.486477,39.146633],[-84.486085,39.146617],[-84.48611,39.146494],[-84.486484,39.146509],[-84.486477,39.146633]]]}},{"type":"Feature","properties":{"pid":"010800020002"},"geometry":{"type":"Polygon","coordinates":[[[-84.485152,39.146331],[-84.485173,39.145932],[-84.48535,39.145939],[-84.485325,39.146339],[-84.485152,39.146331]]]}},{"type":"Feature","properties":{"pid":"010800030070"},"geometry":{"type":"Polygon","coordinates":[[[-84.485318,39.146795],[-84.48512,39.146786],[-84.485152,39.146331],[-84.485346,39.146339],[-84.485318,39.146795]]]}},{"type":"Feature","properties":{"pid":"010900020018"},"geometry":{"type":"MultiPolygon","coordinates":[[[[-84.474055,39.152046],[-84.473907,39.15213],[-84.473829,39.152166],[-84.473863,39.151931],[-84.474055,39.152046]]],[[[-84.474104,39.152322],[-84.474532,39.152009],[-84.474453,39.152691],[-84.473736,39.153146],[-84.473798,39.152457],[-84.474104,39.152322]]]]}},{"type":"Feature","properties":{"pid":"010600010242"},"geometry":{"type":"Polygon","coordinates":[[[-84.499469,39.136454],[-84.499305,39.136444],[-84.499301,39.13648],[-84.498817,39.136451],[-84.498855,39.136103],[-84.499501,39.136142],[-84.499469,39.136454]]]}},{"type":"Feature","properties":{"pid":"010800010001"},"geometry":{"type":"Polygon","coordinates":[[[-84.488507,39.147507],[-84.48853,39.147158],[-84.489151,39.147185],[-84.488951,39.147526],[-84.488507,39.147507]]]}},{"type":"Feature","properties":{"pid":"010800010003"},"geometry":{"type":"Polygon","coordinates":[[[-84.48853,39.147158],[-84.488547,39.146882],[-84.488706,39.146889],[-84.488688,39.147165],[-84.48853,39.147158]]]}},{"type":"Feature","properties":{"pid":"010800010004"},"geometry":{"type":"Polygon","coordinates":[[[-84.488371,39.147152],[-84.488389,39.146876],[-84.488547,39.146882],[-84.48853,39.147158],[-84.488371,39.147152]]]}},{"type":"Feature","properties":{"pid":"010800010005"},"geometry":{"type":"Polygon","coordinates":[[[-84.488349,39.1475],[-84.488371,39.147152],[-84.48853,39.147158],[-84.488507,39.147507],[-84.488349,39.1475]]]}},{"type":"Feature","properties":{"pid":"010800010006"},"geometry":{"type":"Polygon","coordinates":[[[-84.488213,39.147145],[-84.488231,39.146869],[-84.488389,39.146876],[-84.488371,39.147152],[-84.488213,39.147145]]]}},{"type":"Feature","properties":{"pid":"010800010007"},"geometry":{"type":"Polygon","coordinates":[[[-84.48819,39.147493],[-84.488213,39.147145],[-84.488371,39.147152],[-84.488349,39.1475],[-84.48819,39.147493]]]}},{"type":"Feature","properties":{"pid":"010800010008"},"geometry":{"type":"Polygon","coordinates":[[[-84.488054,39.147138],[-84.488072,39.146863],[-84.488231,39.146869],[-84.488213,39.147145],[-84.488054,39.147138]]]}},{"type":"Feature","properties":{"pid":"010800010009"},"geometry":{"type":"Polygon","coordinates":[[[-84.488032,39.147486],[-84.488054,39.147138],[-84.488213,39.147145],[-84.48819,39.147493],[-84.488032,39.147486]]]}},{"type":"Feature","properties":{"pid":"010800010010"},"geometry":{"type":"Polygon","coordinates":[[[-84.487896,39.147131],[-84.487914,39.146856],[-84.488072,39.146863],[-84.488054,39.147138],[-84.487896,39.147131]]]}},{"type":"Feature","properties":{"pid":"006000030026"},"geometry":{"type":"Polygon","coordinates":[[[-84.487998,39.140485],[-84.488022,39.140101],[-84.488163,39.140106],[-84.488141,39.140491],[-84.487998,39.140485]]]}},{"type":"Feature","properties":{"pid":"006000030009"},"geometry":{"type":"Polygon","coordinates":[[[-84.48791,39.140753],[-84.487808,39.140699],[-84.487822,39.140479],[-84.487928,39.140483],[-84.48791,39.140753]]]}},{"type":"Feature","properties":{"pid":"006000030022"},"geometry":{"type":"Polygon","coordinates":[[[-84.488563,39.140506],[-84.48859,39.140082],[-84.488733,39.140049],[-84.488704,39.140511],[-84.488563,39.140506]]]}},{"type":"Feature","properties":{"pid":"010700070015"},"geometry":{"type":"Polygon","coordinates":[[[-84.497245,39.14225],[-84.497212,39.142504],[-84.497033,39.142497],[-84.497072,39.142235],[-84.497245,39.14225]]]}},{"type":"Feature","properties":{"pid":"010700070016"},"geometry":{"type":"Polygon","coordinates":[[[-84.497245,39.14225],[-84.496815,39.142213],[-84.49683,39.142105],[-84.49726,39.142142],[-84.497245,39.14225]]]}},{"type":"Feature","properties":{"pid":"010700070017"},"geometry":{"type":"Polygon","coordinates":[[[-84.497276,39.142031],[-84.49726,39.142142],[-84.49683,39.142105],[-84.496846,39.141993],[-84.497276,39.142031]]]}},{"type":"Feature","properties":{"pid":"010700070018"},"geometry":{"type":"Polygon","coordinates":[[[-84.496846,39.141993],[-84.496853,39.14194],[-84.497285,39.141976],[-84.497276,39.142031],[-84.496846,39.141993]]]}},{"type":"Feature","properties":{"pid":"010700070020"},"geometry":{"type":"Polygon","coordinates":[[[-84.497323,39.141701],[-84.4973,39.141868],[-84.496869,39.141831],[-84.496892,39.141666],[-84.497323,39.141701]]]}},{"type":"Feature","properties":{"pid":"010700070021"},"geometry":{"type":"Polygon","coordinates":[[[-84.497323,39.141701],[-84.496892,39.141666],[-84.496907,39.141557],[-84.497338,39.141592],[-84.497323,39.141701]]]}},{"type":"Feature","properties":{"pid":"010700070022"},"geometry":{"type":"Polygon","coordinates":[[[-84.497361,39.141429],[-84.497338,39.141592],[-84.496907,39.141557],[-84.49693,39.141395],[-84.497361,39.141429]]]}},{"type":"Feature","properties":{"pid":"010700070023"},"geometry":{"type":"Polygon","coordinates":[[[-84.497376,39.141321],[-84.497361,39.141429],[-84.49693,39.141395],[-84.496945,39.141285],[-84.497376,39.141321]]]}},{"type":"Feature","properties":{"pid":"010700070024"},"geometry":{"type":"Polygon","coordinates":[[[-84.497421,39.142511],[-84.497434,39.142373],[-84.497958,39.142395],[-84.497894,39.142528],[-84.497421,39.142511]]]}},{"type":"Feature","properties":{"pid":"010700070025"},"geometry":{"type":"Polygon","coordinates":[[[-84.497212,39.142504],[-84.497248,39.142227],[-84.497447,39.142235],[-84.497421,39.142511],[-84.497212,39.142504]]]}},{"type":"Feature","properties":{"pid":"010700070026"},"geometry":{"type":"Polygon","coordinates":[[[-84.497405,39.142233],[-84.497417,39.142094],[-84.497988,39.14212],[-84.497973,39.142256],[-84.497405,39.142233]]]}},{"type":"Feature","properties":{"pid":"010700070028"},"geometry":{"type":"Polygon","coordinates":[[[-84.498003,39.141983],[-84.497288,39.141954],[-84.497307,39.141814],[-84.498018,39.141847],[-84.498003,39.141983]]]}},{"type":"Feature","properties":{"pid":"010700070029"},"geometry":{"type":"Polygon","coordinates":[[[-84.498018,39.141847],[-84.497307,39.141814],[-84.497326,39.141678],[-84.498033,39.141706],[-84.498018,39.141847]]]}},{"type":"Feature","properties":{"pid":"010700070030"},"geometry":{"type":"Polygon","coordinates":[[[-84.497326,39.141678],[-84.497338,39.141592],[-84.498042,39.141626],[-84.498033,39.141706],[-84.497326,39.141678]]]}},{"type":"Feature","properties":{"pid":"010700070031"},"geometry":{"type":"Polygon","coordinates":[[[-84.497361,39.141428],[-84.49806,39.141461],[-84.498042,39.141626],[-84.497338,39.141592],[-84.497361,39.141428]]]}},{"type":"Feature","properties":{"pid":"010700070114"},"geometry":{"type":"Polygon","coordinates":[[[-84.497958,39.142395],[-84.497434,39.142373],[-84.497447,39.142235],[-84.497973,39.142256],[-84.497958,39.142395]]]}},{"type":"Feature","properties":{"pid":"010700070140"},"geometry":{"type":"Polygon","coordinates":[[[-84.497988,39.14212],[-84.497379,39.142093],[-84.497389,39.141958],[-84.498003,39.141983],[-84.497988,39.14212]]]}},{"type":"Feature","properties":{"pid":"013100050006"},"geometry":{"type":"Polygon","coordinates":[[[-84.477129,39.172987],[-84.477165,39.172649],[-84.478,39.172664],[-84.477957,39.173012],[-84.477898,39.173068],[-84.477129,39.172987]]]}},{"type":"Feature","properties":{"pid":"013100050036"},"geometry":{"type":"Polygon","coordinates":[[[-84.476192,39.172887],[-84.474983,39.172302],[-84.477481,39.172334],[-84.477447,39.172654],[-84.477165,39.172649],[-84.477129,39.172987],[-84.476192,39.172887]]]}},{"type":"Feature","properties":{"pid":"006000030028"},"geometry":{"type":"Polygon","coordinates":[[[-84.487857,39.14048],[-84.487715,39.140475],[-84.487739,39.14009],[-84.48788,39.140095],[-84.487857,39.14048]]]}},{"type":"Feature","properties":{"pid":"006000030016"},"geometry":{"type":"Polygon","coordinates":[[[-84.486985,39.140833],[-84.487009,39.140449],[-84.48715,39.140454],[-84.487126,39.140838],[-84.486985,39.140833]]]}},{"type":"Feature","properties":{"pid":"006000030007"},"geometry":{"type":"Polygon","coordinates":[[[-84.488118,39.140875],[-84.487903,39.140867],[-84.48791,39.140753],[-84.48812,39.14083],[-84.488118,39.140875]]]}},{"type":"Feature","properties":{"pid":"006000030023"},"geometry":{"type":"Polygon","coordinates":[[[-84.488422,39.140501],[-84.488446,39.140115],[-84.48859,39.140082],[-84.488563,39.140506],[-84.488422,39.140501]]]}},{"type":"Feature","properties":{"pid":"010700070163"},"geometry":{"type":"Polygon","coordinates":[[[-84.498265,39.141461],[-84.49828,39.141324],[-84.49864,39.141337],[-84.498631,39.141474],[-84.498265,39.141461]]]}},{"type":"Feature","properties":{"pid":"006000030113"},"geometry":{"type":"Polygon","coordinates":[[[-84.486667,39.140821],[-84.486688,39.140478],[-84.486865,39.140485],[-84.486844,39.140828],[-84.486667,39.140821]]]}},{"type":"Feature","properties":{"pid":"006000030017"},"geometry":{"type":"Polygon","coordinates":[[[-84.486844,39.140828],[-84.486867,39.140443],[-84.487009,39.140449],[-84.486985,39.140833],[-84.486844,39.140828]]]}},{"type":"Feature","properties":{"pid":"006000030010"},"geometry":{"type":"Polygon","coordinates":[[[-84.487691,39.140859],[-84.487715,39.140475],[-84.487822,39.140479],[-84.487797,39.140863],[-84.487691,39.140859]]]}},{"type":"Feature","properties":{"pid":"006000030033"},"geometry":{"type":"Polygon","coordinates":[[[-84.487009,39.140449],[-84.487026,39.140173],[-84.487058,39.14016],[-84.487157,39.140343],[-84.48715,39.140454],[-84.487009,39.140449]]]}},{"type":"Feature","properties":{"pid":"006000030024"},"geometry":{"type":"Polygon","coordinates":[[[-84.48828,39.140496],[-84.488304,39.140111],[-84.488446,39.140115],[-84.488422,39.140501],[-84.48828,39.140496]]]}},{"type":"Feature","properties":{"pid":"006000030008"},"geometry":{"type":"Polygon","coordinates":[[[-84.487928,39.140483],[-84.488141,39.140491],[-84.48812,39.14083],[-84.48791,39.140753],[-84.487928,39.140483]]]}},{"type":"Feature","properties":{"pid":"011500040105"},"geometry":{"type":"Polygon","coordinates":[[[-84.488637,39.159388],[-84.488894,39.159132],[-84.489047,39.159225],[-84.488788,39.159477],[-84.488637,39.159388]]]}},{"type":"Feature","properties":{"pid":"011500040119"},"geometry":{"type":"Polygon","coordinates":[[[-84.488746,39.156846],[-84.48855,39.156731],[-84.488822,39.156455],[-84.489038,39.156548],[-84.488746,39.156846]]]}},{"type":"Feature","properties":{"pid":"010500010132"},"geometry":{"type":"Polygon","coordinates":[[[-84.492119,39.135731],[-84.492153,39.135399],[-84.492202,39.135401],[-84.492231,39.135734],[-84.492119,39.135731]]]}},{"type":"Feature","properties":{"pid":"010500010243"},"geometry":{"type":"Polygon","coordinates":[[[-84.494203,39.136953],[-84.49419,39.136802],[-84.494409,39.136806],[-84.494423,39.136957],[-84.494203,39.136953]]]}},{"type":"Feature","properties":{"pid":"010600010182"},"geometry":{"type":"Polygon","coordinates":[[[-84.498421,39.134939],[-84.498773,39.134964],[-84.498756,39.135101],[-84.498408,39.135053],[-84.498421,39.134939]]]}},{"type":"Feature","properties":{"pid":"010800030088"},"geometry":{"type":"Polygon","coordinates":[[[-84.483098,39.146515],[-84.483292,39.146468],[-84.483396,39.146909],[-84.483223,39.146994],[-84.483098,39.146515]]]}},{"type":"Feature","properties":{"pid":"010800040031"},"geometry":{"type":"Polygon","coordinates":[[[-84.486402,39.149653],[-84.486004,39.149986],[-84.485889,39.149886],[-84.48627,39.149568],[-84.486402,39.149653]]]}},{"type":"Feature","properties":{"pid":"010800040032"},"geometry":{"type":"Polygon","coordinates":[[[-84.486004,39.149986],[-84.486402,39.149653],[-84.486524,39.149731],[-84.486133,39.150064],[-84.486004,39.149986]]]}},{"type":"Feature","properties":{"pid":"010800040033"},"geometry":{"type":"Polygon","coordinates":[[[-84.486133,39.150064],[-84.486524,39.149731],[-84.486652,39.149813],[-84.486257,39.150139],[-84.486133,39.150064]]]}},{"type":"Feature","properties":{"pid":"010800040036"},"geometry":{"type":"Polygon","coordinates":[[[-84.486502,39.149937],[-84.486652,39.149813],[-84.487196,39.150161],[-84.48705,39.150275],[-84.486502,39.149937]]]}},{"type":"Feature","properties":{"pid":"010600030166"},"geometry":{"type":"Polygon","coordinates":[[[-84.496955,39.140699],[-84.496977,39.140384],[-84.49704,39.140386],[-84.497017,39.140702],[-84.496955,39.140699]]]}},{"type":"Feature","properties":{"pid":"010700090001"},"geometry":{"type":"Polygon","coordinates":[[[-84.494636,39.145756],[-84.494678,39.145345],[-84.495114,39.145382],[-84.49506,39.145791],[-84.494636,39.145756]]]}},{"type":"Feature","properties":{"pid":"010500010130"},"geometry":{"type":"Polygon","coordinates":[[[-84.491976,39.135728],[-84.492011,39.135392],[-84.492082,39.135395],[-84.492047,39.13573],[-84.491976,39.135728]]]}},{"type":"Feature","properties":{"pid":"011600020232"},"geometry":{"type":"Polygon","coordinates":[[[-84.476583,39.166212],[-84.476483,39.166106],[-84.476741,39.165726],[-84.476804,39.165725],[-84.477029,39.166005],[-84.476583,39.166212]]]}},{"type":"Feature","properties":{"pid":"011600020233"},"geometry":{"type":"Polygon","coordinates":[[[-84.477029,39.166005],[-84.477141,39.166149],[-84.476701,39.16635],[-84.476583,39.166212],[-84.477029,39.166005]]]}},{"type":"Feature","properties":{"pid":"011600020092"},"geometry":{"type":"Polygon","coordinates":[[[-84.475317,39.165602],[-84.475089,39.165586],[-84.475125,39.165223],[-84.475351,39.165242],[-84.475317,39.165602]]]}},{"type":"Feature","properties":{"pid":"011600020001"},"geometry":{"type":"Polygon","coordinates":[[[-84.475173,39.167519],[-84.475108,39.168209],[-84.473791,39.168181],[-84.473375,39.167844],[-84.473529,39.167741],[-84.473182,39.167475],[-84.475173,39.167519]]]}},{"type":"Feature","properties":{"pid":"011600020114"},"geometry":{"type":"Polygon","coordinates":[[[-84.475284,39.165951],[-84.474847,39.165925],[-84.474882,39.165571],[-84.475317,39.165602],[-84.475284,39.165951]]]}},{"type":"Feature","properties":{"pid":"011600020123"},"geometry":{"type":"Polygon","coordinates":[[[-84.474051,39.166767],[-84.473962,39.166926],[-84.473502,39.166669],[-84.473483,39.166586],[-84.473559,39.1665],[-84.474051,39.166767]]]}},{"type":"Feature","properties":{"pid":"011600020128"},"geometry":{"type":"Polygon","coordinates":[[[-84.475877,39.165631],[-84.476092,39.165645],[-84.47605,39.166004],[-84.475837,39.16599],[-84.475877,39.165631]]]}},{"type":"Feature","properties":{"pid":"011600020129"},"geometry":{"type":"Polygon","coordinates":[[[-84.474419,39.165898],[-84.47422,39.165886],[-84.474254,39.165529],[-84.474461,39.165542],[-84.474419,39.165898]]]}},{"type":"Feature","properties":{"pid":"011600020138"},"geometry":{"type":"Polygon","coordinates":[[[-84.47422,39.165886],[-84.474023,39.165895],[-84.473955,39.165508],[-84.474254,39.165529],[-84.47422,39.165886]]]}},{"type":"Feature","properties":{"pid":"011600020254"},"geometry":{"type":"Polygon","coordinates":[[[-84.47704,39.166988],[-84.47713,39.167144],[-84.476697,39.167374],[-84.476626,39.167207],[-84.47704,39.166988]]]}},{"type":"Feature","properties":{"pid":"011600020140"},"geometry":{"type":"Polygon","coordinates":[[[-84.474847,39.165925],[-84.474635,39.165912],[-84.474672,39.165557],[-84.474882,39.165571],[-84.474847,39.165925]]]}},{"type":"Feature","properties":{"pid":"011600020246"},"geometry":{"type":"Polygon","coordinates":[[[-84.476951,39.166831],[-84.47704,39.166988],[-84.476626,39.167207],[-84.476524,39.167057],[-84.476951,39.166831]]]}},{"type":"Feature","properties":{"pid":"011600020235"},"geometry":{"type":"Polygon","coordinates":[[[-84.476503,39.167027],[-84.476409,39.166835],[-84.476784,39.166637],[-84.476936,39.166806],[-84.476503,39.167027]]]}},{"type":"Feature","properties":{"pid":"011600020234"},"geometry":{"type":"Polygon","coordinates":[[[-84.476293,39.166598],[-84.476602,39.166435],[-84.476784,39.166637],[-84.476409,39.166835],[-84.476293,39.166598]]]}},{"type":"Feature","properties":{"pid":"011600020141"},"geometry":{"type":"Polygon","coordinates":[[[-84.47421,39.166482],[-84.474125,39.166635],[-84.473684,39.166367],[-84.473803,39.166241],[-84.47421,39.166482]]]}},{"type":"Feature","properties":{"pid":"011600020144"},"geometry":{"type":"Polygon","coordinates":[[[-84.474303,39.166027],[-84.474245,39.16642],[-84.474165,39.166345],[-84.474028,39.166026],[-84.474303,39.166027]]]}},{"type":"Feature","properties":{"pid":"011600020146"},"geometry":{"type":"Polygon","coordinates":[[[-84.473267,39.166593],[-84.472882,39.166367],[-84.47305,39.16622],[-84.473425,39.166437],[-84.473267,39.166593]]]}},{"type":"Feature","properties":{"pid":"011600020147"},"geometry":{"type":"Polygon","coordinates":[[[-84.473554,39.166298],[-84.473425,39.166437],[-84.47305,39.16622],[-84.473146,39.16607],[-84.473554,39.166298]]]}},{"type":"Feature","properties":{"pid":"011600020148"},"geometry":{"type":"Polygon","coordinates":[[[-84.473146,39.16607],[-84.473244,39.165919],[-84.473678,39.166166],[-84.473554,39.166298],[-84.473146,39.16607]]]}},{"type":"Feature","properties":{"pid":"011600020149"},"geometry":{"type":"Polygon","coordinates":[[[-84.474828,39.166586],[-84.475267,39.166615],[-84.47525,39.166779],[-84.474811,39.16675],[-84.474828,39.166586]]]}},{"type":"Feature","properties":{"pid":"011600020168"},"geometry":{"type":"Polygon","coordinates":[[[-84.47481,39.167081],[-84.474794,39.166914],[-84.475233,39.166943],[-84.475216,39.167107],[-84.47481,39.167081]]]}},{"type":"Feature","properties":{"pid":"011600020145"},"geometry":{"type":"Polygon","coordinates":[[[-84.474773,39.16715],[-84.47481,39.167081],[-84.475216,39.167107],[-84.475173,39.167519],[-84.474773,39.16715]]]}},{"type":"Feature","properties":{"pid":"011600020158"},"geometry":{"type":"Polygon","coordinates":[[[-84.475285,39.166451],[-84.475267,39.166615],[-84.474828,39.166586],[-84.474845,39.166422],[-84.475285,39.166451]]]}},{"type":"Feature","properties":{"pid":"011600020161"},"geometry":{"type":"Polygon","coordinates":[[[-84.474266,39.166383],[-84.474705,39.166412],[-84.474688,39.166576],[-84.474177,39.166542],[-84.474266,39.166383]]]}},{"type":"Feature","properties":{"pid":"011600020119"},"geometry":{"type":"Polygon","coordinates":[[[-84.476336,39.166685],[-84.476419,39.166856],[-84.475831,39.166817],[-84.475848,39.166653],[-84.476336,39.166685]]]}},{"type":"Feature","properties":{"pid":"011600020132"},"geometry":{"type":"Polygon","coordinates":[[[-84.475865,39.166489],[-84.476252,39.166514],[-84.476336,39.166685],[-84.475848,39.166653],[-84.475865,39.166489]]]}},{"type":"Feature","properties":{"pid":"011600020143"},"geometry":{"type":"Polygon","coordinates":[[[-84.475285,39.166451],[-84.475724,39.16648],[-84.475707,39.166644],[-84.475267,39.166615],[-84.475285,39.166451]]]}},{"type":"Feature","properties":{"pid":"011600020124"},"geometry":{"type":"Polygon","coordinates":[[[-84.475251,39.166768],[-84.475691,39.166794],[-84.475671,39.166986],[-84.475231,39.166958],[-84.475251,39.166768]]]}},{"type":"Feature","properties":{"pid":"011600020292"},"geometry":{"type":"Polygon","coordinates":[[[-84.475346,39.16818],[-84.475365,39.167669],[-84.475819,39.167928],[-84.47581,39.16819],[-84.475346,39.16818]]]}},{"type":"Feature","properties":{"pid":"011600020216"},"geometry":{"type":"Polygon","coordinates":[[[-84.476602,39.167674],[-84.476464,39.167962],[-84.476189,39.167744],[-84.476221,39.167682],[-84.476602,39.167674]]]}},{"type":"Feature","properties":{"pid":"011600020151"},"geometry":{"type":"Polygon","coordinates":[[[-84.473962,39.166926],[-84.473649,39.167486],[-84.473529,39.167479],[-84.473395,39.166685],[-84.473482,39.166605],[-84.473502,39.166669],[-84.473962,39.166926]]]}},{"type":"Feature","properties":{"pid":"011600020153"},"geometry":{"type":"Polygon","coordinates":[[[-84.474635,39.165912],[-84.474419,39.165898],[-84.474461,39.165542],[-84.474672,39.165557],[-84.474635,39.165912]]]}},{"type":"Feature","properties":{"pid":"011600020155"},"geometry":{"type":"Polygon","coordinates":[[[-84.475877,39.165631],[-84.475837,39.16599],[-84.475609,39.165976],[-84.475656,39.165618],[-84.475877,39.165631]]]}},{"type":"Feature","properties":{"pid":"011600020157"},"geometry":{"type":"Polygon","coordinates":[[[-84.47626,39.166018],[-84.47605,39.166004],[-84.476092,39.165645],[-84.476302,39.165657],[-84.47626,39.166018]]]}},{"type":"Feature","properties":{"pid":"011600020160"},"geometry":{"type":"Polygon","coordinates":[[[-84.474245,39.16642],[-84.47421,39.166482],[-84.473803,39.166241],[-84.474006,39.166036],[-84.474245,39.16642]]]}},{"type":"Feature","properties":{"pid":"011600020180"},"geometry":{"type":"Polygon","coordinates":[[[-84.47626,39.166018],[-84.476302,39.165657],[-84.476529,39.165671],[-84.47668,39.165733],[-84.476448,39.166082],[-84.47626,39.166018]]]}},{"type":"Feature","properties":{"pid":"011500040039"},"geometry":{"type":"Polygon","coordinates":[[[-84.487916,39.158963],[-84.487747,39.158863],[-84.488144,39.158441],[-84.488253,39.158507],[-84.48817,39.158592],[-84.488236,39.158631],[-84.487916,39.158963]]]}},{"type":"Feature","properties":{"pid":"011500050131"},"geometry":{"type":"Polygon","coordinates":[[[-84.48407,39.163017],[-84.484092,39.162812],[-84.484941,39.162552],[-84.485037,39.162674],[-84.484437,39.163057],[-84.48407,39.163017]]]}},{"type":"Feature","properties":{"pid":"011600020190"},"geometry":{"type":"Polygon","coordinates":[[[-84.474125,39.166635],[-84.474051,39.166767],[-84.473559,39.1665],[-84.473684,39.166367],[-84.474125,39.166635]]]}},{"type":"Feature","properties":{"pid":"010600010116"},"geometry":{"type":"Polygon","coordinates":[[[-84.500886,39.135317],[-84.500487,39.135293],[-84.500497,39.135192],[-84.500913,39.135217],[-84.500886,39.135317]]]}},{"type":"Feature","properties":{"pid":"011600020130"},"geometry":{"type":"Polygon","coordinates":[[[-84.476079,39.167205],[-84.475792,39.167186],[-84.475814,39.166981],[-84.476503,39.167027],[-84.476708,39.167328],[-84.476652,39.167571],[-84.476079,39.167205]]]}},{"type":"Feature","properties":{"pid":"011600020173"},"geometry":{"type":"Polygon","coordinates":[[[-84.475169,39.167565],[-84.475199,39.167272],[-84.475638,39.167301],[-84.475666,39.16741],[-84.475169,39.167565]]]}},{"type":"Feature","properties":{"pid":"011600020196"},"geometry":{"type":"Polygon","coordinates":[[[-84.47567,39.167418],[-84.475741,39.167491],[-84.475446,39.167728],[-84.475204,39.167554],[-84.47567,39.167418]]]}},{"type":"Feature","properties":{"pid":"011600020115"},"geometry":{"type":"Polygon","coordinates":[[[-84.476131,39.166148],[-84.476094,39.166504],[-84.475865,39.166489],[-84.475907,39.166163],[-84.476131,39.166148]]]}},{"type":"Feature","properties":{"pid":"011600020111"},"geometry":{"type":"Polygon","coordinates":[[[-84.475814,39.166981],[-84.475831,39.166817],[-84.476419,39.166856],[-84.476503,39.167027],[-84.475814,39.166981]]]}},{"type":"Feature","properties":{"pid":"011600020137"},"geometry":{"type":"Polygon","coordinates":[[[-84.475251,39.166768],[-84.475267,39.166615],[-84.475707,39.166644],[-84.475691,39.166794],[-84.475251,39.166768]]]}},{"type":"Feature","properties":{"pid":"010900030021"},"geometry":{"type":"Polygon","coordinates":[[[-84.477412,39.150766],[-84.47718,39.150641],[-84.477484,39.150303],[-84.477715,39.150429],[-84.477412,39.150766]]]}},{"type":"Feature","properties":{"pid":"010900040051"},"geometry":{"type":"Polygon","coordinates":[[[-84.477484,39.150303],[-84.477604,39.150169],[-84.477744,39.150246],[-84.477623,39.150379],[-84.477484,39.150303]]]}},{"type":"Feature","properties":{"pid":"010900040050"},"geometry":{"type":"Polygon","coordinates":[[[-84.475748,39.149964],[-84.476348,39.149236],[-84.477105,39.148654],[-84.477784,39.149025],[-84.477668,39.150204],[-84.477604,39.150169],[-84.477484,39.150303],[-84.47729,39.150198],[-84.477104,39.150405],[-84.476814,39.150248],[-84.476592,39.150428],[-84.475748,39.149964]]]}},{"type":"Feature","properties":{"pid":"011600020150"},"geometry":{"type":"Polygon","coordinates":[[[-84.475216,39.167107],[-84.475231,39.166958],[-84.475671,39.166986],[-84.475655,39.167136],[-84.475216,39.167107]]]}},{"type":"Feature","properties":{"pid":"011600020205"},"geometry":{"type":"Polygon","coordinates":[[[-84.476532,39.167822],[-84.47659,39.168207],[-84.47581,39.16819],[-84.475819,39.167928],[-84.47594,39.167989],[-84.476464,39.167962],[-84.476532,39.167822]]]}},{"type":"Feature","properties":{"pid":"011600020259"},"geometry":{"type":"Polygon","coordinates":[[[-84.476419,39.167422],[-84.476652,39.167571],[-84.476602,39.167674],[-84.476221,39.167682],[-84.476132,39.167604],[-84.476419,39.167422]]]}},{"type":"Feature","properties":{"pid":"011600020195"},"geometry":{"type":"Polygon","coordinates":[[[-84.476189,39.167744],[-84.476464,39.167962],[-84.47594,39.167989],[-84.476072,39.16776],[-84.476189,39.167744]]]}},{"type":"Feature","properties":{"pid":"011600020257"},"geometry":{"type":"Polygon","coordinates":[[[-84.475963,39.167501],[-84.476212,39.16729],[-84.476419,39.167422],[-84.476132,39.167604],[-84.475963,39.167501]]]}},{"type":"Feature","properties":{"pid":"011600020117"},"geometry":{"type":"Polygon","coordinates":[[[-84.475199,39.167272],[-84.475215,39.167118],[-84.475654,39.167147],[-84.475638,39.167301],[-84.475199,39.167272]]]}},{"type":"Feature","properties":{"pid":"011600020253"},"geometry":{"type":"Polygon","coordinates":[[[-84.475793,39.167528],[-84.475922,39.167621],[-84.475656,39.167846],[-84.475506,39.16777],[-84.475793,39.167528]]]}},{"type":"Feature","properties":{"pid":"011600020274"},"geometry":{"type":"Polygon","coordinates":[[[-84.476532,39.167822],[-84.477015,39.167824],[-84.477015,39.168209],[-84.47659,39.168207],[-84.476532,39.167822]]]}},{"type":"Feature","properties":{"pid":"011600020247"},"geometry":{"type":"Polygon","coordinates":[[[-84.477181,39.167316],[-84.477271,39.16735],[-84.477358,39.16731],[-84.477945,39.16759],[-84.477637,39.167627],[-84.477636,39.167833],[-84.476532,39.167822],[-84.477181,39.167316]]]}},{"type":"Feature","properties":{"pid":"011600020243"},"geometry":{"type":"Polygon","coordinates":[[[-84.476697,39.167374],[-84.47713,39.167144],[-84.477181,39.167316],[-84.476532,39.167822],[-84.476697,39.167374]]]}},{"type":"Feature","properties":{"pid":"011500070019"},"geometry":{"type":"Polygon","coordinates":[[[-84.484998,39.155475],[-84.484486,39.155472],[-84.484488,39.155321],[-84.484999,39.155324],[-84.484998,39.155475]]]}},{"type":"Feature","properties":{"pid":"011500070012"},"geometry":{"type":"Polygon","coordinates":[[[-84.484481,39.156021],[-84.483846,39.156017],[-84.483848,39.155853],[-84.484482,39.155857],[-84.484481,39.156021]]]}},{"type":"Feature","properties":{"pid":"011100030118"},"geometry":{"type":"Polygon","coordinates":[[[-84.483081,39.153926],[-84.483024,39.153911],[-84.483087,39.153857],[-84.483129,39.153921],[-84.483205,39.153855],[-84.483315,39.153881],[-84.483556,39.154392],[-84.483354,39.154443],[-84.483081,39.153926]]]}},{"type":"Feature","properties":{"pid":"011600020122"},"geometry":{"type":"Polygon","coordinates":[[[-84.475322,39.166095],[-84.475285,39.166451],[-84.475074,39.166437],[-84.475111,39.166081],[-84.475322,39.166095]]]}},{"type":"Feature","properties":{"pid":"011600020200"},"geometry":{"type":"Polygon","coordinates":[[[-84.475963,39.167501],[-84.475792,39.167359],[-84.475792,39.167186],[-84.476079,39.167205],[-84.476212,39.16729],[-84.475963,39.167501]]]}},{"type":"Feature","properties":{"pid":"011600020276"},"geometry":{"type":"Polygon","coordinates":[[[-84.475169,39.167565],[-84.475365,39.167669],[-84.475346,39.16818],[-84.475105,39.168175],[-84.475169,39.167565]]]}},{"type":"Feature","properties":{"pid":"011600020230"},"geometry":{"type":"Polygon","coordinates":[[[-84.476252,39.166514],[-84.476347,39.16619],[-84.47658,39.16641],[-84.476279,39.166569],[-84.476252,39.166514]]]}},{"type":"Feature","properties":{"pid":"011600020121"},"geometry":{"type":"Polygon","coordinates":[[[-84.474811,39.16675],[-84.47525,39.166779],[-84.475233,39.166943],[-84.474794,39.166914],[-84.474811,39.16675]]]}},{"type":"Feature","properties":{"pid":"011600020135"},"geometry":{"type":"Polygon","coordinates":[[[-84.475756,39.166178],[-84.475724,39.16648],[-84.475496,39.166464],[-84.475533,39.166109],[-84.475715,39.166124],[-84.475756,39.166178]]]}},{"type":"Feature","properties":{"pid":"011600020133"},"geometry":{"type":"Polygon","coordinates":[[[-84.475111,39.166081],[-84.475074,39.166437],[-84.474845,39.166422],[-84.474887,39.166096],[-84.475111,39.166081]]]}},{"type":"Feature","properties":{"pid":"011600020120"},"geometry":{"type":"Polygon","coordinates":[[[-84.475285,39.166451],[-84.475322,39.166095],[-84.475533,39.166109],[-84.475496,39.166464],[-84.475285,39.166451]]]}},{"type":"Feature","properties":{"pid":"011600020167"},"geometry":{"type":"Polygon","coordinates":[[[-84.474303,39.166027],[-84.474514,39.166041],[-84.474477,39.166397],[-84.474266,39.166383],[-84.474303,39.166027]]]}},{"type":"Feature","properties":{"pid":"011600020136"},"geometry":{"type":"Polygon","coordinates":[[[-84.474477,39.166397],[-84.474514,39.166041],[-84.474696,39.166057],[-84.474737,39.166101],[-84.474705,39.166412],[-84.474477,39.166397]]]}},{"type":"Feature","properties":{"pid":"011600020189"},"geometry":{"type":"Polygon","coordinates":[[[-84.474088,39.166702],[-84.474177,39.166542],[-84.474688,39.166576],[-84.474671,39.16674],[-84.474088,39.166702]]]}},{"type":"Feature","properties":{"pid":"011600020169"},"geometry":{"type":"Polygon","coordinates":[[[-84.474654,39.166905],[-84.473998,39.166862],[-84.474088,39.166702],[-84.474671,39.16674],[-84.474654,39.166905]]]}},{"type":"Feature","properties":{"pid":"011600020139"},"geometry":{"type":"Polygon","coordinates":[[[-84.473909,39.167021],[-84.473998,39.166862],[-84.474654,39.166905],[-84.474603,39.167067],[-84.473909,39.167021]]]}},{"type":"Feature","properties":{"pid":"011600020206"},"geometry":{"type":"Polygon","coordinates":[[[-84.47433,39.1675],[-84.473649,39.167486],[-84.473909,39.167021],[-84.474603,39.167067],[-84.474657,39.167161],[-84.47433,39.1675]]]}},{"type":"Feature","properties":{"pid":"011600020112"},"geometry":{"type":"Polygon","coordinates":[[[-84.476094,39.166504],[-84.476131,39.166148],[-84.476347,39.16619],[-84.476252,39.166514],[-84.476094,39.166504]]]}},{"type":"Feature","properties":{"pid":"010500020003"},"geometry":{"type":"Polygon","coordinates":[[[-84.493505,39.13923],[-84.494537,39.138491],[-84.494821,39.138658],[-84.493988,39.139518],[-84.493505,39.13923]]]}},{"type":"Feature","properties":{"pid":"010500030111"},"geometry":{"type":"Polygon","coordinates":[[[-84.492679,39.140947],[-84.492701,39.140643],[-84.49307,39.140698],[-84.492857,39.140952],[-84.492679,39.140947]]]}},{"type":"Feature","properties":{"pid":"011600020023"},"geometry":{"type":"Polygon","coordinates":[[[-84.475439,39.165965],[-84.47547,39.165606],[-84.475656,39.165618],[-84.475609,39.165976],[-84.475439,39.165965]]]}},{"type":"Feature","properties":{"pid":"011600020082"},"geometry":{"type":"Polygon","coordinates":[[[-84.47547,39.165606],[-84.475501,39.165252],[-84.475708,39.165263],[-84.475656,39.165618],[-84.47547,39.165606]]]}},{"type":"Feature","properties":{"pid":"010800060010"},"geometry":{"type":"Polygon","coordinates":[[[-84.480092,39.149116],[-84.480515,39.149149],[-84.480193,39.14942],[-84.480092,39.149116]]]}},{"type":"Feature","properties":{"pid":"011600020288"},"geometry":{"type":"Polygon","coordinates":[[[-84.471433,39.16772],[-84.471454,39.167655],[-84.471655,39.167693],[-84.471645,39.167724],[-84.471433,39.16772]]]}},{"type":"Feature","properties":{"pid":"011600030042"},"geometry":{"type":"Polygon","coordinates":[[[-84.466593,39.167413],[-84.46706,39.167373],[-84.467799,39.167418],[-84.467764,39.167757],[-84.466593,39.167413]]]}},{"type":"Feature","properties":{"pid":"010800070010"},"geometry":{"type":"Polygon","coordinates":[[[-84.484044,39.14897],[-84.483939,39.148944],[-84.48393,39.148658],[-84.484069,39.148562],[-84.484342,39.148719],[-84.484044,39.14897]]]}},{"type":"Feature","properties":{"pid":"010800010129"},"geometry":{"type":"Polygon","coordinates":[[[-84.488869,39.146757],[-84.488724,39.146751],[-84.488738,39.146554],[-84.488882,39.146559],[-84.488869,39.146757]]]}},{"type":"Feature","properties":{"pid":"011500050133"},"geometry":{"type":"Polygon","coordinates":[[[-84.485922,39.162707],[-84.485663,39.16268],[-84.485712,39.162397],[-84.485975,39.1624],[-84.485922,39.162707]]]}},{"type":"Feature","properties":{"pid":"011500050108"},"geometry":{"type":"Polygon","coordinates":[[[-84.486166,39.162733],[-84.486221,39.162419],[-84.486466,39.162444],[-84.486411,39.162758],[-84.486166,39.162733]]]}},{"type":"Feature","properties":{"pid":"011500050136"},"geometry":{"type":"Polygon","coordinates":[[[-84.485922,39.162707],[-84.485975,39.1624],[-84.486221,39.162419],[-84.486166,39.162733],[-84.485922,39.162707]]]}},{"type":"Feature","properties":{"pid":"011200060036"},"geometry":{"type":"Polygon","coordinates":[[[-84.494644,39.146239],[-84.494688,39.145902],[-84.495039,39.14593],[-84.494995,39.146266],[-84.494644,39.146239]]]}},{"type":"Feature","properties":{"pid":"011200060116"},"geometry":{"type":"Polygon","coordinates":[[[-84.494308,39.146236],[-84.494355,39.145876],[-84.494688,39.145902],[-84.494641,39.146262],[-84.494308,39.146236]]]}},{"type":"Feature","properties":{"pid":"011200060118"},"geometry":{"type":"Polygon","coordinates":[[[-84.494919,39.146845],[-84.493867,39.146761],[-84.493933,39.146256],[-84.494301,39.146285],[-84.494308,39.146236],[-84.494995,39.146266],[-84.494919,39.146845]]]}},{"type":"Feature","properties":{"pid":"011300020037"},"geometry":{"type":"Polygon","coordinates":[[[-84.496665,39.146959],[-84.496678,39.146871],[-84.497314,39.146967],[-84.497292,39.147054],[-84.496665,39.146959]]]}},{"type":"Feature","properties":{"pid":"011300020044"},"geometry":{"type":"Polygon","coordinates":[[[-84.49658,39.147576],[-84.495029,39.14734],[-84.495054,39.147143],[-84.496623,39.147267],[-84.49658,39.147576]]]}},{"type":"Feature","properties":{"pid":"011500050158"},"geometry":{"type":"Polygon","coordinates":[[[-84.488796,39.160983],[-84.489549,39.160509],[-84.489636,39.16056],[-84.489617,39.160718],[-84.489322,39.160903],[-84.489123,39.160923],[-84.488846,39.161039],[-84.488796,39.160983]]]}},{"type":"Feature","properties":{"pid":"011500050159"},"geometry":{"type":"Polygon","coordinates":[[[-84.489187,39.161037],[-84.488887,39.161094],[-84.488846,39.161039],[-84.48911,39.160948],[-84.489598,39.160874],[-84.489557,39.161219],[-84.489187,39.161037]]]}},{"type":"Feature","properties":{"pid":"010800070011"},"geometry":{"type":"Polygon","coordinates":[[[-84.48391,39.148945],[-84.483788,39.148995],[-84.483301,39.148418],[-84.483899,39.148557],[-84.48391,39.148945]]]}},{"type":"Feature","properties":{"pid":"010800070019"},"geometry":{"type":"Polygon","coordinates":[[[-84.48391,39.148945],[-84.483888,39.148202],[-84.484882,39.148263],[-84.484342,39.148719],[-84.484069,39.148562],[-84.48393,39.148658],[-84.48391,39.148945]]]}},{"type":"Feature","properties":{"pid":"011300030057"},"geometry":{"type":"Polygon","coordinates":[[[-84.494787,39.150158],[-84.495701,39.150202],[-84.495597,39.150595],[-84.494642,39.150511],[-84.494685,39.150318],[-84.494787,39.150158]]]}},{"type":"Feature","properties":{"pid":"011100010036"},"geometry":{"type":"Polygon","coordinates":[[[-84.47923,39.157208],[-84.478986,39.156878],[-84.479316,39.156741],[-84.479554,39.157062],[-84.47923,39.157208]]]}},{"type":"Feature","properties":{"pid":"011600020284"},"geometry":{"type":"Polygon","coordinates":[[[-84.470645,39.166787],[-84.470879,39.166867],[-84.47081,39.16707],[-84.470651,39.167015],[-84.470551,39.167083],[-84.470645,39.166787]]]}},{"type":"Feature","properties":{"pid":"010800070007"},"geometry":{"type":"Polygon","coordinates":[[[-84.484106,39.149166],[-84.484519,39.149269],[-84.484547,39.149276],[-84.484306,39.149479],[-84.483993,39.149273],[-84.484106,39.149166]]]}},{"type":"Feature","properties":{"pid":"010700100001"},"geometry":{"type":"Polygon","coordinates":[[[-84.489909,39.14504],[-84.489924,39.144654],[-84.490183,39.144665],[-84.490176,39.144728],[-84.4906,39.144742],[-84.490408,39.145059],[-84.489909,39.14504]]]}},{"type":"Feature","properties":{"pid":"010700100052"},"geometry":{"type":"Polygon","coordinates":[[[-84.490993,39.143185],[-84.49101,39.142941],[-84.491186,39.142949],[-84.49121,39.142621],[-84.491866,39.142651],[-84.491521,39.143208],[-84.490993,39.143185]]]}},{"type":"Feature","properties":{"pid":"011200060031"},"geometry":{"type":"Polygon","coordinates":[[[-84.494205,39.14804],[-84.49365,39.147968],[-84.493667,39.147902],[-84.494218,39.147949],[-84.494205,39.14804]]]}},{"type":"Feature","properties":{"pid":"011200060115"},"geometry":{"type":"Polygon","coordinates":[[[-84.493933,39.146256],[-84.493986,39.145846],[-84.494355,39.145876],[-84.494301,39.146285],[-84.493933,39.146256]]]}},{"type":"Feature","properties":{"pid":"011900030029"},"geometry":{"type":"Polygon","coordinates":[[[-84.469732,39.169136],[-84.469842,39.168927],[-84.471102,39.169293],[-84.471001,39.169503],[-84.469732,39.169136]]]}},{"type":"Feature","properties":{"pid":"011900030066"},"geometry":{"type":"Polygon","coordinates":[[[-84.475995,39.170947],[-84.472776,39.170015],[-84.472937,39.16968],[-84.472504,39.169554],[-84.472366,39.169842],[-84.471631,39.169628],[-84.471769,39.16934],[-84.469927,39.168805],[-84.469958,39.168759],[-84.476589,39.170679],[-84.476551,39.170759],[-84.476148,39.170643],[-84.476064,39.170818],[-84.475999,39.17082],[-84.475995,39.170947]]]}},{"type":"Feature","properties":{"pid":"011200060119"},"geometry":{"type":"Polygon","coordinates":[[[-84.493705,39.147756],[-84.493723,39.147683],[-84.494249,39.147728],[-84.494239,39.147802],[-84.493705,39.147756]]]}},{"type":"Feature","properties":{"pid":"011200060120"},"geometry":{"type":"Polygon","coordinates":[[[-84.493686,39.147829],[-84.493705,39.147756],[-84.494239,39.147802],[-84.494228,39.147875],[-84.493686,39.147829]]]}},{"type":"Feature","properties":{"pid":"011200060121"},"geometry":{"type":"Polygon","coordinates":[[[-84.493667,39.147902],[-84.493686,39.147829],[-84.494228,39.147875],[-84.494218,39.147949],[-84.493667,39.147902]]]}},{"type":"Feature","properties":{"pid":"011300010031"},"geometry":{"type":"Polygon","coordinates":[[[-84.498351,39.145572],[-84.497803,39.145527],[-84.497871,39.145068],[-84.497934,39.145041],[-84.498403,39.14508],[-84.498351,39.145572]]]}},{"type":"Feature","properties":{"pid":"011300020089"},"geometry":{"type":"Polygon","coordinates":[[[-84.496653,39.147049],[-84.496665,39.146959],[-84.497292,39.147054],[-84.49727,39.147142],[-84.496653,39.147049]]]}},{"type":"Feature","properties":{"pid":"021600440116"},"geometry":{"type":"Polygon","coordinates":[[[-84.503518,39.148079],[-84.503087,39.148053],[-84.503102,39.147916],[-84.503532,39.147943],[-84.503518,39.148079]]]}},{"type":"Feature","properties":{"pid":"021600440117"},"geometry":{"type":"Polygon","coordinates":[[[-84.503087,39.148053],[-84.502657,39.148027],[-84.502672,39.14789],[-84.503102,39.147916],[-84.503087,39.148053]]]}},{"type":"Feature","properties":{"pid":"010500030112"},"geometry":{"type":"Polygon","coordinates":[[[-84.492194,39.140931],[-84.492209,39.140723],[-84.492304,39.140583],[-84.492701,39.140643],[-84.492679,39.140947],[-84.492194,39.140931]]]}},{"type":"Feature","properties":{"pid":"010500030113"},"geometry":{"type":"Polygon","coordinates":[[[-84.49307,39.140698],[-84.492304,39.140583],[-84.492408,39.14043],[-84.493196,39.140549],[-84.49307,39.140698]]]}},{"type":"Feature","properties":{"pid":"010800010039"},"geometry":{"type":"Polygon","coordinates":[[[-84.488138,39.146452],[-84.487963,39.146445],[-84.487988,39.146044],[-84.488163,39.146052],[-84.488138,39.146452]]]}},{"type":"Feature","properties":{"pid":"021600450039"},"geometry":{"type":"Polygon","coordinates":[[[-84.501982,39.150119],[-84.502453,39.149932],[-84.502689,39.150164],[-84.501982,39.150119]]]}},{"type":"Feature","properties":{"pid":"011300030110"},"geometry":{"type":"Polygon","coordinates":[[[-84.494787,39.150158],[-84.495029,39.149979],[-84.495585,39.149772],[-84.495899,39.149563],[-84.49589,39.149672],[-84.496167,39.1498],[-84.496385,39.150186],[-84.495715,39.150149],[-84.495701,39.150202],[-84.494787,39.150158]]]}},{"type":"Feature","properties":{"pid":"010800060006"},"geometry":{"type":"Polygon","coordinates":[[[-84.479799,39.148586],[-84.479725,39.149203],[-84.479543,39.14919],[-84.479028,39.148825],[-84.479372,39.148554],[-84.479799,39.148586]]]}},{"type":"Feature","properties":{"pid":"011500050037"},"geometry":{"type":"Polygon","coordinates":[[[-84.486127,39.161279],[-84.485961,39.161346],[-84.485781,39.16089],[-84.485887,39.160854],[-84.486127,39.161279]]]}},{"type":"Feature","properties":{"pid":"011500050045"},"geometry":{"type":"Polygon","coordinates":[[[-84.485831,39.161397],[-84.485988,39.161832],[-84.485555,39.161936],[-84.485562,39.161389],[-84.485831,39.161397]]]}},{"type":"Feature","properties":{"pid":"011500050046"},"geometry":{"type":"Polygon","coordinates":[[[-84.486303,39.161694],[-84.485988,39.161832],[-84.485831,39.161397],[-84.486027,39.161319],[-84.486303,39.161694]]]}},{"type":"Feature","properties":{"pid":"011500050084"},"geometry":{"type":"Polygon","coordinates":[[[-84.486027,39.161319],[-84.486236,39.161242],[-84.486514,39.16159],[-84.486303,39.161694],[-84.486027,39.161319]]]}},{"type":"Feature","properties":{"pid":"011300010013"},"geometry":{"type":"Polygon","coordinates":[[[-84.496749,39.145934],[-84.496814,39.145442],[-84.496972,39.145454],[-84.496905,39.145948],[-84.496749,39.145934]]]}},{"type":"Feature","properties":{"pid":"011300010014"},"geometry":{"type":"Polygon","coordinates":[[[-84.496591,39.14592],[-84.496656,39.145429],[-84.496814,39.145442],[-84.496749,39.145934],[-84.496591,39.14592]]]}},{"type":"Feature","properties":{"pid":"011300010025"},"geometry":{"type":"Polygon","coordinates":[[[-84.496007,39.145374],[-84.496063,39.144881],[-84.496233,39.144896],[-84.496168,39.145388],[-84.496007,39.145374]]]}},{"type":"Feature","properties":{"pid":"011300010028"},"geometry":{"type":"Polygon","coordinates":[[[-84.496866,39.14495],[-84.496984,39.14496],[-84.496928,39.145451],[-84.496814,39.145442],[-84.496866,39.14495]]]}},{"type":"Feature","properties":{"pid":"011300010122"},"geometry":{"type":"Polygon","coordinates":[[[-84.49526,39.145588],[-84.49561,39.145617],[-84.495582,39.145836],[-84.495231,39.145806],[-84.49526,39.145588]]]}},{"type":"Feature","properties":{"pid":"011300010092"},"geometry":{"type":"Polygon","coordinates":[[[-84.496905,39.145948],[-84.496972,39.145454],[-84.497126,39.145466],[-84.49707,39.145964],[-84.496905,39.145948]]]}},{"type":"Feature","properties":{"pid":"011300010103"},"geometry":{"type":"Polygon","coordinates":[[[-84.496706,39.145433],[-84.496393,39.145407],[-84.496443,39.144914],[-84.496758,39.144941],[-84.496706,39.145433]]]}},{"type":"Feature","properties":{"pid":"011300010114"},"geometry":{"type":"Polygon","coordinates":[[[-84.496928,39.145451],[-84.496984,39.14496],[-84.497181,39.144976],[-84.497126,39.145466],[-84.496928,39.145451]]]}},{"type":"Feature","properties":{"pid":"011500050125"},"geometry":{"type":"Polygon","coordinates":[[[-84.485683,39.162793],[-84.485891,39.162815],[-84.485813,39.163208],[-84.485606,39.163185],[-84.485683,39.162793]]]}},{"type":"Feature","properties":{"pid":"011500060025"},"geometry":{"type":"Polygon","coordinates":[[[-84.483771,39.157338],[-84.483943,39.157539],[-84.483214,39.157922],[-84.483035,39.157727],[-84.483771,39.157338]]]}},{"type":"Feature","properties":{"pid":"011000030008"},"geometry":{"type":"Polygon","coordinates":[[[-84.480101,39.154072],[-84.479834,39.154049],[-84.479868,39.153567],[-84.480148,39.153582],[-84.480101,39.154072]]]}},{"type":"Feature","properties":{"pid":"011500050082"},"geometry":{"type":"Polygon","coordinates":[[[-84.489163,39.163627],[-84.489177,39.16349],[-84.489317,39.163509],[-84.489302,39.163645],[-84.489163,39.163627]]]}},{"type":"Feature","properties":{"pid":"011500050110"},"geometry":{"type":"Polygon","coordinates":[[[-84.487003,39.163345],[-84.486797,39.163318],[-84.486841,39.162915],[-84.487048,39.16295],[-84.487003,39.163345]]]}},{"type":"Feature","properties":{"pid":"011500050103"},"geometry":{"type":"Polygon","coordinates":[[[-84.487006,39.163345],[-84.487049,39.16295],[-84.487257,39.162984],[-84.487215,39.163373],[-84.487006,39.163345]]]}},{"type":"Feature","properties":{"pid":"011000010076"},"geometry":{"type":"Polygon","coordinates":[[[-84.481698,39.151915],[-84.482428,39.151303],[-84.482869,39.151622],[-84.482124,39.152221],[-84.481698,39.151915]]]}},{"type":"Feature","properties":{"pid":"011500040109"},"geometry":{"type":"Polygon","coordinates":[[[-84.485825,39.157144],[-84.486185,39.156949],[-84.486285,39.157064],[-84.485927,39.157261],[-84.485825,39.157144]]]}},{"type":"Feature","properties":{"pid":"011000010045"},"geometry":{"type":"Polygon","coordinates":[[[-84.481403,39.151136],[-84.481241,39.151018],[-84.481595,39.150702],[-84.481765,39.150824],[-84.481403,39.151136]]]}},{"type":"Feature","properties":{"pid":"010800010120"},"geometry":{"type":"Polygon","coordinates":[[[-84.485997,39.146436],[-84.486001,39.146366],[-84.48649,39.146386],[-84.486484,39.146509],[-84.48611,39.146494],[-84.485997,39.146436]]]}},{"type":"Feature","properties":{"pid":"011500050095"},"geometry":{"type":"Polygon","coordinates":[[[-84.486631,39.162893],[-84.486841,39.162915],[-84.486797,39.163318],[-84.486588,39.163293],[-84.486631,39.162893]]]}},{"type":"Feature","properties":{"pid":"011500050124"},"geometry":{"type":"Polygon","coordinates":[[[-84.486387,39.162867],[-84.486631,39.162893],[-84.486588,39.163293],[-84.486344,39.163266],[-84.486387,39.162867]]]}},{"type":"Feature","properties":{"pid":"011500050128"},"geometry":{"type":"Polygon","coordinates":[[[-84.486078,39.163237],[-84.486142,39.162841],[-84.486387,39.162867],[-84.486344,39.163266],[-84.486078,39.163237]]]}},{"type":"Feature","properties":{"pid":"011500050038"},"geometry":{"type":"Polygon","coordinates":[[[-84.485793,39.161412],[-84.485369,39.16137],[-84.485412,39.160949],[-84.485664,39.160923],[-84.485793,39.161412]]]}},{"type":"Feature","properties":{"pid":"011500050039"},"geometry":{"type":"Polygon","coordinates":[[[-84.485062,39.16134],[-84.485119,39.160905],[-84.485412,39.160949],[-84.485369,39.16137],[-84.485062,39.16134]]]}},{"type":"Feature","properties":{"pid":"011500050040"},"geometry":{"type":"Polygon","coordinates":[[[-84.485048,39.161338],[-84.484742,39.16127],[-84.484881,39.160806],[-84.485119,39.160905],[-84.485048,39.161338]]]}},{"type":"Feature","properties":{"pid":"011500050042"},"geometry":{"type":"Polygon","coordinates":[[[-84.484622,39.161578],[-84.484507,39.161154],[-84.484526,39.161196],[-84.484903,39.161324],[-84.485062,39.16134],[-84.485,39.161823],[-84.484622,39.161578]]]}},{"type":"Feature","properties":{"pid":"011500050043"},"geometry":{"type":"Polygon","coordinates":[[[-84.48527,39.161907],[-84.485,39.161823],[-84.485062,39.16134],[-84.485342,39.161367],[-84.48527,39.161907]]]}},{"type":"Feature","properties":{"pid":"011500050044"},"geometry":{"type":"Polygon","coordinates":[[[-84.48527,39.161907],[-84.485342,39.161367],[-84.485562,39.161389],[-84.485555,39.161936],[-84.48527,39.161907]]]}},{"type":"Feature","properties":{"pid":"011500050121"},"geometry":{"type":"Polygon","coordinates":[[[-84.486514,39.16159],[-84.486236,39.161242],[-84.486411,39.161181],[-84.486711,39.161491],[-84.486514,39.16159]]]}},{"type":"Feature","properties":{"pid":"011500050036"},"geometry":{"type":"Polygon","coordinates":[[[-84.486127,39.161279],[-84.485887,39.160854],[-84.486125,39.16077],[-84.486394,39.161188],[-84.486127,39.161279]]]}},{"type":"Feature","properties":{"pid":"011100050031"},"geometry":{"type":"Polygon","coordinates":[[[-84.485852,39.152558],[-84.485725,39.152464],[-84.485966,39.152263],[-84.486094,39.152358],[-84.485852,39.152558]]]}},{"type":"Feature","properties":{"pid":"01120A010008"},"geometry":{"type":"Polygon","coordinates":[[[-84.487389,39.155056],[-84.487745,39.155077],[-84.487632,39.155771],[-84.487277,39.155723],[-84.487389,39.155056]]]}},{"type":"Feature","properties":{"pid":"01120A010011"},"geometry":{"type":"Polygon","coordinates":[[[-84.488101,39.155047],[-84.488215,39.154365],[-84.488394,39.154373],[-84.488281,39.155058],[-84.488101,39.155047]]]}},{"type":"Feature","properties":{"pid":"010600010388"},"geometry":{"type":"Polygon","coordinates":[[[-84.500862,39.135591],[-84.49894,39.135474],[-84.498968,39.135231],[-84.500861,39.135325],[-84.500862,39.135591]]]}},{"type":"Feature","properties":{"pid":"01120A010006"},"geometry":{"type":"Polygon","coordinates":[[[-84.488333,39.155812],[-84.488124,39.1558],[-84.488118,39.155679],[-84.488011,39.155619],[-84.488101,39.155047],[-84.488456,39.155067],[-84.488333,39.155812]]]}},{"type":"Feature","properties":{"pid":"011100060166"},"geometry":{"type":"Polygon","coordinates":[[[-84.482734,39.167185],[-84.482842,39.167161],[-84.483338,39.167675],[-84.483325,39.167796],[-84.482649,39.167763],[-84.482734,39.167185]]]}},{"type":"Feature","properties":{"pid":"011100050028"},"geometry":{"type":"Polygon","coordinates":[[[-84.486444,39.153623],[-84.486848,39.153169],[-84.486996,39.153248],[-84.486593,39.153703],[-84.486444,39.153623]]]}},{"type":"Feature","properties":{"pid":"011100060167"},"geometry":{"type":"Polygon","coordinates":[[[-84.482871,39.167045],[-84.483413,39.166967],[-84.483338,39.167675],[-84.482842,39.167161],[-84.482871,39.167045]]]}},{"type":"Feature","properties":{"pid":"011100060172"},"geometry":{"type":"Polygon","coordinates":[[[-84.482871,39.167045],[-84.482778,39.166991],[-84.483476,39.16637],[-84.483413,39.166967],[-84.482871,39.167045]]]}},{"type":"Feature","properties":{"pid":"011500050029"},"geometry":{"type":"Polygon","coordinates":[[[-84.486887,39.16023],[-84.486735,39.160323],[-84.486444,39.159971],[-84.486555,39.159905],[-84.486887,39.16023]]]}},{"type":"Feature","properties":{"pid":"011300050070"},"geometry":{"type":"Polygon","coordinates":[[[-84.504685,39.142643],[-84.50464,39.143052],[-84.504464,39.143041],[-84.50451,39.142632],[-84.504685,39.142643]]]}},{"type":"Feature","properties":{"pid":"011300050054"},"geometry":{"type":"Polygon","coordinates":[[[-84.504059,39.143601],[-84.503886,39.14359],[-84.503938,39.143181],[-84.504107,39.143192],[-84.504059,39.143601]]]}},{"type":"Feature","properties":{"pid":"011300050073"},"geometry":{"type":"Polygon","coordinates":[[[-84.505213,39.142674],[-84.505167,39.143083],[-84.504991,39.143073],[-84.505037,39.142664],[-84.505213,39.142674]]]}},{"type":"Feature","properties":{"pid":"010800050035"},"geometry":{"type":"Polygon","coordinates":[[[-84.482535,39.15117],[-84.482432,39.151095],[-84.482793,39.150794],[-84.482896,39.150869],[-84.482535,39.15117]]]}},{"type":"Feature","properties":{"pid":"011300050057"},"geometry":{"type":"Polygon","coordinates":[[[-84.504407,39.143623],[-84.504459,39.143215],[-84.504637,39.143226],[-84.504584,39.143634],[-84.504407,39.143623]]]}},{"type":"Feature","properties":{"pid":"010700070143"},"geometry":{"type":"Polygon","coordinates":[[[-84.497237,39.142579],[-84.497214,39.142851],[-84.497092,39.142844],[-84.497118,39.142575],[-84.497237,39.142579]]]}},{"type":"Feature","properties":{"pid":"011300040044"},"geometry":{"type":"Polygon","coordinates":[[[-84.502513,39.143846],[-84.502372,39.143838],[-84.50241,39.143496],[-84.502551,39.143504],[-84.502513,39.143846]]]}},{"type":"Feature","properties":{"pid":"011500050081"},"geometry":{"type":"Polygon","coordinates":[[[-84.484185,39.161913],[-84.484253,39.161265],[-84.484347,39.161271],[-84.484424,39.161622],[-84.484638,39.161803],[-84.484185,39.161913]]]}},{"type":"Feature","properties":{"pid":"011500050130"},"geometry":{"type":"Polygon","coordinates":[[[-84.486784,39.162424],[-84.487277,39.162186],[-84.487395,39.162321],[-84.486852,39.162646],[-84.486784,39.162424]]]}},{"type":"Feature","properties":{"pid":"011500050088"},"geometry":{"type":"Polygon","coordinates":[[[-84.488946,39.162404],[-84.489429,39.162445],[-84.489408,39.16265],[-84.488929,39.162606],[-84.488946,39.162404]]]}},{"type":"Feature","properties":{"pid":"011500050102"},"geometry":{"type":"Polygon","coordinates":[[[-84.487389,39.163395],[-84.48743,39.163013],[-84.487673,39.163053],[-84.487632,39.163427],[-84.487389,39.163395]]]}},{"type":"Feature","properties":{"pid":"011500050109"},"geometry":{"type":"Polygon","coordinates":[[[-84.485394,39.163162],[-84.485471,39.162771],[-84.485683,39.162793],[-84.485606,39.163185],[-84.485394,39.163162]]]}},{"type":"Feature","properties":{"pid":"011500050093"},"geometry":{"type":"Polygon","coordinates":[[[-84.486982,39.161847],[-84.487413,39.161535],[-84.487546,39.161665],[-84.487108,39.161991],[-84.486982,39.161847]]]}},{"type":"Feature","properties":{"pid":"011500050106"},"geometry":{"type":"Polygon","coordinates":[[[-84.487348,39.162267],[-84.487227,39.162128],[-84.487679,39.161794],[-84.487815,39.161926],[-84.487348,39.162267]]]}},{"type":"Feature","properties":{"pid":"011500050107"},"geometry":{"type":"Polygon","coordinates":[[[-84.487546,39.161665],[-84.487679,39.161794],[-84.487227,39.162128],[-84.487108,39.161991],[-84.487546,39.161665]]]}},{"type":"Feature","properties":{"pid":"011500050115"},"geometry":{"type":"Polygon","coordinates":[[[-84.487467,39.162403],[-84.487348,39.162267],[-84.487815,39.161926],[-84.487945,39.162053],[-84.487467,39.162403]]]}},{"type":"Feature","properties":{"pid":"011200020023"},"geometry":{"type":"Polygon","coordinates":[[[-84.493064,39.153198],[-84.493253,39.153192],[-84.493278,39.153606],[-84.493093,39.153612],[-84.493064,39.153198]]]}},{"type":"Feature","properties":{"pid":"011200020024"},"geometry":{"type":"Polygon","coordinates":[[[-84.492528,39.153217],[-84.492729,39.15321],[-84.492748,39.153622],[-84.492568,39.153627],[-84.492528,39.153217]]]}},{"type":"Feature","properties":{"pid":"011200020025"},"geometry":{"type":"Polygon","coordinates":[[[-84.492729,39.15321],[-84.492894,39.153204],[-84.492918,39.153617],[-84.492748,39.153622],[-84.492729,39.15321]]]}},{"type":"Feature","properties":{"pid":"011200020026"},"geometry":{"type":"Polygon","coordinates":[[[-84.492107,39.153955],[-84.491992,39.153852],[-84.492397,39.153577],[-84.492514,39.153686],[-84.492107,39.153955]]]}},{"type":"Feature","properties":{"pid":"011200020027"},"geometry":{"type":"Polygon","coordinates":[[[-84.491992,39.153852],[-84.491877,39.153749],[-84.492284,39.153472],[-84.492397,39.153577],[-84.491992,39.153852]]]}},{"type":"Feature","properties":{"pid":"011200020030"},"geometry":{"type":"Polygon","coordinates":[[[-84.492894,39.153204],[-84.493064,39.153198],[-84.493093,39.153612],[-84.492918,39.153617],[-84.492894,39.153204]]]}},{"type":"Feature","properties":{"pid":"011200020031"},"geometry":{"type":"Polygon","coordinates":[[[-84.492568,39.153627],[-84.492454,39.15363],[-84.492397,39.153577],[-84.492374,39.153223],[-84.492528,39.153217],[-84.492568,39.153627]]]}},{"type":"Feature","properties":{"pid":"011200020032"},"geometry":{"type":"Polygon","coordinates":[[[-84.492743,39.153901],[-84.492337,39.154161],[-84.492225,39.154061],[-84.492627,39.153792],[-84.492743,39.153901]]]}},{"type":"Feature","properties":{"pid":"011200020033"},"geometry":{"type":"Polygon","coordinates":[[[-84.493253,39.153192],[-84.493428,39.153185],[-84.493449,39.153601],[-84.493278,39.153606],[-84.493253,39.153192]]]}},{"type":"Feature","properties":{"pid":"011300040040"},"geometry":{"type":"Polygon","coordinates":[[[-84.501637,39.143449],[-84.501806,39.143459],[-84.501768,39.143801],[-84.501599,39.143791],[-84.501637,39.143449]]]}},{"type":"Feature","properties":{"pid":"011300040039"},"geometry":{"type":"Polygon","coordinates":[[[-84.501637,39.143449],[-84.501599,39.143791],[-84.501423,39.14378],[-84.501461,39.143439],[-84.501637,39.143449]]]}},{"type":"Feature","properties":{"pid":"011500040077"},"geometry":{"type":"Polygon","coordinates":[[[-84.488811,39.15754],[-84.488587,39.157406],[-84.488884,39.157101],[-84.489104,39.157243],[-84.488811,39.15754]]]}},{"type":"Feature","properties":{"pid":"011200020034"},"geometry":{"type":"Polygon","coordinates":[[[-84.492455,39.154267],[-84.492851,39.154001],[-84.492962,39.154106],[-84.492572,39.154372],[-84.492455,39.154267]]]}},{"type":"Feature","properties":{"pid":"011500040022"},"geometry":{"type":"Polygon","coordinates":[[[-84.485254,39.156488],[-84.485771,39.15636],[-84.485827,39.156422],[-84.485386,39.15664],[-84.485254,39.156488]]]}},{"type":"Feature","properties":{"pid":"011500040068"},"geometry":{"type":"Polygon","coordinates":[[[-84.488139,39.157145],[-84.488343,39.157261],[-84.488047,39.157578],[-84.487822,39.157463],[-84.488139,39.157145]]]}},{"type":"Feature","properties":{"pid":"011500040103"},"geometry":{"type":"Polygon","coordinates":[[[-84.487153,39.158513],[-84.487418,39.158239],[-84.487562,39.15832],[-84.487294,39.158597],[-84.487153,39.158513]]]}},{"type":"Feature","properties":{"pid":"011300050037"},"geometry":{"type":"Polygon","coordinates":[[[-84.505466,39.143856],[-84.50509,39.143838],[-84.505101,39.143751],[-84.505476,39.143773],[-84.505466,39.143856]]]}},{"type":"Feature","properties":{"pid":"011300050050"},"geometry":{"type":"Polygon","coordinates":[[[-84.503153,39.143366],[-84.503363,39.143379],[-84.503344,39.143557],[-84.503134,39.143544],[-84.503153,39.143366]]]}},{"type":"Feature","properties":{"pid":"011300050028"},"geometry":{"type":"Polygon","coordinates":[[[-84.503635,39.143574],[-84.503751,39.143581],[-84.503713,39.143924],[-84.503598,39.143917],[-84.503635,39.143574]]]}},{"type":"Feature","properties":{"pid":"011300050123"},"geometry":{"type":"Polygon","coordinates":[[[-84.503507,39.143677],[-84.503122,39.143653],[-84.503134,39.143544],[-84.503519,39.143567],[-84.503507,39.143677]]]}},{"type":"Feature","properties":{"pid":"011300050124"},"geometry":{"type":"Polygon","coordinates":[[[-84.503496,39.143786],[-84.50311,39.143763],[-84.503122,39.143653],[-84.503507,39.143677],[-84.503496,39.143786]]]}},{"type":"Feature","properties":{"pid":"011300050144"},"geometry":{"type":"Polygon","coordinates":[[[-84.503842,39.143932],[-84.503713,39.143924],[-84.503751,39.143581],[-84.503886,39.14359],[-84.503842,39.143932]]]}},{"type":"Feature","properties":{"pid":"011300050151"},"geometry":{"type":"Polygon","coordinates":[[[-84.50507,39.144007],[-84.50508,39.143919],[-84.505456,39.143939],[-84.505445,39.14403],[-84.50507,39.144007]]]}},{"type":"Feature","properties":{"pid":"011300050153"},"geometry":{"type":"Polygon","coordinates":[[[-84.50453,39.143631],[-84.504648,39.143638],[-84.504599,39.143978],[-84.50448,39.143971],[-84.50453,39.143631]]]}},{"type":"Feature","properties":{"pid":"011300050156"},"geometry":{"type":"Polygon","coordinates":[[[-84.50529,39.143679],[-84.505485,39.143691],[-84.505476,39.143773],[-84.505279,39.143762],[-84.50529,39.143679]]]}},{"type":"Feature","properties":{"pid":"011300050031"},"geometry":{"type":"Polygon","coordinates":[[[-84.504364,39.143964],[-84.504188,39.143953],[-84.504231,39.143612],[-84.504407,39.143623],[-84.504364,39.143964]]]}},{"type":"Feature","properties":{"pid":"011300050032"},"geometry":{"type":"Polygon","coordinates":[[[-84.504364,39.143964],[-84.504407,39.143623],[-84.50453,39.143631],[-84.50448,39.143971],[-84.504364,39.143964]]]}},{"type":"Feature","properties":{"pid":"011300050033"},"geometry":{"type":"Polygon","coordinates":[[[-84.504757,39.143645],[-84.504713,39.143985],[-84.504599,39.143978],[-84.504648,39.143638],[-84.504757,39.143645]]]}},{"type":"Feature","properties":{"pid":"011300050034"},"geometry":{"type":"Polygon","coordinates":[[[-84.504811,39.143991],[-84.504713,39.143985],[-84.504757,39.143645],[-84.504852,39.143651],[-84.504811,39.143991]]]}},{"type":"Feature","properties":{"pid":"011300050035"},"geometry":{"type":"Polygon","coordinates":[[[-84.505111,39.143668],[-84.50507,39.144007],[-84.5049,39.143997],[-84.504939,39.143657],[-84.505111,39.143668]]]}},{"type":"Feature","properties":{"pid":"011300050036"},"geometry":{"type":"Polygon","coordinates":[[[-84.505456,39.143939],[-84.50508,39.143919],[-84.50509,39.143838],[-84.505466,39.143856],[-84.505456,39.143939]]]}},{"type":"Feature","properties":{"pid":"011300050019"},"geometry":{"type":"Polygon","coordinates":[[[-84.504327,39.14443],[-84.504341,39.144266],[-84.504783,39.144292],[-84.504766,39.144455],[-84.504327,39.14443]]]}},{"type":"Feature","properties":{"pid":"011300050023"},"geometry":{"type":"Polygon","coordinates":[[[-84.505223,39.144446],[-84.505252,39.144158],[-84.505445,39.14417],[-84.505416,39.144458],[-84.505223,39.144446]]]}},{"type":"Feature","properties":{"pid":"011300050025"},"geometry":{"type":"Polygon","coordinates":[[[-84.503097,39.143886],[-84.50311,39.143763],[-84.50332,39.143776],[-84.503307,39.143899],[-84.503097,39.143886]]]}},{"type":"Feature","properties":{"pid":"011300050026"},"geometry":{"type":"Polygon","coordinates":[[[-84.503307,39.143899],[-84.50332,39.143776],[-84.503496,39.143786],[-84.503482,39.14391],[-84.503307,39.143899]]]}},{"type":"Feature","properties":{"pid":"011300050027"},"geometry":{"type":"Polygon","coordinates":[[[-84.503482,39.14391],[-84.503519,39.143567],[-84.503635,39.143574],[-84.503598,39.143917],[-84.503482,39.14391]]]}},{"type":"Feature","properties":{"pid":"010600030163"},"geometry":{"type":"Polygon","coordinates":[[[-84.497204,39.140709],[-84.497142,39.140706],[-84.497164,39.140391],[-84.497226,39.140394],[-84.497204,39.140709]]]}},{"type":"Feature","properties":{"pid":"010600030164"},"geometry":{"type":"Polygon","coordinates":[[[-84.497142,39.140706],[-84.497079,39.140704],[-84.497102,39.140389],[-84.497164,39.140391],[-84.497142,39.140706]]]}},{"type":"Feature","properties":{"pid":"010600030165"},"geometry":{"type":"Polygon","coordinates":[[[-84.497079,39.140704],[-84.497017,39.140702],[-84.49704,39.140386],[-84.497102,39.140389],[-84.497079,39.140704]]]}},{"type":"Feature","properties":{"pid":"011300040116"},"geometry":{"type":"Polygon","coordinates":[[[-84.50241,39.143496],[-84.502372,39.143838],[-84.502249,39.14383],[-84.502287,39.143488],[-84.50241,39.143496]]]}},{"type":"Feature","properties":{"pid":"011300050051"},"geometry":{"type":"Polygon","coordinates":[[[-84.503344,39.143557],[-84.503389,39.143146],[-84.503564,39.143157],[-84.503519,39.143567],[-84.503344,39.143557]]]}},{"type":"Feature","properties":{"pid":"011300050052"},"geometry":{"type":"Polygon","coordinates":[[[-84.503695,39.143578],[-84.503519,39.143567],[-84.503564,39.143157],[-84.503739,39.143168],[-84.503695,39.143578]]]}},{"type":"Feature","properties":{"pid":"011200010016"},"geometry":{"type":"Polygon","coordinates":[[[-84.487998,39.153635],[-84.488198,39.153647],[-84.488153,39.154195],[-84.487946,39.154183],[-84.487998,39.153635]]]}},{"type":"Feature","properties":{"pid":"011300050148"},"geometry":{"type":"Polygon","coordinates":[[[-84.503153,39.143366],[-84.503178,39.143133],[-84.503389,39.143146],[-84.503363,39.143379],[-84.503153,39.143366]]]}},{"type":"Feature","properties":{"pid":"011300050072"},"geometry":{"type":"Polygon","coordinates":[[[-84.505037,39.142664],[-84.504991,39.143073],[-84.504816,39.143062],[-84.504861,39.142653],[-84.505037,39.142664]]]}},{"type":"Feature","properties":{"pid":"011300040019"},"geometry":{"type":"Polygon","coordinates":[[[-84.500283,39.144183],[-84.500137,39.144205],[-84.500154,39.144074],[-84.500294,39.144083],[-84.500283,39.144183]]]}},{"type":"Feature","properties":{"pid":"011300050053"},"geometry":{"type":"Polygon","coordinates":[[[-84.503739,39.143168],[-84.503938,39.143181],[-84.503886,39.14359],[-84.503695,39.143578],[-84.503739,39.143168]]]}},{"type":"Feature","properties":{"pid":"011300050020"},"geometry":{"type":"Polygon","coordinates":[[[-84.504783,39.144292],[-84.504341,39.144266],[-84.504356,39.144102],[-84.504801,39.14413],[-84.504783,39.144292]]]}},{"type":"Feature","properties":{"pid":"011300050021"},"geometry":{"type":"Polygon","coordinates":[[[-84.505036,39.144558],[-84.504849,39.144533],[-84.504855,39.14446],[-84.504766,39.144455],[-84.504801,39.14413],[-84.505077,39.144147],[-84.505036,39.144558]]]}},{"type":"Feature","properties":{"pid":"011300050022"},"geometry":{"type":"Polygon","coordinates":[[[-84.505223,39.144446],[-84.505048,39.144435],[-84.505077,39.144147],[-84.505252,39.144158],[-84.505223,39.144446]]]}},{"type":"Feature","properties":{"pid":"011300050024"},"geometry":{"type":"Polygon","coordinates":[[[-84.505403,39.144582],[-84.505382,39.144765],[-84.504832,39.144727],[-84.504849,39.144533],[-84.505403,39.144582]]]}},{"type":"Feature","properties":{"pid":"011300040139"},"geometry":{"type":"Polygon","coordinates":[[[-84.501303,39.143915],[-84.501406,39.143921],[-84.501374,39.144224],[-84.501271,39.144215],[-84.501303,39.143915]]]}},{"type":"Feature","properties":{"pid":"011300050003"},"geometry":{"type":"Polygon","coordinates":[[[-84.503556,39.145139],[-84.50297,39.145106],[-84.50299,39.144901],[-84.503573,39.144933],[-84.503556,39.145139]]]}},{"type":"Feature","properties":{"pid":"011300050061"},"geometry":{"type":"Polygon","coordinates":[[[-84.50529,39.143679],[-84.505111,39.143668],[-84.50516,39.14326],[-84.505339,39.143272],[-84.50529,39.143679]]]}},{"type":"Feature","properties":{"pid":"011300050074"},"geometry":{"type":"Polygon","coordinates":[[[-84.505336,39.142682],[-84.50529,39.143091],[-84.505167,39.143083],[-84.505213,39.142674],[-84.505336,39.142682]]]}},{"type":"Feature","properties":{"pid":"011300050056"},"geometry":{"type":"Polygon","coordinates":[[[-84.504407,39.143623],[-84.504231,39.143612],[-84.504283,39.143203],[-84.504459,39.143215],[-84.504407,39.143623]]]}},{"type":"Feature","properties":{"pid":"011300050055"},"geometry":{"type":"Polygon","coordinates":[[[-84.504231,39.143612],[-84.504059,39.143601],[-84.504107,39.143192],[-84.504283,39.143203],[-84.504231,39.143612]]]}},{"type":"Feature","properties":{"pid":"011300040023"},"geometry":{"type":"Polygon","coordinates":[[[-84.501199,39.144208],[-84.501047,39.144194],[-84.501079,39.143901],[-84.50123,39.14391],[-84.501199,39.144208]]]}},{"type":"Feature","properties":{"pid":"011300050058"},"geometry":{"type":"Polygon","coordinates":[[[-84.504757,39.143645],[-84.504584,39.143634],[-84.504637,39.143226],[-84.50481,39.143237],[-84.504757,39.143645]]]}},{"type":"Feature","properties":{"pid":"011300050062"},"geometry":{"type":"Polygon","coordinates":[[[-84.505485,39.143691],[-84.50529,39.143679],[-84.505339,39.143272],[-84.505532,39.143284],[-84.505485,39.143691]]]}},{"type":"Feature","properties":{"pid":"010800050006"},"geometry":{"type":"Polygon","coordinates":[[[-84.482071,39.150832],[-84.481833,39.150661],[-84.48233,39.150251],[-84.482565,39.150421],[-84.482071,39.150832]]]}},{"type":"Feature","properties":{"pid":"011000010038"},"geometry":{"type":"Polygon","coordinates":[[[-84.481185,39.151552],[-84.481048,39.151483],[-84.481429,39.151155],[-84.481552,39.151245],[-84.481185,39.151552]]]}},{"type":"Feature","properties":{"pid":"010900020008"},"geometry":{"type":"Polygon","coordinates":[[[-84.473723,39.153272],[-84.474241,39.153422],[-84.474227,39.153596],[-84.473694,39.153543],[-84.473723,39.153272]]]}},{"type":"Feature","properties":{"pid":"010900020001"},"geometry":{"type":"Polygon","coordinates":[[[-84.473453,39.153834],[-84.472961,39.153793],[-84.472813,39.153781],[-84.473421,39.153357],[-84.473506,39.153375],[-84.473453,39.153834]]]}},{"type":"Feature","properties":{"pid":"011300040025"},"geometry":{"type":"Polygon","coordinates":[[[-84.501492,39.144235],[-84.501374,39.144224],[-84.501406,39.143921],[-84.501524,39.143928],[-84.501492,39.144235]]]}},{"type":"Feature","properties":{"pid":"011300050060"},"geometry":{"type":"Polygon","coordinates":[[[-84.505111,39.143668],[-84.504954,39.143658],[-84.504999,39.14325],[-84.50516,39.14326],[-84.505111,39.143668]]]}},{"type":"Feature","properties":{"pid":"010800010046"},"geometry":{"type":"Polygon","coordinates":[[[-84.486732,39.146395],[-84.486757,39.145995],[-84.486933,39.146002],[-84.486908,39.146402],[-84.486732,39.146395]]]}},{"type":"Feature","properties":{"pid":"010900020009"},"geometry":{"type":"Polygon","coordinates":[[[-84.47368,39.153679],[-84.474207,39.153764],[-84.474194,39.153903],[-84.473661,39.153859],[-84.47368,39.153679]]]}},{"type":"Feature","properties":{"pid":"010900020010"},"geometry":{"type":"Polygon","coordinates":[[[-84.472961,39.153793],[-84.472897,39.154125],[-84.472399,39.154086],[-84.472813,39.153781],[-84.472961,39.153793]]]}},{"type":"Feature","properties":{"pid":"010900020012"},"geometry":{"type":"Polygon","coordinates":[[[-84.473415,39.154166],[-84.472928,39.154128],[-84.472945,39.154001],[-84.473429,39.154042],[-84.473415,39.154166]]]}},{"type":"Feature","properties":{"pid":"010900020015"},"geometry":{"type":"Polygon","coordinates":[[[-84.474318,39.153444],[-84.473723,39.153272],[-84.473736,39.153146],[-84.474236,39.152809],[-84.474629,39.153192],[-84.474325,39.153372],[-84.474318,39.153444]]]}},{"type":"Feature","properties":{"pid":"010900020020"},"geometry":{"type":"Polygon","coordinates":[[[-84.473429,39.154042],[-84.472945,39.154001],[-84.472961,39.153793],[-84.473453,39.153834],[-84.473429,39.154042]]]}},{"type":"Feature","properties":{"pid":"010900020021"},"geometry":{"type":"Polygon","coordinates":[[[-84.47424,39.154273],[-84.47362,39.154225],[-84.473638,39.154068],[-84.474256,39.154117],[-84.47424,39.154273]]]}},{"type":"Feature","properties":{"pid":"010900020022"},"geometry":{"type":"Polygon","coordinates":[[[-84.471731,39.154094],[-84.471864,39.152735],[-84.473547,39.152851],[-84.473528,39.153026],[-84.472294,39.153871],[-84.472077,39.154115],[-84.471731,39.154094]]]}},{"type":"Feature","properties":{"pid":"010900020024"},"geometry":{"type":"Polygon","coordinates":[[[-84.474235,39.154327],[-84.473613,39.15429],[-84.47362,39.154225],[-84.47424,39.154273],[-84.474235,39.154327]]]}},{"type":"Feature","properties":{"pid":"010900020025"},"geometry":{"type":"Polygon","coordinates":[[[-84.47368,39.153679],[-84.473694,39.153543],[-84.474227,39.153596],[-84.474241,39.153422],[-84.474318,39.153444],[-84.474275,39.153909],[-84.474194,39.153903],[-84.474207,39.153764],[-84.47368,39.153679]]]}},{"type":"Feature","properties":{"pid":"010900020041"},"geometry":{"type":"Polygon","coordinates":[[[-84.473645,39.154],[-84.474262,39.154048],[-84.474256,39.154117],[-84.473638,39.154068],[-84.473645,39.154]]]}},{"type":"Feature","properties":{"pid":"010900030001"},"geometry":{"type":"Polygon","coordinates":[[[-84.474629,39.153192],[-84.474236,39.152809],[-84.474664,39.152576],[-84.47505,39.15295],[-84.474629,39.153192]]]}},{"type":"Feature","properties":{"pid":"010900030009"},"geometry":{"type":"Polygon","coordinates":[[[-84.475339,39.154368],[-84.474235,39.154327],[-84.474325,39.153372],[-84.475195,39.152872],[-84.475446,39.152955],[-84.475195,39.153403],[-84.4751,39.154095],[-84.475275,39.154097],[-84.475339,39.154368]]]}},{"type":"Feature","properties":{"pid":"011300050071"},"geometry":{"type":"Polygon","coordinates":[[[-84.504861,39.142653],[-84.504816,39.143062],[-84.50464,39.143052],[-84.504685,39.142643],[-84.504861,39.142653]]]}},{"type":"Feature","properties":{"pid":"011300040046"},"geometry":{"type":"Polygon","coordinates":[[[-84.502897,39.143745],[-84.502883,39.143869],[-84.502653,39.143855],[-84.502667,39.143732],[-84.502897,39.143745]]]}},{"type":"Feature","properties":{"pid":"011300050075"},"geometry":{"type":"Polygon","coordinates":[[[-84.505336,39.142682],[-84.505582,39.142697],[-84.505536,39.143106],[-84.50529,39.143091],[-84.505336,39.142682]]]}},{"type":"Feature","properties":{"pid":"011300050059"},"geometry":{"type":"Polygon","coordinates":[[[-84.504939,39.143657],[-84.504757,39.143645],[-84.50481,39.143237],[-84.504984,39.143249],[-84.504939,39.143657]]]}},{"type":"Feature","properties":{"pid":"011100010003"},"geometry":{"type":"Polygon","coordinates":[[[-84.479276,39.158073],[-84.479406,39.158073],[-84.479472,39.157985],[-84.479828,39.157997],[-84.479935,39.158138],[-84.479216,39.158495],[-84.47908,39.158309],[-84.479276,39.158073]]]}},{"type":"Feature","properties":{"pid":"011100010004"},"geometry":{"type":"Polygon","coordinates":[[[-84.479139,39.157842],[-84.479276,39.158073],[-84.47908,39.158309],[-84.478842,39.157979],[-84.479139,39.157842]]]}},{"type":"Feature","properties":{"pid":"011100010025"},"geometry":{"type":"Polygon","coordinates":[[[-84.479472,39.157985],[-84.479261,39.157784],[-84.479557,39.157643],[-84.479828,39.157997],[-84.479472,39.157985]]]}},{"type":"Feature","properties":{"pid":"011100070017"},"geometry":{"type":"Polygon","coordinates":[[[-84.479518,39.1588],[-84.479309,39.158949],[-84.478947,39.158689],[-84.479175,39.158524],[-84.479518,39.1588]]]}},{"type":"Feature","properties":{"pid":"011100070018"},"geometry":{"type":"Polygon","coordinates":[[[-84.479309,39.158949],[-84.479322,39.159019],[-84.479399,39.159057],[-84.47909,39.159368],[-84.47848,39.159028],[-84.478947,39.158689],[-84.479309,39.158949]]]}},{"type":"Feature","properties":{"pid":"011100070019"},"geometry":{"type":"Polygon","coordinates":[[[-84.479399,39.159057],[-84.479483,39.159038],[-84.479759,39.159378],[-84.479599,39.159652],[-84.47909,39.159368],[-84.479399,39.159057]]]}},{"type":"Feature","properties":{"pid":"011500040002"},"geometry":{"type":"Polygon","coordinates":[[[-84.485766,39.155745],[-84.486385,39.155751],[-84.486386,39.1559],[-84.485768,39.155904],[-84.485766,39.155745]]]}},{"type":"Feature","properties":{"pid":"011200040005"},"geometry":{"type":"Polygon","coordinates":[[[-84.487729,39.151924],[-84.487537,39.151788],[-84.488013,39.151384],[-84.488206,39.15152],[-84.487729,39.151924]]]}},{"type":"Feature","properties":{"pid":"011100050034"},"geometry":{"type":"Polygon","coordinates":[[[-84.48598,39.152653],[-84.485852,39.152558],[-84.486335,39.152158],[-84.486463,39.152252],[-84.48598,39.152653]]]}},{"type":"Feature","properties":{"pid":"011100050039"},"geometry":{"type":"Polygon","coordinates":[[[-84.486553,39.153011],[-84.486974,39.152631],[-84.487101,39.152726],[-84.486677,39.153077],[-84.486553,39.153011]]]}},{"type":"Feature","properties":{"pid":"011200010011"},"geometry":{"type":"Polygon","coordinates":[[[-84.488866,39.154236],[-84.488959,39.153691],[-84.48917,39.153702],[-84.489121,39.154251],[-84.488866,39.154236]]]}},{"type":"Feature","properties":{"pid":"011200010046"},"geometry":{"type":"Polygon","coordinates":[[[-84.489747,39.153596],[-84.489616,39.153587],[-84.489657,39.153204],[-84.489785,39.153212],[-84.489747,39.153596]]]}},{"type":"Feature","properties":{"pid":"011200010050"},"geometry":{"type":"Polygon","coordinates":[[[-84.488968,39.153691],[-84.488747,39.153679],[-84.488773,39.153388],[-84.488976,39.153412],[-84.489024,39.153163],[-84.488968,39.153691]]]}},{"type":"Feature","properties":{"pid":"011200010039"},"geometry":{"type":"Polygon","coordinates":[[[-84.488442,39.152963],[-84.488506,39.15244],[-84.488672,39.152453],[-84.488616,39.15297],[-84.488442,39.152963]]]}},{"type":"Feature","properties":{"pid":"011300020006"},"geometry":{"type":"Polygon","coordinates":[[[-84.498974,39.14819],[-84.499004,39.147917],[-84.499617,39.14797],[-84.499587,39.148243],[-84.498974,39.14819]]]}},{"type":"Feature","properties":{"pid":"010800060001"},"geometry":{"type":"MultiPolygon","coordinates":[[[[-84.478624,39.147843],[-84.479133,39.14764],[-84.479423,39.147616],[-84.479537,39.147668],[-84.479709,39.147821],[-84.479801,39.14801],[-84.479833,39.148211],[-84.479799,39.148586],[-84.479372,39.148554],[-84.479512,39.148443],[-84.478624,39.147843]]],[[[-84.479244,39.149728],[-84.478821,39.149342],[-84.478608,39.149415],[-84.479049,39.149814],[-84.47866,39.149967],[-84.478121,39.150449],[-84.477668,39.150204],[-84.477784,39.149025],[-84.478372,39.149341],[-84.478744,39.149048],[-84.479306,39.149461],[-84.479584,39.14923],[-84.479211,39.148958],[-84.479543,39.14919],[-84.479725,39.149203],[-84.479602,39.149421],[-84.479244,39.149728]]]]}},{"type":"Feature","properties":{"pid":"011200010013"},"geometry":{"type":"Polygon","coordinates":[[[-84.488514,39.153665],[-84.488835,39.153684],[-84.488789,39.154232],[-84.488464,39.154213],[-84.488514,39.153665]]]}},{"type":"Feature","properties":{"pid":"011200010020"},"geometry":{"type":"Polygon","coordinates":[[[-84.486947,39.153894],[-84.487345,39.153435],[-84.487475,39.153505],[-84.487098,39.153975],[-84.486947,39.153894]]]}},{"type":"Feature","properties":{"pid":"011200010037"},"geometry":{"type":"Polygon","coordinates":[[[-84.488848,39.152466],[-84.489001,39.152477],[-84.488952,39.152993],[-84.488792,39.152982],[-84.488848,39.152466]]]}},{"type":"Feature","properties":{"pid":"011100050051"},"geometry":{"type":"Polygon","coordinates":[[[-84.486095,39.151748],[-84.486347,39.151542],[-84.486476,39.151637],[-84.486226,39.151845],[-84.486095,39.151748]]]}},{"type":"Feature","properties":{"pid":"011100050033"},"geometry":{"type":"Polygon","coordinates":[[[-84.486094,39.152358],[-84.485966,39.152263],[-84.486207,39.152063],[-84.486335,39.152158],[-84.486094,39.152358]]]}},{"type":"Feature","properties":{"pid":"011200010033"},"geometry":{"type":"Polygon","coordinates":[[[-84.489507,39.153029],[-84.489553,39.152518],[-84.489744,39.152532],[-84.489697,39.153042],[-84.489507,39.153029]]]}},{"type":"Feature","properties":{"pid":"011100050037"},"geometry":{"type":"Polygon","coordinates":[[[-84.486236,39.152841],[-84.486718,39.152442],[-84.486846,39.152536],[-84.486383,39.15292],[-84.486236,39.152841]]]}},{"type":"Feature","properties":{"pid":"011200010029"},"geometry":{"type":"Polygon","coordinates":[[[-84.489601,39.153726],[-84.489443,39.153717],[-84.489491,39.153193],[-84.489657,39.153204],[-84.489601,39.153726]]]}},{"type":"Feature","properties":{"pid":"011200040001"},"geometry":{"type":"Polygon","coordinates":[[[-84.487006,39.15141],[-84.486472,39.15103],[-84.486712,39.150831],[-84.487247,39.151209],[-84.487006,39.15141]]]}},{"type":"Feature","properties":{"pid":"011100050071"},"geometry":{"type":"Polygon","coordinates":[[[-84.487125,39.151495],[-84.487005,39.151596],[-84.486349,39.151132],[-84.486472,39.15103],[-84.487125,39.151495]]]}},{"type":"Feature","properties":{"pid":"011200010052"},"geometry":{"type":"Polygon","coordinates":[[[-84.489019,39.152479],[-84.488753,39.152459],[-84.488881,39.151912],[-84.489071,39.151926],[-84.489019,39.152479]]]}},{"type":"Feature","properties":{"pid":"011200010009"},"geometry":{"type":"Polygon","coordinates":[[[-84.489393,39.154267],[-84.489443,39.153717],[-84.489699,39.153731],[-84.48965,39.154282],[-84.489393,39.154267]]]}},{"type":"Feature","properties":{"pid":"011100050029"},"geometry":{"type":"Polygon","coordinates":[[[-84.48598,39.152653],[-84.485943,39.152684],[-84.485062,39.152211],[-84.485214,39.152085],[-84.48598,39.152653]]]}},{"type":"Feature","properties":{"pid":"011100050038"},"geometry":{"type":"Polygon","coordinates":[[[-84.486408,39.152933],[-84.486846,39.152536],[-84.486974,39.152631],[-84.48653,39.152998],[-84.486408,39.152933]]]}},{"type":"Feature","properties":{"pid":"011200010010"},"geometry":{"type":"Polygon","coordinates":[[[-84.489121,39.154251],[-84.489157,39.153848],[-84.489221,39.153848],[-84.489237,39.153706],[-84.489443,39.153717],[-84.489393,39.154267],[-84.489121,39.154251]]]}},{"type":"Feature","properties":{"pid":"011100050027"},"geometry":{"type":"Polygon","coordinates":[[[-84.486154,39.153466],[-84.486553,39.153011],[-84.486848,39.153169],[-84.486444,39.153623],[-84.486154,39.153466]]]}},{"type":"Feature","properties":{"pid":"011100050056"},"geometry":{"type":"Polygon","coordinates":[[[-84.486609,39.152129],[-84.487115,39.151714],[-84.487247,39.151809],[-84.486739,39.152226],[-84.486609,39.152129]]]}},{"type":"Feature","properties":{"pid":"011200010015"},"geometry":{"type":"Polygon","coordinates":[[[-84.48834,39.154206],[-84.488153,39.154195],[-84.488198,39.153647],[-84.488405,39.153659],[-84.48834,39.154206]]]}},{"type":"Feature","properties":{"pid":"011200010056"},"geometry":{"type":"Polygon","coordinates":[[[-84.488674,39.153675],[-84.488546,39.153667],[-84.488605,39.153139],[-84.488721,39.153143],[-84.488674,39.153675]]]}},{"type":"Feature","properties":{"pid":"011100050021"},"geometry":{"type":"Polygon","coordinates":[[[-84.485495,39.15277],[-84.484822,39.152409],[-84.485062,39.152211],[-84.485695,39.152551],[-84.485495,39.15277]]]}},{"type":"Feature","properties":{"pid":"011200010017"},"geometry":{"type":"Polygon","coordinates":[[[-84.487946,39.154183],[-84.487741,39.154171],[-84.487796,39.153623],[-84.487998,39.153635],[-84.487946,39.154183]]]}},{"type":"Feature","properties":{"pid":"011100050080"},"geometry":{"type":"Polygon","coordinates":[[[-84.486593,39.153703],[-84.486996,39.153248],[-84.487345,39.153435],[-84.487227,39.153571],[-84.487092,39.153502],[-84.486805,39.153817],[-84.486593,39.153703]]]}},{"type":"Feature","properties":{"pid":"011100050059"},"geometry":{"type":"Polygon","coordinates":[[[-84.486866,39.15232],[-84.487377,39.151903],[-84.487509,39.151997],[-84.486998,39.152417],[-84.486866,39.15232]]]}},{"type":"Feature","properties":{"pid":"011200010045"},"geometry":{"type":"Polygon","coordinates":[[[-84.48965,39.154282],[-84.489699,39.153731],[-84.489601,39.153726],[-84.489616,39.153587],[-84.48997,39.15361],[-84.489952,39.153807],[-84.489884,39.153803],[-84.489857,39.154294],[-84.48965,39.154282]]]}},{"type":"Feature","properties":{"pid":"011200010048"},"geometry":{"type":"Polygon","coordinates":[[[-84.489247,39.153012],[-84.489096,39.153002],[-84.489127,39.152594],[-84.48928,39.152607],[-84.489247,39.153012]]]}},{"type":"Feature","properties":{"pid":"011100050022"},"geometry":{"type":"Polygon","coordinates":[[[-84.485574,39.153155],[-84.485286,39.153],[-84.485695,39.152551],[-84.485979,39.152703],[-84.485574,39.153155]]]}},{"type":"Feature","properties":{"pid":"011200010028"},"geometry":{"type":"Polygon","coordinates":[[[-84.489443,39.153717],[-84.489276,39.153708],[-84.489329,39.153183],[-84.489491,39.153193],[-84.489443,39.153717]]]}},{"type":"Feature","properties":{"pid":"011200040003"},"geometry":{"type":"Polygon","coordinates":[[[-84.487006,39.15141],[-84.487484,39.151011],[-84.487623,39.151109],[-84.487148,39.151511],[-84.487006,39.15141]]]}},{"type":"Feature","properties":{"pid":"011200010014"},"geometry":{"type":"Polygon","coordinates":[[[-84.488357,39.154207],[-84.488405,39.153659],[-84.488514,39.153665],[-84.488464,39.154213],[-84.488357,39.154207]]]}},{"type":"Feature","properties":{"pid":"011200040085"},"geometry":{"type":"Polygon","coordinates":[[[-84.487148,39.151511],[-84.487623,39.151109],[-84.48775,39.151198],[-84.487275,39.151602],[-84.487148,39.151511]]]}},{"type":"Feature","properties":{"pid":"010400010071"},"geometry":{"type":"Polygon","coordinates":[[[-84.501012,39.136347],[-84.501022,39.136246],[-84.501376,39.136269],[-84.501365,39.136371],[-84.501012,39.136347]]]}},{"type":"Feature","properties":{"pid":"010400010069"},"geometry":{"type":"Polygon","coordinates":[[[-84.501001,39.136449],[-84.501012,39.136347],[-84.501365,39.136371],[-84.501354,39.136472],[-84.501001,39.136449]]]}},{"type":"Feature","properties":{"pid":"011200010049"},"geometry":{"type":"Polygon","coordinates":[[[-84.489089,39.153698],[-84.488968,39.153691],[-84.489024,39.153163],[-84.489144,39.153171],[-84.489089,39.153698]]]}},{"type":"Feature","properties":{"pid":"011200010019"},"geometry":{"type":"Polygon","coordinates":[[[-84.487291,39.154079],[-84.487098,39.153975],[-84.487475,39.153505],[-84.487591,39.153567],[-84.487291,39.154079]]]}},{"type":"Feature","properties":{"pid":"011200010032"},"geometry":{"type":"Polygon","coordinates":[[[-84.489697,39.153042],[-84.489729,39.152693],[-84.490061,39.152717],[-84.49003,39.153063],[-84.489697,39.153042]]]}},{"type":"Feature","properties":{"pid":"011200010018"},"geometry":{"type":"Polygon","coordinates":[[[-84.487796,39.153623],[-84.487741,39.154171],[-84.48748,39.154156],[-84.487663,39.153803],[-84.487683,39.153616],[-84.487796,39.153623]]]}},{"type":"Feature","properties":{"pid":"011100050085"},"geometry":{"type":"Polygon","coordinates":[[[-84.487971,39.152633],[-84.488148,39.152548],[-84.487846,39.152811],[-84.487971,39.152633]]]}},{"type":"Feature","properties":{"pid":"011100050032"},"geometry":{"type":"Polygon","coordinates":[[[-84.485966,39.152263],[-84.485455,39.151885],[-84.485696,39.151685],[-84.486207,39.152063],[-84.485966,39.152263]]]}},{"type":"Feature","properties":{"pid":"011200010040"},"geometry":{"type":"Polygon","coordinates":[[[-84.488736,39.152458],[-84.488414,39.152411],[-84.488742,39.151898],[-84.488881,39.151912],[-84.488736,39.152458]]]}},{"type":"Feature","properties":{"pid":"011200010051"},"geometry":{"type":"Polygon","coordinates":[[[-84.488975,39.153159],[-84.488949,39.15341],[-84.488882,39.153406],[-84.488904,39.153155],[-84.488975,39.153159]]]}},{"type":"Feature","properties":{"pid":"011100050036"},"geometry":{"type":"Polygon","coordinates":[[[-84.486236,39.152841],[-84.48609,39.152762],[-84.48659,39.152347],[-84.486718,39.152442],[-84.486236,39.152841]]]}},{"type":"Feature","properties":{"pid":"011200010038"},"geometry":{"type":"Polygon","coordinates":[[[-84.488616,39.15297],[-84.488672,39.152453],[-84.488848,39.152466],[-84.488792,39.152982],[-84.488616,39.15297]]]}},{"type":"Feature","properties":{"pid":"011200010023"},"geometry":{"type":"Polygon","coordinates":[[[-84.488747,39.153679],[-84.488674,39.153675],[-84.488658,39.153579],[-84.488721,39.153143],[-84.488794,39.153148],[-84.488747,39.153679]]]}},{"type":"Feature","properties":{"pid":"011100050024"},"geometry":{"type":"Polygon","coordinates":[[[-84.485718,39.153232],[-84.486117,39.152777],[-84.486341,39.152897],[-84.485939,39.153351],[-84.485718,39.153232]]]}},{"type":"Feature","properties":{"pid":"011200010027"},"geometry":{"type":"Polygon","coordinates":[[[-84.489276,39.153708],[-84.489089,39.153698],[-84.489144,39.153171],[-84.489329,39.153183],[-84.489276,39.153708]]]}},{"type":"Feature","properties":{"pid":"011100050025"},"geometry":{"type":"Polygon","coordinates":[[[-84.485939,39.153351],[-84.486341,39.152897],[-84.486408,39.152933],[-84.486009,39.153388],[-84.485939,39.153351]]]}},{"type":"Feature","properties":{"pid":"011200010057"},"geometry":{"type":"Polygon","coordinates":[[[-84.48748,39.154156],[-84.487312,39.15409],[-84.487591,39.153567],[-84.487683,39.153616],[-84.487663,39.153803],[-84.48748,39.154156]]]}},{"type":"Feature","properties":{"pid":"011200010059"},"geometry":{"type":"Polygon","coordinates":[[[-84.489326,39.153017],[-84.48937,39.152505],[-84.489514,39.152515],[-84.489468,39.153027],[-84.489326,39.153017]]]}},{"type":"Feature","properties":{"pid":"011200010043"},"geometry":{"type":"Polygon","coordinates":[[[-84.489729,39.152693],[-84.489744,39.152532],[-84.489553,39.152518],[-84.489602,39.151963],[-84.490125,39.152],[-84.490061,39.152717],[-84.489729,39.152693]]]}},{"type":"Feature","properties":{"pid":"011100050052"},"geometry":{"type":"Polygon","coordinates":[[[-84.486476,39.151637],[-84.486087,39.15135],[-84.486328,39.15115],[-84.486853,39.151527],[-84.486633,39.15171],[-84.486505,39.151613],[-84.486476,39.151637]]]}},{"type":"Feature","properties":{"pid":"011200010042"},"geometry":{"type":"Polygon","coordinates":[[[-84.489553,39.152518],[-84.489289,39.152499],[-84.489337,39.151945],[-84.489602,39.151963],[-84.489553,39.152518]]]}},{"type":"Feature","properties":{"pid":"011200010024"},"geometry":{"type":"Polygon","coordinates":[[[-84.488794,39.153148],[-84.488884,39.153154],[-84.488863,39.153393],[-84.488773,39.153388],[-84.488794,39.153148]]]}},{"type":"Feature","properties":{"pid":"011100050050"},"geometry":{"type":"Polygon","coordinates":[[[-84.488323,39.153121],[-84.488429,39.153127],[-84.48837,39.153657],[-84.488265,39.153651],[-84.488323,39.153121]]]}},{"type":"Feature","properties":{"pid":"011100050053"},"geometry":{"type":"Polygon","coordinates":[[[-84.486761,39.151807],[-84.486484,39.152036],[-84.486355,39.151941],[-84.486633,39.15171],[-84.486761,39.151807]]]}},{"type":"Feature","properties":{"pid":"011100070021"},"geometry":{"type":"Polygon","coordinates":[[[-84.479759,39.159378],[-84.479483,39.159038],[-84.479607,39.158867],[-84.47995,39.159051],[-84.479759,39.159378]]]}},{"type":"Feature","properties":{"pid":"011100050073"},"geometry":{"type":"Polygon","coordinates":[[[-84.486225,39.151642],[-84.485962,39.151455],[-84.486087,39.15135],[-84.486347,39.151542],[-84.486225,39.151642]]]}},{"type":"Feature","properties":{"pid":"011200010021"},"geometry":{"type":"Polygon","coordinates":[[[-84.488429,39.153127],[-84.488517,39.153133],[-84.488458,39.153662],[-84.48837,39.153657],[-84.488429,39.153127]]]}},{"type":"Feature","properties":{"pid":"011100050026"},"geometry":{"type":"Polygon","coordinates":[[[-84.486009,39.153388],[-84.486408,39.152933],[-84.486553,39.153011],[-84.486154,39.153466],[-84.486009,39.153388]]]}},{"type":"Feature","properties":{"pid":"011100050035"},"geometry":{"type":"Polygon","coordinates":[[[-84.48609,39.152762],[-84.485943,39.152684],[-84.486463,39.152252],[-84.48659,39.152347],[-84.48609,39.152762]]]}},{"type":"Feature","properties":{"pid":"011200040004"},"geometry":{"type":"Polygon","coordinates":[[[-84.487537,39.151788],[-84.487275,39.151602],[-84.48775,39.151198],[-84.488013,39.151384],[-84.487537,39.151788]]]}},{"type":"Feature","properties":{"pid":"011100050072"},"geometry":{"type":"Polygon","coordinates":[[[-84.486226,39.151845],[-84.486505,39.151613],[-84.486633,39.15171],[-84.486355,39.151941],[-84.486226,39.151845]]]}},{"type":"Feature","properties":{"pid":"011100050074"},"geometry":{"type":"Polygon","coordinates":[[[-84.486095,39.151748],[-84.485861,39.15157],[-84.485962,39.151455],[-84.486225,39.151642],[-84.486095,39.151748]]]}},{"type":"Feature","properties":{"pid":"01120A010030"},"geometry":{"type":"Polygon","coordinates":[[[-84.487584,39.154327],[-84.488215,39.154365],[-84.488092,39.155098],[-84.487389,39.155056],[-84.487611,39.154487],[-84.487584,39.154327]]]}},{"type":"Feature","properties":{"pid":"011200010041"},"geometry":{"type":"Polygon","coordinates":[[[-84.489071,39.151926],[-84.489337,39.151945],[-84.489289,39.152499],[-84.489019,39.152479],[-84.489071,39.151926]]]}},{"type":"Feature","properties":{"pid":"011200010036"},"geometry":{"type":"Polygon","coordinates":[[[-84.488971,39.152994],[-84.489001,39.152477],[-84.489136,39.152487],[-84.489096,39.153002],[-84.488971,39.152994]]]}},{"type":"Feature","properties":{"pid":"011200010022"},"geometry":{"type":"Polygon","coordinates":[[[-84.488546,39.153667],[-84.488458,39.153662],[-84.488517,39.153133],[-84.488605,39.153139],[-84.488546,39.153667]]]}},{"type":"Feature","properties":{"pid":"011200010030"},"geometry":{"type":"Polygon","coordinates":[[[-84.48997,39.15361],[-84.489893,39.153605],[-84.489929,39.153222],[-84.490004,39.153227],[-84.48997,39.15361]]]}},{"type":"Feature","properties":{"pid":"011200010047"},"geometry":{"type":"Polygon","coordinates":[[[-84.489893,39.153605],[-84.489747,39.153596],[-84.489785,39.153212],[-84.489929,39.153222],[-84.489893,39.153605]]]}},{"type":"Feature","properties":{"pid":"011200020008"},"geometry":{"type":"Polygon","coordinates":[[[-84.49078,39.153583],[-84.490858,39.153528],[-84.4912,39.153696],[-84.49107,39.153825],[-84.49078,39.153583]]]}},{"type":"Feature","properties":{"pid":"011200020010"},"geometry":{"type":"Polygon","coordinates":[[[-84.490702,39.153251],[-84.490883,39.153251],[-84.490858,39.153528],[-84.490668,39.153661],[-84.490702,39.153251]]]}},{"type":"Feature","properties":{"pid":"011200020011"},"geometry":{"type":"Polygon","coordinates":[[[-84.490323,39.153651],[-84.490466,39.153656],[-84.490527,39.154166],[-84.490288,39.154245],[-84.490323,39.153651]]]}},{"type":"Feature","properties":{"pid":"011200020012"},"geometry":{"type":"Polygon","coordinates":[[[-84.490466,39.153656],[-84.490598,39.153659],[-84.490768,39.154047],[-84.490527,39.154166],[-84.490466,39.153656]]]}},{"type":"Feature","properties":{"pid":"011200020013"},"geometry":{"type":"Polygon","coordinates":[[[-84.489952,39.153807],[-84.49005,39.153813],[-84.490021,39.154282],[-84.489908,39.154291],[-84.489952,39.153807]]]}},{"type":"Feature","properties":{"pid":"011200020014"},"geometry":{"type":"Polygon","coordinates":[[[-84.490873,39.153361],[-84.490883,39.153251],[-84.491415,39.15325],[-84.491363,39.153422],[-84.490873,39.153361]]]}},{"type":"Feature","properties":{"pid":"011200020015"},"geometry":{"type":"Polygon","coordinates":[[[-84.49129,39.153567],[-84.490868,39.153412],[-84.490873,39.153361],[-84.491363,39.153422],[-84.49129,39.153567]]]}},{"type":"Feature","properties":{"pid":"011200020016"},"geometry":{"type":"Polygon","coordinates":[[[-84.490598,39.153659],[-84.490698,39.153641],[-84.490921,39.153935],[-84.490768,39.154047],[-84.490598,39.153659]]]}},{"type":"Feature","properties":{"pid":"011200020017"},"geometry":{"type":"Polygon","coordinates":[[[-84.490698,39.153641],[-84.49078,39.153583],[-84.49107,39.153825],[-84.490921,39.153935],[-84.490698,39.153641]]]}},{"type":"Feature","properties":{"pid":"011200020019"},"geometry":{"type":"Polygon","coordinates":[[[-84.490466,39.153656],[-84.490323,39.153651],[-84.490346,39.153249],[-84.490524,39.153251],[-84.490466,39.153656]]]}},{"type":"Feature","properties":{"pid":"011200020020"},"geometry":{"type":"Polygon","coordinates":[[[-84.490021,39.154282],[-84.490062,39.153617],[-84.490324,39.153635],[-84.490288,39.154245],[-84.49022,39.154267],[-84.490021,39.154282]]]}},{"type":"Feature","properties":{"pid":"011200020029"},"geometry":{"type":"Polygon","coordinates":[[[-84.490668,39.153661],[-84.490493,39.153656],[-84.490524,39.153251],[-84.490702,39.153251],[-84.490668,39.153661]]]}},{"type":"Feature","properties":{"pid":"021600450106"},"geometry":{"type":"Polygon","coordinates":[[[-84.504778,39.148239],[-84.50471,39.148856],[-84.504522,39.148844],[-84.504591,39.148227],[-84.504778,39.148239]]]}},{"type":"Feature","properties":{"pid":"011200020044"},"geometry":{"type":"Polygon","coordinates":[[[-84.490179,39.153625],[-84.49021,39.15324],[-84.490346,39.153249],[-84.490324,39.153635],[-84.490179,39.153625]]]}},{"type":"Feature","properties":{"pid":"011200020005"},"geometry":{"type":"Polygon","coordinates":[[[-84.491568,39.155478],[-84.490871,39.155431],[-84.490532,39.154324],[-84.490826,39.154197],[-84.491568,39.155478]]]}},{"type":"Feature","properties":{"pid":"011200020046"},"geometry":{"type":"Polygon","coordinates":[[[-84.490062,39.153617],[-84.490065,39.153231],[-84.49021,39.15324],[-84.490179,39.153625],[-84.490062,39.153617]]]}},{"type":"Feature","properties":{"pid":"011200020006"},"geometry":{"type":"Polygon","coordinates":[[[-84.490167,39.155383],[-84.490224,39.154435],[-84.490532,39.154324],[-84.490871,39.155431],[-84.490167,39.155383]]]}},{"type":"Feature","properties":{"pid":"011200020065"},"geometry":{"type":"Polygon","coordinates":[[[-84.490858,39.153528],[-84.490861,39.153489],[-84.491266,39.153614],[-84.4912,39.153696],[-84.490858,39.153528]]]}},{"type":"Feature","properties":{"pid":"011500030015"},"geometry":{"type":"Polygon","coordinates":[[[-84.490073,39.156331],[-84.490167,39.155383],[-84.490899,39.155433],[-84.490794,39.156543],[-84.490073,39.156331]]]}},{"type":"Feature","properties":{"pid":"010800050008"},"geometry":{"type":"Polygon","coordinates":[[[-84.48174,39.150142],[-84.481869,39.150236],[-84.481579,39.150475],[-84.48145,39.150382],[-84.48174,39.150142]]]}},{"type":"Feature","properties":{"pid":"010800050018"},"geometry":{"type":"Polygon","coordinates":[[[-84.482785,39.150581],[-84.482547,39.150408],[-84.483035,39.150001],[-84.483273,39.150175],[-84.482785,39.150581]]]}},{"type":"Feature","properties":{"pid":"011300030105"},"geometry":{"type":"Polygon","coordinates":[[[-84.49626,39.151357],[-84.495462,39.151105],[-84.495548,39.15078],[-84.496565,39.150967],[-84.496604,39.151072],[-84.49626,39.151357]]]}},{"type":"Feature","properties":{"pid":"010800010044"},"geometry":{"type":"Polygon","coordinates":[[[-84.487096,39.14641],[-84.487109,39.146009],[-84.487285,39.146016],[-84.487259,39.146417],[-84.487096,39.14641]]]}},{"type":"Feature","properties":{"pid":"010400010074"},"geometry":{"type":"Polygon","coordinates":[[[-84.501037,39.136109],[-84.501045,39.136041],[-84.501399,39.136064],[-84.501391,39.136133],[-84.501037,39.136109]]]}},{"type":"Feature","properties":{"pid":"010400010072"},"geometry":{"type":"Polygon","coordinates":[[[-84.501022,39.136246],[-84.50103,39.136178],[-84.501384,39.136201],[-84.501376,39.136269],[-84.501022,39.136246]]]}},{"type":"Feature","properties":{"pid":"021600440101"},"geometry":{"type":"Polygon","coordinates":[[[-84.504831,39.147761],[-84.504249,39.147725],[-84.504273,39.147511],[-84.504853,39.14755],[-84.504831,39.147761]]]}},{"type":"Feature","properties":{"pid":"010500010292"},"geometry":{"type":"Polygon","coordinates":[[[-84.494291,39.135327],[-84.494278,39.13519],[-84.494559,39.1352],[-84.494574,39.135336],[-84.494291,39.135327]]]}},{"type":"Feature","properties":{"pid":"010500010091"},"geometry":{"type":"Polygon","coordinates":[[[-84.494537,39.134983],[-84.494529,39.1349],[-84.494831,39.134911],[-84.494824,39.134994],[-84.494537,39.134983]]]}},{"type":"Feature","properties":{"pid":"021600440094"},"geometry":{"type":"Polygon","coordinates":[[[-84.504388,39.148144],[-84.504435,39.147735],[-84.504645,39.147748],[-84.504599,39.148158],[-84.504388,39.148144]]]}},{"type":"Feature","properties":{"pid":"021600440181"},"geometry":{"type":"Polygon","coordinates":[[[-84.505311,39.146633],[-84.505294,39.146787],[-84.50494,39.146763],[-84.504957,39.14661],[-84.505311,39.146633]]]}},{"type":"Feature","properties":{"pid":"021600440182"},"geometry":{"type":"Polygon","coordinates":[[[-84.505294,39.146787],[-84.505279,39.146924],[-84.504925,39.1469],[-84.50494,39.146763],[-84.505294,39.146787]]]}},{"type":"Feature","properties":{"pid":"021600450108"},"geometry":{"type":"Polygon","coordinates":[[[-84.504263,39.148272],[-84.504405,39.148282],[-84.504342,39.148833],[-84.504163,39.148821],[-84.504263,39.148272]]]}},{"type":"Feature","properties":{"pid":"021600450109"},"geometry":{"type":"Polygon","coordinates":[[[-84.504163,39.148821],[-84.503583,39.148784],[-84.503601,39.148637],[-84.504179,39.148678],[-84.504163,39.148821]]]}},{"type":"Feature","properties":{"pid":"021600450110"},"geometry":{"type":"Polygon","coordinates":[[[-84.504215,39.148681],[-84.503601,39.148637],[-84.503618,39.148501],[-84.504231,39.148545],[-84.504215,39.148681]]]}},{"type":"Feature","properties":{"pid":"021600450111"},"geometry":{"type":"Polygon","coordinates":[[[-84.504231,39.148545],[-84.504017,39.148529],[-84.504049,39.148257],[-84.504263,39.148272],[-84.504231,39.148545]]]}},{"type":"Feature","properties":{"pid":"021600450112"},"geometry":{"type":"Polygon","coordinates":[[[-84.504017,39.148529],[-84.503618,39.148501],[-84.503651,39.148228],[-84.504049,39.148257],[-84.504017,39.148529]]]}},{"type":"Feature","properties":{"pid":"011300020076"},"geometry":{"type":"Polygon","coordinates":[[[-84.499028,39.147698],[-84.499641,39.147751],[-84.499617,39.14797],[-84.499004,39.147917],[-84.499028,39.147698]]]}},{"type":"Feature","properties":{"pid":"011500040089"},"geometry":{"type":"Polygon","coordinates":[[[-84.487899,39.157],[-84.488139,39.157145],[-84.487822,39.157463],[-84.487583,39.157319],[-84.487899,39.157]]]}},{"type":"Feature","properties":{"pid":"011500040076"},"geometry":{"type":"Polygon","coordinates":[[[-84.487241,39.15588],[-84.487147,39.156103],[-84.487124,39.156322],[-84.486907,39.156212],[-84.486971,39.155803],[-84.487241,39.15588]]]}},{"type":"Feature","properties":{"pid":"011500040060"},"geometry":{"type":"Polygon","coordinates":[[[-84.486735,39.155683],[-84.486971,39.155803],[-84.486907,39.156212],[-84.48673,39.156121],[-84.486735,39.155683]]]}},{"type":"Feature","properties":{"pid":"011500040031"},"geometry":{"type":"Polygon","coordinates":[[[-84.486521,39.156015],[-84.486527,39.155577],[-84.486735,39.155683],[-84.48673,39.156121],[-84.486521,39.156015]]]}},{"type":"Feature","properties":{"pid":"011500040075"},"geometry":{"type":"Polygon","coordinates":[[[-84.487724,39.155989],[-84.487699,39.156252],[-84.487735,39.156368],[-84.487332,39.15635],[-84.487378,39.155912],[-84.487671,39.155931],[-84.487724,39.155989]]]}},{"type":"Feature","properties":{"pid":"021600390306"},"geometry":{"type":"Polygon","coordinates":[[[-84.498829,39.150312],[-84.498938,39.150244],[-84.499093,39.149774],[-84.499426,39.149801],[-84.499386,39.150154],[-84.499821,39.15029],[-84.4997,39.150352],[-84.498829,39.150312]]]}},{"type":"Feature","properties":{"pid":"021600390307"},"geometry":{"type":"Polygon","coordinates":[[[-84.499317,39.150748],[-84.499204,39.150662],[-84.498781,39.150342],[-84.498829,39.150312],[-84.4997,39.150352],[-84.499702,39.150469],[-84.499317,39.150748]]]}},{"type":"Feature","properties":{"pid":"021600390310"},"geometry":{"type":"Polygon","coordinates":[[[-84.499902,39.150485],[-84.49995,39.150363],[-84.500599,39.15073],[-84.500253,39.151451],[-84.499918,39.151202],[-84.500127,39.150805],[-84.499902,39.150485]]]}},{"type":"Feature","properties":{"pid":"021600390311"},"geometry":{"type":"Polygon","coordinates":[[[-84.499902,39.150485],[-84.499815,39.150513],[-84.499716,39.150482],[-84.499678,39.150402],[-84.499726,39.150329],[-84.499821,39.15029],[-84.49995,39.150363],[-84.499902,39.150485]]]}},{"type":"Feature","properties":{"pid":"021600390150"},"geometry":{"type":"Polygon","coordinates":[[[-84.49995,39.150363],[-84.499978,39.15013],[-84.500417,39.150165],[-84.500366,39.150598],[-84.49995,39.150363]]]}},{"type":"Feature","properties":{"pid":"011500040052"},"geometry":{"type":"Polygon","coordinates":[[[-84.487723,39.157532],[-84.488001,39.157683],[-84.487449,39.158256],[-84.4872,39.158115],[-84.487723,39.157532]]]}},{"type":"Feature","properties":{"pid":"011500040074"},"geometry":{"type":"Polygon","coordinates":[[[-84.486697,39.157537],[-84.486583,39.157407],[-84.487002,39.157172],[-84.487138,39.157294],[-84.486697,39.157537]]]}},{"type":"Feature","properties":{"pid":"011500040121"},"geometry":{"type":"Polygon","coordinates":[[[-84.487405,39.157433],[-84.487519,39.157466],[-84.487053,39.157946],[-84.486988,39.157871],[-84.487405,39.157433]]]}},{"type":"Feature","properties":{"pid":"011500040140"},"geometry":{"type":"Polygon","coordinates":[[[-84.486519,39.156212],[-84.486521,39.156015],[-84.487157,39.156339],[-84.487735,39.156368],[-84.487979,39.15656],[-84.487683,39.156871],[-84.487899,39.157],[-84.487582,39.157331],[-84.487233,39.1572],[-84.487109,39.15711],[-84.486623,39.156543],[-84.486519,39.156212]]]}},{"type":"Feature","properties":{"pid":"011500040112"},"geometry":{"type":"Polygon","coordinates":[[[-84.487124,39.156322],[-84.487147,39.156103],[-84.487241,39.15588],[-84.487378,39.155912],[-84.487332,39.15635],[-84.487124,39.156322]]]}},{"type":"Feature","properties":{"pid":"021600390010"},"geometry":{"type":"Polygon","coordinates":[[[-84.499386,39.150154],[-84.499397,39.150051],[-84.499813,39.150286],[-84.499386,39.150154]]]}},{"type":"Feature","properties":{"pid":"021600390011"},"geometry":{"type":"Polygon","coordinates":[[[-84.501339,39.149161],[-84.500759,39.149109],[-84.500709,39.149013],[-84.50127,39.148817],[-84.501339,39.149161]]]}},{"type":"Feature","properties":{"pid":"021600390082"},"geometry":{"type":"Polygon","coordinates":[[[-84.499821,39.15029],[-84.499397,39.150051],[-84.499405,39.149988],[-84.49985,39.150019],[-84.499821,39.15029]]]}},{"type":"Feature","properties":{"pid":"021600390088"},"geometry":{"type":"Polygon","coordinates":[[[-84.499865,39.149886],[-84.49942,39.149854],[-84.499435,39.149716],[-84.49988,39.149746],[-84.499865,39.149886]]]}},{"type":"Feature","properties":{"pid":"021600390107"},"geometry":{"type":"Polygon","coordinates":[[[-84.49985,39.150019],[-84.499405,39.149988],[-84.49942,39.149854],[-84.499865,39.149886],[-84.49985,39.150019]]]}},{"type":"Feature","properties":{"pid":"021600440095"},"geometry":{"type":"Polygon","coordinates":[[[-84.504361,39.148142],[-84.504187,39.148129],[-84.504249,39.147725],[-84.504407,39.147733],[-84.504361,39.148142]]]}},{"type":"Feature","properties":{"pid":"021600440097"},"geometry":{"type":"Polygon","coordinates":[[[-84.504202,39.147998],[-84.503692,39.147963],[-84.503707,39.147827],[-84.504217,39.147861],[-84.504202,39.147998]]]}},{"type":"Feature","properties":{"pid":"021600440098"},"geometry":{"type":"Polygon","coordinates":[[[-84.504242,39.147794],[-84.503715,39.147758],[-84.503723,39.14769],[-84.504249,39.147725],[-84.504242,39.147794]]]}},{"type":"Feature","properties":{"pid":"021600430015"},"geometry":{"type":"Polygon","coordinates":[[[-84.502476,39.14813],[-84.501774,39.148083],[-84.501789,39.147946],[-84.502492,39.147993],[-84.502476,39.14813]]]}},{"type":"Feature","properties":{"pid":"021600430023"},"geometry":{"type":"Polygon","coordinates":[[[-84.502612,39.146899],[-84.502597,39.147036],[-84.501894,39.146989],[-84.501909,39.146852],[-84.502612,39.146899]]]}},{"type":"Feature","properties":{"pid":"010600030010"},"geometry":{"type":"Polygon","coordinates":[[[-84.497211,39.141106],[-84.49692,39.141096],[-84.496728,39.140955],[-84.497221,39.140968],[-84.497211,39.141106]]]}},{"type":"Feature","properties":{"pid":"010600030001"},"geometry":{"type":"Polygon","coordinates":[[[-84.498077,39.141304],[-84.49755,39.141285],[-84.497562,39.14115],[-84.498092,39.14117],[-84.498077,39.141304]]]}},{"type":"Feature","properties":{"pid":"010600030002"},"geometry":{"type":"Polygon","coordinates":[[[-84.498092,39.14117],[-84.497562,39.14115],[-84.497573,39.141014],[-84.498107,39.141036],[-84.498092,39.14117]]]}},{"type":"Feature","properties":{"pid":"010600030003"},"geometry":{"type":"Polygon","coordinates":[[[-84.497585,39.140879],[-84.498121,39.140901],[-84.498107,39.141036],[-84.497573,39.141014],[-84.497585,39.140879]]]}},{"type":"Feature","properties":{"pid":"010600030004"},"geometry":{"type":"Polygon","coordinates":[[[-84.498121,39.140901],[-84.497763,39.140887],[-84.497775,39.140751],[-84.498136,39.140766],[-84.498121,39.140901]]]}},{"type":"Feature","properties":{"pid":"010600030005"},"geometry":{"type":"Polygon","coordinates":[[[-84.49798,39.140422],[-84.49817,39.140456],[-84.498136,39.140766],[-84.497957,39.140758],[-84.49798,39.140422]]]}},{"type":"Feature","properties":{"pid":"010600030006"},"geometry":{"type":"Polygon","coordinates":[[[-84.497805,39.140416],[-84.49798,39.140422],[-84.497957,39.140758],[-84.497775,39.140751],[-84.497805,39.140416]]]}},{"type":"Feature","properties":{"pid":"010600030007"},"geometry":{"type":"Polygon","coordinates":[[[-84.497763,39.140887],[-84.497585,39.140879],[-84.497625,39.140409],[-84.497805,39.140416],[-84.497763,39.140887]]]}},{"type":"Feature","properties":{"pid":"010600030009"},"geometry":{"type":"Polygon","coordinates":[[[-84.49692,39.141096],[-84.497211,39.141106],[-84.4972,39.141272],[-84.497382,39.141278],[-84.497376,39.141321],[-84.496945,39.141285],[-84.49692,39.141096]]]}},{"type":"Feature","properties":{"pid":"010500010115"},"geometry":{"type":"Polygon","coordinates":[[[-84.493076,39.136381],[-84.493174,39.136383],[-84.493182,39.136465],[-84.49327,39.136467],[-84.493314,39.136899],[-84.493128,39.136895],[-84.493076,39.136381]]]}},{"type":"Feature","properties":{"pid":"010500010269"},"geometry":{"type":"Polygon","coordinates":[[[-84.492904,39.136377],[-84.493076,39.136381],[-84.493128,39.136895],[-84.492956,39.136891],[-84.492904,39.136377]]]}},{"type":"Feature","properties":{"pid":"010500010270"},"geometry":{"type":"Polygon","coordinates":[[[-84.492725,39.136373],[-84.492904,39.136377],[-84.492956,39.136891],[-84.492777,39.136887],[-84.492725,39.136373]]]}},{"type":"Feature","properties":{"pid":"011200050044"},"geometry":{"type":"Polygon","coordinates":[[[-84.489792,39.147317],[-84.489737,39.147496],[-84.48927,39.147409],[-84.48935,39.147275],[-84.489792,39.147317]]]}},{"type":"Feature","properties":{"pid":"011200050042"},"geometry":{"type":"Polygon","coordinates":[[[-84.489968,39.147333],[-84.489868,39.147659],[-84.489696,39.147627],[-84.489792,39.147317],[-84.489968,39.147333]]]}},{"type":"Feature","properties":{"pid":"011200050041"},"geometry":{"type":"Polygon","coordinates":[[[-84.490144,39.14735],[-84.490039,39.147691],[-84.489868,39.147659],[-84.489968,39.147333],[-84.490144,39.14735]]]}},{"type":"Feature","properties":{"pid":"010700120033"},"geometry":{"type":"Polygon","coordinates":[[[-84.48485,39.142013],[-84.484511,39.141614],[-84.484544,39.141579],[-84.484828,39.14159],[-84.484968,39.141994],[-84.48485,39.142013]]]}},{"type":"Feature","properties":{"pid":"010700120039"},"geometry":{"type":"Polygon","coordinates":[[[-84.485055,39.141599],[-84.485125,39.141965],[-84.484968,39.141994],[-84.484828,39.14159],[-84.485055,39.141599]]]}},{"type":"Feature","properties":{"pid":"010700110103"},"geometry":{"type":"Polygon","coordinates":[[[-84.486455,39.141655],[-84.485954,39.141636],[-84.485964,39.1415],[-84.486463,39.141518],[-84.486455,39.141655]]]}},{"type":"Feature","properties":{"pid":"010700110115"},"geometry":{"type":"Polygon","coordinates":[[[-84.485541,39.141396],[-84.485427,39.141343],[-84.485454,39.140939],[-84.485859,39.140956],[-84.485849,39.141107],[-84.485541,39.141396]]]}},{"type":"Feature","properties":{"pid":"010700110096"},"geometry":{"type":"Polygon","coordinates":[[[-84.485836,39.141293],[-84.485859,39.140956],[-84.486135,39.140968],[-84.486118,39.141305],[-84.485836,39.141293]]]}},{"type":"Feature","properties":{"pid":"010700120038"},"geometry":{"type":"Polygon","coordinates":[[[-84.485427,39.141343],[-84.485306,39.141387],[-84.485072,39.141123],[-84.485328,39.140934],[-84.485454,39.140939],[-84.485427,39.141343]]]}},{"type":"Feature","properties":{"pid":"010500010142"},"geometry":{"type":"Polygon","coordinates":[[[-84.492839,39.134569],[-84.492555,39.134814],[-84.492354,39.134807],[-84.492565,39.134559],[-84.492839,39.134569]]]}},{"type":"Feature","properties":{"pid":"010500010133"},"geometry":{"type":"Polygon","coordinates":[[[-84.492291,39.135403],[-84.492319,39.135736],[-84.492231,39.135734],[-84.492202,39.135401],[-84.492291,39.135403]]]}},{"type":"Feature","properties":{"pid":"010500010129"},"geometry":{"type":"Polygon","coordinates":[[[-84.49194,39.135727],[-84.491965,39.135491],[-84.492045,39.135261],[-84.492237,39.135265],[-84.492222,39.135402],[-84.492011,39.135392],[-84.491976,39.135728],[-84.49194,39.135727]]]}},{"type":"Feature","properties":{"pid":"006500010072"},"geometry":{"type":"Polygon","coordinates":[[[-84.491588,39.13572],[-84.491503,39.135699],[-84.491597,39.135601],[-84.491592,39.13567],[-84.491588,39.13572]]]}},{"type":"Feature","properties":{"pid":"011200060024"},"geometry":{"type":"Polygon","coordinates":[[[-84.492833,39.145757],[-84.492931,39.145766],[-84.492871,39.146216],[-84.492773,39.146208],[-84.492833,39.145757]]]}},{"type":"Feature","properties":{"pid":"011200060026"},"geometry":{"type":"Polygon","coordinates":[[[-84.493108,39.145766],[-84.493283,39.145781],[-84.493229,39.146191],[-84.493054,39.146176],[-84.493108,39.145766]]]}},{"type":"Feature","properties":{"pid":"010500010137"},"geometry":{"type":"Polygon","coordinates":[[[-84.492222,39.135402],[-84.492257,39.135072],[-84.492839,39.134569],[-84.493526,39.134583],[-84.493558,39.134973],[-84.493271,39.135416],[-84.492981,39.135754],[-84.492951,39.135482],[-84.492222,39.135402]]]}},{"type":"Feature","properties":{"pid":"010500010122"},"geometry":{"type":"Polygon","coordinates":[[[-84.493171,39.136357],[-84.493702,39.136368],[-84.493713,39.136478],[-84.493182,39.136465],[-84.493171,39.136357]]]}},{"type":"Feature","properties":{"pid":"010500010123"},"geometry":{"type":"Polygon","coordinates":[[[-84.49316,39.136246],[-84.49369,39.136259],[-84.493702,39.136368],[-84.493171,39.136357],[-84.49316,39.136246]]]}},{"type":"Feature","properties":{"pid":"010500010124"},"geometry":{"type":"Polygon","coordinates":[[[-84.492992,39.135889],[-84.493654,39.135904],[-84.49369,39.136259],[-84.493029,39.136243],[-84.492992,39.135889]]]}},{"type":"Feature","properties":{"pid":"011500040067"},"geometry":{"type":"Polygon","coordinates":[[[-84.488768,39.159056],[-84.488565,39.158823],[-84.489167,39.158871],[-84.489229,39.15903],[-84.488768,39.159056]]]}},{"type":"Feature","properties":{"pid":"010500010101"},"geometry":{"type":"Polygon","coordinates":[[[-84.494125,39.135353],[-84.494132,39.135427],[-84.493733,39.135412],[-84.493726,39.135338],[-84.494125,39.135353]]]}},{"type":"Feature","properties":{"pid":"010500010103"},"geometry":{"type":"Polygon","coordinates":[[[-84.494113,39.135669],[-84.493761,39.135683],[-84.493744,39.135522],[-84.4941,39.135535],[-84.494113,39.135669]]]}},{"type":"Feature","properties":{"pid":"010500010125"},"geometry":{"type":"Polygon","coordinates":[[[-84.492516,39.136232],[-84.492894,39.135885],[-84.492992,39.135889],[-84.493029,39.136243],[-84.492516,39.136232]]]}},{"type":"Feature","properties":{"pid":"010500010272"},"geometry":{"type":"Polygon","coordinates":[[[-84.492603,39.136884],[-84.492551,39.136369],[-84.492725,39.136373],[-84.492777,39.136887],[-84.492603,39.136884]]]}},{"type":"Feature","properties":{"pid":"011300030003"},"geometry":{"type":"Polygon","coordinates":[[[-84.495938,39.151741],[-84.496181,39.151333],[-84.496345,39.151384],[-84.496098,39.151799],[-84.495938,39.151741]]]}},{"type":"Feature","properties":{"pid":"011300030004"},"geometry":{"type":"Polygon","coordinates":[[[-84.495778,39.151683],[-84.496018,39.151281],[-84.496181,39.151333],[-84.495938,39.151741],[-84.495778,39.151683]]]}},{"type":"Feature","properties":{"pid":"011300030005"},"geometry":{"type":"Polygon","coordinates":[[[-84.495618,39.151626],[-84.495854,39.151229],[-84.496008,39.151278],[-84.495778,39.151683],[-84.495618,39.151626]]]}},{"type":"Feature","properties":{"pid":"011200050045"},"geometry":{"type":"Polygon","coordinates":[[[-84.489949,39.147248],[-84.490023,39.147124],[-84.490056,39.147134],[-84.489968,39.147333],[-84.48935,39.147275],[-84.489458,39.147095],[-84.489949,39.147248]]]}},{"type":"Feature","properties":{"pid":"010500010237"},"geometry":{"type":"Polygon","coordinates":[[[-84.494379,39.134836],[-84.494523,39.134842],[-84.494536,39.134966],[-84.494391,39.134961],[-84.494379,39.134836]]]}},{"type":"Feature","properties":{"pid":"010500010233"},"geometry":{"type":"Polygon","coordinates":[[[-84.494592,39.135526],[-84.49462,39.135799],[-84.494444,39.135793],[-84.494416,39.135519],[-84.494592,39.135526]]]}},{"type":"Feature","properties":{"pid":"010500010288"},"geometry":{"type":"Polygon","coordinates":[[[-84.494584,39.135443],[-84.494592,39.135526],[-84.493741,39.135494],[-84.493733,39.135412],[-84.494584,39.135443]]]}},{"type":"Feature","properties":{"pid":"011300030001"},"geometry":{"type":"Polygon","coordinates":[[[-84.496572,39.151971],[-84.496811,39.151567],[-84.496962,39.151632],[-84.496728,39.152027],[-84.496572,39.151971]]]}},{"type":"Feature","properties":{"pid":"011300030002"},"geometry":{"type":"Polygon","coordinates":[[[-84.496249,39.151854],[-84.496496,39.151436],[-84.496655,39.1515],[-84.496412,39.151913],[-84.496249,39.151854]]]}},{"type":"Feature","properties":{"pid":"011300030041"},"geometry":{"type":"Polygon","coordinates":[[[-84.496489,39.151941],[-84.496732,39.151533],[-84.496811,39.151567],[-84.496572,39.151971],[-84.496489,39.151941]]]}},{"type":"Feature","properties":{"pid":"011400010022"},"geometry":{"type":"Polygon","coordinates":[[[-84.497111,39.151698],[-84.497264,39.15176],[-84.497043,39.152141],[-84.496882,39.152083],[-84.497111,39.151698]]]}},{"type":"Feature","properties":{"pid":"011400010041"},"geometry":{"type":"Polygon","coordinates":[[[-84.496728,39.152027],[-84.496962,39.151632],[-84.497113,39.151696],[-84.496882,39.152083],[-84.496728,39.152027]]]}},{"type":"Feature","properties":{"pid":"011400010042"},"geometry":{"type":"Polygon","coordinates":[[[-84.497043,39.152141],[-84.497264,39.15176],[-84.497421,39.151822],[-84.497195,39.152196],[-84.497043,39.152141]]]}},{"type":"Feature","properties":{"pid":"021600430011"},"geometry":{"type":"Polygon","coordinates":[[[-84.502413,39.148709],[-84.501178,39.148625],[-84.501196,39.148457],[-84.502431,39.148541],[-84.502413,39.148709]]]}},{"type":"Feature","properties":{"pid":"010500010291"},"geometry":{"type":"Polygon","coordinates":[[[-84.494574,39.135336],[-84.494584,39.135443],[-84.494132,39.135427],[-84.494125,39.135353],[-84.493726,39.135338],[-84.493723,39.135309],[-84.494574,39.135336]]]}},{"type":"Feature","properties":{"pid":"010500010201"},"geometry":{"type":"Polygon","coordinates":[[[-84.493749,39.134597],[-84.493937,39.134604],[-84.493965,39.13488],[-84.493795,39.134874],[-84.493749,39.134597]]]}},{"type":"Feature","properties":{"pid":"021600430012"},"geometry":{"type":"Polygon","coordinates":[[[-84.502431,39.148541],[-84.501729,39.148493],[-84.501744,39.148356],[-84.502446,39.148404],[-84.502431,39.148541]]]}},{"type":"Feature","properties":{"pid":"021600430016"},"geometry":{"type":"Polygon","coordinates":[[[-84.502492,39.147993],[-84.501789,39.147946],[-84.501804,39.147809],[-84.502507,39.147857],[-84.502492,39.147993]]]}},{"type":"Feature","properties":{"pid":"021600430013"},"geometry":{"type":"Polygon","coordinates":[[[-84.501744,39.148356],[-84.501759,39.14822],[-84.502461,39.148267],[-84.502446,39.148404],[-84.501744,39.148356]]]}},{"type":"Feature","properties":{"pid":"021600430014"},"geometry":{"type":"Polygon","coordinates":[[[-84.502461,39.148267],[-84.501759,39.14822],[-84.501774,39.148083],[-84.502476,39.14813],[-84.502461,39.148267]]]}},{"type":"Feature","properties":{"pid":"021600430017"},"geometry":{"type":"Polygon","coordinates":[[[-84.501814,39.147713],[-84.502517,39.147761],[-84.502507,39.147857],[-84.501804,39.147809],[-84.501814,39.147713]]]}},{"type":"Feature","properties":{"pid":"021600430018"},"geometry":{"type":"Polygon","coordinates":[[[-84.502537,39.147583],[-84.502517,39.147761],[-84.501814,39.147713],[-84.501834,39.147536],[-84.502537,39.147583]]]}},{"type":"Feature","properties":{"pid":"021600430019"},"geometry":{"type":"Polygon","coordinates":[[[-84.502537,39.147583],[-84.501834,39.147536],[-84.501849,39.147399],[-84.502552,39.147446],[-84.502537,39.147583]]]}},{"type":"Feature","properties":{"pid":"021600430020"},"geometry":{"type":"Polygon","coordinates":[[[-84.502567,39.147309],[-84.502552,39.147446],[-84.501849,39.147399],[-84.501864,39.147262],[-84.502567,39.147309]]]}},{"type":"Feature","properties":{"pid":"021600430021"},"geometry":{"type":"Polygon","coordinates":[[[-84.502567,39.147309],[-84.501864,39.147262],[-84.501875,39.147158],[-84.502578,39.147206],[-84.502567,39.147309]]]}},{"type":"Feature","properties":{"pid":"021600430022"},"geometry":{"type":"Polygon","coordinates":[[[-84.502597,39.147036],[-84.502578,39.147206],[-84.501875,39.147158],[-84.501894,39.146989],[-84.502597,39.147036]]]}},{"type":"Feature","properties":{"pid":"013100050007"},"geometry":{"type":"Polygon","coordinates":[[[-84.47738,39.170382],[-84.476739,39.17019],[-84.477067,39.16956],[-84.478371,39.169588],[-84.478368,39.169622],[-84.477598,39.169606],[-84.47738,39.170382]]]}},{"type":"Feature","properties":{"pid":"013100050064"},"geometry":{"type":"Polygon","coordinates":[[[-84.47803,39.16978],[-84.478044,39.16965],[-84.478364,39.169657],[-84.47835,39.169787],[-84.47803,39.16978]]]}},{"type":"Feature","properties":{"pid":"010500010021"},"geometry":{"type":"Polygon","coordinates":[[[-84.495239,39.136325],[-84.495151,39.136322],[-84.495177,39.13592],[-84.495265,39.135923],[-84.495239,39.136325]]]}},{"type":"Feature","properties":{"pid":"010500010022"},"geometry":{"type":"Polygon","coordinates":[[[-84.495327,39.136328],[-84.495239,39.136325],[-84.495265,39.135923],[-84.495353,39.135927],[-84.495327,39.136328]]]}},{"type":"Feature","properties":{"pid":"011200060063"},"geometry":{"type":"Polygon","coordinates":[[[-84.493304,39.145783],[-84.493229,39.146191],[-84.493283,39.145781],[-84.493304,39.145783]]]}},{"type":"Feature","properties":{"pid":"011200060064"},"geometry":{"type":"Polygon","coordinates":[[[-84.493304,39.145783],[-84.493473,39.145797],[-84.493419,39.146206],[-84.49325,39.146192],[-84.493304,39.145783]]]}},{"type":"Feature","properties":{"pid":"011200060027"},"geometry":{"type":"Polygon","coordinates":[[[-84.493473,39.145797],[-84.493641,39.145811],[-84.493587,39.14622],[-84.493419,39.146206],[-84.493473,39.145797]]]}},{"type":"Feature","properties":{"pid":"011200060067"},"geometry":{"type":"Polygon","coordinates":[[[-84.493641,39.145811],[-84.493809,39.145825],[-84.493755,39.146235],[-84.493587,39.14622],[-84.493641,39.145811]]]}},{"type":"Feature","properties":{"pid":"021600430005"},"geometry":{"type":"Polygon","coordinates":[[[-84.499987,39.147294],[-84.500375,39.147358],[-84.500307,39.14763],[-84.499659,39.147587],[-84.499681,39.147066],[-84.499593,39.147058],[-84.4996,39.147001],[-84.499924,39.147029],[-84.500033,39.147105],[-84.499987,39.147294]]]}},{"type":"Feature","properties":{"pid":"006000040052"},"geometry":{"type":"Polygon","coordinates":[[[-84.490148,39.136453],[-84.489544,39.136431],[-84.489597,39.136302],[-84.490192,39.136321],[-84.490148,39.136453]]]}},{"type":"Feature","properties":{"pid":"011300030006"},"geometry":{"type":"Polygon","coordinates":[[[-84.495474,39.151574],[-84.495707,39.151183],[-84.495854,39.151229],[-84.495618,39.151626],[-84.495474,39.151574]]]}},{"type":"Feature","properties":{"pid":"011300030047"},"geometry":{"type":"Polygon","coordinates":[[[-84.496098,39.151799],[-84.496345,39.151384],[-84.496496,39.151436],[-84.496249,39.151854],[-84.496098,39.151799]]]}},{"type":"Feature","properties":{"pid":"011300030048"},"geometry":{"type":"Polygon","coordinates":[[[-84.495298,39.15151],[-84.495527,39.151126],[-84.495707,39.151183],[-84.495474,39.151574],[-84.495298,39.15151]]]}},{"type":"Feature","properties":{"pid":"011300030098"},"geometry":{"type":"Polygon","coordinates":[[[-84.496604,39.151072],[-84.496727,39.151099],[-84.496848,39.151467],[-84.496773,39.151551],[-84.49626,39.151357],[-84.496604,39.151072]]]}},{"type":"Feature","properties":{"pid":"011300040062"},"geometry":{"type":"Polygon","coordinates":[[[-84.5028,39.143106],[-84.502969,39.143116],[-84.502935,39.143417],[-84.502767,39.143407],[-84.5028,39.143106]]]}},{"type":"Feature","properties":{"pid":"011300040061"},"geometry":{"type":"Polygon","coordinates":[[[-84.5028,39.143106],[-84.502767,39.143407],[-84.502619,39.143398],[-84.502653,39.143097],[-84.5028,39.143106]]]}},{"type":"Feature","properties":{"pid":"011300040060"},"geometry":{"type":"Polygon","coordinates":[[[-84.502653,39.143097],[-84.502619,39.143398],[-84.502563,39.143395],[-84.502551,39.143504],[-84.502516,39.143502],[-84.502561,39.143092],[-84.502653,39.143097]]]}},{"type":"Feature","properties":{"pid":"011300040117"},"geometry":{"type":"Polygon","coordinates":[[[-84.502357,39.14308],[-84.502505,39.143088],[-84.502459,39.143499],[-84.502312,39.14349],[-84.502357,39.14308]]]}},{"type":"Feature","properties":{"pid":"011300020008"},"geometry":{"type":"Polygon","coordinates":[[[-84.499659,39.147586],[-84.499647,39.147695],[-84.499034,39.147643],[-84.499046,39.147534],[-84.499659,39.147586]]]}},{"type":"Feature","properties":{"pid":"010500010113"},"geometry":{"type":"Polygon","coordinates":[[[-84.49346,39.136936],[-84.493432,39.136662],[-84.493574,39.136665],[-84.493601,39.136939],[-84.49346,39.136936]]]}},{"type":"Feature","properties":{"pid":"010500010114"},"geometry":{"type":"Polygon","coordinates":[[[-84.493601,39.136939],[-84.493574,39.136665],[-84.493732,39.136669],[-84.49376,39.136943],[-84.493601,39.136939]]]}},{"type":"Feature","properties":{"pid":"010500010197"},"geometry":{"type":"Polygon","coordinates":[[[-84.493319,39.136933],[-84.49329,39.136659],[-84.493432,39.136662],[-84.49346,39.136936],[-84.493319,39.136933]]]}},{"type":"Feature","properties":{"pid":"010500010204"},"geometry":{"type":"Polygon","coordinates":[[[-84.493723,39.136573],[-84.49328,39.136564],[-84.49327,39.136467],[-84.493713,39.136478],[-84.493723,39.136573]]]}},{"type":"Feature","properties":{"pid":"010500010205"},"geometry":{"type":"Polygon","coordinates":[[[-84.493732,39.136669],[-84.49329,39.136659],[-84.49328,39.136564],[-84.493723,39.136573],[-84.493732,39.136669]]]}},{"type":"Feature","properties":{"pid":"011300020001"},"geometry":{"type":"Polygon","coordinates":[[[-84.498861,39.149277],[-84.498875,39.149141],[-84.499279,39.149178],[-84.499265,39.149315],[-84.498861,39.149277]]]}},{"type":"Feature","properties":{"pid":"011300020002"},"geometry":{"type":"Polygon","coordinates":[[[-84.499505,39.149062],[-84.49949,39.149198],[-84.498875,39.149141],[-84.49889,39.149004],[-84.499505,39.149062]]]}},{"type":"Feature","properties":{"pid":"011300020003"},"geometry":{"type":"Polygon","coordinates":[[[-84.499534,39.148789],[-84.499519,39.148926],[-84.498905,39.148868],[-84.498919,39.148731],[-84.499534,39.148789]]]}},{"type":"Feature","properties":{"pid":"011300020048"},"geometry":{"type":"Polygon","coordinates":[[[-84.499505,39.149062],[-84.49889,39.149004],[-84.498905,39.148868],[-84.499519,39.148926],[-84.499505,39.149062]]]}},{"type":"Feature","properties":{"pid":"011300020078"},"geometry":{"type":"Polygon","coordinates":[[[-84.499265,39.149315],[-84.499279,39.149178],[-84.49949,39.149198],[-84.499476,39.149335],[-84.499265,39.149315]]]}},{"type":"Feature","properties":{"pid":"011300030015"},"geometry":{"type":"Polygon","coordinates":[[[-84.49883,39.150311],[-84.498464,39.150088],[-84.498601,39.149957],[-84.498958,39.150183],[-84.498938,39.150244],[-84.49883,39.150311]]]}},{"type":"Feature","properties":{"pid":"011300030019"},"geometry":{"type":"Polygon","coordinates":[[[-84.498273,39.150759],[-84.498527,39.150512],[-84.498708,39.150623],[-84.498665,39.15079],[-84.498521,39.150914],[-84.498273,39.150759]]]}},{"type":"Feature","properties":{"pid":"011300030020"},"geometry":{"type":"Polygon","coordinates":[[[-84.498708,39.150623],[-84.49822,39.150326],[-84.498353,39.150196],[-84.498755,39.150441],[-84.498708,39.150623]]]}},{"type":"Feature","properties":{"pid":"011300030021"},"geometry":{"type":"Polygon","coordinates":[[[-84.498775,39.150365],[-84.498409,39.150142],[-84.498464,39.150088],[-84.49883,39.150311],[-84.498775,39.150365]]]}},{"type":"Feature","properties":{"pid":"011300050068"},"geometry":{"type":"Polygon","coordinates":[[[-84.504148,39.143022],[-84.504193,39.142613],[-84.504334,39.142622],[-84.504288,39.14303],[-84.504148,39.143022]]]}},{"type":"Feature","properties":{"pid":"011300050018"},"geometry":{"type":"Polygon","coordinates":[[[-84.503937,39.143009],[-84.503982,39.142601],[-84.504158,39.142611],[-84.504113,39.14302],[-84.503937,39.143009]]]}},{"type":"Feature","properties":{"pid":"011300050066"},"geometry":{"type":"Polygon","coordinates":[[[-84.503761,39.142999],[-84.503807,39.14259],[-84.503982,39.142601],[-84.503937,39.143009],[-84.503761,39.142999]]]}},{"type":"Feature","properties":{"pid":"011300050065"},"geometry":{"type":"Polygon","coordinates":[[[-84.503585,39.142988],[-84.503631,39.142579],[-84.503807,39.14259],[-84.503761,39.142999],[-84.503585,39.142988]]]}},{"type":"Feature","properties":{"pid":"011300050082"},"geometry":{"type":"Polygon","coordinates":[[[-84.50438,39.142211],[-84.504555,39.142222],[-84.50451,39.142632],[-84.504334,39.142622],[-84.50438,39.142211]]]}},{"type":"Feature","properties":{"pid":"011300050069"},"geometry":{"type":"Polygon","coordinates":[[[-84.504288,39.14303],[-84.504334,39.142622],[-84.50451,39.142632],[-84.504464,39.143041],[-84.504288,39.14303]]]}},{"type":"Feature","properties":{"pid":"013100050018"},"geometry":{"type":"Polygon","coordinates":[[[-84.477529,39.172549],[-84.477551,39.172335],[-84.478039,39.172344],[-84.478013,39.172557],[-84.477529,39.172549]]]}},{"type":"Feature","properties":{"pid":"013100050063"},"geometry":{"type":"Polygon","coordinates":[[[-84.477292,39.171323],[-84.477414,39.171067],[-84.478161,39.171363],[-84.47813,39.171565],[-84.477292,39.171323]]]}},{"type":"Feature","properties":{"pid":"013100050066"},"geometry":{"type":"Polygon","coordinates":[[[-84.47738,39.170382],[-84.477598,39.169606],[-84.478368,39.169622],[-84.478364,39.169657],[-84.478044,39.16965],[-84.477962,39.170549],[-84.47738,39.170382]]]}},{"type":"Feature","properties":{"pid":"011300030022"},"geometry":{"type":"Polygon","coordinates":[[[-84.498749,39.149819],[-84.499067,39.149852],[-84.498958,39.150183],[-84.498601,39.149957],[-84.498749,39.149819]]]}},{"type":"Feature","properties":{"pid":"011300030024"},"geometry":{"type":"Polygon","coordinates":[[[-84.49925,39.149451],[-84.498846,39.149413],[-84.498861,39.149277],[-84.499265,39.149315],[-84.49925,39.149451]]]}},{"type":"Feature","properties":{"pid":"011300030060"},"geometry":{"type":"Polygon","coordinates":[[[-84.49836,39.150675],[-84.498273,39.150759],[-84.49797,39.15057],[-84.498053,39.150489],[-84.49836,39.150675]]]}},{"type":"Feature","properties":{"pid":"011300030061"},"geometry":{"type":"Polygon","coordinates":[[[-84.498527,39.150512],[-84.498443,39.150594],[-84.498137,39.150407],[-84.49822,39.150326],[-84.498527,39.150512]]]}},{"type":"Feature","properties":{"pid":"011300030062"},"geometry":{"type":"Polygon","coordinates":[[[-84.498443,39.150594],[-84.49836,39.150675],[-84.498053,39.150489],[-84.498137,39.150407],[-84.498443,39.150594]]]}},{"type":"Feature","properties":{"pid":"011300030091"},"geometry":{"type":"Polygon","coordinates":[[[-84.49925,39.149451],[-84.499265,39.149315],[-84.499476,39.149335],[-84.499461,39.149469],[-84.49925,39.149451]]]}},{"type":"Feature","properties":{"pid":"011300030107"},"geometry":{"type":"Polygon","coordinates":[[[-84.499132,39.149778],[-84.498812,39.14976],[-84.498835,39.14953],[-84.499169,39.149557],[-84.499132,39.149778]]]}},{"type":"Feature","properties":{"pid":"011300030120"},"geometry":{"type":"Polygon","coordinates":[[[-84.499132,39.149778],[-84.499169,39.149557],[-84.499449,39.14958],[-84.499426,39.149801],[-84.499132,39.149778]]]}},{"type":"Feature","properties":{"pid":"021600430053"},"geometry":{"type":"Polygon","coordinates":[[[-84.5005,39.146377],[-84.500683,39.146386],[-84.500617,39.146988],[-84.500434,39.146978],[-84.5005,39.146377]]]}},{"type":"Feature","properties":{"pid":"021600430008"},"geometry":{"type":"Polygon","coordinates":[[[-84.500789,39.146997],[-84.500617,39.146988],[-84.500683,39.146386],[-84.500856,39.146395],[-84.500789,39.146997]]]}},{"type":"Feature","properties":{"pid":"011300020009"},"geometry":{"type":"Polygon","coordinates":[[[-84.499642,39.147419],[-84.499064,39.147369],[-84.499079,39.147233],[-84.499657,39.147282],[-84.499642,39.147419]]]}},{"type":"Feature","properties":{"pid":"011000010041"},"geometry":{"type":"Polygon","coordinates":[[[-84.480631,39.150986],[-84.480247,39.15072],[-84.48036,39.150623],[-84.480743,39.15089],[-84.480631,39.150986]]]}},{"type":"Feature","properties":{"pid":"010700120041"},"geometry":{"type":"Polygon","coordinates":[[[-84.484063,39.141941],[-84.484289,39.141528],[-84.48457,39.141266],[-84.484798,39.140917],[-84.485328,39.140934],[-84.484534,39.141578],[-84.484478,39.141576],[-84.484505,39.141607],[-84.484256,39.141877],[-84.484168,39.142107],[-84.484094,39.142081],[-84.484063,39.141941]]]}},{"type":"Feature","properties":{"pid":"010700110107"},"geometry":{"type":"Polygon","coordinates":[[[-84.485786,39.141971],[-84.485632,39.141965],[-84.485652,39.141624],[-84.485805,39.14163],[-84.485786,39.141971]]]}},{"type":"Feature","properties":{"pid":"021600440193"},"geometry":{"type":"Polygon","coordinates":[[[-84.504153,39.14656],[-84.504284,39.146568],[-84.504227,39.147078],[-84.504097,39.147069],[-84.504153,39.14656]]]}},{"type":"Feature","properties":{"pid":"021600440194"},"geometry":{"type":"Polygon","coordinates":[[[-84.504023,39.146552],[-84.504153,39.14656],[-84.504097,39.147069],[-84.503967,39.14706],[-84.504023,39.146552]]]}},{"type":"Feature","properties":{"pid":"011300050197"},"geometry":{"type":"Polygon","coordinates":[[[-84.503441,39.142692],[-84.503631,39.142579],[-84.503585,39.142988],[-84.503409,39.142978],[-84.503441,39.142692]]]}},{"type":"Feature","properties":{"pid":"011300020051"},"geometry":{"type":"Polygon","coordinates":[[[-84.499657,39.147282],[-84.499079,39.147233],[-84.499094,39.147096],[-84.499672,39.147145],[-84.499657,39.147282]]]}},{"type":"Feature","properties":{"pid":"021600430006"},"geometry":{"type":"Polygon","coordinates":[[[-84.499973,39.146349],[-84.500324,39.146367],[-84.500258,39.146969],[-84.499906,39.146951],[-84.499973,39.146349]]]}},{"type":"Feature","properties":{"pid":"011900030062"},"geometry":{"type":"Polygon","coordinates":[[[-84.467668,39.168791],[-84.467916,39.168252],[-84.467969,39.168268],[-84.467713,39.168822],[-84.467668,39.168791]]]}},{"type":"Feature","properties":{"pid":"011900030065"},"geometry":{"type":"Polygon","coordinates":[[[-84.471001,39.169503],[-84.471102,39.169293],[-84.469842,39.168927],[-84.469927,39.168805],[-84.471769,39.16934],[-84.471631,39.169628],[-84.472366,39.169842],[-84.472504,39.169554],[-84.472937,39.16968],[-84.472776,39.170015],[-84.471001,39.169503]]]}},{"type":"Feature","properties":{"pid":"011300050164"},"geometry":{"type":"Polygon","coordinates":[[[-84.503048,39.142791],[-84.503076,39.142532],[-84.503612,39.142163],[-84.50438,39.142211],[-84.504022,39.142245],[-84.503714,39.14234],[-84.503048,39.142791]]]}},{"type":"Feature","properties":{"pid":"011600020210"},"geometry":{"type":"Polygon","coordinates":[[[-84.471317,39.168035],[-84.470852,39.167946],[-84.470953,39.167526],[-84.470872,39.167489],[-84.471126,39.167538],[-84.47111,39.167589],[-84.471454,39.167655],[-84.471317,39.168035]]]}},{"type":"Feature","properties":{"pid":"010800010018"},"geometry":{"type":"Polygon","coordinates":[[[-84.486643,39.147425],[-84.486694,39.146635],[-84.486779,39.146637],[-84.486776,39.14671],[-84.487076,39.146717],[-84.487029,39.147443],[-84.486643,39.147425]]]}},{"type":"Feature","properties":{"pid":"010700120035"},"geometry":{"type":"Polygon","coordinates":[[[-84.485139,39.141964],[-84.485074,39.1416],[-84.485321,39.14161],[-84.485298,39.141953],[-84.485139,39.141964]]]}},{"type":"Feature","properties":{"pid":"010700110113"},"geometry":{"type":"Polygon","coordinates":[[[-84.485543,39.141506],[-84.485968,39.141431],[-84.485954,39.141636],[-84.485497,39.141618],[-84.485543,39.141506]]]}},{"type":"Feature","properties":{"pid":"010700120036"},"geometry":{"type":"Polygon","coordinates":[[[-84.48529,39.141496],[-84.485321,39.14161],[-84.484544,39.141579],[-84.484824,39.141315],[-84.48529,39.141496]]]}},{"type":"Feature","properties":{"pid":"010700110098"},"geometry":{"type":"Polygon","coordinates":[[[-84.486463,39.141518],[-84.485964,39.1415],[-84.485973,39.141364],[-84.486471,39.141385],[-84.486463,39.141518]]]}},{"type":"Feature","properties":{"pid":"010700110104"},"geometry":{"type":"Polygon","coordinates":[[[-84.485632,39.141965],[-84.485474,39.141958],[-84.485497,39.141618],[-84.485652,39.141624],[-84.485632,39.141965]]]}},{"type":"Feature","properties":{"pid":"010700110099"},"geometry":{"type":"Polygon","coordinates":[[[-84.485977,39.141299],[-84.486118,39.141305],[-84.486121,39.141249],[-84.486478,39.141263],[-84.486471,39.141385],[-84.485973,39.141364],[-84.485977,39.141299]]]}},{"type":"Feature","properties":{"pid":"010700110088"},"geometry":{"type":"Polygon","coordinates":[[[-84.486078,39.141985],[-84.485938,39.141978],[-84.485954,39.141636],[-84.486096,39.141642],[-84.486078,39.141985]]]}},{"type":"Feature","properties":{"pid":"010700110106"},"geometry":{"type":"Polygon","coordinates":[[[-84.485938,39.141978],[-84.485786,39.141971],[-84.485805,39.14163],[-84.485954,39.141636],[-84.485938,39.141978]]]}},{"type":"Feature","properties":{"pid":"010500010251"},"geometry":{"type":"Polygon","coordinates":[[[-84.494523,39.134842],[-84.494379,39.134836],[-84.494357,39.134619],[-84.494501,39.134624],[-84.494523,39.134842]]]}},{"type":"Feature","properties":{"pid":"010500010105"},"geometry":{"type":"Polygon","coordinates":[[[-84.493827,39.136248],[-84.4938,39.136029],[-84.494564,39.136046],[-84.494596,39.136265],[-84.493827,39.136248]]]}},{"type":"Feature","properties":{"pid":"010500010245"},"geometry":{"type":"Polygon","coordinates":[[[-84.493937,39.134604],[-84.494219,39.134614],[-84.494241,39.134831],[-84.493959,39.134821],[-84.493937,39.134604]]]}},{"type":"Feature","properties":{"pid":"010500010207"},"geometry":{"type":"Polygon","coordinates":[[[-84.49365,39.134593],[-84.493749,39.134597],[-84.493795,39.134874],[-84.493678,39.13487],[-84.49365,39.134593]]]}},{"type":"Feature","properties":{"pid":"013100050061"},"geometry":{"type":"Polygon","coordinates":[[[-84.478161,39.171363],[-84.477414,39.171067],[-84.477292,39.171323],[-84.475995,39.170947],[-84.475999,39.17082],[-84.476064,39.170818],[-84.476148,39.170643],[-84.47748,39.171027],[-84.478184,39.17131],[-84.478161,39.171363]]]}},{"type":"Feature","properties":{"pid":"013100050065"},"geometry":{"type":"Polygon","coordinates":[[[-84.476739,39.17019],[-84.476028,39.169963],[-84.47565,39.169742],[-84.475698,39.168379],[-84.477082,39.168409],[-84.477013,39.169068],[-84.476838,39.169295],[-84.476763,39.169557],[-84.477067,39.169563],[-84.476739,39.17019]]]}},{"type":"Feature","properties":{"pid":"013100050067"},"geometry":{"type":"Polygon","coordinates":[[[-84.478459,39.170775],[-84.478734,39.1685],[-84.478775,39.168474],[-84.480065,39.168611],[-84.480075,39.168515],[-84.48015,39.168523],[-84.479898,39.170924],[-84.479202,39.170696],[-84.479186,39.170854],[-84.479807,39.171057],[-84.479795,39.17117],[-84.478459,39.170775]]]}},{"type":"Feature","properties":{"pid":"021600440195"},"geometry":{"type":"Polygon","coordinates":[[[-84.503849,39.146541],[-84.504023,39.146552],[-84.503967,39.14706],[-84.503793,39.147049],[-84.503849,39.146541]]]}},{"type":"Feature","properties":{"pid":"021600440188"},"geometry":{"type":"Polygon","coordinates":[[[-84.503781,39.147164],[-84.503787,39.147106],[-84.504221,39.147135],[-84.50418,39.147504],[-84.50405,39.147496],[-84.504085,39.147184],[-84.503781,39.147164]]]}},{"type":"Feature","properties":{"pid":"021600440185"},"geometry":{"type":"Polygon","coordinates":[[[-84.504273,39.147511],[-84.504257,39.147657],[-84.50373,39.147622],[-84.503746,39.147475],[-84.504273,39.147511]]]}},{"type":"Feature","properties":{"pid":"021600440189"},"geometry":{"type":"Polygon","coordinates":[[[-84.504221,39.147135],[-84.503787,39.147106],[-84.503793,39.147049],[-84.5049,39.147123],[-84.504853,39.14755],[-84.50418,39.147504],[-84.504221,39.147135]]]}},{"type":"Feature","properties":{"pid":"021600440186"},"geometry":{"type":"Polygon","coordinates":[[[-84.503753,39.147418],[-84.503781,39.147164],[-84.503955,39.147175],[-84.503926,39.14743],[-84.503753,39.147418]]]}},{"type":"Feature","properties":{"pid":"021600440187"},"geometry":{"type":"Polygon","coordinates":[[[-84.503746,39.147475],[-84.503753,39.147418],[-84.503926,39.14743],[-84.503955,39.147175],[-84.504085,39.147184],[-84.50405,39.147496],[-84.503746,39.147475]]]}},{"type":"Feature","properties":{"pid":"021600440190"},"geometry":{"type":"Polygon","coordinates":[[[-84.50464,39.14659],[-84.504957,39.14661],[-84.5049,39.147123],[-84.504515,39.147097],[-84.50464,39.14659]]]}},{"type":"Feature","properties":{"pid":"021600440191"},"geometry":{"type":"Polygon","coordinates":[[[-84.504433,39.146578],[-84.50464,39.14659],[-84.504515,39.147097],[-84.504377,39.147088],[-84.504433,39.146578]]]}},{"type":"Feature","properties":{"pid":"021600440192"},"geometry":{"type":"Polygon","coordinates":[[[-84.504284,39.146568],[-84.504433,39.146578],[-84.504377,39.147088],[-84.504227,39.147078],[-84.504284,39.146568]]]}},{"type":"Feature","properties":{"pid":"010700070138"},"geometry":{"type":"Polygon","coordinates":[[[-84.497837,39.143189],[-84.497535,39.14317],[-84.497545,39.143066],[-84.497883,39.143087],[-84.497837,39.143189]]]}},{"type":"Feature","properties":{"pid":"010700070032"},"geometry":{"type":"Polygon","coordinates":[[[-84.497382,39.141278],[-84.498077,39.141304],[-84.49806,39.141461],[-84.497361,39.141428],[-84.497382,39.141278]]]}},{"type":"Feature","properties":{"pid":"010500010192"},"geometry":{"type":"Polygon","coordinates":[[[-84.493902,39.136946],[-84.493887,39.136795],[-84.49419,39.136802],[-84.494203,39.136953],[-84.493902,39.136946]]]}},{"type":"Feature","properties":{"pid":"010500010193"},"geometry":{"type":"Polygon","coordinates":[[[-84.494555,39.13696],[-84.494548,39.136564],[-84.494708,39.136567],[-84.494687,39.136963],[-84.494555,39.13696]]]}},{"type":"Feature","properties":{"pid":"010500010194"},"geometry":{"type":"Polygon","coordinates":[[[-84.494423,39.136957],[-84.494388,39.13656],[-84.494548,39.136564],[-84.494555,39.13696],[-84.494423,39.136957]]]}},{"type":"Feature","properties":{"pid":"011000010046"},"geometry":{"type":"Polygon","coordinates":[[[-84.481068,39.150893],[-84.481426,39.15058],[-84.481595,39.150702],[-84.481241,39.151018],[-84.481068,39.150893]]]}},{"type":"Feature","properties":{"pid":"011000010049"},"geometry":{"type":"Polygon","coordinates":[[[-84.480514,39.150489],[-84.480872,39.15018],[-84.481092,39.150339],[-84.480733,39.150649],[-84.480514,39.150489]]]}},{"type":"Feature","properties":{"pid":"010800040042"},"geometry":{"type":"Polygon","coordinates":[[[-84.487581,39.147623],[-84.487741,39.14763],[-84.487714,39.147939],[-84.487557,39.147933],[-84.487581,39.147623]]]}},{"type":"Feature","properties":{"pid":"010500010111"},"geometry":{"type":"Polygon","coordinates":[[[-84.494395,39.136642],[-84.49387,39.136631],[-84.493862,39.136549],[-84.494388,39.13656],[-84.494395,39.136642]]]}},{"type":"Feature","properties":{"pid":"010500010112"},"geometry":{"type":"Polygon","coordinates":[[[-84.494409,39.136806],[-84.493887,39.136795],[-84.49387,39.136631],[-84.494395,39.136642],[-84.494409,39.136806]]]}},{"type":"Feature","properties":{"pid":"010700070142"},"geometry":{"type":"Polygon","coordinates":[[[-84.49698,39.143135],[-84.497006,39.142839],[-84.497214,39.142851],[-84.497189,39.143148],[-84.49698,39.143135]]]}},{"type":"Feature","properties":{"pid":"010700070008"},"geometry":{"type":"Polygon","coordinates":[[[-84.496956,39.142802],[-84.496975,39.14257],[-84.497118,39.142575],[-84.497092,39.142844],[-84.496956,39.142802]]]}},{"type":"Feature","properties":{"pid":"011100060204"},"geometry":{"type":"Polygon","coordinates":[[[-84.480208,39.168119],[-84.479699,39.168065],[-84.479749,39.167769],[-84.479239,39.16771],[-84.479243,39.167655],[-84.478817,39.167616],[-84.478831,39.167472],[-84.479263,39.167518],[-84.479253,39.167603],[-84.47944,39.167582],[-84.479905,39.167637],[-84.480322,39.167613],[-84.480208,39.168119]]]}},{"type":"Feature","properties":{"pid":"011600030014"},"geometry":{"type":"Polygon","coordinates":[[[-84.470138,39.167553],[-84.470073,39.167668],[-84.469893,39.167729],[-84.469269,39.167503],[-84.470138,39.167553]]]}},{"type":"Feature","properties":{"pid":"010500010314"},"geometry":{"type":"Polygon","coordinates":[[[-84.494549,39.135097],[-84.494537,39.134983],[-84.494708,39.13499],[-84.494814,39.135107],[-84.494549,39.135097]]]}},{"type":"Feature","properties":{"pid":"011000010007"},"geometry":{"type":"Polygon","coordinates":[[[-84.48072,39.152275],[-84.480323,39.152921],[-84.480166,39.152889],[-84.480299,39.152179],[-84.48072,39.152275]]]}},{"type":"Feature","properties":{"pid":"011000010086"},"geometry":{"type":"Polygon","coordinates":[[[-84.480449,39.152989],[-84.480323,39.152921],[-84.48072,39.152275],[-84.480729,39.152191],[-84.480986,39.152372],[-84.480449,39.152989]]]}},{"type":"Feature","properties":{"pid":"011000030023"},"geometry":{"type":"Polygon","coordinates":[[[-84.481182,39.154308],[-84.480958,39.154498],[-84.480601,39.154036],[-84.480789,39.153897],[-84.481182,39.154308]]]}},{"type":"Feature","properties":{"pid":"011000030024"},"geometry":{"type":"Polygon","coordinates":[[[-84.480601,39.154036],[-84.480958,39.154498],[-84.480719,39.1547],[-84.4804,39.154136],[-84.480601,39.154036]]]}},{"type":"Feature","properties":{"pid":"011000030025"},"geometry":{"type":"Polygon","coordinates":[[[-84.4804,39.154136],[-84.480719,39.1547],[-84.480407,39.154965],[-84.480029,39.154694],[-84.480085,39.154194],[-84.4804,39.154136]]]}},{"type":"Feature","properties":{"pid":"011000020011"},"geometry":{"type":"Polygon","coordinates":[[[-84.477455,39.152853],[-84.477404,39.153453],[-84.477086,39.15296],[-84.477455,39.152853]]]}},{"type":"Feature","properties":{"pid":"011000020055"},"geometry":{"type":"Polygon","coordinates":[[[-84.477086,39.15296],[-84.477335,39.153346],[-84.477404,39.153453],[-84.476804,39.15315],[-84.477086,39.15296]]]}},{"type":"Feature","properties":{"pid":"010700120070"},"geometry":{"type":"Polygon","coordinates":[[[-84.484313,39.143453],[-84.48526,39.143494],[-84.48523,39.143721],[-84.48456,39.143645],[-84.484365,39.143537],[-84.484313,39.143453]]]}},{"type":"Feature","properties":{"pid":"011600030055"},"geometry":{"type":"Polygon","coordinates":[[[-84.470155,39.167493],[-84.470138,39.167553],[-84.469269,39.167503],[-84.469058,39.16742],[-84.470155,39.167493]]]}},{"type":"Feature","properties":{"pid":"011600030056"},"geometry":{"type":"Polygon","coordinates":[[[-84.470174,39.167424],[-84.470155,39.167493],[-84.469058,39.16742],[-84.468887,39.167354],[-84.470174,39.167424]]]}},{"type":"Feature","properties":{"pid":"011600020024"},"geometry":{"type":"Polygon","coordinates":[[[-84.475752,39.164217],[-84.475524,39.164202],[-84.475564,39.163786],[-84.475792,39.1638],[-84.475752,39.164217]]]}},{"type":"Feature","properties":{"pid":"011600020020"},"geometry":{"type":"Polygon","coordinates":[[[-84.47691,39.164289],[-84.47695,39.163873],[-84.477161,39.163887],[-84.477121,39.164302],[-84.47691,39.164289]]]}},{"type":"Feature","properties":{"pid":"011600020021"},"geometry":{"type":"Polygon","coordinates":[[[-84.476173,39.164243],[-84.475962,39.16423],[-84.476003,39.163814],[-84.476214,39.163827],[-84.476173,39.164243]]]}},{"type":"Feature","properties":{"pid":"011600020022"},"geometry":{"type":"Polygon","coordinates":[[[-84.475962,39.16423],[-84.475752,39.164217],[-84.475792,39.1638],[-84.476003,39.163814],[-84.475962,39.16423]]]}},{"type":"Feature","properties":{"pid":"011600020025"},"geometry":{"type":"Polygon","coordinates":[[[-84.475524,39.164202],[-84.475276,39.164187],[-84.475336,39.163772],[-84.475564,39.163786],[-84.475524,39.164202]]]}},{"type":"Feature","properties":{"pid":"011600020026"},"geometry":{"type":"Polygon","coordinates":[[[-84.475276,39.164187],[-84.47512,39.164177],[-84.47516,39.163761],[-84.475336,39.163772],[-84.475276,39.164187]]]}},{"type":"Feature","properties":{"pid":"011600020027"},"geometry":{"type":"Polygon","coordinates":[[[-84.474944,39.164166],[-84.474733,39.164153],[-84.474774,39.163736],[-84.474985,39.16375],[-84.474944,39.164166]]]}},{"type":"Feature","properties":{"pid":"011600020028"},"geometry":{"type":"Polygon","coordinates":[[[-84.474593,39.164144],[-84.474633,39.163727],[-84.474774,39.163736],[-84.474733,39.164153],[-84.474593,39.164144]]]}},{"type":"Feature","properties":{"pid":"011600020038"},"geometry":{"type":"Polygon","coordinates":[[[-84.474363,39.164689],[-84.474402,39.16429],[-84.474579,39.164283],[-84.474539,39.1647],[-84.474363,39.164689]]]}},{"type":"Feature","properties":{"pid":"011600020039"},"geometry":{"type":"Polygon","coordinates":[[[-84.47475,39.164713],[-84.474539,39.1647],[-84.474579,39.164283],[-84.47479,39.164296],[-84.47475,39.164713]]]}},{"type":"Feature","properties":{"pid":"011600020040"},"geometry":{"type":"Polygon","coordinates":[[[-84.47496,39.164726],[-84.47475,39.164713],[-84.47479,39.164296],[-84.475001,39.16431],[-84.47496,39.164726]]]}},{"type":"Feature","properties":{"pid":"011600020041"},"geometry":{"type":"Polygon","coordinates":[[[-84.47496,39.164726],[-84.475001,39.16431],[-84.475106,39.164316],[-84.475066,39.164733],[-84.47496,39.164726]]]}},{"type":"Feature","properties":{"pid":"011600020043"},"geometry":{"type":"Polygon","coordinates":[[[-84.475382,39.164752],[-84.475171,39.164739],[-84.475211,39.164323],[-84.475422,39.164336],[-84.475382,39.164752]]]}},{"type":"Feature","properties":{"pid":"011600020045"},"geometry":{"type":"Polygon","coordinates":[[[-84.475757,39.164775],[-84.475562,39.164763],[-84.475598,39.164347],[-84.475808,39.16436],[-84.475757,39.164775]]]}},{"type":"Feature","properties":{"pid":"011600020046"},"geometry":{"type":"Polygon","coordinates":[[[-84.475768,39.164776],[-84.475808,39.16436],[-84.475984,39.164371],[-84.475944,39.164787],[-84.475768,39.164776]]]}},{"type":"Feature","properties":{"pid":"011600020047"},"geometry":{"type":"Polygon","coordinates":[[[-84.475979,39.164789],[-84.476019,39.164373],[-84.47616,39.164382],[-84.476119,39.164798],[-84.475979,39.164789]]]}},{"type":"Feature","properties":{"pid":"011600020049"},"geometry":{"type":"Polygon","coordinates":[[[-84.476427,39.164817],[-84.476207,39.164804],[-84.476247,39.164388],[-84.476467,39.164401],[-84.476427,39.164817]]]}},{"type":"Feature","properties":{"pid":"011600020050"},"geometry":{"type":"Polygon","coordinates":[[[-84.476646,39.164831],[-84.476427,39.164817],[-84.476467,39.164401],[-84.476686,39.164415],[-84.476646,39.164831]]]}},{"type":"Feature","properties":{"pid":"011600020051"},"geometry":{"type":"Polygon","coordinates":[[[-84.476892,39.164846],[-84.476646,39.164831],[-84.476686,39.164415],[-84.476932,39.16443],[-84.476892,39.164846]]]}},{"type":"Feature","properties":{"pid":"011600020052"},"geometry":{"type":"Polygon","coordinates":[[[-84.477103,39.164858],[-84.476892,39.164846],[-84.476932,39.16443],[-84.47716,39.164445],[-84.477103,39.164858]]]}},{"type":"Feature","properties":{"pid":"011600020053"},"geometry":{"type":"Polygon","coordinates":[[[-84.47712,39.164859],[-84.47716,39.164445],[-84.477353,39.164457],[-84.477314,39.164871],[-84.47712,39.164859]]]}},{"type":"Feature","properties":{"pid":"011600020054"},"geometry":{"type":"Polygon","coordinates":[[[-84.477736,39.164897],[-84.477384,39.164876],[-84.477424,39.164461],[-84.477774,39.164491],[-84.477736,39.164897]]]}},{"type":"Feature","properties":{"pid":"011600020055"},"geometry":{"type":"Polygon","coordinates":[[[-84.478264,39.164931],[-84.477736,39.164897],[-84.477774,39.164491],[-84.478289,39.164655],[-84.478264,39.164931]]]}},{"type":"Feature","properties":{"pid":"011600020057"},"geometry":{"type":"Polygon","coordinates":[[[-84.476173,39.164243],[-84.476214,39.163827],[-84.476389,39.163838],[-84.476349,39.164254],[-84.476173,39.164243]]]}},{"type":"Feature","properties":{"pid":"011600020256"},"geometry":{"type":"Polygon","coordinates":[[[-84.478406,39.164549],[-84.478371,39.164531],[-84.478392,39.1643],[-84.478921,39.164339],[-84.478906,39.164497],[-84.478412,39.164469],[-84.478406,39.164549]]]}},{"type":"Feature","properties":{"pid":"011100060168"},"geometry":{"type":"Polygon","coordinates":[[[-84.481527,39.167058],[-84.481927,39.166643],[-84.482061,39.16673],[-84.481618,39.167183],[-84.481527,39.167058]]]}},{"type":"Feature","properties":{"pid":"011100060169"},"geometry":{"type":"Polygon","coordinates":[[[-84.481618,39.167183],[-84.482061,39.16673],[-84.48224,39.166846],[-84.481746,39.167358],[-84.481618,39.167183]]]}},{"type":"Feature","properties":{"pid":"011100060170"},"geometry":{"type":"Polygon","coordinates":[[[-84.48187,39.167527],[-84.481746,39.167358],[-84.48224,39.166846],[-84.482418,39.166962],[-84.48187,39.167527]]]}},{"type":"Feature","properties":{"pid":"011100060171"},"geometry":{"type":"Polygon","coordinates":[[[-84.481907,39.167578],[-84.48187,39.167527],[-84.482418,39.166962],[-84.482603,39.16708],[-84.482101,39.167589],[-84.481907,39.167578]]]}},{"type":"Feature","properties":{"pid":"011100060174"},"geometry":{"type":"Polygon","coordinates":[[[-84.482351,39.166745],[-84.482618,39.166484],[-84.482839,39.166611],[-84.48256,39.166876],[-84.482351,39.166745]]]}},{"type":"Feature","properties":{"pid":"011100060175"},"geometry":{"type":"Polygon","coordinates":[[[-84.482142,39.166612],[-84.482421,39.166367],[-84.482618,39.166484],[-84.482351,39.166745],[-84.482142,39.166612]]]}},{"type":"Feature","properties":{"pid":"011100060180"},"geometry":{"type":"Polygon","coordinates":[[[-84.483489,39.166247],[-84.482718,39.165773],[-84.482868,39.165623],[-84.483513,39.166019],[-84.483489,39.166247]]]}},{"type":"Feature","properties":{"pid":"011500060023"},"geometry":{"type":"Polygon","coordinates":[[[-84.483451,39.15819],[-84.484174,39.157806],[-84.484359,39.158018],[-84.483638,39.1584],[-84.483451,39.15819]]]}},{"type":"Feature","properties":{"pid":"011500060024"},"geometry":{"type":"Polygon","coordinates":[[[-84.483439,39.158177],[-84.483243,39.157956],[-84.483971,39.157573],[-84.484174,39.157806],[-84.483439,39.158177]]]}},{"type":"Feature","properties":{"pid":"011500060031"},"geometry":{"type":"Polygon","coordinates":[[[-84.482738,39.158546],[-84.483439,39.158177],[-84.483638,39.1584],[-84.482941,39.158769],[-84.482738,39.158546]]]}},{"type":"Feature","properties":{"pid":"011500060032"},"geometry":{"type":"Polygon","coordinates":[[[-84.482539,39.158326],[-84.483243,39.157956],[-84.483439,39.158177],[-84.482738,39.158546],[-84.482539,39.158326]]]}},{"type":"Feature","properties":{"pid":"011500060033"},"geometry":{"type":"Polygon","coordinates":[[[-84.482334,39.158101],[-84.483035,39.157727],[-84.483214,39.157922],[-84.482511,39.158292],[-84.482334,39.158101]]]}},{"type":"Feature","properties":{"pid":"011500060035"},"geometry":{"type":"Polygon","coordinates":[[[-84.482128,39.160067],[-84.482056,39.159909],[-84.483179,39.159309],[-84.483382,39.159531],[-84.482363,39.160082],[-84.482128,39.160067]]]}},{"type":"Feature","properties":{"pid":"011500060036"},"geometry":{"type":"Polygon","coordinates":[[[-84.481976,39.159618],[-84.482976,39.159088],[-84.483179,39.159309],[-84.482118,39.159876],[-84.481976,39.159618]]]}},{"type":"Feature","properties":{"pid":"011500060037"},"geometry":{"type":"Polygon","coordinates":[[[-84.481837,39.159364],[-84.48277,39.158862],[-84.482976,39.159088],[-84.481976,39.159618],[-84.481837,39.159364]]]}},{"type":"Feature","properties":{"pid":"011500060038"},"geometry":{"type":"Polygon","coordinates":[[[-84.481698,39.159109],[-84.482569,39.158644],[-84.48277,39.158862],[-84.481837,39.159364],[-84.481698,39.159109]]]}},{"type":"Feature","properties":{"pid":"011500060039"},"geometry":{"type":"Polygon","coordinates":[[[-84.481557,39.158854],[-84.482361,39.158417],[-84.482569,39.158644],[-84.481698,39.159109],[-84.481557,39.158854]]]}},{"type":"Feature","properties":{"pid":"011500060040"},"geometry":{"type":"Polygon","coordinates":[[[-84.481414,39.158591],[-84.482159,39.158196],[-84.482361,39.158417],[-84.481557,39.158854],[-84.481414,39.158591]]]}},{"type":"Feature","properties":{"pid":"011500070026"},"geometry":{"type":"Polygon","coordinates":[[[-84.482334,39.158101],[-84.482133,39.15788],[-84.482891,39.157522],[-84.483035,39.157727],[-84.482334,39.158101]]]}},{"type":"Feature","properties":{"pid":"011500070034"},"geometry":{"type":"Polygon","coordinates":[[[-84.481248,39.158288],[-84.481961,39.157973],[-84.482159,39.158196],[-84.481414,39.158591],[-84.481248,39.158288]]]}},{"type":"Feature","properties":{"pid":"011100060126"},"geometry":{"type":"Polygon","coordinates":[[[-84.480282,39.165668],[-84.480137,39.165621],[-84.48018,39.165261],[-84.480791,39.165321],[-84.480728,39.165455],[-84.480331,39.165562],[-84.480282,39.165668]]]}},{"type":"Feature","properties":{"pid":"011100060132"},"geometry":{"type":"Polygon","coordinates":[[[-84.480726,39.165886],[-84.480282,39.165668],[-84.480331,39.165562],[-84.480728,39.165455],[-84.480816,39.165525],[-84.480726,39.165886]]]}},{"type":"Feature","properties":{"pid":"011500030152"},"geometry":{"type":"Polygon","coordinates":[[[-84.489685,39.160004],[-84.489705,39.159824],[-84.489801,39.159694],[-84.489953,39.159747],[-84.489753,39.160042],[-84.489685,39.160004]]]}},{"type":"Feature","properties":{"pid":"011500040100"},"geometry":{"type":"Polygon","coordinates":[[[-84.489606,39.15996],[-84.489447,39.15984],[-84.489619,39.159595],[-84.489726,39.159643],[-84.489704,39.159825],[-84.489606,39.15996]]]}},{"type":"Feature","properties":{"pid":"011100060173"},"geometry":{"type":"Polygon","coordinates":[[[-84.482778,39.166991],[-84.48256,39.166876],[-84.483334,39.166152],[-84.483489,39.166247],[-84.483476,39.16637],[-84.482778,39.166991]]]}},{"type":"Feature","properties":{"pid":"011100060149"},"geometry":{"type":"Polygon","coordinates":[[[-84.481467,39.166015],[-84.481115,39.165985],[-84.480726,39.165886],[-84.480816,39.165525],[-84.480936,39.165498],[-84.481516,39.165929],[-84.481467,39.166015]]]}},{"type":"Feature","properties":{"pid":"011100070024"},"geometry":{"type":"Polygon","coordinates":[[[-84.480577,39.159281],[-84.480754,39.158938],[-84.481546,39.158998],[-84.48175,39.159363],[-84.480577,39.159281]]]}},{"type":"Feature","properties":{"pid":"011600020015"},"geometry":{"type":"Polygon","coordinates":[[[-84.478392,39.1643],[-84.478422,39.163966],[-84.478952,39.164],[-84.478931,39.164223],[-84.478437,39.164191],[-84.478427,39.164302],[-84.478392,39.1643]]]}},{"type":"Feature","properties":{"pid":"011600020017"},"geometry":{"type":"Polygon","coordinates":[[[-84.478395,39.164216],[-84.477979,39.16419],[-84.478002,39.16394],[-84.478422,39.163966],[-84.478395,39.164216]]]}},{"type":"Feature","properties":{"pid":"011100060181"},"geometry":{"type":"Polygon","coordinates":[[[-84.482868,39.165623],[-84.483018,39.165474],[-84.483549,39.165688],[-84.483513,39.166019],[-84.482868,39.165623]]]}},{"type":"Feature","properties":{"pid":"011100060177"},"geometry":{"type":"Polygon","coordinates":[[[-84.482839,39.166611],[-84.482237,39.166253],[-84.482416,39.166074],[-84.483019,39.166441],[-84.482839,39.166611]]]}},{"type":"Feature","properties":{"pid":"011100060178"},"geometry":{"type":"Polygon","coordinates":[[[-84.483019,39.166441],[-84.482416,39.166074],[-84.482573,39.165917],[-84.483177,39.166295],[-84.483019,39.166441]]]}},{"type":"Feature","properties":{"pid":"011100060179"},"geometry":{"type":"Polygon","coordinates":[[[-84.482573,39.165917],[-84.482718,39.165773],[-84.483334,39.166152],[-84.483177,39.166295],[-84.482573,39.165917]]]}},{"type":"Feature","properties":{"pid":"011100060182"},"geometry":{"type":"Polygon","coordinates":[[[-84.483018,39.165474],[-84.483036,39.165383],[-84.483596,39.165235],[-84.483549,39.165688],[-84.483018,39.165474]]]}},{"type":"Feature","properties":{"pid":"011100060184"},"geometry":{"type":"Polygon","coordinates":[[[-84.482451,39.164784],[-84.483082,39.164848],[-84.482938,39.165316],[-84.482815,39.165352],[-84.482451,39.164784]]]}},{"type":"Feature","properties":{"pid":"011100060185"},"geometry":{"type":"Polygon","coordinates":[[[-84.482149,39.164959],[-84.481978,39.164737],[-84.482451,39.164784],[-84.482805,39.165363],[-84.482149,39.164959]]]}},{"type":"Feature","properties":{"pid":"011100060189"},"geometry":{"type":"Polygon","coordinates":[[[-84.481746,39.165879],[-84.481779,39.165683],[-84.482304,39.16599],[-84.482163,39.166129],[-84.481746,39.165879]]]}},{"type":"Feature","properties":{"pid":"011100060190"},"geometry":{"type":"Polygon","coordinates":[[[-84.481923,39.166367],[-84.481864,39.166242],[-84.481903,39.165994],[-84.482152,39.16614],[-84.481923,39.166367]]]}},{"type":"Feature","properties":{"pid":"011100060196"},"geometry":{"type":"Polygon","coordinates":[[[-84.481506,39.165947],[-84.481595,39.165793],[-84.481717,39.165881],[-84.481704,39.165966],[-84.481506,39.165947]]]}},{"type":"Feature","properties":{"pid":"011100060198"},"geometry":{"type":"Polygon","coordinates":[[[-84.481813,39.165624],[-84.482014,39.165475],[-84.482522,39.165774],[-84.482338,39.165956],[-84.481813,39.165624]]]}},{"type":"Feature","properties":{"pid":"011100060200"},"geometry":{"type":"Polygon","coordinates":[[[-84.482114,39.165401],[-84.48225,39.165301],[-84.482708,39.16559],[-84.482602,39.165696],[-84.482114,39.165401]]]}},{"type":"Feature","properties":{"pid":"011100060201"},"geometry":{"type":"Polygon","coordinates":[[[-84.482305,39.165261],[-84.482353,39.165225],[-84.482149,39.164959],[-84.482805,39.165363],[-84.48279,39.16551],[-84.482754,39.165545],[-84.482305,39.165261]]]}},{"type":"Feature","properties":{"pid":"011100010002"},"geometry":{"type":"Polygon","coordinates":[[[-84.479471,39.15753],[-84.480278,39.157129],[-84.480358,39.157235],[-84.479551,39.157635],[-84.479471,39.15753]]]}},{"type":"Feature","properties":{"pid":"011100010010"},"geometry":{"type":"Polygon","coordinates":[[[-84.478481,39.15748],[-84.47877,39.157341],[-84.478954,39.157591],[-84.478663,39.157731],[-84.478481,39.15748]]]}},{"type":"Feature","properties":{"pid":"011100010015"},"geometry":{"type":"Polygon","coordinates":[[[-84.479935,39.158138],[-84.47978,39.157935],[-84.480576,39.157523],[-84.480683,39.157755],[-84.479935,39.158138]]]}},{"type":"Feature","properties":{"pid":"011100010023"},"geometry":{"type":"Polygon","coordinates":[[[-84.47889,39.157286],[-84.479182,39.157143],[-84.479369,39.157396],[-84.479075,39.157534],[-84.47889,39.157286]]]}},{"type":"Feature","properties":{"pid":"011100010024"},"geometry":{"type":"Polygon","coordinates":[[[-84.479075,39.157534],[-84.479369,39.157396],[-84.479557,39.157643],[-84.479261,39.157784],[-84.479075,39.157534]]]}},{"type":"Feature","properties":{"pid":"011100010030"},"geometry":{"type":"Polygon","coordinates":[[[-84.478842,39.157979],[-84.478663,39.157731],[-84.478954,39.157591],[-84.479139,39.157842],[-84.478842,39.157979]]]}},{"type":"Feature","properties":{"pid":"011100020009"},"geometry":{"type":"Polygon","coordinates":[[[-84.476508,39.162548],[-84.476625,39.161343],[-84.479222,39.161509],[-84.479108,39.16271],[-84.476508,39.162548]]]}},{"type":"Feature","properties":{"pid":"011100040001"},"geometry":{"type":"Polygon","coordinates":[[[-84.47599,39.163813],[-84.472879,39.163631],[-84.472596,39.163495],[-84.473914,39.161762],[-84.474576,39.162428],[-84.476116,39.162524],[-84.47599,39.163813]]]}},{"type":"Feature","properties":{"pid":"011100040003"},"geometry":{"type":"Polygon","coordinates":[[[-84.474282,39.161188],[-84.474378,39.160872],[-84.474072,39.160455],[-84.473958,39.160218],[-84.473866,39.15988],[-84.473876,39.159708],[-84.474215,39.158907],[-84.475137,39.158036],[-84.476769,39.159841],[-84.474987,39.161001],[-84.474282,39.161188]]]}},{"type":"Feature","properties":{"pid":"011100060090"},"geometry":{"type":"Polygon","coordinates":[[[-84.480936,39.165498],[-84.480944,39.165372],[-84.481423,39.165415],[-84.481608,39.165769],[-84.481516,39.165929],[-84.480936,39.165498]]]}},{"type":"Feature","properties":{"pid":"011100070007"},"geometry":{"type":"Polygon","coordinates":[[[-84.479759,39.159378],[-84.479888,39.159158],[-84.480342,39.159308],[-84.48022,39.159538],[-84.479759,39.159378]]]}},{"type":"Feature","properties":{"pid":"011100070016"},"geometry":{"type":"Polygon","coordinates":[[[-84.479518,39.1588],[-84.479175,39.158524],[-84.479443,39.158376],[-84.479736,39.158661],[-84.479518,39.1588]]]}},{"type":"Feature","properties":{"pid":"011600020008"},"geometry":{"type":"Polygon","coordinates":[[[-84.4767,39.164276],[-84.47674,39.16386],[-84.47695,39.163873],[-84.47691,39.164289],[-84.4767,39.164276]]]}},{"type":"Feature","properties":{"pid":"011600020009"},"geometry":{"type":"Polygon","coordinates":[[[-84.476349,39.164254],[-84.476389,39.163838],[-84.476564,39.163849],[-84.476524,39.164265],[-84.476349,39.164254]]]}},{"type":"Feature","properties":{"pid":"011600020010"},"geometry":{"type":"Polygon","coordinates":[[[-84.476524,39.164265],[-84.476564,39.163849],[-84.47674,39.16386],[-84.4767,39.164276],[-84.476524,39.164265]]]}},{"type":"Feature","properties":{"pid":"011600020011"},"geometry":{"type":"Polygon","coordinates":[[[-84.474944,39.164166],[-84.474985,39.16375],[-84.47516,39.163761],[-84.47512,39.164177],[-84.474944,39.164166]]]}},{"type":"Feature","properties":{"pid":"011600020012"},"geometry":{"type":"Polygon","coordinates":[[[-84.478715,39.164773],[-84.47842,39.164557],[-84.478411,39.164474],[-84.478905,39.164505],[-84.478877,39.164736],[-84.478807,39.164783],[-84.478715,39.164773]]]}},{"type":"Feature","properties":{"pid":"011600030058"},"geometry":{"type":"Polygon","coordinates":[[[-84.46935,39.167791],[-84.469161,39.168182],[-84.46883,39.168082],[-84.469019,39.16768],[-84.46935,39.167791]]]}},{"type":"Feature","properties":{"pid":"010500010088"},"geometry":{"type":"Polygon","coordinates":[[[-84.494794,39.13535],[-84.494574,39.135347],[-84.494563,39.135232],[-84.494803,39.135241],[-84.494794,39.13535]]]}},{"type":"Feature","properties":{"pid":"011300020132"},"geometry":{"type":"Polygon","coordinates":[[[-84.497484,39.148304],[-84.49741,39.148255],[-84.497559,39.14792],[-84.497737,39.147986],[-84.497484,39.148304]]]}},{"type":"Feature","properties":{"pid":"011300020129"},"geometry":{"type":"Polygon","coordinates":[[[-84.497943,39.148456],[-84.497755,39.148411],[-84.497986,39.148131],[-84.498107,39.148183],[-84.497943,39.148456]]]}},{"type":"Feature","properties":{"pid":"011300020058"},"geometry":{"type":"Polygon","coordinates":[[[-84.497618,39.14885],[-84.496956,39.148809],[-84.497496,39.148414],[-84.497605,39.148669],[-84.497618,39.14885]]]}},{"type":"Feature","properties":{"pid":"011300020028"},"geometry":{"type":"Polygon","coordinates":[[[-84.498189,39.147545],[-84.497367,39.147414],[-84.49742,39.14721],[-84.498214,39.147338],[-84.498189,39.147545]]]}},{"type":"Feature","properties":{"pid":"010800060018"},"geometry":{"type":"Polygon","coordinates":[[[-84.480203,39.148113],[-84.480046,39.149367],[-84.480182,39.148111],[-84.480203,39.148113]]]}},{"type":"Feature","properties":{"pid":"011200050032"},"geometry":{"type":"Polygon","coordinates":[[[-84.491695,39.147613],[-84.491582,39.147979],[-84.491411,39.147947],[-84.491523,39.147582],[-84.491695,39.147613]]]}},{"type":"Feature","properties":{"pid":"011200050033"},"geometry":{"type":"Polygon","coordinates":[[[-84.491523,39.147582],[-84.491411,39.147947],[-84.491239,39.147915],[-84.491352,39.147551],[-84.491523,39.147582]]]}},{"type":"Feature","properties":{"pid":"011200050034"},"geometry":{"type":"Polygon","coordinates":[[[-84.491352,39.147551],[-84.491239,39.147915],[-84.491068,39.147883],[-84.49118,39.147519],[-84.491352,39.147551]]]}},{"type":"Feature","properties":{"pid":"010500030050"},"geometry":{"type":"Polygon","coordinates":[[[-84.490796,39.139428],[-84.490552,39.13941],[-84.490561,39.139328],[-84.490806,39.139346],[-84.490796,39.139428]]]}},{"type":"Feature","properties":{"pid":"010500030091"},"geometry":{"type":"Polygon","coordinates":[[[-84.490774,39.139616],[-84.490651,39.139613],[-84.490674,39.139419],[-84.490796,39.139428],[-84.490774,39.139616]]]}},{"type":"Feature","properties":{"pid":"011100030094"},"geometry":{"type":"Polygon","coordinates":[[[-84.482616,39.154257],[-84.483053,39.153909],[-84.483354,39.154443],[-84.483136,39.154628],[-84.482616,39.154257]]]}},{"type":"Feature","properties":{"pid":"011100030097"},"geometry":{"type":"Polygon","coordinates":[[[-84.482616,39.154257],[-84.483053,39.153909],[-84.483354,39.154443],[-84.483136,39.154628],[-84.482616,39.154257]]]}},{"type":"Feature","properties":{"pid":"011100030122"},"geometry":{"type":"Polygon","coordinates":[[[-84.482616,39.154257],[-84.483053,39.153909],[-84.483354,39.154443],[-84.483136,39.154628],[-84.482616,39.154257]]]}},{"type":"Feature","properties":{"pid":"011100030077"},"geometry":{"type":"Polygon","coordinates":[[[-84.482616,39.154257],[-84.483053,39.153909],[-84.483354,39.154443],[-84.483136,39.154628],[-84.482616,39.154257]]]}},{"type":"Feature","properties":{"pid":"011100030116"},"geometry":{"type":"Polygon","coordinates":[[[-84.482616,39.154257],[-84.483053,39.153909],[-84.483354,39.154443],[-84.483136,39.154628],[-84.482616,39.154257]]]}},{"type":"Feature","properties":{"pid":"011100030106"},"geometry":{"type":"Polygon","coordinates":[[[-84.482616,39.154257],[-84.483053,39.153909],[-84.483354,39.154443],[-84.483136,39.154628],[-84.482616,39.154257]]]}},{"type":"Feature","properties":{"pid":"011100030034"},"geometry":{"type":"Polygon","coordinates":[[[-84.482616,39.154257],[-84.483053,39.153909],[-84.483354,39.154443],[-84.483136,39.154628],[-84.482616,39.154257]]]}},{"type":"Feature","properties":{"pid":"011100030087"},"geometry":{"type":"Polygon","coordinates":[[[-84.482616,39.154257],[-84.483053,39.153909],[-84.483354,39.154443],[-84.483136,39.154628],[-84.482616,39.154257]]]}},{"type":"Feature","properties":{"pid":"011100030103"},"geometry":{"type":"Polygon","coordinates":[[[-84.482616,39.154257],[-84.483053,39.153909],[-84.483354,39.154443],[-84.483136,39.154628],[-84.482616,39.154257]]]}},{"type":"Feature","properties":{"pid":"011100030105"},"geometry":{"type":"Polygon","coordinates":[[[-84.482616,39.154257],[-84.483053,39.153909],[-84.483354,39.154443],[-84.483136,39.154628],[-84.482616,39.154257]]]}},{"type":"Feature","properties":{"pid":"011100030111"},"geometry":{"type":"Polygon","coordinates":[[[-84.482616,39.154257],[-84.483053,39.153909],[-84.483354,39.154443],[-84.483136,39.154628],[-84.482616,39.154257]]]}},{"type":"Feature","properties":{"pid":"011100030102"},"geometry":{"type":"Polygon","coordinates":[[[-84.482616,39.154257],[-84.483053,39.153909],[-84.483354,39.154443],[-84.483136,39.154628],[-84.482616,39.154257]]]}},{"type":"Feature","properties":{"pid":"011100030048"},"geometry":{"type":"Polygon","coordinates":[[[-84.482616,39.154257],[-84.483053,39.153909],[-84.483354,39.154443],[-84.483136,39.154628],[-84.482616,39.154257]]]}},{"type":"Feature","properties":{"pid":"011100030113"},"geometry":{"type":"Polygon","coordinates":[[[-84.482616,39.154257],[-84.483053,39.153909],[-84.483354,39.154443],[-84.483136,39.154628],[-84.482616,39.154257]]]}},{"type":"Feature","properties":{"pid":"011100030090"},"geometry":{"type":"Polygon","coordinates":[[[-84.482616,39.154257],[-84.483053,39.153909],[-84.483354,39.154443],[-84.483136,39.154628],[-84.482616,39.154257]]]}},{"type":"Feature","properties":{"pid":"011100030115"},"geometry":{"type":"Polygon","coordinates":[[[-84.482616,39.154257],[-84.483053,39.153909],[-84.483354,39.154443],[-84.483136,39.154628],[-84.482616,39.154257]]]}},{"type":"Feature","properties":{"pid":"011100030049"},"geometry":{"type":"Polygon","coordinates":[[[-84.482616,39.154257],[-84.483053,39.153909],[-84.483354,39.154443],[-84.483136,39.154628],[-84.482616,39.154257]]]}},{"type":"Feature","properties":{"pid":"011100030117"},"geometry":{"type":"Polygon","coordinates":[[[-84.482616,39.154257],[-84.483053,39.153909],[-84.483354,39.154443],[-84.483136,39.154628],[-84.482616,39.154257]]]}},{"type":"Feature","properties":{"pid":"011100030081"},"geometry":{"type":"Polygon","coordinates":[[[-84.482616,39.154257],[-84.483053,39.153909],[-84.483354,39.154443],[-84.483136,39.154628],[-84.482616,39.154257]]]}},{"type":"Feature","properties":{"pid":"011100030045"},"geometry":{"type":"Polygon","coordinates":[[[-84.482616,39.154257],[-84.483053,39.153909],[-84.483354,39.154443],[-84.483136,39.154628],[-84.482616,39.154257]]]}},{"type":"Feature","properties":{"pid":"011100030059"},"geometry":{"type":"Polygon","coordinates":[[[-84.482616,39.154257],[-84.483053,39.153909],[-84.483354,39.154443],[-84.483136,39.154628],[-84.482616,39.154257]]]}},{"type":"Feature","properties":{"pid":"011100030062"},"geometry":{"type":"Polygon","coordinates":[[[-84.482616,39.154257],[-84.483053,39.153909],[-84.483354,39.154443],[-84.483136,39.154628],[-84.482616,39.154257]]]}},{"type":"Feature","properties":{"pid":"011100030046"},"geometry":{"type":"Polygon","coordinates":[[[-84.482616,39.154257],[-84.483053,39.153909],[-84.483354,39.154443],[-84.483136,39.154628],[-84.482616,39.154257]]]}},{"type":"Feature","properties":{"pid":"011100030089"},"geometry":{"type":"Polygon","coordinates":[[[-84.482616,39.154257],[-84.483053,39.153909],[-84.483354,39.154443],[-84.483136,39.154628],[-84.482616,39.154257]]]}},{"type":"Feature","properties":{"pid":"011100030056"},"geometry":{"type":"Polygon","coordinates":[[[-84.482616,39.154257],[-84.483053,39.153909],[-84.483354,39.154443],[-84.483136,39.154628],[-84.482616,39.154257]]]}},{"type":"Feature","properties":{"pid":"011100030072"},"geometry":{"type":"Polygon","coordinates":[[[-84.482616,39.154257],[-84.483053,39.153909],[-84.483354,39.154443],[-84.483136,39.154628],[-84.482616,39.154257]]]}},{"type":"Feature","properties":{"pid":"011100030108"},"geometry":{"type":"Polygon","coordinates":[[[-84.482616,39.154257],[-84.483053,39.153909],[-84.483354,39.154443],[-84.483136,39.154628],[-84.482616,39.154257]]]}},{"type":"Feature","properties":{"pid":"011100030092"},"geometry":{"type":"Polygon","coordinates":[[[-84.482616,39.154257],[-84.483053,39.153909],[-84.483354,39.154443],[-84.483136,39.154628],[-84.482616,39.154257]]]}},{"type":"Feature","properties":{"pid":"011100030086"},"geometry":{"type":"Polygon","coordinates":[[[-84.482616,39.154257],[-84.483053,39.153909],[-84.483354,39.154443],[-84.483136,39.154628],[-84.482616,39.154257]]]}},{"type":"Feature","properties":{"pid":"011100030114"},"geometry":{"type":"Polygon","coordinates":[[[-84.482616,39.154257],[-84.483053,39.153909],[-84.483354,39.154443],[-84.483136,39.154628],[-84.482616,39.154257]]]}},{"type":"Feature","properties":{"pid":"011100030096"},"geometry":{"type":"Polygon","coordinates":[[[-84.482616,39.154257],[-84.483053,39.153909],[-84.483354,39.154443],[-84.483136,39.154628],[-84.482616,39.154257]]]}},{"type":"Feature","properties":{"pid":"011100030073"},"geometry":{"type":"Polygon","coordinates":[[[-84.482616,39.154257],[-84.483053,39.153909],[-84.483354,39.154443],[-84.483136,39.154628],[-84.482616,39.154257]]]}},{"type":"Feature","properties":{"pid":"011100030121"},"geometry":{"type":"Polygon","coordinates":[[[-84.482616,39.154257],[-84.483053,39.153909],[-84.483354,39.154443],[-84.483136,39.154628],[-84.482616,39.154257]]]}},{"type":"Feature","properties":{"pid":"011100030070"},"geometry":{"type":"Polygon","coordinates":[[[-84.482616,39.154257],[-84.483053,39.153909],[-84.483354,39.154443],[-84.483136,39.154628],[-84.482616,39.154257]]]}},{"type":"Feature","properties":{"pid":"011100030084"},"geometry":{"type":"Polygon","coordinates":[[[-84.482616,39.154257],[-84.483053,39.153909],[-84.483354,39.154443],[-84.483136,39.154628],[-84.482616,39.154257]]]}},{"type":"Feature","properties":{"pid":"011100030112"},"geometry":{"type":"Polygon","coordinates":[[[-84.482616,39.154257],[-84.483053,39.153909],[-84.483354,39.154443],[-84.483136,39.154628],[-84.482616,39.154257]]]}},{"type":"Feature","properties":{"pid":"011100030078"},"geometry":{"type":"Polygon","coordinates":[[[-84.482616,39.154257],[-84.483053,39.153909],[-84.483354,39.154443],[-84.483136,39.154628],[-84.482616,39.154257]]]}},{"type":"Feature","properties":{"pid":"011100030099"},"geometry":{"type":"Polygon","coordinates":[[[-84.482616,39.154257],[-84.483053,39.153909],[-84.483354,39.154443],[-84.483136,39.154628],[-84.482616,39.154257]]]}},{"type":"Feature","properties":{"pid":"011100030033"},"geometry":{"type":"Polygon","coordinates":[[[-84.482616,39.154257],[-84.483053,39.153909],[-84.483354,39.154443],[-84.483136,39.154628],[-84.482616,39.154257]]]}},{"type":"Feature","properties":{"pid":"011100030104"},"geometry":{"type":"Polygon","coordinates":[[[-84.482616,39.154257],[-84.483053,39.153909],[-84.483354,39.154443],[-84.483136,39.154628],[-84.482616,39.154257]]]}},{"type":"Feature","properties":{"pid":"011100030058"},"geometry":{"type":"Polygon","coordinates":[[[-84.482616,39.154257],[-84.483053,39.153909],[-84.483354,39.154443],[-84.483136,39.154628],[-84.482616,39.154257]]]}},{"type":"Feature","properties":{"pid":"011100030043"},"geometry":{"type":"Polygon","coordinates":[[[-84.482616,39.154257],[-84.483053,39.153909],[-84.483354,39.154443],[-84.483136,39.154628],[-84.482616,39.154257]]]}},{"type":"Feature","properties":{"pid":"011100030051"},"geometry":{"type":"Polygon","coordinates":[[[-84.482616,39.154257],[-84.483053,39.153909],[-84.483354,39.154443],[-84.483136,39.154628],[-84.482616,39.154257]]]}},{"type":"Feature","properties":{"pid":"011100030063"},"geometry":{"type":"Polygon","coordinates":[[[-84.482616,39.154257],[-84.483053,39.153909],[-84.483354,39.154443],[-84.483136,39.154628],[-84.482616,39.154257]]]}},{"type":"Feature","properties":{"pid":"011100030067"},"geometry":{"type":"Polygon","coordinates":[[[-84.482616,39.154257],[-84.483053,39.153909],[-84.483354,39.154443],[-84.483136,39.154628],[-84.482616,39.154257]]]}},{"type":"Feature","properties":{"pid":"011100030040"},"geometry":{"type":"Polygon","coordinates":[[[-84.482616,39.154257],[-84.483053,39.153909],[-84.483354,39.154443],[-84.483136,39.154628],[-84.482616,39.154257]]]}},{"type":"Feature","properties":{"pid":"011100030041"},"geometry":{"type":"Polygon","coordinates":[[[-84.482616,39.154257],[-84.483053,39.153909],[-84.483354,39.154443],[-84.483136,39.154628],[-84.482616,39.154257]]]}},{"type":"Feature","properties":{"pid":"011100030060"},"geometry":{"type":"Polygon","coordinates":[[[-84.482616,39.154257],[-84.483053,39.153909],[-84.483354,39.154443],[-84.483136,39.154628],[-84.482616,39.154257]]]}},{"type":"Feature","properties":{"pid":"011100030082"},"geometry":{"type":"Polygon","coordinates":[[[-84.482616,39.154257],[-84.483053,39.153909],[-84.483354,39.154443],[-84.483136,39.154628],[-84.482616,39.154257]]]}},{"type":"Feature","properties":{"pid":"011100030074"},"geometry":{"type":"Polygon","coordinates":[[[-84.482616,39.154257],[-84.483053,39.153909],[-84.483354,39.154443],[-84.483136,39.154628],[-84.482616,39.154257]]]}},{"type":"Feature","properties":{"pid":"011100030030"},"geometry":{"type":"Polygon","coordinates":[[[-84.482616,39.154257],[-84.483053,39.153909],[-84.483354,39.154443],[-84.483136,39.154628],[-84.482616,39.154257]]]}},{"type":"Feature","properties":{"pid":"011100030119"},"geometry":{"type":"Polygon","coordinates":[[[-84.482616,39.154257],[-84.483053,39.153909],[-84.483354,39.154443],[-84.483136,39.154628],[-84.482616,39.154257]]]}},{"type":"Feature","properties":{"pid":"011100030100"},"geometry":{"type":"Polygon","coordinates":[[[-84.482616,39.154257],[-84.483053,39.153909],[-84.483354,39.154443],[-84.483136,39.154628],[-84.482616,39.154257]]]}},{"type":"Feature","properties":{"pid":"011100030050"},"geometry":{"type":"Polygon","coordinates":[[[-84.482616,39.154257],[-84.483053,39.153909],[-84.483354,39.154443],[-84.483136,39.154628],[-84.482616,39.154257]]]}},{"type":"Feature","properties":{"pid":"011100030076"},"geometry":{"type":"Polygon","coordinates":[[[-84.482616,39.154257],[-84.483053,39.153909],[-84.483354,39.154443],[-84.483136,39.154628],[-84.482616,39.154257]]]}},{"type":"Feature","properties":{"pid":"011100030069"},"geometry":{"type":"Polygon","coordinates":[[[-84.482616,39.154257],[-84.483053,39.153909],[-84.483354,39.154443],[-84.483136,39.154628],[-84.482616,39.154257]]]}},{"type":"Feature","properties":{"pid":"011100030095"},"geometry":{"type":"Polygon","coordinates":[[[-84.482616,39.154257],[-84.483053,39.153909],[-84.483354,39.154443],[-84.483136,39.154628],[-84.482616,39.154257]]]}},{"type":"Feature","properties":{"pid":"011100030093"},"geometry":{"type":"Polygon","coordinates":[[[-84.482616,39.154257],[-84.483053,39.153909],[-84.483354,39.154443],[-84.483136,39.154628],[-84.482616,39.154257]]]}},{"type":"Feature","properties":{"pid":"011100030071"},"geometry":{"type":"Polygon","coordinates":[[[-84.482616,39.154257],[-84.483053,39.153909],[-84.483354,39.154443],[-84.483136,39.154628],[-84.482616,39.154257]]]}},{"type":"Feature","properties":{"pid":"011100030079"},"geometry":{"type":"Polygon","coordinates":[[[-84.482616,39.154257],[-84.483053,39.153909],[-84.483354,39.154443],[-84.483136,39.154628],[-84.482616,39.154257]]]}},{"type":"Feature","properties":{"pid":"011100030057"},"geometry":{"type":"Polygon","coordinates":[[[-84.482616,39.154257],[-84.483053,39.153909],[-84.483354,39.154443],[-84.483136,39.154628],[-84.482616,39.154257]]]}},{"type":"Feature","properties":{"pid":"011100030047"},"geometry":{"type":"Polygon","coordinates":[[[-84.482616,39.154257],[-84.483053,39.153909],[-84.483354,39.154443],[-84.483136,39.154628],[-84.482616,39.154257]]]}},{"type":"Feature","properties":{"pid":"011100030042"},"geometry":{"type":"Polygon","coordinates":[[[-84.482616,39.154257],[-84.483053,39.153909],[-84.483354,39.154443],[-84.483136,39.154628],[-84.482616,39.154257]]]}},{"type":"Feature","properties":{"pid":"011100030091"},"geometry":{"type":"Polygon","coordinates":[[[-84.482616,39.154257],[-84.483053,39.153909],[-84.483354,39.154443],[-84.483136,39.154628],[-84.482616,39.154257]]]}},{"type":"Feature","properties":{"pid":"011100030031"},"geometry":{"type":"Polygon","coordinates":[[[-84.482616,39.154257],[-84.483053,39.153909],[-84.483354,39.154443],[-84.483136,39.154628],[-84.482616,39.154257]]]}},{"type":"Feature","properties":{"pid":"011100030083"},"geometry":{"type":"Polygon","coordinates":[[[-84.482616,39.154257],[-84.483053,39.153909],[-84.483354,39.154443],[-84.483136,39.154628],[-84.482616,39.154257]]]}},{"type":"Feature","properties":{"pid":"011100030068"},"geometry":{"type":"Polygon","coordinates":[[[-84.482616,39.154257],[-84.483053,39.153909],[-84.483354,39.154443],[-84.483136,39.154628],[-84.482616,39.154257]]]}},{"type":"Feature","properties":{"pid":"011100030044"},"geometry":{"type":"Polygon","coordinates":[[[-84.482616,39.154257],[-84.483053,39.153909],[-84.483354,39.154443],[-84.483136,39.154628],[-84.482616,39.154257]]]}},{"type":"Feature","properties":{"pid":"011100030061"},"geometry":{"type":"Polygon","coordinates":[[[-84.482616,39.154257],[-84.483053,39.153909],[-84.483354,39.154443],[-84.483136,39.154628],[-84.482616,39.154257]]]}},{"type":"Feature","properties":{"pid":"011100030065"},"geometry":{"type":"Polygon","coordinates":[[[-84.482616,39.154257],[-84.483053,39.153909],[-84.483354,39.154443],[-84.483136,39.154628],[-84.482616,39.154257]]]}},{"type":"Feature","properties":{"pid":"011100030109"},"geometry":{"type":"Polygon","coordinates":[[[-84.482616,39.154257],[-84.483053,39.153909],[-84.483354,39.154443],[-84.483136,39.154628],[-84.482616,39.154257]]]}},{"type":"Feature","properties":{"pid":"011100030075"},"geometry":{"type":"Polygon","coordinates":[[[-84.482616,39.154257],[-84.483053,39.153909],[-84.483354,39.154443],[-84.483136,39.154628],[-84.482616,39.154257]]]}},{"type":"Feature","properties":{"pid":"011100030037"},"geometry":{"type":"Polygon","coordinates":[[[-84.482616,39.154257],[-84.483053,39.153909],[-84.483354,39.154443],[-84.483136,39.154628],[-84.482616,39.154257]]]}},{"type":"Feature","properties":{"pid":"011100030101"},"geometry":{"type":"Polygon","coordinates":[[[-84.482616,39.154257],[-84.483053,39.153909],[-84.483354,39.154443],[-84.483136,39.154628],[-84.482616,39.154257]]]}},{"type":"Feature","properties":{"pid":"011100030107"},"geometry":{"type":"Polygon","coordinates":[[[-84.482616,39.154257],[-84.483053,39.153909],[-84.483354,39.154443],[-84.483136,39.154628],[-84.482616,39.154257]]]}},{"type":"Feature","properties":{"pid":"011100030123"},"geometry":{"type":"Polygon","coordinates":[[[-84.482616,39.154257],[-84.483053,39.153909],[-84.483354,39.154443],[-84.483136,39.154628],[-84.482616,39.154257]]]}},{"type":"Feature","properties":{"pid":"011100030098"},"geometry":{"type":"Polygon","coordinates":[[[-84.482616,39.154257],[-84.483053,39.153909],[-84.483354,39.154443],[-84.483136,39.154628],[-84.482616,39.154257]]]}},{"type":"Feature","properties":{"pid":"011100030085"},"geometry":{"type":"Polygon","coordinates":[[[-84.482616,39.154257],[-84.483053,39.153909],[-84.483354,39.154443],[-84.483136,39.154628],[-84.482616,39.154257]]]}},{"type":"Feature","properties":{"pid":"011100030039"},"geometry":{"type":"Polygon","coordinates":[[[-84.482616,39.154257],[-84.483053,39.153909],[-84.483354,39.154443],[-84.483136,39.154628],[-84.482616,39.154257]]]}},{"type":"Feature","properties":{"pid":"011100030080"},"geometry":{"type":"Polygon","coordinates":[[[-84.482616,39.154257],[-84.483053,39.153909],[-84.483354,39.154443],[-84.483136,39.154628],[-84.482616,39.154257]]]}},{"type":"Feature","properties":{"pid":"011100030110"},"geometry":{"type":"Polygon","coordinates":[[[-84.482616,39.154257],[-84.483053,39.153909],[-84.483354,39.154443],[-84.483136,39.154628],[-84.482616,39.154257]]]}},{"type":"Feature","properties":{"pid":"011100030088"},"geometry":{"type":"Polygon","coordinates":[[[-84.482616,39.154257],[-84.483053,39.153909],[-84.483354,39.154443],[-84.483136,39.154628],[-84.482616,39.154257]]]}},{"type":"Feature","properties":{"pid":"011100030120"},"geometry":{"type":"Polygon","coordinates":[[[-84.482616,39.154257],[-84.483053,39.153909],[-84.483354,39.154443],[-84.483136,39.154628],[-84.482616,39.154257]]]}},{"type":"Feature","properties":{"pid":"010500030092"},"geometry":{"type":"Polygon","coordinates":[[[-84.490932,39.139621],[-84.490774,39.139616],[-84.490816,39.139262],[-84.490953,39.139271],[-84.490932,39.139621]]]}},{"type":"Feature","properties":{"pid":"010500030094"},"geometry":{"type":"Polygon","coordinates":[[[-84.490651,39.139613],[-84.490528,39.139609],[-84.490552,39.13941],[-84.490674,39.139419],[-84.490651,39.139613]]]}},{"type":"Feature","properties":{"pid":"010500030095"},"geometry":{"type":"Polygon","coordinates":[[[-84.490561,39.139328],[-84.490571,39.139247],[-84.490815,39.139265],[-84.490806,39.139346],[-84.490561,39.139328]]]}},{"type":"Feature","properties":{"pid":"010500030100"},"geometry":{"type":"Polygon","coordinates":[[[-84.491108,39.139626],[-84.490932,39.139621],[-84.490953,39.139271],[-84.491155,39.139286],[-84.491108,39.139626]]]}},{"type":"Feature","properties":{"pid":"010500020039"},"geometry":{"type":"Polygon","coordinates":[[[-84.494989,39.137473],[-84.495218,39.137137],[-84.495389,39.137172],[-84.495155,39.137514],[-84.494989,39.137473]]]}},{"type":"Feature","properties":{"pid":"011500050054"},"geometry":{"type":"Polygon","coordinates":[[[-84.487968,39.160606],[-84.487551,39.16085],[-84.487382,39.160684],[-84.487744,39.160473],[-84.487968,39.160606]]]}},{"type":"Feature","properties":{"pid":"011500050055"},"geometry":{"type":"Polygon","coordinates":[[[-84.487792,39.161063],[-84.487581,39.160867],[-84.487998,39.160624],[-84.488265,39.160813],[-84.487792,39.161063]]]}},{"type":"Feature","properties":{"pid":"021600430002"},"geometry":{"type":"Polygon","coordinates":[[[-84.50044,39.148575],[-84.499557,39.148517],[-84.499587,39.148243],[-84.500464,39.148354],[-84.50044,39.148575]]]}},{"type":"Feature","properties":{"pid":"021600390300"},"geometry":{"type":"Polygon","coordinates":[[[-84.499864,39.149002],[-84.499525,39.148868],[-84.499557,39.148517],[-84.49963,39.148522],[-84.499976,39.148942],[-84.499864,39.149002]]]}},{"type":"Feature","properties":{"pid":"010800050010"},"geometry":{"type":"Polygon","coordinates":[[[-84.481043,39.150085],[-84.480907,39.149984],[-84.481398,39.149579],[-84.481536,39.149678],[-84.481043,39.150085]]]}},{"type":"Feature","properties":{"pid":"011000010032"},"geometry":{"type":"Polygon","coordinates":[[[-84.482309,39.152353],[-84.482124,39.152221],[-84.482492,39.151925],[-84.482659,39.15205],[-84.482309,39.152353]]]}},{"type":"Feature","properties":{"pid":"011500040036"},"geometry":{"type":"Polygon","coordinates":[[[-84.486451,39.157255],[-84.486324,39.15711],[-84.486746,39.156884],[-84.486873,39.157026],[-84.486451,39.157255]]]}},{"type":"Feature","properties":{"pid":"011100020008"},"geometry":{"type":"Polygon","coordinates":[[[-84.478952,39.164],[-84.47599,39.163813],[-84.476116,39.162524],[-84.479108,39.16271],[-84.478952,39.164]]]}},{"type":"Feature","properties":{"pid":"011300040149"},"geometry":{"type":"Polygon","coordinates":[[[-84.501403,39.142851],[-84.501871,39.142876],[-84.502242,39.142849],[-84.502599,39.142764],[-84.502925,39.142624],[-84.502898,39.142863],[-84.50271,39.142935],[-84.501403,39.142851]]]}},{"type":"Feature","properties":{"pid":"01160002L066"},"geometry":{"type":"Polygon","coordinates":[[[-84.478515,39.16812],[-84.478505,39.168218],[-84.477987,39.168227],[-84.477999,39.168114],[-84.478515,39.16812]]]}},{"type":"Feature","properties":{"pid":"010800060042"},"geometry":{"type":"Polygon","coordinates":[[[-84.480148,39.148611],[-84.480655,39.148649],[-84.480637,39.148816],[-84.480129,39.148778],[-84.480148,39.148611]]]}},{"type":"Feature","properties":{"pid":"021600430025"},"geometry":{"type":"Polygon","coordinates":[[[-84.501733,39.14684],[-84.501558,39.146828],[-84.501601,39.146434],[-84.501777,39.146443],[-84.501733,39.14684]]]}},{"type":"Feature","properties":{"pid":"021600430026"},"geometry":{"type":"Polygon","coordinates":[[[-84.501909,39.146852],[-84.501733,39.14684],[-84.501777,39.146443],[-84.501953,39.146452],[-84.501909,39.146852]]]}},{"type":"Feature","properties":{"pid":"021600430027"},"geometry":{"type":"Polygon","coordinates":[[[-84.502129,39.146461],[-84.502085,39.146864],[-84.501909,39.146852],[-84.501953,39.146452],[-84.502129,39.146461]]]}},{"type":"Feature","properties":{"pid":"021600450040"},"geometry":{"type":"Polygon","coordinates":[[[-84.50154,39.150091],[-84.501524,39.150022],[-84.502382,39.149807],[-84.502453,39.149932],[-84.501982,39.150119],[-84.50154,39.150091]]]}},{"type":"Feature","properties":{"pid":"021600450041"},"geometry":{"type":"Polygon","coordinates":[[[-84.502382,39.149807],[-84.501524,39.150022],[-84.501472,39.149774],[-84.502339,39.149676],[-84.502382,39.149807]]]}},{"type":"Feature","properties":{"pid":"021600450042"},"geometry":{"type":"Polygon","coordinates":[[[-84.501472,39.149774],[-84.501415,39.149539],[-84.502327,39.149556],[-84.502339,39.149676],[-84.501472,39.149774]]]}},{"type":"Feature","properties":{"pid":"011000010025"},"geometry":{"type":"Polygon","coordinates":[[[-84.483614,39.152743],[-84.483252,39.153044],[-84.483086,39.152919],[-84.483143,39.152745],[-84.483358,39.152563],[-84.483614,39.152743]]]}},{"type":"Feature","properties":{"pid":"011000010027"},"geometry":{"type":"Polygon","coordinates":[[[-84.483358,39.152563],[-84.483007,39.15286],[-84.48273,39.152655],[-84.483065,39.152353],[-84.483358,39.152563]]]}},{"type":"Feature","properties":{"pid":"011000010058"},"geometry":{"type":"Polygon","coordinates":[[[-84.483374,39.152549],[-84.483232,39.152472],[-84.483336,39.152157],[-84.483469,39.15206],[-84.483731,39.152255],[-84.483374,39.152549]]]}},{"type":"Feature","properties":{"pid":"011500050035"},"geometry":{"type":"Polygon","coordinates":[[[-84.486411,39.161181],[-84.486125,39.16077],[-84.486365,39.160671],[-84.486647,39.161077],[-84.486411,39.161181]]]}},{"type":"Feature","properties":{"pid":"011500050049"},"geometry":{"type":"Polygon","coordinates":[[[-84.486801,39.16145],[-84.486711,39.161491],[-84.486411,39.161181],[-84.48655,39.161119],[-84.486801,39.16145]]]}},{"type":"Feature","properties":{"pid":"011500050052"},"geometry":{"type":"Polygon","coordinates":[[[-84.487192,39.160794],[-84.487538,39.161173],[-84.487303,39.161275],[-84.487015,39.160898],[-84.487192,39.160794]]]}},{"type":"Feature","properties":{"pid":"011600020018"},"geometry":{"type":"Polygon","coordinates":[[[-84.477599,39.163914],[-84.477949,39.163936],[-84.477937,39.164378],[-84.47756,39.16433],[-84.477599,39.163914]]]}},{"type":"Feature","properties":{"pid":"011600020019"},"geometry":{"type":"Polygon","coordinates":[[[-84.477542,39.164329],[-84.477121,39.164302],[-84.477161,39.163887],[-84.477435,39.163904],[-84.477542,39.164329]]]}},{"type":"Feature","properties":{"pid":"011600020030"},"geometry":{"type":"Polygon","coordinates":[[[-84.474488,39.164135],[-84.474281,39.164069],[-84.474168,39.163698],[-84.474528,39.163721],[-84.474488,39.164135]]]}},{"type":"Feature","properties":{"pid":"011600020031"},"geometry":{"type":"Polygon","coordinates":[[[-84.474281,39.164069],[-84.474172,39.164101],[-84.47321,39.163651],[-84.474168,39.163698],[-84.474281,39.164069]]]}},{"type":"Feature","properties":{"pid":"011600020032"},"geometry":{"type":"Polygon","coordinates":[[[-84.474172,39.164101],[-84.474135,39.16414],[-84.473188,39.163889],[-84.47321,39.163651],[-84.474172,39.164101]]]}},{"type":"Feature","properties":{"pid":"011600020036"},"geometry":{"type":"Polygon","coordinates":[[[-84.474073,39.164671],[-84.473332,39.16462],[-84.473119,39.164605],[-84.474155,39.164273],[-84.474257,39.164319],[-84.474073,39.164671]]]}},{"type":"Feature","properties":{"pid":"011600020037"},"geometry":{"type":"Polygon","coordinates":[[[-84.474363,39.164689],[-84.474073,39.164671],[-84.474257,39.164319],[-84.474402,39.16429],[-84.474363,39.164689]]]}},{"type":"Feature","properties":{"pid":"011600020063"},"geometry":{"type":"Polygon","coordinates":[[[-84.47736,39.164874],[-84.477314,39.164871],[-84.477353,39.164457],[-84.477424,39.164461],[-84.47736,39.164874]]]}},{"type":"Feature","properties":{"pid":"011600020264"},"geometry":{"type":"Polygon","coordinates":[[[-84.477599,39.163914],[-84.477542,39.164329],[-84.477435,39.163904],[-84.477599,39.163914]]]}},{"type":"Feature","properties":{"pid":"011000010043"},"geometry":{"type":"Polygon","coordinates":[[[-84.48181,39.151432],[-84.481602,39.151281],[-84.481969,39.150972],[-84.482165,39.151113],[-84.48181,39.151432]]]}},{"type":"Feature","properties":{"pid":"021600450043"},"geometry":{"type":"Polygon","coordinates":[[[-84.502327,39.149556],[-84.501415,39.149539],[-84.501385,39.149391],[-84.502338,39.149444],[-84.502327,39.149556]]]}},{"type":"Feature","properties":{"pid":"021600390204"},"geometry":{"type":"Polygon","coordinates":[[[-84.500539,39.148993],[-84.500598,39.148586],[-84.501236,39.148629],[-84.50127,39.148817],[-84.500709,39.149013],[-84.500539,39.148993]]]}},{"type":"Feature","properties":{"pid":"010500020036"},"geometry":{"type":"Polygon","coordinates":[[[-84.494931,39.137457],[-84.494989,39.137473],[-84.495747,39.137659],[-84.495546,39.13788],[-84.494787,39.137666],[-84.494931,39.137457]]]}},{"type":"Feature","properties":{"pid":"011500050053"},"geometry":{"type":"Polygon","coordinates":[[[-84.487792,39.161063],[-84.487538,39.161173],[-84.487192,39.160794],[-84.487382,39.160684],[-84.487792,39.161063]]]}},{"type":"Feature","properties":{"pid":"011500050032"},"geometry":{"type":"Polygon","coordinates":[[[-84.487382,39.160684],[-84.487153,39.160817],[-84.486807,39.160451],[-84.487021,39.160323],[-84.487382,39.160684]]]}},{"type":"Feature","properties":{"pid":"011500050033"},"geometry":{"type":"Polygon","coordinates":[[[-84.486807,39.160451],[-84.487153,39.160817],[-84.486908,39.160962],[-84.48659,39.160566],[-84.486807,39.160451]]]}},{"type":"Feature","properties":{"pid":"011500050051"},"geometry":{"type":"Polygon","coordinates":[[[-84.487015,39.160898],[-84.487303,39.161275],[-84.48698,39.161385],[-84.486702,39.161052],[-84.487015,39.160898]]]}},{"type":"Feature","properties":{"pid":"021600450045"},"geometry":{"type":"Polygon","coordinates":[[[-84.502357,39.14928],[-84.50135,39.149218],[-84.501323,39.149079],[-84.502372,39.14915],[-84.502357,39.14928]]]}},{"type":"Feature","properties":{"pid":"021600450046"},"geometry":{"type":"Polygon","coordinates":[[[-84.502372,39.14915],[-84.501323,39.149079],[-84.501295,39.148941],[-84.502389,39.149008],[-84.502372,39.14915]]]}},{"type":"Feature","properties":{"pid":"021600450047"},"geometry":{"type":"Polygon","coordinates":[[[-84.502389,39.149008],[-84.501295,39.148941],[-84.501266,39.148797],[-84.502405,39.148869],[-84.502389,39.149008]]]}},{"type":"Feature","properties":{"pid":"021600450048"},"geometry":{"type":"Polygon","coordinates":[[[-84.502405,39.148869],[-84.501266,39.148797],[-84.501236,39.148629],[-84.502413,39.148709],[-84.502405,39.148869]]]}},{"type":"Feature","properties":{"pid":"011300040185"},"geometry":{"type":"Polygon","coordinates":[[[-84.501574,39.143054],[-84.501891,39.143068],[-84.501848,39.143462],[-84.50169,39.143452],[-84.501708,39.143287],[-84.50155,39.143271],[-84.501574,39.143054]]]}},{"type":"Feature","properties":{"pid":"011300020004"},"geometry":{"type":"Polygon","coordinates":[[[-84.499534,39.148789],[-84.498919,39.148731],[-84.498943,39.148464],[-84.499557,39.148517],[-84.499534,39.148789]]]}},{"type":"Feature","properties":{"pid":"011300020005"},"geometry":{"type":"Polygon","coordinates":[[[-84.498943,39.148464],[-84.498974,39.14819],[-84.499587,39.148243],[-84.499557,39.148517],[-84.498943,39.148464]]]}},{"type":"Feature","properties":{"pid":"011300020079"},"geometry":{"type":"Polygon","coordinates":[[[-84.499593,39.147058],[-84.499103,39.147017],[-84.499109,39.146959],[-84.4996,39.147001],[-84.499593,39.147058]]]}},{"type":"Feature","properties":{"pid":"010800010073"},"geometry":{"type":"Polygon","coordinates":[[[-84.48659,39.14585],[-84.486616,39.14545],[-84.486792,39.145457],[-84.486766,39.145857],[-84.48659,39.14585]]]}},{"type":"Feature","properties":{"pid":"010800010075"},"geometry":{"type":"Polygon","coordinates":[[[-84.486238,39.145836],[-84.486264,39.145436],[-84.48644,39.145443],[-84.486414,39.145843],[-84.486238,39.145836]]]}},{"type":"Feature","properties":{"pid":"010600030128"},"geometry":{"type":"Polygon","coordinates":[[[-84.495352,39.138778],[-84.495408,39.138596],[-84.495546,39.138612],[-84.495516,39.138811],[-84.495352,39.138778]]]}},{"type":"Feature","properties":{"pid":"011300020081"},"geometry":{"type":"Polygon","coordinates":[[[-84.499672,39.147145],[-84.499094,39.147096],[-84.499103,39.147017],[-84.499681,39.147066],[-84.499672,39.147145]]]}},{"type":"Feature","properties":{"pid":"011300020082"},"geometry":{"type":"Polygon","coordinates":[[[-84.499688,39.146999],[-84.49911,39.14695],[-84.499124,39.146822],[-84.499702,39.146872],[-84.499688,39.146999]]]}},{"type":"Feature","properties":{"pid":"021600430007"},"geometry":{"type":"Polygon","coordinates":[[[-84.500434,39.146978],[-84.500258,39.146969],[-84.500324,39.146367],[-84.5005,39.146377],[-84.500434,39.146978]]]}},{"type":"Feature","properties":{"pid":"021600430054"},"geometry":{"type":"Polygon","coordinates":[[[-84.501204,39.146413],[-84.501147,39.147016],[-84.500962,39.147006],[-84.501028,39.146404],[-84.501204,39.146413]]]}},{"type":"Feature","properties":{"pid":"021600430055"},"geometry":{"type":"Polygon","coordinates":[[[-84.500962,39.147006],[-84.500789,39.146997],[-84.500856,39.146395],[-84.501028,39.146404],[-84.500962,39.147006]]]}},{"type":"Feature","properties":{"pid":"011300020101"},"geometry":{"type":"Polygon","coordinates":[[[-84.499735,39.146895],[-84.499124,39.146822],[-84.499184,39.146274],[-84.499798,39.146326],[-84.499735,39.146895]]]}},{"type":"Feature","properties":{"pid":"011500040061"},"geometry":{"type":"Polygon","coordinates":[[[-84.488513,39.157844],[-84.488811,39.15754],[-84.489038,39.157676],[-84.488741,39.157973],[-84.488513,39.157844]]]}},{"type":"Feature","properties":{"pid":"010500010061"},"geometry":{"type":"Polygon","coordinates":[[[-84.495724,39.134914],[-84.495649,39.134877],[-84.495668,39.134663],[-84.495746,39.134666],[-84.495724,39.134914]]]}},{"type":"Feature","properties":{"pid":"010500010312"},"geometry":{"type":"Polygon","coordinates":[[[-84.494803,39.135241],[-84.494563,39.135232],[-84.494552,39.135125],[-84.494812,39.135139],[-84.494803,39.135241]]]}},{"type":"Feature","properties":{"pid":"011300030031"},"geometry":{"type":"Polygon","coordinates":[[[-84.497082,39.14975],[-84.497062,39.149669],[-84.497581,39.149623],[-84.497578,39.149674],[-84.497082,39.14975]]]}},{"type":"Feature","properties":{"pid":"011600040004"},"geometry":{"type":"Polygon","coordinates":[[[-84.472583,39.158334],[-84.47305,39.158365],[-84.474396,39.158455],[-84.473967,39.159125],[-84.472768,39.159045],[-84.472583,39.158334]]]}},{"type":"Feature","properties":{"pid":"010800030057"},"geometry":{"type":"Polygon","coordinates":[[[-84.484144,39.147639],[-84.483835,39.147477],[-84.484105,39.147253],[-84.484486,39.147061],[-84.484594,39.147138],[-84.484279,39.147296],[-84.484501,39.147444],[-84.484144,39.147639]]]}},{"type":"Feature","properties":{"pid":"010800030059"},"geometry":{"type":"Polygon","coordinates":[[[-84.484105,39.147253],[-84.483992,39.147347],[-84.483734,39.147159],[-84.483922,39.147008],[-84.484105,39.147253]]]}},{"type":"Feature","properties":{"pid":"021600390302"},"geometry":{"type":"Polygon","coordinates":[[[-84.500369,39.14857],[-84.500297,39.149021],[-84.500132,39.149005],[-84.500095,39.148981],[-84.500139,39.148555],[-84.500369,39.14857]]]}},{"type":"Feature","properties":{"pid":"011200060012"},"geometry":{"type":"Polygon","coordinates":[[[-84.492175,39.147822],[-84.492405,39.147865],[-84.492388,39.147999],[-84.492135,39.147951],[-84.492175,39.147822]]]}},{"type":"Feature","properties":{"pid":"011300020020"},"geometry":{"type":"Polygon","coordinates":[[[-84.497603,39.149175],[-84.497618,39.14885],[-84.498028,39.148872],[-84.498018,39.148933],[-84.498711,39.14899],[-84.498684,39.149263],[-84.497603,39.149175]]]}},{"type":"Feature","properties":{"pid":"011300020131"},"geometry":{"type":"Polygon","coordinates":[[[-84.497871,39.148065],[-84.497584,39.148371],[-84.497484,39.148304],[-84.497737,39.147986],[-84.497871,39.148065]]]}},{"type":"Feature","properties":{"pid":"011300020128"},"geometry":{"type":"Polygon","coordinates":[[[-84.498091,39.14849],[-84.497943,39.148456],[-84.498107,39.148183],[-84.498229,39.148221],[-84.498141,39.148469],[-84.498091,39.14849]]]}},{"type":"Feature","properties":{"pid":"011300020126"},"geometry":{"type":"Polygon","coordinates":[[[-84.498428,39.148699],[-84.498062,39.148668],[-84.498091,39.14849],[-84.498141,39.148469],[-84.498229,39.148221],[-84.498323,39.148241],[-84.498296,39.148484],[-84.498451,39.148494],[-84.498428,39.148699]]]}},{"type":"Feature","properties":{"pid":"011300020040"},"geometry":{"type":"Polygon","coordinates":[[[-84.49709,39.147655],[-84.49658,39.147576],[-84.496607,39.147382],[-84.497178,39.147477],[-84.49709,39.147655]]]}},{"type":"Feature","properties":{"pid":"011500040090"},"geometry":{"type":"Polygon","coordinates":[[[-84.489217,39.157782],[-84.488811,39.15754],[-84.489104,39.157243],[-84.489236,39.157465],[-84.489217,39.157782]]]}},{"type":"Feature","properties":{"pid":"021600430003"},"geometry":{"type":"Polygon","coordinates":[[[-84.5005,39.148028],[-84.499617,39.14797],[-84.499638,39.147778],[-84.500521,39.147837],[-84.5005,39.148028]]]}},{"type":"Feature","properties":{"pid":"021600430029"},"geometry":{"type":"Polygon","coordinates":[[[-84.502436,39.146887],[-84.50226,39.146875],[-84.502305,39.146471],[-84.502481,39.14648],[-84.502436,39.146887]]]}},{"type":"Feature","properties":{"pid":"021600430030"},"geometry":{"type":"Polygon","coordinates":[[[-84.502612,39.146899],[-84.502436,39.146887],[-84.502481,39.14648],[-84.502657,39.146489],[-84.502612,39.146899]]]}},{"type":"Feature","properties":{"pid":"011200060081"},"geometry":{"type":"Polygon","coordinates":[[[-84.492599,39.146934],[-84.492584,39.147054],[-84.492058,39.14701],[-84.492074,39.14689],[-84.492599,39.146934]]]}},{"type":"Feature","properties":{"pid":"011200060048"},"geometry":{"type":"Polygon","coordinates":[[[-84.49205,39.147136],[-84.492058,39.14701],[-84.492584,39.147054],[-84.492576,39.14718],[-84.49205,39.147136]]]}},{"type":"Feature","properties":{"pid":"011200060015"},"geometry":{"type":"Polygon","coordinates":[[[-84.492046,39.147277],[-84.49205,39.147136],[-84.492576,39.14718],[-84.492579,39.147089],[-84.492635,39.147094],[-84.492618,39.14738],[-84.492046,39.147277]]]}},{"type":"Feature","properties":{"pid":"011200060117"},"geometry":{"type":"Polygon","coordinates":[[[-84.492044,39.147409],[-84.49262,39.147515],[-84.492569,39.147638],[-84.492042,39.147542],[-84.492044,39.147409]]]}},{"type":"Feature","properties":{"pid":"011200060065"},"geometry":{"type":"Polygon","coordinates":[[[-84.492895,39.147836],[-84.492039,39.147672],[-84.492042,39.147542],[-84.492961,39.147726],[-84.492895,39.147836]]]}},{"type":"Feature","properties":{"pid":"011200060014"},"geometry":{"type":"Polygon","coordinates":[[[-84.492044,39.147409],[-84.492046,39.147277],[-84.492669,39.147397],[-84.49262,39.147515],[-84.492044,39.147409]]]}},{"type":"Feature","properties":{"pid":"011200060109"},"geometry":{"type":"Polygon","coordinates":[[[-84.492669,39.147397],[-84.492831,39.14745],[-84.492796,39.147685],[-84.492569,39.147638],[-84.492669,39.147397]]]}},{"type":"Feature","properties":{"pid":"011200060108"},"geometry":{"type":"Polygon","coordinates":[[[-84.492831,39.14745],[-84.49308,39.14753],[-84.492961,39.147726],[-84.492796,39.147685],[-84.492831,39.14745]]]}},{"type":"Feature","properties":{"pid":"010700070256"},"geometry":{"type":"Polygon","coordinates":[[[-84.500063,39.141386],[-84.500088,39.141152],[-84.500229,39.141159],[-84.500204,39.141391],[-84.500063,39.141386]]]}},{"type":"Feature","properties":{"pid":"011200060096"},"geometry":{"type":"Polygon","coordinates":[[[-84.492421,39.147744],[-84.492405,39.147865],[-84.492003,39.14779],[-84.492039,39.147672],[-84.492421,39.147744]]]}},{"type":"Feature","properties":{"pid":"011200060011"},"geometry":{"type":"Polygon","coordinates":[[[-84.492003,39.14779],[-84.492175,39.147822],[-84.492135,39.147951],[-84.491963,39.147919],[-84.492003,39.14779]]]}},{"type":"Feature","properties":{"pid":"011200060083"},"geometry":{"type":"Polygon","coordinates":[[[-84.491925,39.148043],[-84.491963,39.147919],[-84.492388,39.147999],[-84.492371,39.148126],[-84.491925,39.148043]]]}},{"type":"Feature","properties":{"pid":"011200060086"},"geometry":{"type":"Polygon","coordinates":[[[-84.492371,39.148126],[-84.492421,39.147744],[-84.49254,39.147767],[-84.492488,39.148149],[-84.492371,39.148126]]]}},{"type":"Feature","properties":{"pid":"011200060079"},"geometry":{"type":"Polygon","coordinates":[[[-84.492488,39.148149],[-84.49254,39.147767],[-84.492674,39.147793],[-84.492621,39.148174],[-84.492488,39.148149]]]}},{"type":"Feature","properties":{"pid":"011200060066"},"geometry":{"type":"Polygon","coordinates":[[[-84.492621,39.148174],[-84.492674,39.147793],[-84.49281,39.147819],[-84.492758,39.148201],[-84.492621,39.148174]]]}},{"type":"Feature","properties":{"pid":"011200060089"},"geometry":{"type":"Polygon","coordinates":[[[-84.49281,39.147819],[-84.492949,39.147846],[-84.492897,39.148227],[-84.492758,39.148201],[-84.49281,39.147819]]]}},{"type":"Feature","properties":{"pid":"011200060085"},"geometry":{"type":"Polygon","coordinates":[[[-84.493052,39.148117],[-84.493426,39.148189],[-84.493407,39.148325],[-84.493034,39.148254],[-84.493052,39.148117]]]}},{"type":"Feature","properties":{"pid":"011200060090"},"geometry":{"type":"Polygon","coordinates":[[[-84.493034,39.148254],[-84.492897,39.148227],[-84.492949,39.147846],[-84.493018,39.147858],[-84.493,39.147991],[-84.493068,39.148004],[-84.493034,39.148254]]]}},{"type":"Feature","properties":{"pid":"011200060091"},"geometry":{"type":"Polygon","coordinates":[[[-84.493052,39.148117],[-84.493067,39.148008],[-84.493441,39.14808],[-84.493426,39.148189],[-84.493052,39.148117]]]}},{"type":"Feature","properties":{"pid":"011200060084"},"geometry":{"type":"Polygon","coordinates":[[[-84.493018,39.147858],[-84.49346,39.147939],[-84.493441,39.148076],[-84.493,39.147991],[-84.493018,39.147858]]]}},{"type":"Feature","properties":{"pid":"011200060054"},"geometry":{"type":"Polygon","coordinates":[[[-84.493488,39.14781],[-84.49346,39.147939],[-84.492895,39.147836],[-84.492948,39.147749],[-84.493488,39.14781]]]}},{"type":"Feature","properties":{"pid":"011200060055"},"geometry":{"type":"Polygon","coordinates":[[[-84.493037,39.147602],[-84.493531,39.147675],[-84.493488,39.14781],[-84.492948,39.147749],[-84.493037,39.147602]]]}},{"type":"Feature","properties":{"pid":"011200060056"},"geometry":{"type":"Polygon","coordinates":[[[-84.493037,39.147602],[-84.493131,39.147504],[-84.493572,39.147541],[-84.493531,39.147675],[-84.493037,39.147602]]]}},{"type":"Feature","properties":{"pid":"011200060057"},"geometry":{"type":"Polygon","coordinates":[[[-84.493572,39.147541],[-84.493131,39.147504],[-84.493148,39.14737],[-84.4936,39.147408],[-84.493572,39.147541]]]}},{"type":"Feature","properties":{"pid":"011200060058"},"geometry":{"type":"Polygon","coordinates":[[[-84.493173,39.14718],[-84.493625,39.147218],[-84.4936,39.147408],[-84.493148,39.14737],[-84.493173,39.14718]]]}},{"type":"Feature","properties":{"pid":"011200060061"},"geometry":{"type":"Polygon","coordinates":[[[-84.493173,39.14718],[-84.493131,39.147504],[-84.49308,39.14753],[-84.492956,39.14749],[-84.492998,39.147166],[-84.493173,39.14718]]]}},{"type":"Feature","properties":{"pid":"011200060060"},"geometry":{"type":"Polygon","coordinates":[[[-84.492823,39.147151],[-84.492998,39.147166],[-84.492956,39.14749],[-84.492786,39.147435],[-84.492823,39.147151]]]}},{"type":"Feature","properties":{"pid":"011200060062"},"geometry":{"type":"Polygon","coordinates":[[[-84.492698,39.147154],[-84.492823,39.147151],[-84.492786,39.147435],[-84.492667,39.147396],[-84.492698,39.147154]]]}},{"type":"Feature","properties":{"pid":"011200060016"},"geometry":{"type":"Polygon","coordinates":[[[-84.493744,39.146316],[-84.493672,39.146863],[-84.493097,39.146787],[-84.493166,39.146268],[-84.493744,39.146316]]]}},{"type":"Feature","properties":{"pid":"011200060076"},"geometry":{"type":"Polygon","coordinates":[[[-84.493251,39.146828],[-84.493672,39.146863],[-84.493654,39.146999],[-84.493233,39.146964],[-84.493251,39.146828]]]}},{"type":"Feature","properties":{"pid":"011200060075"},"geometry":{"type":"Polygon","coordinates":[[[-84.493215,39.147101],[-84.493233,39.146964],[-84.493654,39.146999],[-84.493636,39.147136],[-84.493215,39.147101]]]}},{"type":"Feature","properties":{"pid":"011200060074"},"geometry":{"type":"Polygon","coordinates":[[[-84.493062,39.146784],[-84.493255,39.1468],[-84.493215,39.147101],[-84.493023,39.147085],[-84.493062,39.146784]]]}},{"type":"Feature","properties":{"pid":"011200060068"},"geometry":{"type":"Polygon","coordinates":[[[-84.492602,39.146912],[-84.492953,39.146941],[-84.492935,39.147077],[-84.492706,39.147045],[-84.492579,39.147089],[-84.492602,39.146912]]]}},{"type":"Feature","properties":{"pid":"011100030017"},"geometry":{"type":"Polygon","coordinates":[[[-84.48158,39.156022],[-84.481007,39.155615],[-84.481246,39.155416],[-84.481818,39.155826],[-84.48158,39.156022]]]}},{"type":"Feature","properties":{"pid":"011100030018"},"geometry":{"type":"Polygon","coordinates":[[[-84.481342,39.156218],[-84.480768,39.155814],[-84.481007,39.155615],[-84.48158,39.156022],[-84.481342,39.156218]]]}},{"type":"Feature","properties":{"pid":"011500070022"},"geometry":{"type":"Polygon","coordinates":[[[-84.48364,39.157005],[-84.482903,39.157005],[-84.482999,39.156813],[-84.483634,39.156813],[-84.48364,39.157005]]]}},{"type":"Feature","properties":{"pid":"011500070024"},"geometry":{"type":"Polygon","coordinates":[[[-84.483635,39.156627],[-84.483091,39.156627],[-84.483251,39.156306],[-84.483635,39.156301],[-84.483635,39.156627]]]}},{"type":"Feature","properties":{"pid":"011500070025"},"geometry":{"type":"Polygon","coordinates":[[[-84.483637,39.155476],[-84.483635,39.156301],[-84.483251,39.156306],[-84.482891,39.156034],[-84.48357,39.155457],[-84.483637,39.155476]]]}},{"type":"Feature","properties":{"pid":"011500070032"},"geometry":{"type":"Polygon","coordinates":[[[-84.482908,39.156995],[-84.482293,39.156541],[-84.48253,39.156339],[-84.483045,39.156719],[-84.482908,39.156995]]]}},{"type":"Feature","properties":{"pid":"011500070033"},"geometry":{"type":"Polygon","coordinates":[[[-84.483045,39.156719],[-84.48253,39.156339],[-84.482891,39.156034],[-84.483251,39.156306],[-84.483045,39.156719]]]}},{"type":"Feature","properties":{"pid":"011500070042"},"geometry":{"type":"Polygon","coordinates":[[[-84.482133,39.156435],[-84.48158,39.156022],[-84.481818,39.155826],[-84.482379,39.156229],[-84.482133,39.156435]]]}},{"type":"Feature","properties":{"pid":"010700080091"},"geometry":{"type":"Polygon","coordinates":[[[-84.494177,39.141996],[-84.494037,39.141982],[-84.49406,39.141605],[-84.494201,39.141611],[-84.494177,39.141996]]]}},{"type":"Feature","properties":{"pid":"011600040053"},"geometry":{"type":"Polygon","coordinates":[[[-84.473124,39.1567],[-84.47256,39.156658],[-84.472587,39.156407],[-84.473154,39.156443],[-84.473124,39.1567]]]}},{"type":"Feature","properties":{"pid":"011500070043"},"geometry":{"type":"Polygon","coordinates":[[[-84.482617,39.156031],[-84.482379,39.156229],[-84.481818,39.155826],[-84.482072,39.155618],[-84.482617,39.156031]]]}},{"type":"Feature","properties":{"pid":"011900030009"},"geometry":{"type":"Polygon","coordinates":[[[-84.470736,39.168509],[-84.470109,39.16833],[-84.470123,39.168255],[-84.470727,39.168267],[-84.470736,39.168509]]]}},{"type":"Feature","properties":{"pid":"010800010127"},"geometry":{"type":"Polygon","coordinates":[[[-84.486779,39.146637],[-84.486694,39.146635],[-84.486709,39.146394],[-84.486908,39.146402],[-84.486933,39.146002],[-84.487109,39.146009],[-84.487076,39.146717],[-84.486776,39.14671],[-84.486779,39.146637]]]}},{"type":"Feature","properties":{"pid":"021600430001"},"geometry":{"type":"Polygon","coordinates":[[[-84.500096,39.148001],[-84.5005,39.148028],[-84.50047,39.148302],[-84.500066,39.148275],[-84.500096,39.148001]]]}},{"type":"Feature","properties":{"pid":"021600390303"},"geometry":{"type":"Polygon","coordinates":[[[-84.500598,39.148586],[-84.500539,39.148993],[-84.500441,39.149029],[-84.500297,39.149021],[-84.500369,39.14857],[-84.500598,39.148586]]]}},{"type":"Feature","properties":{"pid":"011900030018"},"geometry":{"type":"Polygon","coordinates":[[[-84.47182,39.168934],[-84.471631,39.168879],[-84.471618,39.168285],[-84.471808,39.168289],[-84.47182,39.168934]]]}},{"type":"Feature","properties":{"pid":"011900030063"},"geometry":{"type":"Polygon","coordinates":[[[-84.473151,39.169321],[-84.472714,39.169194],[-84.472735,39.16868],[-84.472622,39.168588],[-84.472637,39.168306],[-84.472708,39.168308],[-84.472693,39.168567],[-84.472815,39.168656],[-84.472805,39.168891],[-84.473166,39.1689],[-84.473151,39.169321]]]}},{"type":"Feature","properties":{"pid":"011900030064"},"geometry":{"type":"Polygon","coordinates":[[[-84.472714,39.169194],[-84.472129,39.168987],[-84.472156,39.168296],[-84.472637,39.168306],[-84.472622,39.168588],[-84.472735,39.16868],[-84.472714,39.169194]]]}},{"type":"Feature","properties":{"pid":"010800030058"},"geometry":{"type":"Polygon","coordinates":[[[-84.484105,39.147253],[-84.483922,39.147008],[-84.484434,39.147024],[-84.484486,39.147061],[-84.484105,39.147253]]]}},{"type":"Feature","properties":{"pid":"011300030032"},"geometry":{"type":"Polygon","coordinates":[[[-84.497062,39.149669],[-84.497041,39.149585],[-84.497584,39.149567],[-84.497581,39.149623],[-84.497062,39.149669]]]}},{"type":"Feature","properties":{"pid":"021600430068"},"geometry":{"type":"Polygon","coordinates":[[[-84.49985,39.148261],[-84.499587,39.148243],[-84.499617,39.14797],[-84.49988,39.147987],[-84.49985,39.148261]]]}},{"type":"Feature","properties":{"pid":"010900050002"},"geometry":{"type":"Polygon","coordinates":[[[-84.477072,39.156684],[-84.476368,39.156626],[-84.476472,39.156008],[-84.477171,39.156057],[-84.477072,39.156684]]]}},{"type":"Feature","properties":{"pid":"010900050046"},"geometry":{"type":"Polygon","coordinates":[[[-84.476368,39.156626],[-84.476015,39.156597],[-84.475609,39.156681],[-84.475495,39.156179],[-84.476472,39.156008],[-84.476368,39.156626]]]}},{"type":"Feature","properties":{"pid":"010900050057"},"geometry":{"type":"Polygon","coordinates":[[[-84.47754,39.156723],[-84.477648,39.156091],[-84.478305,39.156138],[-84.478249,39.156616],[-84.47754,39.156723]]]}},{"type":"Feature","properties":{"pid":"010900050076"},"geometry":{"type":"Polygon","coordinates":[[[-84.473869,39.157219],[-84.473926,39.156763],[-84.474034,39.15677],[-84.474048,39.156813],[-84.474321,39.156834],[-84.474272,39.157245],[-84.473869,39.157219]]]}},{"type":"Feature","properties":{"pid":"011100010007"},"geometry":{"type":"Polygon","coordinates":[[[-84.479647,39.157111],[-84.48009,39.15688],[-84.480198,39.157022],[-84.479755,39.157257],[-84.479647,39.157111]]]}},{"type":"Feature","properties":{"pid":"011100010027"},"geometry":{"type":"Polygon","coordinates":[[[-84.479182,39.157143],[-84.47904,39.157212],[-84.478826,39.156942],[-84.478986,39.156878],[-84.479182,39.157143]]]}},{"type":"Feature","properties":{"pid":"011100010028"},"geometry":{"type":"Polygon","coordinates":[[[-84.478634,39.157407],[-84.478391,39.157085],[-84.478547,39.157039],[-84.47877,39.157341],[-84.478634,39.157407]]]}},{"type":"Feature","properties":{"pid":"011100010029"},"geometry":{"type":"Polygon","coordinates":[[[-84.478481,39.15748],[-84.478228,39.157128],[-84.478391,39.157085],[-84.478634,39.157407],[-84.478481,39.15748]]]}},{"type":"Feature","properties":{"pid":"011100010032"},"geometry":{"type":"Polygon","coordinates":[[[-84.479404,39.157443],[-84.47923,39.157208],[-84.479554,39.157062],[-84.479316,39.156741],[-84.479359,39.156723],[-84.479755,39.157257],[-84.479404,39.157443]]]}},{"type":"Feature","properties":{"pid":"011100030019"},"geometry":{"type":"Polygon","coordinates":[[[-84.481098,39.156418],[-84.480522,39.156017],[-84.480768,39.155814],[-84.481342,39.156218],[-84.481098,39.156418]]]}},{"type":"Feature","properties":{"pid":"011100030026"},"geometry":{"type":"Polygon","coordinates":[[[-84.480237,39.15674],[-84.480582,39.156559],[-84.480745,39.156678],[-84.480351,39.156892],[-84.480237,39.15674]]]}},{"type":"Feature","properties":{"pid":"011100030027"},"geometry":{"type":"Polygon","coordinates":[[[-84.48107,39.1564],[-84.480952,39.156497],[-84.480403,39.156116],[-84.480522,39.156017],[-84.48107,39.1564]]]}},{"type":"Feature","properties":{"pid":"011500070038"},"geometry":{"type":"Polygon","coordinates":[[[-84.480576,39.157189],[-84.481091,39.157013],[-84.481081,39.15731],[-84.480723,39.157385],[-84.480576,39.157189]]]}},{"type":"Feature","properties":{"pid":"011500070040"},"geometry":{"type":"Polygon","coordinates":[[[-84.480576,39.157189],[-84.480351,39.156892],[-84.480855,39.156617],[-84.481091,39.157013],[-84.480576,39.157189]]]}},{"type":"Feature","properties":{"pid":"011600020005"},"geometry":{"type":"Polygon","coordinates":[[[-84.471406,39.166274],[-84.470932,39.165894],[-84.47106,39.165536],[-84.471998,39.165731],[-84.471806,39.166267],[-84.471406,39.166274]]]}},{"type":"Feature","properties":{"pid":"011600020203"},"geometry":{"type":"Polygon","coordinates":[[[-84.4718,39.164506],[-84.471846,39.164447],[-84.472213,39.16455],[-84.4718,39.164506]]]}},{"type":"Feature","properties":{"pid":"021600390326"},"geometry":{"type":"Polygon","coordinates":[[[-84.503085,39.152067],[-84.503272,39.152236],[-84.502672,39.1519],[-84.502938,39.151809],[-84.503085,39.152067]]]}},{"type":"Feature","properties":{"pid":"013100050010"},"geometry":{"type":"Polygon","coordinates":[[[-84.478061,39.172344],[-84.475905,39.172308],[-84.475995,39.170947],[-84.478154,39.171572],[-84.478061,39.172344]]]}},{"type":"Feature","properties":{"pid":"021600390301"},"geometry":{"type":"Polygon","coordinates":[[[-84.500095,39.148981],[-84.499976,39.148942],[-84.49963,39.148522],[-84.500139,39.148555],[-84.500095,39.148981]]]}},{"type":"Feature","properties":{"pid":"011500070041"},"geometry":{"type":"Polygon","coordinates":[[[-84.481861,39.156741],[-84.481098,39.156418],[-84.48158,39.156022],[-84.482133,39.156435],[-84.481861,39.156741]]]}},{"type":"Feature","properties":{"pid":"011000030001"},"geometry":{"type":"Polygon","coordinates":[[[-84.480207,39.153026],[-84.481235,39.153693],[-84.480929,39.153727],[-84.48071,39.15381],[-84.480185,39.153232],[-84.480207,39.153026]]]}},{"type":"Feature","properties":{"pid":"011000030019"},"geometry":{"type":"Polygon","coordinates":[[[-84.480639,39.154768],[-84.481211,39.155162],[-84.480972,39.155363],[-84.480407,39.154965],[-84.480639,39.154768]]]}},{"type":"Feature","properties":{"pid":"011000030026"},"geometry":{"type":"Polygon","coordinates":[[[-84.480029,39.154694],[-84.479679,39.154671],[-84.479733,39.154171],[-84.480085,39.154194],[-84.480029,39.154694]]]}},{"type":"Feature","properties":{"pid":"011000030027"},"geometry":{"type":"Polygon","coordinates":[[[-84.479679,39.154671],[-84.4794,39.154652],[-84.479452,39.154152],[-84.479733,39.154171],[-84.479679,39.154671]]]}},{"type":"Feature","properties":{"pid":"011000030029"},"geometry":{"type":"Polygon","coordinates":[[[-84.479095,39.154128],[-84.479382,39.154147],[-84.47933,39.154648],[-84.479043,39.154629],[-84.479095,39.154128]]]}},{"type":"Feature","properties":{"pid":"011000030031"},"geometry":{"type":"Polygon","coordinates":[[[-84.478744,39.154105],[-84.47903,39.154124],[-84.478979,39.154624],[-84.478692,39.154605],[-84.478744,39.154105]]]}},{"type":"Feature","properties":{"pid":"021600430028"},"geometry":{"type":"Polygon","coordinates":[[[-84.50226,39.146875],[-84.502085,39.146864],[-84.502129,39.146461],[-84.502305,39.146471],[-84.50226,39.146875]]]}},{"type":"Feature","properties":{"pid":"011200030037"},"geometry":{"type":"Polygon","coordinates":[[[-84.493842,39.15036],[-84.49387,39.150057],[-84.494048,39.150068],[-84.494022,39.150367],[-84.493842,39.15036]]]}},{"type":"Feature","properties":{"pid":"011200030009"},"geometry":{"type":"Polygon","coordinates":[[[-84.491327,39.15002],[-84.491508,39.150032],[-84.491274,39.150585],[-84.491091,39.150573],[-84.491327,39.15002]]]}},{"type":"Feature","properties":{"pid":"011200030010"},"geometry":{"type":"Polygon","coordinates":[[[-84.49153,39.149532],[-84.491697,39.149575],[-84.491508,39.150032],[-84.491327,39.15002],[-84.49153,39.149532]]]}},{"type":"Feature","properties":{"pid":"011200030011"},"geometry":{"type":"Polygon","coordinates":[[[-84.491697,39.149575],[-84.491865,39.149617],[-84.491689,39.150043],[-84.491508,39.150032],[-84.491697,39.149575]]]}},{"type":"Feature","properties":{"pid":"011200030012"},"geometry":{"type":"Polygon","coordinates":[[[-84.491689,39.150043],[-84.491865,39.149617],[-84.492032,39.149659],[-84.49187,39.150055],[-84.491689,39.150043]]]}},{"type":"Feature","properties":{"pid":"011200030013"},"geometry":{"type":"Polygon","coordinates":[[[-84.491274,39.150585],[-84.491508,39.150032],[-84.49187,39.150055],[-84.491641,39.150609],[-84.491274,39.150585]]]}},{"type":"Feature","properties":{"pid":"011200030014"},"geometry":{"type":"Polygon","coordinates":[[[-84.491825,39.15062],[-84.491641,39.150609],[-84.49187,39.150055],[-84.49205,39.150066],[-84.491825,39.15062]]]}},{"type":"Feature","properties":{"pid":"010500030090"},"geometry":{"type":"Polygon","coordinates":[[[-84.491476,39.14099],[-84.49133,39.140986],[-84.49135,39.14071],[-84.491496,39.140715],[-84.491476,39.14099]]]}},{"type":"Feature","properties":{"pid":"010500030020"},"geometry":{"type":"Polygon","coordinates":[[[-84.491721,39.140722],[-84.491673,39.140996],[-84.491476,39.14099],[-84.491496,39.140715],[-84.491721,39.140722]]]}},{"type":"Feature","properties":{"pid":"010500030102"},"geometry":{"type":"Polygon","coordinates":[[[-84.491531,39.139624],[-84.491643,39.139573],[-84.491974,39.140008],[-84.491844,39.140035],[-84.491531,39.139624]]]}},{"type":"Feature","properties":{"pid":"010500030101"},"geometry":{"type":"Polygon","coordinates":[[[-84.492052,39.140309],[-84.49114,39.140221],[-84.491173,39.140012],[-84.491656,39.140058],[-84.491693,39.140107],[-84.491844,39.140035],[-84.492052,39.140309]]]}},{"type":"Feature","properties":{"pid":"010500030089"},"geometry":{"type":"Polygon","coordinates":[[[-84.491023,39.140974],[-84.491066,39.1407],[-84.491194,39.140705],[-84.491174,39.14098],[-84.491023,39.140974]]]}},{"type":"Feature","properties":{"pid":"010500030078"},"geometry":{"type":"Polygon","coordinates":[[[-84.491948,39.141005],[-84.491805,39.141001],[-84.491857,39.140718],[-84.492025,39.140566],[-84.491948,39.141005]]]}},{"type":"Feature","properties":{"pid":"010500030075"},"geometry":{"type":"Polygon","coordinates":[[[-84.492073,39.14101],[-84.491948,39.141005],[-84.492025,39.140566],[-84.492162,39.140442],[-84.492073,39.14101]]]}},{"type":"Feature","properties":{"pid":"010500030022"},"geometry":{"type":"Polygon","coordinates":[[[-84.491174,39.14098],[-84.491194,39.140705],[-84.49135,39.14071],[-84.49133,39.140986],[-84.491174,39.14098]]]}},{"type":"Feature","properties":{"pid":"010500030019"},"geometry":{"type":"Polygon","coordinates":[[[-84.491847,39.140727],[-84.491066,39.1407],[-84.491087,39.140566],[-84.491951,39.140633],[-84.491847,39.140727]]]}},{"type":"Feature","properties":{"pid":"010500030018"},"geometry":{"type":"Polygon","coordinates":[[[-84.492077,39.140519],[-84.491951,39.140633],[-84.491087,39.140566],[-84.491108,39.140427],[-84.492077,39.140519]]]}},{"type":"Feature","properties":{"pid":"010500030017"},"geometry":{"type":"Polygon","coordinates":[[[-84.492083,39.140514],[-84.491108,39.140427],[-84.49114,39.140221],[-84.492052,39.140309],[-84.492157,39.140447],[-84.492083,39.140514]]]}},{"type":"Feature","properties":{"pid":"010500030016"},"geometry":{"type":"Polygon","coordinates":[[[-84.491173,39.140012],[-84.491211,39.139769],[-84.491379,39.139693],[-84.491656,39.140058],[-84.491173,39.140012]]]}},{"type":"Feature","properties":{"pid":"011500070027"},"geometry":{"type":"Polygon","coordinates":[[[-84.481981,39.157629],[-84.482825,39.157428],[-84.482891,39.157522],[-84.482133,39.15788],[-84.481981,39.157629]]]}},{"type":"Feature","properties":{"pid":"011500070028"},"geometry":{"type":"Polygon","coordinates":[[[-84.481981,39.157629],[-84.48192,39.157399],[-84.482776,39.15734],[-84.482825,39.157428],[-84.481981,39.157629]]]}},{"type":"Feature","properties":{"pid":"011500070029"},"geometry":{"type":"Polygon","coordinates":[[[-84.482776,39.15734],[-84.48192,39.157399],[-84.48193,39.15712],[-84.482789,39.157233],[-84.482776,39.15734]]]}},{"type":"Feature","properties":{"pid":"011500070030"},"geometry":{"type":"Polygon","coordinates":[[[-84.482789,39.157233],[-84.48193,39.15712],[-84.482051,39.156817],[-84.482847,39.157118],[-84.482789,39.157233]]]}},{"type":"Feature","properties":{"pid":"011500070031"},"geometry":{"type":"Polygon","coordinates":[[[-84.482847,39.157118],[-84.482051,39.156817],[-84.482293,39.156541],[-84.482908,39.156995],[-84.482847,39.157118]]]}},{"type":"Feature","properties":{"pid":"011500070035"},"geometry":{"type":"Polygon","coordinates":[[[-84.481961,39.157973],[-84.481248,39.158288],[-84.481022,39.157874],[-84.481787,39.157694],[-84.481961,39.157973]]]}},{"type":"Feature","properties":{"pid":"011500070036"},"geometry":{"type":"Polygon","coordinates":[[[-84.480911,39.157697],[-84.480928,39.157656],[-84.480814,39.157505],[-84.481077,39.157448],[-84.481707,39.157412],[-84.48177,39.157654],[-84.480996,39.157827],[-84.480911,39.157697]]]}},{"type":"Feature","properties":{"pid":"011500070039"},"geometry":{"type":"Polygon","coordinates":[[[-84.481091,39.157013],[-84.480855,39.156617],[-84.481098,39.156418],[-84.481845,39.156768],[-84.481717,39.157101],[-84.481091,39.157013]]]}},{"type":"Feature","properties":{"pid":"011500060018"},"geometry":{"type":"Polygon","coordinates":[[[-84.484634,39.15952],[-84.484442,39.159304],[-84.48513,39.158945],[-84.485284,39.159192],[-84.484634,39.15952]]]}},{"type":"Feature","properties":{"pid":"011500040053"},"geometry":{"type":"Polygon","coordinates":[[[-84.488914,39.158196],[-84.488401,39.158727],[-84.48817,39.158592],[-84.488683,39.158067],[-84.488914,39.158196]]]}},{"type":"Feature","properties":{"pid":"011200030015"},"geometry":{"type":"Polygon","coordinates":[[[-84.492032,39.149659],[-84.492198,39.149702],[-84.49205,39.150066],[-84.49187,39.150055],[-84.492032,39.149659]]]}},{"type":"Feature","properties":{"pid":"011200030034"},"geometry":{"type":"Polygon","coordinates":[[[-84.49387,39.150057],[-84.49383,39.150497],[-84.493608,39.150478],[-84.49362,39.150042],[-84.49387,39.150057]]]}},{"type":"Feature","properties":{"pid":"011200030048"},"geometry":{"type":"Polygon","coordinates":[[[-84.492343,39.14974],[-84.491979,39.15063],[-84.491825,39.15062],[-84.492198,39.149702],[-84.492343,39.14974]]]}},{"type":"Feature","properties":{"pid":"011200040033"},"geometry":{"type":"Polygon","coordinates":[[[-84.49153,39.149532],[-84.491327,39.15002],[-84.490967,39.149997],[-84.491195,39.149448],[-84.49153,39.149532]]]}},{"type":"Feature","properties":{"pid":"010500030015"},"geometry":{"type":"Polygon","coordinates":[[[-84.491693,39.140107],[-84.491379,39.139693],[-84.491455,39.139659],[-84.491768,39.140071],[-84.491693,39.140107]]]}},{"type":"Feature","properties":{"pid":"010500030014"},"geometry":{"type":"Polygon","coordinates":[[[-84.491768,39.140071],[-84.491455,39.139659],[-84.491531,39.139624],[-84.491844,39.140035],[-84.491768,39.140071]]]}},{"type":"Feature","properties":{"pid":"010700070009"},"geometry":{"type":"Polygon","coordinates":[[[-84.497327,39.142838],[-84.497216,39.14283],[-84.497237,39.142579],[-84.49735,39.142583],[-84.497327,39.142838]]]}},{"type":"Feature","properties":{"pid":"010600010385"},"geometry":{"type":"Polygon","coordinates":[[[-84.496251,39.137395],[-84.49677,39.136459],[-84.497889,39.136524],[-84.497902,39.136404],[-84.496825,39.136336],[-84.496954,39.135988],[-84.497064,39.135995],[-84.497106,39.135859],[-84.497051,39.135854],[-84.49714,39.135167],[-84.497255,39.135083],[-84.498701,39.135189],[-84.498736,39.135267],[-84.498485,39.137535],[-84.496251,39.137395]]]}},{"type":"Feature","properties":{"pid":"011600040061"},"geometry":{"type":"Polygon","coordinates":[[[-84.472312,39.15729],[-84.473306,39.157357],[-84.473112,39.157799],[-84.47305,39.158365],[-84.472583,39.158334],[-84.472312,39.15729]]]}},{"type":"Feature","properties":{"pid":"011600040062"},"geometry":{"type":"Polygon","coordinates":[[[-84.475692,39.157515],[-84.475013,39.1579],[-84.474396,39.158455],[-84.47305,39.158365],[-84.473112,39.157799],[-84.473306,39.157357],[-84.475692,39.157515]]]}},{"type":"Feature","properties":{"pid":"011300020127"},"geometry":{"type":"Polygon","coordinates":[[[-84.498477,39.148259],[-84.498451,39.148494],[-84.498296,39.148484],[-84.498323,39.148241],[-84.498477,39.148259]]]}},{"type":"Feature","properties":{"pid":"011300020070"},"geometry":{"type":"Polygon","coordinates":[[[-84.49841,39.147673],[-84.498422,39.147562],[-84.498189,39.147543],[-84.498195,39.147474],[-84.498868,39.14753],[-84.498849,39.147704],[-84.49841,39.147673]]]}},{"type":"Feature","properties":{"pid":"011300020141"},"geometry":{"type":"Polygon","coordinates":[[[-84.497269,39.148235],[-84.496919,39.148102],[-84.497008,39.148021],[-84.497584,39.148371],[-84.498091,39.14849],[-84.498028,39.148872],[-84.497618,39.14885],[-84.497605,39.148669],[-84.497487,39.148395],[-84.497269,39.148235]]]}},{"type":"Feature","properties":{"pid":"011300020133"},"geometry":{"type":"Polygon","coordinates":[[[-84.49741,39.148255],[-84.49731,39.148188],[-84.497387,39.147887],[-84.497559,39.14792],[-84.49741,39.148255]]]}},{"type":"Feature","properties":{"pid":"011300020130"},"geometry":{"type":"Polygon","coordinates":[[[-84.497755,39.148411],[-84.497584,39.148371],[-84.497871,39.148065],[-84.497986,39.148131],[-84.497755,39.148411]]]}},{"type":"Feature","properties":{"pid":"011300020099"},"geometry":{"type":"Polygon","coordinates":[[[-84.497125,39.148198],[-84.497091,39.148281],[-84.496854,39.148157],[-84.496919,39.148102],[-84.497125,39.148198]]]}},{"type":"Feature","properties":{"pid":"011300020124"},"geometry":{"type":"Polygon","coordinates":[[[-84.498457,39.148433],[-84.49876,39.148453],[-84.498745,39.148587],[-84.498443,39.148567],[-84.498457,39.148433]]]}},{"type":"Feature","properties":{"pid":"011300020125"},"geometry":{"type":"Polygon","coordinates":[[[-84.498739,39.148277],[-84.49876,39.148453],[-84.498457,39.148433],[-84.498477,39.148259],[-84.498739,39.148277]]]}},{"type":"Feature","properties":{"pid":"011300020015"},"geometry":{"type":"Polygon","coordinates":[[[-84.498394,39.14781],[-84.49841,39.147673],[-84.498849,39.147704],[-84.498832,39.147857],[-84.498394,39.14781]]]}},{"type":"Feature","properties":{"pid":"010800040049"},"geometry":{"type":"Polygon","coordinates":[[[-84.487811,39.149383],[-84.487767,39.149456],[-84.487252,39.149425],[-84.487261,39.14935],[-84.487811,39.149383]]]}},{"type":"Feature","properties":{"pid":"010800040003"},"geometry":{"type":"Polygon","coordinates":[[[-84.485345,39.149457],[-84.48518,39.149621],[-84.484617,39.149281],[-84.484985,39.14897],[-84.485311,39.148989],[-84.485282,39.149454],[-84.485345,39.149457]]]}},{"type":"Feature","properties":{"pid":"010800040008"},"geometry":{"type":"Polygon","coordinates":[[[-84.487236,39.149569],[-84.487252,39.149425],[-84.487767,39.149456],[-84.487684,39.149594],[-84.487236,39.149569]]]}},{"type":"Feature","properties":{"pid":"010800040010"},"geometry":{"type":"Polygon","coordinates":[[[-84.487268,39.149282],[-84.487282,39.149151],[-84.487926,39.149191],[-84.487847,39.149324],[-84.487268,39.149282]]]}},{"type":"Feature","properties":{"pid":"010800040014"},"geometry":{"type":"Polygon","coordinates":[[[-84.485829,39.147546],[-84.485701,39.148851],[-84.485383,39.148833],[-84.485448,39.147529],[-84.485829,39.147546]]]}},{"type":"Feature","properties":{"pid":"010800040018"},"geometry":{"type":"Polygon","coordinates":[[[-84.486933,39.148291],[-84.487004,39.147598],[-84.487198,39.147606],[-84.487129,39.1483],[-84.486933,39.148291]]]}},{"type":"Feature","properties":{"pid":"010800040028"},"geometry":{"type":"Polygon","coordinates":[[[-84.485701,39.149741],[-84.485593,39.149869],[-84.48518,39.149621],[-84.485345,39.149457],[-84.485648,39.149472],[-84.485701,39.149741]]]}},{"type":"Feature","properties":{"pid":"010800050013"},"geometry":{"type":"Polygon","coordinates":[[[-84.481771,39.149848],[-84.481642,39.149755],[-84.482135,39.149344],[-84.482264,39.149438],[-84.481771,39.149848]]]}},{"type":"Feature","properties":{"pid":"011100060183"},"geometry":{"type":"Polygon","coordinates":[[[-84.483082,39.16485],[-84.483631,39.164904],[-84.483596,39.165235],[-84.483036,39.165383],[-84.482938,39.165316],[-84.483082,39.16485]]]}},{"type":"Feature","properties":{"pid":"010800040052"},"geometry":{"type":"Polygon","coordinates":[[[-84.487305,39.148944],[-84.487236,39.149569],[-84.485282,39.149454],[-84.485321,39.148829],[-84.487305,39.148944]]]}},{"type":"Feature","properties":{"pid":"010800040005"},"geometry":{"type":"Polygon","coordinates":[[[-84.485947,39.149487],[-84.487236,39.149569],[-84.487684,39.149594],[-84.487196,39.150161],[-84.48627,39.149568],[-84.485889,39.149886],[-84.485823,39.14977],[-84.485947,39.149487]]]}},{"type":"Feature","properties":{"pid":"010800040004"},"geometry":{"type":"Polygon","coordinates":[[[-84.485824,39.149768],[-84.485909,39.149485],[-84.485947,39.149487],[-84.485824,39.149768]]]}},{"type":"Feature","properties":{"pid":"011500040015"},"geometry":{"type":"Polygon","coordinates":[[[-84.486013,39.155643],[-84.485764,39.155635],[-84.485763,39.15555],[-84.485975,39.155297],[-84.486205,39.155415],[-84.486013,39.155643]]]}},{"type":"Feature","properties":{"pid":"006500010011"},"geometry":{"type":"Polygon","coordinates":[[[-84.490552,39.135846],[-84.490585,39.135782],[-84.490873,39.135855],[-84.490865,39.135925],[-84.490552,39.135846]]]}},{"type":"Feature","properties":{"pid":"006000040097"},"geometry":{"type":"Polygon","coordinates":[[[-84.490598,39.136861],[-84.490245,39.136851],[-84.490368,39.136368],[-84.490709,39.136413],[-84.490598,39.136861]]]}},{"type":"Feature","properties":{"pid":"010800050038"},"geometry":{"type":"Polygon","coordinates":[[[-84.482934,39.150558],[-84.483338,39.150222],[-84.483492,39.150335],[-84.483088,39.15067],[-84.482934,39.150558]]]}},{"type":"Feature","properties":{"pid":"010800030044"},"geometry":{"type":"Polygon","coordinates":[[[-84.484568,39.146975],[-84.484687,39.146874],[-84.484413,39.146679],[-84.484505,39.14667],[-84.4848,39.14688],[-84.484633,39.147022],[-84.484568,39.146975]]]}},{"type":"Feature","properties":{"pid":"010800030045"},"geometry":{"type":"Polygon","coordinates":[[[-84.481779,39.148882],[-84.481559,39.148721],[-84.481808,39.148511],[-84.482032,39.148677],[-84.481779,39.148882]]]}},{"type":"Feature","properties":{"pid":"010800030046"},"geometry":{"type":"Polygon","coordinates":[[[-84.48276,39.14648],[-84.482335,39.146465],[-84.482348,39.146215],[-84.482773,39.14623],[-84.48276,39.14648]]]}},{"type":"Feature","properties":{"pid":"010800030062"},"geometry":{"type":"Polygon","coordinates":[[[-84.484859,39.146513],[-84.484145,39.146483],[-84.484159,39.14628],[-84.485152,39.146331],[-84.484859,39.146513]]]}},{"type":"Feature","properties":{"pid":"010800030073"},"geometry":{"type":"Polygon","coordinates":[[[-84.483921,39.147898],[-84.484144,39.147639],[-84.484282,39.14771],[-84.484054,39.147987],[-84.483921,39.147898]]]}},{"type":"Feature","properties":{"pid":"010800030074"},"geometry":{"type":"Polygon","coordinates":[[[-84.481935,39.148995],[-84.481779,39.148882],[-84.482032,39.148677],[-84.48218,39.148787],[-84.481935,39.148995]]]}},{"type":"Feature","properties":{"pid":"010800050026"},"geometry":{"type":"Polygon","coordinates":[[[-84.48548,39.151574],[-84.48472,39.151013],[-84.485128,39.15066],[-84.485904,39.151221],[-84.48548,39.151574]]]}},{"type":"Feature","properties":{"pid":"010800050027"},"geometry":{"type":"Polygon","coordinates":[[[-84.484119,39.150578],[-84.483517,39.150143],[-84.483986,39.149748],[-84.484602,39.150185],[-84.484119,39.150578]]]}},{"type":"Feature","properties":{"pid":"010800050031"},"geometry":{"type":"Polygon","coordinates":[[[-84.482592,39.149474],[-84.482461,39.149378],[-84.483,39.14892],[-84.483133,39.149016],[-84.482592,39.149474]]]}},{"type":"Feature","properties":{"pid":"010800050032"},"geometry":{"type":"Polygon","coordinates":[[[-84.482461,39.149378],[-84.482301,39.149261],[-84.482842,39.148805],[-84.483,39.14892],[-84.482461,39.149378]]]}},{"type":"Feature","properties":{"pid":"010800050033"},"geometry":{"type":"Polygon","coordinates":[[[-84.482301,39.149261],[-84.482043,39.149074],[-84.482586,39.148618],[-84.482842,39.148805],[-84.482301,39.149261]]]}},{"type":"Feature","properties":{"pid":"010800050047"},"geometry":{"type":"Polygon","coordinates":[[[-84.482732,39.149574],[-84.482615,39.14949],[-84.483157,39.149033],[-84.483274,39.149118],[-84.482732,39.149574]]]}},{"type":"Feature","properties":{"pid":"010800050051"},"geometry":{"type":"Polygon","coordinates":[[[-84.485904,39.151221],[-84.485128,39.15066],[-84.48472,39.151013],[-84.484119,39.150578],[-84.484602,39.150185],[-84.485977,39.151161],[-84.485904,39.151221]]]}},{"type":"Feature","properties":{"pid":"010800070001"},"geometry":{"type":"Polygon","coordinates":[[[-84.483517,39.150143],[-84.483277,39.149934],[-84.483724,39.149511],[-84.484017,39.149723],[-84.483517,39.150143]]]}},{"type":"Feature","properties":{"pid":"010800070002"},"geometry":{"type":"Polygon","coordinates":[[[-84.483182,39.14985],[-84.483117,39.149853],[-84.482991,39.149763],[-84.483352,39.149458],[-84.483487,39.149555],[-84.483182,39.14985]]]}},{"type":"Feature","properties":{"pid":"010800070003"},"geometry":{"type":"Polygon","coordinates":[[[-84.482991,39.149763],[-84.482861,39.149669],[-84.483223,39.149364],[-84.483352,39.149458],[-84.482991,39.149763]]]}},{"type":"Feature","properties":{"pid":"010800070004"},"geometry":{"type":"Polygon","coordinates":[[[-84.482861,39.149669],[-84.482732,39.149574],[-84.483093,39.14927],[-84.483223,39.149364],[-84.482861,39.149669]]]}},{"type":"Feature","properties":{"pid":"010800070013"},"geometry":{"type":"Polygon","coordinates":[[[-84.483721,39.149262],[-84.483336,39.149066],[-84.483274,39.149118],[-84.482842,39.148805],[-84.482962,39.148703],[-84.48374,39.149097],[-84.483721,39.149262]]]}},{"type":"Feature","properties":{"pid":"010800070014"},"geometry":{"type":"Polygon","coordinates":[[[-84.483614,39.149439],[-84.483214,39.149169],[-84.483336,39.149066],[-84.483721,39.149262],[-84.483614,39.149439]]]}},{"type":"Feature","properties":{"pid":"010800070015"},"geometry":{"type":"Polygon","coordinates":[[[-84.483614,39.149439],[-84.483487,39.149555],[-84.483093,39.14927],[-84.483214,39.149169],[-84.483614,39.149439]]]}},{"type":"Feature","properties":{"pid":"010800070017"},"geometry":{"type":"Polygon","coordinates":[[[-84.483899,39.148557],[-84.483301,39.148418],[-84.483581,39.148181],[-84.483888,39.148202],[-84.483899,39.148557]]]}},{"type":"Feature","properties":{"pid":"010800060039"},"geometry":{"type":"Polygon","coordinates":[[[-84.480166,39.148452],[-84.480184,39.148281],[-84.480687,39.14832],[-84.480671,39.148486],[-84.480166,39.148452]]]}},{"type":"Feature","properties":{"pid":"010800060040"},"geometry":{"type":"Polygon","coordinates":[[[-84.480655,39.148649],[-84.480148,39.148611],[-84.480166,39.148452],[-84.480671,39.148486],[-84.480655,39.148649]]]}},{"type":"Feature","properties":{"pid":"010800060044"},"geometry":{"type":"Polygon","coordinates":[[[-84.48062,39.148986],[-84.480111,39.148947],[-84.480129,39.148778],[-84.480637,39.148816],[-84.48062,39.148986]]]}},{"type":"Feature","properties":{"pid":"011000010044"},"geometry":{"type":"Polygon","coordinates":[[[-84.481602,39.151281],[-84.481403,39.151136],[-84.481765,39.150824],[-84.481969,39.150972],[-84.481602,39.151281]]]}},{"type":"Feature","properties":{"pid":"011000010077"},"geometry":{"type":"Polygon","coordinates":[[[-84.482659,39.15205],[-84.482492,39.151925],[-84.482869,39.151622],[-84.48298,39.151773],[-84.482659,39.15205]]]}},{"type":"Feature","properties":{"pid":"011100060066"},"geometry":{"type":"Polygon","coordinates":[[[-84.481647,39.165022],[-84.482022,39.164795],[-84.482321,39.165182],[-84.481685,39.1651],[-84.481647,39.165022]]]}},{"type":"Feature","properties":{"pid":"011100060084"},"geometry":{"type":"Polygon","coordinates":[[[-84.481458,39.165142],[-84.481617,39.165177],[-84.481911,39.165551],[-84.481608,39.165769],[-84.481423,39.165415],[-84.481458,39.165142]]]}},{"type":"Feature","properties":{"pid":"011100060127"},"geometry":{"type":"Polygon","coordinates":[[[-84.481647,39.165022],[-84.481545,39.164993],[-84.481597,39.164698],[-84.481978,39.164737],[-84.482022,39.164795],[-84.481647,39.165022]]]}},{"type":"Feature","properties":{"pid":"011100060097"},"geometry":{"type":"Polygon","coordinates":[[[-84.480974,39.165091],[-84.481079,39.165054],[-84.48143,39.16509],[-84.481445,39.165254],[-84.480954,39.165205],[-84.480974,39.165091]]]}},{"type":"Feature","properties":{"pid":"011100060063"},"geometry":{"type":"Polygon","coordinates":[[[-84.481685,39.1651],[-84.482321,39.165182],[-84.482353,39.165225],[-84.481929,39.165538],[-84.48164,39.165166],[-84.481685,39.1651]]]}},{"type":"Feature","properties":{"pid":"011300020137"},"geometry":{"type":"Polygon","coordinates":[[[-84.497939,39.14793],[-84.49833,39.147555],[-84.498422,39.147562],[-84.49841,39.147673],[-84.498142,39.148043],[-84.497939,39.14793]]]}},{"type":"Feature","properties":{"pid":"011300020138"},"geometry":{"type":"Polygon","coordinates":[[[-84.498377,39.147841],[-84.498437,39.147846],[-84.498407,39.148114],[-84.498142,39.148043],[-84.498396,39.147671],[-84.498377,39.147841]]]}},{"type":"Feature","properties":{"pid":"011300020135"},"geometry":{"type":"Polygon","coordinates":[[[-84.49787,39.147496],[-84.498066,39.147526],[-84.497811,39.14786],[-84.497295,39.147717],[-84.497295,39.147689],[-84.497653,39.147744],[-84.49787,39.147496]]]}},{"type":"Feature","properties":{"pid":"011200040058"},"geometry":{"type":"Polygon","coordinates":[[[-84.488538,39.150046],[-84.487786,39.149946],[-84.487758,39.149896],[-84.487875,39.149731],[-84.488587,39.149817],[-84.488538,39.150046]]]}},{"type":"Feature","properties":{"pid":"011200040063"},"geometry":{"type":"Polygon","coordinates":[[[-84.489439,39.150134],[-84.489463,39.149899],[-84.489577,39.149906],[-84.489553,39.150141],[-84.489439,39.150134]]]}},{"type":"Feature","properties":{"pid":"011200040077"},"geometry":{"type":"Polygon","coordinates":[[[-84.48748,39.150208],[-84.487637,39.150049],[-84.487825,39.150062],[-84.487778,39.150289],[-84.48748,39.150208]]]}},{"type":"Feature","properties":{"pid":"010800040029"},"geometry":{"type":"Polygon","coordinates":[[[-84.485809,39.149756],[-84.485701,39.149741],[-84.485648,39.149472],[-84.485909,39.149485],[-84.485809,39.149756]]]}},{"type":"Feature","properties":{"pid":"010800040043"},"geometry":{"type":"Polygon","coordinates":[[[-84.486868,39.148919],[-84.485701,39.148851],[-84.485761,39.148239],[-84.486933,39.148291],[-84.486868,39.148919]]]}},{"type":"Feature","properties":{"pid":"010800040045"},"geometry":{"type":"Polygon","coordinates":[[[-84.487066,39.14893],[-84.486868,39.148919],[-84.486933,39.148291],[-84.487129,39.1483],[-84.487066,39.14893]]]}},{"type":"Feature","properties":{"pid":"010800070018"},"geometry":{"type":"Polygon","coordinates":[[[-84.485088,39.148817],[-84.484687,39.148918],[-84.484342,39.148719],[-84.484882,39.148263],[-84.485401,39.148295],[-84.485383,39.148833],[-84.485088,39.148817]]]}},{"type":"Feature","properties":{"pid":"010500020034"},"geometry":{"type":"Polygon","coordinates":[[[-84.495052,39.137882],[-84.495444,39.137992],[-84.49514,39.138326],[-84.494825,39.138207],[-84.495052,39.137882]]]}},{"type":"Feature","properties":{"pid":"011300020019"},"geometry":{"type":"Polygon","coordinates":[[[-84.498062,39.148668],[-84.498737,39.148725],[-84.498711,39.14899],[-84.498018,39.148933],[-84.498062,39.148668]]]}},{"type":"Feature","properties":{"pid":"011300020140"},"geometry":{"type":"Polygon","coordinates":[[[-84.498605,39.14786],[-84.498822,39.147879],[-84.49877,39.148135],[-84.498576,39.148127],[-84.498605,39.14786]]]}},{"type":"Feature","properties":{"pid":"011300020027"},"geometry":{"type":"Polygon","coordinates":[[[-84.497333,39.147546],[-84.497367,39.147414],[-84.49787,39.147496],[-84.497773,39.147621],[-84.497333,39.147546]]]}},{"type":"Feature","properties":{"pid":"011300020123"},"geometry":{"type":"Polygon","coordinates":[[[-84.49873,39.148724],[-84.498428,39.148699],[-84.498443,39.148567],[-84.498745,39.148587],[-84.49873,39.148724]]]}},{"type":"Feature","properties":{"pid":"011300020062"},"geometry":{"type":"Polygon","coordinates":[[[-84.496926,39.148807],[-84.497125,39.148198],[-84.497269,39.148235],[-84.497496,39.148414],[-84.496926,39.148807]]]}},{"type":"Feature","properties":{"pid":"011300020026"},"geometry":{"type":"Polygon","coordinates":[[[-84.497295,39.147689],[-84.497333,39.147546],[-84.497773,39.147621],[-84.497653,39.147744],[-84.497295,39.147689]]]}},{"type":"Feature","properties":{"pid":"010800050017"},"geometry":{"type":"Polygon","coordinates":[[[-84.482547,39.150408],[-84.482288,39.150221],[-84.482778,39.149813],[-84.483035,39.150001],[-84.482547,39.150408]]]}},{"type":"Feature","properties":{"pid":"011200040090"},"geometry":{"type":"Polygon","coordinates":[[[-84.489848,39.150159],[-84.489667,39.150148],[-84.489691,39.149914],[-84.489871,39.149926],[-84.489848,39.150159]]]}},{"type":"Feature","properties":{"pid":"011200040093"},"geometry":{"type":"Polygon","coordinates":[[[-84.490141,39.150177],[-84.489895,39.150161],[-84.489919,39.149929],[-84.490165,39.149945],[-84.490141,39.150177]]]}},{"type":"Feature","properties":{"pid":"010800010111"},"geometry":{"type":"Polygon","coordinates":[[[-84.485672,39.147383],[-84.485475,39.147373],[-84.485506,39.146966],[-84.485689,39.146973],[-84.485672,39.147383]]]}},{"type":"Feature","properties":{"pid":"010800050029"},"geometry":{"type":"Polygon","coordinates":[[[-84.482432,39.151095],[-84.482329,39.15102],[-84.48269,39.150719],[-84.482793,39.150794],[-84.482432,39.151095]]]}},{"type":"Feature","properties":{"pid":"010800050022"},"geometry":{"type":"Polygon","coordinates":[[[-84.483738,39.151275],[-84.483583,39.151162],[-84.484071,39.150758],[-84.484222,39.150872],[-84.483738,39.151275]]]}},{"type":"Feature","properties":{"pid":"010800010100"},"geometry":{"type":"Polygon","coordinates":[[[-84.486792,39.145457],[-84.486616,39.14545],[-84.486641,39.145051],[-84.486817,39.145058],[-84.486792,39.145457]]]}},{"type":"Feature","properties":{"pid":"010800010102"},"geometry":{"type":"Polygon","coordinates":[[[-84.48644,39.145443],[-84.486264,39.145436],[-84.486289,39.145037],[-84.486465,39.145044],[-84.48644,39.145443]]]}},{"type":"Feature","properties":{"pid":"010800020003"},"geometry":{"type":"Polygon","coordinates":[[[-84.485145,39.146331],[-84.484972,39.146322],[-84.484997,39.145925],[-84.485173,39.145932],[-84.485145,39.146331]]]}},{"type":"Feature","properties":{"pid":"010800020004"},"geometry":{"type":"Polygon","coordinates":[[[-84.484972,39.146322],[-84.484796,39.146313],[-84.484821,39.145918],[-84.484997,39.145925],[-84.484972,39.146322]]]}},{"type":"Feature","properties":{"pid":"010800020005"},"geometry":{"type":"Polygon","coordinates":[[[-84.484796,39.146313],[-84.48462,39.146304],[-84.484645,39.145911],[-84.484821,39.145918],[-84.484796,39.146313]]]}},{"type":"Feature","properties":{"pid":"010800020006"},"geometry":{"type":"Polygon","coordinates":[[[-84.48462,39.146304],[-84.484444,39.146295],[-84.484468,39.145904],[-84.484645,39.145911],[-84.48462,39.146304]]]}},{"type":"Feature","properties":{"pid":"010800020007"},"geometry":{"type":"Polygon","coordinates":[[[-84.484444,39.146295],[-84.484268,39.146286],[-84.484292,39.145897],[-84.484468,39.145904],[-84.484444,39.146295]]]}},{"type":"Feature","properties":{"pid":"010800020008"},"geometry":{"type":"Polygon","coordinates":[[[-84.484268,39.146286],[-84.484091,39.146276],[-84.484115,39.14589],[-84.484292,39.145897],[-84.484268,39.146286]]]}},{"type":"Feature","properties":{"pid":"010800020009"},"geometry":{"type":"Polygon","coordinates":[[[-84.483916,39.14627],[-84.483939,39.145883],[-84.484115,39.14589],[-84.484091,39.146276],[-84.483916,39.14627]]]}},{"type":"Feature","properties":{"pid":"010800020010"},"geometry":{"type":"Polygon","coordinates":[[[-84.483739,39.146264],[-84.483763,39.145876],[-84.483904,39.145881],[-84.48388,39.146269],[-84.483739,39.146264]]]}},{"type":"Feature","properties":{"pid":"010800020049"},"geometry":{"type":"Polygon","coordinates":[[[-84.483585,39.146259],[-84.483587,39.145869],[-84.483693,39.145873],[-84.483669,39.146262],[-84.483585,39.146259]]]}},{"type":"Feature","properties":{"pid":"010800020055"},"geometry":{"type":"Polygon","coordinates":[[[-84.483036,39.146214],[-84.48276,39.14623],[-84.482762,39.146203],[-84.483036,39.146214]]]}},{"type":"Feature","properties":{"pid":"010800030001"},"geometry":{"type":"Polygon","coordinates":[[[-84.483447,39.147243],[-84.483168,39.147393],[-84.482971,39.147261],[-84.483048,39.147259],[-84.483264,39.14711],[-84.483447,39.147243]]]}},{"type":"Feature","properties":{"pid":"010800030002"},"geometry":{"type":"Polygon","coordinates":[[[-84.48493,39.148266],[-84.48494,39.14805],[-84.485116,39.148062],[-84.485144,39.147516],[-84.485448,39.147529],[-84.485401,39.148295],[-84.48493,39.148266]]]}},{"type":"Feature","properties":{"pid":"010800030005"},"geometry":{"type":"Polygon","coordinates":[[[-84.48494,39.14805],[-84.484971,39.147437],[-84.485058,39.147512],[-84.485144,39.147516],[-84.485116,39.148062],[-84.48494,39.14805]]]}},{"type":"Feature","properties":{"pid":"010800030006"},"geometry":{"type":"Polygon","coordinates":[[[-84.48494,39.14805],[-84.484054,39.147987],[-84.484616,39.147303],[-84.484786,39.147276],[-84.484971,39.147437],[-84.48494,39.14805]]]}},{"type":"Feature","properties":{"pid":"010800030009"},"geometry":{"type":"Polygon","coordinates":[[[-84.483921,39.147898],[-84.483298,39.14748],[-84.483275,39.147464],[-84.483394,39.1474],[-84.48369,39.147597],[-84.483825,39.147485],[-84.484126,39.14766],[-84.483921,39.147898]]]}},{"type":"Feature","properties":{"pid":"010800030011"},"geometry":{"type":"Polygon","coordinates":[[[-84.48315,39.147381],[-84.482482,39.147378],[-84.482445,39.147274],[-84.482971,39.147261],[-84.48315,39.147381]]]}},{"type":"Feature","properties":{"pid":"010800030033"},"geometry":{"type":"Polygon","coordinates":[[[-84.485081,39.147354],[-84.484698,39.147068],[-84.484865,39.146926],[-84.484505,39.14667],[-84.484593,39.146661],[-84.485151,39.146333],[-84.485081,39.147354]]]}},{"type":"Feature","properties":{"pid":"010800030034"},"geometry":{"type":"Polygon","coordinates":[[[-84.484633,39.147022],[-84.4848,39.14688],[-84.484865,39.146926],[-84.484698,39.147068],[-84.484633,39.147022]]]}},{"type":"Feature","properties":{"pid":"010800030035"},"geometry":{"type":"Polygon","coordinates":[[[-84.484568,39.146975],[-84.48449,39.14692],[-84.484185,39.146703],[-84.484413,39.146679],[-84.484687,39.146874],[-84.484568,39.146975]]]}},{"type":"Feature","properties":{"pid":"010800030042"},"geometry":{"type":"Polygon","coordinates":[[[-84.482043,39.149074],[-84.481935,39.148995],[-84.48218,39.148787],[-84.482139,39.148756],[-84.482435,39.148507],[-84.482586,39.148618],[-84.482043,39.149074]]]}},{"type":"Feature","properties":{"pid":"010800030003"},"geometry":{"type":"Polygon","coordinates":[[[-84.484054,39.147987],[-84.483865,39.1482],[-84.483541,39.148178],[-84.483406,39.147961],[-84.484054,39.147987]]]}},{"type":"Feature","properties":{"pid":"010800010128"},"geometry":{"type":"Polygon","coordinates":[[[-84.486641,39.145051],[-84.486616,39.14545],[-84.486527,39.145447],[-84.486553,39.145047],[-84.486641,39.145051]]]}},{"type":"Feature","properties":{"pid":"010800010101"},"geometry":{"type":"Polygon","coordinates":[[[-84.486553,39.145047],[-84.486527,39.145447],[-84.48644,39.145443],[-84.486465,39.145044],[-84.486553,39.145047]]]}},{"type":"Feature","properties":{"pid":"010500010241"},"geometry":{"type":"Polygon","coordinates":[[[-84.492822,39.136375],[-84.492808,39.136238],[-84.49316,39.136246],[-84.493174,39.136383],[-84.492822,39.136375]]]}},{"type":"Feature","properties":{"pid":"010500010121"},"geometry":{"type":"Polygon","coordinates":[[[-84.492697,39.136236],[-84.492808,39.136238],[-84.492822,39.136375],[-84.492551,39.136369],[-84.492697,39.136236]]]}},{"type":"Feature","properties":{"pid":"011300020134"},"geometry":{"type":"Polygon","coordinates":[[[-84.497219,39.147854],[-84.497387,39.147887],[-84.497287,39.148208],[-84.497008,39.148021],[-84.497219,39.147854]]]}},{"type":"Feature","properties":{"pid":"011300020136"},"geometry":{"type":"Polygon","coordinates":[[[-84.498066,39.147526],[-84.49833,39.147555],[-84.497939,39.14793],[-84.497811,39.14786],[-84.498066,39.147526]]]}},{"type":"Feature","properties":{"pid":"011300020139"},"geometry":{"type":"Polygon","coordinates":[[[-84.498576,39.148127],[-84.498407,39.148114],[-84.498437,39.147846],[-84.498605,39.14786],[-84.498576,39.148127]]]}},{"type":"Feature","properties":{"pid":"010500010218"},"geometry":{"type":"Polygon","coordinates":[[[-84.495812,39.135425],[-84.496179,39.13544],[-84.496173,39.135522],[-84.495805,39.135507],[-84.495812,39.135425]]]}},{"type":"Feature","properties":{"pid":"010500010219"},"geometry":{"type":"Polygon","coordinates":[[[-84.495812,39.135425],[-84.495819,39.135344],[-84.496184,39.135359],[-84.496179,39.13544],[-84.495812,39.135425]]]}},{"type":"Feature","properties":{"pid":"010500010220"},"geometry":{"type":"Polygon","coordinates":[[[-84.495819,39.135344],[-84.495825,39.135267],[-84.496189,39.13528],[-84.496184,39.135359],[-84.495819,39.135344]]]}},{"type":"Feature","properties":{"pid":"010500010222"},"geometry":{"type":"Polygon","coordinates":[[[-84.495798,39.135588],[-84.495805,39.135507],[-84.496173,39.135522],[-84.496125,39.135602],[-84.495798,39.135588]]]}},{"type":"Feature","properties":{"pid":"010500010226"},"geometry":{"type":"Polygon","coordinates":[[[-84.496071,39.135849],[-84.496168,39.135697],[-84.496239,39.135701],[-84.496305,39.135859],[-84.496071,39.135849]]]}},{"type":"Feature","properties":{"pid":"010500010228"},"geometry":{"type":"Polygon","coordinates":[[[-84.495792,39.13567],[-84.496123,39.135657],[-84.496141,39.135681],[-84.496025,39.135761],[-84.495785,39.135751],[-84.495792,39.13567]]]}},{"type":"Feature","properties":{"pid":"010500010229"},"geometry":{"type":"Polygon","coordinates":[[[-84.496125,39.135602],[-84.496123,39.135657],[-84.496044,39.13568],[-84.495792,39.13567],[-84.495798,39.135588],[-84.496125,39.135602]]]}},{"type":"Feature","properties":{"pid":"010500010038"},"geometry":{"type":"Polygon","coordinates":[[[-84.496723,39.135381],[-84.496717,39.135462],[-84.496267,39.135444],[-84.496272,39.135362],[-84.496723,39.135381]]]}},{"type":"Feature","properties":{"pid":"011000030022"},"geometry":{"type":"Polygon","coordinates":[[[-84.481197,39.154296],[-84.481042,39.154144],[-84.481276,39.153806],[-84.481614,39.153942],[-84.481197,39.154296]]]}},{"type":"Feature","properties":{"pid":"011000030059"},"geometry":{"type":"Polygon","coordinates":[[[-84.481276,39.153806],[-84.481042,39.154144],[-84.480789,39.153897],[-84.480985,39.15382],[-84.481276,39.153806]]]}},{"type":"Feature","properties":{"pid":"011100030028"},"geometry":{"type":"Polygon","coordinates":[[[-84.483547,39.154371],[-84.483333,39.153905],[-84.483272,39.153857],[-84.483286,39.153842],[-84.483782,39.154115],[-84.483547,39.154371]]]}},{"type":"Feature","properties":{"pid":"011500060009"},"geometry":{"type":"Polygon","coordinates":[[[-84.485337,39.158845],[-84.485926,39.158534],[-84.486116,39.158752],[-84.485459,39.159028],[-84.485337,39.158845]]]}},{"type":"Feature","properties":{"pid":"006500010009"},"geometry":{"type":"Polygon","coordinates":[[[-84.490487,39.135975],[-84.49052,39.135911],[-84.490856,39.135996],[-84.490848,39.136067],[-84.490487,39.135975]]]}},{"type":"Feature","properties":{"pid":"006500010007"},"geometry":{"type":"Polygon","coordinates":[[[-84.490421,39.136103],[-84.490454,39.136039],[-84.49084,39.136137],[-84.490831,39.136208],[-84.490421,39.136103]]]}},{"type":"Feature","properties":{"pid":"006500010074"},"geometry":{"type":"Polygon","coordinates":[[[-84.491081,39.135519],[-84.491095,39.135283],[-84.4912,39.135286],[-84.491192,39.13543],[-84.491081,39.135519]]]}},{"type":"Feature","properties":{"pid":"006500010121"},"geometry":{"type":"Polygon","coordinates":[[[-84.490977,39.135568],[-84.490625,39.135272],[-84.490994,39.135281],[-84.490977,39.135568]]]}},{"type":"Feature","properties":{"pid":"010800050039"},"geometry":{"type":"Polygon","coordinates":[[[-84.48123,39.150222],[-84.481043,39.150085],[-84.481536,39.149678],[-84.481724,39.149814],[-84.48123,39.150222]]]}},{"type":"Feature","properties":{"pid":"010800050044"},"geometry":{"type":"Polygon","coordinates":[[[-84.483583,39.151162],[-84.483429,39.15105],[-84.483916,39.150645],[-84.484071,39.150758],[-84.483583,39.151162]]]}},{"type":"Feature","properties":{"pid":"010800050052"},"geometry":{"type":"Polygon","coordinates":[[[-84.481833,39.150661],[-84.481611,39.150498],[-84.481942,39.150225],[-84.482165,39.150387],[-84.481833,39.150661]]]}},{"type":"Feature","properties":{"pid":"011000010057"},"geometry":{"type":"Polygon","coordinates":[[[-84.483252,39.153044],[-84.483614,39.152743],[-84.483872,39.15293],[-84.48351,39.153231],[-84.483252,39.153044]]]}},{"type":"Feature","properties":{"pid":"010800050043"},"geometry":{"type":"Polygon","coordinates":[[[-84.483856,39.152131],[-84.483728,39.152038],[-84.484221,39.151627],[-84.48435,39.15172],[-84.483856,39.152131]]]}},{"type":"Feature","properties":{"pid":"011300020065"},"geometry":{"type":"Polygon","coordinates":[[[-84.497075,39.147652],[-84.496814,39.147945],[-84.496735,39.147937],[-84.496691,39.147872],[-84.49638,39.147826],[-84.496417,39.147705],[-84.496347,39.147694],[-84.496385,39.147547],[-84.497075,39.147652]]]}},{"type":"Feature","properties":{"pid":"010800040053"},"geometry":{"type":"Polygon","coordinates":[[[-84.488351,39.148485],[-84.487926,39.149191],[-84.487282,39.149151],[-84.487332,39.14844],[-84.488351,39.148485]]]}},{"type":"Feature","properties":{"pid":"011300020086"},"geometry":{"type":"Polygon","coordinates":[[[-84.49678,39.147977],[-84.496735,39.147937],[-84.496814,39.147945],[-84.49678,39.147977]]]}},{"type":"Feature","properties":{"pid":"010700110015"},"geometry":{"type":"Polygon","coordinates":[[[-84.486321,39.144385],[-84.486314,39.144495],[-84.486169,39.144488],[-84.486149,39.144894],[-84.485944,39.144886],[-84.48597,39.144483],[-84.485798,39.144479],[-84.485799,39.144333],[-84.486321,39.144385]]]}},{"type":"Feature","properties":{"pid":"010700110017"},"geometry":{"type":"Polygon","coordinates":[[[-84.485618,39.144873],[-84.485654,39.144325],[-84.485799,39.144333],[-84.485776,39.144879],[-84.485618,39.144873]]]}},{"type":"Feature","properties":{"pid":"010700110018"},"geometry":{"type":"Polygon","coordinates":[[[-84.485459,39.144867],[-84.485496,39.144318],[-84.485654,39.144325],[-84.485618,39.144873],[-84.485459,39.144867]]]}},{"type":"Feature","properties":{"pid":"010700110019"},"geometry":{"type":"Polygon","coordinates":[[[-84.485295,39.14486],[-84.485334,39.14431],[-84.485496,39.144318],[-84.485459,39.144867],[-84.485295,39.14486]]]}},{"type":"Feature","properties":{"pid":"010700110020"},"geometry":{"type":"Polygon","coordinates":[[[-84.485141,39.144854],[-84.48518,39.144302],[-84.485334,39.14431],[-84.485295,39.14486],[-84.485141,39.144854]]]}},{"type":"Feature","properties":{"pid":"010700110021"},"geometry":{"type":"Polygon","coordinates":[[[-84.485151,39.144301],[-84.485141,39.144854],[-84.484977,39.144848],[-84.485016,39.144295],[-84.485151,39.144301]]]}},{"type":"Feature","properties":{"pid":"010700110032"},"geometry":{"type":"Polygon","coordinates":[[[-84.487324,39.144538],[-84.487182,39.144532],[-84.487259,39.14406],[-84.487398,39.144075],[-84.487324,39.144538]]]}},{"type":"Feature","properties":{"pid":"010700110033"},"geometry":{"type":"Polygon","coordinates":[[[-84.487039,39.144526],[-84.487121,39.144047],[-84.487259,39.14406],[-84.487182,39.144532],[-84.487039,39.144526]]]}},{"type":"Feature","properties":{"pid":"010700110034"},"geometry":{"type":"Polygon","coordinates":[[[-84.486902,39.14452],[-84.486983,39.144033],[-84.487121,39.144047],[-84.487039,39.144526],[-84.486902,39.14452]]]}},{"type":"Feature","properties":{"pid":"010700110035"},"geometry":{"type":"Polygon","coordinates":[[[-84.486757,39.144513],[-84.486842,39.14402],[-84.486983,39.144033],[-84.486902,39.14452],[-84.486757,39.144513]]]}},{"type":"Feature","properties":{"pid":"010700110036"},"geometry":{"type":"Polygon","coordinates":[[[-84.486617,39.144508],[-84.486702,39.144006],[-84.486842,39.14402],[-84.486757,39.144513],[-84.486617,39.144508]]]}},{"type":"Feature","properties":{"pid":"010700110037"},"geometry":{"type":"Polygon","coordinates":[[[-84.486472,39.144501],[-84.486559,39.143993],[-84.486702,39.144006],[-84.486617,39.144508],[-84.486472,39.144501]]]}},{"type":"Feature","properties":{"pid":"010700110038"},"geometry":{"type":"Polygon","coordinates":[[[-84.486314,39.144495],[-84.486408,39.143978],[-84.486559,39.143993],[-84.486472,39.144501],[-84.486314,39.144495]]]}},{"type":"Feature","properties":{"pid":"010700110039"},"geometry":{"type":"Polygon","coordinates":[[[-84.486201,39.144373],[-84.486268,39.143964],[-84.486408,39.143978],[-84.486341,39.144387],[-84.486201,39.144373]]]}},{"type":"Feature","properties":{"pid":"010700110067"},"geometry":{"type":"Polygon","coordinates":[[[-84.485412,39.144313],[-84.485284,39.144307],[-84.48536,39.143873],[-84.485484,39.143886],[-84.485412,39.144313]]]}},{"type":"Feature","properties":{"pid":"010700110069"},"geometry":{"type":"Polygon","coordinates":[[[-84.485799,39.144333],[-84.485859,39.143924],[-84.485989,39.143936],[-84.485921,39.144345],[-84.485799,39.144333]]]}},{"type":"Feature","properties":{"pid":"010700110070"},"geometry":{"type":"Polygon","coordinates":[[[-84.485151,39.144301],[-84.485229,39.14386],[-84.48536,39.143873],[-84.485284,39.144307],[-84.485151,39.144301]]]}},{"type":"Feature","properties":{"pid":"010700110071"},"geometry":{"type":"Polygon","coordinates":[[[-84.485536,39.14432],[-84.485412,39.144313],[-84.485484,39.143886],[-84.485608,39.143898],[-84.485536,39.14432]]]}},{"type":"Feature","properties":{"pid":"010700110072"},"geometry":{"type":"Polygon","coordinates":[[[-84.485654,39.144325],[-84.485536,39.14432],[-84.485608,39.143898],[-84.485734,39.143911],[-84.485654,39.144325]]]}},{"type":"Feature","properties":{"pid":"010700110073"},"geometry":{"type":"Polygon","coordinates":[[[-84.485665,39.144326],[-84.485734,39.143911],[-84.485859,39.143924],[-84.485792,39.144332],[-84.485665,39.144326]]]}},{"type":"Feature","properties":{"pid":"010700120016"},"geometry":{"type":"Polygon","coordinates":[[[-84.485016,39.144295],[-84.485099,39.143847],[-84.485229,39.14386],[-84.485151,39.144301],[-84.485016,39.144295]]]}},{"type":"Feature","properties":{"pid":"010700110119"},"geometry":{"type":"Polygon","coordinates":[[[-84.485921,39.144345],[-84.485989,39.143936],[-84.486268,39.143964],[-84.486201,39.144373],[-84.485921,39.144345]]]}},{"type":"Feature","properties":{"pid":"011000030071"},"geometry":{"type":"Polygon","coordinates":[[[-84.479599,39.155079],[-84.479644,39.154669],[-84.480029,39.154694],[-84.479805,39.155093],[-84.479599,39.155079]]]}},{"type":"Feature","properties":{"pid":"011200050040"},"geometry":{"type":"Polygon","coordinates":[[[-84.490321,39.147367],[-84.490211,39.147723],[-84.490039,39.147691],[-84.490144,39.14735],[-84.490321,39.147367]]]}},{"type":"Feature","properties":{"pid":"010800050054"},"geometry":{"type":"Polygon","coordinates":[[[-84.483358,39.151769],[-84.483581,39.151583],[-84.483822,39.151758],[-84.483599,39.151944],[-84.483358,39.151769]]]}},{"type":"Feature","properties":{"pid":"011500040084"},"geometry":{"type":"Polygon","coordinates":[[[-84.48639,39.156255],[-84.485858,39.156264],[-84.485854,39.156137],[-84.485765,39.156137],[-84.485765,39.156082],[-84.486388,39.156078],[-84.48639,39.156255]]]}},{"type":"Feature","properties":{"pid":"010800050058"},"geometry":{"type":"Polygon","coordinates":[[[-84.482896,39.150869],[-84.48269,39.150719],[-84.482934,39.150558],[-84.483088,39.15067],[-84.483004,39.15074],[-84.483055,39.150777],[-84.482561,39.151188],[-84.482535,39.15117],[-84.482896,39.150869]]]}},{"type":"Feature","properties":{"pid":"010800050011"},"geometry":{"type":"Polygon","coordinates":[[[-84.480892,39.149973],[-84.480738,39.149863],[-84.481227,39.149455],[-84.481398,39.149579],[-84.480892,39.149973]]]}},{"type":"Feature","properties":{"pid":"011100050060"},"geometry":{"type":"Polygon","coordinates":[[[-84.487921,39.15206],[-84.487251,39.152594],[-84.486998,39.152417],[-84.487658,39.151873],[-84.487921,39.15206]]]}},{"type":"Feature","properties":{"pid":"011200010054"},"geometry":{"type":"Polygon","coordinates":[[[-84.488414,39.152411],[-84.488181,39.152245],[-84.488661,39.151843],[-84.488742,39.151898],[-84.488414,39.152411]]]}},{"type":"Feature","properties":{"pid":"011200040006"},"geometry":{"type":"Polygon","coordinates":[[[-84.487729,39.151924],[-84.488206,39.15152],[-84.488401,39.151658],[-84.487921,39.15206],[-84.487729,39.151924]]]}},{"type":"Feature","properties":{"pid":"011200040007"},"geometry":{"type":"Polygon","coordinates":[[[-84.488181,39.152245],[-84.488051,39.152153],[-84.488531,39.15175],[-84.488661,39.151843],[-84.488181,39.152245]]]}},{"type":"Feature","properties":{"pid":"011200040089"},"geometry":{"type":"Polygon","coordinates":[[[-84.488051,39.152153],[-84.487921,39.15206],[-84.488401,39.151658],[-84.488531,39.15175],[-84.488051,39.152153]]]}},{"type":"Feature","properties":{"pid":"011100050087"},"geometry":{"type":"Polygon","coordinates":[[[-84.487702,39.153046],[-84.488323,39.153121],[-84.488265,39.153651],[-84.487683,39.153616],[-84.487475,39.153505],[-84.487702,39.153046]]]}},{"type":"Feature","properties":{"pid":"011100050042"},"geometry":{"type":"Polygon","coordinates":[[[-84.487514,39.152981],[-84.487239,39.153379],[-84.487036,39.15327],[-84.487365,39.152908],[-84.487514,39.152981]]]}},{"type":"Feature","properties":{"pid":"011100050041"},"geometry":{"type":"Polygon","coordinates":[[[-84.487365,39.152908],[-84.487036,39.15327],[-84.486832,39.15316],[-84.487229,39.15282],[-84.487365,39.152908]]]}},{"type":"Feature","properties":{"pid":"010800060011"},"geometry":{"type":"Polygon","coordinates":[[[-84.480448,39.149655],[-84.480793,39.149366],[-84.480928,39.149462],[-84.480584,39.149753],[-84.480448,39.149655]]]}},{"type":"Feature","properties":{"pid":"011000010047"},"geometry":{"type":"Polygon","coordinates":[[[-84.480812,39.150707],[-84.481172,39.150396],[-84.481426,39.15058],[-84.481068,39.150893],[-84.480812,39.150707]]]}},{"type":"Feature","properties":{"pid":"010500010143"},"geometry":{"type":"Polygon","coordinates":[[[-84.492555,39.134814],[-84.492333,39.135006],[-84.492257,39.135072],[-84.492275,39.1349],[-84.492354,39.134807],[-84.492555,39.134814]]]}},{"type":"Feature","properties":{"pid":"011500030042"},"geometry":{"type":"Polygon","coordinates":[[[-84.493142,39.158172],[-84.492667,39.158141],[-84.492684,39.157973],[-84.493159,39.158003],[-84.493142,39.158172]]]}},{"type":"Feature","properties":{"pid":"011500020046"},"geometry":{"type":"Polygon","coordinates":[[[-84.493794,39.157798],[-84.49338,39.157774],[-84.493408,39.15755],[-84.493816,39.157577],[-84.493794,39.157798]]]}},{"type":"Feature","properties":{"pid":"01150A030028"},"geometry":{"type":"Polygon","coordinates":[[[-84.492752,39.157286],[-84.493226,39.157317],[-84.493213,39.157455],[-84.492738,39.157424],[-84.492752,39.157286]]]}},{"type":"Feature","properties":{"pid":"01150A030012"},"geometry":{"type":"Polygon","coordinates":[[[-84.491204,39.157186],[-84.491269,39.15686],[-84.491608,39.156866],[-84.491572,39.157237],[-84.491204,39.157186]]]}},{"type":"Feature","properties":{"pid":"01150A030019"},"geometry":{"type":"Polygon","coordinates":[[[-84.492681,39.158003],[-84.492242,39.157974],[-84.492255,39.157837],[-84.492695,39.157866],[-84.492681,39.158003]]]}},{"type":"Feature","properties":{"pid":"011500030120"},"geometry":{"type":"Polygon","coordinates":[[[-84.492667,39.158141],[-84.492228,39.158112],[-84.492242,39.157974],[-84.492681,39.158003],[-84.492667,39.158141]]]}},{"type":"Feature","properties":{"pid":"01150A030024"},"geometry":{"type":"Polygon","coordinates":[[[-84.49231,39.157285],[-84.492352,39.156919],[-84.492613,39.15689],[-84.492573,39.157302],[-84.49231,39.157285]]]}},{"type":"Feature","properties":{"pid":"011500030144"},"geometry":{"type":"Polygon","coordinates":[[[-84.492087,39.158101],[-84.491632,39.158074],[-84.491647,39.157935],[-84.492101,39.157965],[-84.492087,39.158101]]]}},{"type":"Feature","properties":{"pid":"01150A030030"},"geometry":{"type":"Polygon","coordinates":[[[-84.492724,39.157563],[-84.493199,39.157594],[-84.493188,39.157704],[-84.492712,39.157693],[-84.492724,39.157563]]]}},{"type":"Feature","properties":{"pid":"01150A030031"},"geometry":{"type":"Polygon","coordinates":[[[-84.492712,39.157693],[-84.493188,39.157704],[-84.493172,39.15787],[-84.492697,39.157839],[-84.492712,39.157693]]]}},{"type":"Feature","properties":{"pid":"010500010077"},"geometry":{"type":"Polygon","coordinates":[[[-84.495286,39.135467],[-84.494934,39.135453],[-84.49494,39.135385],[-84.495292,39.135399],[-84.495286,39.135467]]]}},{"type":"Feature","properties":{"pid":"010500010078"},"geometry":{"type":"Polygon","coordinates":[[[-84.49528,39.135535],[-84.494928,39.135521],[-84.494934,39.135453],[-84.495286,39.135467],[-84.49528,39.135535]]]}},{"type":"Feature","properties":{"pid":"010500010079"},"geometry":{"type":"Polygon","coordinates":[[[-84.495274,39.135603],[-84.494922,39.135589],[-84.494928,39.135521],[-84.49528,39.135535],[-84.495274,39.135603]]]}},{"type":"Feature","properties":{"pid":"010500010080"},"geometry":{"type":"Polygon","coordinates":[[[-84.495268,39.135671],[-84.494916,39.135657],[-84.494922,39.135589],[-84.495274,39.135603],[-84.495268,39.135671]]]}},{"type":"Feature","properties":{"pid":"010500010081"},"geometry":{"type":"Polygon","coordinates":[[[-84.495262,39.135739],[-84.49491,39.135725],[-84.494916,39.135657],[-84.495268,39.135671],[-84.495262,39.135739]]]}},{"type":"Feature","properties":{"pid":"010500010082"},"geometry":{"type":"Polygon","coordinates":[[[-84.494903,39.135799],[-84.49491,39.135725],[-84.495262,39.135739],[-84.495256,39.135813],[-84.494903,39.135799]]]}},{"type":"Feature","properties":{"pid":"011500030055"},"geometry":{"type":"Polygon","coordinates":[[[-84.492684,39.157973],[-84.492697,39.157839],[-84.493172,39.15787],[-84.493159,39.158003],[-84.492684,39.157973]]]}},{"type":"Feature","properties":{"pid":"011500030081"},"geometry":{"type":"Polygon","coordinates":[[[-84.490527,39.157987],[-84.490533,39.157914],[-84.490467,39.157908],[-84.490473,39.157858],[-84.490859,39.157883],[-84.490847,39.158008],[-84.490527,39.157987]]]}},{"type":"Feature","properties":{"pid":"011500020026"},"geometry":{"type":"Polygon","coordinates":[[[-84.493822,39.156919],[-84.493468,39.156901],[-84.493478,39.156789],[-84.493846,39.156647],[-84.493822,39.156919]]]}},{"type":"Feature","properties":{"pid":"011500030153"},"geometry":{"type":"Polygon","coordinates":[[[-84.490847,39.158008],[-84.490859,39.157883],[-84.491171,39.157904],[-84.491159,39.158028],[-84.490847,39.158008]]]}},{"type":"Feature","properties":{"pid":"01150A030018"},"geometry":{"type":"Polygon","coordinates":[[[-84.492101,39.157965],[-84.491609,39.157933],[-84.491626,39.157768],[-84.492117,39.1578],[-84.492101,39.157965]]]}},{"type":"Feature","properties":{"pid":"011500020006"},"geometry":{"type":"Polygon","coordinates":[[[-84.494049,39.158101],[-84.493345,39.158056],[-84.493367,39.157876],[-84.494064,39.157926],[-84.494049,39.158101]]]}},{"type":"Feature","properties":{"pid":"01150A030010"},"geometry":{"type":"Polygon","coordinates":[[[-84.491609,39.157933],[-84.491188,39.157905],[-84.49089,39.157435],[-84.491069,39.157347],[-84.491642,39.157602],[-84.491609,39.157933]]]}},{"type":"Feature","properties":{"pid":"010500010236"},"geometry":{"type":"Polygon","coordinates":[[[-84.495099,39.134912],[-84.494982,39.134908],[-84.49499,39.134815],[-84.495107,39.13482],[-84.495099,39.134912]]]}},{"type":"Feature","properties":{"pid":"01150A030013"},"geometry":{"type":"Polygon","coordinates":[[[-84.491888,39.157258],[-84.491572,39.157237],[-84.491608,39.156866],[-84.491925,39.156891],[-84.491888,39.157258]]]}},{"type":"Feature","properties":{"pid":"01150A030004"},"geometry":{"type":"Polygon","coordinates":[[[-84.489956,39.157551],[-84.490008,39.157014],[-84.49043,39.15704],[-84.49039,39.157472],[-84.490082,39.157563],[-84.489956,39.157551]]]}},{"type":"Feature","properties":{"pid":"01150A030003"},"geometry":{"type":"Polygon","coordinates":[[[-84.491084,39.157113],[-84.490919,39.157301],[-84.490645,39.157086],[-84.490681,39.156705],[-84.49111,39.156837],[-84.491084,39.157113]]]}},{"type":"Feature","properties":{"pid":"011500030185"},"geometry":{"type":"Polygon","coordinates":[[[-84.490534,39.156474],[-84.490989,39.156586],[-84.491385,39.156651],[-84.491162,39.156635],[-84.490534,39.156474]]]}},{"type":"Feature","properties":{"pid":"011500030086"},"geometry":{"type":"Polygon","coordinates":[[[-84.490453,39.158],[-84.489914,39.157965],[-84.48993,39.157822],[-84.490473,39.157858],[-84.490453,39.158]]]}},{"type":"Feature","properties":{"pid":"01150A030014"},"geometry":{"type":"Polygon","coordinates":[[[-84.492169,39.157276],[-84.491888,39.157258],[-84.491925,39.156891],[-84.492193,39.156918],[-84.492169,39.157276]]]}},{"type":"Feature","properties":{"pid":"011100060113"},"geometry":{"type":"Polygon","coordinates":[[[-84.479963,39.167095],[-84.480068,39.167093],[-84.480139,39.167172],[-84.480343,39.167496],[-84.480322,39.167613],[-84.479958,39.167634],[-84.479963,39.167095]]]}},{"type":"Feature","properties":{"pid":"011100060122"},"geometry":{"type":"Polygon","coordinates":[[[-84.480488,39.166703],[-84.480416,39.167097],[-84.480104,39.16705],[-84.48008,39.166984],[-84.480488,39.166703]]]}},{"type":"Feature","properties":{"pid":"011600020134"},"geometry":{"type":"Polygon","coordinates":[[[-84.47833,39.16627],[-84.478153,39.166292],[-84.478117,39.166227],[-84.477909,39.166144],[-84.478298,39.165999],[-84.47833,39.16627]]]}},{"type":"Feature","properties":{"pid":"011600020142"},"geometry":{"type":"Polygon","coordinates":[[[-84.478131,39.166341],[-84.478153,39.166292],[-84.478709,39.166222],[-84.478657,39.166747],[-84.478131,39.166341]]]}},{"type":"Feature","properties":{"pid":"011600020236"},"geometry":{"type":"Polygon","coordinates":[[[-84.477939,39.1663],[-84.478042,39.166456],[-84.477179,39.166967],[-84.47708,39.16679],[-84.477939,39.1663]]]}},{"type":"Feature","properties":{"pid":"011600020250"},"geometry":{"type":"Polygon","coordinates":[[[-84.478017,39.166371],[-84.478411,39.16667],[-84.478657,39.166747],[-84.478643,39.166884],[-84.478132,39.166794],[-84.478017,39.166371]]]}},{"type":"Feature","properties":{"pid":"011500030026"},"geometry":{"type":"Polygon","coordinates":[[[-84.493831,39.158501],[-84.493304,39.158468],[-84.493345,39.158056],[-84.493873,39.15809],[-84.493831,39.158501]]]}},{"type":"Feature","properties":{"pid":"01150A030007"},"geometry":{"type":"Polygon","coordinates":[[[-84.49037,39.157851],[-84.48993,39.157822],[-84.489943,39.157683],[-84.490396,39.157588],[-84.49037,39.157851]]]}},{"type":"Feature","properties":{"pid":"01150A030025"},"geometry":{"type":"Polygon","coordinates":[[[-84.492573,39.157302],[-84.492613,39.15689],[-84.492826,39.156885],[-84.49279,39.15726],[-84.492749,39.157313],[-84.492573,39.157302]]]}},{"type":"Feature","properties":{"pid":"01150A030027"},"geometry":{"type":"Polygon","coordinates":[[[-84.492965,39.157272],[-84.493005,39.15687],[-84.493131,39.156918],[-84.493217,39.157005],[-84.493229,39.157289],[-84.492965,39.157272]]]}},{"type":"Feature","properties":{"pid":"011500040035"},"geometry":{"type":"Polygon","coordinates":[[[-84.486451,39.157255],[-84.486873,39.157026],[-84.487002,39.157172],[-84.486583,39.157407],[-84.486451,39.157255]]]}},{"type":"Feature","properties":{"pid":"01150A030009"},"geometry":{"type":"Polygon","coordinates":[[[-84.491188,39.157905],[-84.490802,39.15788],[-84.490663,39.157506],[-84.49089,39.157435],[-84.491188,39.157905]]]}},{"type":"Feature","properties":{"pid":"01150A030002"},"geometry":{"type":"Polygon","coordinates":[[[-84.490434,39.156993],[-84.490467,39.15664],[-84.490681,39.156705],[-84.490649,39.157044],[-84.490434,39.156993]]]}},{"type":"Feature","properties":{"pid":"01150A030006"},"geometry":{"type":"Polygon","coordinates":[[[-84.490919,39.157301],[-84.490534,39.157427],[-84.490565,39.157097],[-84.490698,39.157128],[-84.490919,39.157301]]]}},{"type":"Feature","properties":{"pid":"011500020051"},"geometry":{"type":"Polygon","coordinates":[[[-84.493771,39.157417],[-84.493421,39.157395],[-84.493431,39.157285],[-84.493783,39.15731],[-84.493771,39.157417]]]}},{"type":"Feature","properties":{"pid":"010700070169"},"geometry":{"type":"Polygon","coordinates":[[[-84.499712,39.141374],[-84.499842,39.141378],[-84.499825,39.141655],[-84.499557,39.141646],[-84.499529,39.141601],[-84.499712,39.141374]]]}},{"type":"Feature","properties":{"pid":"010700070094"},"geometry":{"type":"Polygon","coordinates":[[[-84.499712,39.141374],[-84.499529,39.141601],[-84.49939,39.141596],[-84.499403,39.141363],[-84.499712,39.141374]]]}},{"type":"Feature","properties":{"pid":"010700070174"},"geometry":{"type":"Polygon","coordinates":[[[-84.499238,39.141357],[-84.499403,39.141363],[-84.49939,39.141596],[-84.499225,39.14159],[-84.499238,39.141357]]]}},{"type":"Feature","properties":{"pid":"011500030089"},"geometry":{"type":"Polygon","coordinates":[[[-84.491314,39.157913],[-84.491647,39.157935],[-84.491628,39.158117],[-84.491296,39.158093],[-84.491314,39.157913]]]}},{"type":"Feature","properties":{"pid":"01150A030008"},"geometry":{"type":"Polygon","coordinates":[[[-84.490802,39.15788],[-84.49037,39.157851],[-84.490396,39.157588],[-84.490663,39.157506],[-84.490802,39.15788]]]}},{"type":"Feature","properties":{"pid":"01150A030026"},"geometry":{"type":"Polygon","coordinates":[[[-84.49279,39.15726],[-84.492826,39.156885],[-84.493005,39.15687],[-84.492965,39.157272],[-84.49279,39.15726]]]}},{"type":"Feature","properties":{"pid":"011500040088"},"geometry":{"type":"Polygon","coordinates":[[[-84.48939,39.157892],[-84.489407,39.157711],[-84.489937,39.157746],[-84.489919,39.157922],[-84.48939,39.157892]]]}},{"type":"Feature","properties":{"pid":"011100030005"},"geometry":{"type":"Polygon","coordinates":[[[-84.484169,39.154336],[-84.484341,39.154432],[-84.484032,39.154766],[-84.48386,39.15467],[-84.484169,39.154336]]]}},{"type":"Feature","properties":{"pid":"011000030057"},"geometry":{"type":"Polygon","coordinates":[[[-84.479262,39.156222],[-84.479182,39.156389],[-84.479051,39.156192],[-84.479262,39.156222]]]}},{"type":"Feature","properties":{"pid":"011000030058"},"geometry":{"type":"Polygon","coordinates":[[[-84.479283,39.156541],[-84.479198,39.156413],[-84.479262,39.156222],[-84.479658,39.156389],[-84.479283,39.156541]]]}},{"type":"Feature","properties":{"pid":"011500020014"},"geometry":{"type":"Polygon","coordinates":[[[-84.49413,39.157217],[-84.493441,39.157175],[-84.493455,39.157035],[-84.494145,39.157075],[-84.49413,39.157217]]]}},{"type":"Feature","properties":{"pid":"011500020027"},"geometry":{"type":"Polygon","coordinates":[[[-84.494145,39.157075],[-84.493455,39.157035],[-84.493468,39.156901],[-84.494159,39.156937],[-84.494145,39.157075]]]}},{"type":"Feature","properties":{"pid":"011500020037"},"geometry":{"type":"Polygon","coordinates":[[[-84.493783,39.15731],[-84.493431,39.157285],[-84.493441,39.157175],[-84.493795,39.157197],[-84.493783,39.15731]]]}},{"type":"Feature","properties":{"pid":"01150A030005"},"geometry":{"type":"Polygon","coordinates":[[[-84.490534,39.157427],[-84.49039,39.157472],[-84.490427,39.157068],[-84.490565,39.157097],[-84.490534,39.157427]]]}},{"type":"Feature","properties":{"pid":"01150A030011"},"geometry":{"type":"Polygon","coordinates":[[[-84.491678,39.157244],[-84.491642,39.157602],[-84.491069,39.157347],[-84.491204,39.157186],[-84.491678,39.157244]]]}},{"type":"Feature","properties":{"pid":"01150A030015"},"geometry":{"type":"Polygon","coordinates":[[[-84.492156,39.157414],[-84.491664,39.157381],[-84.491678,39.157244],[-84.492169,39.157276],[-84.492156,39.157414]]]}},{"type":"Feature","properties":{"pid":"01150A030016"},"geometry":{"type":"Polygon","coordinates":[[[-84.492134,39.157635],[-84.491642,39.157602],[-84.49166,39.157423],[-84.492151,39.157455],[-84.492134,39.157635]]]}},{"type":"Feature","properties":{"pid":"01150A030017"},"geometry":{"type":"Polygon","coordinates":[[[-84.492117,39.1578],[-84.491626,39.157768],[-84.491639,39.15763],[-84.492131,39.157662],[-84.492117,39.1578]]]}},{"type":"Feature","properties":{"pid":"01150A030020"},"geometry":{"type":"Polygon","coordinates":[[[-84.492695,39.157866],[-84.492255,39.157837],[-84.492273,39.157663],[-84.492712,39.157693],[-84.492695,39.157866]]]}},{"type":"Feature","properties":{"pid":"01150A030021"},"geometry":{"type":"Polygon","coordinates":[[[-84.492273,39.157663],[-84.492288,39.157506],[-84.492727,39.157535],[-84.492712,39.157693],[-84.492273,39.157663]]]}},{"type":"Feature","properties":{"pid":"01150A030022"},"geometry":{"type":"Polygon","coordinates":[[[-84.492288,39.157506],[-84.492302,39.157368],[-84.492741,39.157396],[-84.492727,39.157535],[-84.492288,39.157506]]]}},{"type":"Feature","properties":{"pid":"010400010068"},"geometry":{"type":"Polygon","coordinates":[[[-84.501344,39.136562],[-84.501014,39.136539],[-84.501001,39.136449],[-84.501354,39.136472],[-84.501344,39.136562]]]}},{"type":"Feature","properties":{"pid":"010700070148"},"geometry":{"type":"Polygon","coordinates":[[[-84.497189,39.143148],[-84.497216,39.14283],[-84.497427,39.142844],[-84.497399,39.143161],[-84.497189,39.143148]]]}},{"type":"Feature","properties":{"pid":"011200020056"},"geometry":{"type":"Polygon","coordinates":[[[-84.494398,39.155634],[-84.493651,39.155587],[-84.493647,39.155452],[-84.494395,39.155506],[-84.494398,39.155634]]]}},{"type":"Feature","properties":{"pid":"011200020057"},"geometry":{"type":"Polygon","coordinates":[[[-84.494,39.155305],[-84.493849,39.154782],[-84.494373,39.154736],[-84.49439,39.155326],[-84.494,39.155305]]]}},{"type":"Feature","properties":{"pid":"011200020059"},"geometry":{"type":"Polygon","coordinates":[[[-84.493647,39.155452],[-84.493648,39.155323],[-84.49439,39.155326],[-84.494395,39.155506],[-84.493647,39.155452]]]}},{"type":"Feature","properties":{"pid":"010700070081"},"geometry":{"type":"Polygon","coordinates":[[[-84.499586,39.140898],[-84.499534,39.141368],[-84.499358,39.141361],[-84.49941,39.14089],[-84.499586,39.140898]]]}},{"type":"Feature","properties":{"pid":"010700070083"},"geometry":{"type":"Polygon","coordinates":[[[-84.499955,39.140917],[-84.499925,39.14119],[-84.499802,39.141184],[-84.499832,39.140911],[-84.499955,39.140917]]]}},{"type":"Feature","properties":{"pid":"010700070080"},"geometry":{"type":"Polygon","coordinates":[[[-84.499234,39.140881],[-84.49941,39.14089],[-84.499358,39.141361],[-84.499182,39.141355],[-84.499234,39.140881]]]}},{"type":"Feature","properties":{"pid":"010500010048"},"geometry":{"type":"Polygon","coordinates":[[[-84.495256,39.135813],[-84.495262,39.135739],[-84.495649,39.135754],[-84.495643,39.135828],[-84.495256,39.135813]]]}},{"type":"Feature","properties":{"pid":"010500010049"},"geometry":{"type":"Polygon","coordinates":[[[-84.495649,39.135754],[-84.495262,39.135739],[-84.495268,39.135671],[-84.495655,39.135686],[-84.495649,39.135754]]]}},{"type":"Feature","properties":{"pid":"010500010050"},"geometry":{"type":"Polygon","coordinates":[[[-84.495655,39.135686],[-84.495268,39.135671],[-84.495274,39.135603],[-84.495661,39.135618],[-84.495655,39.135686]]]}},{"type":"Feature","properties":{"pid":"010500010051"},"geometry":{"type":"Polygon","coordinates":[[[-84.495661,39.135618],[-84.495274,39.135603],[-84.49528,39.135535],[-84.495667,39.13555],[-84.495661,39.135618]]]}},{"type":"Feature","properties":{"pid":"010500010052"},"geometry":{"type":"Polygon","coordinates":[[[-84.495667,39.13555],[-84.49528,39.135535],[-84.495286,39.135467],[-84.495673,39.135482],[-84.495667,39.13555]]]}},{"type":"Feature","properties":{"pid":"010500010053"},"geometry":{"type":"Polygon","coordinates":[[[-84.495673,39.135482],[-84.495286,39.135467],[-84.495292,39.135399],[-84.495679,39.135414],[-84.495673,39.135482]]]}},{"type":"Feature","properties":{"pid":"010500010054"},"geometry":{"type":"Polygon","coordinates":[[[-84.495679,39.135414],[-84.495292,39.135399],[-84.495298,39.135331],[-84.495685,39.135346],[-84.495679,39.135414]]]}},{"type":"Feature","properties":{"pid":"010500010055"},"geometry":{"type":"Polygon","coordinates":[[[-84.495685,39.135346],[-84.495298,39.135331],[-84.495304,39.135263],[-84.495691,39.135278],[-84.495685,39.135346]]]}},{"type":"Feature","properties":{"pid":"010500010056"},"geometry":{"type":"Polygon","coordinates":[[[-84.495691,39.135278],[-84.495304,39.135263],[-84.49531,39.135195],[-84.495697,39.13521],[-84.495691,39.135278]]]}},{"type":"Feature","properties":{"pid":"010500010057"},"geometry":{"type":"Polygon","coordinates":[[[-84.495697,39.13521],[-84.49531,39.135195],[-84.495316,39.135126],[-84.495704,39.135142],[-84.495697,39.13521]]]}},{"type":"Feature","properties":{"pid":"010500010058"},"geometry":{"type":"Polygon","coordinates":[[[-84.495704,39.135142],[-84.495316,39.135126],[-84.495322,39.135058],[-84.49571,39.135074],[-84.495704,39.135142]]]}},{"type":"Feature","properties":{"pid":"010500010060"},"geometry":{"type":"Polygon","coordinates":[[[-84.495716,39.135006],[-84.495328,39.13499],[-84.495334,39.134922],[-84.495722,39.134938],[-84.495716,39.135006]]]}},{"type":"Feature","properties":{"pid":"010500010066"},"geometry":{"type":"Polygon","coordinates":[[[-84.495334,39.134922],[-84.495217,39.134917],[-84.495241,39.134645],[-84.495358,39.134649],[-84.495334,39.134922]]]}},{"type":"Feature","properties":{"pid":"010500010067"},"geometry":{"type":"Polygon","coordinates":[[[-84.495217,39.134917],[-84.495158,39.134915],[-84.495182,39.134642],[-84.495241,39.134645],[-84.495217,39.134917]]]}},{"type":"Feature","properties":{"pid":"010500010069"},"geometry":{"type":"Polygon","coordinates":[[[-84.495107,39.13482],[-84.49499,39.134815],[-84.495006,39.134635],[-84.495123,39.13464],[-84.495107,39.13482]]]}},{"type":"Feature","properties":{"pid":"010500010070"},"geometry":{"type":"Polygon","coordinates":[[[-84.495207,39.135026],[-84.494972,39.135017],[-84.494982,39.134908],[-84.495217,39.134917],[-84.495207,39.135026]]]}},{"type":"Feature","properties":{"pid":"010500010071"},"geometry":{"type":"Polygon","coordinates":[[[-84.495315,39.135143],[-84.494962,39.135129],[-84.494972,39.135017],[-84.495325,39.135031],[-84.495315,39.135143]]]}},{"type":"Feature","properties":{"pid":"010500010073"},"geometry":{"type":"Polygon","coordinates":[[[-84.495307,39.135229],[-84.494955,39.135214],[-84.494958,39.13518],[-84.49531,39.135195],[-84.495307,39.135229]]]}},{"type":"Feature","properties":{"pid":"010500010075"},"geometry":{"type":"Polygon","coordinates":[[[-84.4953,39.135314],[-84.494947,39.1353],[-84.494952,39.135248],[-84.495304,39.135263],[-84.4953,39.135314]]]}},{"type":"Feature","properties":{"pid":"010500010076"},"geometry":{"type":"Polygon","coordinates":[[[-84.495292,39.135399],[-84.49494,39.135385],[-84.494947,39.1353],[-84.4953,39.135314],[-84.495292,39.135399]]]}},{"type":"Feature","properties":{"pid":"010500010230"},"geometry":{"type":"Polygon","coordinates":[[[-84.494759,39.135772],[-84.494617,39.135767],[-84.494609,39.135695],[-84.494765,39.135701],[-84.494759,39.135772]]]}},{"type":"Feature","properties":{"pid":"010500010216"},"geometry":{"type":"Polygon","coordinates":[[[-84.494765,39.135701],[-84.494609,39.135695],[-84.494602,39.135623],[-84.494771,39.135629],[-84.494765,39.135701]]]}},{"type":"Feature","properties":{"pid":"010500010085"},"geometry":{"type":"Polygon","coordinates":[[[-84.494774,39.135596],[-84.494599,39.13559],[-84.494595,39.135549],[-84.494777,39.135555],[-84.494774,39.135596]]]}},{"type":"Feature","properties":{"pid":"010900030012"},"geometry":{"type":"Polygon","coordinates":[[[-84.476789,39.151644],[-84.476722,39.152048],[-84.476195,39.152011],[-84.476095,39.151813],[-84.476476,39.15165],[-84.476789,39.151644]]]}},{"type":"Feature","properties":{"pid":"011200040008"},"geometry":{"type":"Polygon","coordinates":[[[-84.488993,39.150467],[-84.488838,39.150727],[-84.488623,39.150573],[-84.488709,39.150438],[-84.488993,39.150467]]]}},{"type":"Feature","properties":{"pid":"011200040010"},"geometry":{"type":"Polygon","coordinates":[[[-84.48853,39.151536],[-84.488752,39.151161],[-84.48892,39.151222],[-84.488733,39.151678],[-84.48853,39.151536]]]}},{"type":"Feature","properties":{"pid":"011200040011"},"geometry":{"type":"Polygon","coordinates":[[[-84.48892,39.151222],[-84.489067,39.151274],[-84.488954,39.151758],[-84.488835,39.15175],[-84.488733,39.151678],[-84.48892,39.151222]]]}},{"type":"Feature","properties":{"pid":"011200040013"},"geometry":{"type":"Polygon","coordinates":[[[-84.4894,39.151098],[-84.489323,39.151782],[-84.489133,39.151769],[-84.489163,39.151285],[-84.489278,39.15109],[-84.4894,39.151098]]]}},{"type":"Feature","properties":{"pid":"011200040014"},"geometry":{"type":"Polygon","coordinates":[[[-84.489502,39.151793],[-84.489323,39.151782],[-84.489378,39.151295],[-84.489551,39.151303],[-84.489502,39.151793]]]}},{"type":"Feature","properties":{"pid":"011200040016"},"geometry":{"type":"Polygon","coordinates":[[[-84.48937,39.15093],[-84.489347,39.150808],[-84.489405,39.150706],[-84.489306,39.15067],[-84.489435,39.150481],[-84.489508,39.150485],[-84.489439,39.151101],[-84.489278,39.15109],[-84.48937,39.15093]]]}},{"type":"Feature","properties":{"pid":"010700070227"},"geometry":{"type":"Polygon","coordinates":[[[-84.498653,39.143775],[-84.498743,39.143781],[-84.498722,39.143994],[-84.498632,39.143987],[-84.498653,39.143775]]]}},{"type":"Feature","properties":{"pid":"010700070233"},"geometry":{"type":"Polygon","coordinates":[[[-84.499059,39.143799],[-84.499123,39.143803],[-84.499101,39.144026],[-84.499038,39.144021],[-84.499059,39.143799]]]}},{"type":"Feature","properties":{"pid":"010700070232"},"geometry":{"type":"Polygon","coordinates":[[[-84.498996,39.143796],[-84.499059,39.143799],[-84.499038,39.144021],[-84.498974,39.144015],[-84.498996,39.143796]]]}},{"type":"Feature","properties":{"pid":"010700070231"},"geometry":{"type":"Polygon","coordinates":[[[-84.498912,39.14401],[-84.498933,39.143792],[-84.498996,39.143796],[-84.498974,39.144015],[-84.498912,39.14401]]]}},{"type":"Feature","properties":{"pid":"010700070230"},"geometry":{"type":"Polygon","coordinates":[[[-84.49887,39.143788],[-84.498933,39.143792],[-84.498912,39.14401],[-84.498849,39.144005],[-84.49887,39.143788]]]}},{"type":"Feature","properties":{"pid":"010700070229"},"geometry":{"type":"Polygon","coordinates":[[[-84.498807,39.143784],[-84.49887,39.143788],[-84.498849,39.144005],[-84.498785,39.143999],[-84.498807,39.143784]]]}},{"type":"Feature","properties":{"pid":"010700070228"},"geometry":{"type":"Polygon","coordinates":[[[-84.498743,39.143781],[-84.498807,39.143784],[-84.498785,39.143999],[-84.498722,39.143994],[-84.498743,39.143781]]]}},{"type":"Feature","properties":{"pid":"010700070166"},"geometry":{"type":"Polygon","coordinates":[[[-84.498622,39.141613],[-84.498887,39.141622],[-84.498881,39.141743],[-84.498614,39.141734],[-84.498622,39.141613]]]}},{"type":"Feature","properties":{"pid":"010700070164"},"geometry":{"type":"Polygon","coordinates":[[[-84.498251,39.141598],[-84.498622,39.141611],[-84.498613,39.141748],[-84.498275,39.14173],[-84.498251,39.141598]]]}},{"type":"Feature","properties":{"pid":"011200040040"},"geometry":{"type":"Polygon","coordinates":[[[-84.489347,39.150808],[-84.489029,39.150692],[-84.489088,39.150592],[-84.489405,39.150706],[-84.489347,39.150808]]]}},{"type":"Feature","properties":{"pid":"011200040042"},"geometry":{"type":"Polygon","coordinates":[[[-84.48937,39.15093],[-84.489324,39.151009],[-84.488927,39.150865],[-84.488974,39.150785],[-84.48937,39.15093]]]}},{"type":"Feature","properties":{"pid":"011400010084"},"geometry":{"type":"Polygon","coordinates":[[[-84.4942,39.152639],[-84.494235,39.152484],[-84.4946,39.152624],[-84.494555,39.152767],[-84.4942,39.152639]]]}},{"type":"Feature","properties":{"pid":"011400010091"},"geometry":{"type":"Polygon","coordinates":[[[-84.494198,39.15267],[-84.494373,39.152701],[-84.494867,39.15288],[-84.494255,39.15288],[-84.494198,39.15267]]]}},{"type":"Feature","properties":{"pid":"006500010025"},"geometry":{"type":"Polygon","coordinates":[[[-84.490324,39.135619],[-84.490176,39.135578],[-84.490363,39.135342],[-84.490441,39.135358],[-84.490324,39.135619]]]}},{"type":"Feature","properties":{"pid":"011200040052"},"geometry":{"type":"Polygon","coordinates":[[[-84.489435,39.150481],[-84.489227,39.150468],[-84.489251,39.150233],[-84.489478,39.150247],[-84.489435,39.150481]]]}},{"type":"Feature","properties":{"pid":"011200040076"},"geometry":{"type":"Polygon","coordinates":[[[-84.489347,39.150808],[-84.48937,39.15093],[-84.488974,39.150785],[-84.489029,39.150692],[-84.489347,39.150808]]]}},{"type":"Feature","properties":{"pid":"011200030029"},"geometry":{"type":"Polygon","coordinates":[[[-84.492525,39.153052],[-84.492349,39.153059],[-84.492323,39.15262],[-84.492499,39.152613],[-84.492525,39.153052]]]}},{"type":"Feature","properties":{"pid":"011200030050"},"geometry":{"type":"Polygon","coordinates":[[[-84.492544,39.152612],[-84.492571,39.15305],[-84.492525,39.153052],[-84.492499,39.152613],[-84.492544,39.152612]]]}},{"type":"Feature","properties":{"pid":"011200030030"},"geometry":{"type":"Polygon","coordinates":[[[-84.492747,39.153044],[-84.492571,39.15305],[-84.492544,39.152612],[-84.492724,39.152668],[-84.492747,39.153044]]]}},{"type":"Feature","properties":{"pid":"011200030053"},"geometry":{"type":"Polygon","coordinates":[[[-84.492994,39.153035],[-84.492747,39.153044],[-84.492724,39.152668],[-84.492976,39.152747],[-84.492994,39.153035]]]}},{"type":"Feature","properties":{"pid":"011200040019"},"geometry":{"type":"Polygon","coordinates":[[[-84.489,39.150455],[-84.489156,39.150477],[-84.488993,39.150467],[-84.489,39.150455]]]}},{"type":"Feature","properties":{"pid":"011200040039"},"geometry":{"type":"Polygon","coordinates":[[[-84.489163,39.151285],[-84.488752,39.151161],[-84.488822,39.151042],[-84.489222,39.151184],[-84.489163,39.151285]]]}},{"type":"Feature","properties":{"pid":"011200040047"},"geometry":{"type":"Polygon","coordinates":[[[-84.489278,39.15109],[-84.489222,39.151184],[-84.488822,39.151042],[-84.488876,39.150951],[-84.489278,39.15109]]]}},{"type":"Feature","properties":{"pid":"011200040048"},"geometry":{"type":"Polygon","coordinates":[[[-84.488898,39.150959],[-84.488927,39.150865],[-84.489324,39.151009],[-84.489278,39.15109],[-84.488898,39.150959]]]}},{"type":"Feature","properties":{"pid":"011200040053"},"geometry":{"type":"Polygon","coordinates":[[[-84.489227,39.150468],[-84.488999,39.150455],[-84.489023,39.150216],[-84.489251,39.150233],[-84.489227,39.150468]]]}},{"type":"Feature","properties":{"pid":"011200040012"},"geometry":{"type":"Polygon","coordinates":[[[-84.488954,39.151758],[-84.489067,39.151274],[-84.489182,39.151286],[-84.489133,39.151769],[-84.488954,39.151758]]]}},{"type":"Feature","properties":{"pid":"011200040036"},"geometry":{"type":"Polygon","coordinates":[[[-84.489088,39.150592],[-84.489151,39.150485],[-84.489377,39.150566],[-84.489306,39.15067],[-84.489088,39.150592]]]}},{"type":"Feature","properties":{"pid":"011200030054"},"geometry":{"type":"Polygon","coordinates":[[[-84.49323,39.153026],[-84.493201,39.152546],[-84.49398,39.152518],[-84.494013,39.152888],[-84.493968,39.152974],[-84.49323,39.153026]]]}},{"type":"Feature","properties":{"pid":"021600390308"},"geometry":{"type":"Polygon","coordinates":[[[-84.499702,39.150469],[-84.499815,39.150513],[-84.49986,39.150713],[-84.499652,39.151001],[-84.499339,39.150764],[-84.499702,39.150469]]]}},{"type":"Feature","properties":{"pid":"021600390309"},"geometry":{"type":"Polygon","coordinates":[[[-84.499902,39.150485],[-84.500127,39.150805],[-84.499918,39.151202],[-84.499652,39.151001],[-84.49986,39.150713],[-84.499815,39.150513],[-84.499902,39.150485]]]}},{"type":"Feature","properties":{"pid":"006000040051"},"geometry":{"type":"Polygon","coordinates":[[[-84.489424,39.136557],[-84.489473,39.136425],[-84.490165,39.136453],[-84.490131,39.136587],[-84.489424,39.136557]]]}},{"type":"Feature","properties":{"pid":"011600020033"},"geometry":{"type":"Polygon","coordinates":[[[-84.473165,39.164128],[-84.474121,39.164184],[-84.474155,39.164273],[-84.473119,39.164605],[-84.473165,39.164128]]]}},{"type":"Feature","properties":{"pid":"011600020035"},"geometry":{"type":"Polygon","coordinates":[[[-84.473163,39.164145],[-84.473131,39.164475],[-84.472182,39.164021],[-84.472331,39.163832],[-84.472918,39.164095],[-84.473163,39.164145]]]}},{"type":"Feature","properties":{"pid":"011600020056"},"geometry":{"type":"Polygon","coordinates":[[[-84.478824,39.164965],[-84.478264,39.164931],[-84.478289,39.164655],[-84.478633,39.1649],[-84.478824,39.164965]]]}},{"type":"Feature","properties":{"pid":"011600020290"},"geometry":{"type":"Polygon","coordinates":[[[-84.473131,39.164475],[-84.473119,39.164605],[-84.472213,39.16455],[-84.471846,39.164447],[-84.472182,39.164021],[-84.473131,39.164475]]]}},{"type":"Feature","properties":{"pid":"011600020291"},"geometry":{"type":"Polygon","coordinates":[[[-84.473165,39.164128],[-84.472379,39.163771],[-84.472507,39.163608],[-84.472879,39.163631],[-84.473198,39.163783],[-84.473165,39.164128]]]}},{"type":"Feature","properties":{"pid":"010700070217"},"geometry":{"type":"Polygon","coordinates":[[[-84.498113,39.143943],[-84.498023,39.143904],[-84.498037,39.14377],[-84.49808,39.143742],[-84.498133,39.143744],[-84.498113,39.143943]]]}},{"type":"Feature","properties":{"pid":"010500010092"},"geometry":{"type":"Polygon","coordinates":[[[-84.494765,39.134634],[-84.494853,39.134637],[-84.494831,39.134911],[-84.494743,39.134908],[-84.494765,39.134634]]]}},{"type":"Feature","properties":{"pid":"010500010093"},"geometry":{"type":"Polygon","coordinates":[[[-84.494765,39.134634],[-84.494743,39.134908],[-84.494671,39.134905],[-84.494677,39.134631],[-84.494765,39.134634]]]}},{"type":"Feature","properties":{"pid":"010800010110"},"geometry":{"type":"Polygon","coordinates":[[[-84.48587,39.147393],[-84.485672,39.147383],[-84.485689,39.146973],[-84.485893,39.146981],[-84.48587,39.147393]]]}},{"type":"Feature","properties":{"pid":"006500010012"},"geometry":{"type":"Polygon","coordinates":[[[-84.490873,39.135855],[-84.490747,39.135823],[-84.490816,39.135667],[-84.490891,39.135702],[-84.490873,39.135855]]]}},{"type":"Feature","properties":{"pid":"006500010013"},"geometry":{"type":"Polygon","coordinates":[[[-84.490747,39.135823],[-84.490673,39.135804],[-84.490774,39.135599],[-84.490816,39.135667],[-84.490747,39.135823]]]}},{"type":"Feature","properties":{"pid":"006500010023"},"geometry":{"type":"Polygon","coordinates":[[[-84.490484,39.135662],[-84.490407,39.135641],[-84.490526,39.135376],[-84.490607,39.135401],[-84.490484,39.135662]]]}},{"type":"Feature","properties":{"pid":"006500010024"},"geometry":{"type":"Polygon","coordinates":[[[-84.490407,39.135641],[-84.490324,39.135619],[-84.490441,39.135358],[-84.490526,39.135376],[-84.490407,39.135641]]]}},{"type":"Feature","properties":{"pid":"010800050016"},"geometry":{"type":"Polygon","coordinates":[[[-84.48203,39.150034],[-84.482521,39.149626],[-84.482778,39.149813],[-84.482288,39.150221],[-84.48203,39.150034]]]}},{"type":"Feature","properties":{"pid":"010800050024"},"geometry":{"type":"Polygon","coordinates":[[[-84.483938,39.15142],[-84.484422,39.151017],[-84.484834,39.151317],[-84.48435,39.15172],[-84.483938,39.15142]]]}},{"type":"Feature","properties":{"pid":"010700070224"},"geometry":{"type":"Polygon","coordinates":[[[-84.498512,39.143767],[-84.498653,39.143775],[-84.498632,39.143987],[-84.498492,39.143975],[-84.498512,39.143767]]]}},{"type":"Feature","properties":{"pid":"010700070223"},"geometry":{"type":"Polygon","coordinates":[[[-84.498449,39.143763],[-84.498512,39.143767],[-84.498492,39.143975],[-84.498428,39.14397],[-84.498449,39.143763]]]}},{"type":"Feature","properties":{"pid":"010700070222"},"geometry":{"type":"Polygon","coordinates":[[[-84.498428,39.14397],[-84.498366,39.143964],[-84.498386,39.143759],[-84.498449,39.143763],[-84.498428,39.14397]]]}},{"type":"Feature","properties":{"pid":"010700070221"},"geometry":{"type":"Polygon","coordinates":[[[-84.498323,39.143756],[-84.498386,39.143759],[-84.498366,39.143964],[-84.498303,39.143959],[-84.498323,39.143756]]]}},{"type":"Feature","properties":{"pid":"010700070220"},"geometry":{"type":"Polygon","coordinates":[[[-84.49826,39.143752],[-84.498323,39.143756],[-84.498303,39.143959],[-84.49824,39.143954],[-84.49826,39.143752]]]}},{"type":"Feature","properties":{"pid":"010700070219"},"geometry":{"type":"Polygon","coordinates":[[[-84.498196,39.143748],[-84.49826,39.143752],[-84.49824,39.143954],[-84.498176,39.143948],[-84.498196,39.143748]]]}},{"type":"Feature","properties":{"pid":"010700070218"},"geometry":{"type":"Polygon","coordinates":[[[-84.498113,39.143943],[-84.498133,39.143744],[-84.498196,39.143748],[-84.498176,39.143948],[-84.498113,39.143943]]]}},{"type":"Feature","properties":{"pid":"010500010086"},"geometry":{"type":"Polygon","coordinates":[[[-84.494777,39.135555],[-84.494595,39.135549],[-84.494586,39.135466],[-84.494784,39.135473],[-84.494777,39.135555]]]}},{"type":"Feature","properties":{"pid":"010500010087"},"geometry":{"type":"Polygon","coordinates":[[[-84.494784,39.135473],[-84.494586,39.135466],[-84.494574,39.135347],[-84.494794,39.135355],[-84.494784,39.135473]]]}},{"type":"Feature","properties":{"pid":"010500010083"},"geometry":{"type":"Polygon","coordinates":[[[-84.494753,39.135844],[-84.494624,39.135839],[-84.494617,39.135767],[-84.494759,39.135772],[-84.494753,39.135844]]]}},{"type":"Feature","properties":{"pid":"010900050064"},"geometry":{"type":"Polygon","coordinates":[[[-84.477819,39.156681],[-84.478015,39.156652],[-84.478112,39.156956],[-84.477919,39.156997],[-84.477819,39.156681]]]}},{"type":"Feature","properties":{"pid":"011000030066"},"geometry":{"type":"Polygon","coordinates":[[[-84.478938,39.156679],[-84.478112,39.156956],[-84.478015,39.156652],[-84.478291,39.15661],[-84.478772,39.156429],[-84.478938,39.156679]]]}},{"type":"Feature","properties":{"pid":"011500040032"},"geometry":{"type":"Polygon","coordinates":[[[-84.490012,39.156968],[-84.489515,39.156754],[-84.489769,39.156396],[-84.490056,39.156514],[-84.490012,39.156968]]]}},{"type":"Feature","properties":{"pid":"011100010009"},"geometry":{"type":"Polygon","coordinates":[[[-84.478826,39.156942],[-84.47904,39.157212],[-84.47889,39.157286],[-84.478675,39.156997],[-84.478826,39.156942]]]}},{"type":"Feature","properties":{"pid":"011200010006"},"geometry":{"type":"Polygon","coordinates":[[[-84.49003,39.153063],[-84.490061,39.152722],[-84.490125,39.152727],[-84.490088,39.153067],[-84.49003,39.153063]]]}},{"type":"Feature","properties":{"pid":"011200010007"},"geometry":{"type":"Polygon","coordinates":[[[-84.490088,39.153067],[-84.490125,39.152727],[-84.490267,39.152737],[-84.49023,39.153076],[-84.490088,39.153067]]]}},{"type":"Feature","properties":{"pid":"011200010031"},"geometry":{"type":"Polygon","coordinates":[[[-84.490061,39.152717],[-84.490075,39.152556],[-84.490125,39.152],[-84.490473,39.152083],[-84.490411,39.152747],[-84.490061,39.152717]]]}},{"type":"Feature","properties":{"pid":"011200010044"},"geometry":{"type":"Polygon","coordinates":[[[-84.49023,39.153076],[-84.490267,39.152737],[-84.490411,39.152747],[-84.490379,39.153086],[-84.49023,39.153076]]]}},{"type":"Feature","properties":{"pid":"011200030001"},"geometry":{"type":"Polygon","coordinates":[[[-84.490922,39.15295],[-84.490931,39.152804],[-84.491316,39.152737],[-84.491387,39.15289],[-84.490922,39.15295]]]}},{"type":"Feature","properties":{"pid":"011200030002"},"geometry":{"type":"Polygon","coordinates":[[[-84.490586,39.152677],[-84.490418,39.152674],[-84.490473,39.152083],[-84.490731,39.152192],[-84.490586,39.152677]]]}},{"type":"Feature","properties":{"pid":"011200030003"},"geometry":{"type":"Polygon","coordinates":[[[-84.490785,39.152695],[-84.490614,39.152678],[-84.490731,39.152192],[-84.491015,39.15238],[-84.490785,39.152695]]]}},{"type":"Feature","properties":{"pid":"011200030021"},"geometry":{"type":"Polygon","coordinates":[[[-84.490734,39.153089],[-84.490765,39.15268],[-84.490931,39.152801],[-84.490914,39.153089],[-84.490734,39.153089]]]}},{"type":"Feature","properties":{"pid":"011200030022"},"geometry":{"type":"Polygon","coordinates":[[[-84.491439,39.153091],[-84.490914,39.153089],[-84.490922,39.15295],[-84.491387,39.15289],[-84.491439,39.153091]]]}},{"type":"Feature","properties":{"pid":"011200030023"},"geometry":{"type":"Polygon","coordinates":[[[-84.491316,39.152737],[-84.490931,39.152804],[-84.490873,39.152759],[-84.491166,39.152527],[-84.491316,39.152737]]]}},{"type":"Feature","properties":{"pid":"011200030024"},"geometry":{"type":"Polygon","coordinates":[[[-84.490873,39.152759],[-84.490785,39.152695],[-84.491015,39.15238],[-84.491166,39.152527],[-84.490873,39.152759]]]}},{"type":"Feature","properties":{"pid":"011200030028"},"geometry":{"type":"Polygon","coordinates":[[[-84.490409,39.153088],[-84.490418,39.152674],[-84.490586,39.152677],[-84.490559,39.153089],[-84.490409,39.153088]]]}},{"type":"Feature","properties":{"pid":"010700070242"},"geometry":{"type":"Polygon","coordinates":[[[-84.500145,39.14197],[-84.498276,39.141901],[-84.498214,39.141929],[-84.498242,39.14168],[-84.498306,39.141737],[-84.49955,39.141753],[-84.499548,39.141783],[-84.500193,39.141805],[-84.500171,39.142009],[-84.500145,39.14197]]]}},{"type":"Feature","properties":{"pid":"011200060003"},"geometry":{"type":"Polygon","coordinates":[[[-84.492501,39.149632],[-84.492049,39.149518],[-84.492401,39.148681],[-84.492601,39.148718],[-84.492501,39.149632]]]}},{"type":"Feature","properties":{"pid":"011200060010"},"geometry":{"type":"Polygon","coordinates":[[[-84.49465,39.14888],[-84.494124,39.148838],[-84.49416,39.148565],[-84.494686,39.148607],[-84.49465,39.14888]]]}},{"type":"Feature","properties":{"pid":"010700070248"},"geometry":{"type":"Polygon","coordinates":[[[-84.499484,39.143621],[-84.499528,39.143207],[-84.5,39.143237],[-84.499936,39.143667],[-84.499529,39.143662],[-84.499484,39.143621]]]}},{"type":"Feature","properties":{"pid":"010700070247"},"geometry":{"type":"Polygon","coordinates":[[[-84.498173,39.142556],[-84.498276,39.141901],[-84.500053,39.141962],[-84.500115,39.141996],[-84.5,39.143237],[-84.499528,39.143207],[-84.499484,39.143627],[-84.499529,39.143662],[-84.498098,39.143553],[-84.498173,39.142556]]]}},{"type":"Feature","properties":{"pid":"010700070250"},"geometry":{"type":"Polygon","coordinates":[[[-84.499557,39.141646],[-84.499825,39.141655],[-84.499818,39.141762],[-84.49955,39.141753],[-84.499557,39.141646]]]}},{"type":"Feature","properties":{"pid":"010700070251"},"geometry":{"type":"Polygon","coordinates":[[[-84.499832,39.141543],[-84.499837,39.141462],[-84.500194,39.141474],[-84.500185,39.141555],[-84.499832,39.141543]]]}},{"type":"Feature","properties":{"pid":"010700070254"},"geometry":{"type":"Polygon","coordinates":[[[-84.499827,39.141625],[-84.499832,39.141543],[-84.500185,39.141555],[-84.500176,39.141637],[-84.499827,39.141625]]]}},{"type":"Feature","properties":{"pid":"010700070252"},"geometry":{"type":"Polygon","coordinates":[[[-84.499837,39.141462],[-84.499842,39.141378],[-84.500204,39.141391],[-84.500194,39.141474],[-84.499837,39.141462]]]}},{"type":"Feature","properties":{"pid":"010700070253"},"geometry":{"type":"Polygon","coordinates":[[[-84.500114,39.141772],[-84.499818,39.141762],[-84.499821,39.141709],[-84.500167,39.141721],[-84.500114,39.141772]]]}},{"type":"Feature","properties":{"pid":"010700070249"},"geometry":{"type":"Polygon","coordinates":[[[-84.499821,39.141709],[-84.499827,39.141625],[-84.500176,39.141637],[-84.500167,39.141721],[-84.499821,39.141709]]]}},{"type":"Feature","properties":{"pid":"010700070260"},"geometry":{"type":"Polygon","coordinates":[[[-84.499942,39.141034],[-84.499955,39.140917],[-84.500254,39.140931],[-84.500241,39.141049],[-84.499942,39.141034]]]}},{"type":"Feature","properties":{"pid":"010700070261"},"geometry":{"type":"Polygon","coordinates":[[[-84.500241,39.141049],[-84.500229,39.141159],[-84.49993,39.141144],[-84.499942,39.141034],[-84.500241,39.141049]]]}},{"type":"Feature","properties":{"pid":"011200030042"},"geometry":{"type":"Polygon","coordinates":[[[-84.49152,39.151469],[-84.491414,39.151583],[-84.49089,39.151424],[-84.490955,39.151297],[-84.49152,39.151469]]]}},{"type":"Feature","properties":{"pid":"011200030043"},"geometry":{"type":"Polygon","coordinates":[[[-84.491627,39.151355],[-84.49152,39.151469],[-84.490955,39.151297],[-84.49102,39.151169],[-84.491627,39.151355]]]}},{"type":"Feature","properties":{"pid":"011200030044"},"geometry":{"type":"Polygon","coordinates":[[[-84.491627,39.151355],[-84.49102,39.151169],[-84.491059,39.151095],[-84.491094,39.15107],[-84.491843,39.151123],[-84.491627,39.151355]]]}},{"type":"Feature","properties":{"pid":"011200030045"},"geometry":{"type":"Polygon","coordinates":[[[-84.491843,39.151123],[-84.491095,39.15107],[-84.491148,39.150949],[-84.492071,39.150635],[-84.492285,39.150648],[-84.491843,39.151123]]]}},{"type":"Feature","properties":{"pid":"011200030027"},"geometry":{"type":"Polygon","coordinates":[[[-84.4923,39.152243],[-84.492349,39.153059],[-84.492177,39.153063],[-84.492129,39.152325],[-84.4923,39.152243]]]}},{"type":"Feature","properties":{"pid":"011200030031"},"geometry":{"type":"Polygon","coordinates":[[[-84.491652,39.153082],[-84.491501,39.152628],[-84.492129,39.152325],[-84.492177,39.153063],[-84.491652,39.153082]]]}},{"type":"Feature","properties":{"pid":"011200030032"},"geometry":{"type":"Polygon","coordinates":[[[-84.491422,39.152506],[-84.491283,39.152343],[-84.491413,39.152256],[-84.49155,39.152066],[-84.491877,39.152282],[-84.491422,39.152506]]]}},{"type":"Feature","properties":{"pid":"011200030039"},"geometry":{"type":"Polygon","coordinates":[[[-84.49095,39.152081],[-84.490645,39.151933],[-84.490736,39.15173],[-84.491159,39.151857],[-84.49095,39.152081]]]}},{"type":"Feature","properties":{"pid":"011200030040"},"geometry":{"type":"Polygon","coordinates":[[[-84.490736,39.15173],[-84.490826,39.151552],[-84.491307,39.151697],[-84.491159,39.151857],[-84.490736,39.15173]]]}},{"type":"Feature","properties":{"pid":"011200030041"},"geometry":{"type":"Polygon","coordinates":[[[-84.491414,39.151583],[-84.491307,39.151697],[-84.490826,39.151552],[-84.49089,39.151424],[-84.491414,39.151583]]]}},{"type":"Feature","properties":{"pid":"011200030017"},"geometry":{"type":"Polygon","coordinates":[[[-84.492945,39.14989],[-84.493388,39.150001],[-84.493296,39.150735],[-84.492843,39.150694],[-84.492945,39.14989]]]}},{"type":"Feature","properties":{"pid":"011200030035"},"geometry":{"type":"Polygon","coordinates":[[[-84.493589,39.150751],[-84.493296,39.150735],[-84.493388,39.150001],[-84.49362,39.150042],[-84.493589,39.150751]]]}},{"type":"Feature","properties":{"pid":"011200030008"},"geometry":{"type":"Polygon","coordinates":[[[-84.492365,39.15107],[-84.492389,39.150668],[-84.494395,39.150807],[-84.494346,39.151186],[-84.492365,39.15107]]]}},{"type":"Feature","properties":{"pid":"010500020038"},"geometry":{"type":"Polygon","coordinates":[[[-84.495393,39.137221],[-84.495443,39.137183],[-84.49593,39.137281],[-84.495978,39.137323],[-84.495826,39.137539],[-84.495506,39.137461],[-84.495521,39.137414],[-84.495375,39.137385],[-84.495393,39.137221]]]}},{"type":"Feature","properties":{"pid":"010800030067"},"geometry":{"type":"Polygon","coordinates":[[[-84.483061,39.14653],[-84.483036,39.146879],[-84.482868,39.146872],[-84.482888,39.146586],[-84.483061,39.14653]]]}},{"type":"Feature","properties":{"pid":"021600430031"},"geometry":{"type":"Polygon","coordinates":[[[-84.502657,39.146328],[-84.502371,39.146312],[-84.502423,39.145885],[-84.502692,39.145907],[-84.502657,39.146328]]]}},{"type":"Feature","properties":{"pid":"021600430032"},"geometry":{"type":"Polygon","coordinates":[[[-84.502192,39.146303],[-84.50202,39.146294],[-84.502073,39.145855],[-84.502244,39.14587],[-84.502192,39.146303]]]}},{"type":"Feature","properties":{"pid":"021600430033"},"geometry":{"type":"Polygon","coordinates":[[[-84.501845,39.146284],[-84.501669,39.146275],[-84.501722,39.145825],[-84.501897,39.14584],[-84.501845,39.146284]]]}},{"type":"Feature","properties":{"pid":"021600430034"},"geometry":{"type":"Polygon","coordinates":[[[-84.501493,39.146266],[-84.501318,39.146256],[-84.501356,39.145932],[-84.50153,39.145947],[-84.501493,39.146266]]]}},{"type":"Feature","properties":{"pid":"021600430035"},"geometry":{"type":"Polygon","coordinates":[[[-84.501318,39.146256],[-84.501142,39.146247],[-84.501197,39.145781],[-84.501372,39.145796],[-84.501318,39.146256]]]}},{"type":"Feature","properties":{"pid":"021600430036"},"geometry":{"type":"Polygon","coordinates":[[[-84.501021,39.145766],[-84.501197,39.145781],[-84.501142,39.146247],[-84.500967,39.146238],[-84.501021,39.145766]]]}},{"type":"Feature","properties":{"pid":"011200030004"},"geometry":{"type":"Polygon","coordinates":[[[-84.491501,39.152628],[-84.491422,39.152506],[-84.491877,39.152282],[-84.492042,39.152367],[-84.491501,39.152628]]]}},{"type":"Feature","properties":{"pid":"011200030026"},"geometry":{"type":"Polygon","coordinates":[[[-84.491283,39.152343],[-84.49107,39.15216],[-84.491169,39.152026],[-84.49146,39.152191],[-84.491283,39.152343]]]}},{"type":"Feature","properties":{"pid":"021600430037"},"geometry":{"type":"Polygon","coordinates":[[[-84.500967,39.146238],[-84.500615,39.146219],[-84.500676,39.145696],[-84.501027,39.145719],[-84.500967,39.146238]]]}},{"type":"Feature","properties":{"pid":"021600430038"},"geometry":{"type":"Polygon","coordinates":[[[-84.500438,39.145717],[-84.500554,39.145727],[-84.500498,39.146213],[-84.50038,39.146206],[-84.500438,39.145717]]]}},{"type":"Feature","properties":{"pid":"021600430039"},"geometry":{"type":"Polygon","coordinates":[[[-84.500321,39.145707],[-84.500438,39.145717],[-84.50038,39.146206],[-84.500263,39.1462],[-84.500321,39.145707]]]}},{"type":"Feature","properties":{"pid":"021600430040"},"geometry":{"type":"Polygon","coordinates":[[[-84.500263,39.1462],[-84.499911,39.146181],[-84.49997,39.145677],[-84.500321,39.145707],[-84.500263,39.1462]]]}},{"type":"Feature","properties":{"pid":"021600430041"},"geometry":{"type":"Polygon","coordinates":[[[-84.500225,39.145475],[-84.500253,39.145233],[-84.500393,39.145245],[-84.500365,39.145487],[-84.500225,39.145475]]]}},{"type":"Feature","properties":{"pid":"021600430042"},"geometry":{"type":"Polygon","coordinates":[[[-84.500533,39.145256],[-84.500478,39.14572],[-84.500384,39.145712],[-84.500396,39.145609],[-84.500341,39.145604],[-84.500393,39.145245],[-84.500533,39.145256]]]}},{"type":"Feature","properties":{"pid":"021600430043"},"geometry":{"type":"Polygon","coordinates":[[[-84.500533,39.145256],[-84.500725,39.145272],[-84.500671,39.145736],[-84.500478,39.14572],[-84.500533,39.145256]]]}},{"type":"Feature","properties":{"pid":"021600430044"},"geometry":{"type":"Polygon","coordinates":[[[-84.500851,39.145707],[-84.500676,39.145696],[-84.500725,39.145272],[-84.5009,39.145287],[-84.500851,39.145707]]]}},{"type":"Feature","properties":{"pid":"021600430045"},"geometry":{"type":"Polygon","coordinates":[[[-84.501233,39.145315],[-84.501179,39.145779],[-84.501021,39.145766],[-84.501076,39.145302],[-84.501233,39.145315]]]}},{"type":"Feature","properties":{"pid":"021600430046"},"geometry":{"type":"Polygon","coordinates":[[[-84.501389,39.145797],[-84.501444,39.145333],[-84.501619,39.145348],[-84.501565,39.145812],[-84.501389,39.145797]]]}},{"type":"Feature","properties":{"pid":"021600430047"},"geometry":{"type":"Polygon","coordinates":[[[-84.501565,39.145812],[-84.501619,39.145348],[-84.501777,39.145362],[-84.501722,39.145825],[-84.501565,39.145812]]]}},{"type":"Feature","properties":{"pid":"021600430048"},"geometry":{"type":"Polygon","coordinates":[[[-84.501897,39.14584],[-84.501952,39.145376],[-84.502128,39.145391],[-84.502073,39.145855],[-84.501897,39.14584]]]}},{"type":"Feature","properties":{"pid":"021600430049"},"geometry":{"type":"Polygon","coordinates":[[[-84.502244,39.14587],[-84.5023,39.145406],[-84.502479,39.145421],[-84.502423,39.145885],[-84.502244,39.14587]]]}},{"type":"Feature","properties":{"pid":"021600430050"},"geometry":{"type":"Polygon","coordinates":[[[-84.502423,39.145885],[-84.502479,39.145421],[-84.502731,39.145442],[-84.502692,39.145907],[-84.502423,39.145885]]]}},{"type":"Feature","properties":{"pid":"021600430052"},"geometry":{"type":"Polygon","coordinates":[[[-84.501722,39.145825],[-84.501777,39.145362],[-84.501952,39.145376],[-84.501897,39.14584],[-84.501722,39.145825]]]}},{"type":"Feature","properties":{"pid":"021600430056"},"geometry":{"type":"Polygon","coordinates":[[[-84.501233,39.145315],[-84.501444,39.145333],[-84.501389,39.145797],[-84.501179,39.145779],[-84.501233,39.145315]]]}},{"type":"Feature","properties":{"pid":"021600430057"},"geometry":{"type":"Polygon","coordinates":[[[-84.501027,39.145719],[-84.500851,39.145707],[-84.5009,39.145287],[-84.501076,39.145302],[-84.501027,39.145719]]]}},{"type":"Feature","properties":{"pid":"021600430058"},"geometry":{"type":"Polygon","coordinates":[[[-84.500615,39.146219],[-84.500498,39.146213],[-84.500554,39.145727],[-84.500671,39.145736],[-84.500615,39.146219]]]}},{"type":"Feature","properties":{"pid":"021600430059"},"geometry":{"type":"Polygon","coordinates":[[[-84.502073,39.145855],[-84.502128,39.145391],[-84.5023,39.145406],[-84.502244,39.14587],[-84.502073,39.145855]]]}},{"type":"Feature","properties":{"pid":"021600430060"},"geometry":{"type":"Polygon","coordinates":[[[-84.50202,39.146294],[-84.501845,39.146284],[-84.501897,39.14584],[-84.502073,39.145855],[-84.50202,39.146294]]]}},{"type":"Feature","properties":{"pid":"021600430061"},"geometry":{"type":"Polygon","coordinates":[[[-84.500025,39.145214],[-84.500253,39.145233],[-84.500225,39.145475],[-84.499996,39.145456],[-84.500025,39.145214]]]}},{"type":"Feature","properties":{"pid":"021600430062"},"geometry":{"type":"Polygon","coordinates":[[[-84.49997,39.145677],[-84.499982,39.145574],[-84.500333,39.145603],[-84.500321,39.145707],[-84.49997,39.145677]]]}},{"type":"Feature","properties":{"pid":"021600430064"},"geometry":{"type":"Polygon","coordinates":[[[-84.502371,39.146312],[-84.502192,39.146303],[-84.502244,39.14587],[-84.502423,39.145885],[-84.502371,39.146312]]]}},{"type":"Feature","properties":{"pid":"021600430065"},"geometry":{"type":"Polygon","coordinates":[[[-84.500341,39.145604],[-84.499982,39.145574],[-84.499996,39.145456],[-84.500355,39.145486],[-84.500341,39.145604]]]}},{"type":"Feature","properties":{"pid":"021600430071"},"geometry":{"type":"Polygon","coordinates":[[[-84.501372,39.145796],[-84.501722,39.145825],[-84.501669,39.146275],[-84.501493,39.146266],[-84.50153,39.145947],[-84.501356,39.145932],[-84.501372,39.145796]]]}},{"type":"Feature","properties":{"pid":"011200030036"},"geometry":{"type":"Polygon","coordinates":[[[-84.494055,39.150368],[-84.494069,39.150248],[-84.494467,39.150275],[-84.494453,39.150384],[-84.494055,39.150368]]]}},{"type":"Feature","properties":{"pid":"011200030020"},"geometry":{"type":"Polygon","coordinates":[[[-84.493842,39.15036],[-84.494453,39.150384],[-84.494395,39.150807],[-84.493589,39.150751],[-84.493592,39.150477],[-84.49383,39.150497],[-84.493842,39.15036]]]}},{"type":"Feature","properties":{"pid":"011200030005"},"geometry":{"type":"Polygon","coordinates":[[[-84.49095,39.152081],[-84.492285,39.150648],[-84.49239,39.150654],[-84.492367,39.152212],[-84.492042,39.152367],[-84.49155,39.152066],[-84.49146,39.152191],[-84.491169,39.152026],[-84.49107,39.15216],[-84.49095,39.152081]]]}},{"type":"Feature","properties":{"pid":"011200030016"},"geometry":{"type":"Polygon","coordinates":[[[-84.492476,39.149774],[-84.492945,39.14989],[-84.492843,39.150694],[-84.492389,39.150668],[-84.492476,39.149774]]]}},{"type":"Feature","properties":{"pid":"011200030033"},"geometry":{"type":"Polygon","coordinates":[[[-84.491979,39.15063],[-84.492343,39.14974],[-84.492476,39.149774],[-84.49239,39.150654],[-84.491979,39.15063]]]}},{"type":"Feature","properties":{"pid":"010800030037"},"geometry":{"type":"Polygon","coordinates":[[[-84.483466,39.146438],[-84.483569,39.146884],[-84.483416,39.14699],[-84.483292,39.146468],[-84.483466,39.146438]]]}},{"type":"Feature","properties":{"pid":"010800030039"},"geometry":{"type":"Polygon","coordinates":[[[-84.48388,39.146892],[-84.483447,39.147243],[-84.483264,39.14711],[-84.483048,39.147259],[-84.483059,39.147076],[-84.483396,39.146909],[-84.483416,39.14699],[-84.483796,39.146742],[-84.48388,39.146892]]]}},{"type":"Feature","properties":{"pid":"010800030048"},"geometry":{"type":"Polygon","coordinates":[[[-84.482481,39.146855],[-84.482305,39.146848],[-84.482324,39.146573],[-84.4825,39.146581],[-84.482481,39.146855]]]}},{"type":"Feature","properties":{"pid":"010800030049"},"geometry":{"type":"Polygon","coordinates":[[[-84.482657,39.146863],[-84.482481,39.146855],[-84.4825,39.146581],[-84.482676,39.146589],[-84.482657,39.146863]]]}},{"type":"Feature","properties":{"pid":"010800030050"},"geometry":{"type":"Polygon","coordinates":[[[-84.482833,39.14687],[-84.482657,39.146863],[-84.482676,39.146589],[-84.482852,39.14659],[-84.482833,39.14687]]]}},{"type":"Feature","properties":{"pid":"010800030052"},"geometry":{"type":"Polygon","coordinates":[[[-84.48276,39.14648],[-84.482773,39.14623],[-84.483047,39.14624],[-84.483037,39.146415],[-84.48276,39.14648]]]}},{"type":"Feature","properties":{"pid":"010800030053"},"geometry":{"type":"Polygon","coordinates":[[[-84.483496,39.14632],[-84.483037,39.146415],[-84.483047,39.14624],[-84.483585,39.146259],[-84.483496,39.14632]]]}},{"type":"Feature","properties":{"pid":"010800030054"},"geometry":{"type":"Polygon","coordinates":[[[-84.482305,39.146848],[-84.483072,39.14688],[-84.483048,39.147259],[-84.482445,39.147274],[-84.482305,39.146848]]]}},{"type":"Feature","properties":{"pid":"010800030061"},"geometry":{"type":"Polygon","coordinates":[[[-84.484145,39.146483],[-84.48367,39.146462],[-84.483672,39.146337],[-84.483585,39.146259],[-84.484159,39.14628],[-84.484145,39.146483]]]}},{"type":"Feature","properties":{"pid":"010800030063"},"geometry":{"type":"Polygon","coordinates":[[[-84.483569,39.146884],[-84.483466,39.146438],[-84.48365,39.14642],[-84.483796,39.146742],[-84.483569,39.146884]]]}},{"type":"Feature","properties":{"pid":"011300040102"},"geometry":{"type":"Polygon","coordinates":[[[-84.50145,39.141857],[-84.501275,39.141841],[-84.501319,39.141446],[-84.501495,39.141457],[-84.50145,39.141857]]]}},{"type":"Feature","properties":{"pid":"011100050091"},"geometry":{"type":"Polygon","coordinates":[[[-84.487251,39.152594],[-84.487921,39.15206],[-84.488051,39.152152],[-84.487376,39.152691],[-84.487251,39.152594]]]}},{"type":"Feature","properties":{"pid":"011100050090"},"geometry":{"type":"Polygon","coordinates":[[[-84.487376,39.152691],[-84.488051,39.152152],[-84.488177,39.152242],[-84.48751,39.152779],[-84.487376,39.152691]]]}},{"type":"Feature","properties":{"pid":"011300040098"},"geometry":{"type":"Polygon","coordinates":[[[-84.500436,39.141528],[-84.500953,39.14156],[-84.500938,39.141696],[-84.500421,39.141664],[-84.500436,39.141528]]]}},{"type":"Feature","properties":{"pid":"010800010112"},"geometry":{"type":"Polygon","coordinates":[[[-84.485886,39.146609],[-84.485907,39.146733],[-84.48552,39.146718],[-84.485527,39.146594],[-84.485886,39.146609]]]}},{"type":"Feature","properties":{"pid":"011300040097"},"geometry":{"type":"Polygon","coordinates":[[[-84.500496,39.141787],[-84.500422,39.141745],[-84.500421,39.141664],[-84.500938,39.141696],[-84.500924,39.141814],[-84.500496,39.141787]]]}},{"type":"Feature","properties":{"pid":"011200030007"},"geometry":{"type":"Polygon","coordinates":[[[-84.492367,39.152212],[-84.492365,39.15107],[-84.494346,39.151186],[-84.494272,39.151817],[-84.494102,39.152195],[-84.492367,39.152212]]]}},{"type":"Feature","properties":{"pid":"010400020007"},"geometry":{"type":"Polygon","coordinates":[[[-84.502165,39.139545],[-84.501699,39.138716],[-84.503111,39.138795],[-84.50303,39.139593],[-84.502165,39.139545]]]}},{"type":"Feature","properties":{"pid":"011200030051"},"geometry":{"type":"Polygon","coordinates":[[[-84.49283,39.152222],[-84.492851,39.152589],[-84.493113,39.152671],[-84.493135,39.15303],[-84.492994,39.153035],[-84.492976,39.152747],[-84.492544,39.152612],[-84.492323,39.15262],[-84.4923,39.152243],[-84.492367,39.152212],[-84.49283,39.152222]]]}},{"type":"Feature","properties":{"pid":"011200030006"},"geometry":{"type":"Polygon","coordinates":[[[-84.493201,39.152546],[-84.493182,39.152229],[-84.494078,39.152247],[-84.49398,39.152518],[-84.493201,39.152546]]]}},{"type":"Feature","properties":{"pid":"011200040002"},"geometry":{"type":"Polygon","coordinates":[[[-84.487247,39.151209],[-84.486712,39.150831],[-84.486951,39.150634],[-84.487484,39.151011],[-84.487247,39.151209]]]}},{"type":"Feature","properties":{"pid":"011200040009"},"geometry":{"type":"Polygon","coordinates":[[[-84.488149,39.151261],[-84.488545,39.150923],[-84.488669,39.151009],[-84.488407,39.151444],[-84.488149,39.151261]]]}},{"type":"Feature","properties":{"pid":"011200040037"},"geometry":{"type":"Polygon","coordinates":[[[-84.488,39.151155],[-84.488396,39.15082],[-84.488545,39.150923],[-84.488149,39.151261],[-84.488,39.151155]]]}},{"type":"Feature","properties":{"pid":"011200040043"},"geometry":{"type":"Polygon","coordinates":[[[-84.488477,39.150751],[-84.488569,39.150674],[-84.488775,39.150832],[-84.488717,39.150929],[-84.488477,39.150751]]]}},{"type":"Feature","properties":{"pid":"011300040103"},"geometry":{"type":"Polygon","coordinates":[[[-84.501495,39.141457],[-84.501588,39.141463],[-84.501544,39.141863],[-84.50145,39.141857],[-84.501495,39.141457]]]}},{"type":"Feature","properties":{"pid":"011200040044"},"geometry":{"type":"Polygon","coordinates":[[[-84.488775,39.150832],[-84.488531,39.150645],[-84.488623,39.150573],[-84.488838,39.150727],[-84.488775,39.150832]]]}},{"type":"Feature","properties":{"pid":"011200040045"},"geometry":{"type":"Polygon","coordinates":[[[-84.488669,39.151009],[-84.488396,39.15082],[-84.488477,39.150751],[-84.488717,39.150929],[-84.488669,39.151009]]]}},{"type":"Feature","properties":{"pid":"011200040078"},"geometry":{"type":"Polygon","coordinates":[[[-84.487904,39.150323],[-84.487778,39.150289],[-84.487825,39.150062],[-84.48798,39.150083],[-84.487904,39.150323]]]}},{"type":"Feature","properties":{"pid":"011200040084"},"geometry":{"type":"Polygon","coordinates":[[[-84.487412,39.150737],[-84.487699,39.150491],[-84.48812,39.150605],[-84.487717,39.150954],[-84.487412,39.150737]]]}},{"type":"Feature","properties":{"pid":"011200040087"},"geometry":{"type":"Polygon","coordinates":[[[-84.487717,39.150954],[-84.488346,39.15041],[-84.488709,39.150438],[-84.488531,39.150645],[-84.488569,39.150674],[-84.487975,39.151137],[-84.487717,39.150954]]]}},{"type":"Feature","properties":{"pid":"011200040088"},"geometry":{"type":"Polygon","coordinates":[[[-84.487093,39.150509],[-84.48748,39.150208],[-84.488346,39.15041],[-84.48812,39.150605],[-84.487699,39.150491],[-84.487412,39.150737],[-84.487093,39.150509]]]}},{"type":"Feature","properties":{"pid":"010500030033"},"geometry":{"type":"Polygon","coordinates":[[[-84.489765,39.1385],[-84.490117,39.138521],[-84.490086,39.13882],[-84.489717,39.138968],[-84.489765,39.1385]]]}},{"type":"Feature","properties":{"pid":"006000030048"},"geometry":{"type":"Polygon","coordinates":[[[-84.488882,39.139881],[-84.488738,39.139913],[-84.488768,39.139434],[-84.488915,39.139385],[-84.488882,39.139881]]]}},{"type":"Feature","properties":{"pid":"010800010038"},"geometry":{"type":"Polygon","coordinates":[[[-84.488163,39.146052],[-84.488343,39.146062],[-84.488315,39.146459],[-84.488138,39.146452],[-84.488163,39.146052]]]}},{"type":"Feature","properties":{"pid":"010800010130"},"geometry":{"type":"Polygon","coordinates":[[[-84.489547,39.146509],[-84.488887,39.146482],[-84.488882,39.146559],[-84.488738,39.146554],[-84.488724,39.146751],[-84.487988,39.14672],[-84.488007,39.146447],[-84.488491,39.146466],[-84.488519,39.146069],[-84.48978,39.146117],[-84.489547,39.146509]]]}},{"type":"Feature","properties":{"pid":"010800010132"},"geometry":{"type":"Polygon","coordinates":[[[-84.488519,39.146069],[-84.488499,39.146352],[-84.488323,39.146345],[-84.488343,39.146062],[-84.488519,39.146069]]]}},{"type":"Feature","properties":{"pid":"011300040101"},"geometry":{"type":"Polygon","coordinates":[[[-84.501143,39.141436],[-84.501319,39.141446],[-84.501275,39.141841],[-84.5011,39.141824],[-84.501143,39.141436]]]}},{"type":"Feature","properties":{"pid":"010600030119"},"geometry":{"type":"Polygon","coordinates":[[[-84.494386,39.140696],[-84.494551,39.140703],[-84.494527,39.141049],[-84.494361,39.141043],[-84.494386,39.140696]]]}},{"type":"Feature","properties":{"pid":"010700070098"},"geometry":{"type":"Polygon","coordinates":[[[-84.498391,39.140351],[-84.498403,39.140241],[-84.498955,39.140278],[-84.498941,39.140389],[-84.498391,39.140351]]]}},{"type":"Feature","properties":{"pid":"010700070100"},"geometry":{"type":"Polygon","coordinates":[[[-84.499258,39.140775],[-84.49908,39.140766],[-84.49913,39.14029],[-84.499304,39.140302],[-84.499258,39.140775]]]}},{"type":"Feature","properties":{"pid":"010700070101"},"geometry":{"type":"Polygon","coordinates":[[[-84.499428,39.140784],[-84.499258,39.140775],[-84.499304,39.140302],[-84.499482,39.140313],[-84.499428,39.140784]]]}},{"type":"Feature","properties":{"pid":"010700080068"},"geometry":{"type":"Polygon","coordinates":[[[-84.496743,39.141478],[-84.496394,39.141443],[-84.49641,39.14134],[-84.49676,39.141374],[-84.496743,39.141478]]]}},{"type":"Feature","properties":{"pid":"010600030120"},"geometry":{"type":"Polygon","coordinates":[[[-84.494527,39.141049],[-84.494551,39.140703],[-84.494717,39.140709],[-84.494692,39.141055],[-84.494527,39.141049]]]}},{"type":"Feature","properties":{"pid":"010700080139"},"geometry":{"type":"Polygon","coordinates":[[[-84.496422,39.141258],[-84.496356,39.141693],[-84.496218,39.141688],[-84.496257,39.141252],[-84.496422,39.141258]]]}},{"type":"Feature","properties":{"pid":"006000030079"},"geometry":{"type":"Polygon","coordinates":[[[-84.488382,39.138718],[-84.488413,39.138415],[-84.488949,39.138449],[-84.488942,39.138508],[-84.488382,39.138718]]]}},{"type":"Feature","properties":{"pid":"010400020003"},"geometry":{"type":"Polygon","coordinates":[[[-84.503022,39.13967],[-84.504329,39.139738],[-84.504122,39.141617],[-84.50339,39.141572],[-84.502915,39.140712],[-84.503022,39.13967]]]}},{"type":"Feature","properties":{"pid":"010400020004"},"geometry":{"type":"Polygon","coordinates":[[[-84.502915,39.140712],[-84.502309,39.139629],[-84.502208,39.139623],[-84.502165,39.139545],[-84.50303,39.139593],[-84.502915,39.140712]]]}},{"type":"Feature","properties":{"pid":"006000030060"},"geometry":{"type":"Polygon","coordinates":[[[-84.488174,39.139561],[-84.487942,39.139185],[-84.487372,39.1394],[-84.487295,39.139276],[-84.488249,39.13892],[-84.488557,39.13942],[-84.488174,39.139561]]]}},{"type":"Feature","properties":{"pid":"011300040100"},"geometry":{"type":"Polygon","coordinates":[[[-84.500967,39.141425],[-84.501143,39.141436],[-84.5011,39.141824],[-84.500924,39.141814],[-84.500967,39.141425]]]}},{"type":"Feature","properties":{"pid":"011300040099"},"geometry":{"type":"Polygon","coordinates":[[[-84.500452,39.141394],[-84.500967,39.141425],[-84.500952,39.141559],[-84.500436,39.141527],[-84.500452,39.141394]]]}},{"type":"Feature","properties":{"pid":"006000030083"},"geometry":{"type":"Polygon","coordinates":[[[-84.487277,39.13883],[-84.487466,39.139136],[-84.487261,39.139213],[-84.487007,39.138874],[-84.487277,39.13883]]]}},{"type":"Feature","properties":{"pid":"006000030061"},"geometry":{"type":"Polygon","coordinates":[[[-84.487942,39.139185],[-84.488174,39.139561],[-84.487855,39.139679],[-84.487625,39.139304],[-84.487942,39.139185]]]}},{"type":"Feature","properties":{"pid":"006000030114"},"geometry":{"type":"Polygon","coordinates":[[[-84.485458,39.140316],[-84.485827,39.140137],[-84.486038,39.140395],[-84.485342,39.140775],[-84.485101,39.140766],[-84.485458,39.140316]]]}},{"type":"Feature","properties":{"pid":"010600030161"},"geometry":{"type":"Polygon","coordinates":[[[-84.497347,39.140714],[-84.497266,39.140711],[-84.497288,39.140396],[-84.497368,39.140399],[-84.497347,39.140714]]]}},{"type":"Feature","properties":{"pid":"010600030162"},"geometry":{"type":"Polygon","coordinates":[[[-84.497226,39.140394],[-84.497288,39.140396],[-84.497266,39.140711],[-84.497204,39.140709],[-84.497226,39.140394]]]}},{"type":"Feature","properties":{"pid":"010600030023"},"geometry":{"type":"Polygon","coordinates":[[[-84.494575,39.140704],[-84.494604,39.140292],[-84.49478,39.1403],[-84.494751,39.140711],[-84.494575,39.140704]]]}},{"type":"Feature","properties":{"pid":"010600030115"},"geometry":{"type":"Polygon","coordinates":[[[-84.494188,39.140688],[-84.494014,39.140681],[-84.494041,39.14027],[-84.494217,39.140277],[-84.494188,39.140688]]]}},{"type":"Feature","properties":{"pid":"010600030020"},"geometry":{"type":"Polygon","coordinates":[[[-84.494055,39.140683],[-84.49422,39.140689],[-84.494196,39.141037],[-84.49403,39.14103],[-84.494055,39.140683]]]}},{"type":"Feature","properties":{"pid":"010600030015"},"geometry":{"type":"Polygon","coordinates":[[[-84.49641,39.14134],[-84.496444,39.140956],[-84.496573,39.140961],[-84.496661,39.141075],[-84.496574,39.141148],[-84.49654,39.141352],[-84.49641,39.14134]]]}},{"type":"Feature","properties":{"pid":"010600030042"},"geometry":{"type":"Polygon","coordinates":[[[-84.497221,39.140968],[-84.496728,39.140955],[-84.49671,39.14069],[-84.497238,39.14071],[-84.497221,39.140968]]]}},{"type":"Feature","properties":{"pid":"010600030022"},"geometry":{"type":"Polygon","coordinates":[[[-84.494196,39.141037],[-84.49422,39.140689],[-84.494386,39.140696],[-84.494361,39.141043],[-84.494196,39.141037]]]}},{"type":"Feature","properties":{"pid":"010600030054"},"geometry":{"type":"Polygon","coordinates":[[[-84.494575,39.140704],[-84.494188,39.140688],[-84.494217,39.140277],[-84.494604,39.140292],[-84.494575,39.140704]]]}},{"type":"Feature","properties":{"pid":"011500070021"},"geometry":{"type":"Polygon","coordinates":[[[-84.48364,39.157005],[-84.483688,39.157185],[-84.482776,39.15734],[-84.482903,39.157005],[-84.48364,39.157005]]]}},{"type":"Feature","properties":{"pid":"010600020001"},"geometry":{"type":"Polygon","coordinates":[[[-84.499158,39.140292],[-84.498967,39.140279],[-84.499037,39.139707],[-84.49923,39.13972],[-84.499158,39.140292]]]}},{"type":"Feature","properties":{"pid":"010600020002"},"geometry":{"type":"Polygon","coordinates":[[[-84.49842,39.140104],[-84.498823,39.140135],[-84.498807,39.140268],[-84.498403,39.140241],[-84.49842,39.140104]]]}},{"type":"Feature","properties":{"pid":"010600020154"},"geometry":{"type":"Polygon","coordinates":[[[-84.499932,39.140344],[-84.499804,39.140335],[-84.499863,39.139766],[-84.500019,39.139777],[-84.499932,39.140344]]]}},{"type":"Feature","properties":{"pid":"010600020155"},"geometry":{"type":"Polygon","coordinates":[[[-84.499804,39.140335],[-84.499659,39.140325],[-84.499717,39.139758],[-84.499863,39.139766],[-84.499804,39.140335]]]}},{"type":"Feature","properties":{"pid":"010600020159"},"geometry":{"type":"Polygon","coordinates":[[[-84.500355,39.140372],[-84.499932,39.140344],[-84.499947,39.14021],[-84.500369,39.140239],[-84.500355,39.140372]]]}},{"type":"Feature","properties":{"pid":"010600020166"},"geometry":{"type":"Polygon","coordinates":[[[-84.499659,39.140325],[-84.499158,39.140292],[-84.49923,39.13972],[-84.499573,39.139746],[-84.499536,39.140156],[-84.499675,39.140169],[-84.499659,39.140325]]]}},{"type":"Feature","properties":{"pid":"010600020167"},"geometry":{"type":"Polygon","coordinates":[[[-84.498807,39.140268],[-84.498877,39.139696],[-84.499037,39.139707],[-84.498967,39.140279],[-84.498807,39.140268]]]}},{"type":"Feature","properties":{"pid":"010600030008"},"geometry":{"type":"Polygon","coordinates":[[[-84.497625,39.140409],[-84.49755,39.141285],[-84.4972,39.141272],[-84.497238,39.14071],[-84.497347,39.140714],[-84.497368,39.140399],[-84.497625,39.140409]]]}},{"type":"Feature","properties":{"pid":"010700070102"},"geometry":{"type":"Polygon","coordinates":[[[-84.499428,39.140784],[-84.499482,39.140313],[-84.499659,39.140325],[-84.499604,39.140793],[-84.499428,39.140784]]]}},{"type":"Feature","properties":{"pid":"010700070103"},"geometry":{"type":"Polygon","coordinates":[[[-84.499743,39.1408],[-84.499604,39.140793],[-84.499659,39.140325],[-84.499788,39.140334],[-84.499743,39.1408]]]}},{"type":"Feature","properties":{"pid":"010600030016"},"geometry":{"type":"Polygon","coordinates":[[[-84.496404,39.140364],[-84.496598,39.140372],[-84.496569,39.140783],[-84.496372,39.140775],[-84.496404,39.140364]]]}},{"type":"Feature","properties":{"pid":"010600030018"},"geometry":{"type":"Polygon","coordinates":[[[-84.496178,39.140768],[-84.496064,39.140763],[-84.496093,39.140352],[-84.496207,39.140356],[-84.496178,39.140768]]]}},{"type":"Feature","properties":{"pid":"010600030044"},"geometry":{"type":"Polygon","coordinates":[[[-84.49359,39.141014],[-84.493601,39.140862],[-84.49371,39.140867],[-84.493699,39.141018],[-84.49359,39.141014]]]}},{"type":"Feature","properties":{"pid":"010600030125"},"geometry":{"type":"Polygon","coordinates":[[[-84.496176,39.14085],[-84.496151,39.141198],[-84.495989,39.141192],[-84.496014,39.140844],[-84.496176,39.14085]]]}},{"type":"Feature","properties":{"pid":"010600030126"},"geometry":{"type":"Polygon","coordinates":[[[-84.49403,39.140432],[-84.493583,39.140414],[-84.493689,39.140256],[-84.494041,39.14027],[-84.49403,39.140432]]]}},{"type":"Feature","properties":{"pid":"010600030132"},"geometry":{"type":"Polygon","coordinates":[[[-84.49359,39.141014],[-84.493191,39.140999],[-84.49329,39.140851],[-84.493601,39.140862],[-84.49359,39.141014]]]}},{"type":"Feature","properties":{"pid":"006000030057"},"geometry":{"type":"Polygon","coordinates":[[[-84.489212,39.138707],[-84.489445,39.139085],[-84.489128,39.139205],[-84.488895,39.138827],[-84.489212,39.138707]]]}},{"type":"Feature","properties":{"pid":"011300050191"},"geometry":{"type":"Polygon","coordinates":[[[-84.503351,39.14157],[-84.503562,39.141583],[-84.503517,39.141984],[-84.503306,39.141971],[-84.503351,39.14157]]]}},{"type":"Feature","properties":{"pid":"010800040026"},"geometry":{"type":"Polygon","coordinates":[[[-84.488263,39.147653],[-84.48884,39.147679],[-84.488654,39.147979],[-84.488208,39.14796],[-84.488263,39.147653]]]}},{"type":"Feature","properties":{"pid":"006000030086"},"geometry":{"type":"Polygon","coordinates":[[[-84.48643,39.13919],[-84.486668,39.139509],[-84.486327,39.139635],[-84.486155,39.139405],[-84.48643,39.13919]]]}},{"type":"Feature","properties":{"pid":"011000030003"},"geometry":{"type":"Polygon","coordinates":[[[-84.48071,39.15381],[-84.480352,39.154043],[-84.480101,39.154072],[-84.480169,39.153379],[-84.48071,39.15381]]]}},{"type":"Feature","properties":{"pid":"006000030080"},"geometry":{"type":"Polygon","coordinates":[[[-84.488382,39.138718],[-84.487428,39.139074],[-84.487277,39.13883],[-84.488211,39.138678],[-84.48824,39.138404],[-84.488413,39.138415],[-84.488382,39.138718]]]}},{"type":"Feature","properties":{"pid":"006000030064"},"geometry":{"type":"Polygon","coordinates":[[[-84.486327,39.139635],[-84.48685,39.139442],[-84.487184,39.139927],[-84.486805,39.14007],[-84.486575,39.139696],[-84.486256,39.139813],[-84.486026,39.139505],[-84.486155,39.139405],[-84.486327,39.139635]]]}},{"type":"Feature","properties":{"pid":"011200050001"},"geometry":{"type":"Polygon","coordinates":[[[-84.491429,39.149361],[-84.491177,39.149298],[-84.491507,39.148517],[-84.491771,39.148565],[-84.491429,39.149361]]]}},{"type":"Feature","properties":{"pid":"011200050002"},"geometry":{"type":"Polygon","coordinates":[[[-84.491177,39.149298],[-84.490926,39.149234],[-84.491249,39.148469],[-84.491507,39.148517],[-84.491177,39.149298]]]}},{"type":"Feature","properties":{"pid":"011200050003"},"geometry":{"type":"Polygon","coordinates":[[[-84.491249,39.148469],[-84.490926,39.149234],[-84.490674,39.14917],[-84.490991,39.148422],[-84.491249,39.148469]]]}},{"type":"Feature","properties":{"pid":"011200060122"},"geometry":{"type":"Polygon","coordinates":[[[-84.494087,39.149116],[-84.49398,39.14992],[-84.493541,39.149895],[-84.492928,39.14974],[-84.493074,39.148401],[-84.494,39.148552],[-84.494087,39.149116]]]}},{"type":"Feature","properties":{"pid":"011200050005"},"geometry":{"type":"Polygon","coordinates":[[[-84.490423,39.149107],[-84.49017,39.149045],[-84.490475,39.148327],[-84.490733,39.148375],[-84.490423,39.149107]]]}},{"type":"Feature","properties":{"pid":"011200050018"},"geometry":{"type":"Polygon","coordinates":[[[-84.489722,39.148189],[-84.489828,39.147805],[-84.489999,39.147836],[-84.489883,39.148218],[-84.489722,39.148189]]]}},{"type":"Feature","properties":{"pid":"011200050019"},"geometry":{"type":"Polygon","coordinates":[[[-84.490055,39.14825],[-84.489883,39.148218],[-84.489999,39.147836],[-84.490171,39.147868],[-84.490055,39.14825]]]}},{"type":"Feature","properties":{"pid":"011200050020"},"geometry":{"type":"Polygon","coordinates":[[[-84.490055,39.14825],[-84.490171,39.147868],[-84.490343,39.147899],[-84.490227,39.148282],[-84.490055,39.14825]]]}},{"type":"Feature","properties":{"pid":"011200050021"},"geometry":{"type":"Polygon","coordinates":[[[-84.490381,39.14831],[-84.490227,39.148282],[-84.490343,39.147899],[-84.490497,39.147928],[-84.490381,39.14831]]]}},{"type":"Feature","properties":{"pid":"011200050026"},"geometry":{"type":"Polygon","coordinates":[[[-84.491372,39.148089],[-84.491256,39.148471],[-84.491085,39.148439],[-84.4912,39.148057],[-84.491372,39.148089]]]}},{"type":"Feature","properties":{"pid":"011200050027"},"geometry":{"type":"Polygon","coordinates":[[[-84.491428,39.148502],[-84.491256,39.148471],[-84.491372,39.148089],[-84.491544,39.14812],[-84.491428,39.148502]]]}},{"type":"Feature","properties":{"pid":"011200050028"},"geometry":{"type":"Polygon","coordinates":[[[-84.491514,39.148518],[-84.491428,39.148502],[-84.491544,39.14812],[-84.491629,39.148136],[-84.491514,39.148518]]]}},{"type":"Feature","properties":{"pid":"011200050029"},"geometry":{"type":"Polygon","coordinates":[[[-84.491599,39.148534],[-84.491514,39.148518],[-84.491629,39.148136],[-84.491715,39.148152],[-84.491599,39.148534]]]}},{"type":"Feature","properties":{"pid":"011200050030"},"geometry":{"type":"Polygon","coordinates":[[[-84.491887,39.148183],[-84.491771,39.148565],[-84.491599,39.148534],[-84.491715,39.148152],[-84.491887,39.148183]]]}},{"type":"Feature","properties":{"pid":"011200050109"},"geometry":{"type":"Polygon","coordinates":[[[-84.490585,39.148347],[-84.490483,39.148329],[-84.490599,39.147947],[-84.490701,39.147965],[-84.490585,39.148347]]]}},{"type":"Feature","properties":{"pid":"011200050110"},"geometry":{"type":"Polygon","coordinates":[[[-84.490497,39.147928],[-84.490599,39.147947],[-84.490483,39.148329],[-84.490381,39.14831],[-84.490497,39.147928]]]}},{"type":"Feature","properties":{"pid":"011200060001"},"geometry":{"type":"Polygon","coordinates":[[[-84.49168,39.149425],[-84.491445,39.149365],[-84.491782,39.148567],[-84.492023,39.148612],[-84.49168,39.149425]]]}},{"type":"Feature","properties":{"pid":"011500070020"},"geometry":{"type":"Polygon","coordinates":[[[-84.483688,39.157185],[-84.483771,39.157338],[-84.483035,39.157727],[-84.482776,39.15734],[-84.483688,39.157185]]]}},{"type":"Feature","properties":{"pid":"006500010016"},"geometry":{"type":"Polygon","coordinates":[[[-84.49029,39.13607],[-84.49026,39.136135],[-84.489824,39.136024],[-84.489875,39.135959],[-84.49029,39.13607]]]}},{"type":"Feature","properties":{"pid":"011200060004"},"geometry":{"type":"Polygon","coordinates":[[[-84.491943,39.148597],[-84.49185,39.14858],[-84.491966,39.148198],[-84.492058,39.148215],[-84.491943,39.148597]]]}},{"type":"Feature","properties":{"pid":"011200060005"},"geometry":{"type":"Polygon","coordinates":[[[-84.492139,39.148633],[-84.491943,39.148597],[-84.492058,39.148215],[-84.492255,39.148251],[-84.492139,39.148633]]]}},{"type":"Feature","properties":{"pid":"011200060046"},"geometry":{"type":"Polygon","coordinates":[[[-84.491966,39.148198],[-84.49185,39.14858],[-84.491771,39.148565],[-84.491887,39.148183],[-84.491966,39.148198]]]}},{"type":"Feature","properties":{"pid":"006000030045"},"geometry":{"type":"Polygon","coordinates":[[[-84.489363,39.139771],[-84.489169,39.139815],[-84.489202,39.139276],[-84.489345,39.139221],[-84.489333,39.139461],[-84.489383,39.139449],[-84.489363,39.139771]]]}},{"type":"Feature","properties":{"pid":"010400030119"},"geometry":{"type":"Polygon","coordinates":[[[-84.505166,39.141167],[-84.505478,39.141186],[-84.505472,39.141258],[-84.505121,39.141237],[-84.504763,39.140879],[-84.504209,39.140841],[-84.504329,39.139738],[-84.505243,39.139791],[-84.505122,39.140892],[-84.504875,39.140876],[-84.505166,39.141167]]]}},{"type":"Feature","properties":{"pid":"010800010040"},"geometry":{"type":"Polygon","coordinates":[[[-84.487963,39.146445],[-84.487787,39.146438],[-84.487812,39.146037],[-84.487988,39.146044],[-84.487963,39.146445]]]}},{"type":"Feature","properties":{"pid":"010800010049"},"geometry":{"type":"Polygon","coordinates":[[[-84.48638,39.146381],[-84.486204,39.146374],[-84.48623,39.145974],[-84.486406,39.145981],[-84.48638,39.146381]]]}},{"type":"Feature","properties":{"pid":"011300040104"},"geometry":{"type":"Polygon","coordinates":[[[-84.501661,39.14187],[-84.501544,39.141863],[-84.501588,39.141463],[-84.501706,39.14147],[-84.501661,39.14187]]]}},{"type":"Feature","properties":{"pid":"011300040106"},"geometry":{"type":"Polygon","coordinates":[[[-84.501846,39.141478],[-84.502022,39.141489],[-84.501978,39.141889],[-84.501802,39.141879],[-84.501846,39.141478]]]}},{"type":"Feature","properties":{"pid":"011100050040"},"geometry":{"type":"Polygon","coordinates":[[[-84.487229,39.15282],[-84.486832,39.15316],[-84.486677,39.153077],[-84.487101,39.152726],[-84.487229,39.15282]]]}},{"type":"Feature","properties":{"pid":"011100050043"},"geometry":{"type":"Polygon","coordinates":[[[-84.487239,39.153379],[-84.487514,39.152981],[-84.487702,39.153046],[-84.487475,39.153505],[-84.487239,39.153379]]]}},{"type":"Feature","properties":{"pid":"011100050063"},"geometry":{"type":"Polygon","coordinates":[[[-84.487777,39.152892],[-84.487846,39.152811],[-84.488148,39.152548],[-84.488101,39.152941],[-84.487777,39.152892]]]}},{"type":"Feature","properties":{"pid":"011100050081"},"geometry":{"type":"Polygon","coordinates":[[[-84.488177,39.152242],[-84.488414,39.152411],[-84.4884,39.152433],[-84.488162,39.152417],[-84.488177,39.152242]]]}},{"type":"Feature","properties":{"pid":"011100050062"},"geometry":{"type":"Polygon","coordinates":[[[-84.48751,39.152779],[-84.488177,39.152242],[-84.488148,39.152548],[-84.487971,39.152633],[-84.487759,39.152887],[-84.48751,39.152779]]]}},{"type":"Feature","properties":{"pid":"010800010028"},"geometry":{"type":"Polygon","coordinates":[[[-84.487988,39.14672],[-84.487817,39.146713],[-84.487834,39.14644],[-84.488007,39.146447],[-84.487988,39.14672]]]}},{"type":"Feature","properties":{"pid":"010500010039"},"geometry":{"type":"Polygon","coordinates":[[[-84.496277,39.135283],[-84.496729,39.135299],[-84.496723,39.135381],[-84.496272,39.135362],[-84.496277,39.135283]]]}},{"type":"Feature","properties":{"pid":"011300040105"},"geometry":{"type":"Polygon","coordinates":[[[-84.501846,39.141478],[-84.501802,39.141879],[-84.501661,39.14187],[-84.501706,39.14147],[-84.501846,39.141478]]]}},{"type":"Feature","properties":{"pid":"010500010307"},"geometry":{"type":"Polygon","coordinates":[[[-84.495851,39.135268],[-84.495967,39.135189],[-84.496194,39.135198],[-84.496189,39.13528],[-84.495851,39.135268]]]}},{"type":"Feature","properties":{"pid":"010500010308"},"geometry":{"type":"Polygon","coordinates":[[[-84.496205,39.135116],[-84.496194,39.135198],[-84.495967,39.135189],[-84.495966,39.135107],[-84.496205,39.135116]]]}},{"type":"Feature","properties":{"pid":"010800010022"},"geometry":{"type":"Polygon","coordinates":[[[-84.488887,39.146482],[-84.489547,39.146509],[-84.489389,39.146779],[-84.488869,39.146757],[-84.488887,39.146482]]]}},{"type":"Feature","properties":{"pid":"011600030038"},"geometry":{"type":"Polygon","coordinates":[[[-84.470439,39.166627],[-84.469185,39.166386],[-84.468917,39.16594],[-84.46884,39.165194],[-84.469704,39.165242],[-84.470273,39.165794],[-84.470628,39.166046],[-84.470439,39.166627]]]}},{"type":"Feature","properties":{"pid":"011600030043"},"geometry":{"type":"Polygon","coordinates":[[[-84.470748,39.165705],[-84.470278,39.165274],[-84.470863,39.165307],[-84.470748,39.165705]]]}},{"type":"Feature","properties":{"pid":"011600030068"},"geometry":{"type":"Polygon","coordinates":[[[-84.470183,39.167425],[-84.469586,39.167392],[-84.469841,39.166613],[-84.470285,39.166701],[-84.470373,39.166822],[-84.470183,39.167425]]]}},{"type":"Feature","properties":{"pid":"011600030069"},"geometry":{"type":"Polygon","coordinates":[[[-84.468887,39.167354],[-84.468574,39.167295],[-84.468803,39.166687],[-84.468712,39.166531],[-84.468969,39.16644],[-84.469841,39.166613],[-84.469586,39.167392],[-84.468887,39.167354]]]}},{"type":"Feature","properties":{"pid":"011600030071"},"geometry":{"type":"Polygon","coordinates":[[[-84.467955,39.167242],[-84.468024,39.166554],[-84.468577,39.166578],[-84.468712,39.166531],[-84.468803,39.166687],[-84.468574,39.167295],[-84.467955,39.167242]]]}},{"type":"Feature","properties":{"pid":"011600030073"},"geometry":{"type":"Polygon","coordinates":[[[-84.466502,39.167174],[-84.466033,39.167238],[-84.466096,39.166501],[-84.466416,39.166725],[-84.466587,39.167099],[-84.466502,39.167174]]]}},{"type":"Feature","properties":{"pid":"011600030074"},"geometry":{"type":"Polygon","coordinates":[[[-84.466113,39.166309],[-84.466221,39.165048],[-84.46652,39.165065],[-84.466381,39.166455],[-84.466113,39.166309]]]}},{"type":"Feature","properties":{"pid":"011600030075"},"geometry":{"type":"Polygon","coordinates":[[[-84.467955,39.167242],[-84.46687,39.167158],[-84.466608,39.166656],[-84.466381,39.166455],[-84.468024,39.166554],[-84.467955,39.167242]]]}},{"type":"Feature","properties":{"pid":"011600030053"},"geometry":{"type":"Polygon","coordinates":[[[-84.469876,39.168394],[-84.469161,39.168182],[-84.46935,39.167791],[-84.469822,39.167949],[-84.469945,39.168037],[-84.469984,39.168129],[-84.469876,39.168394]]]}},{"type":"Feature","properties":{"pid":"010700070074"},"geometry":{"type":"Polygon","coordinates":[[[-84.498812,39.141343],[-84.499072,39.141352],[-84.499059,39.141584],[-84.498904,39.141579],[-84.498812,39.141343]]]}},{"type":"Feature","properties":{"pid":"010700070167"},"geometry":{"type":"Polygon","coordinates":[[[-84.498812,39.141343],[-84.498887,39.141622],[-84.498622,39.141613],[-84.49864,39.141337],[-84.498812,39.141343]]]}},{"type":"Feature","properties":{"pid":"011300030123"},"geometry":{"type":"Polygon","coordinates":[[[-84.494568,39.15078],[-84.494602,39.150507],[-84.495597,39.150595],[-84.495517,39.150895],[-84.494568,39.15078]]]}},{"type":"Feature","properties":{"pid":"011300030111"},"geometry":{"type":"Polygon","coordinates":[[[-84.495928,39.15085],[-84.495548,39.15078],[-84.495715,39.150149],[-84.495779,39.150153],[-84.496076,39.150424],[-84.495928,39.15085]]]}},{"type":"Feature","properties":{"pid":"010800030065"},"geometry":{"type":"Polygon","coordinates":[[[-84.485475,39.147373],[-84.485282,39.147364],[-84.485308,39.146952],[-84.485506,39.146966],[-84.485475,39.147373]]]}},{"type":"Feature","properties":{"pid":"011600020193"},"geometry":{"type":"Polygon","coordinates":[[[-84.473267,39.166593],[-84.473274,39.166635],[-84.472585,39.166783],[-84.472499,39.166706],[-84.472882,39.166367],[-84.473267,39.166593]]]}},{"type":"Feature","properties":{"pid":"011600020214"},"geometry":{"type":"Polygon","coordinates":[[[-84.473274,39.166635],[-84.473395,39.166685],[-84.473529,39.167479],[-84.472585,39.166783],[-84.473274,39.166635]]]}},{"type":"Feature","properties":{"pid":"010700070073"},"geometry":{"type":"Polygon","coordinates":[[[-84.499072,39.141352],[-84.499238,39.141357],[-84.499225,39.14159],[-84.499059,39.141584],[-84.499072,39.141352]]]}},{"type":"Feature","properties":{"pid":"010700070165"},"geometry":{"type":"Polygon","coordinates":[[[-84.498631,39.141474],[-84.498622,39.141611],[-84.498251,39.141598],[-84.498265,39.141461],[-84.498631,39.141474]]]}},{"type":"Feature","properties":{"pid":"011300010007"},"geometry":{"type":"Polygon","coordinates":[[[-84.498745,39.146102],[-84.498805,39.145608],[-84.498909,39.145617],[-84.498848,39.14611],[-84.498745,39.146102]]]}},{"type":"Feature","properties":{"pid":"011300010008"},"geometry":{"type":"Polygon","coordinates":[[[-84.498292,39.146063],[-84.498351,39.145572],[-84.498629,39.145593],[-84.498572,39.146087],[-84.498292,39.146063]]]}},{"type":"Feature","properties":{"pid":"021600440196"},"geometry":{"type":"Polygon","coordinates":[[[-84.502885,39.146059],[-84.503481,39.146095],[-84.50349,39.146001],[-84.503666,39.146012],[-84.503628,39.146393],[-84.50286,39.146346],[-84.502885,39.146059]]]}},{"type":"Feature","properties":{"pid":"011300040124"},"geometry":{"type":"Polygon","coordinates":[[[-84.500571,39.144172],[-84.500602,39.143872],[-84.500739,39.14388],[-84.500708,39.144172],[-84.500571,39.144172]]]}},{"type":"Feature","properties":{"pid":"011300040022"},"geometry":{"type":"Polygon","coordinates":[[[-84.501055,39.1439],[-84.501023,39.144192],[-84.50085,39.144175],[-84.50088,39.143889],[-84.501055,39.1439]]]}},{"type":"Feature","properties":{"pid":"011300020045"},"geometry":{"type":"Polygon","coordinates":[[[-84.49514,39.146475],[-84.496709,39.146589],[-84.496638,39.147158],[-84.495067,39.147032],[-84.49514,39.146475]]]}},{"type":"Feature","properties":{"pid":"011300050116"},"geometry":{"type":"Polygon","coordinates":[[[-84.505123,39.145453],[-84.505299,39.145463],[-84.505284,39.145581],[-84.505108,39.145571],[-84.505123,39.145453]]]}},{"type":"Feature","properties":{"pid":"011300050121"},"geometry":{"type":"Polygon","coordinates":[[[-84.505327,39.145226],[-84.504965,39.145207],[-84.504996,39.144878],[-84.505349,39.145046],[-84.505327,39.145226]]]}},{"type":"Feature","properties":{"pid":"011300050127"},"geometry":{"type":"Polygon","coordinates":[[[-84.503464,39.145478],[-84.502931,39.145448],[-84.502947,39.145312],[-84.503481,39.145342],[-84.503464,39.145478]]]}},{"type":"Feature","properties":{"pid":"011300050141"},"geometry":{"type":"Polygon","coordinates":[[[-84.505349,39.145046],[-84.504826,39.144798],[-84.504832,39.144727],[-84.505382,39.144765],[-84.505349,39.145046]]]}},{"type":"Feature","properties":{"pid":"011300050145"},"geometry":{"type":"Polygon","coordinates":[[[-84.503573,39.144933],[-84.50299,39.144901],[-84.503004,39.144758],[-84.503584,39.144796],[-84.503573,39.144933]]]}},{"type":"Feature","properties":{"pid":"011300050149"},"geometry":{"type":"Polygon","coordinates":[[[-84.505313,39.145344],[-84.504954,39.145326],[-84.504965,39.145207],[-84.505327,39.145226],[-84.505313,39.145344]]]}},{"type":"Feature","properties":{"pid":"011300050150"},"geometry":{"type":"Polygon","coordinates":[[[-84.504954,39.145326],[-84.505313,39.145344],[-84.505299,39.145463],[-84.504942,39.145442],[-84.504954,39.145326]]]}},{"type":"Feature","properties":{"pid":"011300050152"},"geometry":{"type":"Polygon","coordinates":[[[-84.503584,39.144796],[-84.503004,39.144758],[-84.503017,39.144635],[-84.503597,39.144673],[-84.503584,39.144796]]]}},{"type":"Feature","properties":{"pid":"011300050154"},"geometry":{"type":"Polygon","coordinates":[[[-84.505403,39.144582],[-84.505036,39.144558],[-84.505048,39.144435],[-84.505416,39.144458],[-84.505403,39.144582]]]}},{"type":"Feature","properties":{"pid":"011300050083"},"geometry":{"type":"Polygon","coordinates":[[[-84.504555,39.142222],[-84.504731,39.142232],[-84.504685,39.142643],[-84.50451,39.142632],[-84.504555,39.142222]]]}},{"type":"Feature","properties":{"pid":"011300050089"},"geometry":{"type":"Polygon","coordinates":[[[-84.505627,39.142287],[-84.505582,39.142697],[-84.505389,39.142685],[-84.505434,39.142276],[-84.505627,39.142287]]]}},{"type":"Feature","properties":{"pid":"011300050087"},"geometry":{"type":"Polygon","coordinates":[[[-84.505258,39.142265],[-84.505355,39.142271],[-84.505309,39.14268],[-84.505213,39.142674],[-84.505258,39.142265]]]}},{"type":"Feature","properties":{"pid":"011300050085"},"geometry":{"type":"Polygon","coordinates":[[[-84.504907,39.142243],[-84.505083,39.142254],[-84.505037,39.142664],[-84.504861,39.142653],[-84.504907,39.142243]]]}},{"type":"Feature","properties":{"pid":"011300050084"},"geometry":{"type":"Polygon","coordinates":[[[-84.504861,39.142653],[-84.504685,39.142643],[-84.504731,39.142232],[-84.504907,39.142243],[-84.504861,39.142653]]]}},{"type":"Feature","properties":{"pid":"010600010325"},"geometry":{"type":"Polygon","coordinates":[[[-84.496874,39.135838],[-84.497014,39.13585],[-84.496954,39.135988],[-84.49683,39.13598],[-84.496874,39.135838]]]}},{"type":"Feature","properties":{"pid":"010600010324"},"geometry":{"type":"Polygon","coordinates":[[[-84.497013,39.13496],[-84.498752,39.135124],[-84.498736,39.135267],[-84.498715,39.135202],[-84.498626,39.135163],[-84.497255,39.135083],[-84.49714,39.135167],[-84.497051,39.135854],[-84.496874,39.135838],[-84.496958,39.135564],[-84.497013,39.13496]]]}},{"type":"Feature","properties":{"pid":"011300020056"},"geometry":{"type":"Polygon","coordinates":[[[-84.497067,39.146521],[-84.49713,39.146106],[-84.497518,39.146138],[-84.497417,39.146549],[-84.497067,39.146521]]]}},{"type":"Feature","properties":{"pid":"011300010011"},"geometry":{"type":"Polygon","coordinates":[[[-84.495628,39.14548],[-84.495812,39.145496],[-84.49583,39.145359],[-84.496168,39.145388],[-84.496233,39.144896],[-84.496438,39.144913],[-84.496373,39.145405],[-84.496656,39.145429],[-84.496591,39.14592],[-84.495582,39.145836],[-84.495628,39.14548]]]}},{"type":"Feature","properties":{"pid":"010700080012"},"geometry":{"type":"Polygon","coordinates":[[[-84.493488,39.143556],[-84.493474,39.14377],[-84.493295,39.143755],[-84.493324,39.14354],[-84.493488,39.143556]]]}},{"type":"Feature","properties":{"pid":"010700080018"},"geometry":{"type":"Polygon","coordinates":[[[-84.493321,39.143564],[-84.493295,39.143755],[-84.492961,39.143725],[-84.492963,39.143669],[-84.492444,39.143594],[-84.492461,39.143451],[-84.493321,39.143564]]]}},{"type":"Feature","properties":{"pid":"010700090050"},"geometry":{"type":"Polygon","coordinates":[[[-84.493405,39.14449],[-84.493228,39.144477],[-84.493273,39.144107],[-84.493433,39.144123],[-84.493405,39.14449]]]}},{"type":"Feature","properties":{"pid":"021600440127"},"geometry":{"type":"Polygon","coordinates":[[[-84.505028,39.146478],[-84.504853,39.146468],[-84.504891,39.146086],[-84.505066,39.146097],[-84.505028,39.146478]]]}},{"type":"Feature","properties":{"pid":"021600440128"},"geometry":{"type":"Polygon","coordinates":[[[-84.504853,39.146468],[-84.504677,39.146457],[-84.504715,39.146075],[-84.504891,39.146086],[-84.504853,39.146468]]]}},{"type":"Feature","properties":{"pid":"021600440129"},"geometry":{"type":"Polygon","coordinates":[[[-84.504677,39.146457],[-84.504325,39.146436],[-84.504363,39.146054],[-84.504715,39.146075],[-84.504677,39.146457]]]}},{"type":"Feature","properties":{"pid":"021600440130"},"geometry":{"type":"Polygon","coordinates":[[[-84.504208,39.146429],[-84.504091,39.146421],[-84.504129,39.14604],[-84.504246,39.146047],[-84.504208,39.146429]]]}},{"type":"Feature","properties":{"pid":"021600440133"},"geometry":{"type":"Polygon","coordinates":[[[-84.502903,39.145857],[-84.503501,39.145893],[-84.503481,39.146095],[-84.502885,39.146059],[-84.502903,39.145857]]]}},{"type":"Feature","properties":{"pid":"021600440134"},"geometry":{"type":"Polygon","coordinates":[[[-84.502927,39.145584],[-84.503528,39.14562],[-84.503501,39.145893],[-84.502903,39.145857],[-84.502927,39.145584]]]}},{"type":"Feature","properties":{"pid":"021600440136"},"geometry":{"type":"Polygon","coordinates":[[[-84.505242,39.146107],[-84.505066,39.146097],[-84.505104,39.145715],[-84.50528,39.145726],[-84.505242,39.146107]]]}},{"type":"Feature","properties":{"pid":"021600440137"},"geometry":{"type":"Polygon","coordinates":[[[-84.505066,39.146097],[-84.504891,39.146086],[-84.504929,39.145705],[-84.505104,39.145715],[-84.505066,39.146097]]]}},{"type":"Feature","properties":{"pid":"021600440138"},"geometry":{"type":"Polygon","coordinates":[[[-84.504715,39.146072],[-84.504753,39.145694],[-84.504929,39.145705],[-84.504891,39.146086],[-84.504715,39.146072]]]}},{"type":"Feature","properties":{"pid":"021600440139"},"geometry":{"type":"Polygon","coordinates":[[[-84.504363,39.146054],[-84.504187,39.146044],[-84.504226,39.145662],[-84.504401,39.145673],[-84.504363,39.146054]]]}},{"type":"Feature","properties":{"pid":"011300040175"},"geometry":{"type":"Polygon","coordinates":[[[-84.501494,39.142033],[-84.501401,39.142857],[-84.500314,39.142772],[-84.500387,39.141965],[-84.501494,39.142033]]]}},{"type":"Feature","properties":{"pid":"010700090051"},"geometry":{"type":"Polygon","coordinates":[[[-84.493063,39.144085],[-84.493273,39.144107],[-84.493228,39.144477],[-84.493014,39.14446],[-84.493063,39.144085]]]}},{"type":"Feature","properties":{"pid":"010700090078"},"geometry":{"type":"Polygon","coordinates":[[[-84.493421,39.144215],[-84.493433,39.144123],[-84.493273,39.144107],[-84.493314,39.143756],[-84.493492,39.143771],[-84.493421,39.144215]]]}},{"type":"Feature","properties":{"pid":"011300010034"},"geometry":{"type":"Polygon","coordinates":[[[-84.498826,39.145115],[-84.498969,39.145127],[-84.498909,39.145617],[-84.498768,39.145605],[-84.498826,39.145115]]]}},{"type":"Feature","properties":{"pid":"011300010036"},"geometry":{"type":"Polygon","coordinates":[[[-84.499039,39.145721],[-84.498969,39.145717],[-84.499038,39.145132],[-84.499109,39.145138],[-84.499039,39.145721]]]}},{"type":"Feature","properties":{"pid":"011300010038"},"geometry":{"type":"Polygon","coordinates":[[[-84.499329,39.145574],[-84.499206,39.145563],[-84.499225,39.145425],[-84.499346,39.145434],[-84.499329,39.145574]]]}},{"type":"Feature","properties":{"pid":"011300010040"},"geometry":{"type":"Polygon","coordinates":[[[-84.499688,39.145465],[-84.499671,39.145602],[-84.499467,39.145585],[-84.499482,39.145451],[-84.499688,39.145465]]]}},{"type":"Feature","properties":{"pid":"011300010077"},"geometry":{"type":"Polygon","coordinates":[[[-84.498745,39.146102],[-84.498572,39.146087],[-84.498629,39.145593],[-84.498805,39.145608],[-84.498745,39.146102]]]}},{"type":"Feature","properties":{"pid":"011300010085"},"geometry":{"type":"Polygon","coordinates":[[[-84.499364,39.145292],[-84.49938,39.145161],[-84.499815,39.145197],[-84.499801,39.145337],[-84.499364,39.145292]]]}},{"type":"Feature","properties":{"pid":"011300010086"},"geometry":{"type":"Polygon","coordinates":[[[-84.499772,39.14561],[-84.499754,39.145773],[-84.499184,39.145731],[-84.499206,39.145563],[-84.499772,39.14561]]]}},{"type":"Feature","properties":{"pid":"011300010087"},"geometry":{"type":"Polygon","coordinates":[[[-84.499786,39.145472],[-84.499345,39.145441],[-84.499363,39.1453],[-84.499801,39.145337],[-84.499786,39.145472]]]}},{"type":"Feature","properties":{"pid":"011300010089"},"geometry":{"type":"Polygon","coordinates":[[[-84.499346,39.145434],[-84.499225,39.145425],[-84.499261,39.145151],[-84.49938,39.145161],[-84.499346,39.145434]]]}},{"type":"Feature","properties":{"pid":"011300010093"},"geometry":{"type":"Polygon","coordinates":[[[-84.49785,39.146026],[-84.49774,39.145971],[-84.497803,39.145527],[-84.497911,39.145536],[-84.49785,39.146026]]]}},{"type":"Feature","properties":{"pid":"011300050007"},"geometry":{"type":"Polygon","coordinates":[[[-84.503611,39.14454],[-84.50303,39.144502],[-84.503045,39.144364],[-84.503624,39.144417],[-84.503611,39.14454]]]}},{"type":"Feature","properties":{"pid":"011300010033"},"geometry":{"type":"Polygon","coordinates":[[[-84.498768,39.145605],[-84.498559,39.145587],[-84.498616,39.145097],[-84.498826,39.145115],[-84.498768,39.145605]]]}},{"type":"Feature","properties":{"pid":"011300050011"},"geometry":{"type":"Polygon","coordinates":[[[-84.50329,39.144386],[-84.503045,39.144364],[-84.503082,39.144023],[-84.503327,39.144038],[-84.50329,39.144386]]]}},{"type":"Feature","properties":{"pid":"011300050012"},"geometry":{"type":"Polygon","coordinates":[[[-84.503327,39.144038],[-84.503502,39.144049],[-84.503464,39.144402],[-84.50329,39.144386],[-84.503327,39.144038]]]}},{"type":"Feature","properties":{"pid":"013100050001"},"geometry":{"type":"Polygon","coordinates":[[[-84.481728,39.172637],[-84.481632,39.173535],[-84.480254,39.173388],[-84.480258,39.173347],[-84.478578,39.173012],[-84.478298,39.172799],[-84.478309,39.172331],[-84.479724,39.172457],[-84.481728,39.172637]],[[-84.479134,39.172446],[-84.478994,39.172395],[-84.478597,39.172382],[-84.478557,39.17277],[-84.478809,39.17284],[-84.47963,39.172861],[-84.479708,39.17281],[-84.479724,39.172457],[-84.479134,39.172446]]]}},{"type":"Feature","properties":{"pid":"013100050002"},"geometry":{"type":"Polygon","coordinates":[[[-84.481753,39.172399],[-84.481728,39.172637],[-84.478285,39.172329],[-84.478411,39.171217],[-84.478763,39.171255],[-84.483621,39.172634],[-84.483604,39.172791],[-84.483544,39.172717],[-84.482639,39.172457],[-84.481753,39.172399]]]}},{"type":"Feature","properties":{"pid":"013100050068"},"geometry":{"type":"Polygon","coordinates":[[[-84.483503,39.173736],[-84.481632,39.173535],[-84.481753,39.172399],[-84.482639,39.172457],[-84.483544,39.172717],[-84.483604,39.172791],[-84.483503,39.173736]]]}},{"type":"Feature","properties":{"pid":"010600030170"},"geometry":{"type":"Polygon","coordinates":[[[-84.495555,39.140743],[-84.495584,39.140332],[-84.495813,39.140341],[-84.495778,39.140834],[-84.495373,39.140818],[-84.495379,39.140736],[-84.495555,39.140743]]]}},{"type":"Feature","properties":{"pid":"011300050183"},"geometry":{"type":"Polygon","coordinates":[[[-84.502947,39.145312],[-84.50297,39.145106],[-84.503556,39.145139],[-84.503537,39.145345],[-84.502947,39.145312]]]}},{"type":"Feature","properties":{"pid":"011300050013"},"geometry":{"type":"Polygon","coordinates":[[[-84.503638,39.144418],[-84.503464,39.144402],[-84.503502,39.144049],[-84.503677,39.14406],[-84.503638,39.144418]]]}},{"type":"Feature","properties":{"pid":"011300050014"},"geometry":{"type":"Polygon","coordinates":[[[-84.503778,39.144426],[-84.503638,39.144418],[-84.503677,39.14406],[-84.503819,39.144068],[-84.503778,39.144426]]]}},{"type":"Feature","properties":{"pid":"011300050015"},"geometry":{"type":"Polygon","coordinates":[[[-84.503954,39.144436],[-84.503778,39.144426],[-84.503819,39.144068],[-84.503993,39.144079],[-84.503954,39.144436]]]}},{"type":"Feature","properties":{"pid":"011300040026"},"geometry":{"type":"Polygon","coordinates":[[[-84.501549,39.144241],[-84.501581,39.143932],[-84.501757,39.143942],[-84.501723,39.144257],[-84.501549,39.144241]]]}},{"type":"Feature","properties":{"pid":"011300050137"},"geometry":{"type":"Polygon","coordinates":[[[-84.503624,39.144417],[-84.504137,39.144446],[-84.504129,39.144552],[-84.503613,39.144523],[-84.503624,39.144417]]]}},{"type":"Feature","properties":{"pid":"011300040020"},"geometry":{"type":"Polygon","coordinates":[[[-84.500602,39.143872],[-84.500571,39.144172],[-84.500426,39.144176],[-84.500458,39.143863],[-84.500602,39.143872]]]}},{"type":"Feature","properties":{"pid":"011300040021"},"geometry":{"type":"Polygon","coordinates":[[[-84.500708,39.144172],[-84.500739,39.14388],[-84.50088,39.143889],[-84.50085,39.144175],[-84.500708,39.144172]]]}},{"type":"Feature","properties":{"pid":"011300040095"},"geometry":{"type":"Polygon","coordinates":[[[-84.500179,39.143846],[-84.500318,39.143855],[-84.500294,39.144083],[-84.500154,39.144074],[-84.500179,39.143846]]]}},{"type":"Feature","properties":{"pid":"011300040121"},"geometry":{"type":"Polygon","coordinates":[[[-84.500458,39.143863],[-84.500426,39.144176],[-84.500283,39.144183],[-84.500318,39.143855],[-84.500458,39.143863]]]}},{"type":"Feature","properties":{"pid":"021600440140"},"geometry":{"type":"Polygon","coordinates":[[[-84.504187,39.146044],[-84.504012,39.146033],[-84.50405,39.145651],[-84.504226,39.145662],[-84.504187,39.146044]]]}},{"type":"Feature","properties":{"pid":"021600440148"},"geometry":{"type":"Polygon","coordinates":[[[-84.503677,39.145904],[-84.503501,39.145893],[-84.503528,39.14562],[-84.503704,39.14563],[-84.503677,39.145904]]]}},{"type":"Feature","properties":{"pid":"021600440154"},"geometry":{"type":"Polygon","coordinates":[[[-84.503939,39.146412],[-84.50378,39.146403],[-84.503818,39.146021],[-84.503977,39.146031],[-84.503939,39.146412]]]}},{"type":"Feature","properties":{"pid":"021600440156"},"geometry":{"type":"Polygon","coordinates":[[[-84.503666,39.146012],[-84.503704,39.14563],[-84.50405,39.145651],[-84.504012,39.146033],[-84.503666,39.146012]]]}},{"type":"Feature","properties":{"pid":"021600440163"},"geometry":{"type":"Polygon","coordinates":[[[-84.505204,39.146489],[-84.505046,39.146479],[-84.505073,39.146208],[-84.505231,39.146218],[-84.505204,39.146489]]]}},{"type":"Feature","properties":{"pid":"021600440164"},"geometry":{"type":"Polygon","coordinates":[[[-84.505231,39.146218],[-84.505055,39.146207],[-84.505066,39.146097],[-84.505242,39.146107],[-84.505231,39.146218]]]}},{"type":"Feature","properties":{"pid":"021600440165"},"geometry":{"type":"Polygon","coordinates":[[[-84.504325,39.146436],[-84.504208,39.146429],[-84.504246,39.146047],[-84.504363,39.146054],[-84.504325,39.146436]]]}},{"type":"Feature","properties":{"pid":"021600440166"},"geometry":{"type":"Polygon","coordinates":[[[-84.504091,39.146421],[-84.503939,39.146412],[-84.503977,39.146031],[-84.504129,39.14604],[-84.504091,39.146421]]]}},{"type":"Feature","properties":{"pid":"021600440167"},"geometry":{"type":"Polygon","coordinates":[[[-84.504715,39.146072],[-84.504539,39.146061],[-84.504577,39.145683],[-84.504753,39.145694],[-84.504715,39.146072]]]}},{"type":"Feature","properties":{"pid":"021600440168"},"geometry":{"type":"Polygon","coordinates":[[[-84.504577,39.145683],[-84.504539,39.146061],[-84.504364,39.146051],[-84.504401,39.145673],[-84.504577,39.145683]]]}},{"type":"Feature","properties":{"pid":"021600440169"},"geometry":{"type":"Polygon","coordinates":[[[-84.50378,39.146403],[-84.503628,39.146393],[-84.503666,39.146012],[-84.503818,39.146021],[-84.50378,39.146403]]]}},{"type":"Feature","properties":{"pid":"021600440173"},"geometry":{"type":"Polygon","coordinates":[[[-84.503666,39.146012],[-84.50349,39.146001],[-84.503501,39.145893],[-84.503677,39.145904],[-84.503666,39.146012]]]}},{"type":"Feature","properties":{"pid":"010600030017"},"geometry":{"type":"Polygon","coordinates":[[[-84.496372,39.140775],[-84.496178,39.140768],[-84.496207,39.140356],[-84.496401,39.140364],[-84.496372,39.140775]]]}},{"type":"Feature","properties":{"pid":"010600030021"},"geometry":{"type":"Polygon","coordinates":[[[-84.495379,39.140736],[-84.495107,39.140725],[-84.495136,39.140314],[-84.495408,39.140325],[-84.495379,39.140736]]]}},{"type":"Feature","properties":{"pid":"010600030046"},"geometry":{"type":"Polygon","coordinates":[[[-84.495379,39.140736],[-84.495408,39.140325],[-84.495584,39.140332],[-84.495555,39.140743],[-84.495379,39.140736]]]}},{"type":"Feature","properties":{"pid":"010600030048"},"geometry":{"type":"Polygon","coordinates":[[[-84.496006,39.140348],[-84.495977,39.14076],[-84.495784,39.140752],[-84.495813,39.140341],[-84.496006,39.140348]]]}},{"type":"Feature","properties":{"pid":"010600030091"},"geometry":{"type":"Polygon","coordinates":[[[-84.495665,39.14118],[-84.49569,39.140831],[-84.495852,39.140837],[-84.495827,39.141186],[-84.495665,39.14118]]]}},{"type":"Feature","properties":{"pid":"010600030121"},"geometry":{"type":"Polygon","coordinates":[[[-84.49521,39.141075],[-84.49521,39.140729],[-84.495379,39.140736],[-84.495343,39.141147],[-84.49521,39.141075]]]}},{"type":"Feature","properties":{"pid":"010600030122"},"geometry":{"type":"Polygon","coordinates":[[[-84.495343,39.141147],[-84.495366,39.140818],[-84.495528,39.140824],[-84.495503,39.141174],[-84.495343,39.141147]]]}},{"type":"Feature","properties":{"pid":"010600030123"},"geometry":{"type":"Polygon","coordinates":[[[-84.495503,39.141174],[-84.495528,39.140824],[-84.49569,39.140831],[-84.495665,39.14118],[-84.495503,39.141174]]]}},{"type":"Feature","properties":{"pid":"011500050080"},"geometry":{"type":"Polygon","coordinates":[[[-84.48589,39.162032],[-84.486053,39.162401],[-84.485672,39.162396],[-84.485632,39.162075],[-84.48589,39.162032]]]}},{"type":"Feature","properties":{"pid":"013100050008"},"geometry":{"type":"Polygon","coordinates":[[[-84.477815,39.169165],[-84.47711,39.16915],[-84.477188,39.168411],[-84.477787,39.168424],[-84.477753,39.168752],[-84.477859,39.168755],[-84.477815,39.169165]]]}},{"type":"Feature","properties":{"pid":"013100050070"},"geometry":{"type":"Polygon","coordinates":[[[-84.478492,39.168439],[-84.478458,39.168767],[-84.477929,39.168756],[-84.477964,39.168428],[-84.478492,39.168439]]]}},{"type":"Feature","properties":{"pid":"013100050009"},"geometry":{"type":"Polygon","coordinates":[[[-84.477859,39.168755],[-84.478458,39.168767],[-84.478415,39.169178],[-84.477815,39.169165],[-84.477859,39.168755]]]}},{"type":"Feature","properties":{"pid":"013100050040"},"geometry":{"type":"Polygon","coordinates":[[[-84.477787,39.168424],[-84.477964,39.168428],[-84.477929,39.168756],[-84.477753,39.168752],[-84.477787,39.168424]]]}},{"type":"Feature","properties":{"pid":"011500040057"},"geometry":{"type":"Polygon","coordinates":[[[-84.488811,39.15754],[-84.488513,39.157844],[-84.488288,39.157715],[-84.488587,39.157406],[-84.488811,39.15754]]]}},{"type":"Feature","properties":{"pid":"011500040007"},"geometry":{"type":"Polygon","coordinates":[[[-84.485765,39.156137],[-84.485241,39.156133],[-84.485242,39.155999],[-84.485767,39.156],[-84.485765,39.156137]]]}},{"type":"Feature","properties":{"pid":"011500040013"},"geometry":{"type":"Polygon","coordinates":[[[-84.486382,39.155505],[-84.486384,39.155716],[-84.485984,39.155678],[-84.486205,39.155415],[-84.486382,39.155505]]]}},{"type":"Feature","properties":{"pid":"011500040072"},"geometry":{"type":"Polygon","coordinates":[[[-84.485765,39.156082],[-84.485768,39.155904],[-84.486386,39.1559],[-84.486388,39.156078],[-84.485765,39.156082]]]}},{"type":"Feature","properties":{"pid":"011500040093"},"geometry":{"type":"Polygon","coordinates":[[[-84.488587,39.157406],[-84.488423,39.157309],[-84.488719,39.157002],[-84.488884,39.157101],[-84.488587,39.157406]]]}},{"type":"Feature","properties":{"pid":"011500040016"},"geometry":{"type":"Polygon","coordinates":[[[-84.485827,39.156422],[-84.485941,39.156549],[-84.485513,39.156785],[-84.485386,39.15664],[-84.485827,39.156422]]]}},{"type":"Feature","properties":{"pid":"011000010042"},"geometry":{"type":"Polygon","coordinates":[[[-84.482048,39.151606],[-84.48181,39.151432],[-84.482165,39.151113],[-84.482428,39.151303],[-84.482048,39.151606]]]}},{"type":"Feature","properties":{"pid":"011500050134"},"geometry":{"type":"Polygon","coordinates":[[[-84.48507,39.162494],[-84.485057,39.162389],[-84.485464,39.162394],[-84.485418,39.162654],[-84.485181,39.16262],[-84.48507,39.162494]]]}},{"type":"Feature","properties":{"pid":"011500040091"},"geometry":{"type":"Polygon","coordinates":[[[-84.489049,39.156553],[-84.489222,39.156627],[-84.488914,39.156945],[-84.488754,39.15685],[-84.489049,39.156553]]]}},{"type":"Feature","properties":{"pid":"011000010035"},"geometry":{"type":"Polygon","coordinates":[[[-84.481293,39.151619],[-84.481656,39.151321],[-84.481822,39.151441],[-84.481455,39.151737],[-84.481293,39.151619]]]}},{"type":"Feature","properties":{"pid":"010800030031"},"geometry":{"type":"Polygon","coordinates":[[[-84.480724,39.147986],[-84.481299,39.148025],[-84.480966,39.148289],[-84.480712,39.148104],[-84.480724,39.147986]]]}},{"type":"Feature","properties":{"pid":"011500040110"},"geometry":{"type":"Polygon","coordinates":[[[-84.486185,39.157556],[-84.486103,39.157463],[-84.486464,39.15727],[-84.486547,39.157364],[-84.486185,39.157556]]]}},{"type":"Feature","properties":{"pid":"011500040027"},"geometry":{"type":"Polygon","coordinates":[[[-84.485766,39.15571],[-84.485244,39.155705],[-84.485244,39.155561],[-84.485688,39.155555],[-84.485689,39.155629],[-84.485764,39.155632],[-84.485766,39.15571]]]}},{"type":"Feature","properties":{"pid":"011300030040"},"geometry":{"type":"Polygon","coordinates":[[[-84.497196,39.15005],[-84.497331,39.150005],[-84.497941,39.150378],[-84.49783,39.150485],[-84.497222,39.150113],[-84.497196,39.15005]]]}},{"type":"Feature","properties":{"pid":"011300020063"},"geometry":{"type":"Polygon","coordinates":[[[-84.497614,39.148955],[-84.497018,39.14895],[-84.497013,39.148812],[-84.497618,39.14885],[-84.497614,39.148955]]]}},{"type":"Feature","properties":{"pid":"011300030026"},"geometry":{"type":"Polygon","coordinates":[[[-84.498533,39.149802],[-84.497576,39.149726],[-84.497583,39.149588],[-84.49864,39.149672],[-84.498533,39.149802]]]}},{"type":"Feature","properties":{"pid":"011300030027"},"geometry":{"type":"Polygon","coordinates":[[[-84.498273,39.150054],[-84.497993,39.149885],[-84.498082,39.149798],[-84.498362,39.149968],[-84.498273,39.150054]]]}},{"type":"Feature","properties":{"pid":"011300030028"},"geometry":{"type":"Polygon","coordinates":[[[-84.497576,39.149726],[-84.497756,39.14974],[-84.498273,39.150054],[-84.498162,39.150162],[-84.497572,39.149803],[-84.497576,39.149726]]]}},{"type":"Feature","properties":{"pid":"011300030029"},"geometry":{"type":"Polygon","coordinates":[[[-84.498051,39.15027],[-84.497516,39.149944],[-84.497566,39.149928],[-84.497572,39.149803],[-84.498162,39.150162],[-84.498051,39.15027]]]}},{"type":"Feature","properties":{"pid":"011300030030"},"geometry":{"type":"Polygon","coordinates":[[[-84.497578,39.149674],[-84.497566,39.149928],[-84.497196,39.15005],[-84.497082,39.14975],[-84.497578,39.149674]]]}},{"type":"Feature","properties":{"pid":"011300030033"},"geometry":{"type":"Polygon","coordinates":[[[-84.49704,39.149581],[-84.497038,39.1495],[-84.497588,39.149477],[-84.497584,39.149567],[-84.49704,39.149581]]]}},{"type":"Feature","properties":{"pid":"011300030034"},"geometry":{"type":"Polygon","coordinates":[[[-84.497588,39.149477],[-84.497038,39.1495],[-84.497035,39.14942],[-84.497592,39.149394],[-84.497588,39.149477]]]}},{"type":"Feature","properties":{"pid":"011300030035"},"geometry":{"type":"Polygon","coordinates":[[[-84.497592,39.149394],[-84.497035,39.14942],[-84.497032,39.149339],[-84.497596,39.149314],[-84.497592,39.149394]]]}},{"type":"Feature","properties":{"pid":"011500040102"},"geometry":{"type":"Polygon","coordinates":[[[-84.487281,39.158161],[-84.487016,39.158433],[-84.486856,39.158326],[-84.487178,39.158088],[-84.487281,39.158161]]]}},{"type":"Feature","properties":{"pid":"011500050141"},"geometry":{"type":"Polygon","coordinates":[[[-84.485167,39.163137],[-84.484911,39.163109],[-84.484437,39.163057],[-84.485037,39.162674],[-84.485244,39.162747],[-84.485167,39.163137]]]}},{"type":"Feature","properties":{"pid":"011500050123"},"geometry":{"type":"Polygon","coordinates":[[[-84.485244,39.162747],[-84.485471,39.162771],[-84.485394,39.163162],[-84.485167,39.163137],[-84.485244,39.162747]]]}},{"type":"Feature","properties":{"pid":"011200010060"},"geometry":{"type":"Polygon","coordinates":[[[-84.487584,39.154327],[-84.487611,39.154487],[-84.487389,39.155056],[-84.487347,39.155309],[-84.486364,39.154836],[-84.486449,39.154732],[-84.486595,39.154811],[-84.487122,39.154186],[-84.487358,39.154313],[-84.487584,39.154327]]]}},{"type":"Feature","properties":{"pid":"010800050055"},"geometry":{"type":"Polygon","coordinates":[[[-84.483358,39.151769],[-84.483306,39.151731],[-84.4838,39.15132],[-84.484093,39.151533],[-84.483822,39.151758],[-84.483581,39.151583],[-84.483358,39.151769]]]}},{"type":"Feature","properties":{"pid":"011300020012"},"geometry":{"type":"Polygon","coordinates":[[[-84.498256,39.147025],[-84.49835,39.146205],[-84.498644,39.146229],[-84.498551,39.14705],[-84.498256,39.147025]]]}},{"type":"Feature","properties":{"pid":"021600430074"},"geometry":{"type":"Polygon","coordinates":[[[-84.50044,39.148575],[-84.500542,39.147646],[-84.500307,39.14763],[-84.500375,39.147358],[-84.500729,39.146994],[-84.501147,39.147016],[-84.501204,39.146413],[-84.501601,39.146434],[-84.501558,39.146828],[-84.501909,39.146852],[-84.501744,39.148356],[-84.501211,39.14832],[-84.501178,39.148625],[-84.50044,39.148575]]]}},{"type":"Feature","properties":{"pid":"011300020021"},"geometry":{"type":"Polygon","coordinates":[[[-84.497025,39.149171],[-84.497604,39.149147],[-84.4976,39.14923],[-84.497028,39.149252],[-84.497025,39.149171]]]}},{"type":"Feature","properties":{"pid":"011300020084"},"geometry":{"type":"Polygon","coordinates":[[[-84.499677,39.147422],[-84.499659,39.147586],[-84.499046,39.147534],[-84.499064,39.147369],[-84.499677,39.147422]]]}},{"type":"Feature","properties":{"pid":"021600430004"},"geometry":{"type":"Polygon","coordinates":[[[-84.499641,39.147751],[-84.499659,39.147587],[-84.500542,39.147646],[-84.500524,39.147809],[-84.499641,39.147751]]]}},{"type":"Feature","properties":{"pid":"011300020022"},"geometry":{"type":"Polygon","coordinates":[[[-84.497604,39.149147],[-84.497025,39.149171],[-84.497022,39.149088],[-84.497608,39.149064],[-84.497604,39.149147]]]}},{"type":"Feature","properties":{"pid":"011300020023"},"geometry":{"type":"Polygon","coordinates":[[[-84.497608,39.149064],[-84.497022,39.149088],[-84.497018,39.14895],[-84.497614,39.148955],[-84.497608,39.149064]]]}},{"type":"Feature","properties":{"pid":"011300020031"},"geometry":{"type":"Polygon","coordinates":[[[-84.49835,39.146205],[-84.498286,39.146799],[-84.497938,39.146744],[-84.498039,39.14618],[-84.49835,39.146205]]]}},{"type":"Feature","properties":{"pid":"011500040043"},"geometry":{"type":"Polygon","coordinates":[[[-84.487468,39.158699],[-84.487784,39.158368],[-84.487924,39.158449],[-84.487604,39.158779],[-84.487468,39.158699]]]}},{"type":"Feature","properties":{"pid":"011500040063"},"geometry":{"type":"Polygon","coordinates":[[[-84.487899,39.157],[-84.487683,39.156871],[-84.487979,39.15656],[-84.488203,39.156693],[-84.487899,39.157]]]}},{"type":"Feature","properties":{"pid":"010800050036"},"geometry":{"type":"Polygon","coordinates":[[[-84.481491,39.149646],[-84.481982,39.149233],[-84.482135,39.149344],[-84.481642,39.149755],[-84.481491,39.149646]]]}},{"type":"Feature","properties":{"pid":"011500040069"},"geometry":{"type":"Polygon","coordinates":[[[-84.4894,39.159438],[-84.488894,39.159132],[-84.488768,39.159056],[-84.489229,39.15903],[-84.4894,39.159438]]]}},{"type":"Feature","properties":{"pid":"011500040029"},"geometry":{"type":"Polygon","coordinates":[[[-84.486146,39.156779],[-84.486262,39.156908],[-84.485825,39.157144],[-84.485711,39.157012],[-84.486146,39.156779]]]}},{"type":"Feature","properties":{"pid":"011500040046"},"geometry":{"type":"Polygon","coordinates":[[[-84.486146,39.156779],[-84.485927,39.156535],[-84.486422,39.156426],[-84.486499,39.156589],[-84.486146,39.156779]]]}},{"type":"Feature","properties":{"pid":"011500040008"},"geometry":{"type":"Polygon","coordinates":[[[-84.485446,39.155395],[-84.485662,39.155138],[-84.485975,39.155297],[-84.485763,39.15555],[-84.485446,39.155395]]]}},{"type":"Feature","properties":{"pid":"011500040080"},"geometry":{"type":"Polygon","coordinates":[[[-84.488914,39.156495],[-84.488733,39.156417],[-84.48897,39.156057],[-84.489171,39.156136],[-84.488914,39.156495]]]}},{"type":"Feature","properties":{"pid":"011500040114"},"geometry":{"type":"Polygon","coordinates":[[[-84.486527,39.157949],[-84.48689,39.157759],[-84.486972,39.157853],[-84.48661,39.158045],[-84.486527,39.157949]]]}},{"type":"Feature","properties":{"pid":"011500040012"},"geometry":{"type":"Polygon","coordinates":[[[-84.489515,39.156754],[-84.489252,39.156641],[-84.489511,39.156284],[-84.489769,39.156396],[-84.489515,39.156754]]]}},{"type":"Feature","properties":{"pid":"011500040070"},"geometry":{"type":"Polygon","coordinates":[[[-84.488001,39.157683],[-84.488233,39.157813],[-84.487727,39.158334],[-84.487501,39.158203],[-84.488001,39.157683]]]}},{"type":"Feature","properties":{"pid":"011500040026"},"geometry":{"type":"Polygon","coordinates":[[[-84.485763,39.15555],[-84.485244,39.155561],[-84.485245,39.155394],[-84.485446,39.155395],[-84.485763,39.15555]]]}},{"type":"Feature","properties":{"pid":"011500040009"},"geometry":{"type":"Polygon","coordinates":[[[-84.488943,39.156508],[-84.488914,39.156495],[-84.489171,39.156136],[-84.4892,39.156149],[-84.488943,39.156508]]]}},{"type":"Feature","properties":{"pid":"011500040050"},"geometry":{"type":"Polygon","coordinates":[[[-84.485927,39.157261],[-84.486285,39.157064],[-84.486388,39.157183],[-84.486026,39.157375],[-84.485927,39.157261]]]}},{"type":"Feature","properties":{"pid":"011500050127"},"geometry":{"type":"Polygon","coordinates":[[[-84.485891,39.162815],[-84.486142,39.162841],[-84.486078,39.163237],[-84.485813,39.163208],[-84.485891,39.162815]]]}},{"type":"Feature","properties":{"pid":"011300030045"},"geometry":{"type":"Polygon","coordinates":[[[-84.497583,39.149588],[-84.497589,39.149451],[-84.498655,39.149536],[-84.49864,39.149672],[-84.497583,39.149588]]]}},{"type":"Feature","properties":{"pid":"011300030046"},"geometry":{"type":"Polygon","coordinates":[[[-84.497941,39.150378],[-84.497331,39.150005],[-84.497516,39.149944],[-84.498051,39.15027],[-84.497941,39.150378]]]}},{"type":"Feature","properties":{"pid":"011300030050"},"geometry":{"type":"Polygon","coordinates":[[[-84.497999,39.149483],[-84.498014,39.149347],[-84.498669,39.149399],[-84.498655,39.149536],[-84.497999,39.149483]]]}},{"type":"Feature","properties":{"pid":"011300030055"},"geometry":{"type":"Polygon","coordinates":[[[-84.497596,39.149314],[-84.497032,39.149339],[-84.497028,39.149252],[-84.4976,39.14923],[-84.497596,39.149314]]]}},{"type":"Feature","properties":{"pid":"011300030059"},"geometry":{"type":"Polygon","coordinates":[[[-84.498082,39.149798],[-84.497993,39.149885],[-84.497756,39.14974],[-84.498533,39.149802],[-84.498362,39.149968],[-84.498082,39.149798]]]}},{"type":"Feature","properties":{"pid":"011500050142"},"geometry":{"type":"Polygon","coordinates":[[[-84.484124,39.162503],[-84.484144,39.162306],[-84.484918,39.162202],[-84.484916,39.162397],[-84.484124,39.162503]]]}},{"type":"Feature","properties":{"pid":"011500040017"},"geometry":{"type":"Polygon","coordinates":[[[-84.485242,39.155999],[-84.485243,39.15586],[-84.485768,39.155865],[-84.485767,39.156],[-84.485242,39.155999]]]}},{"type":"Feature","properties":{"pid":"011500040051"},"geometry":{"type":"Polygon","coordinates":[[[-84.487612,39.158267],[-84.487754,39.15835],[-84.487439,39.158682],[-84.487294,39.158597],[-84.487612,39.158267]]]}},{"type":"Feature","properties":{"pid":"011500040115"},"geometry":{"type":"Polygon","coordinates":[[[-84.486449,39.157859],[-84.486811,39.157668],[-84.48689,39.157759],[-84.486527,39.157949],[-84.486449,39.157859]]]}},{"type":"Feature","properties":{"pid":"011500040042"},"geometry":{"type":"Polygon","coordinates":[[[-84.487604,39.158779],[-84.487924,39.158449],[-84.488061,39.158529],[-84.487747,39.158863],[-84.487604,39.158779]]]}},{"type":"Feature","properties":{"pid":"011500040023"},"geometry":{"type":"Polygon","coordinates":[[[-84.485254,39.156488],[-84.485241,39.156274],[-84.485858,39.156264],[-84.485861,39.156358],[-84.485254,39.156488]]]}},{"type":"Feature","properties":{"pid":"011500040092"},"geometry":{"type":"Polygon","coordinates":[[[-84.488256,39.157209],[-84.488083,39.157111],[-84.488385,39.156803],[-84.488555,39.156904],[-84.488256,39.157209]]]}},{"type":"Feature","properties":{"pid":"011500040096"},"geometry":{"type":"Polygon","coordinates":[[[-84.48661,39.158045],[-84.486972,39.157853],[-84.487072,39.157967],[-84.486707,39.158156],[-84.48661,39.158045]]]}},{"type":"Feature","properties":{"pid":"011300040189"},"geometry":{"type":"Polygon","coordinates":[[[-84.501494,39.142033],[-84.500387,39.141965],[-84.500415,39.141713],[-84.500496,39.141787],[-84.504078,39.142019],[-84.504209,39.140841],[-84.504763,39.140879],[-84.505121,39.141237],[-84.505472,39.141258],[-84.505424,39.141696],[-84.506347,39.141758],[-84.506301,39.142168],[-84.50434,39.142038],[-84.504004,39.142052],[-84.503552,39.142192],[-84.503002,39.142579],[-84.502711,39.142723],[-84.502364,39.142827],[-84.501996,39.142874],[-84.501403,39.142851],[-84.501494,39.142033]]]}},{"type":"Feature","properties":{"pid":"011500040132"},"geometry":{"type":"Polygon","coordinates":[[[-84.485245,39.155394],[-84.485248,39.154927],[-84.485662,39.155138],[-84.485446,39.155395],[-84.485245,39.155394]]]}},{"type":"Feature","properties":{"pid":"011500040136"},"geometry":{"type":"Polygon","coordinates":[[[-84.485245,39.155394],[-84.485248,39.154927],[-84.485662,39.155138],[-84.485446,39.155395],[-84.485245,39.155394]]]}},{"type":"Feature","properties":{"pid":"011500040135"},"geometry":{"type":"Polygon","coordinates":[[[-84.485245,39.155394],[-84.485248,39.154927],[-84.485662,39.155138],[-84.485446,39.155395],[-84.485245,39.155394]]]}},{"type":"Feature","properties":{"pid":"011500040138"},"geometry":{"type":"Polygon","coordinates":[[[-84.485245,39.155394],[-84.485248,39.154927],[-84.485662,39.155138],[-84.485446,39.155395],[-84.485245,39.155394]]]}},{"type":"Feature","properties":{"pid":"011500040133"},"geometry":{"type":"Polygon","coordinates":[[[-84.485245,39.155394],[-84.485248,39.154927],[-84.485662,39.155138],[-84.485446,39.155395],[-84.485245,39.155394]]]}},{"type":"Feature","properties":{"pid":"011500040137"},"geometry":{"type":"Polygon","coordinates":[[[-84.485245,39.155394],[-84.485248,39.154927],[-84.485662,39.155138],[-84.485446,39.155395],[-84.485245,39.155394]]]}},{"type":"Feature","properties":{"pid":"011500040134"},"geometry":{"type":"Polygon","coordinates":[[[-84.485245,39.155394],[-84.485248,39.154927],[-84.485662,39.155138],[-84.485446,39.155395],[-84.485245,39.155394]]]}},{"type":"Feature","properties":{"pid":"010800060034"},"geometry":{"type":"Polygon","coordinates":[[[-84.480775,39.149335],[-84.480421,39.149636],[-84.480193,39.14942],[-84.480515,39.149149],[-84.480775,39.149335]]]}},{"type":"Feature","properties":{"pid":"011500040006"},"geometry":{"type":"Polygon","coordinates":[[[-84.485927,39.156535],[-84.485771,39.15636],[-84.485861,39.156358],[-84.485858,39.156264],[-84.48639,39.156255],[-84.486422,39.156426],[-84.485927,39.156535]]]}},{"type":"Feature","properties":{"pid":"010800050015"},"geometry":{"type":"Polygon","coordinates":[[[-84.48203,39.150034],[-84.481836,39.149894],[-84.482328,39.149485],[-84.482521,39.149626],[-84.48203,39.150034]]]}},{"type":"Feature","properties":{"pid":"011500040018"},"geometry":{"type":"Polygon","coordinates":[[[-84.485768,39.155865],[-84.485243,39.15586],[-84.485244,39.155705],[-84.485766,39.15571],[-84.485768,39.155865]]]}},{"type":"Feature","properties":{"pid":"011500040087"},"geometry":{"type":"Polygon","coordinates":[[[-84.488061,39.158529],[-84.487924,39.158449],[-84.488431,39.157925],[-84.488683,39.158067],[-84.488253,39.158507],[-84.488144,39.158441],[-84.488061,39.158529]]]}},{"type":"Feature","properties":{"pid":"011500040030"},"geometry":{"type":"Polygon","coordinates":[[[-84.486203,39.156971],[-84.486262,39.156908],[-84.486146,39.156779],[-84.486499,39.156589],[-84.486625,39.156747],[-84.486203,39.156971]]]}},{"type":"Feature","properties":{"pid":"010800050057"},"geometry":{"type":"Polygon","coordinates":[[[-84.48145,39.150382],[-84.481398,39.150344],[-84.481893,39.149936],[-84.482074,39.150067],[-84.481869,39.150236],[-84.48174,39.150142],[-84.48145,39.150382]]]}},{"type":"Feature","properties":{"pid":"011500040064"},"geometry":{"type":"Polygon","coordinates":[[[-84.488401,39.158727],[-84.488914,39.158196],[-84.489071,39.158285],[-84.489155,39.158436],[-84.489167,39.158871],[-84.488565,39.158823],[-84.488401,39.158727]]]}},{"type":"Feature","properties":{"pid":"011500040117"},"geometry":{"type":"Polygon","coordinates":[[[-84.488937,39.159565],[-84.489196,39.159315],[-84.489346,39.159405],[-84.489089,39.159655],[-84.488937,39.159565]]]}},{"type":"Feature","properties":{"pid":"011500040004"},"geometry":{"type":"Polygon","coordinates":[[[-84.486026,39.157375],[-84.486388,39.157183],[-84.486464,39.15727],[-84.486103,39.157463],[-84.486026,39.157375]]]}},{"type":"Feature","properties":{"pid":"010800060012"},"geometry":{"type":"Polygon","coordinates":[[[-84.480943,39.149449],[-84.4811,39.149561],[-84.480738,39.149863],[-84.480584,39.149753],[-84.480943,39.149449]]]}},{"type":"Feature","properties":{"pid":"011300040035"},"geometry":{"type":"Polygon","coordinates":[[[-84.500934,39.143407],[-84.500896,39.143749],[-84.50072,39.143738],[-84.500758,39.143396],[-84.500934,39.143407]]]}},{"type":"Feature","properties":{"pid":"010600010001"},"geometry":{"type":"Polygon","coordinates":[[[-84.500562,39.138419],[-84.500514,39.138457],[-84.500115,39.138432],[-84.500084,39.138706],[-84.499475,39.138666],[-84.499374,39.1396],[-84.498486,39.13953],[-84.498817,39.136451],[-84.499301,39.13648],[-84.499305,39.136444],[-84.499469,39.136454],[-84.499501,39.136142],[-84.498855,39.136103],[-84.498926,39.135473],[-84.500143,39.135547],[-84.500077,39.136141],[-84.5008,39.136185],[-84.500562,39.138419]]]}},{"type":"Feature","properties":{"pid":"010600020004"},"geometry":{"type":"Polygon","coordinates":[[[-84.499374,39.1396],[-84.499475,39.138666],[-84.500529,39.138734],[-84.500427,39.139664],[-84.499374,39.1396]]]}},{"type":"Feature","properties":{"pid":"010600030160"},"geometry":{"type":"Polygon","coordinates":[[[-84.493772,39.140124],[-84.494005,39.13983],[-84.494577,39.139852],[-84.494537,39.140153],[-84.493772,39.140124]]]}},{"type":"Feature","properties":{"pid":"010600030144"},"geometry":{"type":"Polygon","coordinates":[[[-84.496444,39.140956],[-84.496422,39.141258],[-84.496148,39.141248],[-84.496169,39.140945],[-84.496444,39.140956]]]}},{"type":"Feature","properties":{"pid":"010700080063"},"geometry":{"type":"Polygon","coordinates":[[[-84.4966,39.142363],[-84.49625,39.142329],[-84.496261,39.14226],[-84.496611,39.142295],[-84.4966,39.142363]]]}},{"type":"Feature","properties":{"pid":"010700080071"},"geometry":{"type":"Polygon","coordinates":[[[-84.492635,39.141844],[-84.492819,39.141558],[-84.49318,39.141572],[-84.493159,39.141896],[-84.492635,39.141844]]]}},{"type":"Feature","properties":{"pid":"010700080078"},"geometry":{"type":"Polygon","coordinates":[[[-84.494037,39.141982],[-84.4934,39.141919],[-84.493455,39.141582],[-84.49406,39.141605],[-84.494037,39.141982]]]}},{"type":"Feature","properties":{"pid":"010700080061"},"geometry":{"type":"Polygon","coordinates":[[[-84.495864,39.142474],[-84.495723,39.142469],[-84.495756,39.142139],[-84.495897,39.142151],[-84.495864,39.142474]]]}},{"type":"Feature","properties":{"pid":"011000030042"},"geometry":{"type":"Polygon","coordinates":[[[-84.480448,39.155788],[-84.4803,39.155913],[-84.479785,39.155537],[-84.479934,39.155414],[-84.480448,39.155788]]]}},{"type":"Feature","properties":{"pid":"011000030043"},"geometry":{"type":"Polygon","coordinates":[[[-84.4803,39.155913],[-84.480156,39.156035],[-84.479638,39.155659],[-84.479785,39.155537],[-84.4803,39.155913]]]}},{"type":"Feature","properties":{"pid":"011000030044"},"geometry":{"type":"Polygon","coordinates":[[[-84.479475,39.155776],[-84.479489,39.155649],[-84.479638,39.155659],[-84.480156,39.156035],[-84.480086,39.156095],[-84.479865,39.155938],[-84.479475,39.155776]]]}},{"type":"Feature","properties":{"pid":"011000030045"},"geometry":{"type":"Polygon","coordinates":[[[-84.479851,39.156294],[-84.47944,39.156097],[-84.479475,39.155776],[-84.479865,39.155938],[-84.480086,39.156095],[-84.479851,39.156294]]]}},{"type":"Feature","properties":{"pid":"010800050007"},"geometry":{"type":"Polygon","coordinates":[[[-84.481611,39.150498],[-84.481579,39.150475],[-84.482074,39.150067],[-84.48233,39.150251],[-84.482165,39.150387],[-84.481942,39.150225],[-84.481611,39.150498]]]}},{"type":"Feature","properties":{"pid":"011300040169"},"geometry":{"type":"Polygon","coordinates":[[[-84.500801,39.143008],[-84.500977,39.143018],[-84.500934,39.143407],[-84.500758,39.143396],[-84.500801,39.143008]]]}},{"type":"Feature","properties":{"pid":"011300040038"},"geometry":{"type":"Polygon","coordinates":[[[-84.501461,39.143439],[-84.501423,39.14378],[-84.501247,39.14377],[-84.501285,39.143428],[-84.501461,39.143439]]]}},{"type":"Feature","properties":{"pid":"011300040184"},"geometry":{"type":"Polygon","coordinates":[[[-84.50169,39.143452],[-84.501285,39.143428],[-84.501328,39.143039],[-84.501574,39.143054],[-84.50155,39.143271],[-84.501708,39.143287],[-84.50169,39.143452]]]}},{"type":"Feature","properties":{"pid":"011300040034"},"geometry":{"type":"Polygon","coordinates":[[[-84.500231,39.143364],[-84.500758,39.143396],[-84.50074,39.14356],[-84.500212,39.143528],[-84.500231,39.143364]]]}},{"type":"Feature","properties":{"pid":"011300040170"},"geometry":{"type":"Polygon","coordinates":[[[-84.500977,39.143018],[-84.501153,39.143029],[-84.50111,39.143417],[-84.500934,39.143407],[-84.500977,39.143018]]]}},{"type":"Feature","properties":{"pid":"011300040171"},"geometry":{"type":"Polygon","coordinates":[[[-84.500801,39.143008],[-84.500758,39.143396],[-84.500582,39.143386],[-84.500625,39.142997],[-84.500801,39.143008]]]}},{"type":"Feature","properties":{"pid":"011300040168"},"geometry":{"type":"Polygon","coordinates":[[[-84.501285,39.143428],[-84.50111,39.143417],[-84.501153,39.143029],[-84.501328,39.143039],[-84.501285,39.143428]]]}},{"type":"Feature","properties":{"pid":"011300040037"},"geometry":{"type":"Polygon","coordinates":[[[-84.501072,39.143759],[-84.50111,39.143417],[-84.501285,39.143428],[-84.501247,39.14377],[-84.501072,39.143759]]]}},{"type":"Feature","properties":{"pid":"011300040036"},"geometry":{"type":"Polygon","coordinates":[[[-84.500934,39.143407],[-84.50111,39.143417],[-84.501072,39.143759],[-84.500896,39.143749],[-84.500934,39.143407]]]}},{"type":"Feature","properties":{"pid":"010700080125"},"geometry":{"type":"Polygon","coordinates":[[[-84.495897,39.142151],[-84.496041,39.142164],[-84.496009,39.14248],[-84.495864,39.142474],[-84.495897,39.142151]]]}},{"type":"Feature","properties":{"pid":"010700080134"},"geometry":{"type":"Polygon","coordinates":[[[-84.496107,39.142484],[-84.496045,39.142481],[-84.496076,39.142167],[-84.496138,39.142173],[-84.496107,39.142484]]]}},{"type":"Feature","properties":{"pid":"010700080079"},"geometry":{"type":"Polygon","coordinates":[[[-84.496272,39.142192],[-84.496623,39.142216],[-84.496611,39.142295],[-84.496261,39.14226],[-84.496272,39.142192]]]}},{"type":"Feature","properties":{"pid":"010700080136"},"geometry":{"type":"Polygon","coordinates":[[[-84.496226,39.142488],[-84.496107,39.142484],[-84.496138,39.142173],[-84.496273,39.142185],[-84.496226,39.142488]]]}},{"type":"Feature","properties":{"pid":"010600030014"},"geometry":{"type":"Polygon","coordinates":[[[-84.496788,39.141171],[-84.496775,39.141272],[-84.496554,39.141264],[-84.496574,39.141148],[-84.496661,39.141075],[-84.496788,39.141171]]]}},{"type":"Feature","properties":{"pid":"010700080062"},"geometry":{"type":"Polygon","coordinates":[[[-84.496226,39.142488],[-84.49625,39.142329],[-84.4966,39.142363],[-84.496577,39.142501],[-84.496226,39.142488]]]}},{"type":"Feature","properties":{"pid":"010700080077"},"geometry":{"type":"Polygon","coordinates":[[[-84.493159,39.141896],[-84.49318,39.141572],[-84.493455,39.141582],[-84.4934,39.141919],[-84.493159,39.141896]]]}},{"type":"Feature","properties":{"pid":"010700080182"},"geometry":{"type":"Polygon","coordinates":[[[-84.496356,39.141693],[-84.496273,39.142185],[-84.495756,39.142139],[-84.495723,39.142469],[-84.494631,39.142428],[-84.494673,39.142047],[-84.494211,39.142001],[-84.494236,39.141612],[-84.496356,39.141693]]]}},{"type":"Feature","properties":{"pid":"011000030046"},"geometry":{"type":"Polygon","coordinates":[[[-84.479638,39.155659],[-84.479525,39.155652],[-84.479708,39.155249],[-84.479934,39.155414],[-84.479638,39.155659]]]}},{"type":"Feature","properties":{"pid":"011000030047"},"geometry":{"type":"Polygon","coordinates":[[[-84.479477,39.155756],[-84.479306,39.155706],[-84.479357,39.155228],[-84.479708,39.155249],[-84.479525,39.155652],[-84.479489,39.155649],[-84.479477,39.155756]]]}},{"type":"Feature","properties":{"pid":"011000030048"},"geometry":{"type":"Polygon","coordinates":[[[-84.479357,39.155228],[-84.479313,39.155638],[-84.479137,39.155627],[-84.479181,39.155216],[-84.479357,39.155228]]]}},{"type":"Feature","properties":{"pid":"011000030050"},"geometry":{"type":"Polygon","coordinates":[[[-84.478962,39.155615],[-84.478786,39.155604],[-84.47883,39.155193],[-84.479006,39.155205],[-84.478962,39.155615]]]}},{"type":"Feature","properties":{"pid":"011000030052"},"geometry":{"type":"Polygon","coordinates":[[[-84.479306,39.155706],[-84.479475,39.155776],[-84.47944,39.156097],[-84.479268,39.156056],[-84.479306,39.155706]]]}},{"type":"Feature","properties":{"pid":"011000030053"},"geometry":{"type":"Polygon","coordinates":[[[-84.479268,39.156056],[-84.479093,39.156037],[-84.479137,39.155627],[-84.479313,39.155638],[-84.479268,39.156056]]]}},{"type":"Feature","properties":{"pid":"011000030054"},"geometry":{"type":"Polygon","coordinates":[[[-84.478918,39.156026],[-84.478962,39.155615],[-84.479137,39.155627],[-84.479093,39.156037],[-84.478918,39.156026]]]}},{"type":"Feature","properties":{"pid":"010700080064"},"geometry":{"type":"Polygon","coordinates":[[[-84.496274,39.142181],[-84.496295,39.142056],[-84.496644,39.142091],[-84.496623,39.142216],[-84.496274,39.142181]]]}},{"type":"Feature","properties":{"pid":"010700070105"},"geometry":{"type":"Polygon","coordinates":[[[-84.499922,39.140343],[-84.49987,39.140806],[-84.499784,39.140802],[-84.499833,39.140337],[-84.499922,39.140343]]]}},{"type":"Feature","properties":{"pid":"010700070120"},"geometry":{"type":"Polygon","coordinates":[[[-84.500337,39.140531],[-84.499903,39.140508],[-84.499922,39.140343],[-84.500355,39.140372],[-84.500337,39.140531]]]}},{"type":"Feature","properties":{"pid":"011000010056"},"geometry":{"type":"Polygon","coordinates":[[[-84.480543,39.151338],[-84.48012,39.1513],[-84.480542,39.150924],[-84.480631,39.150986],[-84.480743,39.15089],[-84.480924,39.151015],[-84.480543,39.151338]]]}},{"type":"Feature","properties":{"pid":"010700070136"},"geometry":{"type":"Polygon","coordinates":[[[-84.497893,39.142988],[-84.497555,39.142964],[-84.497552,39.142865],[-84.497904,39.142888],[-84.497893,39.142988]]]}},{"type":"Feature","properties":{"pid":"010700070137"},"geometry":{"type":"Polygon","coordinates":[[[-84.497904,39.142888],[-84.497552,39.142865],[-84.49756,39.142765],[-84.497914,39.142795],[-84.497904,39.142888]]]}},{"type":"Feature","properties":{"pid":"010800050045"},"geometry":{"type":"Polygon","coordinates":[[[-84.480998,39.149288],[-84.481482,39.148877],[-84.481952,39.149212],[-84.481462,39.149624],[-84.480998,39.149288]]]}},{"type":"Feature","properties":{"pid":"011300020011"},"geometry":{"type":"Polygon","coordinates":[[[-84.499007,39.146259],[-84.498917,39.14708],[-84.498587,39.147052],[-84.498679,39.146232],[-84.499007,39.146259]]]}},{"type":"Feature","properties":{"pid":"011300020013"},"geometry":{"type":"Polygon","coordinates":[[[-84.498256,39.147025],[-84.498917,39.14708],[-84.498887,39.147353],[-84.498219,39.147297],[-84.498256,39.147025]]]}},{"type":"Feature","properties":{"pid":"011300020014"},"geometry":{"type":"Polygon","coordinates":[[[-84.498195,39.147474],[-84.498214,39.147338],[-84.498883,39.147394],[-84.498868,39.14753],[-84.498195,39.147474]]]}},{"type":"Feature","properties":{"pid":"011300020029"},"geometry":{"type":"Polygon","coordinates":[[[-84.498242,39.147131],[-84.498214,39.147338],[-84.49742,39.14721],[-84.497473,39.147011],[-84.498242,39.147131]]]}},{"type":"Feature","properties":{"pid":"011300020030"},"geometry":{"type":"Polygon","coordinates":[[[-84.497558,39.146684],[-84.498286,39.146799],[-84.498242,39.147131],[-84.497473,39.147011],[-84.497558,39.146684]]]}},{"type":"Feature","properties":{"pid":"011300020032"},"geometry":{"type":"Polygon","coordinates":[[[-84.497938,39.146744],[-84.497558,39.146684],[-84.497697,39.146153],[-84.498039,39.14618],[-84.497938,39.146744]]]}},{"type":"Feature","properties":{"pid":"011300020068"},"geometry":{"type":"Polygon","coordinates":[[[-84.498214,39.147338],[-84.498219,39.147297],[-84.498887,39.147353],[-84.498883,39.147394],[-84.498214,39.147338]]]}},{"type":"Feature","properties":{"pid":"011300030039"},"geometry":{"type":"Polygon","coordinates":[[[-84.498669,39.149399],[-84.497596,39.149314],[-84.497603,39.149175],[-84.498684,39.149263],[-84.498669,39.149399]]]}},{"type":"Feature","properties":{"pid":"010800060035"},"geometry":{"type":"Polygon","coordinates":[[[-84.480723,39.147994],[-84.480707,39.148156],[-84.480203,39.148113],[-84.48022,39.147958],[-84.480723,39.147994]]]}},{"type":"Feature","properties":{"pid":"010700070246"},"geometry":{"type":"Polygon","coordinates":[[[-84.499279,39.144041],[-84.499304,39.143814],[-84.499924,39.143873],[-84.499878,39.144087],[-84.499279,39.144041]]]}},{"type":"Feature","properties":{"pid":"010700080060"},"geometry":{"type":"Polygon","coordinates":[[[-84.496555,39.143108],[-84.496582,39.142807],[-84.49679,39.142817],[-84.496764,39.143121],[-84.496555,39.143108]]]}},{"type":"Feature","properties":{"pid":"010700070234"},"geometry":{"type":"Polygon","coordinates":[[[-84.499101,39.144026],[-84.499123,39.143803],[-84.499256,39.143811],[-84.499234,39.144037],[-84.499101,39.144026]]]}},{"type":"Feature","properties":{"pid":"010700080135"},"geometry":{"type":"Polygon","coordinates":[[[-84.49679,39.142817],[-84.496582,39.142807],[-84.496604,39.142558],[-84.496812,39.142565],[-84.49679,39.142817]]]}},{"type":"Feature","properties":{"pid":"010700070239"},"geometry":{"type":"Polygon","coordinates":[[[-84.499882,39.143849],[-84.498019,39.143737],[-84.498036,39.143573],[-84.499985,39.143689],[-84.49994,39.144103],[-84.499278,39.144048],[-84.499878,39.144087],[-84.499928,39.14389],[-84.499882,39.143849]]]}},{"type":"Feature","properties":{"pid":"011300040047"},"geometry":{"type":"Polygon","coordinates":[[[-84.500425,39.143208],[-84.500406,39.143375],[-84.500231,39.143364],[-84.500249,39.143197],[-84.500425,39.143208]]]}},{"type":"Feature","properties":{"pid":"011300040174"},"geometry":{"type":"Polygon","coordinates":[[[-84.500437,39.143101],[-84.500425,39.143208],[-84.500249,39.143197],[-84.500261,39.143091],[-84.500437,39.143101]]]}},{"type":"Feature","properties":{"pid":"010700070125"},"geometry":{"type":"Polygon","coordinates":[[[-84.497399,39.143161],[-84.497423,39.142887],[-84.497562,39.142897],[-84.497535,39.14317],[-84.497399,39.143161]]]}},{"type":"Feature","properties":{"pid":"010700080181"},"geometry":{"type":"Polygon","coordinates":[[[-84.494341,39.14118],[-84.494316,39.141615],[-84.494236,39.141612],[-84.494211,39.142001],[-84.494177,39.141996],[-84.494201,39.141611],[-84.492819,39.141558],[-84.493095,39.141132],[-84.494341,39.14118]]]}},{"type":"Feature","properties":{"pid":"010700080183"},"geometry":{"type":"Polygon","coordinates":[[[-84.494341,39.14118],[-84.495152,39.141211],[-84.495325,39.141304],[-84.495448,39.141309],[-84.495427,39.141658],[-84.494316,39.141615],[-84.494341,39.14118]]]}},{"type":"Feature","properties":{"pid":"010700080065"},"geometry":{"type":"Polygon","coordinates":[[[-84.496666,39.141954],[-84.496644,39.142091],[-84.496295,39.142056],[-84.496318,39.141919],[-84.496666,39.141954]]]}},{"type":"Feature","properties":{"pid":"010700080067"},"geometry":{"type":"Polygon","coordinates":[[[-84.496688,39.141818],[-84.496341,39.141783],[-84.496363,39.141648],[-84.49671,39.141682],[-84.496688,39.141818]]]}},{"type":"Feature","properties":{"pid":"010700080178"},"geometry":{"type":"Polygon","coordinates":[[[-84.49671,39.141682],[-84.496363,39.141648],[-84.496378,39.141544],[-84.496727,39.141578],[-84.49671,39.141682]]]}},{"type":"Feature","properties":{"pid":"010700080179"},"geometry":{"type":"Polygon","coordinates":[[[-84.496727,39.141578],[-84.496378,39.141544],[-84.496394,39.141443],[-84.496743,39.141478],[-84.496727,39.141578]]]}},{"type":"Feature","properties":{"pid":"011000010074"},"geometry":{"type":"Polygon","coordinates":[[[-84.481595,39.15184],[-84.481894,39.151596],[-84.481993,39.151669],[-84.481734,39.151886],[-84.481685,39.151906],[-84.481595,39.15184]]]}},{"type":"Feature","properties":{"pid":"010700070010"},"geometry":{"type":"Polygon","coordinates":[[[-84.497451,39.142587],[-84.497575,39.142591],[-84.497549,39.142896],[-84.497423,39.142887],[-84.497451,39.142587]]]}},{"type":"Feature","properties":{"pid":"010800050001"},"geometry":{"type":"Polygon","coordinates":[[[-84.484543,39.152364],[-84.484372,39.152506],[-84.483856,39.152131],[-84.484031,39.151986],[-84.484543,39.152364]]]}},{"type":"Feature","properties":{"pid":"011000010026"},"geometry":{"type":"Polygon","coordinates":[[[-84.483371,39.152572],[-84.483743,39.152265],[-84.48396,39.152431],[-84.483598,39.152732],[-84.483371,39.152572]]]}},{"type":"Feature","properties":{"pid":"011000010075"},"geometry":{"type":"Polygon","coordinates":[[[-84.481468,39.151747],[-84.481837,39.151452],[-84.481946,39.151532],[-84.481595,39.15184],[-84.481468,39.151747]]]}},{"type":"Feature","properties":{"pid":"010600030168"},"geometry":{"type":"Polygon","coordinates":[[[-84.496977,39.140384],[-84.496955,39.140699],[-84.496874,39.140696],[-84.496896,39.140381],[-84.496977,39.140384]]]}},{"type":"Feature","properties":{"pid":"010700080066"},"geometry":{"type":"Polygon","coordinates":[[[-84.496341,39.141783],[-84.496688,39.141818],[-84.496666,39.141954],[-84.496318,39.141919],[-84.496341,39.141783]]]}},{"type":"Feature","properties":{"pid":"010700080105"},"geometry":{"type":"Polygon","coordinates":[[[-84.495771,39.141322],[-84.495933,39.141328],[-84.495915,39.141676],[-84.495752,39.14167],[-84.495771,39.141322]]]}},{"type":"Feature","properties":{"pid":"010700080117"},"geometry":{"type":"Polygon","coordinates":[[[-84.495589,39.141664],[-84.495609,39.141315],[-84.495771,39.141322],[-84.495752,39.14167],[-84.495589,39.141664]]]}},{"type":"Feature","properties":{"pid":"010700080121"},"geometry":{"type":"Polygon","coordinates":[[[-84.495915,39.141676],[-84.495933,39.141328],[-84.496092,39.141334],[-84.496074,39.141682],[-84.495915,39.141676]]]}},{"type":"Feature","properties":{"pid":"010700080122"},"geometry":{"type":"Polygon","coordinates":[[[-84.495448,39.141309],[-84.495609,39.141315],[-84.495589,39.141664],[-84.495427,39.141658],[-84.495448,39.141309]]]}},{"type":"Feature","properties":{"pid":"010700080138"},"geometry":{"type":"Polygon","coordinates":[[[-84.496077,39.141682],[-84.496095,39.141334],[-84.496141,39.141335],[-84.496148,39.141248],[-84.496257,39.141252],[-84.496218,39.141688],[-84.496077,39.141682]]]}},{"type":"Feature","properties":{"pid":"011000010054"},"geometry":{"type":"Polygon","coordinates":[[[-84.480543,39.151338],[-84.481068,39.150893],[-84.481278,39.151045],[-84.480847,39.151407],[-84.480543,39.151338]]]}},{"type":"Feature","properties":{"pid":"010800050056"},"geometry":{"type":"Polygon","coordinates":[[[-84.483505,39.151105],[-84.4838,39.15132],[-84.483306,39.151731],[-84.483255,39.151694],[-84.483478,39.151508],[-84.483235,39.15133],[-84.483505,39.151105]]]}},{"type":"Feature","properties":{"pid":"011000010039"},"geometry":{"type":"Polygon","coordinates":[[[-84.481429,39.151155],[-84.481048,39.151483],[-84.480847,39.151407],[-84.481278,39.151045],[-84.481429,39.151155]]]}},{"type":"Feature","properties":{"pid":"011000010040"},"geometry":{"type":"Polygon","coordinates":[[[-84.480542,39.150924],[-84.48012,39.1513],[-84.479821,39.151252],[-84.479992,39.150959],[-84.480247,39.15072],[-84.480542,39.150924]]]}},{"type":"Feature","properties":{"pid":"011000010050"},"geometry":{"type":"Polygon","coordinates":[[[-84.483614,39.152743],[-84.48396,39.152431],[-84.484234,39.15263],[-84.483872,39.15293],[-84.483614,39.152743]]]}},{"type":"Feature","properties":{"pid":"011000010029"},"geometry":{"type":"Polygon","coordinates":[[[-84.482516,39.152502],[-84.482876,39.152212],[-84.483041,39.152335],[-84.48271,39.152641],[-84.482516,39.152502]]]}},{"type":"Feature","properties":{"pid":"010800060009"},"geometry":{"type":"Polygon","coordinates":[[[-84.480688,39.14831],[-84.481397,39.148816],[-84.481131,39.149039],[-84.480649,39.148696],[-84.480688,39.14831]]]}},{"type":"Feature","properties":{"pid":"011600040059"},"geometry":{"type":"MultiPolygon","coordinates":[[[[-84.47307,39.161158],[-84.473153,39.161505],[-84.473098,39.16157],[-84.471747,39.161503],[-84.471789,39.161088],[-84.47307,39.161158]]],[[[-84.473758,39.161574],[-84.473599,39.161606],[-84.473443,39.161537],[-84.473312,39.161172],[-84.473997,39.161213],[-84.473758,39.161574]]]]}},{"type":"Feature","properties":{"pid":"010800050003"},"geometry":{"type":"Polygon","coordinates":[[[-84.483012,39.151516],[-84.483235,39.15133],[-84.483478,39.151508],[-84.483255,39.151694],[-84.483012,39.151516]]]}},{"type":"Feature","properties":{"pid":"010800050025"},"geometry":{"type":"Polygon","coordinates":[[[-84.485106,39.151895],[-84.484865,39.152095],[-84.48435,39.15172],[-84.484591,39.15152],[-84.485106,39.151895]]]}},{"type":"Feature","properties":{"pid":"010800040001"},"geometry":{"type":"Polygon","coordinates":[[[-84.485977,39.151161],[-84.483986,39.149748],[-84.484249,39.149527],[-84.486341,39.150857],[-84.485977,39.151161]]]}},{"type":"Feature","properties":{"pid":"010700070135"},"geometry":{"type":"Polygon","coordinates":[[[-84.497545,39.143066],[-84.497555,39.142964],[-84.497893,39.142988],[-84.497883,39.143087],[-84.497545,39.143066]]]}},{"type":"Feature","properties":{"pid":"021600390215"},"geometry":{"type":"Polygon","coordinates":[[[-84.502728,39.150977],[-84.502778,39.151421],[-84.502938,39.151809],[-84.502672,39.1519],[-84.501406,39.151186],[-84.501521,39.150247],[-84.502785,39.150338],[-84.502728,39.150977]]]}},{"type":"Feature","properties":{"pid":"011500070049"},"geometry":{"type":"Polygon","coordinates":[[[-84.484996,39.155613],[-84.484485,39.155609],[-84.484486,39.155472],[-84.484998,39.155475],[-84.484996,39.155613]]]}},{"type":"Feature","properties":{"pid":"010700090033"},"geometry":{"type":"Polygon","coordinates":[[[-84.49424,39.144725],[-84.494415,39.14474],[-84.494323,39.145343],[-84.494148,39.145328],[-84.49424,39.144725]]]}},{"type":"Feature","properties":{"pid":"011500070002"},"geometry":{"type":"Polygon","coordinates":[[[-84.48499,39.156258],[-84.484988,39.156483],[-84.484475,39.156594],[-84.484479,39.156255],[-84.48499,39.156258]]]}},{"type":"Feature","properties":{"pid":"011300010136"},"geometry":{"type":"Polygon","coordinates":[[[-84.495319,39.145135],[-84.495666,39.145163],[-84.495641,39.145343],[-84.49583,39.145359],[-84.495812,39.145496],[-84.495278,39.145452],[-84.495319,39.145135]]]}},{"type":"Feature","properties":{"pid":"011300010137"},"geometry":{"type":"Polygon","coordinates":[[[-84.495361,39.14482],[-84.495708,39.144849],[-84.495666,39.145163],[-84.495319,39.145135],[-84.495361,39.14482]]]}},{"type":"Feature","properties":{"pid":"011300010019"},"geometry":{"type":"Polygon","coordinates":[[[-84.495614,39.14559],[-84.495263,39.14556],[-84.495278,39.145452],[-84.495628,39.14548],[-84.495614,39.14559]]]}},{"type":"Feature","properties":{"pid":"011300010023"},"geometry":{"type":"Polygon","coordinates":[[[-84.49583,39.145359],[-84.495641,39.145343],[-84.495674,39.145098],[-84.495855,39.145113],[-84.49583,39.145359]]]}},{"type":"Feature","properties":{"pid":"011300020033"},"geometry":{"type":"Polygon","coordinates":[[[-84.497412,39.146567],[-84.497377,39.146711],[-84.497048,39.146661],[-84.497067,39.146521],[-84.497412,39.146567]]]}},{"type":"Feature","properties":{"pid":"011300020034"},"geometry":{"type":"Polygon","coordinates":[[[-84.496869,39.146525],[-84.496703,39.146512],[-84.496732,39.146073],[-84.496913,39.146088],[-84.496869,39.146525]]]}},{"type":"Feature","properties":{"pid":"011300020035"},"geometry":{"type":"Polygon","coordinates":[[[-84.497048,39.146661],[-84.497377,39.146711],[-84.497342,39.146853],[-84.496691,39.146747],[-84.496703,39.146512],[-84.496811,39.146521],[-84.497048,39.146661]]]}},{"type":"Feature","properties":{"pid":"011300020046"},"geometry":{"type":"Polygon","coordinates":[[[-84.496717,39.146072],[-84.496675,39.146587],[-84.4965,39.146575],[-84.496532,39.146056],[-84.496717,39.146072]]]}},{"type":"Feature","properties":{"pid":"011300020054"},"geometry":{"type":"Polygon","coordinates":[[[-84.49629,39.14656],[-84.496346,39.146041],[-84.496532,39.146056],[-84.4965,39.146575],[-84.49629,39.14656]]]}},{"type":"Feature","properties":{"pid":"011300020055"},"geometry":{"type":"Polygon","coordinates":[[[-84.496732,39.146073],[-84.496675,39.146587],[-84.496717,39.146072],[-84.496732,39.146073]]]}},{"type":"Feature","properties":{"pid":"011300020066"},"geometry":{"type":"Polygon","coordinates":[[[-84.497048,39.146661],[-84.496811,39.146521],[-84.496869,39.146525],[-84.496913,39.146088],[-84.49713,39.146106],[-84.497048,39.146661]]]}},{"type":"Feature","properties":{"pid":"010700090002"},"geometry":{"type":"Polygon","coordinates":[[[-84.494498,39.145358],[-84.494695,39.145374],[-84.494636,39.145756],[-84.49444,39.145739],[-84.494498,39.145358]]]}},{"type":"Feature","properties":{"pid":"010700090034"},"geometry":{"type":"Polygon","coordinates":[[[-84.494415,39.14474],[-84.495189,39.144804],[-84.495114,39.145382],[-84.494323,39.145343],[-84.494415,39.14474]]]}},{"type":"Feature","properties":{"pid":"010700090005"},"geometry":{"type":"Polygon","coordinates":[[[-84.494164,39.145218],[-84.494107,39.145712],[-84.493914,39.145696],[-84.493989,39.145204],[-84.494164,39.145218]]]}},{"type":"Feature","properties":{"pid":"010700090032"},"geometry":{"type":"Polygon","coordinates":[[[-84.49424,39.144725],[-84.494164,39.145218],[-84.493989,39.145204],[-84.494065,39.14471],[-84.49424,39.144725]]]}},{"type":"Feature","properties":{"pid":"011500070015"},"geometry":{"type":"Polygon","coordinates":[[[-84.483846,39.155606],[-84.483838,39.155468],[-84.484486,39.155472],[-84.484485,39.155609],[-84.483846,39.155606]]]}},{"type":"Feature","properties":{"pid":"011500070006"},"geometry":{"type":"Polygon","coordinates":[[[-84.484488,39.155321],[-84.484489,39.155198],[-84.485,39.155201],[-84.484999,39.155324],[-84.484488,39.155321]]]}},{"type":"Feature","properties":{"pid":"011300010057"},"geometry":{"type":"Polygon","coordinates":[[[-84.49954,39.14418],[-84.499925,39.144213],[-84.499916,39.144295],[-84.499531,39.144262],[-84.49954,39.14418]]]}},{"type":"Feature","properties":{"pid":"011300010097"},"geometry":{"type":"Polygon","coordinates":[[[-84.49934,39.144688],[-84.49943,39.144696],[-84.499396,39.144997],[-84.499307,39.144989],[-84.49934,39.144688]]]}},{"type":"Feature","properties":{"pid":"011300010046"},"geometry":{"type":"Polygon","coordinates":[[[-84.498905,39.14457],[-84.498751,39.144649],[-84.498511,39.144449],[-84.498532,39.14426],[-84.498935,39.144294],[-84.498905,39.14457]]]}},{"type":"Feature","properties":{"pid":"010600010320"},"geometry":{"type":"Polygon","coordinates":[[[-84.496825,39.136336],[-84.497902,39.136404],[-84.497889,39.136524],[-84.496772,39.136455],[-84.496825,39.136336]]]}},{"type":"Feature","properties":{"pid":"011300010048"},"geometry":{"type":"Polygon","coordinates":[[[-84.498461,39.144917],[-84.498482,39.144723],[-84.498725,39.144793],[-84.498709,39.144938],[-84.498461,39.144917]]]}},{"type":"Feature","properties":{"pid":"011300010133"},"geometry":{"type":"Polygon","coordinates":[[[-84.498977,39.144297],[-84.499285,39.144323],[-84.499257,39.144579],[-84.499083,39.144678],[-84.498947,39.144572],[-84.498977,39.144297]]]}},{"type":"Feature","properties":{"pid":"011300010091"},"geometry":{"type":"Polygon","coordinates":[[[-84.498905,39.14457],[-84.498935,39.144294],[-84.498977,39.144297],[-84.498947,39.144572],[-84.499083,39.144678],[-84.499059,39.144968],[-84.498709,39.144938],[-84.498751,39.144649],[-84.498905,39.14457]]]}},{"type":"Feature","properties":{"pid":"011300010053"},"geometry":{"type":"Polygon","coordinates":[[[-84.498057,39.144055],[-84.498339,39.144079],[-84.498322,39.144238],[-84.497968,39.144208],[-84.497984,39.144088],[-84.498057,39.144055]]]}},{"type":"Feature","properties":{"pid":"011300010051"},"geometry":{"type":"Polygon","coordinates":[[[-84.497941,39.144459],[-84.497955,39.144327],[-84.498519,39.144375],[-84.498505,39.144507],[-84.497941,39.144459]]]}},{"type":"Feature","properties":{"pid":"011300010052"},"geometry":{"type":"Polygon","coordinates":[[[-84.497955,39.144327],[-84.497968,39.144208],[-84.498532,39.144256],[-84.498519,39.144375],[-84.497955,39.144327]]]}},{"type":"Feature","properties":{"pid":"011300010050"},"geometry":{"type":"Polygon","coordinates":[[[-84.498317,39.144905],[-84.497928,39.144865],[-84.49792,39.144657],[-84.49834,39.144693],[-84.498317,39.144905]]]}},{"type":"Feature","properties":{"pid":"011300010098"},"geometry":{"type":"Polygon","coordinates":[[[-84.49792,39.144657],[-84.49793,39.144558],[-84.498351,39.144594],[-84.49834,39.144693],[-84.49792,39.144657]]]}},{"type":"Feature","properties":{"pid":"011300010049"},"geometry":{"type":"Polygon","coordinates":[[[-84.49793,39.144558],[-84.497941,39.144459],[-84.498361,39.144495],[-84.498351,39.144594],[-84.49793,39.144558]]]}},{"type":"Feature","properties":{"pid":"011300010076"},"geometry":{"type":"Polygon","coordinates":[[[-84.498339,39.144079],[-84.498549,39.144097],[-84.498532,39.144256],[-84.498322,39.144238],[-84.498339,39.144079]]]}},{"type":"Feature","properties":{"pid":"011300010096"},"geometry":{"type":"Polygon","coordinates":[[[-84.498549,39.144097],[-84.49876,39.144115],[-84.498742,39.144278],[-84.498532,39.14426],[-84.498549,39.144097]]]}},{"type":"Feature","properties":{"pid":"011300010101"},"geometry":{"type":"Polygon","coordinates":[[[-84.499258,39.144157],[-84.499398,39.144168],[-84.49938,39.144331],[-84.499241,39.14432],[-84.499258,39.144157]]]}},{"type":"Feature","properties":{"pid":"011300010056"},"geometry":{"type":"Polygon","coordinates":[[[-84.499118,39.144145],[-84.499258,39.144157],[-84.499241,39.14432],[-84.499101,39.144308],[-84.499118,39.144145]]]}},{"type":"Feature","properties":{"pid":"011300010100"},"geometry":{"type":"Polygon","coordinates":[[[-84.499852,39.14487],[-84.499834,39.145034],[-84.499659,39.145019],[-84.499677,39.144855],[-84.499852,39.14487]]]}},{"type":"Feature","properties":{"pid":"011300010055"},"geometry":{"type":"Polygon","coordinates":[[[-84.499101,39.144308],[-84.498956,39.144296],[-84.498974,39.144133],[-84.499118,39.144145],[-84.499101,39.144308]]]}},{"type":"Feature","properties":{"pid":"011300010054"},"geometry":{"type":"Polygon","coordinates":[[[-84.49876,39.144115],[-84.498974,39.144133],[-84.498956,39.144296],[-84.498742,39.144278],[-84.49876,39.144115]]]}},{"type":"Feature","properties":{"pid":"011300010099"},"geometry":{"type":"Polygon","coordinates":[[[-84.498361,39.144495],[-84.498505,39.144507],[-84.498461,39.144917],[-84.498317,39.144905],[-84.498361,39.144495]]]}},{"type":"Feature","properties":{"pid":"011300010140"},"geometry":{"type":"Polygon","coordinates":[[[-84.499873,39.144361],[-84.499858,39.144497],[-84.499508,39.144468],[-84.499523,39.144331],[-84.499873,39.144361]]]}},{"type":"Feature","properties":{"pid":"011300010139"},"geometry":{"type":"Polygon","coordinates":[[[-84.499858,39.144497],[-84.499845,39.144614],[-84.499495,39.144584],[-84.499508,39.144468],[-84.499858,39.144497]]]}},{"type":"Feature","properties":{"pid":"011300010138"},"geometry":{"type":"Polygon","coordinates":[[[-84.499482,39.1447],[-84.499495,39.144584],[-84.499845,39.144614],[-84.499833,39.14473],[-84.499482,39.1447]]]}},{"type":"Feature","properties":{"pid":"011300010079"},"geometry":{"type":"Polygon","coordinates":[[[-84.499677,39.144855],[-84.499692,39.144718],[-84.499868,39.144733],[-84.499852,39.14487],[-84.499677,39.144855]]]}},{"type":"Feature","properties":{"pid":"011300010080"},"geometry":{"type":"Polygon","coordinates":[[[-84.499484,39.145004],[-84.499517,39.144703],[-84.499692,39.144718],[-84.499659,39.145019],[-84.499484,39.145004]]]}},{"type":"Feature","properties":{"pid":"011300010084"},"geometry":{"type":"Polygon","coordinates":[[[-84.499531,39.144262],[-84.499916,39.144295],[-84.499909,39.144364],[-84.499523,39.144331],[-84.499531,39.144262]]]}},{"type":"Feature","properties":{"pid":"011300010081"},"geometry":{"type":"Polygon","coordinates":[[[-84.49943,39.144696],[-84.499482,39.1447],[-84.499449,39.145001],[-84.499396,39.144997],[-84.49943,39.144696]]]}},{"type":"Feature","properties":{"pid":"011300020053"},"geometry":{"type":"Polygon","coordinates":[[[-84.495973,39.146536],[-84.495774,39.145994],[-84.496137,39.146024],[-84.49606,39.146543],[-84.495973,39.146536]]]}},{"type":"Feature","properties":{"pid":"011300020052"},"geometry":{"type":"Polygon","coordinates":[[[-84.496346,39.146041],[-84.49629,39.14656],[-84.49606,39.146543],[-84.496137,39.146024],[-84.496346,39.146041]]]}},{"type":"Feature","properties":{"pid":"010700090100"},"geometry":{"type":"Polygon","coordinates":[[[-84.494107,39.145712],[-84.494165,39.14533],[-84.494498,39.145358],[-84.49444,39.145739],[-84.494107,39.145712]]]}},{"type":"Feature","properties":{"pid":"011500070008"},"geometry":{"type":"Polygon","coordinates":[[[-84.484533,39.156935],[-84.48396,39.157238],[-84.483838,39.156841],[-84.484473,39.156845],[-84.484533,39.156935]]]}},{"type":"Feature","properties":{"pid":"011500060008"},"geometry":{"type":"Polygon","coordinates":[[[-84.484707,39.157135],[-84.484533,39.156935],[-84.485104,39.156646],[-84.485275,39.156843],[-84.484707,39.157135]]]}},{"type":"Feature","properties":{"pid":"011100030008"},"geometry":{"type":"Polygon","coordinates":[[[-84.484535,39.154976],[-84.484799,39.154688],[-84.485004,39.154804],[-84.485003,39.154951],[-84.484535,39.154976]]]}},{"type":"Feature","properties":{"pid":"011500070004"},"geometry":{"type":"Polygon","coordinates":[[[-84.484992,39.156024],[-84.484481,39.156021],[-84.484482,39.155884],[-84.484994,39.155887],[-84.484992,39.156024]]]}},{"type":"Feature","properties":{"pid":"011100030001"},"geometry":{"type":"Polygon","coordinates":[[[-84.48449,39.155088],[-84.484535,39.154976],[-84.485003,39.154951],[-84.485001,39.155105],[-84.48449,39.155088]]]}},{"type":"Feature","properties":{"pid":"011500070009"},"geometry":{"type":"Polygon","coordinates":[[[-84.483838,39.156841],[-84.483839,39.156704],[-84.484474,39.156708],[-84.484473,39.156845],[-84.483838,39.156841]]]}},{"type":"Feature","properties":{"pid":"011100030007"},"geometry":{"type":"Polygon","coordinates":[[[-84.483782,39.154115],[-84.484169,39.154336],[-84.48386,39.15467],[-84.483682,39.154709],[-84.483547,39.154371],[-84.483782,39.154115]]]}},{"type":"Feature","properties":{"pid":"011500070011"},"geometry":{"type":"Polygon","coordinates":[[[-84.483846,39.156017],[-84.484481,39.156021],[-84.484478,39.156296],[-84.483843,39.156292],[-84.483846,39.156017]]]}},{"type":"Feature","properties":{"pid":"011500070010"},"geometry":{"type":"Polygon","coordinates":[[[-84.483839,39.156704],[-84.483843,39.156292],[-84.484478,39.156296],[-84.484474,39.156708],[-84.483839,39.156704]]]}},{"type":"Feature","properties":{"pid":"011500070014"},"geometry":{"type":"Polygon","coordinates":[[[-84.484484,39.155747],[-84.483849,39.155743],[-84.483846,39.155606],[-84.484485,39.155609],[-84.484484,39.155747]]]}},{"type":"Feature","properties":{"pid":"011500070016"},"geometry":{"type":"Polygon","coordinates":[[[-84.484486,39.155472],[-84.483838,39.155468],[-84.483815,39.155276],[-84.484488,39.15528],[-84.484486,39.155472]]]}},{"type":"Feature","properties":{"pid":"011100030002"},"geometry":{"type":"Polygon","coordinates":[[[-84.484799,39.154688],[-84.484491,39.155023],[-84.484348,39.154943],[-84.484656,39.154608],[-84.484799,39.154688]]]}},{"type":"Feature","properties":{"pid":"011500070013"},"geometry":{"type":"Polygon","coordinates":[[[-84.484482,39.155857],[-84.483848,39.155853],[-84.483849,39.155743],[-84.484484,39.155747],[-84.484482,39.155857]]]}},{"type":"Feature","properties":{"pid":"011500070053"},"geometry":{"type":"Polygon","coordinates":[[[-84.48378,39.155084],[-84.48449,39.155088],[-84.484488,39.15528],[-84.483815,39.155276],[-84.48378,39.155084]]]}},{"type":"Feature","properties":{"pid":"011200050035"},"geometry":{"type":"Polygon","coordinates":[[[-84.490896,39.147852],[-84.491008,39.147488],[-84.49118,39.147519],[-84.491068,39.147883],[-84.490896,39.147852]]]}},{"type":"Feature","properties":{"pid":"011200050047"},"geometry":{"type":"Polygon","coordinates":[[[-84.49114,39.147282],[-84.491351,39.147315],[-84.491318,39.147449],[-84.491869,39.147518],[-84.491867,39.147645],[-84.49097,39.147481],[-84.491015,39.147359],[-84.491113,39.147354],[-84.49114,39.147282]]]}},{"type":"Feature","properties":{"pid":"011200050037"},"geometry":{"type":"Polygon","coordinates":[[[-84.490837,39.147457],[-84.490724,39.14782],[-84.490536,39.147784],[-84.490648,39.147422],[-84.490837,39.147457]]]}},{"type":"Feature","properties":{"pid":"010700090090"},"geometry":{"type":"Polygon","coordinates":[[[-84.491133,39.146161],[-84.491507,39.146297],[-84.491342,39.146572],[-84.491495,39.146629],[-84.49144,39.146721],[-84.491351,39.146714],[-84.491113,39.147354],[-84.491015,39.147359],[-84.49097,39.147481],[-84.490144,39.14735],[-84.490215,39.147145],[-84.489592,39.146951],[-84.490058,39.146174],[-84.490955,39.146459],[-84.491133,39.146161]]]}},{"type":"Feature","properties":{"pid":"011200050017"},"geometry":{"type":"Polygon","coordinates":[[[-84.489828,39.147805],[-84.489709,39.148186],[-84.48954,39.148155],[-84.489656,39.147773],[-84.489828,39.147805]]]}},{"type":"Feature","properties":{"pid":"011200060002"},"geometry":{"type":"Polygon","coordinates":[[[-84.492049,39.149518],[-84.49168,39.149425],[-84.492023,39.148612],[-84.492401,39.148681],[-84.492049,39.149518]]]}},{"type":"Feature","properties":{"pid":"011200060006"},"geometry":{"type":"Polygon","coordinates":[[[-84.492139,39.148633],[-84.492255,39.148251],[-84.492358,39.14827],[-84.492312,39.148665],[-84.492139,39.148633]]]}},{"type":"Feature","properties":{"pid":"011200050009"},"geometry":{"type":"Polygon","coordinates":[[[-84.489122,39.147672],[-84.489656,39.147773],[-84.48954,39.148155],[-84.489592,39.148165],[-84.489361,39.148551],[-84.48916,39.148513],[-84.489014,39.148763],[-84.488543,39.148647],[-84.489122,39.147672]]]}},{"type":"Feature","properties":{"pid":"011200050108"},"geometry":{"type":"Polygon","coordinates":[[[-84.490701,39.147965],[-84.490856,39.147994],[-84.490741,39.148376],[-84.490585,39.148347],[-84.490701,39.147965]]]}},{"type":"Feature","properties":{"pid":"011200050004"},"geometry":{"type":"Polygon","coordinates":[[[-84.490741,39.148376],[-84.490991,39.148422],[-84.490674,39.14917],[-84.490423,39.149107],[-84.490741,39.148376]]]}},{"type":"Feature","properties":{"pid":"011200050025"},"geometry":{"type":"Polygon","coordinates":[[[-84.4912,39.148057],[-84.491085,39.148439],[-84.490913,39.148408],[-84.491028,39.148026],[-84.4912,39.148057]]]}},{"type":"Feature","properties":{"pid":"011500060016"},"geometry":{"type":"Polygon","coordinates":[[[-84.484122,39.157446],[-84.48396,39.157238],[-84.484533,39.156935],[-84.484707,39.157135],[-84.484122,39.157446]]]}},{"type":"Feature","properties":{"pid":"011200050118"},"geometry":{"type":"Polygon","coordinates":[[[-84.491028,39.148026],[-84.490913,39.148408],[-84.490827,39.148392],[-84.490942,39.14801],[-84.491028,39.148026]]]}},{"type":"Feature","properties":{"pid":"011200050119"},"geometry":{"type":"Polygon","coordinates":[[[-84.490856,39.147994],[-84.490942,39.14801],[-84.490827,39.148392],[-84.490741,39.148376],[-84.490856,39.147994]]]}},{"type":"Feature","properties":{"pid":"011200050116"},"geometry":{"type":"Polygon","coordinates":[[[-84.490896,39.147852],[-84.49081,39.147836],[-84.490922,39.147472],[-84.491008,39.147488],[-84.490896,39.147852]]]}},{"type":"Feature","properties":{"pid":"011200050117"},"geometry":{"type":"Polygon","coordinates":[[[-84.490837,39.147457],[-84.490922,39.147472],[-84.49081,39.147836],[-84.490724,39.14782],[-84.490837,39.147457]]]}},{"type":"Feature","properties":{"pid":"011500070003"},"geometry":{"type":"Polygon","coordinates":[[[-84.484479,39.156255],[-84.48448,39.156138],[-84.484991,39.156141],[-84.48499,39.156258],[-84.484479,39.156255]]]}},{"type":"Feature","properties":{"pid":"011500070005"},"geometry":{"type":"Polygon","coordinates":[[[-84.484485,39.155609],[-84.484996,39.155613],[-84.484995,39.15575],[-84.484484,39.155747],[-84.484485,39.155609]]]}},{"type":"Feature","properties":{"pid":"011100030006"},"geometry":{"type":"Polygon","coordinates":[[[-84.484491,39.155023],[-84.48449,39.155088],[-84.48378,39.155084],[-84.483743,39.154875],[-84.483825,39.154678],[-84.484491,39.155023]]]}},{"type":"Feature","properties":{"pid":"010500020060"},"geometry":{"type":"Polygon","coordinates":[[[-84.491415,39.13836],[-84.491548,39.137401],[-84.492302,39.137358],[-84.492531,39.138107],[-84.49201,39.138277],[-84.491415,39.13836]]]}},{"type":"Feature","properties":{"pid":"010500020016"},"geometry":{"type":"Polygon","coordinates":[[[-84.49164,39.138329],[-84.492251,39.139134],[-84.492099,39.139204],[-84.491455,39.138355],[-84.49164,39.138329]]]}},{"type":"Feature","properties":{"pid":"010500020017"},"geometry":{"type":"Polygon","coordinates":[[[-84.491825,39.138303],[-84.492402,39.139063],[-84.492251,39.139134],[-84.49164,39.138329],[-84.491825,39.138303]]]}},{"type":"Feature","properties":{"pid":"010500020018"},"geometry":{"type":"Polygon","coordinates":[[[-84.492402,39.139063],[-84.491825,39.138303],[-84.49197,39.138283],[-84.492522,39.139006],[-84.492402,39.139063]]]}},{"type":"Feature","properties":{"pid":"010500020019"},"geometry":{"type":"Polygon","coordinates":[[[-84.492522,39.139006],[-84.492214,39.1386],[-84.49197,39.138283],[-84.49201,39.138277],[-84.492552,39.138992],[-84.492522,39.139006]]]}},{"type":"Feature","properties":{"pid":"010500030043"},"geometry":{"type":"Polygon","coordinates":[[[-84.491498,39.138411],[-84.492099,39.139204],[-84.491948,39.139275],[-84.491342,39.138475],[-84.491498,39.138411]]]}},{"type":"Feature","properties":{"pid":"010500030044"},"geometry":{"type":"Polygon","coordinates":[[[-84.491248,39.138515],[-84.491342,39.138475],[-84.491948,39.139275],[-84.491797,39.139346],[-84.491236,39.138619],[-84.491248,39.138515]]]}},{"type":"Feature","properties":{"pid":"010500030109"},"geometry":{"type":"Polygon","coordinates":[[[-84.489561,39.139731],[-84.489595,39.139388],[-84.489937,39.139263],[-84.489785,39.139008],[-84.490283,39.138827],[-84.490342,39.13899],[-84.490053,39.139096],[-84.490129,39.139224],[-84.490089,39.139641],[-84.489561,39.139731]]]}},{"type":"Feature","properties":{"pid":"010500030058"},"geometry":{"type":"Polygon","coordinates":[[[-84.490395,39.13913],[-84.490362,39.139594],[-84.490183,39.139625],[-84.490228,39.13919],[-84.490395,39.13913]]]}},{"type":"Feature","properties":{"pid":"010500030059"},"geometry":{"type":"Polygon","coordinates":[[[-84.490342,39.13899],[-84.490395,39.13913],[-84.490129,39.139224],[-84.490053,39.139096],[-84.490342,39.13899]]]}},{"type":"Feature","properties":{"pid":"010500030026"},"geometry":{"type":"Polygon","coordinates":[[[-84.490183,39.139625],[-84.490089,39.139641],[-84.490129,39.139224],[-84.490228,39.13919],[-84.490183,39.139625]]]}},{"type":"Feature","properties":{"pid":"006000030139"},"geometry":{"type":"Polygon","coordinates":[[[-84.48887,39.139402],[-84.488823,39.139328],[-84.490258,39.13876],[-84.490283,39.138827],[-84.489785,39.139008],[-84.489937,39.139263],[-84.489333,39.139461],[-84.489345,39.139221],[-84.48887,39.139402]]]}},{"type":"Feature","properties":{"pid":"010500030052"},"geometry":{"type":"Polygon","coordinates":[[[-84.490468,39.13881],[-84.490434,39.138698],[-84.490768,39.138487],[-84.491162,39.13851],[-84.490468,39.13881]]]}},{"type":"Feature","properties":{"pid":"010500030048"},"geometry":{"type":"Polygon","coordinates":[[[-84.491248,39.138515],[-84.491168,39.139208],[-84.490824,39.1392],[-84.490835,39.139099],[-84.490569,39.139084],[-84.490511,39.138925],[-84.490833,39.138652],[-84.491248,39.138515]]]}},{"type":"Feature","properties":{"pid":"010500030061"},"geometry":{"type":"Polygon","coordinates":[[[-84.490768,39.138487],[-84.490607,39.138599],[-84.490434,39.138698],[-84.490407,39.138466],[-84.490768,39.138487]]]}},{"type":"Feature","properties":{"pid":"006000040129"},"geometry":{"type":"Polygon","coordinates":[[[-84.490806,39.137072],[-84.490895,39.137022],[-84.49089,39.137193],[-84.490801,39.137243],[-84.490806,39.137072]]]}},{"type":"Feature","properties":{"pid":"006000040181"},"geometry":{"type":"Polygon","coordinates":[[[-84.490845,39.138424],[-84.490701,39.138415],[-84.490764,39.137855],[-84.491045,39.137872],[-84.491,39.138276],[-84.490845,39.138424]]]}},{"type":"Feature","properties":{"pid":"006000040180"},"geometry":{"type":"Polygon","coordinates":[[[-84.491273,39.137886],[-84.491153,39.138088],[-84.491,39.138276],[-84.491045,39.137872],[-84.491273,39.137886]]]}},{"type":"Feature","properties":{"pid":"006000040188"},"geometry":{"type":"Polygon","coordinates":[[[-84.490332,39.137829],[-84.490316,39.137692],[-84.490843,39.137654],[-84.490764,39.137855],[-84.490332,39.137829]]]}},{"type":"Feature","properties":{"pid":"006000040186"},"geometry":{"type":"Polygon","coordinates":[[[-84.490365,39.138106],[-84.490349,39.137968],[-84.490749,39.137992],[-84.490733,39.138129],[-84.490365,39.138106]]]}},{"type":"Feature","properties":{"pid":"006000040189"},"geometry":{"type":"Polygon","coordinates":[[[-84.490316,39.137692],[-84.490329,39.137553],[-84.490835,39.137584],[-84.490843,39.137654],[-84.490316,39.137692]]]}},{"type":"Feature","properties":{"pid":"006000040191"},"geometry":{"type":"Polygon","coordinates":[[[-84.490528,39.13741],[-84.490814,39.137413],[-84.490827,39.137518],[-84.490329,39.137553],[-84.490528,39.13741]]]}},{"type":"Feature","properties":{"pid":"010500010023"},"geometry":{"type":"Polygon","coordinates":[[[-84.495415,39.136332],[-84.495327,39.136328],[-84.495353,39.135927],[-84.495441,39.13593],[-84.495415,39.136332]]]}},{"type":"Feature","properties":{"pid":"010500010024"},"geometry":{"type":"Polygon","coordinates":[[[-84.495507,39.136335],[-84.495415,39.136332],[-84.495441,39.13593],[-84.495529,39.135934],[-84.495507,39.136335]]]}},{"type":"Feature","properties":{"pid":"010500010025"},"geometry":{"type":"Polygon","coordinates":[[[-84.495591,39.136338],[-84.495507,39.136335],[-84.495529,39.135934],[-84.495617,39.135937],[-84.495591,39.136338]]]}},{"type":"Feature","properties":{"pid":"010500010029"},"geometry":{"type":"Polygon","coordinates":[[[-84.495969,39.135951],[-84.495943,39.136352],[-84.495855,39.136348],[-84.495881,39.135948],[-84.495969,39.135951]]]}},{"type":"Feature","properties":{"pid":"010500010030"},"geometry":{"type":"Polygon","coordinates":[[[-84.496057,39.135955],[-84.496036,39.136291],[-84.495947,39.136288],[-84.495969,39.135951],[-84.496057,39.135955]]]}},{"type":"Feature","properties":{"pid":"010500010036"},"geometry":{"type":"Polygon","coordinates":[[[-84.496165,39.135959],[-84.496585,39.135974],[-84.496565,39.136041],[-84.49616,39.136026],[-84.496165,39.135959]]]}},{"type":"Feature","properties":{"pid":"010500010240"},"geometry":{"type":"Polygon","coordinates":[[[-84.496165,39.135959],[-84.496156,39.136093],[-84.496049,39.136089],[-84.496057,39.135955],[-84.496165,39.135959]]]}},{"type":"Feature","properties":{"pid":"010500010208"},"geometry":{"type":"Polygon","coordinates":[[[-84.495351,39.136329],[-84.495496,39.136335],[-84.49544,39.137018],[-84.495317,39.136993],[-84.495351,39.136329]]]}},{"type":"Feature","properties":{"pid":"010500010324"},"geometry":{"type":"Polygon","coordinates":[[[-84.49604,39.136224],[-84.496045,39.136157],[-84.496486,39.136173],[-84.496464,39.13624],[-84.49604,39.136224]]]}},{"type":"Feature","properties":{"pid":"010500030046"},"geometry":{"type":"Polygon","coordinates":[[[-84.491183,39.139077],[-84.491223,39.138734],[-84.491722,39.139381],[-84.491495,39.139487],[-84.491183,39.139077]]]}},{"type":"Feature","properties":{"pid":"010500030047"},"geometry":{"type":"Polygon","coordinates":[[[-84.491108,39.139626],[-84.491168,39.139208],[-84.491183,39.139077],[-84.491495,39.139487],[-84.491193,39.139628],[-84.491108,39.139626]]]}},{"type":"Feature","properties":{"pid":"010500030093"},"geometry":{"type":"Polygon","coordinates":[[[-84.49058,39.139167],[-84.49059,39.139086],[-84.490835,39.139099],[-84.490823,39.139185],[-84.49058,39.139167]]]}},{"type":"Feature","properties":{"pid":"010500030096"},"geometry":{"type":"Polygon","coordinates":[[[-84.490823,39.139185],[-84.490815,39.139265],[-84.490571,39.139247],[-84.49058,39.139167],[-84.490823,39.139185]]]}},{"type":"Feature","properties":{"pid":"010500010189"},"geometry":{"type":"Polygon","coordinates":[[[-84.491744,39.136353],[-84.492193,39.136326],[-84.492213,39.136531],[-84.491696,39.136563],[-84.491744,39.136353]]]}},{"type":"Feature","properties":{"pid":"006000040029"},"geometry":{"type":"Polygon","coordinates":[[[-84.4908,39.136345],[-84.490886,39.136364],[-84.490826,39.136869],[-84.490738,39.136865],[-84.4908,39.136345]]]}},{"type":"Feature","properties":{"pid":"010500010188"},"geometry":{"type":"Polygon","coordinates":[[[-84.491696,39.136563],[-84.492213,39.136531],[-84.492226,39.136668],[-84.491681,39.136701],[-84.491696,39.136563]]]}},{"type":"Feature","properties":{"pid":"006000040090"},"geometry":{"type":"Polygon","coordinates":[[[-84.491099,39.136879],[-84.491002,39.136875],[-84.491059,39.1364],[-84.491153,39.13642],[-84.491099,39.136879]]]}},{"type":"Feature","properties":{"pid":"006000040154"},"geometry":{"type":"Polygon","coordinates":[[[-84.48879,39.137871],[-84.489159,39.137758],[-84.489101,39.138319],[-84.488394,39.138284],[-84.488421,39.13802],[-84.488563,39.137997],[-84.48879,39.137871]]]}},{"type":"Feature","properties":{"pid":"006500010002"},"geometry":{"type":"Polygon","coordinates":[[[-84.491405,39.13582],[-84.491311,39.136454],[-84.491151,39.13642],[-84.491232,39.13578],[-84.491405,39.13582]]]}},{"type":"Feature","properties":{"pid":"010500010190"},"geometry":{"type":"Polygon","coordinates":[[[-84.491744,39.136353],[-84.491755,39.136304],[-84.491711,39.136333],[-84.491731,39.136147],[-84.492175,39.13613],[-84.492193,39.136326],[-84.491744,39.136353]]]}},{"type":"Feature","properties":{"pid":"006000040175"},"geometry":{"type":"Polygon","coordinates":[[[-84.491159,39.137062],[-84.491158,39.137096],[-84.491069,39.137126],[-84.49107,39.137092],[-84.491159,39.137062]]]}},{"type":"Feature","properties":{"pid":"010500010202"},"geometry":{"type":"Polygon","coordinates":[[[-84.492149,39.135867],[-84.492162,39.136004],[-84.491848,39.136004],[-84.49185,39.13586],[-84.492149,39.135867]]]}},{"type":"Feature","properties":{"pid":"006500010087"},"geometry":{"type":"Polygon","coordinates":[[[-84.489602,39.134808],[-84.489601,39.135042],[-84.489501,39.135051],[-84.489345,39.134974],[-84.489375,39.134791],[-84.489602,39.134808]]]}},{"type":"Feature","properties":{"pid":"006000040028"},"geometry":{"type":"Polygon","coordinates":[[[-84.490914,39.136872],[-84.490826,39.136869],[-84.490886,39.136364],[-84.490972,39.136382],[-84.490914,39.136872]]]}},{"type":"Feature","properties":{"pid":"006000040103"},"geometry":{"type":"Polygon","coordinates":[[[-84.491393,39.136888],[-84.491314,39.136885],[-84.491364,39.136465],[-84.491438,39.13648],[-84.491393,39.136888]]]}},{"type":"Feature","properties":{"pid":"010500020079"},"geometry":{"type":"Polygon","coordinates":[[[-84.491271,39.138383],[-84.491422,39.137044],[-84.491589,39.137035],[-84.491415,39.13836],[-84.491271,39.138383]]]}},{"type":"Feature","properties":{"pid":"006000040170"},"geometry":{"type":"Polygon","coordinates":[[[-84.489159,39.137758],[-84.489454,39.137776],[-84.48997,39.137558],[-84.490056,39.137719],[-84.490152,39.137781],[-84.490229,39.138389],[-84.489101,39.138319],[-84.489159,39.137758]]]}},{"type":"Feature","properties":{"pid":"006000040024"},"geometry":{"type":"Polygon","coordinates":[[[-84.490257,39.137183],[-84.490246,39.137091],[-84.490681,39.137101],[-84.490679,39.137192],[-84.490257,39.137183]]]}},{"type":"Feature","properties":{"pid":"006000040030"},"geometry":{"type":"Polygon","coordinates":[[[-84.490738,39.136865],[-84.490598,39.136861],[-84.490697,39.136319],[-84.4908,39.136345],[-84.490738,39.136865]]]}},{"type":"Feature","properties":{"pid":"006000040014"},"geometry":{"type":"Polygon","coordinates":[[[-84.490285,39.137419],[-84.490268,39.137274],[-84.490699,39.1373],[-84.490501,39.137411],[-84.490285,39.137419]]]}},{"type":"Feature","properties":{"pid":"006000040027"},"geometry":{"type":"Polygon","coordinates":[[[-84.491002,39.136875],[-84.490914,39.136872],[-84.490972,39.136382],[-84.491059,39.1364],[-84.491002,39.136875]]]}},{"type":"Feature","properties":{"pid":"010500020061"},"geometry":{"type":"Polygon","coordinates":[[[-84.492255,39.13697],[-84.492302,39.137358],[-84.491548,39.137401],[-84.49157,39.13698],[-84.492255,39.13697]]]}},{"type":"Feature","properties":{"pid":"006000040106"},"geometry":{"type":"Polygon","coordinates":[[[-84.490674,39.136409],[-84.490368,39.136368],[-84.4904,39.136243],[-84.490697,39.136319],[-84.490674,39.136409]]]}},{"type":"Feature","properties":{"pid":"010500020062"},"geometry":{"type":"Polygon","coordinates":[[[-84.492239,39.136805],[-84.492255,39.13697],[-84.49165,39.136979],[-84.491666,39.13684],[-84.492239,39.136805]]]}},{"type":"Feature","properties":{"pid":"006000040127"},"geometry":{"type":"Polygon","coordinates":[[[-84.490895,39.137022],[-84.490984,39.137016],[-84.49098,39.137143],[-84.49089,39.137193],[-84.490895,39.137022]]]}},{"type":"Feature","properties":{"pid":"006000040040"},"geometry":{"type":"MultiPolygon","coordinates":[[[[-84.4881,39.137699],[-84.488452,39.137717],[-84.488421,39.13802],[-84.488049,39.138198],[-84.4881,39.137699]]],[[[-84.48827,39.138216],[-84.4884,39.138224],[-84.488394,39.138284],[-84.488264,39.138276],[-84.48827,39.138216]]]]}},{"type":"Feature","properties":{"pid":"006500010015"},"geometry":{"type":"Polygon","coordinates":[[[-84.49026,39.136135],[-84.490229,39.136199],[-84.489769,39.136093],[-84.489824,39.136024],[-84.49026,39.136135]]]}},{"type":"Feature","properties":{"pid":"006000040091"},"geometry":{"type":"Polygon","coordinates":[[[-84.491099,39.136879],[-84.491153,39.13642],[-84.491259,39.136443],[-84.491206,39.136882],[-84.491099,39.136879]]]}},{"type":"Feature","properties":{"pid":"006500010004"},"geometry":{"type":"Polygon","coordinates":[[[-84.490815,39.136349],[-84.49084,39.136137],[-84.490891,39.135702],[-84.491053,39.135739],[-84.490984,39.136384],[-84.490815,39.136349]]]}},{"type":"Feature","properties":{"pid":"006500010005"},"geometry":{"type":"Polygon","coordinates":[[[-84.490823,39.136278],[-84.490815,39.136349],[-84.490355,39.136232],[-84.490389,39.136167],[-84.490823,39.136278]]]}},{"type":"Feature","properties":{"pid":"010500010200"},"geometry":{"type":"Polygon","coordinates":[[[-84.491847,39.136073],[-84.492169,39.136072],[-84.492175,39.13613],[-84.491846,39.13615],[-84.491847,39.136073]]]}},{"type":"Feature","properties":{"pid":"006000040117"},"geometry":{"type":"Polygon","coordinates":[[[-84.490193,39.136321],[-84.48954,39.136245],[-84.48961,39.136056],[-84.490229,39.136199],[-84.490193,39.136321]]]}},{"type":"Feature","properties":{"pid":"006000040150"},"geometry":{"type":"Polygon","coordinates":[[[-84.487931,39.138255],[-84.488049,39.138198],[-84.488421,39.13802],[-84.4884,39.138224],[-84.48827,39.138216],[-84.488264,39.138276],[-84.487931,39.138255]]]}},{"type":"Feature","properties":{"pid":"010500010262"},"geometry":{"type":"Polygon","coordinates":[[[-84.49142,39.136645],[-84.491438,39.13648],[-84.491484,39.136492],[-84.491554,39.135853],[-84.49185,39.13586],[-84.491846,39.13614],[-84.491731,39.136147],[-84.491711,39.136333],[-84.491608,39.136405],[-84.491564,39.1366],[-84.49142,39.136645]]]}},{"type":"Feature","properties":{"pid":"006500010075"},"geometry":{"type":"Polygon","coordinates":[[[-84.491009,39.135577],[-84.490994,39.135281],[-84.491095,39.135283],[-84.491081,39.135519],[-84.491009,39.135577]]]}},{"type":"Feature","properties":{"pid":"010500020063"},"geometry":{"type":"Polygon","coordinates":[[[-84.492226,39.136668],[-84.492239,39.136805],[-84.491666,39.13684],[-84.491681,39.136701],[-84.492226,39.136668]]]}},{"type":"Feature","properties":{"pid":"006000040023"},"geometry":{"type":"Polygon","coordinates":[[[-84.490268,39.137274],[-84.490257,39.137183],[-84.490679,39.137192],[-84.490676,39.137299],[-84.490268,39.137274]]]}},{"type":"Feature","properties":{"pid":"010500020059"},"geometry":{"type":"Polygon","coordinates":[[[-84.492302,39.137358],[-84.492265,39.137054],[-84.49238,39.137057],[-84.492407,39.137345],[-84.492629,39.138075],[-84.492531,39.138107],[-84.492302,39.137358]]]}},{"type":"Feature","properties":{"pid":"006500010001"},"geometry":{"type":"Polygon","coordinates":[[[-84.491554,39.135853],[-84.491484,39.136492],[-84.491311,39.136454],[-84.491405,39.13582],[-84.491554,39.135853]]]}},{"type":"Feature","properties":{"pid":"006500010003"},"geometry":{"type":"Polygon","coordinates":[[[-84.491151,39.13642],[-84.490984,39.136384],[-84.491053,39.135739],[-84.491232,39.13578],[-84.491151,39.13642]]]}},{"type":"Feature","properties":{"pid":"006000040109"},"geometry":{"type":"Polygon","coordinates":[[[-84.487931,39.138255],[-84.487544,39.138231],[-84.487637,39.138152],[-84.488051,39.138178],[-84.487931,39.138255]]]}}],"name":"parcels-45229"}