{"type":"FeatureCollection","crs":{"type":"name","properties":{"name":"urn:ogc:def:crs:OGC:1.3:CRS84"}},"features":[{"type":"Feature","properties":{"pid":"022000570100"},"geometry":{"type":"Polygon","coordinates":[[[-84.515147,39.172231],[-84.515115,39.172123],[-84.515626,39.172035],[-84.515655,39.172142],[-84.515147,39.172231]]]}},{"type":"Feature","properties":{"pid":"022000570101"},"geometry":{"type":"Polygon","coordinates":[[[-84.515115,39.172123],[-84.515093,39.172051],[-84.515606,39.171961],[-84.515626,39.172035],[-84.515115,39.172123]]]}},{"type":"Feature","properties":{"pid":"022000570149"},"geometry":{"type":"Polygon","coordinates":[[[-84.514984,39.172161],[-84.514678,39.172261],[-84.514617,39.172137],[-84.514944,39.172026],[-84.514984,39.172161]]]}},{"type":"Feature","properties":{"pid":"022000580079"},"geometry":{"type":"Polygon","coordinates":[[[-84.512817,39.171541],[-84.511947,39.172216],[-84.511745,39.172035],[-84.511516,39.171509],[-84.511736,39.171351],[-84.512671,39.171401],[-84.512817,39.171541]]]}},{"type":"Feature","properties":{"pid":"022300040057"},"geometry":{"type":"Polygon","coordinates":[[[-84.514013,39.168344],[-84.513226,39.168426],[-84.513164,39.168076],[-84.513313,39.16806],[-84.51325,39.167708],[-84.513888,39.16764],[-84.514013,39.168344]]]}},{"type":"Feature","properties":{"pid":"022000590024"},"geometry":{"type":"Polygon","coordinates":[[[-84.514867,39.171298],[-84.515258,39.171167],[-84.515294,39.171281],[-84.514896,39.171398],[-84.514867,39.171298]]]}},{"type":"Feature","properties":{"pid":"022000590027"},"geometry":{"type":"Polygon","coordinates":[[[-84.514928,39.171502],[-84.515326,39.171384],[-84.515358,39.171488],[-84.51496,39.171606],[-84.514928,39.171502]]]}},{"type":"Feature","properties":{"pid":"022000590028"},"geometry":{"type":"Polygon","coordinates":[[[-84.514896,39.171398],[-84.515294,39.171281],[-84.515326,39.171384],[-84.514928,39.171502],[-84.514896,39.171398]]]}},{"type":"Feature","properties":{"pid":"022300040042"},"geometry":{"type":"Polygon","coordinates":[[[-84.51235,39.1696],[-84.511882,39.169688],[-84.512057,39.167918],[-84.51243,39.167643],[-84.512358,39.168409],[-84.5124,39.168412],[-84.512452,39.168537],[-84.51235,39.1696]]]}},{"type":"Feature","properties":{"pid":"023700040019"},"geometry":{"type":"Polygon","coordinates":[[[-84.521742,39.193471],[-84.521503,39.19301],[-84.521683,39.192957],[-84.521691,39.192858],[-84.523588,39.192963],[-84.523605,39.192802],[-84.523672,39.192805],[-84.523605,39.193276],[-84.522166,39.193203],[-84.522142,39.193439],[-84.521742,39.193471]]]}},{"type":"Feature","properties":{"pid":"022000570043"},"geometry":{"type":"Polygon","coordinates":[[[-84.514526,39.173291],[-84.514688,39.173236],[-84.514845,39.173519],[-84.514683,39.173573],[-84.514526,39.173291]]]}},{"type":"Feature","properties":{"pid":"022000570068"},"geometry":{"type":"Polygon","coordinates":[[[-84.514901,39.173165],[-84.514861,39.173094],[-84.515217,39.172975],[-84.51524,39.173051],[-84.514901,39.173165]]]}},{"type":"Feature","properties":{"pid":"022000560066"},"geometry":{"type":"Polygon","coordinates":[[[-84.512364,39.174019],[-84.512493,39.173975],[-84.51265,39.174257],[-84.512521,39.174301],[-84.512364,39.174019]]]}},{"type":"Feature","properties":{"pid":"022000560095"},"geometry":{"type":"Polygon","coordinates":[[[-84.512133,39.174288],[-84.511809,39.174397],[-84.511686,39.174175],[-84.51201,39.174066],[-84.512133,39.174288]]]}},{"type":"Feature","properties":{"pid":"022000570147"},"geometry":{"type":"Polygon","coordinates":[[[-84.513209,39.173399],[-84.513319,39.173362],[-84.513476,39.173644],[-84.513366,39.173681],[-84.513209,39.173399]]]}},{"type":"Feature","properties":{"pid":"022000560081"},"geometry":{"type":"Polygon","coordinates":[[[-84.511793,39.173425],[-84.511954,39.173714],[-84.511837,39.173753],[-84.511674,39.173465],[-84.511793,39.173425]]]}},{"type":"Feature","properties":{"pid":"022000560048"},"geometry":{"type":"Polygon","coordinates":[[[-84.513103,39.174105],[-84.512947,39.173822],[-84.513044,39.17379],[-84.5132,39.174072],[-84.513103,39.174105]]]}},{"type":"Feature","properties":{"pid":"022300040014"},"geometry":{"type":"Polygon","coordinates":[[[-84.513473,39.16604],[-84.513736,39.165893],[-84.513859,39.165961],[-84.513842,39.166189],[-84.513786,39.16623],[-84.513473,39.16604]]]}},{"type":"Feature","properties":{"pid":"022300040043"},"geometry":{"type":"Polygon","coordinates":[[[-84.513824,39.165361],[-84.515413,39.16465],[-84.516574,39.164187],[-84.516631,39.164532],[-84.516234,39.164657],[-84.51514,39.165261],[-84.515052,39.165134],[-84.513887,39.16563],[-84.513888,39.165596],[-84.513787,39.16564],[-84.513787,39.165712],[-84.513269,39.165917],[-84.513046,39.165781],[-84.513816,39.165452],[-84.513824,39.165361]]]}},{"type":"Feature","properties":{"pid":"022000560064"},"geometry":{"type":"Polygon","coordinates":[[[-84.508917,39.175084],[-84.508421,39.174216],[-84.509793,39.17376],[-84.510001,39.17412],[-84.509531,39.17488],[-84.508917,39.175084]]]}},{"type":"Feature","properties":{"pid":"022000560142"},"geometry":{"type":"Polygon","coordinates":[[[-84.509129,39.175435],[-84.508917,39.175084],[-84.509531,39.17488],[-84.509196,39.175422],[-84.509129,39.175435]]]}},{"type":"Feature","properties":{"pid":"023800010011"},"geometry":{"type":"Polygon","coordinates":[[[-84.518899,39.184751],[-84.519051,39.18356],[-84.519481,39.183562],[-84.519787,39.183975],[-84.520113,39.184279],[-84.520143,39.184967],[-84.519611,39.185091],[-84.518899,39.184751]]]}},{"type":"Feature","properties":{"pid":"023800010017"},"geometry":{"type":"Polygon","coordinates":[[[-84.519481,39.183562],[-84.518381,39.183527],[-84.518093,39.182543],[-84.519237,39.1826],[-84.519481,39.183562]]]}},{"type":"Feature","properties":{"pid":"023800010022"},"geometry":{"type":"Polygon","coordinates":[[[-84.521216,39.18271],[-84.519733,39.182621],[-84.519839,39.18193],[-84.52049,39.181796],[-84.520595,39.181819],[-84.521216,39.18271]]]}},{"type":"Feature","properties":{"pid":"023800010028"},"geometry":{"type":"Polygon","coordinates":[[[-84.521649,39.183362],[-84.52136,39.183305],[-84.520482,39.182651],[-84.521216,39.18271],[-84.521649,39.183362]]]}},{"type":"Feature","properties":{"pid":"023800010032"},"geometry":{"type":"Polygon","coordinates":[[[-84.521412,39.184018],[-84.52136,39.183305],[-84.521616,39.18336],[-84.521646,39.184075],[-84.521412,39.184018]]]}},{"type":"Feature","properties":{"pid":"023800010064"},"geometry":{"type":"Polygon","coordinates":[[[-84.521646,39.184075],[-84.521616,39.18336],[-84.522144,39.184107],[-84.521646,39.184075]]]}},{"type":"Feature","properties":{"pid":"023800010072"},"geometry":{"type":"Polygon","coordinates":[[[-84.519034,39.18259],[-84.519141,39.181937],[-84.519839,39.18193],[-84.519733,39.182621],[-84.519034,39.18259]]]}},{"type":"Feature","properties":{"pid":"022300030098"},"geometry":{"type":"Polygon","coordinates":[[[-84.509638,39.168578],[-84.510023,39.168929],[-84.509677,39.169162],[-84.508996,39.16885],[-84.509638,39.168578]]]}},{"type":"Feature","properties":{"pid":"022300030099"},"geometry":{"type":"Polygon","coordinates":[[[-84.508577,39.168728],[-84.50941,39.16837],[-84.509638,39.168578],[-84.508996,39.16885],[-84.508577,39.168728]]]}},{"type":"Feature","properties":{"pid":"022300030100"},"geometry":{"type":"Polygon","coordinates":[[[-84.508063,39.168636],[-84.509182,39.168163],[-84.50941,39.16837],[-84.508577,39.168728],[-84.508063,39.168636]]]}},{"type":"Feature","properties":{"pid":"022300030101"},"geometry":{"type":"Polygon","coordinates":[[[-84.508901,39.167907],[-84.509182,39.168163],[-84.508063,39.168636],[-84.50792,39.168622],[-84.507702,39.168452],[-84.508901,39.167907]]]}},{"type":"Feature","properties":{"pid":"022300030102"},"geometry":{"type":"Polygon","coordinates":[[[-84.509677,39.169162],[-84.50904,39.16959],[-84.508416,39.168984],[-84.507816,39.168937],[-84.507698,39.16903],[-84.50727,39.168648],[-84.507702,39.168452],[-84.50792,39.168622],[-84.508408,39.168691],[-84.508859,39.168805],[-84.509677,39.169162]]]}},{"type":"Feature","properties":{"pid":"022300030103"},"geometry":{"type":"Polygon","coordinates":[[[-84.5082,39.170156],[-84.507907,39.170352],[-84.506683,39.169161],[-84.506925,39.169037],[-84.507136,39.169035],[-84.507175,39.169075],[-84.507125,39.169092],[-84.507314,39.169291],[-84.507357,39.169266],[-84.5082,39.170156]]]}},{"type":"Feature","properties":{"pid":"023700030127"},"geometry":{"type":"Polygon","coordinates":[[[-84.51919,39.195408],[-84.518046,39.195363],[-84.518061,39.195123],[-84.519154,39.195226],[-84.51919,39.195408]]]}},{"type":"Feature","properties":{"pid":"023700030009"},"geometry":{"type":"Polygon","coordinates":[[[-84.515764,39.196029],[-84.515871,39.194813],[-84.518075,39.194913],[-84.518046,39.195363],[-84.51919,39.195408],[-84.519292,39.19562],[-84.51859,39.195609],[-84.518579,39.196081],[-84.515764,39.196029]]]}},{"type":"Feature","properties":{"pid":"023700030014"},"geometry":{"type":"Polygon","coordinates":[[[-84.520122,39.196381],[-84.519189,39.196367],[-84.519144,39.196092],[-84.519905,39.196108],[-84.52003,39.196204],[-84.520122,39.196381]]]}},{"type":"Feature","properties":{"pid":"023700030028"},"geometry":{"type":"Polygon","coordinates":[[[-84.519307,39.196096],[-84.518579,39.196081],[-84.51859,39.195609],[-84.519292,39.19562],[-84.519765,39.196],[-84.519307,39.196096]]]}},{"type":"Feature","properties":{"pid":"022300030131"},"geometry":{"type":"Polygon","coordinates":[[[-84.507907,39.170352],[-84.50741,39.170686],[-84.506436,39.169807],[-84.506359,39.169326],[-84.506683,39.169161],[-84.507907,39.170352]]]}},{"type":"Feature","properties":{"pid":"022300030132"},"geometry":{"type":"Polygon","coordinates":[[[-84.508632,39.169865],[-84.5082,39.170156],[-84.507357,39.169266],[-84.507489,39.169188],[-84.507304,39.169033],[-84.507698,39.16903],[-84.508632,39.169865]]]}},{"type":"Feature","properties":{"pid":"022300030151"},"geometry":{"type":"Polygon","coordinates":[[[-84.508416,39.168984],[-84.50904,39.16959],[-84.508632,39.169865],[-84.507698,39.16903],[-84.507816,39.168937],[-84.508416,39.168984]]]}},{"type":"Feature","properties":{"pid":"022300030153"},"geometry":{"type":"Polygon","coordinates":[[[-84.508317,39.170433],[-84.508755,39.17015],[-84.509141,39.170642],[-84.508601,39.170876],[-84.508317,39.170433]]]}},{"type":"Feature","properties":{"pid":"022300030158"},"geometry":{"type":"Polygon","coordinates":[[[-84.508771,39.170127],[-84.508769,39.170155],[-84.508741,39.170147],[-84.508771,39.170127]]]}},{"type":"Feature","properties":{"pid":"022300010003"},"geometry":{"type":"Polygon","coordinates":[[[-84.522488,39.184204],[-84.524538,39.184271],[-84.524511,39.184752],[-84.52281,39.184693],[-84.522488,39.184204]]]}},{"type":"Feature","properties":{"pid":"022300010004"},"geometry":{"type":"Polygon","coordinates":[[[-84.52286,39.183124],[-84.524856,39.183185],[-84.525056,39.183695],[-84.527324,39.183782],[-84.527332,39.183821],[-84.52281,39.183657],[-84.52286,39.183124]]]}},{"type":"Feature","properties":{"pid":"022300010070"},"geometry":{"type":"Polygon","coordinates":[[[-84.522772,39.18407],[-84.52578,39.18418],[-84.525753,39.184799],[-84.524511,39.184752],[-84.524538,39.184271],[-84.522759,39.184213],[-84.522772,39.18407]]]}},{"type":"Feature","properties":{"pid":"022300010076"},"geometry":{"type":"Polygon","coordinates":[[[-84.524406,39.183711],[-84.52438,39.184128],[-84.522772,39.18407],[-84.52281,39.183657],[-84.524406,39.183711]]]}},{"type":"Feature","properties":{"pid":"022300010077"},"geometry":{"type":"Polygon","coordinates":[[[-84.524406,39.183711],[-84.52438,39.184128],[-84.522772,39.18407],[-84.52281,39.183657],[-84.524406,39.183711]]]}},{"type":"Feature","properties":{"pid":"023800010003"},"geometry":{"type":"Polygon","coordinates":[[[-84.518794,39.185727],[-84.517772,39.185697],[-84.517667,39.18546],[-84.518816,39.185518],[-84.518794,39.185727]]]}},{"type":"Feature","properties":{"pid":"023800010004"},"geometry":{"type":"Polygon","coordinates":[[[-84.518753,39.186115],[-84.517941,39.186082],[-84.517772,39.185697],[-84.518794,39.185727],[-84.518753,39.186115]]]}},{"type":"Feature","properties":{"pid":"023800010007"},"geometry":{"type":"Polygon","coordinates":[[[-84.51758,39.185262],[-84.518836,39.185329],[-84.518816,39.185518],[-84.517667,39.18546],[-84.51758,39.185262]]]}},{"type":"Feature","properties":{"pid":"023800010008"},"geometry":{"type":"Polygon","coordinates":[[[-84.51758,39.185262],[-84.517492,39.185062],[-84.518858,39.185129],[-84.518836,39.185329],[-84.51758,39.185262]]]}},{"type":"Feature","properties":{"pid":"023800010009"},"geometry":{"type":"Polygon","coordinates":[[[-84.517408,39.184871],[-84.518879,39.184939],[-84.518858,39.185129],[-84.517492,39.185062],[-84.517408,39.184871]]]}},{"type":"Feature","properties":{"pid":"023700060016"},"geometry":{"type":"Polygon","coordinates":[[[-84.529825,39.193628],[-84.529884,39.193973],[-84.52955,39.194145],[-84.527229,39.194056],[-84.527304,39.193324],[-84.526447,39.193454],[-84.526137,39.193278],[-84.526379,39.192623],[-84.527012,39.192185],[-84.526746,39.191419],[-84.526589,39.191264],[-84.523944,39.19204],[-84.524133,39.190279],[-84.527988,39.190394],[-84.527957,39.191026],[-84.528973,39.191636],[-84.528676,39.191892],[-84.529095,39.193026],[-84.529825,39.193628]]]}},{"type":"Feature","properties":{"pid":"023800060040"},"geometry":{"type":"Polygon","coordinates":[[[-84.514112,39.193676],[-84.512529,39.193561],[-84.512573,39.193196],[-84.512973,39.193173],[-84.513412,39.193002],[-84.514112,39.193676]]]}},{"type":"Feature","properties":{"pid":"023800060039"},"geometry":{"type":"Polygon","coordinates":[[[-84.513607,39.192846],[-84.513814,39.192509],[-84.514399,39.19266],[-84.514321,39.193691],[-84.514112,39.193676],[-84.513412,39.193002],[-84.513607,39.192846]]]}},{"type":"Feature","properties":{"pid":"023800010001"},"geometry":{"type":"Polygon","coordinates":[[[-84.518796,39.1857],[-84.518899,39.184751],[-84.519611,39.185091],[-84.520143,39.184967],[-84.520113,39.184279],[-84.520934,39.185009],[-84.520438,39.185501],[-84.52016,39.186017],[-84.5194,39.185799],[-84.518796,39.1857]]]}},{"type":"Feature","properties":{"pid":"023800010012"},"geometry":{"type":"Polygon","coordinates":[[[-84.522112,39.183632],[-84.521949,39.183383],[-84.52283,39.183445],[-84.52281,39.183657],[-84.522112,39.183632]]]}},{"type":"Feature","properties":{"pid":"023800010050"},"geometry":{"type":"Polygon","coordinates":[[[-84.518032,39.186288],[-84.517941,39.186082],[-84.518753,39.186115],[-84.518732,39.186314],[-84.518032,39.186288]]]}},{"type":"Feature","properties":{"pid":"023800010079"},"geometry":{"type":"Polygon","coordinates":[[[-84.521949,39.183383],[-84.521518,39.182726],[-84.522893,39.182802],[-84.52283,39.183445],[-84.521949,39.183383]]]}},{"type":"Feature","properties":{"pid":"02380001CD02"},"geometry":{"type":"Polygon","coordinates":[[[-84.522391,39.184056],[-84.522112,39.183632],[-84.52281,39.183657],[-84.522772,39.18407],[-84.522391,39.184056]]]}},{"type":"Feature","properties":{"pid":"023800010073"},"geometry":{"type":"Polygon","coordinates":[[[-84.520934,39.185009],[-84.522656,39.185315],[-84.522565,39.1863],[-84.522268,39.186167],[-84.520934,39.185009]]]}},{"type":"Feature","properties":{"pid":"023800010026"},"geometry":{"type":"Polygon","coordinates":[[[-84.521837,39.184706],[-84.522656,39.185315],[-84.520934,39.185009],[-84.519787,39.183975],[-84.519481,39.183562],[-84.519237,39.1826],[-84.520482,39.182651],[-84.52136,39.183305],[-84.521412,39.184018],[-84.521837,39.184706]]]}},{"type":"Feature","properties":{"pid":"023800010010"},"geometry":{"type":"Polygon","coordinates":[[[-84.517408,39.184871],[-84.517321,39.184673],[-84.518899,39.184751],[-84.518879,39.184939],[-84.517408,39.184871]]]}},{"type":"Feature","properties":{"pid":"022300030189"},"geometry":{"type":"Polygon","coordinates":[[[-84.510554,39.169583],[-84.511428,39.16968],[-84.511888,39.169218],[-84.511772,39.169641],[-84.5115,39.17011],[-84.511091,39.170525],[-84.509909,39.171476],[-84.509782,39.171298],[-84.509729,39.171338],[-84.508745,39.16996],[-84.509512,39.169444],[-84.509703,39.169497],[-84.510069,39.169252],[-84.510302,39.169504],[-84.510554,39.169583]]]}},{"type":"Feature","properties":{"pid":"022300030121"},"geometry":{"type":"Polygon","coordinates":[[[-84.51024,39.169137],[-84.511695,39.168163],[-84.512005,39.168449],[-84.511933,39.169174],[-84.511428,39.16968],[-84.51055,39.169578],[-84.51024,39.169137]]]}},{"type":"Feature","properties":{"pid":"022300030146"},"geometry":{"type":"Polygon","coordinates":[[[-84.510069,39.169252],[-84.51024,39.169137],[-84.510554,39.169583],[-84.510302,39.169504],[-84.510069,39.169252]]]}},{"type":"Feature","properties":{"pid":"023700050007"},"geometry":{"type":"Polygon","coordinates":[[[-84.517573,39.187178],[-84.517506,39.187094],[-84.517227,39.186395],[-84.517869,39.186435],[-84.518199,39.186954],[-84.517573,39.187178]]]}},{"type":"Feature","properties":{"pid":"023700050009"},"geometry":{"type":"Polygon","coordinates":[[[-84.516432,39.189012],[-84.516303,39.189112],[-84.516811,39.189535],[-84.516946,39.189727],[-84.516941,39.190197],[-84.514787,39.19011],[-84.514518,39.190061],[-84.514721,39.187323],[-84.516354,39.187399],[-84.516443,39.186351],[-84.517227,39.186395],[-84.517506,39.187094],[-84.518211,39.187932],[-84.518328,39.188127],[-84.51891,39.189516],[-84.519289,39.190122],[-84.519908,39.190131],[-84.519986,39.190352],[-84.519658,39.190453],[-84.519375,39.19047],[-84.518476,39.190281],[-84.517145,39.190212],[-84.517152,39.189831],[-84.517068,39.189592],[-84.516432,39.189012]]]}},{"type":"Feature","properties":{"pid":"021900550011"},"geometry":{"type":"Polygon","coordinates":[[[-84.518578,39.165581],[-84.517737,39.165507],[-84.517799,39.16485],[-84.518642,39.16493],[-84.518578,39.165581]]]}},{"type":"Feature","properties":{"pid":"021900550015"},"geometry":{"type":"Polygon","coordinates":[[[-84.518745,39.165731],[-84.518819,39.164948],[-84.519532,39.165014],[-84.519476,39.165772],[-84.518745,39.165731]]]}},{"type":"Feature","properties":{"pid":"021900550016"},"geometry":{"type":"Polygon","coordinates":[[[-84.519443,39.166198],[-84.519476,39.165772],[-84.52022,39.165818],[-84.520184,39.166245],[-84.519443,39.166198]]]}},{"type":"Feature","properties":{"pid":"021900550020"},"geometry":{"type":"Polygon","coordinates":[[[-84.520184,39.166245],[-84.520224,39.165774],[-84.520279,39.16508],[-84.520317,39.165083],[-84.520222,39.166248],[-84.520184,39.166245]]]}},{"type":"Feature","properties":{"pid":"021900550021"},"geometry":{"type":"Polygon","coordinates":[[[-84.519806,39.165455],[-84.519841,39.165044],[-84.520228,39.165098],[-84.520272,39.16516],[-84.520245,39.165491],[-84.519806,39.165455]]]}},{"type":"Feature","properties":{"pid":"021900620009"},"geometry":{"type":"Polygon","coordinates":[[[-84.519203,39.164072],[-84.518338,39.163991],[-84.520719,39.163096],[-84.520628,39.163673],[-84.519775,39.163992],[-84.519203,39.164072]]]}},{"type":"Feature","properties":{"pid":"021900620012"},"geometry":{"type":"Polygon","coordinates":[[[-84.517869,39.164572],[-84.51796,39.163956],[-84.518641,39.16402],[-84.518547,39.164636],[-84.517869,39.164572]]]}},{"type":"Feature","properties":{"pid":"021900620013"},"geometry":{"type":"Polygon","coordinates":[[[-84.517741,39.16456],[-84.517828,39.164006],[-84.51796,39.163956],[-84.517869,39.164572],[-84.517741,39.16456]]]}},{"type":"Feature","properties":{"pid":"021900620014"},"geometry":{"type":"Polygon","coordinates":[[[-84.517741,39.16456],[-84.51684,39.164474],[-84.516827,39.164413],[-84.517452,39.164178],[-84.517756,39.164466],[-84.517741,39.16456]]]}},{"type":"Feature","properties":{"pid":"021900620016"},"geometry":{"type":"Polygon","coordinates":[[[-84.52045,39.16481],[-84.519647,39.164741],[-84.51978,39.164125],[-84.519356,39.164086],[-84.519616,39.164022],[-84.519983,39.164055],[-84.520606,39.163814],[-84.52045,39.16481]]]}},{"type":"Feature","properties":{"pid":"021900620017"},"geometry":{"type":"Polygon","coordinates":[[[-84.519647,39.164741],[-84.518945,39.164674],[-84.51904,39.164057],[-84.51978,39.164125],[-84.519647,39.164741]]]}},{"type":"Feature","properties":{"pid":"021900620018"},"geometry":{"type":"Polygon","coordinates":[[[-84.518945,39.164674],[-84.518547,39.164636],[-84.518641,39.16402],[-84.51904,39.164057],[-84.518945,39.164674]]]}},{"type":"Feature","properties":{"pid":"022200160009"},"geometry":{"type":"Polygon","coordinates":[[[-84.527865,39.161009],[-84.528345,39.160864],[-84.528437,39.161071],[-84.527976,39.161321],[-84.527865,39.161009]]]}},{"type":"Feature","properties":{"pid":"022200170001"},"geometry":{"type":"Polygon","coordinates":[[[-84.525116,39.16258],[-84.52553,39.162311],[-84.525397,39.161958],[-84.526439,39.161508],[-84.526492,39.161535],[-84.526828,39.161944],[-84.525261,39.162795],[-84.525116,39.16258]]]}},{"type":"Feature","properties":{"pid":"022300020009"},"geometry":{"type":"Polygon","coordinates":[[[-84.508312,39.162741],[-84.508043,39.162365],[-84.50821,39.162199],[-84.508845,39.162151],[-84.509149,39.16209],[-84.50921,39.162216],[-84.508671,39.162489],[-84.508312,39.162741]]]}},{"type":"Feature","properties":{"pid":"022000560113"},"geometry":{"type":"Polygon","coordinates":[[[-84.509793,39.17376],[-84.510013,39.173734],[-84.510163,39.173798],[-84.510001,39.17412],[-84.509793,39.17376]]]}},{"type":"Feature","properties":{"pid":"022300020037"},"geometry":{"type":"Polygon","coordinates":[[[-84.512406,39.165064],[-84.512397,39.165006],[-84.512891,39.164522],[-84.513443,39.164864],[-84.512916,39.16538],[-84.512406,39.165064]]]}},{"type":"Feature","properties":{"pid":"023800020034"},"geometry":{"type":"Polygon","coordinates":[[[-84.509465,39.180501],[-84.508816,39.18135],[-84.509022,39.181573],[-84.508155,39.18188],[-84.506613,39.182133],[-84.506426,39.181355],[-84.506511,39.181302],[-84.506497,39.181241],[-84.506844,39.181028],[-84.506931,39.181114],[-84.508329,39.180254],[-84.508569,39.180055],[-84.509465,39.180501]]]}},{"type":"Feature","properties":{"pid":"023800020035"},"geometry":{"type":"Polygon","coordinates":[[[-84.508155,39.18188],[-84.509022,39.181573],[-84.509724,39.182329],[-84.509912,39.18414],[-84.507059,39.184879],[-84.506494,39.182536],[-84.506543,39.182602],[-84.506636,39.18263],[-84.506732,39.182604],[-84.506784,39.182539],[-84.506773,39.182464],[-84.506673,39.182383],[-84.506613,39.182133],[-84.508155,39.18188]]]}},{"type":"Feature","properties":{"pid":"023700050005"},"geometry":{"type":"Polygon","coordinates":[[[-84.518328,39.188127],[-84.517573,39.187178],[-84.518199,39.186954],[-84.518816,39.187866],[-84.519111,39.188534],[-84.518633,39.188653],[-84.518902,39.189308],[-84.518942,39.18931],[-84.519189,39.189705],[-84.519707,39.18973],[-84.519947,39.190134],[-84.519289,39.190122],[-84.51891,39.189516],[-84.518328,39.188127]]]}},{"type":"Feature","properties":{"pid":"023800030002"},"geometry":{"type":"MultiPolygon","coordinates":[[[[-84.505446,39.179988],[-84.505715,39.179766],[-84.505968,39.179442],[-84.506189,39.178919],[-84.506883,39.179405],[-84.507351,39.179117],[-84.508235,39.179988],[-84.507269,39.180598],[-84.50681,39.180145],[-84.505962,39.180545],[-84.505537,39.180128],[-84.505446,39.179988]]],[[[-84.503787,39.182816],[-84.502819,39.181959],[-84.502244,39.182382],[-84.501826,39.182503],[-84.501794,39.182409],[-84.502298,39.182245],[-84.502773,39.181917],[-84.502077,39.181293],[-84.503163,39.18108],[-84.502668,39.180592],[-84.504183,39.180406],[-84.503798,39.180827],[-84.504061,39.181081],[-84.503721,39.181268],[-84.502826,39.181881],[-84.503829,39.18278],[-84.503787,39.182816]]]]}},{"type":"Feature","properties":{"pid":"023700050012"},"geometry":{"type":"Polygon","coordinates":[[[-84.519458,39.189333],[-84.518902,39.189308],[-84.518633,39.188653],[-84.519111,39.188534],[-84.519458,39.189333]]]}},{"type":"Feature","properties":{"pid":"023800010084"},"geometry":{"type":"Polygon","coordinates":[[[-84.515085,39.186295],[-84.514874,39.186286],[-84.51492,39.185792],[-84.515131,39.185801],[-84.515085,39.186295]]]}},{"type":"Feature","properties":{"pid":"023800010087"},"geometry":{"type":"Polygon","coordinates":[[[-84.515088,39.186268],[-84.515131,39.185801],[-84.516702,39.185866],[-84.516967,39.185998],[-84.517472,39.185898],[-84.517746,39.185909],[-84.517835,39.186109],[-84.516833,39.18634],[-84.515088,39.186268]]]}},{"type":"Feature","properties":{"pid":"022000560212"},"geometry":{"type":"Polygon","coordinates":[[[-84.508487,39.178313],[-84.508632,39.178711],[-84.50856,39.179486],[-84.508462,39.179763],[-84.508235,39.179988],[-84.506244,39.178025],[-84.506345,39.177787],[-84.506271,39.1769],[-84.506127,39.176563],[-84.506488,39.176536],[-84.506609,39.176587],[-84.507307,39.176602],[-84.507293,39.176667],[-84.507841,39.176773],[-84.508225,39.177004],[-84.508132,39.177254],[-84.50812,39.177602],[-84.508237,39.177937],[-84.508487,39.178313]]]}},{"type":"Feature","properties":{"pid":"023800020010"},"geometry":{"type":"MultiPolygon","coordinates":[[[[-84.511238,39.182345],[-84.512284,39.182138],[-84.512356,39.182574],[-84.512298,39.182964],[-84.510646,39.182836],[-84.510331,39.181671],[-84.510847,39.181498],[-84.511129,39.181359],[-84.510678,39.181028],[-84.510509,39.181157],[-84.509434,39.179898],[-84.508718,39.179834],[-84.508802,39.179447],[-84.510393,39.179589],[-84.51059,39.179946],[-84.512032,39.181633],[-84.51224,39.181979],[-84.512207,39.182023],[-84.511182,39.182246],[-84.511048,39.182232],[-84.510953,39.182321],[-84.510977,39.182388],[-84.511069,39.182429],[-84.511238,39.182345]]],[[[-84.512514,39.182983],[-84.512568,39.182685],[-84.512554,39.182303],[-84.512359,39.18176],[-84.510833,39.179936],[-84.510624,39.179609],[-84.512387,39.179764],[-84.512564,39.179878],[-84.512652,39.179864],[-84.512714,39.179793],[-84.51339,39.179852],[-84.513115,39.183027],[-84.512514,39.182983]]]]}},{"type":"Feature","properties":{"pid":"023800020028"},"geometry":{"type":"Polygon","coordinates":[[[-84.509724,39.182329],[-84.508816,39.18135],[-84.509465,39.180501],[-84.508569,39.180055],[-84.508718,39.179834],[-84.509434,39.179898],[-84.510509,39.181157],[-84.510248,39.181355],[-84.510646,39.182836],[-84.51023,39.183643],[-84.50923,39.185265],[-84.509051,39.185368],[-84.509272,39.185582],[-84.508894,39.185933],[-84.507344,39.18582],[-84.507126,39.184861],[-84.509912,39.18414],[-84.509724,39.182329]]]}},{"type":"Feature","properties":{"pid":"021900520179"},"geometry":{"type":"Polygon","coordinates":[[[-84.517533,39.17412],[-84.517562,39.17384],[-84.517726,39.173848],[-84.517695,39.174127],[-84.517533,39.17412]]]}},{"type":"Feature","properties":{"pid":"021900530001"},"geometry":{"type":"Polygon","coordinates":[[[-84.516413,39.171361],[-84.516443,39.171104],[-84.516705,39.17112],[-84.516679,39.171377],[-84.516413,39.171361]]]}},{"type":"Feature","properties":{"pid":"021900530006"},"geometry":{"type":"Polygon","coordinates":[[[-84.519339,39.171782],[-84.518913,39.171755],[-84.518955,39.171339],[-84.519178,39.17138],[-84.51937,39.171477],[-84.519339,39.171782]]]}},{"type":"Feature","properties":{"pid":"021900530009"},"geometry":{"type":"Polygon","coordinates":[[[-84.516769,39.171008],[-84.516789,39.170811],[-84.517242,39.170839],[-84.517222,39.171036],[-84.516769,39.171008]]]}},{"type":"Feature","properties":{"pid":"021900530012"},"geometry":{"type":"Polygon","coordinates":[[[-84.517264,39.170615],[-84.516461,39.170566],[-84.516483,39.170354],[-84.517286,39.170403],[-84.517264,39.170615]]]}},{"type":"Feature","properties":{"pid":"021900530013"},"geometry":{"type":"Polygon","coordinates":[[[-84.518106,39.171092],[-84.517983,39.171084],[-84.518011,39.170808],[-84.518134,39.170815],[-84.518106,39.171092]]]}},{"type":"Feature","properties":{"pid":"021900530014"},"geometry":{"type":"Polygon","coordinates":[[[-84.517731,39.170431],[-84.517793,39.169813],[-84.518058,39.169816],[-84.517994,39.170447],[-84.517731,39.170431]]]}},{"type":"Feature","properties":{"pid":"021900530017"},"geometry":{"type":"Polygon","coordinates":[[[-84.519226,39.171163],[-84.519257,39.170858],[-84.519361,39.170865],[-84.519333,39.171153],[-84.519226,39.171163]]]}},{"type":"Feature","properties":{"pid":"021900530019"},"geometry":{"type":"Polygon","coordinates":[[[-84.519447,39.170371],[-84.519462,39.170232],[-84.519848,39.170256],[-84.519834,39.170395],[-84.519447,39.170371]]]}},{"type":"Feature","properties":{"pid":"021900530020"},"geometry":{"type":"Polygon","coordinates":[[[-84.519184,39.170189],[-84.519215,39.169886],[-84.519355,39.169895],[-84.519324,39.170197],[-84.519184,39.170189]]]}},{"type":"Feature","properties":{"pid":"021900530023"},"geometry":{"type":"Polygon","coordinates":[[[-84.516483,39.170354],[-84.516499,39.17019],[-84.517303,39.170239],[-84.517286,39.170403],[-84.516483,39.170354]]]}},{"type":"Feature","properties":{"pid":"021900530028"},"geometry":{"type":"Polygon","coordinates":[[[-84.517034,39.169059],[-84.517043,39.168974],[-84.517428,39.168997],[-84.517419,39.169082],[-84.517034,39.169059]]]}},{"type":"Feature","properties":{"pid":"021900530030"},"geometry":{"type":"Polygon","coordinates":[[[-84.517062,39.168786],[-84.517068,39.168722],[-84.517453,39.168744],[-84.517447,39.168807],[-84.517062,39.168786]]]}},{"type":"Feature","properties":{"pid":"021900530033"},"geometry":{"type":"Polygon","coordinates":[[[-84.517508,39.169667],[-84.517518,39.169569],[-84.517869,39.169589],[-84.517859,39.169688],[-84.517508,39.169667]]]}},{"type":"Feature","properties":{"pid":"021900530039"},"geometry":{"type":"Polygon","coordinates":[[[-84.517981,39.169695],[-84.517992,39.169596],[-84.518079,39.169601],[-84.518069,39.169701],[-84.517981,39.169695]]]}},{"type":"Feature","properties":{"pid":"021900530043"},"geometry":{"type":"Polygon","coordinates":[[[-84.518238,39.169434],[-84.517886,39.169414],[-84.517895,39.16933],[-84.518246,39.16935],[-84.518238,39.169434]]]}},{"type":"Feature","properties":{"pid":"021900530044"},"geometry":{"type":"Polygon","coordinates":[[[-84.517895,39.16933],[-84.517903,39.169246],[-84.518255,39.169266],[-84.518246,39.16935],[-84.517895,39.16933]]]}},{"type":"Feature","properties":{"pid":"021900530045"},"geometry":{"type":"Polygon","coordinates":[[[-84.517903,39.169246],[-84.51791,39.169178],[-84.518262,39.169197],[-84.518255,39.169266],[-84.517903,39.169246]]]}},{"type":"Feature","properties":{"pid":"021900530047"},"geometry":{"type":"Polygon","coordinates":[[[-84.517917,39.169109],[-84.517924,39.169041],[-84.518276,39.16906],[-84.518269,39.169129],[-84.517917,39.169109]]]}},{"type":"Feature","properties":{"pid":"021900530048"},"geometry":{"type":"Polygon","coordinates":[[[-84.517924,39.169041],[-84.517931,39.168972],[-84.518283,39.168991],[-84.518276,39.16906],[-84.517924,39.169041]]]}},{"type":"Feature","properties":{"pid":"021900530049"},"geometry":{"type":"Polygon","coordinates":[[[-84.517931,39.168972],[-84.517941,39.168876],[-84.518293,39.168896],[-84.518283,39.168991],[-84.517931,39.168972]]]}},{"type":"Feature","properties":{"pid":"021900530051"},"geometry":{"type":"Polygon","coordinates":[[[-84.517952,39.168766],[-84.517959,39.168698],[-84.51831,39.168717],[-84.518304,39.168786],[-84.517952,39.168766]]]}},{"type":"Feature","properties":{"pid":"021900530052"},"geometry":{"type":"Polygon","coordinates":[[[-84.517552,39.169226],[-84.517559,39.169158],[-84.51791,39.169178],[-84.517903,39.169246],[-84.517552,39.169226]]]}},{"type":"Feature","properties":{"pid":"021900530053"},"geometry":{"type":"Polygon","coordinates":[[[-84.517559,39.169158],[-84.51757,39.169049],[-84.517921,39.169068],[-84.51791,39.169178],[-84.517559,39.169158]]]}},{"type":"Feature","properties":{"pid":"021900530054"},"geometry":{"type":"Polygon","coordinates":[[[-84.51757,39.169049],[-84.51758,39.168953],[-84.517931,39.168972],[-84.517921,39.169068],[-84.51757,39.169049]]]}},{"type":"Feature","properties":{"pid":"021900530056"},"geometry":{"type":"Polygon","coordinates":[[[-84.517587,39.168885],[-84.517594,39.168816],[-84.517945,39.168835],[-84.517938,39.168904],[-84.517587,39.168885]]]}},{"type":"Feature","properties":{"pid":"021900530057"},"geometry":{"type":"Polygon","coordinates":[[[-84.517594,39.168816],[-84.5176,39.168747],[-84.517952,39.168766],[-84.517945,39.168835],[-84.517594,39.168816]]]}},{"type":"Feature","properties":{"pid":"021900530058"},"geometry":{"type":"Polygon","coordinates":[[[-84.5176,39.168747],[-84.517607,39.168678],[-84.517959,39.168698],[-84.517952,39.168766],[-84.5176,39.168747]]]}},{"type":"Feature","properties":{"pid":"021900530059"},"geometry":{"type":"Polygon","coordinates":[[[-84.518507,39.169727],[-84.518536,39.169448],[-84.51868,39.169456],[-84.518652,39.169736],[-84.518507,39.169727]]]}},{"type":"Feature","properties":{"pid":"021900530060"},"geometry":{"type":"Polygon","coordinates":[[[-84.518834,39.169747],[-84.518652,39.169736],[-84.51868,39.169456],[-84.518863,39.169466],[-84.518834,39.169747]]]}},{"type":"Feature","properties":{"pid":"021900530061"},"geometry":{"type":"Polygon","coordinates":[[[-84.518834,39.169747],[-84.518863,39.169466],[-84.518961,39.169472],[-84.518932,39.169752],[-84.518834,39.169747]]]}},{"type":"Feature","properties":{"pid":"021900530062"},"geometry":{"type":"Polygon","coordinates":[[[-84.518932,39.169752],[-84.518961,39.169472],[-84.519101,39.169479],[-84.519072,39.169761],[-84.518932,39.169752]]]}},{"type":"Feature","properties":{"pid":"023700020007"},"geometry":{"type":"Polygon","coordinates":[[[-84.520893,39.196209],[-84.520807,39.196009],[-84.52024,39.19615],[-84.51979,39.195782],[-84.523275,39.195889],[-84.523229,39.196278],[-84.520893,39.196209]]]}},{"type":"Feature","properties":{"pid":"023700020008"},"geometry":{"type":"Polygon","coordinates":[[[-84.51979,39.195782],[-84.519496,39.195559],[-84.519403,39.195381],[-84.523316,39.195508],[-84.523275,39.195889],[-84.51979,39.195782]]]}},{"type":"Feature","properties":{"pid":"023700020009"},"geometry":{"type":"Polygon","coordinates":[[[-84.519403,39.195381],[-84.521747,39.195279],[-84.523337,39.195313],[-84.523316,39.195508],[-84.519403,39.195381]]]}},{"type":"Feature","properties":{"pid":"023700020010"},"geometry":{"type":"Polygon","coordinates":[[[-84.521747,39.195279],[-84.519399,39.195373],[-84.519388,39.195312],[-84.520625,39.195258],[-84.520897,39.195042],[-84.52141,39.195001],[-84.521454,39.194933],[-84.523366,39.195035],[-84.523337,39.195313],[-84.521747,39.195279]]]}},{"type":"Feature","properties":{"pid":"023700020011"},"geometry":{"type":"Polygon","coordinates":[[[-84.519383,39.195254],[-84.520535,39.195205],[-84.520837,39.194963],[-84.521332,39.194922],[-84.521498,39.19464],[-84.523392,39.194787],[-84.523366,39.195035],[-84.521454,39.194933],[-84.52141,39.195001],[-84.520897,39.195042],[-84.520625,39.195258],[-84.519388,39.195312],[-84.519383,39.195254]]]}},{"type":"Feature","properties":{"pid":"023700020012"},"geometry":{"type":"Polygon","coordinates":[[[-84.51991,39.194522],[-84.520107,39.194265],[-84.521539,39.1943],[-84.521498,39.19464],[-84.51991,39.194522]]]}},{"type":"Feature","properties":{"pid":"023700020027"},"geometry":{"type":"Polygon","coordinates":[[[-84.519604,39.194892],[-84.51991,39.194522],[-84.521498,39.19464],[-84.521378,39.194843],[-84.519604,39.194892]]]}},{"type":"Feature","properties":{"pid":"023700020028"},"geometry":{"type":"Polygon","coordinates":[[[-84.520202,39.19398],[-84.52023,39.193896],[-84.521575,39.194],[-84.521565,39.194081],[-84.520202,39.19398]]]}},{"type":"Feature","properties":{"pid":"023700020029"},"geometry":{"type":"Polygon","coordinates":[[[-84.519383,39.195254],[-84.519604,39.194892],[-84.521378,39.194843],[-84.521332,39.194922],[-84.520837,39.194963],[-84.520535,39.195205],[-84.519383,39.195254]]]}},{"type":"Feature","properties":{"pid":"021900530063"},"geometry":{"type":"Polygon","coordinates":[[[-84.519101,39.169479],[-84.518378,39.169439],[-84.518392,39.169302],[-84.519115,39.169341],[-84.519101,39.169479]]]}},{"type":"Feature","properties":{"pid":"021900530065"},"geometry":{"type":"Polygon","coordinates":[[[-84.518411,39.16912],[-84.518425,39.168977],[-84.519148,39.169017],[-84.519134,39.16916],[-84.518411,39.16912]]]}},{"type":"Feature","properties":{"pid":"021900530066"},"geometry":{"type":"Polygon","coordinates":[[[-84.518425,39.168977],[-84.51844,39.168834],[-84.519163,39.168874],[-84.519148,39.169017],[-84.518425,39.168977]]]}},{"type":"Feature","properties":{"pid":"021900530067"},"geometry":{"type":"Polygon","coordinates":[[[-84.51844,39.168834],[-84.518462,39.168615],[-84.519184,39.168656],[-84.519163,39.168874],[-84.51844,39.168834]]]}},{"type":"Feature","properties":{"pid":"021900530068"},"geometry":{"type":"Polygon","coordinates":[[[-84.519168,39.168825],[-84.519184,39.168656],[-84.520005,39.168702],[-84.519989,39.168872],[-84.519168,39.168825]]]}},{"type":"Feature","properties":{"pid":"021900530069"},"geometry":{"type":"Polygon","coordinates":[[[-84.518069,39.169701],[-84.518097,39.169426],[-84.518238,39.169434],[-84.51821,39.169709],[-84.518069,39.169701]]]}},{"type":"Feature","properties":{"pid":"021900530071"},"geometry":{"type":"Polygon","coordinates":[[[-84.517068,39.168722],[-84.517076,39.168648],[-84.517461,39.16867],[-84.517453,39.168744],[-84.517068,39.168722]]]}},{"type":"Feature","properties":{"pid":"021900530073"},"geometry":{"type":"Polygon","coordinates":[[[-84.516373,39.171699],[-84.516381,39.171631],[-84.516761,39.171654],[-84.516754,39.171723],[-84.516373,39.171699]]]}},{"type":"Feature","properties":{"pid":"021900530074"},"geometry":{"type":"Polygon","coordinates":[[[-84.517375,39.171045],[-84.517388,39.170906],[-84.517808,39.170932],[-84.517795,39.171072],[-84.517375,39.171045]]]}},{"type":"Feature","properties":{"pid":"021900530076"},"geometry":{"type":"Polygon","coordinates":[[[-84.516384,39.171604],[-84.516397,39.171494],[-84.516774,39.171517],[-84.516764,39.171627],[-84.516384,39.171604]]]}},{"type":"Feature","properties":{"pid":"021900530077"},"geometry":{"type":"Polygon","coordinates":[[[-84.517859,39.169688],[-84.517886,39.169414],[-84.51801,39.169421],[-84.517981,39.169695],[-84.517859,39.169688]]]}},{"type":"Feature","properties":{"pid":"021900530078"},"geometry":{"type":"Polygon","coordinates":[[[-84.51835,39.169717],[-84.518376,39.169466],[-84.518533,39.169475],[-84.518507,39.169727],[-84.51835,39.169717]]]}},{"type":"Feature","properties":{"pid":"021900530079"},"geometry":{"type":"Polygon","coordinates":[[[-84.516594,39.170997],[-84.516622,39.170724],[-84.516797,39.170735],[-84.516769,39.171008],[-84.516594,39.170997]]]}},{"type":"Feature","properties":{"pid":"021900530080"},"geometry":{"type":"Polygon","coordinates":[[[-84.517388,39.170906],[-84.517401,39.170769],[-84.517821,39.170796],[-84.517808,39.170932],[-84.517388,39.170906]]]}},{"type":"Feature","properties":{"pid":"021900530081"},"geometry":{"type":"Polygon","coordinates":[[[-84.516499,39.17019],[-84.516519,39.169994],[-84.517323,39.170043],[-84.517303,39.170239],[-84.516499,39.17019]]]}},{"type":"Feature","properties":{"pid":"021900530084"},"geometry":{"type":"Polygon","coordinates":[[[-84.519138,39.169108],[-84.519158,39.168921],[-84.51998,39.168968],[-84.51996,39.169155],[-84.519138,39.169108]]]}},{"type":"Feature","properties":{"pid":"021900530087"},"geometry":{"type":"Polygon","coordinates":[[[-84.516519,39.169994],[-84.516531,39.169871],[-84.517335,39.169919],[-84.517323,39.170043],[-84.516519,39.169994]]]}},{"type":"Feature","properties":{"pid":"021900530089"},"geometry":{"type":"Polygon","coordinates":[[[-84.518134,39.170815],[-84.517401,39.170769],[-84.517434,39.170413],[-84.518169,39.170458],[-84.518134,39.170815]]]}},{"type":"Feature","properties":{"pid":"021900530090"},"geometry":{"type":"Polygon","coordinates":[[[-84.517847,39.171075],[-84.517857,39.170798],[-84.518011,39.170808],[-84.517983,39.171084],[-84.517847,39.171075]]]}},{"type":"Feature","properties":{"pid":"021900530091"},"geometry":{"type":"Polygon","coordinates":[[[-84.519158,39.168921],[-84.519168,39.168825],[-84.519989,39.168872],[-84.51998,39.168968],[-84.519158,39.168921]]]}},{"type":"Feature","properties":{"pid":"021900530092"},"geometry":{"type":"Polygon","coordinates":[[[-84.51748,39.170195],[-84.517519,39.170087],[-84.517764,39.170102],[-84.517753,39.170212],[-84.51748,39.170195]]]}},{"type":"Feature","properties":{"pid":"021900530093"},"geometry":{"type":"Polygon","coordinates":[[[-84.517457,39.170304],[-84.51748,39.170195],[-84.517753,39.170212],[-84.517742,39.170321],[-84.517457,39.170304]]]}},{"type":"Feature","properties":{"pid":"021900530094"},"geometry":{"type":"Polygon","coordinates":[[[-84.517434,39.170413],[-84.517457,39.170304],[-84.517742,39.170321],[-84.517731,39.170431],[-84.517434,39.170413]]]}},{"type":"Feature","properties":{"pid":"021900530097"},"geometry":{"type":"Polygon","coordinates":[[[-84.517519,39.170087],[-84.517563,39.16998],[-84.517775,39.169993],[-84.517764,39.170102],[-84.517519,39.170087]]]}},{"type":"Feature","properties":{"pid":"021900530098"},"geometry":{"type":"Polygon","coordinates":[[[-84.517994,39.170447],[-84.518058,39.169816],[-84.518233,39.169826],[-84.518169,39.170458],[-84.517994,39.170447]]]}},{"type":"Feature","properties":{"pid":"021900530099"},"geometry":{"type":"Polygon","coordinates":[[[-84.517563,39.16998],[-84.517636,39.169881],[-84.517793,39.169813],[-84.517775,39.169993],[-84.517563,39.16998]]]}},{"type":"Feature","properties":{"pid":"021900530100"},"geometry":{"type":"Polygon","coordinates":[[[-84.517795,39.171072],[-84.517821,39.170796],[-84.517857,39.170798],[-84.51783,39.171074],[-84.517795,39.171072]]]}},{"type":"Feature","properties":{"pid":"021900530103"},"geometry":{"type":"Polygon","coordinates":[[[-84.519397,39.170867],[-84.518837,39.170833],[-84.518904,39.170172],[-84.519464,39.170206],[-84.519436,39.170482],[-84.519822,39.170506],[-84.519811,39.170616],[-84.519425,39.170593],[-84.519397,39.170867]]]}},{"type":"Feature","properties":{"pid":"021900530105"},"geometry":{"type":"Polygon","coordinates":[[[-84.519408,39.170759],[-84.519425,39.170593],[-84.519811,39.170616],[-84.519794,39.170782],[-84.519408,39.170759]]]}},{"type":"Feature","properties":{"pid":"021900530106"},"geometry":{"type":"Polygon","coordinates":[[[-84.51947,39.170151],[-84.519479,39.170068],[-84.519865,39.170092],[-84.519856,39.170174],[-84.51947,39.170151]]]}},{"type":"Feature","properties":{"pid":"021900530107"},"geometry":{"type":"Polygon","coordinates":[[[-84.519628,39.171171],[-84.519368,39.171155],[-84.51938,39.171034],[-84.519747,39.171056],[-84.519715,39.171139],[-84.519628,39.171171]]]}},{"type":"Feature","properties":{"pid":"021900530108"},"geometry":{"type":"Polygon","coordinates":[[[-84.519481,39.170041],[-84.519496,39.169903],[-84.519836,39.169925],[-84.519876,39.169955],[-84.519867,39.170064],[-84.519481,39.170041]]]}},{"type":"Feature","properties":{"pid":"021900530109"},"geometry":{"type":"Polygon","coordinates":[[[-84.518946,39.171145],[-84.518977,39.170841],[-84.519012,39.170843],[-84.518982,39.171148],[-84.518946,39.171145]]]}},{"type":"Feature","properties":{"pid":"021900530110"},"geometry":{"type":"Polygon","coordinates":[[[-84.51938,39.171034],[-84.519397,39.170868],[-84.519783,39.170892],[-84.519747,39.171056],[-84.51938,39.171034]]]}},{"type":"Feature","properties":{"pid":"021900530111"},"geometry":{"type":"Polygon","coordinates":[[[-84.518904,39.170172],[-84.518935,39.169869],[-84.519074,39.169878],[-84.519044,39.17018],[-84.518904,39.170172]]]}},{"type":"Feature","properties":{"pid":"021900530112"},"geometry":{"type":"Polygon","coordinates":[[[-84.519044,39.17018],[-84.519074,39.169878],[-84.519215,39.169886],[-84.519184,39.170189],[-84.519044,39.17018]]]}},{"type":"Feature","properties":{"pid":"021900530113"},"geometry":{"type":"Polygon","coordinates":[[[-84.519377,39.170201],[-84.519407,39.169898],[-84.519496,39.169903],[-84.519464,39.170206],[-84.519377,39.170201]]]}},{"type":"Feature","properties":{"pid":"021900530114"},"geometry":{"type":"Polygon","coordinates":[[[-84.519436,39.170482],[-84.519447,39.170371],[-84.519834,39.170395],[-84.519822,39.170506],[-84.519436,39.170482]]]}},{"type":"Feature","properties":{"pid":"021900530116"},"geometry":{"type":"Polygon","coordinates":[[[-84.519324,39.170197],[-84.519355,39.169895],[-84.519407,39.169898],[-84.519377,39.170201],[-84.519324,39.170197]]]}},{"type":"Feature","properties":{"pid":"021900530119"},"geometry":{"type":"Polygon","coordinates":[[[-84.519402,39.170814],[-84.519408,39.170759],[-84.519794,39.170782],[-84.519789,39.170837],[-84.519402,39.170814]]]}},{"type":"Feature","properties":{"pid":"021900530120"},"geometry":{"type":"Polygon","coordinates":[[[-84.516397,39.171494],[-84.516413,39.171361],[-84.516679,39.171377],[-84.516666,39.17151],[-84.516397,39.171494]]]}},{"type":"Feature","properties":{"pid":"021900530121"},"geometry":{"type":"Polygon","coordinates":[[[-84.516797,39.170735],[-84.516812,39.170587],[-84.517264,39.170615],[-84.517249,39.170762],[-84.516797,39.170735]]]}},{"type":"Feature","properties":{"pid":"021900530122"},"geometry":{"type":"Polygon","coordinates":[[[-84.517043,39.168974],[-84.51706,39.168805],[-84.517445,39.168827],[-84.517428,39.168997],[-84.517043,39.168974]]]}},{"type":"Feature","properties":{"pid":"021900530125"},"geometry":{"type":"Polygon","coordinates":[[[-84.518982,39.171148],[-84.519012,39.170843],[-84.519187,39.170854],[-84.519155,39.171159],[-84.518982,39.171148]]]}},{"type":"Feature","properties":{"pid":"021900530126"},"geometry":{"type":"Polygon","coordinates":[[[-84.517018,39.169213],[-84.517031,39.169087],[-84.517417,39.169109],[-84.517404,39.169235],[-84.517018,39.169213]]]}},{"type":"Feature","properties":{"pid":"021900530127"},"geometry":{"type":"Polygon","coordinates":[[[-84.519396,39.171497],[-84.519389,39.171288],[-84.51974,39.17131],[-84.519723,39.171517],[-84.519396,39.171497]]]}},{"type":"Feature","properties":{"pid":"021900530128"},"geometry":{"type":"Polygon","coordinates":[[[-84.519527,39.171649],[-84.519396,39.171497],[-84.519723,39.171517],[-84.519711,39.17166],[-84.519527,39.171649]]]}},{"type":"Feature","properties":{"pid":"021900530129"},"geometry":{"type":"Polygon","coordinates":[[[-84.519577,39.171796],[-84.519527,39.171649],[-84.519711,39.17166],[-84.519699,39.171803],[-84.519577,39.171796]]]}},{"type":"Feature","properties":{"pid":"021900530131"},"geometry":{"type":"Polygon","coordinates":[[[-84.516845,39.169203],[-84.516865,39.168636],[-84.517076,39.168648],[-84.517018,39.169213],[-84.516845,39.169203]]]}},{"type":"Feature","properties":{"pid":"021900530132"},"geometry":{"type":"Polygon","coordinates":[[[-84.519828,39.169924],[-84.519881,39.169927],[-84.519877,39.169968],[-84.519864,39.169938],[-84.519828,39.169924]]]}},{"type":"Feature","properties":{"pid":"021900530133"},"geometry":{"type":"Polygon","coordinates":[[[-84.51984,39.169807],[-84.519879,39.169798],[-84.519897,39.16977],[-84.519893,39.169811],[-84.51984,39.169807]]]}},{"type":"Feature","properties":{"pid":"021900530141"},"geometry":{"type":"Polygon","coordinates":[[[-84.519366,39.171171],[-84.519661,39.171169],[-84.519766,39.171058],[-84.519752,39.171195],[-84.519366,39.171171]]]}},{"type":"Feature","properties":{"pid":"021900530143"},"geometry":{"type":"Polygon","coordinates":[[[-84.519339,39.171782],[-84.519368,39.171495],[-84.51937,39.171477],[-84.519527,39.171649],[-84.519577,39.171796],[-84.519339,39.171782]]]}},{"type":"Feature","properties":{"pid":"021900540001"},"geometry":{"type":"Polygon","coordinates":[[[-84.519244,39.168659],[-84.519266,39.168412],[-84.52003,39.168455],[-84.520005,39.168702],[-84.519244,39.168659]]]}},{"type":"Feature","properties":{"pid":"023700050008"},"geometry":{"type":"Polygon","coordinates":[[[-84.519189,39.189705],[-84.518942,39.18931],[-84.519458,39.189333],[-84.519707,39.18973],[-84.519189,39.189705]]]}},{"type":"Feature","properties":{"pid":"023700060006"},"geometry":{"type":"Polygon","coordinates":[[[-84.528723,39.187662],[-84.529105,39.187563],[-84.529183,39.187833],[-84.528834,39.187922],[-84.528723,39.187662]]]}},{"type":"Feature","properties":{"pid":"023700060008"},"geometry":{"type":"Polygon","coordinates":[[[-84.528994,39.188125],[-84.528903,39.187905],[-84.529183,39.187833],[-84.529105,39.187563],[-84.528794,39.187643],[-84.528468,39.186889],[-84.530982,39.186994],[-84.530895,39.188254],[-84.529029,39.189256],[-84.528994,39.188125]]]}},{"type":"Feature","properties":{"pid":"023700070006"},"geometry":{"type":"Polygon","coordinates":[[[-84.530982,39.186994],[-84.532352,39.187052],[-84.531848,39.187541],[-84.530895,39.188254],[-84.530982,39.186994]]]}},{"type":"Feature","properties":{"pid":"023700070008"},"geometry":{"type":"Polygon","coordinates":[[[-84.532141,39.189548],[-84.531423,39.187976],[-84.531996,39.187539],[-84.532472,39.187057],[-84.533869,39.187115],[-84.533682,39.188595],[-84.533581,39.188642],[-84.533358,39.189031],[-84.533256,39.189352],[-84.53315,39.189436],[-84.532141,39.189548]]]}},{"type":"Feature","properties":{"pid":"023800010013"},"geometry":{"type":"Polygon","coordinates":[[[-84.518585,39.183769],[-84.518553,39.183535],[-84.519051,39.18356],[-84.519022,39.183789],[-84.518585,39.183769]]]}},{"type":"Feature","properties":{"pid":"023800010014"},"geometry":{"type":"Polygon","coordinates":[[[-84.515034,39.184556],[-84.515052,39.184365],[-84.516996,39.184438],[-84.517085,39.184646],[-84.515034,39.184556]]]}},{"type":"Feature","properties":{"pid":"023800010015"},"geometry":{"type":"Polygon","coordinates":[[[-84.515052,39.184365],[-84.515094,39.183903],[-84.516793,39.18397],[-84.516931,39.18429],[-84.516282,39.184265],[-84.516273,39.184411],[-84.515052,39.184365]]]}},{"type":"Feature","properties":{"pid":"023800010016"},"geometry":{"type":"Polygon","coordinates":[[[-84.516723,39.183807],[-84.515103,39.18375],[-84.515123,39.183387],[-84.51654,39.183434],[-84.516723,39.183807]]]}},{"type":"Feature","properties":{"pid":"023800010019"},"geometry":{"type":"Polygon","coordinates":[[[-84.515972,39.182122],[-84.515249,39.182073],[-84.515275,39.181841],[-84.515838,39.181881],[-84.515972,39.182122]]]}},{"type":"Feature","properties":{"pid":"023800010020"},"geometry":{"type":"Polygon","coordinates":[[[-84.516631,39.182468],[-84.516654,39.182194],[-84.516356,39.18216],[-84.516054,39.182267],[-84.515937,39.182059],[-84.517785,39.181833],[-84.517879,39.181865],[-84.517568,39.182516],[-84.516631,39.182468]]]}},{"type":"Feature","properties":{"pid":"023800010021"},"geometry":{"type":"Polygon","coordinates":[[[-84.516369,39.182006],[-84.516206,39.181713],[-84.515818,39.181845],[-84.515553,39.181371],[-84.516139,39.180617],[-84.51718,39.181627],[-84.517785,39.181833],[-84.516369,39.182006]]]}},{"type":"Feature","properties":{"pid":"021900540003"},"geometry":{"type":"Polygon","coordinates":[[[-84.519584,39.168188],[-84.519594,39.168052],[-84.520068,39.168079],[-84.520055,39.16821],[-84.519584,39.168188]]]}},{"type":"Feature","properties":{"pid":"021900540004"},"geometry":{"type":"Polygon","coordinates":[[[-84.519727,39.167946],[-84.519735,39.167828],[-84.520091,39.167849],[-84.52008,39.167966],[-84.519727,39.167946]]]}},{"type":"Feature","properties":{"pid":"021900540005"},"geometry":{"type":"Polygon","coordinates":[[[-84.519735,39.167828],[-84.519744,39.167702],[-84.520097,39.167748],[-84.520091,39.167849],[-84.519735,39.167828]]]}},{"type":"Feature","properties":{"pid":"021900540006"},"geometry":{"type":"Polygon","coordinates":[[[-84.519602,39.16794],[-84.519619,39.167695],[-84.519744,39.167702],[-84.519727,39.167946],[-84.519602,39.16794]]]}},{"type":"Feature","properties":{"pid":"021900540010"},"geometry":{"type":"Polygon","coordinates":[[[-84.519005,39.167923],[-84.518892,39.167916],[-84.518916,39.167657],[-84.519056,39.167664],[-84.519005,39.167923]]]}},{"type":"Feature","properties":{"pid":"021900540011"},"geometry":{"type":"Polygon","coordinates":[[[-84.519244,39.168659],[-84.518462,39.168615],[-84.518489,39.16837],[-84.519266,39.168412],[-84.519244,39.168659]]]}},{"type":"Feature","properties":{"pid":"021900540012"},"geometry":{"type":"Polygon","coordinates":[[[-84.518489,39.16837],[-84.518515,39.16813],[-84.519287,39.168173],[-84.519266,39.168412],[-84.518489,39.16837]]]}},{"type":"Feature","properties":{"pid":"021900540013"},"geometry":{"type":"Polygon","coordinates":[[[-84.518515,39.16813],[-84.518527,39.168015],[-84.518994,39.168044],[-84.518984,39.168156],[-84.518515,39.16813]]]}},{"type":"Feature","properties":{"pid":"021900540014"},"geometry":{"type":"Polygon","coordinates":[[[-84.518527,39.168015],[-84.518543,39.167866],[-84.519005,39.167923],[-84.518994,39.168044],[-84.518527,39.168015]]]}},{"type":"Feature","properties":{"pid":"021900540015"},"geometry":{"type":"Polygon","coordinates":[[[-84.518895,39.167886],[-84.518543,39.167866],[-84.518604,39.167683],[-84.51871,39.167645],[-84.518916,39.167657],[-84.518895,39.167886]]]}},{"type":"Feature","properties":{"pid":"021900540016"},"geometry":{"type":"Polygon","coordinates":[[[-84.51823,39.168603],[-84.518253,39.168358],[-84.518347,39.168363],[-84.518323,39.168608],[-84.51823,39.168603]]]}},{"type":"Feature","properties":{"pid":"021900540019"},"geometry":{"type":"Polygon","coordinates":[[[-84.517973,39.168588],[-84.517998,39.168343],[-84.518086,39.168348],[-84.51806,39.168593],[-84.517973,39.168588]]]}},{"type":"Feature","properties":{"pid":"021900540021"},"geometry":{"type":"Polygon","coordinates":[[[-84.517705,39.168574],[-84.517727,39.168327],[-84.517907,39.168337],[-84.517883,39.168584],[-84.517705,39.168574]]]}},{"type":"Feature","properties":{"pid":"021900540023"},"geometry":{"type":"Polygon","coordinates":[[[-84.517461,39.168561],[-84.517503,39.16796],[-84.517682,39.167897],[-84.51762,39.168569],[-84.517461,39.168561]]]}},{"type":"Feature","properties":{"pid":"021900540024"},"geometry":{"type":"Polygon","coordinates":[[[-84.517264,39.16855],[-84.517326,39.168023],[-84.517503,39.16796],[-84.517443,39.16856],[-84.517264,39.16855]]]}},{"type":"Feature","properties":{"pid":"021900540025"},"geometry":{"type":"Polygon","coordinates":[[[-84.517104,39.16854],[-84.517154,39.168083],[-84.517326,39.168023],[-84.517264,39.16855],[-84.517104,39.16854]]]}},{"type":"Feature","properties":{"pid":"021900540026"},"geometry":{"type":"Polygon","coordinates":[[[-84.517093,39.168539],[-84.516915,39.168529],[-84.516956,39.168153],[-84.517154,39.168083],[-84.517093,39.168539]]]}},{"type":"Feature","properties":{"pid":"021900540027"},"geometry":{"type":"Polygon","coordinates":[[[-84.516795,39.168522],[-84.516824,39.1682],[-84.516956,39.168153],[-84.516915,39.168529],[-84.516795,39.168522]]]}},{"type":"Feature","properties":{"pid":"021900540029"},"geometry":{"type":"Polygon","coordinates":[[[-84.518347,39.168363],[-84.517643,39.168322],[-84.517665,39.168083],[-84.518371,39.168116],[-84.518347,39.168363]]]}},{"type":"Feature","properties":{"pid":"021900540030"},"geometry":{"type":"Polygon","coordinates":[[[-84.517665,39.168083],[-84.517678,39.167941],[-84.518384,39.167977],[-84.518371,39.168116],[-84.517665,39.168083]]]}},{"type":"Feature","properties":{"pid":"021900540031"},"geometry":{"type":"Polygon","coordinates":[[[-84.517678,39.167941],[-84.517682,39.167897],[-84.517798,39.167856],[-84.518393,39.167888],[-84.518384,39.167977],[-84.517678,39.167941]]]}},{"type":"Feature","properties":{"pid":"021900540033"},"geometry":{"type":"Polygon","coordinates":[[[-84.519711,39.167591],[-84.519721,39.16748],[-84.520123,39.167501],[-84.520114,39.167612],[-84.519711,39.167591]]]}},{"type":"Feature","properties":{"pid":"021900540034"},"geometry":{"type":"Polygon","coordinates":[[[-84.519721,39.16748],[-84.519731,39.16737],[-84.520132,39.167391],[-84.520123,39.167501],[-84.519721,39.16748]]]}},{"type":"Feature","properties":{"pid":"021900540035"},"geometry":{"type":"Polygon","coordinates":[[[-84.519731,39.16737],[-84.519736,39.167315],[-84.520136,39.167336],[-84.520132,39.167391],[-84.519731,39.16737]]]}},{"type":"Feature","properties":{"pid":"021900540036"},"geometry":{"type":"Polygon","coordinates":[[[-84.519741,39.167261],[-84.51975,39.167166],[-84.520162,39.16702],[-84.520141,39.167282],[-84.519741,39.167261]]]}},{"type":"Feature","properties":{"pid":"021900540038"},"geometry":{"type":"Polygon","coordinates":[[[-84.519456,39.167578],[-84.519489,39.167258],[-84.519627,39.167209],[-84.51959,39.167585],[-84.519456,39.167578]]]}},{"type":"Feature","properties":{"pid":"021900540039"},"geometry":{"type":"Polygon","coordinates":[[[-84.51933,39.167571],[-84.519355,39.167305],[-84.519489,39.167258],[-84.519456,39.167578],[-84.51933,39.167571]]]}},{"type":"Feature","properties":{"pid":"021900540040"},"geometry":{"type":"Polygon","coordinates":[[[-84.519208,39.167565],[-84.519227,39.167351],[-84.519355,39.167305],[-84.51933,39.167571],[-84.519208,39.167565]]]}},{"type":"Feature","properties":{"pid":"021900540041"},"geometry":{"type":"Polygon","coordinates":[[[-84.518698,39.167538],[-84.519227,39.167351],[-84.519208,39.167565],[-84.518698,39.167538]]]}},{"type":"Feature","properties":{"pid":"021900540042"},"geometry":{"type":"Polygon","coordinates":[[[-84.519594,39.168052],[-84.519602,39.16794],[-84.52008,39.167966],[-84.520068,39.168079],[-84.519594,39.168052]]]}},{"type":"Feature","properties":{"pid":"021900540043"},"geometry":{"type":"Polygon","coordinates":[[[-84.519736,39.167315],[-84.519741,39.167261],[-84.520141,39.167282],[-84.520136,39.167336],[-84.519736,39.167315]]]}},{"type":"Feature","properties":{"pid":"021900540045"},"geometry":{"type":"Polygon","coordinates":[[[-84.519433,39.168181],[-84.519478,39.167688],[-84.519619,39.167695],[-84.519584,39.168188],[-84.519433,39.168181]]]}},{"type":"Feature","properties":{"pid":"021900540051"},"geometry":{"type":"Polygon","coordinates":[[[-84.518624,39.167296],[-84.52014,39.166769],[-84.520182,39.166754],[-84.520176,39.166835],[-84.518615,39.167385],[-84.518624,39.167296]]]}},{"type":"Feature","properties":{"pid":"021900540052"},"geometry":{"type":"Polygon","coordinates":[[[-84.520051,39.167719],[-84.520104,39.167722],[-84.5201,39.167762],[-84.520089,39.167735],[-84.520051,39.167719]]]}},{"type":"Feature","properties":{"pid":"021900550022"},"geometry":{"type":"Polygon","coordinates":[[[-84.51845,39.167286],[-84.518624,39.167296],[-84.518615,39.167385],[-84.518434,39.167449],[-84.51845,39.167286]]]}},{"type":"Feature","properties":{"pid":"023800010024"},"geometry":{"type":"Polygon","coordinates":[[[-84.516368,39.180839],[-84.516735,39.180574],[-84.517106,39.180853],[-84.516708,39.181169],[-84.516368,39.180839]]]}},{"type":"Feature","properties":{"pid":"023800010025"},"geometry":{"type":"Polygon","coordinates":[[[-84.518381,39.183527],[-84.516776,39.183449],[-84.516261,39.182449],[-84.518093,39.182543],[-84.518381,39.183527]]]}},{"type":"Feature","properties":{"pid":"023800010029"},"geometry":{"type":"Polygon","coordinates":[[[-84.519034,39.18259],[-84.517568,39.182516],[-84.517879,39.181865],[-84.518426,39.18204],[-84.519075,39.182355],[-84.519034,39.18259]]]}},{"type":"Feature","properties":{"pid":"023800010030"},"geometry":{"type":"Polygon","coordinates":[[[-84.517321,39.184673],[-84.516852,39.183597],[-84.516776,39.183449],[-84.517904,39.183504],[-84.51802,39.184708],[-84.517321,39.184673]]]}},{"type":"Feature","properties":{"pid":"023800010031"},"geometry":{"type":"Polygon","coordinates":[[[-84.516215,39.182803],[-84.514899,39.182765],[-84.514591,39.182258],[-84.515994,39.182373],[-84.516215,39.182803]]]}},{"type":"Feature","properties":{"pid":"023800010033"},"geometry":{"type":"Polygon","coordinates":[[[-84.518988,39.183927],[-84.51857,39.18391],[-84.518585,39.183769],[-84.519022,39.183789],[-84.518988,39.183927]]]}},{"type":"Feature","properties":{"pid":"023800010034"},"geometry":{"type":"Polygon","coordinates":[[[-84.51802,39.184708],[-84.517972,39.184206],[-84.518559,39.184231],[-84.51857,39.18391],[-84.519004,39.183928],[-84.518899,39.184751],[-84.51802,39.184708]]]}},{"type":"Feature","properties":{"pid":"023800010035"},"geometry":{"type":"Polygon","coordinates":[[[-84.515094,39.183903],[-84.515102,39.183767],[-84.516731,39.183826],[-84.516793,39.18397],[-84.515094,39.183903]]]}},{"type":"Feature","properties":{"pid":"023800010036"},"geometry":{"type":"Polygon","coordinates":[[[-84.517972,39.184206],[-84.517904,39.183504],[-84.518553,39.183535],[-84.518559,39.184231],[-84.517972,39.184206]]]}},{"type":"Feature","properties":{"pid":"023800010041"},"geometry":{"type":"Polygon","coordinates":[[[-84.516083,39.183174],[-84.516019,39.183051],[-84.516348,39.18306],[-84.516412,39.183185],[-84.516083,39.183174]]]}},{"type":"Feature","properties":{"pid":"023800010043"},"geometry":{"type":"Polygon","coordinates":[[[-84.516211,39.183423],[-84.516136,39.183302],[-84.516478,39.183313],[-84.51654,39.183434],[-84.516211,39.183423]]]}},{"type":"Feature","properties":{"pid":"023800010045"},"geometry":{"type":"Polygon","coordinates":[[[-84.516019,39.183051],[-84.515057,39.183022],[-84.51498,39.182896],[-84.515954,39.182924],[-84.516019,39.183051]]]}},{"type":"Feature","properties":{"pid":"023800010049"},"geometry":{"type":"Polygon","coordinates":[[[-84.516273,39.184411],[-84.516282,39.184265],[-84.516931,39.18429],[-84.516996,39.184438],[-84.516273,39.184411]]]}},{"type":"Feature","properties":{"pid":"023800010052"},"geometry":{"type":"Polygon","coordinates":[[[-84.516261,39.182449],[-84.516161,39.182254],[-84.516654,39.182194],[-84.516631,39.182468],[-84.516261,39.182449]]]}},{"type":"Feature","properties":{"pid":"023800010053"},"geometry":{"type":"Polygon","coordinates":[[[-84.51718,39.184866],[-84.515013,39.184779],[-84.515034,39.184556],[-84.517085,39.184646],[-84.51718,39.184866]]]}},{"type":"Feature","properties":{"pid":"023800010054"},"geometry":{"type":"Polygon","coordinates":[[[-84.515994,39.182373],[-84.515153,39.182304],[-84.515105,39.182064],[-84.515853,39.182114],[-84.515994,39.182373]]]}},{"type":"Feature","properties":{"pid":"023800010056"},"geometry":{"type":"Polygon","coordinates":[[[-84.518596,39.181814],[-84.518088,39.181588],[-84.516491,39.18039],[-84.516642,39.180226],[-84.518276,39.181447],[-84.51866,39.181623],[-84.519171,39.181739],[-84.519141,39.181937],[-84.518596,39.181814]]]}},{"type":"Feature","properties":{"pid":"023800010057"},"geometry":{"type":"Polygon","coordinates":[[[-84.516478,39.183313],[-84.515208,39.183271],[-84.51513,39.183143],[-84.516412,39.183185],[-84.516478,39.183313]]]}},{"type":"Feature","properties":{"pid":"023800010062"},"geometry":{"type":"Polygon","coordinates":[[[-84.515838,39.181881],[-84.515275,39.181841],[-84.51529,39.181709],[-84.515553,39.181371],[-84.515838,39.181881]]]}},{"type":"Feature","properties":{"pid":"023800010063"},"geometry":{"type":"Polygon","coordinates":[[[-84.515937,39.182059],[-84.515818,39.181845],[-84.516206,39.181713],[-84.516369,39.182006],[-84.515937,39.182059]]]}},{"type":"Feature","properties":{"pid":"023800010065"},"geometry":{"type":"Polygon","coordinates":[[[-84.518426,39.18204],[-84.518584,39.181811],[-84.519141,39.181937],[-84.519075,39.182355],[-84.518426,39.18204]]]}},{"type":"Feature","properties":{"pid":"023800010067"},"geometry":{"type":"Polygon","coordinates":[[[-84.51621,39.180685],[-84.516491,39.18039],[-84.516735,39.180574],[-84.516368,39.180839],[-84.51621,39.180685]]]}},{"type":"Feature","properties":{"pid":"023800010069"},"geometry":{"type":"Polygon","coordinates":[[[-84.516708,39.181169],[-84.517106,39.180853],[-84.517488,39.18114],[-84.517048,39.181498],[-84.516708,39.181169]]]}},{"type":"Feature","properties":{"pid":"023800010070"},"geometry":{"type":"Polygon","coordinates":[[[-84.51866,39.181623],[-84.518276,39.181447],[-84.517461,39.180842],[-84.518037,39.18019],[-84.519296,39.180583],[-84.519171,39.181739],[-84.51866,39.181623]]]}},{"type":"Feature","properties":{"pid":"023800010074"},"geometry":{"type":"Polygon","coordinates":[[[-84.518426,39.18204],[-84.517665,39.181792],[-84.518003,39.181528],[-84.518274,39.181694],[-84.518584,39.181811],[-84.518426,39.18204]]]}},{"type":"Feature","properties":{"pid":"023800010075"},"geometry":{"type":"Polygon","coordinates":[[[-84.51718,39.181627],[-84.517048,39.181498],[-84.517488,39.18114],[-84.518003,39.181528],[-84.517665,39.181792],[-84.51718,39.181627]]]}},{"type":"Feature","properties":{"pid":"023800010076"},"geometry":{"type":"Polygon","coordinates":[[[-84.519171,39.181739],[-84.519293,39.180615],[-84.519955,39.180637],[-84.520392,39.181582],[-84.519919,39.181712],[-84.519171,39.181739]]]}},{"type":"Feature","properties":{"pid":"023800020004"},"geometry":{"type":"Polygon","coordinates":[[[-84.515249,39.182073],[-84.515012,39.182057],[-84.515027,39.18192],[-84.515153,39.181832],[-84.515275,39.181841],[-84.515249,39.182073]]]}},{"type":"Feature","properties":{"pid":"023800020022"},"geometry":{"type":"Polygon","coordinates":[[[-84.515153,39.182304],[-84.513851,39.182198],[-84.513398,39.180932],[-84.514337,39.181016],[-84.514368,39.180758],[-84.51539,39.180848],[-84.515275,39.181841],[-84.515153,39.181832],[-84.515027,39.18192],[-84.515012,39.182057],[-84.515105,39.182064],[-84.515153,39.182304]]]}},{"type":"Feature","properties":{"pid":"023800030011"},"geometry":{"type":"Polygon","coordinates":[[[-84.501188,39.182562],[-84.500787,39.182566],[-84.500031,39.182721],[-84.500104,39.182641],[-84.501017,39.18248],[-84.501533,39.182563],[-84.501952,39.182738],[-84.501874,39.182805],[-84.501603,39.182663],[-84.501188,39.182562]]]}},{"type":"Feature","properties":{"pid":"023800060016"},"geometry":{"type":"Polygon","coordinates":[[[-84.512171,39.187439],[-84.512425,39.187375],[-84.512493,39.187608],[-84.512271,39.187676],[-84.512171,39.187439]]]}},{"type":"Feature","properties":{"pid":"023800060024"},"geometry":{"type":"Polygon","coordinates":[[[-84.511795,39.189594],[-84.511481,39.189535],[-84.511217,39.189375],[-84.510931,39.188927],[-84.510727,39.188711],[-84.511236,39.188287],[-84.511728,39.188657],[-84.511887,39.188918],[-84.511909,39.189207],[-84.511795,39.189594]]]}},{"type":"Feature","properties":{"pid":"023800060025"},"geometry":{"type":"Polygon","coordinates":[[[-84.51236,39.189715],[-84.511957,39.189622],[-84.512089,39.189088],[-84.512019,39.188792],[-84.511829,39.188529],[-84.511374,39.188174],[-84.511592,39.188005],[-84.512342,39.187806],[-84.512436,39.188028],[-84.512222,39.188081],[-84.512371,39.188442],[-84.51258,39.188389],[-84.512607,39.188454],[-84.512855,39.188389],[-84.5129,39.188495],[-84.512649,39.188554],[-84.512677,39.188618],[-84.512463,39.188672],[-84.512576,39.188958],[-84.51236,39.189715]]]}},{"type":"Feature","properties":{"pid":"022000570022"},"geometry":{"type":"Polygon","coordinates":[[[-84.513124,39.172979],[-84.513239,39.172941],[-84.513396,39.173228],[-84.513278,39.173268],[-84.513124,39.172979]]]}},{"type":"Feature","properties":{"pid":"022000570072"},"geometry":{"type":"Polygon","coordinates":[[[-84.512726,39.173113],[-84.51289,39.173058],[-84.513049,39.173345],[-84.512887,39.173399],[-84.512726,39.173113]]]}},{"type":"Feature","properties":{"pid":"022000570073"},"geometry":{"type":"Polygon","coordinates":[[[-84.513716,39.172781],[-84.513793,39.172755],[-84.513954,39.17304],[-84.513877,39.173066],[-84.513716,39.172781]]]}},{"type":"Feature","properties":{"pid":"022000570075"},"geometry":{"type":"Polygon","coordinates":[[[-84.512569,39.172831],[-84.512735,39.172775],[-84.51289,39.173058],[-84.512726,39.173113],[-84.512569,39.172831]]]}},{"type":"Feature","properties":{"pid":"022000570076"},"geometry":{"type":"Polygon","coordinates":[[[-84.512735,39.172775],[-84.512841,39.172739],[-84.512999,39.173021],[-84.51289,39.173058],[-84.512735,39.172775]]]}},{"type":"Feature","properties":{"pid":"022000570077"},"geometry":{"type":"Polygon","coordinates":[[[-84.512972,39.172695],[-84.513084,39.172657],[-84.513239,39.172941],[-84.513124,39.172979],[-84.512972,39.172695]]]}},{"type":"Feature","properties":{"pid":"022000570078"},"geometry":{"type":"Polygon","coordinates":[[[-84.513649,39.172465],[-84.513816,39.172408],[-84.513967,39.172697],[-84.513808,39.17275],[-84.513649,39.172465]]]}},{"type":"Feature","properties":{"pid":"022000570079"},"geometry":{"type":"Polygon","coordinates":[[[-84.513816,39.172408],[-84.513983,39.172352],[-84.514132,39.172642],[-84.513967,39.172697],[-84.513816,39.172408]]]}},{"type":"Feature","properties":{"pid":"022000570080"},"geometry":{"type":"Polygon","coordinates":[[[-84.513983,39.172352],[-84.514149,39.172296],[-84.514295,39.172574],[-84.514132,39.172642],[-84.513983,39.172352]]]}},{"type":"Feature","properties":{"pid":"022000570081"},"geometry":{"type":"Polygon","coordinates":[[[-84.514296,39.172575],[-84.514401,39.172542],[-84.514562,39.172835],[-84.514457,39.17287],[-84.514296,39.172575]]]}},{"type":"Feature","properties":{"pid":"022000570083"},"geometry":{"type":"Polygon","coordinates":[[[-84.514439,39.172529],[-84.514524,39.172502],[-84.514681,39.172795],[-84.5146,39.172822],[-84.514439,39.172529]]]}},{"type":"Feature","properties":{"pid":"022000570084"},"geometry":{"type":"Polygon","coordinates":[[[-84.51465,39.17255],[-84.515058,39.172414],[-84.515081,39.172491],[-84.514689,39.172623],[-84.51465,39.17255]]]}},{"type":"Feature","properties":{"pid":"022000570085"},"geometry":{"type":"Polygon","coordinates":[[[-84.514285,39.17225],[-84.514454,39.172192],[-84.514593,39.17248],[-84.514439,39.172529],[-84.514285,39.17225]]]}},{"type":"Feature","properties":{"pid":"022000570086"},"geometry":{"type":"Polygon","coordinates":[[[-84.514689,39.172623],[-84.515081,39.172491],[-84.515103,39.172565],[-84.514724,39.172689],[-84.514689,39.172623]]]}},{"type":"Feature","properties":{"pid":"022000570087"},"geometry":{"type":"Polygon","coordinates":[[[-84.51461,39.172475],[-84.514743,39.172433],[-84.515036,39.172339],[-84.515058,39.172414],[-84.51465,39.17255],[-84.51461,39.172475]]]}},{"type":"Feature","properties":{"pid":"022000570088"},"geometry":{"type":"Polygon","coordinates":[[[-84.514676,39.172301],[-84.514678,39.172261],[-84.514984,39.172161],[-84.514995,39.172198],[-84.514676,39.172301]]]}},{"type":"Feature","properties":{"pid":"022000570089"},"geometry":{"type":"Polygon","coordinates":[[[-84.515383,39.173018],[-84.515579,39.172995],[-84.515635,39.17332],[-84.515479,39.173339],[-84.515383,39.173018]]]}},{"type":"Feature","properties":{"pid":"022000570090"},"geometry":{"type":"Polygon","coordinates":[[[-84.515579,39.172995],[-84.515726,39.172978],[-84.515735,39.173308],[-84.515635,39.17332],[-84.515579,39.172995]]]}},{"type":"Feature","properties":{"pid":"022000570091"},"geometry":{"type":"Polygon","coordinates":[[[-84.515726,39.172978],[-84.515881,39.17296],[-84.51589,39.173289],[-84.515735,39.173308],[-84.515726,39.172978]]]}},{"type":"Feature","properties":{"pid":"022000570092"},"geometry":{"type":"Polygon","coordinates":[[[-84.515881,39.17296],[-84.515958,39.172951],[-84.51593,39.173285],[-84.51589,39.173289],[-84.515881,39.17296]]]}},{"type":"Feature","properties":{"pid":"022000570093"},"geometry":{"type":"Polygon","coordinates":[[[-84.515958,39.172951],[-84.516081,39.172937],[-84.516047,39.17327],[-84.51593,39.173285],[-84.515958,39.172951]]]}},{"type":"Feature","properties":{"pid":"022000570094"},"geometry":{"type":"Polygon","coordinates":[[[-84.515708,39.1729],[-84.516089,39.172859],[-84.516081,39.172937],[-84.515726,39.172978],[-84.515708,39.1729]]]}},{"type":"Feature","properties":{"pid":"022000570095"},"geometry":{"type":"Polygon","coordinates":[[[-84.515273,39.172652],[-84.515689,39.17259],[-84.515732,39.172753],[-84.515317,39.172798],[-84.515273,39.172652]]]}},{"type":"Feature","properties":{"pid":"022000570096"},"geometry":{"type":"Polygon","coordinates":[[[-84.515706,39.172655],[-84.516114,39.172612],[-84.516104,39.172712],[-84.515732,39.172753],[-84.515706,39.172655]]]}},{"type":"Feature","properties":{"pid":"022000570097"},"geometry":{"type":"Polygon","coordinates":[[[-84.515191,39.172376],[-84.515657,39.172308],[-84.515694,39.172443],[-84.51523,39.172507],[-84.515191,39.172376]]]}},{"type":"Feature","properties":{"pid":"022000570098"},"geometry":{"type":"Polygon","coordinates":[[[-84.515147,39.172231],[-84.515614,39.172149],[-84.515657,39.172308],[-84.515191,39.172376],[-84.515147,39.172231]]]}},{"type":"Feature","properties":{"pid":"022000570099"},"geometry":{"type":"Polygon","coordinates":[[[-84.515672,39.172362],[-84.516153,39.17224],[-84.516138,39.17238],[-84.515694,39.172443],[-84.515672,39.172362]]]}},{"type":"Feature","properties":{"pid":"022000570103"},"geometry":{"type":"Polygon","coordinates":[[[-84.515621,39.172175],[-84.515655,39.172142],[-84.515628,39.172042],[-84.516181,39.17197],[-84.516169,39.17208],[-84.515621,39.172175]]]}},{"type":"Feature","properties":{"pid":"022000570104"},"geometry":{"type":"Polygon","coordinates":[[[-84.515594,39.171916],[-84.515568,39.171822],[-84.516201,39.171769],[-84.516192,39.171859],[-84.515594,39.171916]]]}},{"type":"Feature","properties":{"pid":"022000570107"},"geometry":{"type":"Polygon","coordinates":[[[-84.51523,39.172507],[-84.515652,39.172448],[-84.51567,39.172519],[-84.515253,39.172584],[-84.51523,39.172507]]]}},{"type":"Feature","properties":{"pid":"022000570108"},"geometry":{"type":"Polygon","coordinates":[[[-84.513453,39.172869],[-84.513617,39.172814],[-84.513779,39.173099],[-84.513611,39.173155],[-84.513453,39.172869]]]}},{"type":"Feature","properties":{"pid":"022000570109"},"geometry":{"type":"Polygon","coordinates":[[[-84.515708,39.1729],[-84.515674,39.172759],[-84.516104,39.172712],[-84.516089,39.172859],[-84.515708,39.1729]]]}},{"type":"Feature","properties":{"pid":"022000570110"},"geometry":{"type":"Polygon","coordinates":[[[-84.515672,39.172362],[-84.515621,39.172175],[-84.516169,39.17208],[-84.516153,39.17224],[-84.515672,39.172362]]]}},{"type":"Feature","properties":{"pid":"022000570111"},"geometry":{"type":"Polygon","coordinates":[[[-84.515253,39.172584],[-84.51567,39.172519],[-84.515689,39.17259],[-84.515273,39.172652],[-84.515253,39.172584]]]}},{"type":"Feature","properties":{"pid":"022000570115"},"geometry":{"type":"Polygon","coordinates":[[[-84.514676,39.172301],[-84.514995,39.172198],[-84.515036,39.172339],[-84.514743,39.172433],[-84.514676,39.172301]]]}},{"type":"Feature","properties":{"pid":"022000570117"},"geometry":{"type":"Polygon","coordinates":[[[-84.515706,39.172655],[-84.515675,39.172538],[-84.516128,39.172477],[-84.516114,39.172612],[-84.515706,39.172655]]]}},{"type":"Feature","properties":{"pid":"022000570118"},"geometry":{"type":"Polygon","coordinates":[[[-84.51567,39.172519],[-84.515652,39.172448],[-84.516138,39.17238],[-84.516128,39.172477],[-84.51567,39.172519]]]}},{"type":"Feature","properties":{"pid":"022000570119"},"geometry":{"type":"Polygon","coordinates":[[[-84.515349,39.172904],[-84.515699,39.172864],[-84.515726,39.172978],[-84.515383,39.173018],[-84.515349,39.172904]]]}},{"type":"Feature","properties":{"pid":"022000570121"},"geometry":{"type":"Polygon","coordinates":[[[-84.514524,39.172502],[-84.51461,39.172475],[-84.514766,39.172767],[-84.514681,39.172795],[-84.514524,39.172502]]]}},{"type":"Feature","properties":{"pid":"022000570126"},"geometry":{"type":"Polygon","coordinates":[[[-84.514295,39.172574],[-84.514149,39.172296],[-84.514285,39.17225],[-84.514439,39.172529],[-84.514295,39.172574]]]}},{"type":"Feature","properties":{"pid":"022000570128"},"geometry":{"type":"Polygon","coordinates":[[[-84.513002,39.17302],[-84.513124,39.172979],[-84.513278,39.173268],[-84.513162,39.173307],[-84.513002,39.17302]]]}},{"type":"Feature","properties":{"pid":"022000570130"},"geometry":{"type":"Polygon","coordinates":[[[-84.513197,39.172618],[-84.513305,39.172582],[-84.513463,39.172866],[-84.513353,39.172903],[-84.513197,39.172618]]]}},{"type":"Feature","properties":{"pid":"022000570131"},"geometry":{"type":"Polygon","coordinates":[[[-84.512844,39.172738],[-84.512972,39.172695],[-84.513124,39.172979],[-84.513002,39.17302],[-84.512844,39.172738]]]}},{"type":"Feature","properties":{"pid":"022000570133"},"geometry":{"type":"Polygon","coordinates":[[[-84.513084,39.172657],[-84.513197,39.172618],[-84.513353,39.172903],[-84.513239,39.172941],[-84.513084,39.172657]]]}},{"type":"Feature","properties":{"pid":"022000570135"},"geometry":{"type":"Polygon","coordinates":[[[-84.513422,39.172542],[-84.513536,39.172504],[-84.513691,39.172789],[-84.513576,39.172828],[-84.513422,39.172542]]]}},{"type":"Feature","properties":{"pid":"022000570136"},"geometry":{"type":"Polygon","coordinates":[[[-84.513536,39.172504],[-84.513649,39.172465],[-84.513808,39.17275],[-84.513691,39.172789],[-84.513536,39.172504]]]}},{"type":"Feature","properties":{"pid":"022000570137"},"geometry":{"type":"Polygon","coordinates":[[[-84.513305,39.172582],[-84.513422,39.172542],[-84.513576,39.172828],[-84.513463,39.172866],[-84.513305,39.172582]]]}},{"type":"Feature","properties":{"pid":"022000570138"},"geometry":{"type":"Polygon","coordinates":[[[-84.514335,39.172911],[-84.514196,39.17262],[-84.514295,39.172574],[-84.514457,39.17287],[-84.514335,39.172911]]]}},{"type":"Feature","properties":{"pid":"022000570140"},"geometry":{"type":"Polygon","coordinates":[[[-84.513617,39.172814],[-84.513716,39.172781],[-84.513877,39.173066],[-84.513779,39.173099],[-84.513617,39.172814]]]}},{"type":"Feature","properties":{"pid":"022000570141"},"geometry":{"type":"Polygon","coordinates":[[[-84.514075,39.172661],[-84.514196,39.17262],[-84.514335,39.172911],[-84.514236,39.172945],[-84.514075,39.172661]]]}},{"type":"Feature","properties":{"pid":"022000570142"},"geometry":{"type":"Polygon","coordinates":[[[-84.513287,39.172925],[-84.513453,39.172869],[-84.513611,39.173155],[-84.513446,39.173211],[-84.513287,39.172925]]]}},{"type":"Feature","properties":{"pid":"022000570143"},"geometry":{"type":"Polygon","coordinates":[[[-84.513955,39.172701],[-84.514075,39.172661],[-84.514236,39.172945],[-84.514116,39.172985],[-84.513955,39.172701]]]}},{"type":"Feature","properties":{"pid":"022000570144"},"geometry":{"type":"Polygon","coordinates":[[[-84.513834,39.172741],[-84.513955,39.172701],[-84.514116,39.172985],[-84.513996,39.173026],[-84.513834,39.172741]]]}},{"type":"Feature","properties":{"pid":"022000570145"},"geometry":{"type":"Polygon","coordinates":[[[-84.515317,39.172798],[-84.515674,39.172759],[-84.515699,39.172864],[-84.515349,39.172904],[-84.515317,39.172798]]]}},{"type":"Feature","properties":{"pid":"022000570146"},"geometry":{"type":"Polygon","coordinates":[[[-84.51289,39.173058],[-84.513002,39.17302],[-84.513162,39.173307],[-84.513049,39.173345],[-84.51289,39.173058]]]}},{"type":"Feature","properties":{"pid":"022000570152"},"geometry":{"type":"Polygon","coordinates":[[[-84.514724,39.172689],[-84.515103,39.172565],[-84.515126,39.172645],[-84.514766,39.172767],[-84.514724,39.172689]]]}},{"type":"Feature","properties":{"pid":"022000570156"},"geometry":{"type":"Polygon","coordinates":[[[-84.514454,39.172192],[-84.514617,39.172137],[-84.514743,39.172433],[-84.514593,39.17248],[-84.514454,39.172192]]]}},{"type":"Feature","properties":{"pid":"022000570157"},"geometry":{"type":"Polygon","coordinates":[[[-84.515626,39.172035],[-84.515594,39.171916],[-84.516192,39.171859],[-84.516181,39.17197],[-84.515626,39.172035]]]}},{"type":"Feature","properties":{"pid":"023900030006"},"geometry":{"type":"Polygon","coordinates":[[[-84.488355,39.194152],[-84.488266,39.194151],[-84.488016,39.193398],[-84.487618,39.1931],[-84.489255,39.191323],[-84.48946,39.19147],[-84.489232,39.19162],[-84.488513,39.194292],[-84.488355,39.194152]]]}},{"type":"Feature","properties":{"pid":"022000590003"},"geometry":{"type":"Polygon","coordinates":[[[-84.515782,39.171516],[-84.516168,39.171534],[-84.515805,39.171612],[-84.515782,39.171516]]]}},{"type":"Feature","properties":{"pid":"022000590005"},"geometry":{"type":"Polygon","coordinates":[[[-84.515066,39.169872],[-84.51505,39.169734],[-84.515644,39.169766],[-84.515632,39.169903],[-84.515066,39.169872]]]}},{"type":"Feature","properties":{"pid":"022000590018"},"geometry":{"type":"Polygon","coordinates":[[[-84.516031,39.168491],[-84.516343,39.168379],[-84.516319,39.168646],[-84.516001,39.168767],[-84.516031,39.168491]]]}},{"type":"Feature","properties":{"pid":"022000590040"},"geometry":{"type":"Polygon","coordinates":[[[-84.51431,39.169178],[-84.515832,39.168563],[-84.515837,39.168561],[-84.515812,39.168839],[-84.515734,39.168868],[-84.51566,39.169598],[-84.515031,39.169563],[-84.514497,39.169811],[-84.51431,39.169178]]]}},{"type":"Feature","properties":{"pid":"022000590059"},"geometry":{"type":"Polygon","coordinates":[[[-84.515706,39.170937],[-84.51573,39.17068],[-84.516265,39.170712],[-84.516239,39.170974],[-84.515706,39.170937]]]}},{"type":"Feature","properties":{"pid":"022300010007"},"geometry":{"type":"Polygon","coordinates":[[[-84.525144,39.182411],[-84.525145,39.182302],[-84.525314,39.182306],[-84.525321,39.182262],[-84.525735,39.182276],[-84.525732,39.182431],[-84.525144,39.182411]]]}},{"type":"Feature","properties":{"pid":"022300010039"},"geometry":{"type":"Polygon","coordinates":[[[-84.526775,39.183623],[-84.526784,39.183442],[-84.527258,39.183459],[-84.527295,39.18364],[-84.526775,39.183623]]]}},{"type":"Feature","properties":{"pid":"022300010044"},"geometry":{"type":"Polygon","coordinates":[[[-84.526967,39.184181],[-84.526974,39.184041],[-84.527381,39.184055],[-84.52741,39.184198],[-84.526967,39.184181]]]}},{"type":"Feature","properties":{"pid":"022300010045"},"geometry":{"type":"Polygon","coordinates":[[[-84.526316,39.18482],[-84.526343,39.184338],[-84.527448,39.184379],[-84.527584,39.184868],[-84.526316,39.18482]]]}},{"type":"Feature","properties":{"pid":"022300010047"},"geometry":{"type":"Polygon","coordinates":[[[-84.526884,39.183257],[-84.526894,39.183082],[-84.527182,39.183092],[-84.527218,39.183267],[-84.526884,39.183257]]]}},{"type":"Feature","properties":{"pid":"022300010049"},"geometry":{"type":"Polygon","coordinates":[[[-84.525056,39.183695],[-84.524856,39.183185],[-84.526722,39.18325],[-84.526698,39.18362],[-84.527295,39.18364],[-84.527324,39.183782],[-84.525056,39.183695]]]}},{"type":"Feature","properties":{"pid":"022300010052"},"geometry":{"type":"Polygon","coordinates":[[[-84.527182,39.183092],[-84.526822,39.183079],[-84.526837,39.182944],[-84.527153,39.182955],[-84.527182,39.183092]]]}},{"type":"Feature","properties":{"pid":"022300010053"},"geometry":{"type":"Polygon","coordinates":[[[-84.525976,39.182566],[-84.52598,39.18244],[-84.526331,39.182452],[-84.526323,39.18258],[-84.525976,39.182566]]]}},{"type":"Feature","properties":{"pid":"022300010064"},"geometry":{"type":"Polygon","coordinates":[[[-84.526784,39.183442],[-84.526793,39.183253],[-84.527218,39.183267],[-84.527258,39.183459],[-84.526784,39.183442]]]}},{"type":"Feature","properties":{"pid":"022300010066"},"geometry":{"type":"Polygon","coordinates":[[[-84.527419,39.184242],[-84.525705,39.184178],[-84.525731,39.183761],[-84.527332,39.183821],[-84.527381,39.184055],[-84.526974,39.184041],[-84.526967,39.184181],[-84.52741,39.184198],[-84.527419,39.184242]]]}},{"type":"Feature","properties":{"pid":"022300010068"},"geometry":{"type":"Polygon","coordinates":[[[-84.526103,39.182444],[-84.525825,39.182434],[-84.525825,39.182313],[-84.525897,39.182174],[-84.526081,39.182162],[-84.526103,39.182444]]]}},{"type":"Feature","properties":{"pid":"022300010071"},"geometry":{"type":"Polygon","coordinates":[[[-84.525753,39.184799],[-84.52578,39.18418],[-84.527419,39.184242],[-84.527448,39.184379],[-84.526343,39.184338],[-84.526316,39.18482],[-84.525753,39.184799]]]}},{"type":"Feature","properties":{"pid":"022300030005"},"geometry":{"type":"Polygon","coordinates":[[[-84.511367,39.167664],[-84.511433,39.167619],[-84.511664,39.167827],[-84.511597,39.167872],[-84.511367,39.167664]]]}},{"type":"Feature","properties":{"pid":"022300030007"},"geometry":{"type":"Polygon","coordinates":[[[-84.511234,39.167753],[-84.5113,39.167708],[-84.511531,39.167917],[-84.511464,39.167962],[-84.511234,39.167753]]]}},{"type":"Feature","properties":{"pid":"022300030008"},"geometry":{"type":"Polygon","coordinates":[[[-84.511167,39.167797],[-84.511234,39.167753],[-84.511464,39.167962],[-84.511398,39.168006],[-84.511167,39.167797]]]}},{"type":"Feature","properties":{"pid":"022300030009"},"geometry":{"type":"Polygon","coordinates":[[[-84.511101,39.167842],[-84.511167,39.167797],[-84.511398,39.168006],[-84.511331,39.168051],[-84.511101,39.167842]]]}},{"type":"Feature","properties":{"pid":"022300030010"},"geometry":{"type":"Polygon","coordinates":[[[-84.511034,39.167887],[-84.511101,39.167842],[-84.511331,39.168051],[-84.511264,39.168096],[-84.511034,39.167887]]]}},{"type":"Feature","properties":{"pid":"022300030011"},"geometry":{"type":"Polygon","coordinates":[[[-84.510968,39.167932],[-84.511034,39.167887],[-84.511264,39.168096],[-84.511198,39.16814],[-84.510968,39.167932]]]}},{"type":"Feature","properties":{"pid":"022300030012"},"geometry":{"type":"Polygon","coordinates":[[[-84.510901,39.167976],[-84.510968,39.167932],[-84.511198,39.16814],[-84.511131,39.168185],[-84.510901,39.167976]]]}},{"type":"Feature","properties":{"pid":"022300030016"},"geometry":{"type":"Polygon","coordinates":[[[-84.510635,39.168155],[-84.510702,39.16811],[-84.510932,39.168319],[-84.510865,39.168363],[-84.510635,39.168155]]]}},{"type":"Feature","properties":{"pid":"022300030017"},"geometry":{"type":"Polygon","coordinates":[[[-84.510568,39.1682],[-84.510635,39.168155],[-84.510865,39.168363],[-84.510799,39.168408],[-84.510568,39.1682]]]}},{"type":"Feature","properties":{"pid":"022300030027"},"geometry":{"type":"Polygon","coordinates":[[[-84.509903,39.168647],[-84.50997,39.168602],[-84.510201,39.16881],[-84.510134,39.168854],[-84.509903,39.168647]]]}},{"type":"Feature","properties":{"pid":"022300030044"},"geometry":{"type":"Polygon","coordinates":[[[-84.510736,39.167722],[-84.510802,39.167677],[-84.511034,39.167887],[-84.510968,39.167932],[-84.510736,39.167722]]]}},{"type":"Feature","properties":{"pid":"022300030045"},"geometry":{"type":"Polygon","coordinates":[[[-84.510802,39.167677],[-84.510869,39.167632],[-84.511101,39.167842],[-84.511034,39.167887],[-84.510802,39.167677]]]}},{"type":"Feature","properties":{"pid":"022300030047"},"geometry":{"type":"Polygon","coordinates":[[[-84.510935,39.167587],[-84.511002,39.167542],[-84.511234,39.167753],[-84.511167,39.167797],[-84.510935,39.167587]]]}},{"type":"Feature","properties":{"pid":"022300030048"},"geometry":{"type":"Polygon","coordinates":[[[-84.511234,39.167753],[-84.511152,39.167679],[-84.51142,39.1675],[-84.511501,39.167574],[-84.511234,39.167753]]]}},{"type":"Feature","properties":{"pid":"022300030049"},"geometry":{"type":"Polygon","coordinates":[[[-84.511117,39.167647],[-84.511385,39.167468],[-84.51142,39.1675],[-84.511152,39.167679],[-84.511117,39.167647]]]}},{"type":"Feature","properties":{"pid":"020000480002"},"geometry":{"type":"Polygon","coordinates":[[[-84.537482,39.180156],[-84.534576,39.17996],[-84.534695,39.178787],[-84.537469,39.178961],[-84.537401,39.179225],[-84.537389,39.179804],[-84.537482,39.180156]]]}},{"type":"Feature","properties":{"pid":"020000480003"},"geometry":{"type":"Polygon","coordinates":[[[-84.534695,39.178787],[-84.534791,39.177852],[-84.538076,39.178066],[-84.538006,39.178222],[-84.537664,39.178611],[-84.537469,39.178961],[-84.534695,39.178787]]]}},{"type":"Feature","properties":{"pid":"020000480004"},"geometry":{"type":"Polygon","coordinates":[[[-84.534791,39.177852],[-84.534854,39.17722],[-84.538173,39.177438],[-84.538165,39.177706],[-84.538076,39.178066],[-84.534791,39.177852]]]}},{"type":"Feature","properties":{"pid":"020000480005"},"geometry":{"type":"Polygon","coordinates":[[[-84.534854,39.17722],[-84.534894,39.176823],[-84.536377,39.17688],[-84.536393,39.176706],[-84.538192,39.176836],[-84.538173,39.177438],[-84.534854,39.17722]]]}},{"type":"Feature","properties":{"pid":"021900500005"},"geometry":{"type":"Polygon","coordinates":[[[-84.517473,39.180015],[-84.517602,39.179867],[-84.517117,39.179709],[-84.517255,39.179559],[-84.51767,39.179274],[-84.518258,39.179956],[-84.517867,39.180137],[-84.517473,39.180015]]]}},{"type":"Feature","properties":{"pid":"021900500009"},"geometry":{"type":"Polygon","coordinates":[[[-84.521928,39.177832],[-84.522277,39.177428],[-84.52248,39.177539],[-84.522116,39.17793],[-84.521928,39.177832]]]}},{"type":"Feature","properties":{"pid":"021900500015"},"geometry":{"type":"Polygon","coordinates":[[[-84.520987,39.177319],[-84.520807,39.177225],[-84.521163,39.176823],[-84.521342,39.17692],[-84.520987,39.177319]]]}},{"type":"Feature","properties":{"pid":"021900500016"},"geometry":{"type":"Polygon","coordinates":[[[-84.520666,39.177151],[-84.521029,39.17675],[-84.521163,39.176823],[-84.520807,39.177225],[-84.520666,39.177151]]]}},{"type":"Feature","properties":{"pid":"021900500036"},"geometry":{"type":"MultiPolygon","coordinates":[[[[-84.515532,39.179525],[-84.51556,39.17926],[-84.516132,39.179492],[-84.516632,39.179958],[-84.516503,39.180099],[-84.516435,39.180104],[-84.515965,39.179758],[-84.515532,39.179525]]],[[[-84.515374,39.18099],[-84.51546,39.180194],[-84.515513,39.179696],[-84.515846,39.179894],[-84.516333,39.18027],[-84.516186,39.180434],[-84.51593,39.180327],[-84.515821,39.180519],[-84.516025,39.180605],[-84.515707,39.181013],[-84.515374,39.18099]]]]}},{"type":"Feature","properties":{"pid":"021900500041"},"geometry":{"type":"Polygon","coordinates":[[[-84.515485,39.181457],[-84.515348,39.181211],[-84.515374,39.18099],[-84.515824,39.181022],[-84.515485,39.181457]]]}},{"type":"Feature","properties":{"pid":"021900500042"},"geometry":{"type":"Polygon","coordinates":[[[-84.516118,39.180644],[-84.515821,39.180519],[-84.51593,39.180327],[-84.516277,39.180472],[-84.516118,39.180644]]]}},{"type":"Feature","properties":{"pid":"021900500045"},"geometry":{"type":"Polygon","coordinates":[[[-84.525301,39.179455],[-84.52534,39.179086],[-84.525502,39.179203],[-84.525472,39.179519],[-84.525301,39.179455]]]}},{"type":"Feature","properties":{"pid":"021900500047"},"geometry":{"type":"Polygon","coordinates":[[[-84.517679,39.179268],[-84.517812,39.179186],[-84.518105,39.179529],[-84.517969,39.1796],[-84.517679,39.179268]]]}},{"type":"Feature","properties":{"pid":"021900500051"},"geometry":{"type":"Polygon","coordinates":[[[-84.516978,39.17986],[-84.517117,39.179709],[-84.517602,39.179867],[-84.51746,39.18001],[-84.516978,39.17986]]]}},{"type":"Feature","properties":{"pid":"021900500059"},"geometry":{"type":"Polygon","coordinates":[[[-84.525464,39.179606],[-84.525472,39.179519],[-84.525502,39.179203],[-84.525717,39.179359],[-84.525692,39.179619],[-84.525464,39.179606]]]}},{"type":"Feature","properties":{"pid":"021900500061"},"geometry":{"type":"Polygon","coordinates":[[[-84.523162,39.178246],[-84.523019,39.178172],[-84.523209,39.177935],[-84.523362,39.178018],[-84.523162,39.178246]]]}},{"type":"Feature","properties":{"pid":"022300030079"},"geometry":{"type":"Polygon","coordinates":[[[-84.509169,39.167989],[-84.509436,39.16781],[-84.509494,39.167862],[-84.509227,39.168041],[-84.509169,39.167989]]]}},{"type":"Feature","properties":{"pid":"022300030136"},"geometry":{"type":"Polygon","coordinates":[[[-84.506262,39.171403],[-84.50626,39.171185],[-84.506263,39.171168],[-84.506449,39.171332],[-84.506262,39.171403]]]}},{"type":"Feature","properties":{"pid":"022300030154"},"geometry":{"type":"Polygon","coordinates":[[[-84.507125,39.169092],[-84.507304,39.169033],[-84.507489,39.169188],[-84.507314,39.169291],[-84.507125,39.169092]]]}},{"type":"Feature","properties":{"pid":"021900500074"},"geometry":{"type":"Polygon","coordinates":[[[-84.517067,39.180139],[-84.516868,39.17998],[-84.516978,39.17986],[-84.517473,39.180015],[-84.517354,39.180138],[-84.517067,39.180139]]]}},{"type":"Feature","properties":{"pid":"021900500075"},"geometry":{"type":"Polygon","coordinates":[[[-84.517461,39.180842],[-84.516642,39.180226],[-84.516868,39.17998],[-84.517067,39.180139],[-84.517354,39.180138],[-84.517473,39.180015],[-84.518037,39.18019],[-84.517461,39.180842]]]}},{"type":"Feature","properties":{"pid":"021900500076"},"geometry":{"type":"Polygon","coordinates":[[[-84.515348,39.181211],[-84.515485,39.181457],[-84.51529,39.181709],[-84.515348,39.181211]]]}},{"type":"Feature","properties":{"pid":"021900500077"},"geometry":{"type":"Polygon","coordinates":[[[-84.519293,39.180615],[-84.519296,39.180583],[-84.519002,39.180491],[-84.519564,39.180458],[-84.51974,39.180028],[-84.519955,39.180637],[-84.519293,39.180615]]]}},{"type":"Feature","properties":{"pid":"021900500082"},"geometry":{"type":"Polygon","coordinates":[[[-84.519055,39.180164],[-84.519218,39.179963],[-84.519676,39.179798],[-84.51974,39.180028],[-84.519564,39.180458],[-84.519235,39.180478],[-84.519055,39.180164]]]}},{"type":"Feature","properties":{"pid":"021900510010"},"geometry":{"type":"Polygon","coordinates":[[[-84.515869,39.177146],[-84.515878,39.177051],[-84.5163,39.177077],[-84.51629,39.177175],[-84.515869,39.177146]]]}},{"type":"Feature","properties":{"pid":"021900510011"},"geometry":{"type":"Polygon","coordinates":[[[-84.515878,39.177051],[-84.515888,39.176955],[-84.51631,39.176982],[-84.5163,39.177077],[-84.515878,39.177051]]]}},{"type":"Feature","properties":{"pid":"021900510012"},"geometry":{"type":"Polygon","coordinates":[[[-84.515888,39.176955],[-84.515898,39.17686],[-84.51632,39.176886],[-84.51631,39.176982],[-84.515888,39.176955]]]}},{"type":"Feature","properties":{"pid":"021900510013"},"geometry":{"type":"Polygon","coordinates":[[[-84.515898,39.17686],[-84.515908,39.176764],[-84.51633,39.17679],[-84.51632,39.176886],[-84.515898,39.17686]]]}},{"type":"Feature","properties":{"pid":"021900510014"},"geometry":{"type":"Polygon","coordinates":[[[-84.516479,39.1768],[-84.515908,39.176764],[-84.515918,39.176666],[-84.516488,39.176701],[-84.516479,39.1768]]]}},{"type":"Feature","properties":{"pid":"021900510047"},"geometry":{"type":"Polygon","coordinates":[[[-84.51656,39.175647],[-84.516026,39.175621],[-84.516042,39.175482],[-84.516576,39.175513],[-84.51656,39.175647]]]}},{"type":"Feature","properties":{"pid":"021900510048"},"geometry":{"type":"Polygon","coordinates":[[[-84.516042,39.175482],[-84.516056,39.175349],[-84.516591,39.175378],[-84.516576,39.175513],[-84.516042,39.175482]]]}},{"type":"Feature","properties":{"pid":"021900510049"},"geometry":{"type":"Polygon","coordinates":[[[-84.516056,39.175349],[-84.516069,39.175237],[-84.516604,39.175265],[-84.516591,39.175378],[-84.516056,39.175349]]]}},{"type":"Feature","properties":{"pid":"022300050001"},"geometry":{"type":"Polygon","coordinates":[[[-84.529834,39.179684],[-84.529924,39.177981],[-84.527354,39.177895],[-84.525989,39.179405],[-84.5254,39.178984],[-84.519691,39.175896],[-84.519628,39.174864],[-84.520528,39.165092],[-84.521532,39.165121],[-84.525537,39.162976],[-84.526359,39.164843],[-84.529751,39.163676],[-84.531829,39.168457],[-84.531008,39.169745],[-84.531713,39.172117],[-84.53243,39.173352],[-84.532501,39.173598],[-84.532502,39.173851],[-84.532312,39.174822],[-84.53161,39.176102],[-84.531453,39.176685],[-84.531383,39.178176],[-84.530562,39.179703],[-84.529834,39.179684]]]}},{"type":"Feature","properties":{"pid":"022300050013"},"geometry":{"type":"Polygon","coordinates":[[[-84.532595,39.187062],[-84.532952,39.186694],[-84.533988,39.18537],[-84.533869,39.187115],[-84.532595,39.187062]]]}},{"type":"Feature","properties":{"pid":"022300050015"},"geometry":{"type":"Polygon","coordinates":[[[-84.534279,39.182733],[-84.534001,39.18247],[-84.531843,39.181217],[-84.534425,39.181433],[-84.534279,39.182733]]]}},{"type":"Feature","properties":{"pid":"022300050016"},"geometry":{"type":"Polygon","coordinates":[[[-84.531843,39.181217],[-84.530871,39.180633],[-84.534483,39.180875],[-84.534425,39.181433],[-84.531843,39.181217]]]}},{"type":"Feature","properties":{"pid":"022300050019"},"geometry":{"type":"Polygon","coordinates":[[[-84.53415,39.183426],[-84.534209,39.182852],[-84.534014,39.182664],[-84.530628,39.180617],[-84.530739,39.180624],[-84.5317,39.181206],[-84.531843,39.181217],[-84.534001,39.18247],[-84.534288,39.182741],[-84.534217,39.183427],[-84.53415,39.183426]]]}},{"type":"Feature","properties":{"pid":"022300050020"},"geometry":{"type":"Polygon","coordinates":[[[-84.530709,39.179712],[-84.530817,39.179515],[-84.531346,39.179531],[-84.531226,39.179745],[-84.530709,39.179712]]]}},{"type":"Feature","properties":{"pid":"022300050021"},"geometry":{"type":"Polygon","coordinates":[[[-84.531226,39.179745],[-84.531346,39.179531],[-84.530817,39.179515],[-84.531402,39.178441],[-84.531735,39.178651],[-84.531906,39.178839],[-84.532007,39.179063],[-84.532557,39.179757],[-84.532539,39.17983],[-84.531226,39.179745]]]}},{"type":"Feature","properties":{"pid":"023000030003"},"geometry":{"type":"Polygon","coordinates":[[[-84.534628,39.18377],[-84.534264,39.183661],[-84.534309,39.183223],[-84.534682,39.183293],[-84.534906,39.183101],[-84.536583,39.180089],[-84.537482,39.180156],[-84.537649,39.180679],[-84.538013,39.181242],[-84.540055,39.183232],[-84.539947,39.183845],[-84.537096,39.185192],[-84.534628,39.18377]]]}},{"type":"Feature","properties":{"pid":"021900510058"},"geometry":{"type":"Polygon","coordinates":[[[-84.517847,39.176005],[-84.51788,39.175661],[-84.518053,39.175671],[-84.518017,39.176014],[-84.517847,39.176005]]]}},{"type":"Feature","properties":{"pid":"021900510061"},"geometry":{"type":"Polygon","coordinates":[[[-84.51877,39.176056],[-84.518803,39.175711],[-84.519432,39.175746],[-84.51943,39.176093],[-84.51877,39.176056]]]}},{"type":"Feature","properties":{"pid":"021900510062"},"geometry":{"type":"Polygon","coordinates":[[[-84.516567,39.17559],[-84.516604,39.175265],[-84.51672,39.175271],[-84.516687,39.175597],[-84.516567,39.17559]]]}},{"type":"Feature","properties":{"pid":"021900510070"},"geometry":{"type":"Polygon","coordinates":[[[-84.517897,39.175629],[-84.517924,39.175334],[-84.518086,39.175342],[-84.518056,39.175638],[-84.517897,39.175629]]]}},{"type":"Feature","properties":{"pid":"021900510071"},"geometry":{"type":"Polygon","coordinates":[[[-84.518358,39.175516],[-84.518374,39.175357],[-84.518588,39.175368],[-84.518573,39.17553],[-84.518358,39.175516]]]}},{"type":"Feature","properties":{"pid":"021900510073"},"geometry":{"type":"Polygon","coordinates":[[[-84.518557,39.175698],[-84.518588,39.175368],[-84.518692,39.175373],[-84.518662,39.175704],[-84.518557,39.175698]]]}},{"type":"Feature","properties":{"pid":"021900510080"},"geometry":{"type":"Polygon","coordinates":[[[-84.51629,39.177175],[-84.51633,39.17679],[-84.516445,39.176797],[-84.51641,39.177183],[-84.51629,39.177175]]]}},{"type":"Feature","properties":{"pid":"021900510081"},"geometry":{"type":"Polygon","coordinates":[[[-84.51641,39.177183],[-84.516445,39.176797],[-84.516564,39.176805],[-84.516529,39.177191],[-84.51641,39.177183]]]}},{"type":"Feature","properties":{"pid":"021900510082"},"geometry":{"type":"Polygon","coordinates":[[[-84.516529,39.177191],[-84.516564,39.176805],[-84.516684,39.176812],[-84.516648,39.177199],[-84.516529,39.177191]]]}},{"type":"Feature","properties":{"pid":"021900510083"},"geometry":{"type":"Polygon","coordinates":[[[-84.516648,39.177199],[-84.516684,39.176812],[-84.516803,39.17682],[-84.516767,39.177207],[-84.516648,39.177199]]]}},{"type":"Feature","properties":{"pid":"021900510084"},"geometry":{"type":"Polygon","coordinates":[[[-84.516767,39.177207],[-84.516803,39.17682],[-84.516921,39.176827],[-84.516885,39.177214],[-84.516767,39.177207]]]}},{"type":"Feature","properties":{"pid":"021900510085"},"geometry":{"type":"Polygon","coordinates":[[[-84.516887,39.177214],[-84.516921,39.176827],[-84.517042,39.176835],[-84.517006,39.177221],[-84.516887,39.177214]]]}},{"type":"Feature","properties":{"pid":"021900510086"},"geometry":{"type":"Polygon","coordinates":[[[-84.517042,39.176835],[-84.516479,39.1768],[-84.516488,39.176701],[-84.517051,39.176735],[-84.517042,39.176835]]]}},{"type":"Feature","properties":{"pid":"021900510091"},"geometry":{"type":"Polygon","coordinates":[[[-84.5166,39.17641],[-84.516632,39.176069],[-84.516751,39.176077],[-84.51672,39.176417],[-84.5166,39.17641]]]}},{"type":"Feature","properties":{"pid":"021900510092"},"geometry":{"type":"Polygon","coordinates":[[[-84.51672,39.176417],[-84.516751,39.176077],[-84.516871,39.176083],[-84.51684,39.176425],[-84.51672,39.176417]]]}},{"type":"Feature","properties":{"pid":"021900510093"},"geometry":{"type":"Polygon","coordinates":[[[-84.51684,39.176425],[-84.516871,39.176083],[-84.516991,39.17609],[-84.516959,39.176431],[-84.51684,39.176425]]]}},{"type":"Feature","properties":{"pid":"021900510094"},"geometry":{"type":"Polygon","coordinates":[[[-84.516959,39.176431],[-84.516991,39.17609],[-84.51711,39.176097],[-84.517079,39.176438],[-84.516959,39.176431]]]}},{"type":"Feature","properties":{"pid":"021900510097"},"geometry":{"type":"Polygon","coordinates":[[[-84.518784,39.17571],[-84.518662,39.175704],[-84.518692,39.175373],[-84.518815,39.175378],[-84.518784,39.17571]]]}},{"type":"Feature","properties":{"pid":"021900510098"},"geometry":{"type":"Polygon","coordinates":[[[-84.518803,39.175711],[-84.518815,39.175378],[-84.518938,39.175384],[-84.518907,39.175717],[-84.518803,39.175711]]]}},{"type":"Feature","properties":{"pid":"021900510099"},"geometry":{"type":"Polygon","coordinates":[[[-84.518907,39.175717],[-84.518938,39.175384],[-84.51906,39.175389],[-84.519028,39.175723],[-84.518907,39.175717]]]}},{"type":"Feature","properties":{"pid":"021900510101"},"geometry":{"type":"Polygon","coordinates":[[[-84.51904,39.175594],[-84.51905,39.175491],[-84.519417,39.175509],[-84.519424,39.175613],[-84.51904,39.175594]]]}},{"type":"Feature","properties":{"pid":"021900510102"},"geometry":{"type":"Polygon","coordinates":[[[-84.51905,39.175491],[-84.51906,39.175389],[-84.51941,39.175405],[-84.519417,39.175509],[-84.51905,39.175491]]]}},{"type":"Feature","properties":{"pid":"021900510104"},"geometry":{"type":"Polygon","coordinates":[[[-84.51877,39.176056],[-84.518647,39.176049],[-84.518679,39.175705],[-84.518803,39.175711],[-84.51877,39.176056]]]}},{"type":"Feature","properties":{"pid":"021900510105"},"geometry":{"type":"Polygon","coordinates":[[[-84.518524,39.176042],[-84.518557,39.175698],[-84.518679,39.175705],[-84.518647,39.176049],[-84.518524,39.176042]]]}},{"type":"Feature","properties":{"pid":"021900510112"},"geometry":{"type":"Polygon","coordinates":[[[-84.518313,39.175686],[-84.518181,39.175678],[-84.518214,39.175349],[-84.518358,39.175357],[-84.518313,39.175686]]]}},{"type":"Feature","properties":{"pid":"021900510113"},"geometry":{"type":"Polygon","coordinates":[[[-84.518053,39.175671],[-84.518086,39.175342],[-84.518214,39.175349],[-84.518181,39.175678],[-84.518053,39.175671]]]}},{"type":"Feature","properties":{"pid":"021900510123"},"geometry":{"type":"Polygon","coordinates":[[[-84.518341,39.175687],[-84.518358,39.175357],[-84.518374,39.175357],[-84.518341,39.175687]]]}},{"type":"Feature","properties":{"pid":"021900510126"},"geometry":{"type":"Polygon","coordinates":[[[-84.517353,39.175576],[-84.517379,39.175306],[-84.517517,39.175313],[-84.517492,39.175584],[-84.517353,39.175576]]]}},{"type":"Feature","properties":{"pid":"021900510132"},"geometry":{"type":"Polygon","coordinates":[[[-84.519471,39.176095],[-84.51943,39.176093],[-84.519432,39.175746],[-84.519468,39.175748],[-84.519471,39.176095]]]}},{"type":"Feature","properties":{"pid":"021900520006"},"geometry":{"type":"Polygon","coordinates":[[[-84.518821,39.174696],[-84.518831,39.174589],[-84.519452,39.174624],[-84.519443,39.174729],[-84.518821,39.174696]]]}},{"type":"Feature","properties":{"pid":"021900520007"},"geometry":{"type":"Polygon","coordinates":[[[-84.516646,39.174076],[-84.516186,39.174053],[-84.516204,39.173892],[-84.51666,39.173915],[-84.516646,39.174076]]]}},{"type":"Feature","properties":{"pid":"021900520008"},"geometry":{"type":"Polygon","coordinates":[[[-84.516677,39.173732],[-84.516709,39.173388],[-84.516888,39.173398],[-84.516852,39.173741],[-84.516677,39.173732]]]}},{"type":"Feature","properties":{"pid":"021900520009"},"geometry":{"type":"Polygon","coordinates":[[[-84.516815,39.174084],[-84.516852,39.173741],[-84.51697,39.173748],[-84.516934,39.17409],[-84.516815,39.174084]]]}},{"type":"Feature","properties":{"pid":"021900520010"},"geometry":{"type":"Polygon","coordinates":[[[-84.516852,39.173741],[-84.516888,39.173398],[-84.517006,39.173404],[-84.51697,39.173748],[-84.516852,39.173741]]]}},{"type":"Feature","properties":{"pid":"021900520011"},"geometry":{"type":"Polygon","coordinates":[[[-84.517081,39.174097],[-84.517116,39.173754],[-84.517236,39.173759],[-84.517198,39.174103],[-84.517081,39.174097]]]}},{"type":"Feature","properties":{"pid":"021900520012"},"geometry":{"type":"Polygon","coordinates":[[[-84.517395,39.17378],[-84.517432,39.173426],[-84.517605,39.173435],[-84.517567,39.173794],[-84.517395,39.17378]]]}},{"type":"Feature","properties":{"pid":"021900520013"},"geometry":{"type":"Polygon","coordinates":[[[-84.517562,39.17384],[-84.517605,39.173435],[-84.51777,39.173444],[-84.517726,39.173848],[-84.517562,39.17384]]]}},{"type":"Feature","properties":{"pid":"021900520014"},"geometry":{"type":"Polygon","coordinates":[[[-84.518108,39.173766],[-84.518133,39.173461],[-84.518475,39.173479],[-84.518449,39.173783],[-84.518108,39.173766]]]}},{"type":"Feature","properties":{"pid":"021900520017"},"geometry":{"type":"Polygon","coordinates":[[[-84.518984,39.173922],[-84.518995,39.173787],[-84.519519,39.173816],[-84.519508,39.173948],[-84.518984,39.173922]]]}},{"type":"Feature","properties":{"pid":"021900520018"},"geometry":{"type":"Polygon","coordinates":[[[-84.518995,39.173787],[-84.519018,39.173507],[-84.519483,39.173531],[-84.519539,39.173584],[-84.519519,39.173816],[-84.518995,39.173787]]]}},{"type":"Feature","properties":{"pid":"021900520028"},"geometry":{"type":"Polygon","coordinates":[[[-84.516875,39.172918],[-84.51659,39.172904],[-84.5166,39.172791],[-84.516886,39.172806],[-84.516875,39.172918]]]}},{"type":"Feature","properties":{"pid":"023600030002"},"geometry":{"type":"Polygon","coordinates":[[[-84.5339,39.19134],[-84.533183,39.191301],[-84.533425,39.190822],[-84.53356,39.190769],[-84.533957,39.19079],[-84.5339,39.19134]]]}},{"type":"Feature","properties":{"pid":"023600030014"},"geometry":{"type":"Polygon","coordinates":[[[-84.534424,39.191369],[-84.5339,39.19134],[-84.533957,39.19079],[-84.534485,39.190823],[-84.534424,39.191369]]]}},{"type":"Feature","properties":{"pid":"021900520095"},"geometry":{"type":"Polygon","coordinates":[[[-84.517695,39.174127],[-84.517711,39.173985],[-84.517924,39.173998],[-84.517913,39.174138],[-84.517695,39.174127]]]}},{"type":"Feature","properties":{"pid":"021900520097"},"geometry":{"type":"Polygon","coordinates":[[[-84.517062,39.174096],[-84.517097,39.173755],[-84.51697,39.173748],[-84.517006,39.173404],[-84.51715,39.173411],[-84.517062,39.174096]]]}},{"type":"Feature","properties":{"pid":"021900520098"},"geometry":{"type":"Polygon","coordinates":[[[-84.51666,39.173915],[-84.516204,39.173892],[-84.516262,39.173365],[-84.516709,39.173388],[-84.51666,39.173915]]]}},{"type":"Feature","properties":{"pid":"021900520101"},"geometry":{"type":"Polygon","coordinates":[[[-84.517236,39.173759],[-84.517273,39.173418],[-84.517432,39.173426],[-84.517396,39.173766],[-84.517236,39.173759]]]}},{"type":"Feature","properties":{"pid":"021900520104"},"geometry":{"type":"Polygon","coordinates":[[[-84.517198,39.174103],[-84.517236,39.173759],[-84.517396,39.173766],[-84.517359,39.174111],[-84.517198,39.174103]]]}},{"type":"Feature","properties":{"pid":"021900520105"},"geometry":{"type":"Polygon","coordinates":[[[-84.51878,39.174318],[-84.518066,39.174283],[-84.518077,39.174148],[-84.51879,39.174188],[-84.51878,39.174318]]]}},{"type":"Feature","properties":{"pid":"021900520106"},"geometry":{"type":"Polygon","coordinates":[[[-84.518623,39.175228],[-84.5187,39.174314],[-84.51878,39.174318],[-84.518778,39.17437],[-84.518852,39.174373],[-84.518768,39.175236],[-84.518623,39.175228]]]}},{"type":"Feature","properties":{"pid":"021900520107"},"geometry":{"type":"Polygon","coordinates":[[[-84.516646,39.174076],[-84.516677,39.173732],[-84.516852,39.173741],[-84.516815,39.174084],[-84.516646,39.174076]]]}},{"type":"Feature","properties":{"pid":"021900520110"},"geometry":{"type":"Polygon","coordinates":[[[-84.518905,39.175242],[-84.518915,39.175131],[-84.519401,39.175158],[-84.51939,39.175267],[-84.518905,39.175242]]]}},{"type":"Feature","properties":{"pid":"021900520112"},"geometry":{"type":"Polygon","coordinates":[[[-84.518812,39.173912],[-84.518845,39.173498],[-84.519018,39.173507],[-84.518984,39.173922],[-84.518812,39.173912]]]}},{"type":"Feature","properties":{"pid":"021900520113"},"geometry":{"type":"Polygon","coordinates":[[[-84.518768,39.175236],[-84.518811,39.174801],[-84.518942,39.174809],[-84.518905,39.175242],[-84.518768,39.175236]]]}},{"type":"Feature","properties":{"pid":"021900520114"},"geometry":{"type":"Polygon","coordinates":[[[-84.518785,39.174258],[-84.518793,39.174154],[-84.519488,39.174193],[-84.519479,39.174292],[-84.518785,39.174258]]]}},{"type":"Feature","properties":{"pid":"021900520115"},"geometry":{"type":"Polygon","coordinates":[[[-84.518485,39.175221],[-84.518557,39.174307],[-84.5187,39.174314],[-84.518623,39.175228],[-84.518485,39.175221]]]}},{"type":"Feature","properties":{"pid":"021900520116"},"geometry":{"type":"Polygon","coordinates":[[[-84.518208,39.175208],[-84.518285,39.174294],[-84.518557,39.174307],[-84.518485,39.175221],[-84.518208,39.175208]]]}},{"type":"Feature","properties":{"pid":"021900520117"},"geometry":{"type":"Polygon","coordinates":[[[-84.51947,39.174402],[-84.518778,39.17437],[-84.518785,39.174258],[-84.519479,39.174292],[-84.51947,39.174402]]]}},{"type":"Feature","properties":{"pid":"021900520120"},"geometry":{"type":"Polygon","coordinates":[[[-84.516934,39.17409],[-84.51697,39.173748],[-84.517097,39.173755],[-84.517062,39.174096],[-84.516934,39.17409]]]}},{"type":"Feature","properties":{"pid":"021900520121"},"geometry":{"type":"Polygon","coordinates":[[[-84.518915,39.175131],[-84.518923,39.175026],[-84.519411,39.175057],[-84.519401,39.175158],[-84.518915,39.175131]]]}},{"type":"Feature","properties":{"pid":"021900520122"},"geometry":{"type":"Polygon","coordinates":[[[-84.518923,39.175026],[-84.518932,39.174922],[-84.519422,39.174949],[-84.519411,39.175057],[-84.518923,39.175026]]]}},{"type":"Feature","properties":{"pid":"021900520124"},"geometry":{"type":"Polygon","coordinates":[[[-84.517711,39.173985],[-84.51777,39.173444],[-84.517968,39.173454],[-84.517924,39.173998],[-84.517711,39.173985]]]}},{"type":"Feature","properties":{"pid":"021900520131"},"geometry":{"type":"Polygon","coordinates":[[[-84.518932,39.174922],[-84.518942,39.174809],[-84.519434,39.174839],[-84.519422,39.174949],[-84.518932,39.174922]]]}},{"type":"Feature","properties":{"pid":"021900520134"},"geometry":{"type":"Polygon","coordinates":[[[-84.518061,39.175201],[-84.518148,39.174287],[-84.518285,39.174294],[-84.518208,39.175208],[-84.518061,39.175201]]]}},{"type":"Feature","properties":{"pid":"021900520139"},"geometry":{"type":"Polygon","coordinates":[[[-84.518831,39.174589],[-84.518842,39.17448],[-84.519461,39.174512],[-84.519452,39.174624],[-84.518831,39.174589]]]}},{"type":"Feature","properties":{"pid":"021900520140"},"geometry":{"type":"Polygon","coordinates":[[[-84.519434,39.174839],[-84.518811,39.174801],[-84.518821,39.174696],[-84.519443,39.174729],[-84.519434,39.174839]]]}},{"type":"Feature","properties":{"pid":"021900520141"},"geometry":{"type":"Polygon","coordinates":[[[-84.517116,39.173754],[-84.51715,39.173411],[-84.517273,39.173418],[-84.517236,39.173759],[-84.517116,39.173754]]]}},{"type":"Feature","properties":{"pid":"021900520143"},"geometry":{"type":"Polygon","coordinates":[[[-84.517359,39.174111],[-84.517395,39.17378],[-84.517567,39.173794],[-84.517533,39.17412],[-84.517359,39.174111]]]}},{"type":"Feature","properties":{"pid":"021900520146"},"geometry":{"type":"Polygon","coordinates":[[[-84.518842,39.17448],[-84.518852,39.174373],[-84.51947,39.174402],[-84.519461,39.174512],[-84.518842,39.17448]]]}},{"type":"Feature","properties":{"pid":"023700040027"},"geometry":{"type":"Polygon","coordinates":[[[-84.517689,39.191709],[-84.517413,39.191717],[-84.517351,39.191593],[-84.517371,39.191519],[-84.517697,39.191419],[-84.517689,39.191709]]]}},{"type":"Feature","properties":{"pid":"023700040028"},"geometry":{"type":"Polygon","coordinates":[[[-84.517413,39.191717],[-84.517197,39.191724],[-84.517038,39.191539],[-84.517313,39.191431],[-84.517413,39.191717]]]}},{"type":"Feature","properties":{"pid":"023700040031"},"geometry":{"type":"Polygon","coordinates":[[[-84.51719,39.19198],[-84.516627,39.192066],[-84.51647,39.191836],[-84.517038,39.191539],[-84.517197,39.191724],[-84.51719,39.19198]]]}},{"type":"Feature","properties":{"pid":"022300010002"},"geometry":{"type":"Polygon","coordinates":[[[-84.525067,39.185792],[-84.525066,39.185837],[-84.523498,39.185767],[-84.52281,39.184693],[-84.524511,39.184752],[-84.524738,39.185401],[-84.52471,39.185777],[-84.525067,39.185792]]]}},{"type":"Feature","properties":{"pid":"023700040001"},"geometry":{"type":"Polygon","coordinates":[[[-84.520646,39.192781],[-84.520822,39.192393],[-84.52237,39.192302],[-84.523006,39.192466],[-84.523637,39.192271],[-84.523588,39.192963],[-84.520646,39.192781]]]}},{"type":"Feature","properties":{"pid":"023700040018"},"geometry":{"type":"Polygon","coordinates":[[[-84.523605,39.193276],[-84.523496,39.19404],[-84.522523,39.193964],[-84.522142,39.193439],[-84.522166,39.193203],[-84.523605,39.193276]]]}},{"type":"Feature","properties":{"pid":"023700040022"},"geometry":{"type":"Polygon","coordinates":[[[-84.520781,39.192067],[-84.52368,39.191526],[-84.523637,39.192271],[-84.523006,39.192466],[-84.52237,39.192302],[-84.52082,39.192393],[-84.520781,39.192067]]]}},{"type":"Feature","properties":{"pid":"023700020014"},"geometry":{"type":"Polygon","coordinates":[[[-84.521586,39.193914],[-84.520237,39.193876],[-84.52038,39.193449],[-84.52163,39.193546],[-84.521586,39.193914]]]}},{"type":"Feature","properties":{"pid":"023700030013"},"geometry":{"type":"Polygon","coordinates":[[[-84.520147,39.19349],[-84.520051,39.193764],[-84.519792,39.193753],[-84.519817,39.193476],[-84.520147,39.19349]]]}},{"type":"Feature","properties":{"pid":"023700040002"},"geometry":{"type":"Polygon","coordinates":[[[-84.520251,39.193184],[-84.520147,39.19349],[-84.519817,39.193476],[-84.519792,39.193753],[-84.516853,39.193618],[-84.520704,39.192429],[-84.520678,39.192551],[-84.520251,39.193184]]]}},{"type":"Feature","properties":{"pid":"023700040012"},"geometry":{"type":"Polygon","coordinates":[[[-84.517681,39.191983],[-84.517406,39.19199],[-84.517413,39.191717],[-84.517689,39.191709],[-84.517681,39.191983]]]}},{"type":"Feature","properties":{"pid":"023700040013"},"geometry":{"type":"Polygon","coordinates":[[[-84.517406,39.19199],[-84.517189,39.192003],[-84.517197,39.191724],[-84.517413,39.191717],[-84.517406,39.19199]]]}},{"type":"Feature","properties":{"pid":"023700040015"},"geometry":{"type":"Polygon","coordinates":[[[-84.52163,39.193546],[-84.52038,39.193449],[-84.520461,39.193219],[-84.521658,39.193309],[-84.52163,39.193546]]]}},{"type":"Feature","properties":{"pid":"023700040023"},"geometry":{"type":"Polygon","coordinates":[[[-84.516384,39.19276],[-84.516156,39.192244],[-84.517293,39.192074],[-84.518858,39.192037],[-84.520685,39.192111],[-84.520703,39.192309],[-84.518077,39.192416],[-84.516384,39.19276]]]}},{"type":"Feature","properties":{"pid":"023700040024"},"geometry":{"type":"Polygon","coordinates":[[[-84.516763,39.193614],[-84.516384,39.19276],[-84.518077,39.192416],[-84.520703,39.192309],[-84.520704,39.192429],[-84.516853,39.193618],[-84.516763,39.193614]]]}},{"type":"Feature","properties":{"pid":"023800040005"},"geometry":{"type":"Polygon","coordinates":[[[-84.504598,39.193513],[-84.504512,39.194374],[-84.501738,39.194163],[-84.501873,39.192815],[-84.503577,39.193103],[-84.504062,39.193255],[-84.504598,39.193513]]]}},{"type":"Feature","properties":{"pid":"023800040053"},"geometry":{"type":"Polygon","coordinates":[[[-84.500894,39.19438],[-84.500087,39.194312],[-84.50038,39.191552],[-84.500593,39.191948],[-84.500932,39.192286],[-84.501372,39.192544],[-84.501884,39.192704],[-84.501738,39.194163],[-84.500919,39.194106],[-84.500894,39.19438]]]}},{"type":"Feature","properties":{"pid":"023700020023"},"geometry":{"type":"Polygon","coordinates":[[[-84.520505,39.198161],[-84.520489,39.197997],[-84.521125,39.198022],[-84.521141,39.198187],[-84.520505,39.198161]]]}},{"type":"Feature","properties":{"pid":"023700050021"},"geometry":{"type":"Polygon","coordinates":[[[-84.523637,39.186685],[-84.52393,39.187836],[-84.521361,39.187725],[-84.521442,39.18659],[-84.522324,39.186628],[-84.522965,39.186169],[-84.522723,39.185817],[-84.523102,39.185545],[-84.523637,39.186685]]]}},{"type":"Feature","properties":{"pid":"022300010014"},"geometry":{"type":"Polygon","coordinates":[[[-84.526666,39.18682],[-84.525288,39.186757],[-84.525333,39.185849],[-84.526738,39.185911],[-84.526666,39.18682]]]}},{"type":"Feature","properties":{"pid":"022300010062"},"geometry":{"type":"Polygon","coordinates":[[[-84.525067,39.18576],[-84.527946,39.185886],[-84.527972,39.185959],[-84.525333,39.185849],[-84.525288,39.186757],[-84.525019,39.186745],[-84.525067,39.18576]]]}},{"type":"Feature","properties":{"pid":"023700060012"},"geometry":{"type":"Polygon","coordinates":[[[-84.525633,39.186773],[-84.526666,39.18682],[-84.526091,39.186891],[-84.525633,39.186773]]]}},{"type":"Feature","properties":{"pid":"022000560002"},"geometry":{"type":"Polygon","coordinates":[[[-84.513477,39.175965],[-84.515243,39.1766],[-84.515223,39.1768],[-84.515725,39.176832],[-84.51573,39.176775],[-84.515815,39.176805],[-84.515776,39.177221],[-84.513505,39.177419],[-84.512988,39.176503],[-84.513477,39.175965]]]}},{"type":"Feature","properties":{"pid":"022000560042"},"geometry":{"type":"Polygon","coordinates":[[[-84.512988,39.176503],[-84.513505,39.177419],[-84.512843,39.177477],[-84.512,39.17728],[-84.512988,39.176503]]]}},{"type":"Feature","properties":{"pid":"023700020006"},"geometry":{"type":"Polygon","coordinates":[[[-84.520452,39.196545],[-84.520445,39.196474],[-84.520955,39.19635],[-84.520893,39.196209],[-84.523229,39.196278],[-84.523145,39.196637],[-84.520452,39.196545]]]}},{"type":"Feature","properties":{"pid":"023800060002"},"geometry":{"type":"Polygon","coordinates":[[[-84.506516,39.200495],[-84.504158,39.200312],[-84.504199,39.198179],[-84.505312,39.198171],[-84.506851,39.198051],[-84.506516,39.200495]]]}},{"type":"Feature","properties":{"pid":"023700050003"},"geometry":{"type":"Polygon","coordinates":[[[-84.52114,39.190103],[-84.520096,39.19024],[-84.519955,39.189944],[-84.520998,39.189808],[-84.52114,39.190103]]]}},{"type":"Feature","properties":{"pid":"023700020026"},"geometry":{"type":"Polygon","coordinates":[[[-84.521742,39.193471],[-84.522142,39.193439],[-84.522523,39.193964],[-84.523496,39.19404],[-84.523392,39.194787],[-84.521498,39.19464],[-84.521658,39.193309],[-84.521742,39.193471]]]}},{"type":"Feature","properties":{"pid":"023700040003"},"geometry":{"type":"Polygon","coordinates":[[[-84.519814,39.19163],[-84.520511,39.191475],[-84.520667,39.192033],[-84.519736,39.191992],[-84.519814,39.19163]]]}},{"type":"Feature","properties":{"pid":"023700040011"},"geometry":{"type":"Polygon","coordinates":[[[-84.519814,39.19163],[-84.519736,39.191992],[-84.518856,39.191954],[-84.518848,39.191832],[-84.519814,39.19163]]]}},{"type":"Feature","properties":{"pid":"023700040020"},"geometry":{"type":"Polygon","coordinates":[[[-84.518588,39.191017],[-84.519836,39.19107],[-84.519814,39.19163],[-84.518848,39.191832],[-84.518856,39.191954],[-84.518546,39.191961],[-84.518588,39.191017]]]}},{"type":"Feature","properties":{"pid":"023700040032"},"geometry":{"type":"Polygon","coordinates":[[[-84.517701,39.191282],[-84.516723,39.191243],[-84.516744,39.190931],[-84.51771,39.190971],[-84.517701,39.191282]]]}},{"type":"Feature","properties":{"pid":"023700050010"},"geometry":{"type":"Polygon","coordinates":[[[-84.518336,39.190434],[-84.519398,39.190641],[-84.519677,39.190626],[-84.520065,39.190541],[-84.520276,39.19097],[-84.514805,39.190732],[-84.51449,39.190691],[-84.514532,39.190232],[-84.514792,39.190273],[-84.518336,39.190434]]]}},{"type":"Feature","properties":{"pid":"023700040005"},"geometry":{"type":"Polygon","coordinates":[[[-84.519814,39.19163],[-84.519836,39.19107],[-84.520361,39.191092],[-84.520511,39.191475],[-84.519814,39.19163]]]}},{"type":"Feature","properties":{"pid":"023700040014"},"geometry":{"type":"Polygon","coordinates":[[[-84.520756,39.192789],[-84.521691,39.192858],[-84.521683,39.192957],[-84.521503,39.19301],[-84.521658,39.193309],[-84.520461,39.193219],[-84.520756,39.192789]]]}},{"type":"Feature","properties":{"pid":"023700050018"},"geometry":{"type":"Polygon","coordinates":[[[-84.52419,39.186707],[-84.524125,39.187487],[-84.523906,39.186696],[-84.52419,39.186707]]]}},{"type":"Feature","properties":{"pid":"022300010001"},"geometry":{"type":"Polygon","coordinates":[[[-84.525019,39.186745],[-84.523906,39.186696],[-84.523498,39.185767],[-84.525066,39.185837],[-84.525019,39.186745]]]}},{"type":"Feature","properties":{"pid":"023700070019"},"geometry":{"type":"Polygon","coordinates":[[[-84.530183,39.194169],[-84.530897,39.193776],[-84.530985,39.193798],[-84.530727,39.194191],[-84.530183,39.194169]]]}},{"type":"Feature","properties":{"pid":"022300030113"},"geometry":{"type":"Polygon","coordinates":[[[-84.506263,39.171168],[-84.506286,39.170989],[-84.506345,39.170575],[-84.506872,39.171047],[-84.506449,39.171332],[-84.506263,39.171168]]]}},{"type":"Feature","properties":{"pid":"023700050020"},"geometry":{"type":"Polygon","coordinates":[[[-84.519955,39.189944],[-84.519543,39.189288],[-84.518953,39.187893],[-84.518464,39.187243],[-84.517993,39.186441],[-84.521442,39.18659],[-84.521361,39.187725],[-84.52393,39.187836],[-84.523996,39.18848],[-84.523992,39.189126],[-84.523803,39.190393],[-84.520974,39.190226],[-84.520604,39.190244],[-84.520145,39.190341],[-84.520096,39.19024],[-84.52114,39.190103],[-84.520998,39.189808],[-84.519955,39.189944]]]}},{"type":"Feature","properties":{"pid":"021900540007"},"geometry":{"type":"Polygon","coordinates":[[[-84.519433,39.168181],[-84.519197,39.168168],[-84.519242,39.167675],[-84.519478,39.167688],[-84.519433,39.168181]]]}},{"type":"Feature","properties":{"pid":"021900540053"},"geometry":{"type":"Polygon","coordinates":[[[-84.518984,39.168156],[-84.519056,39.167664],[-84.519242,39.167675],[-84.519197,39.168168],[-84.518984,39.168156]]]}},{"type":"Feature","properties":{"pid":"021900540002"},"geometry":{"type":"Polygon","coordinates":[[[-84.519266,39.168412],[-84.519287,39.168173],[-84.520055,39.16821],[-84.52003,39.168455],[-84.519266,39.168412]]]}},{"type":"Feature","properties":{"pid":"023700020001"},"geometry":{"type":"Polygon","coordinates":[[[-84.520516,39.198273],[-84.522117,39.198338],[-84.521152,39.199625],[-84.520907,39.200086],[-84.520799,39.200092],[-84.520809,39.200205],[-84.520701,39.200197],[-84.520516,39.198273]]]}},{"type":"Feature","properties":{"pid":"021900550004"},"geometry":{"type":"Polygon","coordinates":[[[-84.517001,39.165442],[-84.517063,39.164785],[-84.517799,39.16485],[-84.517737,39.165507],[-84.517001,39.165442]]]}},{"type":"Feature","properties":{"pid":"022300010008"},"geometry":{"type":"Polygon","coordinates":[[[-84.523088,39.180726],[-84.52461,39.180797],[-84.525884,39.182],[-84.526959,39.182018],[-84.526969,39.182063],[-84.522977,39.182007],[-84.523088,39.180726]]]}},{"type":"Feature","properties":{"pid":"023900030007"},"geometry":{"type":"Polygon","coordinates":[[[-84.489232,39.19162],[-84.489415,39.191522],[-84.489987,39.190869],[-84.491103,39.190632],[-84.491143,39.190832],[-84.491026,39.190803],[-84.490877,39.190862],[-84.490494,39.191127],[-84.489975,39.19152],[-84.489046,39.192343],[-84.489232,39.19162]]]}},{"type":"Feature","properties":{"pid":"022300020021"},"geometry":{"type":"Polygon","coordinates":[[[-84.507466,39.165093],[-84.507504,39.165024],[-84.508213,39.165435],[-84.508398,39.165241],[-84.508625,39.165374],[-84.50851,39.165458],[-84.508436,39.165809],[-84.507849,39.166396],[-84.507454,39.166658],[-84.507466,39.165093]]]}},{"type":"Feature","properties":{"pid":"022300020024"},"geometry":{"type":"Polygon","coordinates":[[[-84.507844,39.164577],[-84.507901,39.164501],[-84.508358,39.164294],[-84.509267,39.164786],[-84.508888,39.165183],[-84.507844,39.164577]]]}},{"type":"Feature","properties":{"pid":"022300020026"},"geometry":{"type":"Polygon","coordinates":[[[-84.507504,39.165024],[-84.507844,39.164577],[-84.508888,39.165183],[-84.508625,39.165374],[-84.508398,39.165241],[-84.508213,39.165435],[-84.507504,39.165024]]]}},{"type":"Feature","properties":{"pid":"021900500095"},"geometry":{"type":"Polygon","coordinates":[[[-84.525251,39.179038],[-84.524337,39.180784],[-84.523455,39.180743],[-84.524342,39.179217],[-84.524811,39.179382],[-84.524866,39.179287],[-84.525015,39.179339],[-84.525189,39.179005],[-84.525251,39.179038]]]}},{"type":"Feature","properties":{"pid":"023900040006"},"geometry":{"type":"Polygon","coordinates":[[[-84.489987,39.190869],[-84.491649,39.189077],[-84.492213,39.188599],[-84.492333,39.18861],[-84.492145,39.189017],[-84.492211,39.189239],[-84.491719,39.190502],[-84.489987,39.190869]]]}},{"type":"Feature","properties":{"pid":"021900500086"},"geometry":{"type":"Polygon","coordinates":[[[-84.525301,39.179455],[-84.525472,39.179519],[-84.525464,39.179606],[-84.525692,39.179619],[-84.525717,39.179359],[-84.526104,39.179637],[-84.526295,39.180213],[-84.525211,39.180411],[-84.525301,39.179455]]]}},{"type":"Feature","properties":{"pid":"021900500093"},"geometry":{"type":"Polygon","coordinates":[[[-84.522156,39.178079],[-84.522582,39.177594],[-84.52264,39.177625],[-84.522214,39.178111],[-84.522156,39.178079]]]}},{"type":"Feature","properties":{"pid":"021900600002"},"geometry":{"type":"Polygon","coordinates":[[[-84.516738,39.164021],[-84.51666,39.163678],[-84.517105,39.163688],[-84.517091,39.163739],[-84.517224,39.163846],[-84.516738,39.164021]]]}},{"type":"Feature","properties":{"pid":"021900620025"},"geometry":{"type":"Polygon","coordinates":[[[-84.519203,39.164072],[-84.519775,39.163992],[-84.520878,39.16358],[-84.520856,39.163717],[-84.519983,39.164055],[-84.519616,39.164022],[-84.519356,39.164086],[-84.519203,39.164072]]]}},{"type":"Feature","properties":{"pid":"022200170005"},"geometry":{"type":"Polygon","coordinates":[[[-84.526735,39.162559],[-84.526495,39.16229],[-84.527073,39.161976],[-84.527398,39.162339],[-84.527759,39.162392],[-84.528067,39.162548],[-84.528274,39.162784],[-84.528349,39.163064],[-84.528281,39.163345],[-84.52808,39.163585],[-84.527776,39.163746],[-84.527417,39.163804],[-84.527056,39.163751],[-84.526748,39.163595],[-84.526541,39.163359],[-84.526466,39.163079],[-84.526534,39.162798],[-84.526735,39.162559]]]}},{"type":"Feature","properties":{"pid":"021900530064"},"geometry":{"type":"Polygon","coordinates":[[[-84.518789,39.169323],[-84.518803,39.169183],[-84.518407,39.169161],[-84.518411,39.16912],[-84.519134,39.16916],[-84.519115,39.169341],[-84.518789,39.169323]]]}},{"type":"Feature","properties":{"pid":"022000590004"},"geometry":{"type":"Polygon","coordinates":[[[-84.51508,39.170017],[-84.515066,39.169872],[-84.515632,39.169903],[-84.515618,39.170047],[-84.51508,39.170017]]]}},{"type":"Feature","properties":{"pid":"022000590054"},"geometry":{"type":"Polygon","coordinates":[[[-84.5151,39.170217],[-84.51509,39.170117],[-84.515609,39.170145],[-84.5156,39.170244],[-84.5151,39.170217]]]}},{"type":"Feature","properties":{"pid":"022000590060"},"geometry":{"type":"Polygon","coordinates":[[[-84.514561,39.170027],[-84.515066,39.169879],[-84.515069,39.169906],[-84.514569,39.170053],[-84.514561,39.170027]]]}},{"type":"Feature","properties":{"pid":"022300040072"},"geometry":{"type":"Polygon","coordinates":[[[-84.51325,39.167708],[-84.513175,39.167083],[-84.513285,39.167704],[-84.51325,39.167708]]]}},{"type":"Feature","properties":{"pid":"023800010085"},"geometry":{"type":"Polygon","coordinates":[[[-84.51492,39.185792],[-84.514936,39.185621],[-84.515147,39.185629],[-84.515131,39.185801],[-84.51492,39.185792]]]}},{"type":"Feature","properties":{"pid":"02380A040016"},"geometry":{"type":"Polygon","coordinates":[[[-84.499775,39.185425],[-84.500343,39.185059],[-84.500784,39.185375],[-84.50029,39.185794],[-84.499775,39.185425]]]}},{"type":"Feature","properties":{"pid":"02380A040009"},"geometry":{"type":"Polygon","coordinates":[[[-84.497879,39.187947],[-84.497556,39.187612],[-84.498212,39.187051],[-84.498603,39.187329],[-84.497879,39.187947]],[[-84.497941,39.187812],[-84.497892,39.18783],[-84.497833,39.187808],[-84.497884,39.187861],[-84.497941,39.187812]]]}},{"type":"Feature","properties":{"pid":"023800040010"},"geometry":{"type":"Polygon","coordinates":[[[-84.495508,39.18677],[-84.495709,39.186373],[-84.496729,39.186796],[-84.496655,39.186859],[-84.496354,39.18674],[-84.496613,39.186894],[-84.495403,39.187914],[-84.495508,39.18677]]]}},{"type":"Feature","properties":{"pid":"02380A040022"},"geometry":{"type":"Polygon","coordinates":[[[-84.496293,39.186539],[-84.497376,39.185624],[-84.497906,39.185994],[-84.496907,39.186846],[-84.496816,39.186751],[-84.496293,39.186539]]]}},{"type":"Feature","properties":{"pid":"022000580033"},"geometry":{"type":"Polygon","coordinates":[[[-84.51287,39.17128],[-84.512834,39.170685],[-84.514319,39.170098],[-84.514401,39.170442],[-84.514057,39.170557],[-84.514144,39.170852],[-84.51287,39.17128]]]}},{"type":"Feature","properties":{"pid":"022000580066"},"geometry":{"type":"Polygon","coordinates":[[[-84.514144,39.170852],[-84.513712,39.171045],[-84.51341,39.171146],[-84.513378,39.171109],[-84.514144,39.170852]]]}},{"type":"Feature","properties":{"pid":"022000580005"},"geometry":{"type":"Polygon","coordinates":[[[-84.514219,39.170806],[-84.514144,39.170852],[-84.514097,39.170691],[-84.514178,39.170664],[-84.514219,39.170806]]]}},{"type":"Feature","properties":{"pid":"022000580067"},"geometry":{"type":"Polygon","coordinates":[[[-84.512874,39.171327],[-84.51287,39.17128],[-84.513379,39.171109],[-84.51341,39.171146],[-84.512874,39.171327]]]}},{"type":"Feature","properties":{"pid":"022000580062"},"geometry":{"type":"Polygon","coordinates":[[[-84.512758,39.171484],[-84.512707,39.171435],[-84.512763,39.171438],[-84.512758,39.171484]]]}},{"type":"Feature","properties":{"pid":"022000580010"},"geometry":{"type":"Polygon","coordinates":[[[-84.511807,39.170489],[-84.512711,39.169958],[-84.512411,39.170315],[-84.512348,39.170999],[-84.512451,39.171005],[-84.51277,39.17136],[-84.512763,39.171438],[-84.512671,39.171401],[-84.511736,39.171351],[-84.511807,39.170489]]]}},{"type":"Feature","properties":{"pid":"022000580003"},"geometry":{"type":"Polygon","coordinates":[[[-84.512817,39.171541],[-84.51277,39.17136],[-84.512897,39.171491],[-84.512817,39.171541]]]}},{"type":"Feature","properties":{"pid":"022000580004"},"geometry":{"type":"Polygon","coordinates":[[[-84.514173,39.170946],[-84.514578,39.17081],[-84.514603,39.170904],[-84.514199,39.17104],[-84.514173,39.170946]]]}},{"type":"Feature","properties":{"pid":"022000580077"},"geometry":{"type":"Polygon","coordinates":[[[-84.513353,39.169621],[-84.513141,39.169873],[-84.513082,39.16985],[-84.513193,39.169703],[-84.513353,39.169621]]]}},{"type":"Feature","properties":{"pid":"022000580038"},"geometry":{"type":"Polygon","coordinates":[[[-84.514074,39.169272],[-84.514177,39.169618],[-84.513217,39.169997],[-84.513124,39.169983],[-84.513108,39.169927],[-84.513178,39.169814],[-84.513353,39.169621],[-84.514074,39.169272]]]}},{"type":"Feature","properties":{"pid":"022000580076"},"geometry":{"type":"Polygon","coordinates":[[[-84.513217,39.169997],[-84.513043,39.170067],[-84.5131,39.169937],[-84.513113,39.169917],[-84.513124,39.169983],[-84.513217,39.169997]]]}},{"type":"Feature","properties":{"pid":"022000580002"},"geometry":{"type":"Polygon","coordinates":[[[-84.512914,39.169848],[-84.512827,39.170763],[-84.512875,39.171336],[-84.512979,39.171439],[-84.512897,39.171491],[-84.512451,39.171005],[-84.512348,39.170999],[-84.512411,39.170315],[-84.512711,39.169958],[-84.512914,39.169848]]]}},{"type":"Feature","properties":{"pid":"022000560006"},"geometry":{"type":"Polygon","coordinates":[[[-84.514367,39.176285],[-84.514219,39.176232],[-84.514514,39.175733],[-84.514663,39.175787],[-84.514367,39.176285]]]}},{"type":"Feature","properties":{"pid":"022000560007"},"geometry":{"type":"Polygon","coordinates":[[[-84.513866,39.176105],[-84.513542,39.175989],[-84.513975,39.175539],[-84.514162,39.175607],[-84.513866,39.176105]]]}},{"type":"Feature","properties":{"pid":"022000560043"},"geometry":{"type":"Polygon","coordinates":[[[-84.514973,39.176503],[-84.514877,39.176468],[-84.515172,39.17597],[-84.515268,39.176004],[-84.514973,39.176503]]]}},{"type":"Feature","properties":{"pid":"022000560086"},"geometry":{"type":"Polygon","coordinates":[[[-84.514758,39.176426],[-84.51463,39.17638],[-84.514926,39.175881],[-84.515054,39.175927],[-84.514758,39.176426]]]}},{"type":"Feature","properties":{"pid":"022000560090"},"geometry":{"type":"Polygon","coordinates":[[[-84.514877,39.176468],[-84.514758,39.176426],[-84.515054,39.175927],[-84.515172,39.17597],[-84.514877,39.176468]]]}},{"type":"Feature","properties":{"pid":"022000560092"},"geometry":{"type":"Polygon","coordinates":[[[-84.514589,39.176365],[-84.514512,39.176337],[-84.514807,39.175838],[-84.514884,39.175866],[-84.514589,39.176365]]]}},{"type":"Feature","properties":{"pid":"022000560097"},"geometry":{"type":"Polygon","coordinates":[[[-84.514512,39.176337],[-84.514367,39.176285],[-84.514663,39.175787],[-84.514807,39.175838],[-84.514512,39.176337]]]}},{"type":"Feature","properties":{"pid":"022000560099"},"geometry":{"type":"Polygon","coordinates":[[[-84.514514,39.175733],[-84.514219,39.176232],[-84.514026,39.176163],[-84.514322,39.175664],[-84.514514,39.175733]]]}},{"type":"Feature","properties":{"pid":"022000560101"},"geometry":{"type":"Polygon","coordinates":[[[-84.514026,39.176163],[-84.513866,39.176105],[-84.514162,39.175607],[-84.514322,39.175664],[-84.514026,39.176163]]]}},{"type":"Feature","properties":{"pid":"021900530016"},"geometry":{"type":"Polygon","coordinates":[[[-84.518806,39.171136],[-84.518837,39.170833],[-84.518942,39.170839],[-84.518911,39.171143],[-84.518806,39.171136]]]}},{"type":"Feature","properties":{"pid":"021900530145"},"geometry":{"type":"Polygon","coordinates":[[[-84.518748,39.171133],[-84.51834,39.171107],[-84.518386,39.170688],[-84.518649,39.170705],[-84.518777,39.170865],[-84.518748,39.171133]]]}},{"type":"Feature","properties":{"pid":"021900530146"},"geometry":{"type":"Polygon","coordinates":[[[-84.518777,39.170865],[-84.518649,39.170705],[-84.518386,39.170688],[-84.51834,39.171107],[-84.518106,39.171092],[-84.518233,39.169826],[-84.518935,39.169869],[-84.518806,39.171136],[-84.518748,39.171133],[-84.518777,39.170865]]]}},{"type":"Feature","properties":{"pid":"023800060026"},"geometry":{"type":"Polygon","coordinates":[[[-84.510028,39.189908],[-84.507937,39.186822],[-84.509272,39.185582],[-84.509846,39.185929],[-84.511449,39.18646],[-84.511767,39.186602],[-84.512164,39.186921],[-84.512425,39.187375],[-84.512171,39.187439],[-84.512271,39.187676],[-84.511558,39.187867],[-84.51123,39.188077],[-84.511,39.187905],[-84.510535,39.187358],[-84.510337,39.187323],[-84.510235,39.187408],[-84.510251,39.187523],[-84.510556,39.187634],[-84.5111,39.188195],[-84.51059,39.188595],[-84.510109,39.188252],[-84.509992,39.188076],[-84.50982,39.188073],[-84.509725,39.188184],[-84.509774,39.18829],[-84.509991,39.188359],[-84.510629,39.188834],[-84.510989,39.189358],[-84.511242,39.189578],[-84.511581,39.18971],[-84.512323,39.189845],[-84.512191,39.190308],[-84.510028,39.189908]]]}},{"type":"Feature","properties":{"pid":"022300030182"},"geometry":{"type":"Polygon","coordinates":[[[-84.507857,39.171263],[-84.507617,39.170902],[-84.507777,39.170795],[-84.50802,39.171162],[-84.507857,39.171263]]]}},{"type":"Feature","properties":{"pid":"022300030188"},"geometry":{"type":"Polygon","coordinates":[[[-84.506934,39.171543],[-84.507351,39.171394],[-84.507454,39.171549],[-84.507055,39.171763],[-84.506934,39.171543]]]}},{"type":"Feature","properties":{"pid":"022000560185"},"geometry":{"type":"Polygon","coordinates":[[[-84.513444,39.174128],[-84.513626,39.174455],[-84.51345,39.174514],[-84.513268,39.174186],[-84.513444,39.174128]]]}},{"type":"Feature","properties":{"pid":"022000560187"},"geometry":{"type":"Polygon","coordinates":[[[-84.51381,39.174005],[-84.513975,39.174302],[-84.513799,39.174361],[-84.513634,39.174064],[-84.51381,39.174005]]]}},{"type":"Feature","properties":{"pid":"022000560186"},"geometry":{"type":"Polygon","coordinates":[[[-84.513634,39.174064],[-84.51381,39.174382],[-84.51362,39.174445],[-84.513444,39.174128],[-84.513634,39.174064]]]}},{"type":"Feature","properties":{"pid":"022000560188"},"geometry":{"type":"Polygon","coordinates":[[[-84.513985,39.173946],[-84.514138,39.174221],[-84.513962,39.17428],[-84.51381,39.174005],[-84.513985,39.173946]]]}},{"type":"Feature","properties":{"pid":"022000560175"},"geometry":{"type":"Polygon","coordinates":[[[-84.514114,39.175307],[-84.513942,39.175402],[-84.513701,39.174968],[-84.513882,39.174889],[-84.514114,39.175307]]]}},{"type":"Feature","properties":{"pid":"022000560195"},"geometry":{"type":"Polygon","coordinates":[[[-84.513632,39.174842],[-84.513701,39.174968],[-84.51241,39.175401],[-84.512392,39.175437],[-84.512294,39.175261],[-84.512341,39.175275],[-84.513632,39.174842]]]}},{"type":"Feature","properties":{"pid":"022000560157"},"geometry":{"type":"Polygon","coordinates":[[[-84.513422,39.174464],[-84.513632,39.174842],[-84.513465,39.174898],[-84.513255,39.17452],[-84.513422,39.174464]]]}},{"type":"Feature","properties":{"pid":"022000560143"},"geometry":{"type":"Polygon","coordinates":[[[-84.513261,39.174174],[-84.513422,39.174464],[-84.513255,39.17452],[-84.513095,39.17423],[-84.513261,39.174174]]]}},{"type":"Feature","properties":{"pid":"022000560197"},"geometry":{"type":"Polygon","coordinates":[[[-84.514304,39.174145],[-84.514447,39.174404],[-84.514259,39.174473],[-84.514122,39.174226],[-84.514304,39.174145]]]}},{"type":"Feature","properties":{"pid":"022000580043"},"geometry":{"type":"Polygon","coordinates":[[[-84.512965,39.172575],[-84.512845,39.172616],[-84.512733,39.172355],[-84.512853,39.172315],[-84.512965,39.172575]]]}},{"type":"Feature","properties":{"pid":"022000580021"},"geometry":{"type":"Polygon","coordinates":[[[-84.514553,39.172043],[-84.51443,39.172085],[-84.514304,39.171795],[-84.514427,39.171753],[-84.514553,39.172043]]]}},{"type":"Feature","properties":{"pid":"022000580022"},"geometry":{"type":"Polygon","coordinates":[[[-84.514061,39.172209],[-84.513937,39.172251],[-84.513812,39.17196],[-84.513935,39.171919],[-84.514061,39.172209]]]}},{"type":"Feature","properties":{"pid":"022000560035"},"geometry":{"type":"Polygon","coordinates":[[[-84.514595,39.174369],[-84.514454,39.174416],[-84.514315,39.174164],[-84.514455,39.174117],[-84.514595,39.174369]]]}},{"type":"Feature","properties":{"pid":"022000560003"},"geometry":{"type":"Polygon","coordinates":[[[-84.515539,39.176297],[-84.515569,39.176023],[-84.515801,39.176038],[-84.515774,39.176311],[-84.515539,39.176297]]]}},{"type":"Feature","properties":{"pid":"022000560046"},"geometry":{"type":"Polygon","coordinates":[[[-84.514973,39.176503],[-84.515111,39.17627],[-84.515774,39.176311],[-84.515748,39.176585],[-84.515086,39.176543],[-84.514973,39.176503]]]}},{"type":"Feature","properties":{"pid":"022000560033"},"geometry":{"type":"Polygon","coordinates":[[[-84.515725,39.176832],[-84.515223,39.1768],[-84.515236,39.176671],[-84.515738,39.176695],[-84.515725,39.176832]]]}},{"type":"Feature","properties":{"pid":"022000560047"},"geometry":{"type":"Polygon","coordinates":[[[-84.515472,39.176682],[-84.515243,39.1766],[-84.515248,39.176554],[-84.515748,39.176585],[-84.515738,39.176695],[-84.515472,39.176682]]]}},{"type":"Feature","properties":{"pid":"021900510140"},"geometry":{"type":"Polygon","coordinates":[[[-84.517094,39.178091],[-84.517106,39.177968],[-84.517809,39.178007],[-84.517798,39.17813],[-84.517094,39.178091]]]}},{"type":"Feature","properties":{"pid":"02380A040027"},"geometry":{"type":"Polygon","coordinates":[[[-84.497875,39.18524],[-84.498239,39.185274],[-84.498561,39.185409],[-84.499693,39.186299],[-84.499082,39.186827],[-84.497376,39.185624],[-84.497557,39.185469],[-84.497457,39.185411],[-84.497599,39.185299],[-84.497875,39.18524]]]}},{"type":"Feature","properties":{"pid":"023800060014"},"geometry":{"type":"MultiPolygon","coordinates":[[[[-84.513925,39.19062],[-84.512191,39.190308],[-84.512323,39.189845],[-84.514273,39.190189],[-84.514253,39.190374],[-84.513925,39.19062]]],[[[-84.514315,39.190537],[-84.514446,39.190394],[-84.514485,39.190249],[-84.514532,39.190232],[-84.51449,39.190691],[-84.514328,39.190607],[-84.514315,39.190537]]]]}},{"type":"Feature","properties":{"pid":"02380A040019"},"geometry":{"type":"Polygon","coordinates":[[[-84.496769,39.185012],[-84.497557,39.185469],[-84.496305,39.18653],[-84.495752,39.186308],[-84.49597,39.185603],[-84.496546,39.184975],[-84.496769,39.185012]]]}},{"type":"Feature","properties":{"pid":"023800020023"},"geometry":{"type":"Polygon","coordinates":[[[-84.514585,39.186279],[-84.511947,39.186229],[-84.512614,39.185448],[-84.513641,39.184605],[-84.514105,39.184978],[-84.514387,39.185343],[-84.514553,39.185748],[-84.514585,39.186279]]]}},{"type":"Feature","properties":{"pid":"021900600010"},"geometry":{"type":"Polygon","coordinates":[[[-84.5163,39.163378],[-84.515451,39.163411],[-84.515304,39.163344],[-84.51547,39.163082],[-84.515368,39.162999],[-84.516254,39.163198],[-84.5163,39.163378]]]}},{"type":"Feature","properties":{"pid":"022300020018"},"geometry":{"type":"Polygon","coordinates":[[[-84.509712,39.163686],[-84.508519,39.162936],[-84.509817,39.162325],[-84.510412,39.16222],[-84.511782,39.162167],[-84.51265,39.161869],[-84.512614,39.162185],[-84.512144,39.162244],[-84.510008,39.163213],[-84.50997,39.163372],[-84.510075,39.163566],[-84.509712,39.163686]]]}},{"type":"Feature","properties":{"pid":"02380A040028"},"geometry":{"type":"Polygon","coordinates":[[[-84.498938,39.184883],[-84.498434,39.185244],[-84.499772,39.186233],[-84.499693,39.186299],[-84.4991,39.185799],[-84.498408,39.18533],[-84.49815,39.185256],[-84.497875,39.18524],[-84.497599,39.185299],[-84.497457,39.185411],[-84.496769,39.185012],[-84.497349,39.184367],[-84.497768,39.184026],[-84.498938,39.184883]]]}},{"type":"Feature","properties":{"pid":"022000580083"},"geometry":{"type":"Polygon","coordinates":[[[-84.511478,39.171436],[-84.511677,39.171348],[-84.511736,39.171351],[-84.511516,39.171509],[-84.511478,39.171436]]]}},{"type":"Feature","properties":{"pid":"022000590002"},"geometry":{"type":"Polygon","coordinates":[[[-84.514651,39.170333],[-84.514626,39.170246],[-84.515089,39.170109],[-84.5151,39.170211],[-84.514651,39.170333]]]}},{"type":"Feature","properties":{"pid":"022000590045"},"geometry":{"type":"Polygon","coordinates":[[[-84.514597,39.17015],[-84.515079,39.170008],[-84.515089,39.170109],[-84.514626,39.170246],[-84.514597,39.17015]]]}},{"type":"Feature","properties":{"pid":"022000610001"},"geometry":{"type":"Polygon","coordinates":[[[-84.514386,39.18076],[-84.514421,39.18044],[-84.514537,39.179379],[-84.514993,39.179489],[-84.51471,39.180147],[-84.51546,39.180194],[-84.51539,39.180848],[-84.514386,39.18076]]]}},{"type":"Feature","properties":{"pid":"022000610002"},"geometry":{"type":"Polygon","coordinates":[[[-84.513851,39.179569],[-84.513929,39.179245],[-84.514201,39.179305],[-84.514164,39.179638],[-84.513851,39.179569]]]}},{"type":"Feature","properties":{"pid":"022000610023"},"geometry":{"type":"Polygon","coordinates":[[[-84.51471,39.180147],[-84.514993,39.179489],[-84.515513,39.179696],[-84.51546,39.180194],[-84.51471,39.180147]]]}},{"type":"Feature","properties":{"pid":"022300010011"},"geometry":{"type":"Polygon","coordinates":[[[-84.525884,39.182],[-84.525831,39.181952],[-84.526573,39.181855],[-84.526929,39.181867],[-84.526959,39.182018],[-84.525884,39.182]]]}},{"type":"Feature","properties":{"pid":"022300010075"},"geometry":{"type":"Polygon","coordinates":[[[-84.52438,39.184128],[-84.524406,39.183711],[-84.525089,39.183737],[-84.525064,39.184154],[-84.52438,39.184128]]]}},{"type":"Feature","properties":{"pid":"022300010080"},"geometry":{"type":"Polygon","coordinates":[[[-84.525749,39.181875],[-84.526874,39.181675],[-84.526929,39.181867],[-84.526573,39.181855],[-84.525831,39.181952],[-84.525749,39.181875]]]}},{"type":"Feature","properties":{"pid":"022300040068"},"geometry":{"type":"Polygon","coordinates":[[[-84.514219,39.168283],[-84.514247,39.167144],[-84.514092,39.166625],[-84.514109,39.166393],[-84.514695,39.165923],[-84.51492,39.167075],[-84.515154,39.167359],[-84.515279,39.168145],[-84.514219,39.168283]]]}},{"type":"Feature","properties":{"pid":"023800010006"},"geometry":{"type":"Polygon","coordinates":[[[-84.515147,39.185629],[-84.515225,39.184788],[-84.517296,39.18487],[-84.51761,39.1856],[-84.516887,39.18557],[-84.516878,39.185701],[-84.515147,39.185629]]]}},{"type":"Feature","properties":{"pid":"023800010083"},"geometry":{"type":"Polygon","coordinates":[[[-84.514936,39.185621],[-84.515013,39.184779],[-84.515225,39.184788],[-84.515147,39.185629],[-84.514936,39.185621]]]}},{"type":"Feature","properties":{"pid":"023800010089"},"geometry":{"type":"Polygon","coordinates":[[[-84.517746,39.185909],[-84.517472,39.185898],[-84.51772,39.185848],[-84.517746,39.185909]]]}},{"type":"Feature","properties":{"pid":"023800030015"},"geometry":{"type":"Polygon","coordinates":[[[-84.500104,39.182641],[-84.501374,39.181741],[-84.502174,39.181381],[-84.502773,39.181917],[-84.502298,39.182245],[-84.501801,39.182428],[-84.500832,39.182492],[-84.500104,39.182641]]]}},{"type":"Feature","properties":{"pid":"021900510100"},"geometry":{"type":"Polygon","coordinates":[[[-84.519028,39.175723],[-84.51904,39.175594],[-84.519424,39.175613],[-84.519432,39.175746],[-84.519028,39.175723]]]}},{"type":"Feature","properties":{"pid":"022000590044"},"geometry":{"type":"Polygon","coordinates":[[[-84.51509,39.170117],[-84.51508,39.170017],[-84.515618,39.170047],[-84.515609,39.170145],[-84.51509,39.170117]]]}},{"type":"Feature","properties":{"pid":"022300010081"},"geometry":{"type":"Polygon","coordinates":[[[-84.525064,39.184154],[-84.525089,39.183737],[-84.525731,39.183761],[-84.525705,39.184178],[-84.525064,39.184154]]]}},{"type":"Feature","properties":{"pid":"022300040069"},"geometry":{"type":"Polygon","coordinates":[[[-84.514217,39.168916],[-84.514219,39.168283],[-84.515279,39.168145],[-84.515317,39.168389],[-84.515269,39.168486],[-84.514217,39.168916]]]}},{"type":"Feature","properties":{"pid":"023800010038"},"geometry":{"type":"Polygon","coordinates":[[[-84.517472,39.185898],[-84.515131,39.185801],[-84.515147,39.185629],[-84.516878,39.185701],[-84.516887,39.18557],[-84.51761,39.1856],[-84.51772,39.185848],[-84.517472,39.185898]]]}},{"type":"Feature","properties":{"pid":"021900500001"},"geometry":{"type":"Polygon","coordinates":[[[-84.525749,39.181875],[-84.524982,39.181148],[-84.526514,39.18087],[-84.526595,39.180887],[-84.526936,39.181664],[-84.525749,39.181875]]]}},{"type":"Feature","properties":{"pid":"021900530022"},"geometry":{"type":"Polygon","coordinates":[[[-84.51984,39.169807],[-84.519072,39.169761],[-84.519138,39.169108],[-84.51996,39.169155],[-84.519897,39.16977],[-84.51984,39.169807]]]}},{"type":"Feature","properties":{"pid":"021900530144"},"geometry":{"type":"Polygon","coordinates":[[[-84.518392,39.169302],[-84.518407,39.169161],[-84.518803,39.169183],[-84.518789,39.169323],[-84.518392,39.169302]]]}},{"type":"Feature","properties":{"pid":"023700040009"},"geometry":{"type":"Polygon","coordinates":[[[-84.514335,39.193503],[-84.514433,39.19221],[-84.516156,39.192244],[-84.516763,39.193614],[-84.514335,39.193503]]]}},{"type":"Feature","properties":{"pid":"023800020020"},"geometry":{"type":"Polygon","coordinates":[[[-84.514591,39.182258],[-84.515133,39.183205],[-84.512507,39.183012],[-84.512514,39.182983],[-84.513115,39.183027],[-84.513302,39.180665],[-84.513851,39.182198],[-84.514591,39.182258]]]}},{"type":"Feature","properties":{"pid":"023800020015"},"geometry":{"type":"Polygon","coordinates":[[[-84.514349,39.1809],[-84.514076,39.180916],[-84.513939,39.180981],[-84.513398,39.180932],[-84.513302,39.180665],[-84.514368,39.180758],[-84.514349,39.1809]]]}},{"type":"Feature","properties":{"pid":"021900510148"},"geometry":{"type":"Polygon","coordinates":[[[-84.515968,39.17618],[-84.516496,39.176211],[-84.516477,39.176403],[-84.51595,39.176371],[-84.515968,39.17618]]]}},{"type":"Feature","properties":{"pid":"023800020030"},"geometry":{"type":"Polygon","coordinates":[[[-84.509521,39.185375],[-84.509428,39.185464],[-84.50923,39.185265],[-84.51023,39.183643],[-84.510765,39.184661],[-84.510422,39.185132],[-84.509521,39.185375]]]}},{"type":"Feature","properties":{"pid":"023800020006"},"geometry":{"type":"Polygon","coordinates":[[[-84.514386,39.18076],[-84.513302,39.180665],[-84.51339,39.179852],[-84.514475,39.179948],[-84.514386,39.18076]]]}},{"type":"Feature","properties":{"pid":"022300040056"},"geometry":{"type":"Polygon","coordinates":[[[-84.513646,39.165836],[-84.513736,39.165893],[-84.513473,39.16604],[-84.513378,39.165983],[-84.513646,39.165836]]]}},{"type":"Feature","properties":{"pid":"022300040019"},"geometry":{"type":"Polygon","coordinates":[[[-84.514572,39.165653],[-84.514463,39.165733],[-84.514466,39.165692],[-84.514572,39.165653]]]}},{"type":"Feature","properties":{"pid":"022000610018"},"geometry":{"type":"Polygon","coordinates":[[[-84.513431,39.179476],[-84.513467,39.179143],[-84.513929,39.179245],[-84.513851,39.179569],[-84.513431,39.179476]]]}},{"type":"Feature","properties":{"pid":"022300040030"},"geometry":{"type":"Polygon","coordinates":[[[-84.513926,39.168351],[-84.514026,39.169079],[-84.512687,39.169747],[-84.512272,39.169862],[-84.512527,39.169564],[-84.51235,39.1696],[-84.512403,39.169052],[-84.512874,39.169079],[-84.512992,39.168848],[-84.51328,39.168728],[-84.513226,39.168426],[-84.513926,39.168351]]]}},{"type":"Feature","properties":{"pid":"023800060049"},"geometry":{"type":"Polygon","coordinates":[[[-84.512594,39.190972],[-84.51202,39.1906],[-84.512039,39.190281],[-84.513254,39.190499],[-84.513205,39.190668],[-84.512965,39.190625],[-84.512594,39.190972]]]}},{"type":"Feature","properties":{"pid":"023800050073"},"geometry":{"type":"Polygon","coordinates":[[[-84.499673,39.194002],[-84.499618,39.194611],[-84.499074,39.194633],[-84.498908,39.195353],[-84.497394,39.195141],[-84.497697,39.19383],[-84.499673,39.194002]]]}},{"type":"Feature","properties":{"pid":"022000580084"},"geometry":{"type":"Polygon","coordinates":[[[-84.513043,39.170067],[-84.512973,39.170094],[-84.513082,39.16985],[-84.513141,39.169873],[-84.513043,39.170067]]]}},{"type":"Feature","properties":{"pid":"022000580008"},"geometry":{"type":"Polygon","coordinates":[[[-84.512896,39.170661],[-84.512973,39.170094],[-84.514177,39.169618],[-84.514319,39.170098],[-84.512896,39.170661]]]}},{"type":"Feature","properties":{"pid":"022000580078"},"geometry":{"type":"Polygon","coordinates":[[[-84.511626,39.173026],[-84.511509,39.173009],[-84.511487,39.172918],[-84.511945,39.172527],[-84.511958,39.172556],[-84.512283,39.172447],[-84.512367,39.172508],[-84.512476,39.17274],[-84.511626,39.173026]]]}},{"type":"Feature","properties":{"pid":"023700040010"},"geometry":{"type":"Polygon","coordinates":[[[-84.516129,39.192162],[-84.514439,39.192127],[-84.514536,39.190841],[-84.516219,39.19091],[-84.516047,39.191813],[-84.516129,39.192162]]]}},{"type":"Feature","properties":{"pid":"022300030150"},"geometry":{"type":"Polygon","coordinates":[[[-84.512025,39.168244],[-84.512005,39.168449],[-84.511695,39.168163],[-84.511839,39.168067],[-84.512025,39.168244]]]}},{"type":"Feature","properties":{"pid":"02380A040010"},"geometry":{"type":"Polygon","coordinates":[[[-84.499356,39.189522],[-84.498094,39.188103],[-84.498107,39.188034],[-84.498268,39.187894],[-84.498193,39.18788],[-84.498248,39.187834],[-84.50047,39.188235],[-84.500235,39.189009],[-84.499356,39.189522]]]}},{"type":"Feature","properties":{"pid":"023800040009"},"geometry":{"type":"Polygon","coordinates":[[[-84.499763,39.189915],[-84.499618,39.189811],[-84.499356,39.189522],[-84.499763,39.189915]]]}},{"type":"Feature","properties":{"pid":"023800040003"},"geometry":{"type":"Polygon","coordinates":[[[-84.500095,39.188167],[-84.501142,39.187257],[-84.501691,39.186682],[-84.502244,39.186449],[-84.502565,39.186487],[-84.50265,39.186547],[-84.500645,39.188266],[-84.500095,39.188167]]]}},{"type":"Feature","properties":{"pid":"02380A040023"},"geometry":{"type":"Polygon","coordinates":[[[-84.49804,39.188012],[-84.498029,39.188073],[-84.497953,39.187964],[-84.498075,39.187859],[-84.498193,39.18788],[-84.49804,39.188012]]]}},{"type":"Feature","properties":{"pid":"02380A040008"},"geometry":{"type":"Polygon","coordinates":[[[-84.497556,39.187612],[-84.497307,39.187354],[-84.498224,39.18657],[-84.498912,39.18706],[-84.498603,39.187329],[-84.498212,39.187051],[-84.497556,39.187612]]]}},{"type":"Feature","properties":{"pid":"023800040036"},"geometry":{"type":"Polygon","coordinates":[[[-84.49955,39.190087],[-84.50003,39.190758],[-84.500247,39.191446],[-84.500036,39.191609],[-84.499409,39.192306],[-84.498213,39.191654],[-84.499193,39.190281],[-84.49955,39.190087]]]}},{"type":"Feature","properties":{"pid":"023800040030"},"geometry":{"type":"Polygon","coordinates":[[[-84.504466,39.186586],[-84.503872,39.187096],[-84.502851,39.186374],[-84.50265,39.186547],[-84.500967,39.185359],[-84.501287,39.185084],[-84.50263,39.186033],[-84.503136,39.18613],[-84.504466,39.186586]]]}},{"type":"Feature","properties":{"pid":"023800040049"},"geometry":{"type":"Polygon","coordinates":[[[-84.499553,39.186747],[-84.500246,39.187133],[-84.500283,39.187102],[-84.500748,39.187361],[-84.501469,39.186743],[-84.5004,39.185988],[-84.501059,39.185423],[-84.502565,39.186487],[-84.502244,39.186449],[-84.501691,39.186682],[-84.501142,39.187257],[-84.500095,39.188167],[-84.498248,39.187834],[-84.498302,39.187787],[-84.498377,39.187801],[-84.498917,39.187332],[-84.499582,39.187702],[-84.500199,39.187174],[-84.499506,39.186788],[-84.499553,39.186747]]]}},{"type":"Feature","properties":{"pid":"023800040013"},"geometry":{"type":"Polygon","coordinates":[[[-84.499053,39.187206],[-84.499472,39.186819],[-84.500163,39.187204],[-84.499725,39.18758],[-84.499053,39.187206]]]}},{"type":"Feature","properties":{"pid":"023800040042"},"geometry":{"type":"Polygon","coordinates":[[[-84.500342,39.191689],[-84.500217,39.193092],[-84.49925,39.193026],[-84.499101,39.192926],[-84.500209,39.191703],[-84.50029,39.191663],[-84.500342,39.191689]]]}},{"type":"Feature","properties":{"pid":"023800040020"},"geometry":{"type":"Polygon","coordinates":[[[-84.501367,39.18683],[-84.500748,39.187361],[-84.500283,39.187102],[-84.500946,39.186533],[-84.501367,39.18683]]]}},{"type":"Feature","properties":{"pid":"02380A040004"},"geometry":{"type":"Polygon","coordinates":[[[-84.500835,39.185411],[-84.500343,39.185059],[-84.499723,39.185458],[-84.497784,39.184037],[-84.498038,39.183897],[-84.499929,39.185287],[-84.500336,39.185044],[-84.500835,39.185411]]]}},{"type":"Feature","properties":{"pid":"023800040021"},"geometry":{"type":"Polygon","coordinates":[[[-84.500298,39.186075],[-84.5004,39.185988],[-84.501469,39.186743],[-84.501367,39.18683],[-84.500298,39.186075]]]}},{"type":"Feature","properties":{"pid":"02380A040005"},"geometry":{"type":"Polygon","coordinates":[[[-84.500879,39.185373],[-84.500842,39.185405],[-84.500336,39.185044],[-84.499929,39.185287],[-84.498038,39.183897],[-84.498524,39.183725],[-84.500879,39.185373]]]}},{"type":"Feature","properties":{"pid":"023800030007"},"geometry":{"type":"Polygon","coordinates":[[[-84.501522,39.185026],[-84.504556,39.182524],[-84.505828,39.18174],[-84.506025,39.182548],[-84.506384,39.18233],[-84.506809,39.184175],[-84.505051,39.18566],[-84.502133,39.185457],[-84.501522,39.185026]]]}},{"type":"Feature","properties":{"pid":"021900510072"},"geometry":{"type":"Polygon","coordinates":[[[-84.516512,39.176062],[-84.516497,39.176199],[-84.51597,39.176169],[-84.515984,39.176032],[-84.516512,39.176062]]]}},{"type":"Feature","properties":{"pid":"021900510090"},"geometry":{"type":"Polygon","coordinates":[[[-84.516477,39.176403],[-84.516512,39.176062],[-84.516632,39.176069],[-84.5166,39.17641],[-84.516477,39.176403]]]}},{"type":"Feature","properties":{"pid":"023800040017"},"geometry":{"type":"Polygon","coordinates":[[[-84.500298,39.186075],[-84.500946,39.186533],[-84.500283,39.187102],[-84.499566,39.186703],[-84.500298,39.186075]]]}},{"type":"Feature","properties":{"pid":"02380A040013"},"geometry":{"type":"Polygon","coordinates":[[[-84.499829,39.186273],[-84.498915,39.185599],[-84.499258,39.18539],[-84.50013,39.186015],[-84.499829,39.186273]]]}},{"type":"Feature","properties":{"pid":"023800040008"},"geometry":{"type":"Polygon","coordinates":[[[-84.50047,39.188235],[-84.501565,39.188432],[-84.50003,39.190193],[-84.499356,39.189522],[-84.500235,39.189009],[-84.50047,39.188235]]]}},{"type":"Feature","properties":{"pid":"023800030039"},"geometry":{"type":"Polygon","coordinates":[[[-84.504126,39.18647],[-84.504957,39.185739],[-84.506809,39.184175],[-84.506887,39.184513],[-84.504466,39.186586],[-84.504126,39.18647]]]}},{"type":"Feature","properties":{"pid":"02380A040002"},"geometry":{"type":"Polygon","coordinates":[[[-84.50013,39.186015],[-84.500076,39.185975],[-84.499528,39.185584],[-84.499624,39.185522],[-84.500213,39.185944],[-84.50013,39.186015]]]}},{"type":"Feature","properties":{"pid":"022300030181"},"geometry":{"type":"Polygon","coordinates":[[[-84.507833,39.171226],[-84.507882,39.171301],[-84.508045,39.1712],[-84.508344,39.171653],[-84.50768,39.171898],[-84.507583,39.171749],[-84.507132,39.171901],[-84.507055,39.171763],[-84.507454,39.171549],[-84.507368,39.171419],[-84.507833,39.171226]]]}},{"type":"Feature","properties":{"pid":"022300030141"},"geometry":{"type":"Polygon","coordinates":[[[-84.508337,39.172905],[-84.507891,39.173264],[-84.507341,39.172279],[-84.507823,39.172118],[-84.508337,39.172905]]]}},{"type":"Feature","properties":{"pid":"022300030179"},"geometry":{"type":"Polygon","coordinates":[[[-84.507351,39.171394],[-84.506934,39.171543],[-84.506859,39.171409],[-84.507209,39.171175],[-84.507351,39.171394]]]}},{"type":"Feature","properties":{"pid":"022300030187"},"geometry":{"type":"Polygon","coordinates":[[[-84.509347,39.172037],[-84.508868,39.172449],[-84.507777,39.170795],[-84.508317,39.170433],[-84.509347,39.172037]]]}},{"type":"Feature","properties":{"pid":"023800060017"},"geometry":{"type":"Polygon","coordinates":[[[-84.514504,39.187182],[-84.514032,39.187231],[-84.512779,39.187547],[-84.512708,39.187518],[-84.512623,39.187324],[-84.514328,39.186894],[-84.514534,39.186906],[-84.514504,39.187182]]]}},{"type":"Feature","properties":{"pid":"023700030016"},"geometry":{"type":"Polygon","coordinates":[[[-84.520087,39.197576],[-84.517999,39.197705],[-84.517896,39.197095],[-84.520302,39.197157],[-84.520316,39.19731],[-84.519249,39.19728],[-84.519281,39.197552],[-84.520087,39.197576]]]}},{"type":"Feature","properties":{"pid":"023700030017"},"geometry":{"type":"Polygon","coordinates":[[[-84.517873,39.196961],[-84.517804,39.19655],[-84.52025,39.196606],[-84.520288,39.197012],[-84.517873,39.196961]]]}},{"type":"Feature","properties":{"pid":"023700030022"},"geometry":{"type":"Polygon","coordinates":[[[-84.520302,39.197157],[-84.517896,39.197095],[-84.517873,39.196961],[-84.520288,39.197012],[-84.520302,39.197157]]]}},{"type":"Feature","properties":{"pid":"023700030023"},"geometry":{"type":"Polygon","coordinates":[[[-84.520545,39.199752],[-84.518308,39.199707],[-84.518225,39.199156],[-84.519601,39.199067],[-84.519625,39.199327],[-84.520507,39.19935],[-84.520545,39.199752]]]}},{"type":"Feature","properties":{"pid":"023700030053"},"geometry":{"type":"Polygon","coordinates":[[[-84.520434,39.198568],[-84.518126,39.198504],[-84.517999,39.197705],[-84.519021,39.197641],[-84.519103,39.198418],[-84.520423,39.198453],[-84.520434,39.198568]]]}},{"type":"Feature","properties":{"pid":"023700030054"},"geometry":{"type":"Polygon","coordinates":[[[-84.518753,39.199122],[-84.518225,39.199156],[-84.518126,39.198504],[-84.520434,39.198568],[-84.520445,39.198688],[-84.518939,39.198646],[-84.518753,39.199122]]]}},{"type":"Feature","properties":{"pid":"023700030010"},"geometry":{"type":"Polygon","coordinates":[[[-84.514281,39.194326],[-84.519594,39.194574],[-84.519263,39.19496],[-84.514251,39.19474],[-84.514281,39.194326]]]}},{"type":"Feature","properties":{"pid":"023800060063"},"geometry":{"type":"Polygon","coordinates":[[[-84.508901,39.198308],[-84.508629,39.197956],[-84.508351,39.197899],[-84.507204,39.197045],[-84.506927,39.196789],[-84.51427,39.194491],[-84.513866,39.19989],[-84.512279,39.199828],[-84.5122,39.200072],[-84.511997,39.200268],[-84.511709,39.200381],[-84.511169,39.200415],[-84.511037,39.200547],[-84.510743,39.200403],[-84.510424,39.200142],[-84.509207,39.19859],[-84.508901,39.198308]]]}},{"type":"Feature","properties":{"pid":"023800060020"},"geometry":{"type":"Polygon","coordinates":[[[-84.514321,39.193691],[-84.51427,39.194491],[-84.506927,39.196789],[-84.506832,39.196674],[-84.509981,39.195671],[-84.510503,39.194869],[-84.509412,39.193322],[-84.514321,39.193691]]]}},{"type":"Feature","properties":{"pid":"023800060005"},"geometry":{"type":"Polygon","coordinates":[[[-84.509013,39.191237],[-84.506864,39.190207],[-84.50639,39.190187],[-84.506453,39.189378],[-84.510122,39.190039],[-84.510083,39.18998],[-84.511057,39.190159],[-84.510842,39.190884],[-84.511636,39.191839],[-84.511521,39.192803],[-84.510918,39.192458],[-84.510147,39.192097],[-84.509781,39.192032],[-84.5095,39.192052],[-84.509448,39.191995],[-84.509288,39.192027],[-84.509013,39.191237]]]}},{"type":"Feature","properties":{"pid":"023800040037"},"geometry":{"type":"Polygon","coordinates":[[[-84.49709,39.192585],[-84.497976,39.191985],[-84.498213,39.191654],[-84.499409,39.192306],[-84.498947,39.192813],[-84.498432,39.193162],[-84.498253,39.193356],[-84.498133,39.193381],[-84.497799,39.193254],[-84.49709,39.192585]]]}},{"type":"Feature","properties":{"pid":"023800060003"},"geometry":{"type":"Polygon","coordinates":[[[-84.506039,39.198135],[-84.504343,39.198198],[-84.503928,39.198144],[-84.503049,39.197601],[-84.502128,39.197395],[-84.502341,39.194209],[-84.504512,39.194374],[-84.505908,39.194868],[-84.506409,39.196455],[-84.506705,39.196931],[-84.50687,39.197549],[-84.507757,39.197765],[-84.50871,39.198475],[-84.508905,39.198664],[-84.510228,39.200338],[-84.510799,39.200781],[-84.511106,39.200853],[-84.506516,39.200495],[-84.506851,39.198051],[-84.506039,39.198135]]]}},{"type":"Feature","properties":{"pid":"023700040029"},"geometry":{"type":"Polygon","coordinates":[[[-84.516568,39.191571],[-84.516261,39.191748],[-84.516093,39.191572],[-84.516398,39.191393],[-84.516568,39.191571]]]}},{"type":"Feature","properties":{"pid":"023800060041"},"geometry":{"type":"Polygon","coordinates":[[[-84.51211,39.192397],[-84.512001,39.192443],[-84.51182,39.192181],[-84.511965,39.192077],[-84.512618,39.191967],[-84.512803,39.192263],[-84.512285,39.192566],[-84.51211,39.192397]]]}},{"type":"Feature","properties":{"pid":"023800060042"},"geometry":{"type":"Polygon","coordinates":[[[-84.512031,39.191483],[-84.511906,39.191682],[-84.511315,39.191453],[-84.511139,39.191241],[-84.51139,39.191114],[-84.511619,39.191323],[-84.512031,39.191483]]]}},{"type":"Feature","properties":{"pid":"023800060043"},"geometry":{"type":"Polygon","coordinates":[[[-84.511139,39.191241],[-84.510842,39.190884],[-84.51095,39.190518],[-84.511229,39.190526],[-84.511215,39.190846],[-84.511422,39.191098],[-84.511139,39.191241]]]}},{"type":"Feature","properties":{"pid":"023800040001"},"geometry":{"type":"Polygon","coordinates":[[[-84.497976,39.191985],[-84.495079,39.193946],[-84.494808,39.193586],[-84.494913,39.192519],[-84.4941,39.191385],[-84.497854,39.188173],[-84.49955,39.190087],[-84.499193,39.190281],[-84.497976,39.191985]]]}},{"type":"Feature","properties":{"pid":"023800040041"},"geometry":{"type":"Polygon","coordinates":[[[-84.500217,39.193092],[-84.500138,39.193803],[-84.499051,39.193729],[-84.498498,39.19352],[-84.498452,39.19345],[-84.498571,39.193287],[-84.499101,39.192926],[-84.49925,39.193026],[-84.500217,39.193092]]]}},{"type":"Feature","properties":{"pid":"023800060030"},"geometry":{"type":"Polygon","coordinates":[[[-84.507697,39.191208],[-84.507314,39.191106],[-84.506715,39.191112],[-84.506694,39.191481],[-84.506294,39.191438],[-84.50639,39.190187],[-84.506864,39.190207],[-84.509013,39.191237],[-84.509288,39.192027],[-84.509448,39.191995],[-84.5095,39.192052],[-84.509781,39.192032],[-84.510147,39.192097],[-84.510918,39.192458],[-84.511521,39.192803],[-84.511441,39.193477],[-84.506996,39.193139],[-84.507033,39.192705],[-84.507538,39.192738],[-84.507562,39.192565],[-84.50813,39.192507],[-84.508751,39.192291],[-84.508565,39.191674],[-84.508474,39.191544],[-84.507697,39.191208]]]}},{"type":"Feature","properties":{"pid":"023800060044"},"geometry":{"type":"Polygon","coordinates":[[[-84.512993,39.191264],[-84.512494,39.191469],[-84.512322,39.191321],[-84.512102,39.191221],[-84.512241,39.191018],[-84.512689,39.191203],[-84.512904,39.191122],[-84.512993,39.191264]]]}},{"type":"Feature","properties":{"pid":"023800060045"},"geometry":{"type":"Polygon","coordinates":[[[-84.513191,39.191745],[-84.512774,39.191903],[-84.512568,39.191573],[-84.512981,39.191416],[-84.513191,39.191745]]]}},{"type":"Feature","properties":{"pid":"023800060046"},"geometry":{"type":"Polygon","coordinates":[[[-84.513184,39.192174],[-84.51299,39.192247],[-84.512774,39.191903],[-84.513271,39.191715],[-84.513359,39.19196],[-84.513184,39.192174]]]}},{"type":"Feature","properties":{"pid":"023800060047"},"geometry":{"type":"Polygon","coordinates":[[[-84.513545,39.192668],[-84.513484,39.192682],[-84.51317,39.192487],[-84.513313,39.192382],[-84.513435,39.192454],[-84.51355,39.19219],[-84.513743,39.19224],[-84.513545,39.192668]]]}},{"type":"Feature","properties":{"pid":"023800060048"},"geometry":{"type":"Polygon","coordinates":[[[-84.513843,39.191922],[-84.513551,39.19193],[-84.513472,39.191116],[-84.513285,39.191084],[-84.513329,39.190929],[-84.513742,39.190978],[-84.513851,39.191684],[-84.513843,39.191922]]]}},{"type":"Feature","properties":{"pid":"023800060050"},"geometry":{"type":"Polygon","coordinates":[[[-84.513339,39.19287],[-84.512909,39.193044],[-84.512846,39.192831],[-84.513091,39.192616],[-84.513353,39.192781],[-84.513339,39.19287]]]}},{"type":"Feature","properties":{"pid":"023800060052"},"geometry":{"type":"Polygon","coordinates":[[[-84.513948,39.191164],[-84.51392,39.19099],[-84.514308,39.191002],[-84.514295,39.191139],[-84.514218,39.19118],[-84.513948,39.191164]]]}},{"type":"Feature","properties":{"pid":"023800060053"},"geometry":{"type":"Polygon","coordinates":[[[-84.514222,39.191606],[-84.514017,39.191588],[-84.513983,39.191375],[-84.514316,39.191373],[-84.51429,39.19156],[-84.514222,39.191606]]]}},{"type":"Feature","properties":{"pid":"023800060054"},"geometry":{"type":"Polygon","coordinates":[[[-84.512828,39.192731],[-84.512572,39.192501],[-84.512853,39.192343],[-84.51304,39.192577],[-84.512828,39.192731]]]}},{"type":"Feature","properties":{"pid":"023800060055"},"geometry":{"type":"Polygon","coordinates":[[[-84.511965,39.192077],[-84.511931,39.191913],[-84.51223,39.191876],[-84.512497,39.191775],[-84.512618,39.191967],[-84.511965,39.192077]]]}},{"type":"Feature","properties":{"pid":"023800060056"},"geometry":{"type":"Polygon","coordinates":[[[-84.511931,39.191913],[-84.511889,39.191707],[-84.5121,39.191373],[-84.512311,39.191504],[-84.512497,39.191775],[-84.51223,39.191876],[-84.511931,39.191913]]]}},{"type":"Feature","properties":{"pid":"023800060057"},"geometry":{"type":"Polygon","coordinates":[[[-84.511793,39.190807],[-84.511511,39.190834],[-84.511465,39.190539],[-84.511747,39.190512],[-84.511793,39.190807]]]}},{"type":"Feature","properties":{"pid":"023800060058"},"geometry":{"type":"Polygon","coordinates":[[[-84.513313,39.192382],[-84.51317,39.192487],[-84.51299,39.192247],[-84.513184,39.192174],[-84.513313,39.192382]]]}},{"type":"Feature","properties":{"pid":"023800040038"},"geometry":{"type":"Polygon","coordinates":[[[-84.49551,39.193655],[-84.49709,39.192585],[-84.497799,39.193254],[-84.498133,39.193381],[-84.498056,39.193505],[-84.497765,39.193532],[-84.497697,39.19383],[-84.49551,39.193655]]]}},{"type":"Feature","properties":{"pid":"023800060037"},"geometry":{"type":"Polygon","coordinates":[[[-84.509516,39.195832],[-84.507445,39.193173],[-84.509412,39.193322],[-84.510503,39.194869],[-84.509981,39.195671],[-84.509516,39.195832]]]}},{"type":"Feature","properties":{"pid":"023800060031"},"geometry":{"type":"Polygon","coordinates":[[[-84.506715,39.191112],[-84.507473,39.191132],[-84.508378,39.19148],[-84.508565,39.191674],[-84.508751,39.192291],[-84.50813,39.192507],[-84.507562,39.192565],[-84.507538,39.192738],[-84.507033,39.192705],[-84.506996,39.193139],[-84.506168,39.193078],[-84.506294,39.191438],[-84.506694,39.191481],[-84.506715,39.191112]]]}},{"type":"Feature","properties":{"pid":"023800030035"},"geometry":{"type":"Polygon","coordinates":[[[-84.50303,39.183491],[-84.502275,39.18412],[-84.502446,39.183718],[-84.502433,39.183378],[-84.502288,39.183058],[-84.502023,39.182788],[-84.50303,39.183491]]]}},{"type":"Feature","properties":{"pid":"023800030038"},"geometry":{"type":"Polygon","coordinates":[[[-84.506194,39.181513],[-84.506384,39.18233],[-84.506025,39.182548],[-84.505828,39.18174],[-84.506194,39.181513]]]}},{"type":"Feature","properties":{"pid":"023800030045"},"geometry":{"type":"Polygon","coordinates":[[[-84.501845,39.182676],[-84.502819,39.181959],[-84.502872,39.182006],[-84.502417,39.182423],[-84.502495,39.182477],[-84.502432,39.182533],[-84.502481,39.182566],[-84.502351,39.182679],[-84.502174,39.182559],[-84.502066,39.182739],[-84.503074,39.183453],[-84.50303,39.183491],[-84.501845,39.182676]]]}},{"type":"Feature","properties":{"pid":"023800030047"},"geometry":{"type":"MultiPolygon","coordinates":[[[[-84.506883,39.179405],[-84.506189,39.178919],[-84.506381,39.178464],[-84.506412,39.17819],[-84.507351,39.179117],[-84.506883,39.179405]]],[[[-84.505145,39.180164],[-84.505446,39.179988],[-84.505962,39.180545],[-84.50681,39.180145],[-84.507269,39.180598],[-84.504455,39.182328],[-84.503829,39.18278],[-84.502826,39.181881],[-84.503721,39.181268],[-84.504061,39.181081],[-84.503798,39.180827],[-84.504183,39.180406],[-84.504707,39.180342],[-84.505145,39.180164]]]]}},{"type":"Feature","properties":{"pid":"02380A040006"},"geometry":{"type":"Polygon","coordinates":[[[-84.501703,39.184597],[-84.500829,39.185337],[-84.498524,39.183725],[-84.498651,39.183624],[-84.499675,39.183147],[-84.501703,39.184597]]]}},{"type":"Feature","properties":{"pid":"022300020045"},"geometry":{"type":"Polygon","coordinates":[[[-84.513787,39.165465],[-84.513364,39.165657],[-84.512916,39.16538],[-84.513443,39.164864],[-84.514068,39.165251],[-84.513824,39.165361],[-84.513787,39.165465]]]}},{"type":"Feature","properties":{"pid":"022300020040"},"geometry":{"type":"Polygon","coordinates":[[[-84.513552,39.16361],[-84.512747,39.164398],[-84.512065,39.163976],[-84.512304,39.163548],[-84.512249,39.163514],[-84.512858,39.162918],[-84.513329,39.162894],[-84.512967,39.163248],[-84.513552,39.16361]]]}},{"type":"Feature","properties":{"pid":"022300020044"},"geometry":{"type":"Polygon","coordinates":[[[-84.515948,39.164437],[-84.514068,39.165251],[-84.512891,39.164522],[-84.51379,39.163647],[-84.514136,39.163479],[-84.51438,39.163448],[-84.514629,39.163474],[-84.515463,39.163733],[-84.515948,39.164437]]]}},{"type":"Feature","properties":{"pid":"022300020047"},"geometry":{"type":"Polygon","coordinates":[[[-84.514929,39.163387],[-84.514505,39.163288],[-84.51412,39.163311],[-84.513777,39.163438],[-84.513552,39.16361],[-84.512967,39.163248],[-84.513329,39.162894],[-84.513461,39.162875],[-84.513985,39.163027],[-84.514929,39.163387]]]}},{"type":"Feature","properties":{"pid":"022300040063"},"geometry":{"type":"Polygon","coordinates":[[[-84.513349,39.166554],[-84.513381,39.166198],[-84.513537,39.16629],[-84.513542,39.166351],[-84.513503,39.166438],[-84.513349,39.166554]]]}},{"type":"Feature","properties":{"pid":"022300040012"},"geometry":{"type":"Polygon","coordinates":[[[-84.513503,39.166438],[-84.513542,39.166351],[-84.513537,39.16629],[-84.513628,39.166344],[-84.513503,39.166438]]]}},{"type":"Feature","properties":{"pid":"022300020041"},"geometry":{"type":"Polygon","coordinates":[[[-84.512747,39.164398],[-84.512637,39.164506],[-84.512092,39.164168],[-84.512202,39.16406],[-84.512747,39.164398]]]}},{"type":"Feature","properties":{"pid":"022300040011"},"geometry":{"type":"Polygon","coordinates":[[[-84.513094,39.166747],[-84.513138,39.166257],[-84.513264,39.166129],[-84.513381,39.166198],[-84.513349,39.166554],[-84.513094,39.166747]]]}},{"type":"Feature","properties":{"pid":"022300040022"},"geometry":{"type":"Polygon","coordinates":[[[-84.514889,39.165205],[-84.515014,39.165324],[-84.514824,39.165465],[-84.514849,39.165222],[-84.514889,39.165205]]]}},{"type":"Feature","properties":{"pid":"022300040023"},"geometry":{"type":"Polygon","coordinates":[[[-84.515073,39.165295],[-84.515016,39.165323],[-84.514889,39.165205],[-84.514948,39.16518],[-84.515073,39.165295]]]}},{"type":"Feature","properties":{"pid":"022300040024"},"geometry":{"type":"Polygon","coordinates":[[[-84.515083,39.165289],[-84.514948,39.16518],[-84.515052,39.165134],[-84.51514,39.165261],[-84.515083,39.165289]]]}},{"type":"Feature","properties":{"pid":"022300040038"},"geometry":{"type":"Polygon","coordinates":[[[-84.514689,39.165566],[-84.514708,39.165387],[-84.514777,39.165391],[-84.514785,39.165494],[-84.514689,39.165566]]]}},{"type":"Feature","properties":{"pid":"021900600003"},"geometry":{"type":"Polygon","coordinates":[[[-84.516243,39.162928],[-84.51627,39.163108],[-84.515387,39.162882],[-84.514618,39.162635],[-84.514365,39.162503],[-84.51463,39.162148],[-84.515202,39.162177],[-84.515401,39.162253],[-84.5155,39.162402],[-84.515626,39.162491],[-84.515767,39.162508],[-84.516243,39.162928]]]}},{"type":"Feature","properties":{"pid":"021900600005"},"geometry":{"type":"Polygon","coordinates":[[[-84.516174,39.16255],[-84.51607,39.16251],[-84.515712,39.162212],[-84.515407,39.162064],[-84.51497,39.161958],[-84.515176,39.161704],[-84.516037,39.161983],[-84.516174,39.16255]]]}},{"type":"Feature","properties":{"pid":"021900600020"},"geometry":{"type":"Polygon","coordinates":[[[-84.516565,39.164191],[-84.515948,39.164437],[-84.515463,39.163733],[-84.51595,39.163855],[-84.516426,39.163847],[-84.516565,39.164191]]]}},{"type":"Feature","properties":{"pid":"021900600021"},"geometry":{"type":"Polygon","coordinates":[[[-84.516313,39.16368],[-84.516048,39.163698],[-84.515812,39.163664],[-84.515341,39.163517],[-84.515272,39.163394],[-84.515304,39.163344],[-84.516365,39.163641],[-84.516313,39.16368]]]}},{"type":"Feature","properties":{"pid":"022300020005"},"geometry":{"type":"Polygon","coordinates":[[[-84.512268,39.165292],[-84.50999,39.16386],[-84.509712,39.163686],[-84.510075,39.163566],[-84.510297,39.163746],[-84.511991,39.164805],[-84.512291,39.165083],[-84.512268,39.165292]]]}},{"type":"Feature","properties":{"pid":"022300020007"},"geometry":{"type":"Polygon","coordinates":[[[-84.514093,39.162652],[-84.514419,39.162271],[-84.513467,39.162068],[-84.512614,39.162185],[-84.51265,39.161869],[-84.514616,39.161725],[-84.514875,39.161811],[-84.514208,39.162711],[-84.514093,39.162652]]]}},{"type":"Feature","properties":{"pid":"022300020028"},"geometry":{"type":"Polygon","coordinates":[[[-84.51087,39.164096],[-84.510297,39.163746],[-84.510031,39.16353],[-84.50997,39.163372],[-84.510008,39.163213],[-84.512144,39.162244],[-84.512614,39.162185],[-84.512537,39.162878],[-84.511853,39.163133],[-84.51087,39.164096]]]}},{"type":"Feature","properties":{"pid":"022300020038"},"geometry":{"type":"Polygon","coordinates":[[[-84.512224,39.164899],[-84.51215,39.164905],[-84.51165,39.164591],[-84.512092,39.164168],[-84.512637,39.164506],[-84.512224,39.164899]]]}},{"type":"Feature","properties":{"pid":"022300020039"},"geometry":{"type":"Polygon","coordinates":[[[-84.512202,39.16406],[-84.51165,39.164591],[-84.51087,39.164096],[-84.511627,39.163355],[-84.512604,39.16293],[-84.512858,39.162918],[-84.512249,39.163514],[-84.512304,39.163548],[-84.512065,39.163976],[-84.512202,39.16406]]]}},{"type":"Feature","properties":{"pid":"022300040020"},"geometry":{"type":"Polygon","coordinates":[[[-84.514604,39.165326],[-84.514717,39.165278],[-84.514689,39.165566],[-84.514573,39.165652],[-84.514604,39.165326]]]}},{"type":"Feature","properties":{"pid":"023800030014"},"geometry":{"type":"Polygon","coordinates":[[[-84.502481,39.182566],[-84.502432,39.182533],[-84.502495,39.182477],[-84.502417,39.182423],[-84.502872,39.182006],[-84.503781,39.182821],[-84.503074,39.183453],[-84.502066,39.182739],[-84.502174,39.182559],[-84.502351,39.182679],[-84.502481,39.182566]]]}},{"type":"Feature","properties":{"pid":"023800030027"},"geometry":{"type":"Polygon","coordinates":[[[-84.499695,39.183161],[-84.500592,39.182644],[-84.501188,39.182562],[-84.501504,39.182627],[-84.501789,39.182752],[-84.50215,39.183067],[-84.502301,39.183385],[-84.50229,39.183808],[-84.50204,39.184312],[-84.501703,39.184597],[-84.499695,39.183161]]]}},{"type":"Feature","properties":{"pid":"022300030137"},"geometry":{"type":"Polygon","coordinates":[[[-84.507285,39.172178],[-84.507132,39.171901],[-84.507583,39.171749],[-84.507759,39.17202],[-84.507285,39.172178]]]}},{"type":"Feature","properties":{"pid":"022300040064"},"geometry":{"type":"Polygon","coordinates":[[[-84.514598,39.165387],[-84.514573,39.165652],[-84.514123,39.165941],[-84.513903,39.165973],[-84.513666,39.165849],[-84.514598,39.165387]]]}},{"type":"Feature","properties":{"pid":"022000590011"},"geometry":{"type":"Polygon","coordinates":[[[-84.516471,39.170465],[-84.515754,39.170417],[-84.515778,39.170155],[-84.516498,39.170204],[-84.516471,39.170465]]]}},{"type":"Feature","properties":{"pid":"021900530008"},"geometry":{"type":"Polygon","coordinates":[[[-84.516594,39.170997],[-84.516418,39.170986],[-84.516461,39.170566],[-84.516637,39.170577],[-84.516594,39.170997]]]}},{"type":"Feature","properties":{"pid":"022000580014"},"geometry":{"type":"Polygon","coordinates":[[[-84.50985,39.173615],[-84.508358,39.174104],[-84.50799,39.173444],[-84.509214,39.172416],[-84.50985,39.173615]]]}},{"type":"Feature","properties":{"pid":"022000590008"},"geometry":{"type":"Polygon","coordinates":[[[-84.516418,39.170986],[-84.516274,39.170976],[-84.516305,39.170714],[-84.516445,39.170723],[-84.516418,39.170986]]]}},{"type":"Feature","properties":{"pid":"022000590009"},"geometry":{"type":"Polygon","coordinates":[[[-84.51573,39.17068],[-84.51575,39.170465],[-84.516467,39.170512],[-84.516445,39.170723],[-84.51573,39.17068]]]}},{"type":"Feature","properties":{"pid":"022000590010"},"geometry":{"type":"Polygon","coordinates":[[[-84.516467,39.170512],[-84.51575,39.170465],[-84.515754,39.170417],[-84.516471,39.170465],[-84.516467,39.170512]]]}},{"type":"Feature","properties":{"pid":"022000590013"},"geometry":{"type":"Polygon","coordinates":[[[-84.516524,39.169941],[-84.515802,39.169892],[-84.515815,39.169752],[-84.516538,39.1698],[-84.516524,39.169941]]]}},{"type":"Feature","properties":{"pid":"022000590012"},"geometry":{"type":"Polygon","coordinates":[[[-84.515778,39.170155],[-84.515802,39.169892],[-84.516524,39.169941],[-84.516498,39.170204],[-84.515778,39.170155]]]}},{"type":"Feature","properties":{"pid":"023800010071"},"geometry":{"type":"Polygon","coordinates":[[[-84.522759,39.184213],[-84.522488,39.184204],[-84.522391,39.184056],[-84.522772,39.18407],[-84.522759,39.184213]]]}},{"type":"Feature","properties":{"pid":"022300020014"},"geometry":{"type":"Polygon","coordinates":[[[-84.50898,39.163798],[-84.508154,39.163747],[-84.507854,39.163564],[-84.508115,39.163329],[-84.508326,39.163455],[-84.508597,39.163206],[-84.509215,39.163595],[-84.50898,39.163798]]]}},{"type":"Feature","properties":{"pid":"022300030002"},"geometry":{"type":"Polygon","coordinates":[[[-84.509642,39.166747],[-84.510386,39.166279],[-84.512166,39.165453],[-84.512224,39.16549],[-84.511148,39.165989],[-84.511422,39.166341],[-84.511236,39.166451],[-84.509893,39.167074],[-84.509642,39.166747]]]}},{"type":"Feature","properties":{"pid":"022300040067"},"geometry":{"type":"Polygon","coordinates":[[[-84.512154,39.167456],[-84.512081,39.167511],[-84.512192,39.166345],[-84.513005,39.165977],[-84.512647,39.166396],[-84.512374,39.166819],[-84.512108,39.167423],[-84.512154,39.167456]]]}},{"type":"Feature","properties":{"pid":"022300030003"},"geometry":{"type":"Polygon","coordinates":[[[-84.511853,39.167683],[-84.511379,39.167253],[-84.512141,39.166872],[-84.512081,39.167511],[-84.511853,39.167683]]]}},{"type":"Feature","properties":{"pid":"022300020020"},"geometry":{"type":"Polygon","coordinates":[[[-84.50932,39.165511],[-84.509042,39.165409],[-84.509237,39.164819],[-84.510229,39.164234],[-84.510442,39.164368],[-84.510296,39.164423],[-84.509754,39.164969],[-84.50932,39.165511]]]}},{"type":"Feature","properties":{"pid":"022300030174"},"geometry":{"type":"Polygon","coordinates":[[[-84.511422,39.166341],[-84.511148,39.165989],[-84.512224,39.16549],[-84.512283,39.165527],[-84.512015,39.165651],[-84.512228,39.165967],[-84.511422,39.166341]]]}},{"type":"Feature","properties":{"pid":"022300020023"},"geometry":{"type":"Polygon","coordinates":[[[-84.508358,39.164294],[-84.508859,39.164065],[-84.509669,39.163881],[-84.509948,39.164057],[-84.509267,39.164786],[-84.508358,39.164294]]]}},{"type":"Feature","properties":{"pid":"022300020004"},"geometry":{"type":"Polygon","coordinates":[[[-84.508393,39.163078],[-84.508597,39.163206],[-84.508326,39.163455],[-84.508115,39.163329],[-84.508393,39.163078]]]}},{"type":"Feature","properties":{"pid":"022300020001"},"geometry":{"type":"Polygon","coordinates":[[[-84.509169,39.165768],[-84.509532,39.165545],[-84.51115,39.164813],[-84.511677,39.165145],[-84.508827,39.16643],[-84.509169,39.165768]]]}},{"type":"Feature","properties":{"pid":"022300030001"},"geometry":{"type":"Polygon","coordinates":[[[-84.508618,39.166678],[-84.508723,39.166476],[-84.511677,39.165145],[-84.512085,39.165402],[-84.508983,39.166849],[-84.508618,39.166678]]]}},{"type":"Feature","properties":{"pid":"022300030175"},"geometry":{"type":"Polygon","coordinates":[[[-84.512249,39.165957],[-84.512015,39.165651],[-84.512417,39.165464],[-84.512806,39.165699],[-84.512249,39.165957]]]}},{"type":"Feature","properties":{"pid":"021800570001"},"geometry":{"type":"Polygon","coordinates":[[[-84.507073,39.16368],[-84.507361,39.162921],[-84.507402,39.162923],[-84.507073,39.16368]]]}},{"type":"Feature","properties":{"pid":"022300020011"},"geometry":{"type":"Polygon","coordinates":[[[-84.507683,39.163718],[-84.507355,39.163697],[-84.507583,39.163094],[-84.508168,39.162886],[-84.508393,39.163078],[-84.507683,39.163718]]]}},{"type":"Feature","properties":{"pid":"022300020003"},"geometry":{"type":"Polygon","coordinates":[[[-84.507466,39.165093],[-84.507477,39.163705],[-84.508154,39.163747],[-84.508671,39.164063],[-84.50898,39.163798],[-84.509598,39.163836],[-84.509669,39.163881],[-84.508859,39.164065],[-84.507901,39.164501],[-84.507466,39.165093]]]}},{"type":"Feature","properties":{"pid":"022300040018"},"geometry":{"type":"Polygon","coordinates":[[[-84.514463,39.165733],[-84.514354,39.165813],[-84.514466,39.165692],[-84.514463,39.165733]]]}},{"type":"Feature","properties":{"pid":"022300020015"},"geometry":{"type":"Polygon","coordinates":[[[-84.509598,39.163836],[-84.50898,39.163798],[-84.509215,39.163595],[-84.509598,39.163836]]]}},{"type":"Feature","properties":{"pid":"022000560073"},"geometry":{"type":"Polygon","coordinates":[[[-84.512044,39.174126],[-84.511887,39.173844],[-84.512012,39.173802],[-84.512168,39.174084],[-84.512044,39.174126]]]}},{"type":"Feature","properties":{"pid":"022000570048"},"geometry":{"type":"Polygon","coordinates":[[[-84.515077,39.173106],[-84.51524,39.173051],[-84.515331,39.173355],[-84.515234,39.173388],[-84.515077,39.173106]]]}},{"type":"Feature","properties":{"pid":"022000570035"},"geometry":{"type":"Polygon","coordinates":[[[-84.513954,39.173818],[-84.513798,39.173536],[-84.513879,39.173509],[-84.514035,39.173791],[-84.513954,39.173818]]]}},{"type":"Feature","properties":{"pid":"022000570070"},"geometry":{"type":"Polygon","coordinates":[[[-84.515171,39.172823],[-84.515194,39.172899],[-84.514822,39.173024],[-84.514783,39.172953],[-84.515171,39.172823]]]}},{"type":"Feature","properties":{"pid":"022000560077"},"geometry":{"type":"Polygon","coordinates":[[[-84.511729,39.173562],[-84.5114,39.173678],[-84.511343,39.173577],[-84.511674,39.173465],[-84.511729,39.173562]]]}},{"type":"Feature","properties":{"pid":"022000560085"},"geometry":{"type":"Polygon","coordinates":[[[-84.512916,39.173833],[-84.512759,39.173551],[-84.512887,39.173508],[-84.513044,39.17379],[-84.512916,39.173833]]]}},{"type":"Feature","properties":{"pid":"022000560074"},"geometry":{"type":"Polygon","coordinates":[[[-84.511948,39.173955],[-84.511625,39.174064],[-84.511563,39.173953],[-84.511887,39.173844],[-84.511948,39.173955]]]}},{"type":"Feature","properties":{"pid":"022000570060"},"geometry":{"type":"Polygon","coordinates":[[[-84.514107,39.173432],[-84.513951,39.17315],[-84.514048,39.173117],[-84.514204,39.173399],[-84.514107,39.173432]]]}},{"type":"Feature","properties":{"pid":"022000570031"},"geometry":{"type":"Polygon","coordinates":[[[-84.513631,39.173927],[-84.513474,39.173645],[-84.513555,39.173618],[-84.513711,39.1739],[-84.513631,39.173927]]]}},{"type":"Feature","properties":{"pid":"022000560139"},"geometry":{"type":"Polygon","coordinates":[[[-84.511911,39.173385],[-84.512074,39.173673],[-84.511954,39.173714],[-84.511793,39.173425],[-84.511911,39.173385]]]}},{"type":"Feature","properties":{"pid":"022000570042"},"geometry":{"type":"Polygon","coordinates":[[[-84.514683,39.173573],[-84.514602,39.1736],[-84.514446,39.173318],[-84.514526,39.173291],[-84.514683,39.173573]]]}},{"type":"Feature","properties":{"pid":"022300020002"},"geometry":{"type":"Polygon","coordinates":[[[-84.51115,39.164813],[-84.509532,39.165545],[-84.50966,39.165458],[-84.50965,39.165217],[-84.509787,39.164988],[-84.510403,39.164383],[-84.510442,39.164368],[-84.51115,39.164813]]]}},{"type":"Feature","properties":{"pid":"022300030126"},"geometry":{"type":"Polygon","coordinates":[[[-84.505979,39.173406],[-84.505945,39.173607],[-84.505992,39.173613],[-84.505916,39.17399],[-84.506059,39.17404],[-84.50671,39.173476],[-84.50665,39.173434],[-84.506785,39.173318],[-84.506949,39.172923],[-84.50717,39.172731],[-84.507396,39.172625],[-84.507792,39.173356],[-84.505426,39.175411],[-84.505013,39.175005],[-84.505271,39.174953],[-84.505318,39.174157],[-84.505528,39.173331],[-84.505979,39.173406]]]}},{"type":"Feature","properties":{"pid":"021900520142"},"geometry":{"type":"Polygon","coordinates":[[[-84.517254,39.17516],[-84.517107,39.175153],[-84.517153,39.174695],[-84.517299,39.174702],[-84.517254,39.17516]]]}},{"type":"Feature","properties":{"pid":"021900520145"},"geometry":{"type":"Polygon","coordinates":[[[-84.517746,39.174267],[-84.51802,39.174281],[-84.517977,39.174736],[-84.517706,39.174723],[-84.517746,39.174267]]]}},{"type":"Feature","properties":{"pid":"021900520147"},"geometry":{"type":"Polygon","coordinates":[[[-84.51613,39.174578],[-84.516142,39.174468],[-84.516546,39.174485],[-84.516534,39.174599],[-84.51613,39.174578]]]}},{"type":"Feature","properties":{"pid":"021900520148"},"geometry":{"type":"Polygon","coordinates":[[[-84.516117,39.174693],[-84.51613,39.174578],[-84.516534,39.174599],[-84.516522,39.174711],[-84.516117,39.174693]]]}},{"type":"Feature","properties":{"pid":"021900520149"},"geometry":{"type":"Polygon","coordinates":[[[-84.51718,39.174696],[-84.517222,39.174242],[-84.517357,39.174248],[-84.517312,39.174703],[-84.51718,39.174696]]]}},{"type":"Feature","properties":{"pid":"021900520150"},"geometry":{"type":"Polygon","coordinates":[[[-84.516084,39.17499],[-84.51649,39.17501],[-84.516478,39.175121],[-84.516072,39.175101],[-84.516084,39.17499]]]}},{"type":"Feature","properties":{"pid":"021900520151"},"geometry":{"type":"Polygon","coordinates":[[[-84.516095,39.17489],[-84.516106,39.174792],[-84.516511,39.174813],[-84.5165,39.174912],[-84.516095,39.17489]]]}},{"type":"Feature","properties":{"pid":"021900520152"},"geometry":{"type":"Polygon","coordinates":[[[-84.516084,39.17499],[-84.516095,39.17489],[-84.5165,39.174912],[-84.51649,39.17501],[-84.516084,39.17499]]]}},{"type":"Feature","properties":{"pid":"021900520161"},"geometry":{"type":"Polygon","coordinates":[[[-84.517299,39.174702],[-84.517454,39.17471],[-84.517408,39.175168],[-84.517254,39.17516],[-84.517299,39.174702]]]}},{"type":"Feature","properties":{"pid":"021900520162"},"geometry":{"type":"Polygon","coordinates":[[[-84.516843,39.174679],[-84.516996,39.174687],[-84.516959,39.175145],[-84.516803,39.175137],[-84.516843,39.174679]]]}},{"type":"Feature","properties":{"pid":"021900520164"},"geometry":{"type":"Polygon","coordinates":[[[-84.517153,39.174695],[-84.517107,39.175153],[-84.516959,39.175145],[-84.516996,39.174687],[-84.517153,39.174695]]]}},{"type":"Feature","properties":{"pid":"021900520168"},"geometry":{"type":"Polygon","coordinates":[[[-84.517665,39.175181],[-84.517706,39.174723],[-84.517924,39.174734],[-84.517874,39.175191],[-84.517665,39.175181]]]}},{"type":"Feature","properties":{"pid":"021900520181"},"geometry":{"type":"Polygon","coordinates":[[[-84.516964,39.172922],[-84.516875,39.172918],[-84.516886,39.172806],[-84.516975,39.17281],[-84.516964,39.172922]]]}},{"type":"Feature","properties":{"pid":"021900520183"},"geometry":{"type":"Polygon","coordinates":[[[-84.517896,39.175192],[-84.517924,39.174734],[-84.517945,39.174735],[-84.517896,39.175192]]]}},{"type":"Feature","properties":{"pid":"022000580019"},"geometry":{"type":"Polygon","coordinates":[[[-84.51443,39.172085],[-84.514307,39.172126],[-84.514181,39.171836],[-84.514304,39.171795],[-84.51443,39.172085]]]}},{"type":"Feature","properties":{"pid":"023700020003"},"geometry":{"type":"Polygon","coordinates":[[[-84.522317,39.198071],[-84.520592,39.198001],[-84.520522,39.197272],[-84.522829,39.19735],[-84.522317,39.198071]]]}},{"type":"Feature","properties":{"pid":"022000580081"},"geometry":{"type":"Polygon","coordinates":[[[-84.511899,39.172257],[-84.511545,39.172558],[-84.511141,39.171986],[-84.511567,39.171801],[-84.511751,39.172139],[-84.511899,39.172257]]]}},{"type":"Feature","properties":{"pid":"022300020013"},"geometry":{"type":"Polygon","coordinates":[[[-84.510167,39.162008],[-84.511318,39.161709],[-84.51251,39.161733],[-84.512542,39.161422],[-84.51303,39.161206],[-84.513492,39.161184],[-84.513848,39.161264],[-84.514988,39.161643],[-84.514926,39.161735],[-84.513924,39.161385],[-84.513642,39.161412],[-84.51265,39.161869],[-84.511782,39.162167],[-84.509893,39.162222],[-84.509553,39.162275],[-84.508374,39.162827],[-84.508312,39.162741],[-84.508671,39.162489],[-84.50921,39.162216],[-84.509149,39.16209],[-84.509478,39.162025],[-84.510167,39.162008]]]}},{"type":"Feature","properties":{"pid":"021900510045"},"geometry":{"type":"Polygon","coordinates":[[[-84.516437,39.175641],[-84.51656,39.175647],[-84.516528,39.175931],[-84.516404,39.175924],[-84.516437,39.175641]]]}},{"type":"Feature","properties":{"pid":"021900510046"},"geometry":{"type":"Polygon","coordinates":[[[-84.516314,39.175635],[-84.516437,39.175641],[-84.516404,39.175924],[-84.516283,39.175917],[-84.516314,39.175635]]]}},{"type":"Feature","properties":{"pid":"021900510050"},"geometry":{"type":"Polygon","coordinates":[[[-84.516528,39.175931],[-84.516567,39.17559],[-84.516702,39.175598],[-84.516668,39.175939],[-84.516528,39.175931]]]}},{"type":"Feature","properties":{"pid":"021900510051"},"geometry":{"type":"Polygon","coordinates":[[[-84.516668,39.175939],[-84.516702,39.175598],[-84.516817,39.175604],[-84.516783,39.175946],[-84.516668,39.175939]]]}},{"type":"Feature","properties":{"pid":"021900510052"},"geometry":{"type":"Polygon","coordinates":[[[-84.516783,39.175946],[-84.516817,39.175604],[-84.516993,39.175613],[-84.51696,39.175956],[-84.516783,39.175946]]]}},{"type":"Feature","properties":{"pid":"021900510053"},"geometry":{"type":"Polygon","coordinates":[[[-84.51696,39.175956],[-84.516993,39.175613],[-84.517105,39.17562],[-84.517072,39.175962],[-84.51696,39.175956]]]}},{"type":"Feature","properties":{"pid":"021900510054"},"geometry":{"type":"Polygon","coordinates":[[[-84.517105,39.17562],[-84.517206,39.175625],[-84.517173,39.175968],[-84.517072,39.175962],[-84.517105,39.17562]]]}},{"type":"Feature","properties":{"pid":"021900510055"},"geometry":{"type":"Polygon","coordinates":[[[-84.517314,39.175975],[-84.517348,39.175633],[-84.517487,39.17564],[-84.517454,39.175983],[-84.517314,39.175975]]]}},{"type":"Feature","properties":{"pid":"022300020010"},"geometry":{"type":"Polygon","coordinates":[[[-84.507408,39.162923],[-84.507584,39.162769],[-84.507943,39.162585],[-84.508168,39.162886],[-84.507583,39.163094],[-84.507355,39.163697],[-84.507073,39.16368],[-84.507408,39.162923]]]}},{"type":"Feature","properties":{"pid":"021900520108"},"geometry":{"type":"Polygon","coordinates":[[[-84.516152,39.174372],[-84.516163,39.17428],[-84.516566,39.1743],[-84.516557,39.17439],[-84.516152,39.174372]]]}},{"type":"Feature","properties":{"pid":"021900520024"},"geometry":{"type":"Polygon","coordinates":[[[-84.516933,39.173265],[-84.516844,39.173261],[-84.516875,39.172918],[-84.516964,39.172922],[-84.516995,39.172814],[-84.516933,39.173265]]]}},{"type":"Feature","properties":{"pid":"021900520025"},"geometry":{"type":"Polygon","coordinates":[[[-84.51708,39.172818],[-84.516974,39.172813],[-84.517016,39.17236],[-84.517122,39.172366],[-84.51708,39.172818]]]}},{"type":"Feature","properties":{"pid":"021900520039"},"geometry":{"type":"Polygon","coordinates":[[[-84.517059,39.17469],[-84.517096,39.174236],[-84.517222,39.174242],[-84.51718,39.174696],[-84.517059,39.17469]]]}},{"type":"Feature","properties":{"pid":"021900520015"},"geometry":{"type":"Polygon","coordinates":[[[-84.518439,39.173894],[-84.518475,39.173479],[-84.51865,39.173488],[-84.51861,39.173902],[-84.518439,39.173894]]]}},{"type":"Feature","properties":{"pid":"021900520016"},"geometry":{"type":"Polygon","coordinates":[[[-84.518845,39.173498],[-84.518801,39.17405],[-84.518599,39.174039],[-84.51865,39.173488],[-84.518845,39.173498]]]}},{"type":"Feature","properties":{"pid":"021900520103"},"geometry":{"type":"Polygon","coordinates":[[[-84.518793,39.174154],[-84.518801,39.17405],[-84.519496,39.174089],[-84.519488,39.174193],[-84.518793,39.174154]]]}},{"type":"Feature","properties":{"pid":"021900520118"},"geometry":{"type":"Polygon","coordinates":[[[-84.518088,39.174014],[-84.518801,39.17405],[-84.51879,39.174188],[-84.518077,39.174148],[-84.518088,39.174014]]]}},{"type":"Feature","properties":{"pid":"021900520125"},"geometry":{"type":"Polygon","coordinates":[[[-84.519496,39.174089],[-84.518973,39.174059],[-84.518984,39.173922],[-84.519508,39.173948],[-84.519496,39.174089]]]}},{"type":"Feature","properties":{"pid":"021900520169"},"geometry":{"type":"Polygon","coordinates":[[[-84.518099,39.173877],[-84.518108,39.173766],[-84.518449,39.173783],[-84.518439,39.173894],[-84.518099,39.173877]]]}},{"type":"Feature","properties":{"pid":"021900520187"},"geometry":{"type":"Polygon","coordinates":[[[-84.518099,39.173877],[-84.51861,39.173902],[-84.518599,39.174039],[-84.518088,39.174014],[-84.518099,39.173877]]]}},{"type":"Feature","properties":{"pid":"023800020026"},"geometry":{"type":"Polygon","coordinates":[[[-84.515133,39.183205],[-84.514993,39.185003],[-84.51453,39.185191],[-84.514163,39.18477],[-84.512828,39.183765],[-84.513452,39.183082],[-84.515133,39.183205]]]}},{"type":"Feature","properties":{"pid":"023800020027"},"geometry":{"type":"Polygon","coordinates":[[[-84.514794,39.186282],[-84.514754,39.185689],[-84.51453,39.185191],[-84.514993,39.185003],[-84.514874,39.186286],[-84.514794,39.186282]]]}},{"type":"Feature","properties":{"pid":"023800060021"},"geometry":{"type":"Polygon","coordinates":[[[-84.514534,39.186906],[-84.514328,39.186894],[-84.512623,39.187324],[-84.512316,39.186804],[-84.512077,39.186589],[-84.511789,39.186415],[-84.511947,39.186229],[-84.514585,39.186279],[-84.514534,39.186906]]]}},{"type":"Feature","properties":{"pid":"022000610003"},"geometry":{"type":"MultiPolygon","coordinates":[[[[-84.508563,39.176919],[-84.508652,39.176925],[-84.50873,39.176638],[-84.508913,39.176344],[-84.50934,39.176377],[-84.509585,39.177119],[-84.509734,39.177362],[-84.510009,39.177614],[-84.510781,39.178043],[-84.510492,39.178448],[-84.510346,39.178767],[-84.509923,39.178687],[-84.509812,39.178612],[-84.509723,39.178623],[-84.509656,39.178692],[-84.509732,39.17881],[-84.509895,39.178802],[-84.51032,39.178916],[-84.510316,39.179296],[-84.510393,39.179589],[-84.508802,39.179447],[-84.508913,39.178468],[-84.508834,39.178178],[-84.5085,39.177672],[-84.508419,39.177466],[-84.508431,39.177179],[-84.508563,39.176919]]],[[[-84.510529,39.178999],[-84.510578,39.178976],[-84.511291,39.179226],[-84.512387,39.179764],[-84.510624,39.179609],[-84.510544,39.179361],[-84.510529,39.178999]]],[[[-84.511041,39.178174],[-84.512462,39.178858],[-84.513467,39.179143],[-84.51339,39.179852],[-84.512714,39.179793],[-84.512657,39.17969],[-84.512529,39.179671],[-84.511541,39.179175],[-84.510579,39.178825],[-84.510689,39.17852],[-84.510974,39.178175],[-84.511041,39.178174]]]]}},{"type":"Feature","properties":{"pid":"021900510059"},"geometry":{"type":"Polygon","coordinates":[[[-84.518053,39.175671],[-84.518557,39.175698],[-84.518524,39.176042],[-84.518017,39.176014],[-84.518053,39.175671]]]}},{"type":"Feature","properties":{"pid":"022300030177"},"geometry":{"type":"Polygon","coordinates":[[[-84.505069,39.172668],[-84.50561,39.172268],[-84.505879,39.171895],[-84.506549,39.171594],[-84.506744,39.171463],[-84.507396,39.172625],[-84.50717,39.172731],[-84.506949,39.172923],[-84.506785,39.173318],[-84.50665,39.173434],[-84.50671,39.173476],[-84.506059,39.17404],[-84.505916,39.17399],[-84.505992,39.173613],[-84.505945,39.173607],[-84.505979,39.173406],[-84.505528,39.173331],[-84.505318,39.174157],[-84.505271,39.174953],[-84.505013,39.175005],[-84.504717,39.174624],[-84.504569,39.1739],[-84.504647,39.173483],[-84.504812,39.173064],[-84.505069,39.172668]]]}},{"type":"Feature","properties":{"pid":"023800020024"},"geometry":{"type":"Polygon","coordinates":[[[-84.512828,39.183765],[-84.512648,39.183604],[-84.512534,39.183423],[-84.512486,39.18324],[-84.512507,39.183012],[-84.513452,39.183082],[-84.512828,39.183765]]]}},{"type":"Feature","properties":{"pid":"023800020025"},"geometry":{"type":"Polygon","coordinates":[[[-84.511724,39.185805],[-84.512164,39.185416],[-84.51235,39.185322],[-84.512382,39.185235],[-84.512314,39.185135],[-84.512203,39.185106],[-84.512094,39.185138],[-84.512006,39.185341],[-84.511848,39.185455],[-84.511326,39.185095],[-84.511181,39.185079],[-84.511084,39.185133],[-84.511053,39.185221],[-84.5111,39.185304],[-84.511425,39.185355],[-84.511713,39.185569],[-84.511265,39.186212],[-84.509927,39.185771],[-84.509428,39.185464],[-84.509521,39.185375],[-84.510422,39.185132],[-84.510765,39.184661],[-84.51023,39.183643],[-84.510646,39.182836],[-84.512298,39.182964],[-84.512276,39.183318],[-84.512435,39.183659],[-84.513641,39.184605],[-84.512614,39.185448],[-84.511789,39.186415],[-84.511458,39.186266],[-84.511724,39.185805]]]}},{"type":"Feature","properties":{"pid":"023800060038"},"geometry":{"type":"Polygon","coordinates":[[[-84.514308,39.191002],[-84.514187,39.190995],[-84.514336,39.190795],[-84.514536,39.190841],[-84.514399,39.19266],[-84.513814,39.192509],[-84.513997,39.192044],[-84.514017,39.191588],[-84.514222,39.191606],[-84.51429,39.19156],[-84.514316,39.191373],[-84.513983,39.191375],[-84.513948,39.191164],[-84.514218,39.19118],[-84.514295,39.191139],[-84.514308,39.191002]]]}},{"type":"Feature","properties":{"pid":"023800060051"},"geometry":{"type":"Polygon","coordinates":[[[-84.514187,39.190995],[-84.51392,39.19099],[-84.513951,39.190825],[-84.514134,39.190667],[-84.514336,39.190795],[-84.514187,39.190995]]]}},{"type":"Feature","properties":{"pid":"023800060059"},"geometry":{"type":"Polygon","coordinates":[[[-84.513254,39.190499],[-84.513925,39.19062],[-84.513787,39.190773],[-84.513205,39.190668],[-84.513254,39.190499]]]}},{"type":"Feature","properties":{"pid":"022000560211"},"geometry":{"type":"Polygon","coordinates":[[[-84.50748,39.176037],[-84.507429,39.176316],[-84.507397,39.17631],[-84.507342,39.176498],[-84.507677,39.176564],[-84.507659,39.176621],[-84.507758,39.176641],[-84.507883,39.176739],[-84.507925,39.176698],[-84.50827,39.176918],[-84.508225,39.177004],[-84.507841,39.176773],[-84.507293,39.176667],[-84.507307,39.176602],[-84.506609,39.176587],[-84.506488,39.176536],[-84.506127,39.176563],[-84.505573,39.175562],[-84.506503,39.174754],[-84.506727,39.174911],[-84.506883,39.174777],[-84.507031,39.174733],[-84.507319,39.174935],[-84.507355,39.175005],[-84.507298,39.1751],[-84.506716,39.175587],[-84.507045,39.175826],[-84.507272,39.17587],[-84.50748,39.176037]]]}},{"type":"Feature","properties":{"pid":"023700050015"},"geometry":{"type":"Polygon","coordinates":[[[-84.516354,39.187399],[-84.514721,39.187323],[-84.514794,39.186282],[-84.516443,39.186358],[-84.516354,39.187399]]]}},{"type":"Feature","properties":{"pid":"023800060036"},"geometry":{"type":"Polygon","coordinates":[[[-84.504628,39.19321],[-84.504653,39.192967],[-84.507445,39.193173],[-84.509516,39.195832],[-84.506832,39.196674],[-84.506681,39.196396],[-84.506168,39.194787],[-84.505985,39.194416],[-84.50573,39.194071],[-84.505399,39.193745],[-84.505038,39.193456],[-84.504628,39.19321]]]}},{"type":"Feature","properties":{"pid":"023800050002"},"geometry":{"type":"Polygon","coordinates":[[[-84.500919,39.194106],[-84.502341,39.194209],[-84.502223,39.195967],[-84.500765,39.195826],[-84.500919,39.194106]]]}},{"type":"Feature","properties":{"pid":"021900520109"},"geometry":{"type":"Polygon","coordinates":[[[-84.516163,39.17428],[-84.516173,39.17419],[-84.516575,39.17421],[-84.516566,39.1743],[-84.516163,39.17428]]]}},{"type":"Feature","properties":{"pid":"021900520111"},"geometry":{"type":"Polygon","coordinates":[[[-84.516688,39.174671],[-84.516639,39.175129],[-84.516478,39.175121],[-84.516527,39.174663],[-84.516688,39.174671]]]}},{"type":"Feature","properties":{"pid":"021900520127"},"geometry":{"type":"Polygon","coordinates":[[[-84.516688,39.174671],[-84.516527,39.174663],[-84.516575,39.17421],[-84.516758,39.174219],[-84.516688,39.174671]]]}},{"type":"Feature","properties":{"pid":"021900520128"},"geometry":{"type":"Polygon","coordinates":[[[-84.516971,39.174229],[-84.516927,39.174682],[-84.516712,39.174673],[-84.516758,39.174219],[-84.516971,39.174229]]]}},{"type":"Feature","properties":{"pid":"021900520130"},"geometry":{"type":"Polygon","coordinates":[[[-84.517927,39.175194],[-84.517977,39.174736],[-84.518111,39.174743],[-84.518061,39.175201],[-84.517927,39.175194]]]}},{"type":"Feature","properties":{"pid":"021900520132"},"geometry":{"type":"Polygon","coordinates":[[[-84.517439,39.174709],[-84.517476,39.174254],[-84.517619,39.174261],[-84.517577,39.174716],[-84.517439,39.174709]]]}},{"type":"Feature","properties":{"pid":"021900520133"},"geometry":{"type":"Polygon","coordinates":[[[-84.517577,39.174716],[-84.517619,39.174261],[-84.517746,39.174267],[-84.517706,39.174723],[-84.517577,39.174716]]]}},{"type":"Feature","properties":{"pid":"021900510056"},"geometry":{"type":"Polygon","coordinates":[[[-84.517519,39.175642],[-84.517517,39.175313],[-84.51755,39.175315],[-84.517519,39.175642]]]}},{"type":"Feature","properties":{"pid":"021900510057"},"geometry":{"type":"Polygon","coordinates":[[[-84.517665,39.17565],[-84.51788,39.175661],[-84.517847,39.176005],[-84.517631,39.175993],[-84.517665,39.17565]]]}},{"type":"Feature","properties":{"pid":"021900510063"},"geometry":{"type":"Polygon","coordinates":[[[-84.516866,39.175607],[-84.516687,39.175597],[-84.51672,39.175271],[-84.516899,39.175281],[-84.516866,39.175607]]]}},{"type":"Feature","properties":{"pid":"021900510064"},"geometry":{"type":"Polygon","coordinates":[[[-84.516866,39.175607],[-84.516899,39.175281],[-84.517024,39.175287],[-84.516993,39.175613],[-84.516866,39.175607]]]}},{"type":"Feature","properties":{"pid":"021900510066"},"geometry":{"type":"Polygon","coordinates":[[[-84.517348,39.175633],[-84.517206,39.175625],[-84.517237,39.175298],[-84.517379,39.175306],[-84.517348,39.175633]]]}},{"type":"Feature","properties":{"pid":"021900510067"},"geometry":{"type":"Polygon","coordinates":[[[-84.517348,39.175633],[-84.517353,39.175576],[-84.517492,39.175584],[-84.517487,39.17564],[-84.517348,39.175633]]]}},{"type":"Feature","properties":{"pid":"021900510068"},"geometry":{"type":"Polygon","coordinates":[[[-84.517519,39.175642],[-84.51755,39.175315],[-84.517697,39.175322],[-84.517665,39.17565],[-84.517519,39.175642]]]}},{"type":"Feature","properties":{"pid":"021900510069"},"geometry":{"type":"Polygon","coordinates":[[[-84.517697,39.175322],[-84.517912,39.175333],[-84.51788,39.175661],[-84.517665,39.17565],[-84.517697,39.175322]]]}},{"type":"Feature","properties":{"pid":"021900510106"},"geometry":{"type":"Polygon","coordinates":[[[-84.516011,39.175759],[-84.516026,39.175621],[-84.516314,39.175635],[-84.516299,39.175774],[-84.516011,39.175759]]]}},{"type":"Feature","properties":{"pid":"021900510108"},"geometry":{"type":"Polygon","coordinates":[[[-84.517209,39.17597],[-84.517242,39.175627],[-84.517348,39.175633],[-84.517314,39.175975],[-84.517209,39.17597]]]}},{"type":"Feature","properties":{"pid":"021900510111"},"geometry":{"type":"Polygon","coordinates":[[[-84.515996,39.175901],[-84.516011,39.175759],[-84.516299,39.175774],[-84.516283,39.175917],[-84.515996,39.175901]]]}},{"type":"Feature","properties":{"pid":"021900510119"},"geometry":{"type":"Polygon","coordinates":[[[-84.517454,39.175983],[-84.517487,39.17564],[-84.517665,39.17565],[-84.517631,39.175993],[-84.517454,39.175983]]]}},{"type":"Feature","properties":{"pid":"021900510142"},"geometry":{"type":"Polygon","coordinates":[[[-84.517173,39.175968],[-84.517206,39.175625],[-84.517242,39.175627],[-84.517209,39.17597],[-84.517173,39.175968]]]}},{"type":"Feature","properties":{"pid":"023800040011"},"geometry":{"type":"Polygon","coordinates":[[[-84.506332,39.190953],[-84.506168,39.193078],[-84.504653,39.192967],[-84.504628,39.19321],[-84.503827,39.192894],[-84.501882,39.192547],[-84.501284,39.192318],[-84.500985,39.19211],[-84.500682,39.191768],[-84.500538,39.191477],[-84.500267,39.190665],[-84.506332,39.190953]]]}},{"type":"Feature","properties":{"pid":"022000560222"},"geometry":{"type":"Polygon","coordinates":[[[-84.507429,39.176316],[-84.50748,39.176037],[-84.507272,39.17587],[-84.507045,39.175826],[-84.506716,39.175587],[-84.507298,39.1751],[-84.507355,39.175005],[-84.507319,39.174935],[-84.507031,39.174733],[-84.506883,39.174777],[-84.506727,39.174911],[-84.506503,39.174754],[-84.507898,39.173552],[-84.509029,39.175612],[-84.508957,39.175735],[-84.508551,39.175872],[-84.50813,39.175711],[-84.507928,39.176031],[-84.508,39.176059],[-84.507844,39.176308],[-84.507909,39.176462],[-84.508432,39.176661],[-84.50827,39.176918],[-84.507925,39.176698],[-84.507883,39.176739],[-84.507758,39.176641],[-84.507659,39.176621],[-84.507677,39.176564],[-84.507342,39.176498],[-84.507397,39.17631],[-84.507429,39.176316]]]}},{"type":"Feature","properties":{"pid":"022000560224"},"geometry":{"type":"Polygon","coordinates":[[[-84.510986,39.17403],[-84.511762,39.175408],[-84.511698,39.17543],[-84.512329,39.176564],[-84.512782,39.176411],[-84.512849,39.176532],[-84.511005,39.177946],[-84.510125,39.177461],[-84.509807,39.177095],[-84.510476,39.176869],[-84.509587,39.175269],[-84.510519,39.173818],[-84.510927,39.173379],[-84.511059,39.173335],[-84.511376,39.173899],[-84.510986,39.17403]]]}},{"type":"Feature","properties":{"pid":"021900520135"},"geometry":{"type":"Polygon","coordinates":[[[-84.517439,39.174709],[-84.517312,39.174703],[-84.517357,39.174248],[-84.517476,39.174254],[-84.517439,39.174709]]]}},{"type":"Feature","properties":{"pid":"021900520136"},"geometry":{"type":"Polygon","coordinates":[[[-84.517527,39.175174],[-84.517408,39.175168],[-84.517454,39.17471],[-84.51757,39.174716],[-84.517527,39.175174]]]}},{"type":"Feature","properties":{"pid":"021900520137"},"geometry":{"type":"Polygon","coordinates":[[[-84.517977,39.174736],[-84.51802,39.174281],[-84.518148,39.174287],[-84.518111,39.174743],[-84.517977,39.174736]]]}},{"type":"Feature","properties":{"pid":"021900510065"},"geometry":{"type":"Polygon","coordinates":[[[-84.517057,39.175617],[-84.517089,39.175291],[-84.517237,39.175298],[-84.517206,39.175625],[-84.517057,39.175617]]]}},{"type":"Feature","properties":{"pid":"023700060003"},"geometry":{"type":"Polygon","coordinates":[[[-84.528869,39.188607],[-84.528869,39.188813],[-84.528393,39.188825],[-84.528385,39.188619],[-84.528869,39.188607]]]}},{"type":"Feature","properties":{"pid":"021900510141"},"geometry":{"type":"Polygon","coordinates":[[[-84.517897,39.175629],[-84.517912,39.175333],[-84.517924,39.175334],[-84.517897,39.175629]]]}},{"type":"Feature","properties":{"pid":"021900520001"},"geometry":{"type":"Polygon","coordinates":[[[-84.516117,39.174693],[-84.516522,39.174711],[-84.516511,39.174813],[-84.516106,39.174792],[-84.516117,39.174693]]]}},{"type":"Feature","properties":{"pid":"021900520002"},"geometry":{"type":"Polygon","coordinates":[[[-84.516803,39.175137],[-84.516639,39.175129],[-84.516688,39.174671],[-84.516843,39.174679],[-84.516803,39.175137]]]}},{"type":"Feature","properties":{"pid":"021900520003"},"geometry":{"type":"Polygon","coordinates":[[[-84.517059,39.17469],[-84.516927,39.174682],[-84.516971,39.174229],[-84.517096,39.174236],[-84.517059,39.17469]]]}},{"type":"Feature","properties":{"pid":"021900520004"},"geometry":{"type":"Polygon","coordinates":[[[-84.517596,39.174717],[-84.517706,39.174723],[-84.517665,39.175181],[-84.517549,39.175175],[-84.517596,39.174717]]]}},{"type":"Feature","properties":{"pid":"022000560024"},"geometry":{"type":"Polygon","coordinates":[[[-84.512011,39.175923],[-84.511899,39.175721],[-84.512319,39.175579],[-84.512432,39.175781],[-84.512011,39.175923]]]}},{"type":"Feature","properties":{"pid":"021900500090"},"geometry":{"type":"Polygon","coordinates":[[[-84.516504,39.178624],[-84.516238,39.178304],[-84.516437,39.178315],[-84.516504,39.178624]]]}},{"type":"Feature","properties":{"pid":"021900500030"},"geometry":{"type":"Polygon","coordinates":[[[-84.516504,39.178624],[-84.516437,39.178315],[-84.516954,39.178344],[-84.516952,39.178373],[-84.516804,39.178365],[-84.516504,39.178624]]]}},{"type":"Feature","properties":{"pid":"021900510022"},"geometry":{"type":"Polygon","coordinates":[[[-84.517514,39.177371],[-84.517476,39.177782],[-84.5173,39.177772],[-84.517338,39.177361],[-84.517514,39.177371]]]}},{"type":"Feature","properties":{"pid":"021900510001"},"geometry":{"type":"Polygon","coordinates":[[[-84.516209,39.178303],[-84.515809,39.17828],[-84.5159,39.177282],[-84.516124,39.177294],[-84.516084,39.177733],[-84.51626,39.177742],[-84.516209,39.178303]]]}},{"type":"Feature","properties":{"pid":"021900510007"},"geometry":{"type":"Polygon","coordinates":[[[-84.5163,39.177304],[-84.516476,39.177314],[-84.516436,39.177752],[-84.51626,39.177742],[-84.5163,39.177304]]]}},{"type":"Feature","properties":{"pid":"021900510009"},"geometry":{"type":"Polygon","coordinates":[[[-84.516828,39.177333],[-84.517003,39.177343],[-84.516963,39.177781],[-84.516788,39.177771],[-84.516828,39.177333]]]}},{"type":"Feature","properties":{"pid":"021900500024"},"geometry":{"type":"Polygon","coordinates":[[[-84.517163,39.179407],[-84.516728,39.17889],[-84.516974,39.17876],[-84.517382,39.179251],[-84.517163,39.179407]]]}},{"type":"Feature","properties":{"pid":"021900510075"},"geometry":{"type":"Polygon","coordinates":[[[-84.519069,39.176202],[-84.519053,39.176374],[-84.518912,39.176366],[-84.518928,39.176194],[-84.519069,39.176202]]]}},{"type":"Feature","properties":{"pid":"021900510039"},"geometry":{"type":"Polygon","coordinates":[[[-84.517979,39.176142],[-84.517946,39.176508],[-84.517823,39.176501],[-84.517856,39.176135],[-84.517979,39.176142]]]}},{"type":"Feature","properties":{"pid":"021900510041"},"geometry":{"type":"Polygon","coordinates":[[[-84.518296,39.176159],[-84.518245,39.176717],[-84.518087,39.176709],[-84.518138,39.17615],[-84.518296,39.176159]]]}},{"type":"Feature","properties":{"pid":"021900510124"},"geometry":{"type":"Polygon","coordinates":[[[-84.517242,39.17647],[-84.517276,39.176103],[-84.517494,39.176115],[-84.51746,39.176482],[-84.517242,39.17647]]]}},{"type":"Feature","properties":{"pid":"021900510023"},"geometry":{"type":"Polygon","coordinates":[[[-84.51769,39.177381],[-84.517652,39.177792],[-84.517476,39.177782],[-84.517514,39.177371],[-84.51769,39.177381]]]}},{"type":"Feature","properties":{"pid":"021900510008"},"geometry":{"type":"Polygon","coordinates":[[[-84.516828,39.177333],[-84.516788,39.177771],[-84.516612,39.177762],[-84.516652,39.177323],[-84.516828,39.177333]]]}},{"type":"Feature","properties":{"pid":"021900510121"},"geometry":{"type":"Polygon","coordinates":[[[-84.516652,39.177323],[-84.516612,39.177762],[-84.516524,39.177757],[-84.516564,39.177319],[-84.516652,39.177323]]]}},{"type":"Feature","properties":{"pid":"021900510074"},"geometry":{"type":"Polygon","coordinates":[[[-84.516219,39.178193],[-84.516229,39.178083],[-84.516932,39.178122],[-84.516922,39.178232],[-84.516219,39.178193]]]}},{"type":"Feature","properties":{"pid":"021900510002"},"geometry":{"type":"Polygon","coordinates":[[[-84.516912,39.178341],[-84.516209,39.178303],[-84.516219,39.178193],[-84.516922,39.178232],[-84.516912,39.178341]]]}},{"type":"Feature","properties":{"pid":"021900510004"},"geometry":{"type":"Polygon","coordinates":[[[-84.51624,39.177961],[-84.516248,39.177865],[-84.516952,39.177904],[-84.516943,39.178],[-84.51624,39.177961]]]}},{"type":"Feature","properties":{"pid":"021900510006"},"geometry":{"type":"Polygon","coordinates":[[[-84.516084,39.177733],[-84.516124,39.177294],[-84.5163,39.177304],[-84.51626,39.177742],[-84.516084,39.177733]]]}},{"type":"Feature","properties":{"pid":"021900510005"},"geometry":{"type":"Polygon","coordinates":[[[-84.516248,39.177865],[-84.51626,39.177742],[-84.516963,39.177781],[-84.516952,39.177904],[-84.516248,39.177865]]]}},{"type":"Feature","properties":{"pid":"021900510003"},"geometry":{"type":"Polygon","coordinates":[[[-84.51623,39.178071],[-84.51624,39.177961],[-84.516943,39.178],[-84.516932,39.178122],[-84.51623,39.178071]]]}},{"type":"Feature","properties":{"pid":"021900510019"},"geometry":{"type":"Polygon","coordinates":[[[-84.517,39.178251],[-84.517013,39.178114],[-84.517092,39.178119],[-84.517079,39.178255],[-84.517,39.178251]]]}},{"type":"Feature","properties":{"pid":"021900510096"},"geometry":{"type":"Polygon","coordinates":[[[-84.517124,39.177763],[-84.517162,39.177352],[-84.517338,39.177361],[-84.5173,39.177772],[-84.517124,39.177763]]]}},{"type":"Feature","properties":{"pid":"021900510095"},"geometry":{"type":"Polygon","coordinates":[[[-84.51746,39.176482],[-84.517494,39.176115],[-84.517656,39.176124],[-84.517622,39.176491],[-84.51746,39.176482]]]}},{"type":"Feature","properties":{"pid":"021900500046"},"geometry":{"type":"Polygon","coordinates":[[[-84.521778,39.177754],[-84.522132,39.177349],[-84.522277,39.177428],[-84.521928,39.177832],[-84.521778,39.177754]]]}},{"type":"Feature","properties":{"pid":"021900510036"},"geometry":{"type":"Polygon","coordinates":[[[-84.518912,39.176366],[-84.519508,39.176399],[-84.519515,39.176507],[-84.518903,39.176473],[-84.518912,39.176366]]]}},{"type":"Feature","properties":{"pid":"021900500033"},"geometry":{"type":"Polygon","coordinates":[[[-84.518091,39.178376],[-84.518353,39.178309],[-84.518572,39.178566],[-84.518355,39.178685],[-84.518091,39.178376]]]}},{"type":"Feature","properties":{"pid":"021900500028"},"geometry":{"type":"Polygon","coordinates":[[[-84.517656,39.178399],[-84.517894,39.178396],[-84.518214,39.178762],[-84.518053,39.178851],[-84.517656,39.178399]]]}},{"type":"Feature","properties":{"pid":"021900500025"},"geometry":{"type":"Polygon","coordinates":[[[-84.519519,39.178013],[-84.519152,39.178314],[-84.518572,39.178566],[-84.518353,39.178309],[-84.519519,39.178013]]]}},{"type":"Feature","properties":{"pid":"021900510024"},"geometry":{"type":"Polygon","coordinates":[[[-84.518384,39.178301],[-84.517991,39.178401],[-84.517774,39.178389],[-84.517866,39.177391],[-84.518464,39.177424],[-84.518384,39.178301]]]}},{"type":"Feature","properties":{"pid":"021900510018"},"geometry":{"type":"Polygon","coordinates":[[[-84.517783,39.178294],[-84.517774,39.178389],[-84.516992,39.178346],[-84.517,39.178251],[-84.517783,39.178294]]]}},{"type":"Feature","properties":{"pid":"021900510026"},"geometry":{"type":"Polygon","coordinates":[[[-84.519519,39.177881],[-84.519519,39.178013],[-84.519017,39.17814],[-84.519043,39.177855],[-84.519519,39.177881]]]}},{"type":"Feature","properties":{"pid":"021900510118"},"geometry":{"type":"Polygon","coordinates":[[[-84.517791,39.178212],[-84.517783,39.178294],[-84.517079,39.178255],[-84.517087,39.178173],[-84.517791,39.178212]]]}},{"type":"Feature","properties":{"pid":"021900510076"},"geometry":{"type":"Polygon","coordinates":[[[-84.517866,39.177391],[-84.517828,39.177801],[-84.517652,39.177792],[-84.51769,39.177381],[-84.517866,39.177391]]]}},{"type":"Feature","properties":{"pid":"021900510020"},"geometry":{"type":"Polygon","coordinates":[[[-84.517087,39.178173],[-84.517094,39.178091],[-84.517798,39.17813],[-84.517791,39.178212],[-84.517087,39.178173]]]}},{"type":"Feature","properties":{"pid":"021900510107"},"geometry":{"type":"Polygon","coordinates":[[[-84.517106,39.177968],[-84.517117,39.177845],[-84.517821,39.177884],[-84.517809,39.178007],[-84.517106,39.177968]]]}},{"type":"Feature","properties":{"pid":"021900510021"},"geometry":{"type":"Polygon","coordinates":[[[-84.517117,39.177845],[-84.517124,39.177763],[-84.517828,39.177801],[-84.517821,39.177884],[-84.517117,39.177845]]]}},{"type":"Feature","properties":{"pid":"021900510125"},"geometry":{"type":"Polygon","coordinates":[[[-84.518384,39.178301],[-84.518464,39.177424],[-84.51877,39.177441],[-84.518699,39.178221],[-84.518384,39.178301]]]}},{"type":"Feature","properties":{"pid":"021900500085"},"geometry":{"type":"Polygon","coordinates":[[[-84.524982,39.181148],[-84.52461,39.180797],[-84.525172,39.180821],[-84.525211,39.180411],[-84.526295,39.180213],[-84.526514,39.18087],[-84.524982,39.181148]]]}},{"type":"Feature","properties":{"pid":"022300010067"},"geometry":{"type":"Polygon","coordinates":[[[-84.525144,39.182411],[-84.522942,39.182344],[-84.522977,39.182007],[-84.526969,39.182063],[-84.527054,39.182476],[-84.526103,39.182444],[-84.526081,39.182162],[-84.525897,39.182174],[-84.525825,39.182313],[-84.525825,39.182434],[-84.525732,39.182431],[-84.525735,39.182276],[-84.525321,39.182262],[-84.525314,39.182306],[-84.525145,39.182302],[-84.525144,39.182411]]]}},{"type":"Feature","properties":{"pid":"023800010077"},"geometry":{"type":"Polygon","coordinates":[[[-84.521035,39.182001],[-84.522964,39.182134],[-84.522893,39.182802],[-84.521518,39.182726],[-84.521035,39.182001]]]}},{"type":"Feature","properties":{"pid":"022000560049"},"geometry":{"type":"Polygon","coordinates":[[[-84.512974,39.174148],[-84.512817,39.173866],[-84.512947,39.173822],[-84.513103,39.174105],[-84.512974,39.174148]]]}},{"type":"Feature","properties":{"pid":"022000570057"},"geometry":{"type":"Polygon","coordinates":[[[-84.513816,39.17353],[-84.513659,39.173248],[-84.513756,39.173215],[-84.513913,39.173497],[-84.513816,39.17353]]]}},{"type":"Feature","properties":{"pid":"022000570067"},"geometry":{"type":"Polygon","coordinates":[[[-84.514744,39.172883],[-84.514901,39.173165],[-84.51482,39.173192],[-84.514663,39.17291],[-84.514744,39.172883]]]}},{"type":"Feature","properties":{"pid":"022000570027"},"geometry":{"type":"Polygon","coordinates":[[[-84.51331,39.174035],[-84.5132,39.174072],[-84.513044,39.17379],[-84.513153,39.173753],[-84.51331,39.174035]]]}},{"type":"Feature","properties":{"pid":"022000570010"},"geometry":{"type":"Polygon","coordinates":[[[-84.513259,39.173717],[-84.513102,39.173435],[-84.513173,39.173411],[-84.51333,39.173693],[-84.513259,39.173717]]]}},{"type":"Feature","properties":{"pid":"022000570062"},"geometry":{"type":"Polygon","coordinates":[[[-84.514242,39.173052],[-84.514399,39.173334],[-84.514302,39.173367],[-84.514145,39.173084],[-84.514242,39.173052]]]}},{"type":"Feature","properties":{"pid":"022000570038"},"geometry":{"type":"Polygon","coordinates":[[[-84.514359,39.173682],[-84.514279,39.173709],[-84.514122,39.173427],[-84.514203,39.1734],[-84.514359,39.173682]]]}},{"type":"Feature","properties":{"pid":"022000570037"},"geometry":{"type":"Polygon","coordinates":[[[-84.51396,39.173482],[-84.514122,39.173427],[-84.514279,39.173709],[-84.514117,39.173764],[-84.51396,39.173482]]]}},{"type":"Feature","properties":{"pid":"022000570032"},"geometry":{"type":"Polygon","coordinates":[[[-84.513711,39.1739],[-84.513555,39.173618],[-84.513636,39.173591],[-84.513792,39.173873],[-84.513711,39.1739]]]}},{"type":"Feature","properties":{"pid":"021900500052"},"geometry":{"type":"Polygon","coordinates":[[[-84.518577,39.179336],[-84.518248,39.178947],[-84.518463,39.178828],[-84.518791,39.179225],[-84.518577,39.179336]]]}},{"type":"Feature","properties":{"pid":"021900500055"},"geometry":{"type":"Polygon","coordinates":[[[-84.518546,39.179404],[-84.518286,39.179538],[-84.51793,39.179123],[-84.518178,39.178986],[-84.518546,39.179404]]]}},{"type":"Feature","properties":{"pid":"021900500056"},"geometry":{"type":"Polygon","coordinates":[[[-84.518821,39.179261],[-84.518546,39.179404],[-84.518178,39.178986],[-84.518248,39.178947],[-84.518577,39.179336],[-84.518791,39.179225],[-84.518821,39.179261]]]}},{"type":"Feature","properties":{"pid":"021900500057"},"geometry":{"type":"Polygon","coordinates":[[[-84.518166,39.1796],[-84.517812,39.179186],[-84.51793,39.179123],[-84.518286,39.179538],[-84.518166,39.1796]]]}},{"type":"Feature","properties":{"pid":"021900500029"},"geometry":{"type":"Polygon","coordinates":[[[-84.517908,39.17893],[-84.517617,39.179084],[-84.517218,39.178631],[-84.51751,39.178477],[-84.517908,39.17893]]]}},{"type":"Feature","properties":{"pid":"021900500032"},"geometry":{"type":"Polygon","coordinates":[[[-84.517073,39.17835],[-84.517683,39.178384],[-84.517494,39.178485],[-84.517063,39.178462],[-84.517073,39.17835]]]}},{"type":"Feature","properties":{"pid":"021900500084"},"geometry":{"type":"Polygon","coordinates":[[[-84.516728,39.17889],[-84.516504,39.178624],[-84.516804,39.178365],[-84.517073,39.17835],[-84.517063,39.178462],[-84.517494,39.178485],[-84.516728,39.17889]]]}},{"type":"Feature","properties":{"pid":"021900500034"},"geometry":{"type":"Polygon","coordinates":[[[-84.51751,39.178477],[-84.517656,39.178399],[-84.518053,39.178851],[-84.517908,39.17893],[-84.51751,39.178477]]]}},{"type":"Feature","properties":{"pid":"021900500023"},"geometry":{"type":"Polygon","coordinates":[[[-84.517382,39.179251],[-84.516974,39.17876],[-84.517218,39.178631],[-84.517617,39.179084],[-84.517382,39.179251]]]}},{"type":"Feature","properties":{"pid":"021900500089"},"geometry":{"type":"Polygon","coordinates":[[[-84.519511,39.178275],[-84.519544,39.178994],[-84.519633,39.179587],[-84.518924,39.17858],[-84.519273,39.178451],[-84.519511,39.178275]]]}},{"type":"Feature","properties":{"pid":"021900500081"},"geometry":{"type":"Polygon","coordinates":[[[-84.518832,39.180439],[-84.517867,39.180137],[-84.518258,39.179956],[-84.518008,39.179667],[-84.518821,39.179261],[-84.518463,39.178828],[-84.518924,39.17858],[-84.519633,39.179587],[-84.519676,39.179798],[-84.519218,39.179963],[-84.518832,39.180439]]]}},{"type":"Feature","properties":{"pid":"023800060015"},"geometry":{"type":"MultiPolygon","coordinates":[[[[-84.512603,39.187798],[-84.512855,39.188389],[-84.512607,39.188454],[-84.51258,39.188389],[-84.512371,39.188442],[-84.512222,39.188081],[-84.512436,39.188028],[-84.512342,39.187806],[-84.512537,39.18776],[-84.512603,39.187798]]],[[[-84.513282,39.189391],[-84.513315,39.189625],[-84.513214,39.18986],[-84.51236,39.189715],[-84.512576,39.188958],[-84.512463,39.188672],[-84.512677,39.188618],[-84.512649,39.188554],[-84.5129,39.188495],[-84.513282,39.189391]]]]}},{"type":"Feature","properties":{"pid":"023800060013"},"geometry":{"type":"Polygon","coordinates":[[[-84.514296,39.190003],[-84.514245,39.190031],[-84.51345,39.189878],[-84.513523,39.189587],[-84.513505,39.18941],[-84.512804,39.187727],[-84.512853,39.187675],[-84.514081,39.187364],[-84.514327,39.187336],[-84.514451,39.187348],[-84.514493,39.187402],[-84.514296,39.190003]]]}},{"type":"Feature","properties":{"pid":"023700040033"},"geometry":{"type":"Polygon","coordinates":[[[-84.520131,39.190481],[-84.520587,39.19038],[-84.520938,39.190361],[-84.523668,39.190538],[-84.523714,39.190597],[-84.52368,39.191526],[-84.520781,39.192067],[-84.520587,39.191462],[-84.520131,39.190481]]]}},{"type":"Feature","properties":{"pid":"022000580028"},"geometry":{"type":"Polygon","coordinates":[[[-84.513325,39.172454],[-84.513205,39.172495],[-84.513092,39.172234],[-84.513212,39.172194],[-84.513325,39.172454]]]}},{"type":"Feature","properties":{"pid":"022000590042"},"geometry":{"type":"Polygon","coordinates":[[[-84.515124,39.170452],[-84.515113,39.170344],[-84.515591,39.170341],[-84.515582,39.170438],[-84.515124,39.170452]]]}},{"type":"Feature","properties":{"pid":"022000580026"},"geometry":{"type":"Polygon","coordinates":[[[-84.513444,39.172414],[-84.513325,39.172454],[-84.513212,39.172194],[-84.513332,39.172154],[-84.513444,39.172414]]]}},{"type":"Feature","properties":{"pid":"022000590021"},"geometry":{"type":"Polygon","coordinates":[[[-84.515139,39.1706],[-84.515126,39.170472],[-84.515582,39.170438],[-84.515573,39.170534],[-84.515139,39.1706]]]}},{"type":"Feature","properties":{"pid":"021900500087"},"geometry":{"type":"Polygon","coordinates":[[[-84.516958,39.179603],[-84.515847,39.178283],[-84.516238,39.178304],[-84.517163,39.179407],[-84.516958,39.179603]]]}},{"type":"Feature","properties":{"pid":"021900510037"},"geometry":{"type":"Polygon","coordinates":[[[-84.519508,39.176399],[-84.519089,39.176376],[-84.519104,39.176204],[-84.51945,39.17623],[-84.519508,39.176399]]]}},{"type":"Feature","properties":{"pid":"022000560079"},"geometry":{"type":"Polygon","coordinates":[[[-84.511922,39.173382],[-84.51203,39.173345],[-84.512198,39.173632],[-84.512084,39.17367],[-84.511922,39.173382]]]}},{"type":"Feature","properties":{"pid":"022000560076"},"geometry":{"type":"Polygon","coordinates":[[[-84.5114,39.173678],[-84.511729,39.173562],[-84.511779,39.173651],[-84.51145,39.173768],[-84.5114,39.173678]]]}},{"type":"Feature","properties":{"pid":"022000560080"},"geometry":{"type":"Polygon","coordinates":[[[-84.512418,39.173214],[-84.51258,39.173503],[-84.512461,39.173543],[-84.512294,39.173256],[-84.512418,39.173214]]]}},{"type":"Feature","properties":{"pid":"022000570034"},"geometry":{"type":"Polygon","coordinates":[[[-84.513873,39.173846],[-84.513717,39.173563],[-84.513798,39.173536],[-84.513954,39.173818],[-84.513873,39.173846]]]}},{"type":"Feature","properties":{"pid":"022000560126"},"geometry":{"type":"Polygon","coordinates":[[[-84.512294,39.173256],[-84.512461,39.173543],[-84.51233,39.173587],[-84.512163,39.1733],[-84.512294,39.173256]]]}},{"type":"Feature","properties":{"pid":"022000560072"},"geometry":{"type":"Polygon","coordinates":[[[-84.512418,39.174001],[-84.512293,39.174043],[-84.512136,39.17376],[-84.512261,39.173718],[-84.512418,39.174001]]]}},{"type":"Feature","properties":{"pid":"022000570049"},"geometry":{"type":"Polygon","coordinates":[[[-84.513044,39.17379],[-84.512887,39.173508],[-84.51298,39.173476],[-84.513136,39.173759],[-84.513044,39.17379]]]}},{"type":"Feature","properties":{"pid":"022000560098"},"geometry":{"type":"Polygon","coordinates":[[[-84.512667,39.173917],[-84.51251,39.173634],[-84.512635,39.173592],[-84.512792,39.173875],[-84.512667,39.173917]]]}},{"type":"Feature","properties":{"pid":"022000560083"},"geometry":{"type":"Polygon","coordinates":[[[-84.512418,39.174001],[-84.512261,39.173718],[-84.512385,39.173676],[-84.512542,39.173959],[-84.512418,39.174001]]]}},{"type":"Feature","properties":{"pid":"022000560096"},"geometry":{"type":"Polygon","coordinates":[[[-84.512133,39.174288],[-84.5122,39.174409],[-84.511877,39.174518],[-84.511809,39.174397],[-84.512133,39.174288]]]}},{"type":"Feature","properties":{"pid":"022000570028"},"geometry":{"type":"Polygon","coordinates":[[[-84.51331,39.174035],[-84.513153,39.173753],[-84.51326,39.173717],[-84.513417,39.173999],[-84.51331,39.174035]]]}},{"type":"Feature","properties":{"pid":"022000560050"},"geometry":{"type":"Polygon","coordinates":[[[-84.512655,39.173921],[-84.512817,39.173866],[-84.512974,39.174148],[-84.512812,39.174203],[-84.512655,39.173921]]]}},{"type":"Feature","properties":{"pid":"022000560070"},"geometry":{"type":"Polygon","coordinates":[[[-84.512792,39.173875],[-84.512635,39.173592],[-84.512759,39.173551],[-84.512916,39.173833],[-84.512792,39.173875]]]}},{"type":"Feature","properties":{"pid":"022000570158"},"geometry":{"type":"Polygon","coordinates":[[[-84.515007,39.173464],[-84.51485,39.173182],[-84.515077,39.173106],[-84.515234,39.173388],[-84.515007,39.173464]]]}},{"type":"Feature","properties":{"pid":"022000560173"},"geometry":{"type":"Polygon","coordinates":[[[-84.512841,39.173415],[-84.512708,39.17346],[-84.512541,39.173173],[-84.51268,39.173126],[-84.512841,39.173415]]]}},{"type":"Feature","properties":{"pid":"022000570040"},"geometry":{"type":"Polygon","coordinates":[[[-84.514284,39.173373],[-84.514365,39.173345],[-84.514521,39.173628],[-84.51444,39.173655],[-84.514284,39.173373]]]}},{"type":"Feature","properties":{"pid":"022000570050"},"geometry":{"type":"Polygon","coordinates":[[[-84.512997,39.173471],[-84.513076,39.173444],[-84.513233,39.173726],[-84.513154,39.173753],[-84.512997,39.173471]]]}},{"type":"Feature","properties":{"pid":"022000560040"},"geometry":{"type":"Polygon","coordinates":[[[-84.512541,39.173173],[-84.512708,39.17346],[-84.51258,39.173503],[-84.512418,39.173214],[-84.512541,39.173173]]]}},{"type":"Feature","properties":{"pid":"022000590026"},"geometry":{"type":"Polygon","coordinates":[[[-84.51496,39.171606],[-84.515358,39.171488],[-84.51539,39.171591],[-84.514991,39.171709],[-84.51496,39.171606]]]}},{"type":"Feature","properties":{"pid":"022000570064"},"geometry":{"type":"Polygon","coordinates":[[[-84.514496,39.173301],[-84.514339,39.173019],[-84.514444,39.172984],[-84.514601,39.173266],[-84.514496,39.173301]]]}},{"type":"Feature","properties":{"pid":"022000560071"},"geometry":{"type":"Polygon","coordinates":[[[-84.512542,39.173959],[-84.512385,39.173676],[-84.51251,39.173634],[-84.512667,39.173917],[-84.512542,39.173959]]]}},{"type":"Feature","properties":{"pid":"022000560170"},"geometry":{"type":"Polygon","coordinates":[[[-84.512163,39.1733],[-84.51233,39.173587],[-84.512198,39.173632],[-84.51203,39.173345],[-84.512163,39.1733]]]}},{"type":"Feature","properties":{"pid":"022000570053"},"geometry":{"type":"Polygon","coordinates":[[[-84.513525,39.173628],[-84.513476,39.173644],[-84.513319,39.173362],[-84.513368,39.173346],[-84.513525,39.173628]]]}},{"type":"Feature","properties":{"pid":"021900510015"},"geometry":{"type":"Polygon","coordinates":[[[-84.516488,39.176701],[-84.515918,39.176666],[-84.515933,39.176518],[-84.516502,39.176553],[-84.516488,39.176701]]]}},{"type":"Feature","properties":{"pid":"021900510017"},"geometry":{"type":"Polygon","coordinates":[[[-84.516516,39.176405],[-84.516507,39.176503],[-84.515938,39.176469],[-84.51595,39.176371],[-84.516516,39.176405]]]}},{"type":"Feature","properties":{"pid":"021900510087"},"geometry":{"type":"Polygon","coordinates":[[[-84.517061,39.176636],[-84.517051,39.176735],[-84.516488,39.176701],[-84.516498,39.176602],[-84.517061,39.176636]]]}},{"type":"Feature","properties":{"pid":"021900510088"},"geometry":{"type":"Polygon","coordinates":[[[-84.517061,39.176636],[-84.516498,39.176602],[-84.516507,39.176503],[-84.51707,39.176537],[-84.517061,39.176636]]]}},{"type":"Feature","properties":{"pid":"021900510089"},"geometry":{"type":"Polygon","coordinates":[[[-84.51707,39.176537],[-84.516507,39.176503],[-84.516516,39.176405],[-84.517079,39.176438],[-84.51707,39.176537]]]}},{"type":"Feature","properties":{"pid":"022000580024"},"geometry":{"type":"Polygon","coordinates":[[[-84.514845,39.171722],[-84.514875,39.17182],[-84.514509,39.171943],[-84.514469,39.171851],[-84.514845,39.171722]]]}},{"type":"Feature","properties":{"pid":"022000570056"},"geometry":{"type":"Polygon","coordinates":[[[-84.513659,39.173248],[-84.513816,39.17353],[-84.513709,39.173566],[-84.513552,39.173284],[-84.513659,39.173248]]]}},{"type":"Feature","properties":{"pid":"022000560172"},"geometry":{"type":"Polygon","coordinates":[[[-84.512168,39.174084],[-84.512012,39.173802],[-84.512136,39.17376],[-84.512293,39.174043],[-84.512168,39.174084]]]}},{"type":"Feature","properties":{"pid":"022000560075"},"geometry":{"type":"Polygon","coordinates":[[[-84.511505,39.173865],[-84.51145,39.173768],[-84.511779,39.173651],[-84.511837,39.173753],[-84.511505,39.173865]]]}},{"type":"Feature","properties":{"pid":"022000570055"},"geometry":{"type":"Polygon","coordinates":[[[-84.513589,39.173606],[-84.513433,39.173324],[-84.513552,39.173284],[-84.513709,39.173566],[-84.513589,39.173606]]]}},{"type":"Feature","properties":{"pid":"022000570058"},"geometry":{"type":"Polygon","coordinates":[[[-84.513913,39.173497],[-84.513756,39.173215],[-84.513853,39.173182],[-84.51401,39.173465],[-84.513913,39.173497]]]}},{"type":"Feature","properties":{"pid":"022000560065"},"geometry":{"type":"Polygon","coordinates":[[[-84.51265,39.174257],[-84.512493,39.173975],[-84.512655,39.173921],[-84.512812,39.174203],[-84.51265,39.174257]]]}},{"type":"Feature","properties":{"pid":"022000570030"},"geometry":{"type":"Polygon","coordinates":[[[-84.513474,39.173645],[-84.513631,39.173927],[-84.513524,39.173963],[-84.513367,39.173681],[-84.513474,39.173645]]]}},{"type":"Feature","properties":{"pid":"022000570044"},"geometry":{"type":"Polygon","coordinates":[[[-84.514942,39.173486],[-84.514845,39.173519],[-84.514688,39.173236],[-84.514785,39.173204],[-84.514942,39.173486]]]}},{"type":"Feature","properties":{"pid":"022000570033"},"geometry":{"type":"Polygon","coordinates":[[[-84.513717,39.173563],[-84.513873,39.173846],[-84.513792,39.173873],[-84.513636,39.173591],[-84.513717,39.173563]]]}},{"type":"Feature","properties":{"pid":"022000560039"},"geometry":{"type":"Polygon","coordinates":[[[-84.511686,39.174175],[-84.511625,39.174064],[-84.511948,39.173955],[-84.51201,39.174066],[-84.511686,39.174175]]]}},{"type":"Feature","properties":{"pid":"022000560089"},"geometry":{"type":"Polygon","coordinates":[[[-84.512044,39.174126],[-84.512345,39.174025],[-84.512502,39.174307],[-84.5122,39.174409],[-84.512044,39.174126]]]}},{"type":"Feature","properties":{"pid":"022000570065"},"geometry":{"type":"Polygon","coordinates":[[[-84.514601,39.173266],[-84.514444,39.172984],[-84.514553,39.172947],[-84.51471,39.173229],[-84.514601,39.173266]]]}},{"type":"Feature","properties":{"pid":"022000570066"},"geometry":{"type":"Polygon","coordinates":[[[-84.51471,39.173229],[-84.514553,39.172947],[-84.514663,39.17291],[-84.51482,39.173192],[-84.51471,39.173229]]]}},{"type":"Feature","properties":{"pid":"022000590020"},"geometry":{"type":"Polygon","coordinates":[[[-84.515821,39.171682],[-84.515144,39.171919],[-84.515058,39.171934],[-84.515023,39.171816],[-84.515425,39.171699],[-84.51539,39.171591],[-84.515773,39.171478],[-84.515821,39.171682]]]}},{"type":"Feature","properties":{"pid":"022300030152"},"geometry":{"type":"Polygon","coordinates":[[[-84.509188,39.171789],[-84.508601,39.170876],[-84.509141,39.170642],[-84.509687,39.171406],[-84.509179,39.171609],[-84.509188,39.171789]]]}},{"type":"Feature","properties":{"pid":"022300030169"},"geometry":{"type":"Polygon","coordinates":[[[-84.507868,39.167367],[-84.507564,39.167345],[-84.50808,39.16703],[-84.508354,39.166769],[-84.508618,39.166678],[-84.508983,39.166849],[-84.507868,39.167367]]]}},{"type":"Feature","properties":{"pid":"022000560023"},"geometry":{"type":"Polygon","coordinates":[[[-84.512502,39.175907],[-84.512081,39.176049],[-84.512011,39.175923],[-84.512432,39.175781],[-84.512502,39.175907]]]}},{"type":"Feature","properties":{"pid":"022000590038"},"geometry":{"type":"Polygon","coordinates":[[[-84.51467,39.170467],[-84.514654,39.170342],[-84.5151,39.170211],[-84.515113,39.17034],[-84.51467,39.170467]]]}},{"type":"Feature","properties":{"pid":"022000580032"},"geometry":{"type":"Polygon","coordinates":[[[-84.513684,39.172333],[-84.513564,39.172374],[-84.513452,39.172113],[-84.513571,39.172073],[-84.513684,39.172333]]]}},{"type":"Feature","properties":{"pid":"022000570134"},"geometry":{"type":"Polygon","coordinates":[[[-84.515573,39.17184],[-84.515606,39.171961],[-84.515093,39.172051],[-84.515058,39.171934],[-84.515573,39.17184]]]}},{"type":"Feature","properties":{"pid":"022300040041"},"geometry":{"type":"Polygon","coordinates":[[[-84.513138,39.166257],[-84.513094,39.166747],[-84.512838,39.16694],[-84.512868,39.166604],[-84.513138,39.166257]]]}},{"type":"Feature","properties":{"pid":"022300040040"},"geometry":{"type":"Polygon","coordinates":[[[-84.512626,39.1671],[-84.512733,39.166842],[-84.512868,39.166604],[-84.512838,39.16694],[-84.512626,39.1671]]]}},{"type":"Feature","properties":{"pid":"021900500088"},"geometry":{"type":"Polygon","coordinates":[[[-84.516791,39.179785],[-84.515651,39.178429],[-84.515668,39.178273],[-84.515847,39.178283],[-84.516958,39.179603],[-84.516791,39.179785]]]}},{"type":"Feature","properties":{"pid":"022000590047"},"geometry":{"type":"Polygon","coordinates":[[[-84.515425,39.171699],[-84.515023,39.171816],[-84.514991,39.171709],[-84.51539,39.171591],[-84.515425,39.171699]]]}},{"type":"Feature","properties":{"pid":"022300040073"},"geometry":{"type":"Polygon","coordinates":[[[-84.513145,39.166914],[-84.513313,39.16806],[-84.513164,39.168076],[-84.51328,39.168728],[-84.512992,39.168848],[-84.512874,39.169079],[-84.512403,39.169052],[-84.512452,39.168537],[-84.5124,39.168412],[-84.512358,39.168409],[-84.51245,39.167436],[-84.513145,39.166914]]]}},{"type":"Feature","properties":{"pid":"022300030115"},"geometry":{"type":"Polygon","coordinates":[[[-84.509687,39.171406],[-84.509843,39.171625],[-84.509347,39.172037],[-84.509188,39.171789],[-84.509179,39.171609],[-84.509687,39.171406]]]}},{"type":"Feature","properties":{"pid":"022000590031"},"geometry":{"type":"Polygon","coordinates":[[[-84.515186,39.171064],[-84.515069,39.171104],[-84.51502,39.170803],[-84.515155,39.170759],[-84.515186,39.171064]]]}},{"type":"Feature","properties":{"pid":"021900510077"},"geometry":{"type":"Polygon","coordinates":[[[-84.515668,39.178273],[-84.515775,39.177275],[-84.5159,39.177282],[-84.515809,39.17828],[-84.515668,39.178273]]]}},{"type":"Feature","properties":{"pid":"022000560020"},"geometry":{"type":"Polygon","coordinates":[[[-84.512221,39.176301],[-84.512165,39.1762],[-84.512586,39.176058],[-84.512642,39.176159],[-84.512221,39.176301]]]}},{"type":"Feature","properties":{"pid":"022000590046"},"geometry":{"type":"Polygon","coordinates":[[[-84.514665,39.170602],[-84.51467,39.170478],[-84.515113,39.17034],[-84.515124,39.170452],[-84.514665,39.170602]]]}},{"type":"Feature","properties":{"pid":"022000580027"},"geometry":{"type":"Polygon","coordinates":[[[-84.513564,39.172374],[-84.513444,39.172414],[-84.513332,39.172154],[-84.513452,39.172113],[-84.513564,39.172374]]]}},{"type":"Feature","properties":{"pid":"022000590030"},"geometry":{"type":"Polygon","coordinates":[[[-84.515069,39.171104],[-84.514953,39.171145],[-84.514885,39.170847],[-84.51502,39.170803],[-84.515069,39.171104]]]}},{"type":"Feature","properties":{"pid":"022000610021"},"geometry":{"type":"MultiPolygon","coordinates":[[[[-84.512264,39.178595],[-84.512116,39.178531],[-84.511829,39.178391],[-84.512163,39.17831],[-84.512264,39.178595]]],[[[-84.512264,39.178595],[-84.513071,39.178503],[-84.513494,39.178909],[-84.513487,39.178976],[-84.512909,39.178828],[-84.512264,39.178595]]]]}},{"type":"Feature","properties":{"pid":"022000590036"},"geometry":{"type":"Polygon","coordinates":[[[-84.515134,39.170554],[-84.515144,39.170657],[-84.514722,39.170795],[-84.514694,39.170699],[-84.515134,39.170554]]]}},{"type":"Feature","properties":{"pid":"022300030172"},"geometry":{"type":"Polygon","coordinates":[[[-84.50696,39.168371],[-84.506741,39.168179],[-84.507252,39.167473],[-84.507472,39.167339],[-84.507625,39.16735],[-84.508024,39.167878],[-84.50696,39.168371]]]}},{"type":"Feature","properties":{"pid":"022000590037"},"geometry":{"type":"Polygon","coordinates":[[[-84.514694,39.170699],[-84.514665,39.170602],[-84.515124,39.170452],[-84.515134,39.170554],[-84.514694,39.170699]]]}},{"type":"Feature","properties":{"pid":"022000590039"},"geometry":{"type":"Polygon","coordinates":[[[-84.515155,39.170759],[-84.515139,39.1706],[-84.515573,39.170534],[-84.515565,39.170625],[-84.515155,39.170759]]]}},{"type":"Feature","properties":{"pid":"023700030007"},"geometry":{"type":"Polygon","coordinates":[[[-84.519399,39.198062],[-84.519355,39.197621],[-84.520342,39.197583],[-84.520381,39.198],[-84.519399,39.198062]]]}},{"type":"Feature","properties":{"pid":"023700030019"},"geometry":{"type":"Polygon","coordinates":[[[-84.52034,39.19756],[-84.519281,39.197552],[-84.519249,39.19728],[-84.520316,39.19731],[-84.52034,39.19756]]]}},{"type":"Feature","properties":{"pid":"023700030020"},"geometry":{"type":"Polygon","coordinates":[[[-84.520481,39.199079],[-84.519952,39.199061],[-84.519925,39.198788],[-84.520456,39.198805],[-84.520481,39.199079]]]}},{"type":"Feature","properties":{"pid":"023700030024"},"geometry":{"type":"Polygon","coordinates":[[[-84.519697,39.198313],[-84.519672,39.198045],[-84.520381,39.198],[-84.520406,39.198271],[-84.519697,39.198313]]]}},{"type":"Feature","properties":{"pid":"023700030044"},"geometry":{"type":"Polygon","coordinates":[[[-84.520507,39.19935],[-84.519801,39.199332],[-84.519776,39.199056],[-84.520481,39.199079],[-84.520507,39.19935]]]}},{"type":"Feature","properties":{"pid":"023700030052"},"geometry":{"type":"Polygon","coordinates":[[[-84.519103,39.198418],[-84.519021,39.197641],[-84.519355,39.197621],[-84.519399,39.198062],[-84.519672,39.198045],[-84.519697,39.198313],[-84.520412,39.198336],[-84.520423,39.198453],[-84.519103,39.198418]]]}},{"type":"Feature","properties":{"pid":"023700030055"},"geometry":{"type":"Polygon","coordinates":[[[-84.519776,39.199056],[-84.518753,39.199122],[-84.518939,39.198646],[-84.520445,39.198688],[-84.520456,39.198805],[-84.519749,39.198782],[-84.519776,39.199056]]]}},{"type":"Feature","properties":{"pid":"023700030084"},"geometry":{"type":"Polygon","coordinates":[[[-84.519801,39.199332],[-84.519625,39.199327],[-84.519601,39.199067],[-84.519776,39.199056],[-84.519801,39.199332]]]}},{"type":"Feature","properties":{"pid":"022000560019"},"geometry":{"type":"Polygon","coordinates":[[[-84.512305,39.176452],[-84.512221,39.176301],[-84.512642,39.176159],[-84.512726,39.17631],[-84.512305,39.176452]]]}},{"type":"Feature","properties":{"pid":"022300030178"},"geometry":{"type":"Polygon","coordinates":[[[-84.507868,39.167367],[-84.512092,39.165407],[-84.512166,39.165453],[-84.510386,39.166279],[-84.509642,39.166747],[-84.509893,39.167074],[-84.508645,39.167654],[-84.508597,39.167612],[-84.508024,39.167878],[-84.507625,39.16735],[-84.507868,39.167367]]]}},{"type":"Feature","properties":{"pid":"022000560193"},"geometry":{"type":"Polygon","coordinates":[[[-84.509022,39.175577],[-84.50909,39.175692],[-84.508957,39.175735],[-84.509026,39.175623],[-84.509022,39.175577]]]}},{"type":"Feature","properties":{"pid":"022000560223"},"geometry":{"type":"Polygon","coordinates":[[[-84.508957,39.175735],[-84.508432,39.176661],[-84.507909,39.176462],[-84.507844,39.176308],[-84.508,39.176059],[-84.507928,39.176031],[-84.50813,39.175711],[-84.508551,39.175872],[-84.508957,39.175735]]]}},{"type":"Feature","properties":{"pid":"022000560124"},"geometry":{"type":"Polygon","coordinates":[[[-84.511496,39.174936],[-84.511427,39.174812],[-84.511786,39.174694],[-84.511854,39.174818],[-84.511496,39.174936]]]}},{"type":"Feature","properties":{"pid":"022000560135"},"geometry":{"type":"Polygon","coordinates":[[[-84.511525,39.174218],[-84.51116,39.174339],[-84.51111,39.174251],[-84.511498,39.174128],[-84.511525,39.174218]]]}},{"type":"Feature","properties":{"pid":"022000560215"},"geometry":{"type":"Polygon","coordinates":[[[-84.511829,39.178391],[-84.511137,39.178023],[-84.512019,39.177342],[-84.512838,39.177534],[-84.515734,39.177281],[-84.515579,39.179089],[-84.514942,39.178819],[-84.514455,39.178798],[-84.513794,39.179196],[-84.513071,39.178503],[-84.512264,39.178595],[-84.512163,39.17831],[-84.511829,39.178391]]]}},{"type":"Feature","properties":{"pid":"022000580030"},"geometry":{"type":"Polygon","coordinates":[[[-84.513205,39.172495],[-84.513085,39.172535],[-84.512972,39.172275],[-84.513092,39.172234],[-84.513205,39.172495]]]}},{"type":"Feature","properties":{"pid":"022000580017"},"geometry":{"type":"Polygon","coordinates":[[[-84.51478,39.171505],[-84.514815,39.171622],[-84.514427,39.171753],[-84.514392,39.171636],[-84.51478,39.171505]]]}},{"type":"Feature","properties":{"pid":"022000590029"},"geometry":{"type":"Polygon","coordinates":[[[-84.514953,39.171145],[-84.514836,39.171186],[-84.51475,39.170891],[-84.514885,39.170847],[-84.514953,39.171145]]]}},{"type":"Feature","properties":{"pid":"022000590032"},"geometry":{"type":"Polygon","coordinates":[[[-84.515291,39.170714],[-84.515302,39.171023],[-84.515186,39.171064],[-84.515155,39.170759],[-84.515291,39.170714]]]}},{"type":"Feature","properties":{"pid":"022000560025"},"geometry":{"type":"Polygon","coordinates":[[[-84.512207,39.175378],[-84.512319,39.175579],[-84.511899,39.175721],[-84.511787,39.17552],[-84.512207,39.175378]]]}},{"type":"Feature","properties":{"pid":"022000580042"},"geometry":{"type":"Polygon","coordinates":[[[-84.512972,39.172275],[-84.513085,39.172535],[-84.512965,39.172575],[-84.512853,39.172315],[-84.512972,39.172275]]]}},{"type":"Feature","properties":{"pid":"022000570102"},"geometry":{"type":"Polygon","coordinates":[[[-84.515144,39.171919],[-84.515556,39.171775],[-84.515573,39.17184],[-84.515144,39.171919]]]}},{"type":"Feature","properties":{"pid":"023800010051"},"geometry":{"type":"Polygon","coordinates":[[[-84.518104,39.186446],[-84.518032,39.186288],[-84.518732,39.186314],[-84.518715,39.186473],[-84.518104,39.186446]]]}},{"type":"Feature","properties":{"pid":"022000590035"},"geometry":{"type":"Polygon","coordinates":[[[-84.515155,39.170759],[-84.51475,39.170891],[-84.514722,39.170795],[-84.515144,39.170657],[-84.515155,39.170759]]]}},{"type":"Feature","properties":{"pid":"021900520041"},"geometry":{"type":"Polygon","coordinates":[[[-84.516902,39.172217],[-84.516797,39.172211],[-84.516837,39.171761],[-84.516943,39.171767],[-84.516902,39.172217]]]}},{"type":"Feature","properties":{"pid":"021900520083"},"geometry":{"type":"Polygon","coordinates":[[[-84.51815,39.172285],[-84.518058,39.17228],[-84.518098,39.171834],[-84.518189,39.171839],[-84.51815,39.172285]]]}},{"type":"Feature","properties":{"pid":"021900520043"},"geometry":{"type":"Polygon","coordinates":[[[-84.517029,39.172224],[-84.51707,39.171775],[-84.517282,39.171789],[-84.517196,39.171785],[-84.517155,39.172231],[-84.517029,39.172224]]]}},{"type":"Feature","properties":{"pid":"022300010085"},"geometry":{"type":"Polygon","coordinates":[[[-84.526666,39.18682],[-84.526738,39.185911],[-84.527395,39.185937],[-84.527427,39.186442],[-84.528151,39.186447],[-84.528329,39.186881],[-84.526666,39.18682]]]}},{"type":"Feature","properties":{"pid":"022300010046"},"geometry":{"type":"Polygon","coordinates":[[[-84.526258,39.185466],[-84.524738,39.185401],[-84.524511,39.184752],[-84.527584,39.184868],[-84.527593,39.184894],[-84.526168,39.184838],[-84.526258,39.185466]]]}},{"type":"Feature","properties":{"pid":"022300010051"},"geometry":{"type":"Polygon","coordinates":[[[-84.525339,39.185772],[-84.52471,39.185777],[-84.524738,39.185401],[-84.527218,39.185506],[-84.527282,39.185684],[-84.527883,39.185709],[-84.527946,39.185886],[-84.525339,39.185772]]]}},{"type":"Feature","properties":{"pid":"022300010079"},"geometry":{"type":"Polygon","coordinates":[[[-84.527282,39.185684],[-84.527275,39.185665],[-84.527883,39.185709],[-84.527282,39.185684]]]}},{"type":"Feature","properties":{"pid":"022300010012"},"geometry":{"type":"Polygon","coordinates":[[[-84.527593,39.184894],[-84.527821,39.185534],[-84.526258,39.185466],[-84.526168,39.184838],[-84.527593,39.184894]]]}},{"type":"Feature","properties":{"pid":"022300010013"},"geometry":{"type":"Polygon","coordinates":[[[-84.527275,39.185665],[-84.527218,39.185506],[-84.527821,39.185534],[-84.527876,39.18569],[-84.527275,39.185665]]]}},{"type":"Feature","properties":{"pid":"022000560114"},"geometry":{"type":"Polygon","coordinates":[[[-84.509425,39.175933],[-84.509874,39.175785],[-84.510023,39.176055],[-84.509563,39.176205],[-84.509425,39.175933]]]}},{"type":"Feature","properties":{"pid":"022000560115"},"geometry":{"type":"Polygon","coordinates":[[[-84.511525,39.174218],[-84.511587,39.17433],[-84.511223,39.174451],[-84.51116,39.174339],[-84.511525,39.174218]]]}},{"type":"Feature","properties":{"pid":"022000560116"},"geometry":{"type":"Polygon","coordinates":[[[-84.511286,39.174563],[-84.511223,39.174451],[-84.511587,39.17433],[-84.511649,39.174446],[-84.511286,39.174563]]]}},{"type":"Feature","properties":{"pid":"022000560118"},"geometry":{"type":"Polygon","coordinates":[[[-84.511977,39.175044],[-84.512039,39.175157],[-84.511686,39.175273],[-84.511623,39.175161],[-84.511977,39.175044]]]}},{"type":"Feature","properties":{"pid":"022000560119"},"geometry":{"type":"Polygon","coordinates":[[[-84.511916,39.174931],[-84.511977,39.175044],[-84.511623,39.175161],[-84.511559,39.175048],[-84.511916,39.174931]]]}},{"type":"Feature","properties":{"pid":"022000560120"},"geometry":{"type":"Polygon","coordinates":[[[-84.512039,39.175157],[-84.512111,39.175291],[-84.511762,39.175408],[-84.511686,39.175273],[-84.512039,39.175157]]]}},{"type":"Feature","properties":{"pid":"022000560121"},"geometry":{"type":"Polygon","coordinates":[[[-84.509337,39.175776],[-84.509587,39.175269],[-84.509874,39.175785],[-84.509425,39.175933],[-84.509337,39.175776]]]}},{"type":"Feature","properties":{"pid":"022000560123"},"geometry":{"type":"Polygon","coordinates":[[[-84.511358,39.17469],[-84.511286,39.174563],[-84.511649,39.174446],[-84.511707,39.174576],[-84.511358,39.17469]]]}},{"type":"Feature","properties":{"pid":"022000560125"},"geometry":{"type":"Polygon","coordinates":[[[-84.511854,39.174818],[-84.511916,39.174931],[-84.511559,39.175048],[-84.511496,39.174936],[-84.511854,39.174818]]]}},{"type":"Feature","properties":{"pid":"023700060007"},"geometry":{"type":"Polygon","coordinates":[[[-84.527819,39.187605],[-84.528553,39.187426],[-84.52863,39.187615],[-84.528369,39.187689],[-84.527918,39.187674],[-84.527819,39.187605]]]}},{"type":"Feature","properties":{"pid":"022000560060"},"geometry":{"type":"Polygon","coordinates":[[[-84.512372,39.17323],[-84.512257,39.173269],[-84.512101,39.17299],[-84.512214,39.172952],[-84.512372,39.17323]]]}},{"type":"Feature","properties":{"pid":"022000590052"},"geometry":{"type":"Polygon","coordinates":[[[-84.516225,39.171536],[-84.515782,39.171516],[-84.515745,39.171379],[-84.516238,39.171399],[-84.516225,39.171536]]]}},{"type":"Feature","properties":{"pid":"022000580029"},"geometry":{"type":"Polygon","coordinates":[[[-84.514875,39.17182],[-84.514906,39.171925],[-84.514553,39.172043],[-84.514509,39.171943],[-84.514875,39.17182]]]}},{"type":"Feature","properties":{"pid":"021900500022"},"geometry":{"type":"Polygon","coordinates":[[[-84.516791,39.179785],[-84.516632,39.179958],[-84.516132,39.179492],[-84.51556,39.17926],[-84.515651,39.178429],[-84.516791,39.179785]]]}},{"type":"Feature","properties":{"pid":"022000590055"},"geometry":{"type":"Polygon","coordinates":[[[-84.515859,39.171383],[-84.51588,39.171077],[-84.515955,39.17108],[-84.515934,39.171387],[-84.515859,39.171383]]]}},{"type":"Feature","properties":{"pid":"022000580001"},"geometry":{"type":"Polygon","coordinates":[[[-84.512283,39.172447],[-84.511958,39.172556],[-84.511945,39.172527],[-84.512699,39.171915],[-84.513561,39.17138],[-84.513824,39.171988],[-84.512733,39.172355],[-84.512845,39.172616],[-84.512476,39.17274],[-84.512367,39.172508],[-84.512283,39.172447]]]}},{"type":"Feature","properties":{"pid":"022000560134"},"geometry":{"type":"Polygon","coordinates":[[[-84.51111,39.174251],[-84.510986,39.17403],[-84.511376,39.173899],[-84.511433,39.174006],[-84.511093,39.174116],[-84.511165,39.174234],[-84.51111,39.174251]]]}},{"type":"Feature","properties":{"pid":"022000580025"},"geometry":{"type":"Polygon","coordinates":[[[-84.514184,39.172168],[-84.514061,39.172209],[-84.513935,39.171919],[-84.514058,39.171877],[-84.514184,39.172168]]]}},{"type":"Feature","properties":{"pid":"022000560052"},"geometry":{"type":"Polygon","coordinates":[[[-84.512476,39.173195],[-84.512318,39.172916],[-84.51242,39.172882],[-84.512578,39.173161],[-84.512476,39.173195]]]}},{"type":"Feature","properties":{"pid":"021900530083"},"geometry":{"type":"Polygon","coordinates":[[[-84.517363,39.169646],[-84.516558,39.169598],[-84.516572,39.169461],[-84.517376,39.169509],[-84.517363,39.169646]]]}},{"type":"Feature","properties":{"pid":"021900530026"},"geometry":{"type":"Polygon","coordinates":[[[-84.516586,39.169324],[-84.5166,39.169188],[-84.517404,39.169235],[-84.51739,39.169372],[-84.516586,39.169324]]]}},{"type":"Feature","properties":{"pid":"022000560146"},"geometry":{"type":"Polygon","coordinates":[[[-84.512448,39.175538],[-84.512795,39.175423],[-84.512865,39.175549],[-84.512518,39.175664],[-84.512448,39.175538]]]}},{"type":"Feature","properties":{"pid":"021900530031"},"geometry":{"type":"Polygon","coordinates":[[[-84.516808,39.1692],[-84.5166,39.169188],[-84.516656,39.168624],[-84.516865,39.168636],[-84.516808,39.1692]]]}},{"type":"Feature","properties":{"pid":"022000590023"},"geometry":{"type":"Polygon","coordinates":[[[-84.515514,39.171555],[-84.515381,39.171126],[-84.515503,39.171085],[-84.515637,39.171518],[-84.515514,39.171555]]]}},{"type":"Feature","properties":{"pid":"022000590016"},"geometry":{"type":"Polygon","coordinates":[[[-84.515852,39.169351],[-84.515872,39.169133],[-84.5166,39.169188],[-84.516579,39.169395],[-84.515852,39.169351]]]}},{"type":"Feature","properties":{"pid":"021900550002"},"geometry":{"type":"Polygon","coordinates":[[[-84.517777,39.166092],[-84.516844,39.166031],[-84.516882,39.165572],[-84.517816,39.165652],[-84.517777,39.166092]]]}},{"type":"Feature","properties":{"pid":"022000560027"},"geometry":{"type":"Polygon","coordinates":[[[-84.505558,39.175296],[-84.507792,39.173356],[-84.507898,39.173552],[-84.505712,39.175442],[-84.505558,39.175296]]]}},{"type":"Feature","properties":{"pid":"021900530024"},"geometry":{"type":"Polygon","coordinates":[[[-84.517349,39.169783],[-84.516545,39.169734],[-84.516558,39.169598],[-84.517363,39.169646],[-84.517349,39.169783]]]}},{"type":"Feature","properties":{"pid":"022000590014"},"geometry":{"type":"Polygon","coordinates":[[[-84.515815,39.169752],[-84.515828,39.169611],[-84.516552,39.16966],[-84.516538,39.1698],[-84.515815,39.169752]]]}},{"type":"Feature","properties":{"pid":"022000590043"},"geometry":{"type":"Polygon","coordinates":[[[-84.515591,39.170341],[-84.515113,39.170344],[-84.5151,39.170217],[-84.5156,39.170244],[-84.515591,39.170341]]]}},{"type":"Feature","properties":{"pid":"022000590033"},"geometry":{"type":"Polygon","coordinates":[[[-84.515419,39.170982],[-84.515302,39.171023],[-84.515291,39.170714],[-84.515428,39.170669],[-84.515419,39.170982]]]}},{"type":"Feature","properties":{"pid":"022000590057"},"geometry":{"type":"Polygon","coordinates":[[[-84.516388,39.16873],[-84.516656,39.168624],[-84.51662,39.168982],[-84.516372,39.168969],[-84.516388,39.16873]]]}},{"type":"Feature","properties":{"pid":"022000560059"},"geometry":{"type":"Polygon","coordinates":[[[-84.512149,39.173305],[-84.511992,39.173027],[-84.512101,39.17299],[-84.512257,39.173269],[-84.512149,39.173305]]]}},{"type":"Feature","properties":{"pid":"022000610015"},"geometry":{"type":"Polygon","coordinates":[[[-84.515201,39.178929],[-84.515331,39.178984],[-84.515247,39.179407],[-84.515088,39.179353],[-84.515201,39.178929]]]}},{"type":"Feature","properties":{"pid":"022000560100"},"geometry":{"type":"Polygon","coordinates":[[[-84.511165,39.174234],[-84.511093,39.174116],[-84.511433,39.174006],[-84.511498,39.174128],[-84.511165,39.174234]]]}},{"type":"Feature","properties":{"pid":"022000560061"},"geometry":{"type":"Polygon","coordinates":[[[-84.512034,39.173344],[-84.511877,39.173066],[-84.511992,39.173027],[-84.512149,39.173305],[-84.512034,39.173344]]]}},{"type":"Feature","properties":{"pid":"022000560055"},"geometry":{"type":"Polygon","coordinates":[[[-84.511576,39.173498],[-84.511419,39.173221],[-84.511531,39.173183],[-84.511689,39.17346],[-84.511576,39.173498]]]}},{"type":"Feature","properties":{"pid":"022000590001"},"geometry":{"type":"Polygon","coordinates":[[[-84.515637,39.171518],[-84.515503,39.171085],[-84.515568,39.171064],[-84.515713,39.17107],[-84.515694,39.171207],[-84.515773,39.171478],[-84.515637,39.171518]]]}},{"type":"Feature","properties":{"pid":"021900530075"},"geometry":{"type":"Polygon","coordinates":[[[-84.517335,39.169919],[-84.516531,39.169871],[-84.516545,39.169734],[-84.517349,39.169783],[-84.517335,39.169919]]]}},{"type":"Feature","properties":{"pid":"022000560054"},"geometry":{"type":"Polygon","coordinates":[[[-84.511462,39.173537],[-84.511305,39.17326],[-84.511419,39.173221],[-84.511576,39.173498],[-84.511462,39.173537]]]}},{"type":"Feature","properties":{"pid":"022000560056"},"geometry":{"type":"Polygon","coordinates":[[[-84.511689,39.17346],[-84.511531,39.173183],[-84.511647,39.173144],[-84.511803,39.173421],[-84.511689,39.17346]]]}},{"type":"Feature","properties":{"pid":"022300040051"},"geometry":{"type":"Polygon","coordinates":[[[-84.516774,39.167015],[-84.51505,39.167233],[-84.51492,39.167075],[-84.514692,39.165907],[-84.515154,39.165559],[-84.516474,39.164881],[-84.516827,39.166272],[-84.516774,39.167015]]]}},{"type":"Feature","properties":{"pid":"022000590025"},"geometry":{"type":"Polygon","coordinates":[[[-84.51539,39.171591],[-84.515258,39.171167],[-84.515381,39.171126],[-84.515514,39.171555],[-84.51539,39.171591]]]}},{"type":"Feature","properties":{"pid":"022000580082"},"geometry":{"type":"Polygon","coordinates":[[[-84.513824,39.171988],[-84.513937,39.172251],[-84.513684,39.172333],[-84.513571,39.172073],[-84.513824,39.171988]]]}},{"type":"Feature","properties":{"pid":"022000590015"},"geometry":{"type":"Polygon","coordinates":[[[-84.515852,39.169351],[-84.516579,39.169395],[-84.516552,39.16966],[-84.515828,39.169611],[-84.515852,39.169351]]]}},{"type":"Feature","properties":{"pid":"022000560058"},"geometry":{"type":"Polygon","coordinates":[[[-84.511803,39.173421],[-84.511647,39.173144],[-84.511762,39.173105],[-84.511919,39.173383],[-84.511803,39.173421]]]}},{"type":"Feature","properties":{"pid":"022000580020"},"geometry":{"type":"Polygon","coordinates":[[[-84.514307,39.172126],[-84.514184,39.172168],[-84.514058,39.171877],[-84.514181,39.171836],[-84.514307,39.172126]]]}},{"type":"Feature","properties":{"pid":"022000610014"},"geometry":{"type":"Polygon","coordinates":[[[-84.514924,39.179307],[-84.515069,39.178873],[-84.515201,39.178929],[-84.515088,39.179353],[-84.514924,39.179307]]]}},{"type":"Feature","properties":{"pid":"022000560129"},"geometry":{"type":"Polygon","coordinates":[[[-84.513255,39.17452],[-84.513093,39.174574],[-84.512933,39.174284],[-84.513095,39.17423],[-84.513255,39.17452]]]}},{"type":"Feature","properties":{"pid":"022000610020"},"geometry":{"type":"Polygon","coordinates":[[[-84.51144,39.178385],[-84.51156,39.178248],[-84.512536,39.178702],[-84.513487,39.178976],[-84.513467,39.179143],[-84.512462,39.178858],[-84.51144,39.178385]]]}},{"type":"Feature","properties":{"pid":"022000560206"},"geometry":{"type":"Polygon","coordinates":[[[-84.506859,39.171409],[-84.508358,39.174104],[-84.510521,39.173394],[-84.510168,39.173851],[-84.510155,39.173786],[-84.510059,39.173742],[-84.509823,39.17375],[-84.508421,39.174216],[-84.509595,39.176318],[-84.509532,39.176339],[-84.506727,39.171325],[-84.507136,39.171049],[-84.507379,39.171062],[-84.506859,39.171409]]]}},{"type":"Feature","properties":{"pid":"022000560131"},"geometry":{"type":"Polygon","coordinates":[[[-84.513093,39.174574],[-84.512931,39.174629],[-84.512771,39.174339],[-84.512933,39.174284],[-84.513093,39.174574]]]}},{"type":"Feature","properties":{"pid":"022000560225"},"geometry":{"type":"Polygon","coordinates":[[[-84.509606,39.176346],[-84.510094,39.176181],[-84.510336,39.176617],[-84.509714,39.176827],[-84.509606,39.176346]]]}},{"type":"Feature","properties":{"pid":"022000610012"},"geometry":{"type":"Polygon","coordinates":[[[-84.514916,39.178818],[-84.514741,39.179264],[-84.514555,39.179221],[-84.5146,39.178805],[-84.514916,39.178818]]]}},{"type":"Feature","properties":{"pid":"022000590053"},"geometry":{"type":"Polygon","coordinates":[[[-84.51588,39.171077],[-84.515859,39.171383],[-84.515745,39.171379],[-84.515694,39.171207],[-84.515713,39.17107],[-84.51588,39.171077]]]}},{"type":"Feature","properties":{"pid":"021900530025"},"geometry":{"type":"Polygon","coordinates":[[[-84.517376,39.169509],[-84.516572,39.169461],[-84.516586,39.169324],[-84.51739,39.169372],[-84.517376,39.169509]]]}},{"type":"Feature","properties":{"pid":"022000570105"},"geometry":{"type":"Polygon","coordinates":[[[-84.515568,39.171822],[-84.515556,39.171775],[-84.516225,39.171541],[-84.516201,39.171769],[-84.515568,39.171822]]]}},{"type":"Feature","properties":{"pid":"022000610017"},"geometry":{"type":"Polygon","coordinates":[[[-84.515402,39.179467],[-84.515468,39.179042],[-84.515579,39.179089],[-84.515532,39.179525],[-84.515402,39.179467]]]}},{"type":"Feature","properties":{"pid":"022000560138"},"geometry":{"type":"Polygon","coordinates":[[[-84.512931,39.174629],[-84.512769,39.174683],[-84.512609,39.174393],[-84.512771,39.174339],[-84.512931,39.174629]]]}},{"type":"Feature","properties":{"pid":"022000560051"},"geometry":{"type":"Polygon","coordinates":[[[-84.512372,39.17323],[-84.512214,39.172952],[-84.512318,39.172916],[-84.512476,39.173195],[-84.512372,39.17323]]]}},{"type":"Feature","properties":{"pid":"022000580013"},"geometry":{"type":"Polygon","coordinates":[[[-84.510521,39.173394],[-84.50985,39.173615],[-84.509214,39.172416],[-84.509961,39.171789],[-84.51085,39.173057],[-84.510813,39.17315],[-84.51057,39.173232],[-84.510623,39.173306],[-84.510521,39.173394]]]}},{"type":"Feature","properties":{"pid":"022000560053"},"geometry":{"type":"Polygon","coordinates":[[[-84.511305,39.17326],[-84.511462,39.173537],[-84.511343,39.173577],[-84.511189,39.173299],[-84.511305,39.17326]]]}},{"type":"Feature","properties":{"pid":"022000590034"},"geometry":{"type":"Polygon","coordinates":[[[-84.515535,39.170942],[-84.515419,39.170982],[-84.515428,39.170669],[-84.515565,39.170625],[-84.515535,39.170942]]]}},{"type":"Feature","properties":{"pid":"022000580080"},"geometry":{"type":"Polygon","coordinates":[[[-84.510099,39.171708],[-84.511807,39.170489],[-84.511736,39.171351],[-84.511478,39.171436],[-84.511745,39.172035],[-84.511947,39.172216],[-84.511899,39.172257],[-84.511751,39.172139],[-84.511567,39.171801],[-84.511232,39.171946],[-84.511155,39.171841],[-84.510731,39.172028],[-84.510798,39.17212],[-84.510496,39.172259],[-84.510099,39.171708]]]}},{"type":"Feature","properties":{"pid":"022000580015"},"geometry":{"type":"Polygon","coordinates":[[[-84.510655,39.173351],[-84.510623,39.173306],[-84.510782,39.173175],[-84.510905,39.173134],[-84.510981,39.173244],[-84.510655,39.173351]]]}},{"type":"Feature","properties":{"pid":"022000580023"},"geometry":{"type":"Polygon","coordinates":[[[-84.514427,39.171753],[-84.514815,39.171622],[-84.514844,39.17172],[-84.514468,39.171849],[-84.514427,39.171753]]]}},{"type":"Feature","properties":{"pid":"022000610010"},"geometry":{"type":"Polygon","coordinates":[[[-84.514555,39.179221],[-84.514472,39.179202],[-84.513975,39.179087],[-84.514455,39.178798],[-84.5146,39.178805],[-84.514555,39.179221]]]}},{"type":"Feature","properties":{"pid":"022000560041"},"geometry":{"type":"Polygon","coordinates":[[[-84.512578,39.173161],[-84.51242,39.172882],[-84.512524,39.172847],[-84.51268,39.173126],[-84.512578,39.173161]]]}},{"type":"Feature","properties":{"pid":"022000580016"},"geometry":{"type":"Polygon","coordinates":[[[-84.513561,39.17138],[-84.514238,39.171062],[-84.5146,39.17094],[-84.51478,39.171505],[-84.514392,39.171636],[-84.514427,39.171753],[-84.513812,39.17196],[-84.513561,39.17138]]]}},{"type":"Feature","properties":{"pid":"021900540028"},"geometry":{"type":"Polygon","coordinates":[[[-84.516795,39.168522],[-84.516667,39.168515],[-84.516686,39.168249],[-84.516824,39.1682],[-84.516795,39.168522]]]}},{"type":"Feature","properties":{"pid":"022000560205"},"geometry":{"type":"Polygon","coordinates":[[[-84.510476,39.176869],[-84.509807,39.177095],[-84.509714,39.176827],[-84.510336,39.176617],[-84.510476,39.176869]]]}},{"type":"Feature","properties":{"pid":"022000560062"},"geometry":{"type":"Polygon","coordinates":[[[-84.511919,39.173383],[-84.511762,39.173105],[-84.511877,39.173066],[-84.512034,39.173344],[-84.511919,39.173383]]]}},{"type":"Feature","properties":{"pid":"022000590058"},"geometry":{"type":"Polygon","coordinates":[[[-84.515946,39.171223],[-84.515955,39.17108],[-84.516267,39.171094],[-84.516255,39.171237],[-84.515946,39.171223]]]}},{"type":"Feature","properties":{"pid":"022000610013"},"geometry":{"type":"Polygon","coordinates":[[[-84.514924,39.179307],[-84.514741,39.179264],[-84.514942,39.178819],[-84.515069,39.178873],[-84.514924,39.179307]]]}},{"type":"Feature","properties":{"pid":"022000580011"},"geometry":{"type":"Polygon","coordinates":[[[-84.510932,39.172872],[-84.510496,39.172259],[-84.510798,39.17212],[-84.510731,39.172028],[-84.511155,39.171841],[-84.511232,39.171946],[-84.511141,39.171986],[-84.511545,39.172558],[-84.511119,39.172913],[-84.511011,39.172922],[-84.510932,39.172872]]]}},{"type":"Feature","properties":{"pid":"022000560137"},"geometry":{"type":"Polygon","coordinates":[[[-84.512769,39.174683],[-84.512607,39.174737],[-84.512447,39.174447],[-84.512609,39.174393],[-84.512769,39.174683]]]}},{"type":"Feature","properties":{"pid":"022000610016"},"geometry":{"type":"Polygon","coordinates":[[[-84.515247,39.179407],[-84.515331,39.178984],[-84.515468,39.179042],[-84.515402,39.179467],[-84.515247,39.179407]]]}},{"type":"Feature","properties":{"pid":"022000570132"},"geometry":{"type":"Polygon","coordinates":[[[-84.512841,39.173415],[-84.512524,39.172847],[-84.512569,39.172831],[-84.512887,39.173399],[-84.512841,39.173415]]]}},{"type":"Feature","properties":{"pid":"022000590041"},"geometry":{"type":"Polygon","coordinates":[[[-84.515805,39.171612],[-84.516225,39.171541],[-84.515821,39.171682],[-84.515805,39.171612]]]}},{"type":"Feature","properties":{"pid":"022000590051"},"geometry":{"type":"Polygon","coordinates":[[[-84.515946,39.171223],[-84.516255,39.171237],[-84.516238,39.171399],[-84.515934,39.171387],[-84.515946,39.171223]]]}},{"type":"Feature","properties":{"pid":"022300040031"},"geometry":{"type":"Polygon","coordinates":[[[-84.513145,39.166914],[-84.513686,39.166507],[-84.513888,39.16764],[-84.513285,39.167704],[-84.513145,39.166914]],[[-84.513638,39.166734],[-84.513573,39.166783],[-84.513645,39.166775],[-84.513638,39.166734]]]}},{"type":"Feature","properties":{"pid":"022000570008"},"geometry":{"type":"Polygon","coordinates":[[[-84.516014,39.174069],[-84.516001,39.174198],[-84.515575,39.174238],[-84.515525,39.174147],[-84.516014,39.174069]]]}},{"type":"Feature","properties":{"pid":"022000570106"},"geometry":{"type":"Polygon","coordinates":[[[-84.515468,39.174248],[-84.51586,39.174211],[-84.516001,39.174198],[-84.515992,39.17428],[-84.515511,39.174325],[-84.515468,39.174248]]]}},{"type":"Feature","properties":{"pid":"022000570112"},"geometry":{"type":"Polygon","coordinates":[[[-84.515948,39.174703],[-84.515594,39.174805],[-84.515489,39.174616],[-84.515963,39.174561],[-84.515948,39.174703]]]}},{"type":"Feature","properties":{"pid":"022000570113"},"geometry":{"type":"Polygon","coordinates":[[[-84.515489,39.174616],[-84.515438,39.174523],[-84.515972,39.174471],[-84.515963,39.174561],[-84.515489,39.174616]]]}},{"type":"Feature","properties":{"pid":"022000570116"},"geometry":{"type":"Polygon","coordinates":[[[-84.515972,39.174471],[-84.515438,39.174523],[-84.515392,39.174441],[-84.515983,39.174371],[-84.515972,39.174471]]]}},{"type":"Feature","properties":{"pid":"022000560036"},"geometry":{"type":"Polygon","coordinates":[[[-84.514595,39.17407],[-84.514455,39.174117],[-84.514294,39.173827],[-84.514435,39.17378],[-84.514595,39.17407]]]}},{"type":"Feature","properties":{"pid":"022000570001"},"geometry":{"type":"Polygon","coordinates":[[[-84.515275,39.174896],[-84.515084,39.174952],[-84.514777,39.174398],[-84.514965,39.174335],[-84.515275,39.174896]]]}},{"type":"Feature","properties":{"pid":"022000570013"},"geometry":{"type":"Polygon","coordinates":[[[-84.514692,39.174038],[-84.514595,39.17407],[-84.514435,39.17378],[-84.514532,39.173748],[-84.514692,39.174038]]]}},{"type":"Feature","properties":{"pid":"022000560087"},"geometry":{"type":"Polygon","coordinates":[[[-84.514826,39.175087],[-84.51451,39.174517],[-84.514791,39.174423],[-84.515112,39.175003],[-84.514826,39.175087]]]}},{"type":"Feature","properties":{"pid":"022000560093"},"geometry":{"type":"Polygon","coordinates":[[[-84.514769,39.175677],[-84.514978,39.175329],[-84.515169,39.175399],[-84.514961,39.175746],[-84.514769,39.175677]]]}},{"type":"Feature","properties":{"pid":"022000560012"},"geometry":{"type":"Polygon","coordinates":[[[-84.515361,39.175184],[-84.515376,39.175047],[-84.515903,39.175082],[-84.515888,39.175218],[-84.515361,39.175184]]]}},{"type":"Feature","properties":{"pid":"022000560013"},"geometry":{"type":"Polygon","coordinates":[[[-84.514127,39.175444],[-84.514626,39.175202],[-84.514818,39.175271],[-84.51461,39.175619],[-84.514127,39.175444]]]}},{"type":"Feature","properties":{"pid":"022000560069"},"geometry":{"type":"Polygon","coordinates":[[[-84.515477,39.175745],[-84.515492,39.175609],[-84.515843,39.175631],[-84.515828,39.175767],[-84.515477,39.175745]]]}},{"type":"Feature","properties":{"pid":"022000560009"},"geometry":{"type":"Polygon","coordinates":[[[-84.515843,39.175629],[-84.515316,39.175594],[-84.515328,39.175485],[-84.515855,39.175519],[-84.515843,39.175629]]]}},{"type":"Feature","properties":{"pid":"022000560045"},"geometry":{"type":"Polygon","coordinates":[[[-84.515376,39.175047],[-84.515382,39.174985],[-84.51593,39.174828],[-84.515903,39.175082],[-84.515376,39.175047]]]}},{"type":"Feature","properties":{"pid":"022000560122"},"geometry":{"type":"Polygon","coordinates":[[[-84.514818,39.175271],[-84.514978,39.175329],[-84.514769,39.175677],[-84.51461,39.175619],[-84.514818,39.175271]]]}},{"type":"Feature","properties":{"pid":"022000560008"},"geometry":{"type":"Polygon","coordinates":[[[-84.515814,39.175903],[-84.515427,39.175877],[-84.515442,39.175743],[-84.515828,39.175767],[-84.515814,39.175903]]]}},{"type":"Feature","properties":{"pid":"022000560010"},"geometry":{"type":"Polygon","coordinates":[[[-84.515874,39.17535],[-84.515855,39.175519],[-84.515328,39.175485],[-84.515346,39.175315],[-84.515874,39.17535]]]}},{"type":"Feature","properties":{"pid":"022000560014"},"geometry":{"type":"Polygon","coordinates":[[[-84.515331,39.175458],[-84.514818,39.175271],[-84.514626,39.175202],[-84.514814,39.175148],[-84.515361,39.175184],[-84.515331,39.175458]]]}},{"type":"Feature","properties":{"pid":"022000560057"},"geometry":{"type":"Polygon","coordinates":[[[-84.515382,39.174985],[-84.515361,39.175184],[-84.514814,39.175148],[-84.515382,39.174985]]]}},{"type":"Feature","properties":{"pid":"022000560068"},"geometry":{"type":"Polygon","coordinates":[[[-84.51524,39.175847],[-84.51508,39.175789],[-84.515288,39.175442],[-84.515331,39.175458],[-84.515316,39.175594],[-84.51524,39.175847]]]}},{"type":"Feature","properties":{"pid":"022000560094"},"geometry":{"type":"Polygon","coordinates":[[[-84.51508,39.175789],[-84.514961,39.175746],[-84.515169,39.175399],[-84.515288,39.175442],[-84.51508,39.175789]]]}},{"type":"Feature","properties":{"pid":"022000560082"},"geometry":{"type":"Polygon","coordinates":[[[-84.515427,39.175877],[-84.51524,39.175847],[-84.515316,39.175594],[-84.515492,39.175606],[-84.515427,39.175877]]]}},{"type":"Feature","properties":{"pid":"022000560011"},"geometry":{"type":"Polygon","coordinates":[[[-84.515874,39.17535],[-84.515346,39.175315],[-84.515361,39.175184],[-84.515888,39.175218],[-84.515874,39.17535]]]}},{"type":"Feature","properties":{"pid":"022000560152"},"geometry":{"type":"Polygon","coordinates":[[[-84.512865,39.175549],[-84.512934,39.175674],[-84.512587,39.17579],[-84.512518,39.175664],[-84.512865,39.175549]]]}},{"type":"Feature","properties":{"pid":"022000570026"},"geometry":{"type":"Polygon","coordinates":[[[-84.515885,39.173674],[-84.515915,39.173385],[-84.515964,39.173389],[-84.516067,39.173464],[-84.516057,39.173653],[-84.515885,39.173674]]]}},{"type":"Feature","properties":{"pid":"022000560038"},"geometry":{"type":"Polygon","coordinates":[[[-84.512445,39.174792],[-84.512283,39.174846],[-84.512123,39.174556],[-84.512285,39.174502],[-84.512445,39.174792]]]}},{"type":"Feature","properties":{"pid":"022000560156"},"geometry":{"type":"Polygon","coordinates":[[[-84.513561,39.17542],[-84.513399,39.175474],[-84.513211,39.175133],[-84.513373,39.175078],[-84.513561,39.17542]]]}},{"type":"Feature","properties":{"pid":"022000560200"},"geometry":{"type":"Polygon","coordinates":[[[-84.51393,39.174678],[-84.513793,39.17477],[-84.51362,39.174457],[-84.513773,39.174394],[-84.51393,39.174678]]]}},{"type":"Feature","properties":{"pid":"022000560199"},"geometry":{"type":"Polygon","coordinates":[[[-84.514088,39.17457],[-84.513942,39.174671],[-84.513799,39.174361],[-84.513945,39.174312],[-84.514088,39.17457]]]}},{"type":"Feature","properties":{"pid":"022000570127"},"geometry":{"type":"Polygon","coordinates":[[[-84.515133,39.174189],[-84.515033,39.174222],[-84.514893,39.17397],[-84.51501,39.173931],[-84.515133,39.174189]]]}},{"type":"Feature","properties":{"pid":"022000570122"},"geometry":{"type":"Polygon","coordinates":[[[-84.515459,39.173758],[-84.515333,39.1738],[-84.515183,39.173529],[-84.515309,39.173487],[-84.515459,39.173758]]]}},{"type":"Feature","properties":{"pid":"022000570129"},"geometry":{"type":"Polygon","coordinates":[[[-84.515354,39.174115],[-84.515234,39.174155],[-84.515094,39.173903],[-84.515214,39.173863],[-84.515354,39.174115]]]}},{"type":"Feature","properties":{"pid":"022000570017"},"geometry":{"type":"Polygon","coordinates":[[[-84.515207,39.173865],[-84.515094,39.173903],[-84.514933,39.173613],[-84.515047,39.173575],[-84.515207,39.173865]]]}},{"type":"Feature","properties":{"pid":"022000570123"},"geometry":{"type":"Polygon","coordinates":[[[-84.515459,39.173758],[-84.515309,39.173487],[-84.515436,39.173444],[-84.515586,39.173715],[-84.515459,39.173758]]]}},{"type":"Feature","properties":{"pid":"022000560067"},"geometry":{"type":"Polygon","coordinates":[[[-84.514735,39.174322],[-84.514595,39.174369],[-84.514455,39.174117],[-84.514595,39.17407],[-84.514735,39.174322]]]}},{"type":"Feature","properties":{"pid":"022000560149"},"geometry":{"type":"Polygon","coordinates":[[[-84.512515,39.174918],[-84.512169,39.175034],[-84.512099,39.174908],[-84.512445,39.174792],[-84.512515,39.174918]]]}},{"type":"Feature","properties":{"pid":"022000560145"},"geometry":{"type":"Polygon","coordinates":[[[-84.511938,39.174618],[-84.512123,39.174556],[-84.512283,39.174846],[-84.512099,39.174908],[-84.511938,39.174618]]]}},{"type":"Feature","properties":{"pid":"022000560150"},"geometry":{"type":"Polygon","coordinates":[[[-84.513004,39.1758],[-84.512657,39.175916],[-84.512587,39.17579],[-84.512934,39.175674],[-84.513004,39.1758]]]}},{"type":"Feature","properties":{"pid":"022000570139"},"geometry":{"type":"Polygon","coordinates":[[[-84.515483,39.174071],[-84.515354,39.174115],[-84.515214,39.173863],[-84.515344,39.173819],[-84.515483,39.174071]]]}},{"type":"Feature","properties":{"pid":"022000560160"},"geometry":{"type":"Polygon","coordinates":[[[-84.512607,39.174737],[-84.512817,39.175116],[-84.512655,39.17517],[-84.512445,39.174792],[-84.512607,39.174737]]]}},{"type":"Feature","properties":{"pid":"022000570120"},"geometry":{"type":"Polygon","coordinates":[[[-84.515625,39.173787],[-84.515436,39.173444],[-84.515741,39.173407],[-84.515703,39.173777],[-84.515625,39.173787]]]}},{"type":"Feature","properties":{"pid":"022000560037"},"geometry":{"type":"Polygon","coordinates":[[[-84.514161,39.173887],[-84.514294,39.173827],[-84.514455,39.174117],[-84.514315,39.174164],[-84.514161,39.173887]]]}},{"type":"Feature","properties":{"pid":"022000560151"},"geometry":{"type":"Polygon","coordinates":[[[-84.512727,39.176042],[-84.512657,39.175916],[-84.513166,39.175746],[-84.513236,39.175872],[-84.512727,39.176042]]]}},{"type":"Feature","properties":{"pid":"022000570003"},"geometry":{"type":"Polygon","coordinates":[[[-84.515474,39.174839],[-84.515395,39.174862],[-84.515095,39.174321],[-84.515173,39.174295],[-84.515474,39.174839]]]}},{"type":"Feature","properties":{"pid":"022000560198"},"geometry":{"type":"Polygon","coordinates":[[[-84.513962,39.17428],[-84.514122,39.174226],[-84.514259,39.174473],[-84.514088,39.17457],[-84.513962,39.17428]]]}},{"type":"Feature","properties":{"pid":"022000570021"},"geometry":{"type":"Polygon","coordinates":[[[-84.516031,39.173899],[-84.515709,39.173939],[-84.515667,39.173863],[-84.51604,39.173817],[-84.516031,39.173899]]]}},{"type":"Feature","properties":{"pid":"022000560165"},"geometry":{"type":"Polygon","coordinates":[[[-84.513237,39.175528],[-84.513075,39.175582],[-84.512887,39.175242],[-84.513049,39.175187],[-84.513237,39.175528]]]}},{"type":"Feature","properties":{"pid":"022000570125"},"geometry":{"type":"Polygon","coordinates":[[[-84.515094,39.173903],[-84.514893,39.17397],[-84.514733,39.17368],[-84.514933,39.173613],[-84.515094,39.173903]]]}},{"type":"Feature","properties":{"pid":"022000570024"},"geometry":{"type":"Polygon","coordinates":[[[-84.516048,39.173735],[-84.51604,39.173817],[-84.515667,39.173863],[-84.515625,39.173787],[-84.516048,39.173735]]]}},{"type":"Feature","properties":{"pid":"022000560179"},"geometry":{"type":"Polygon","coordinates":[[[-84.514517,39.17453],[-84.514791,39.175024],[-84.514625,39.175072],[-84.514357,39.174588],[-84.514517,39.17453]]]}},{"type":"Feature","properties":{"pid":"022000560148"},"geometry":{"type":"Polygon","coordinates":[[[-84.512795,39.175423],[-84.512448,39.175538],[-84.512389,39.175428],[-84.512725,39.175296],[-84.512795,39.175423]]]}},{"type":"Feature","properties":{"pid":"022000560189"},"geometry":{"type":"Polygon","coordinates":[[[-84.514161,39.173887],[-84.514304,39.174145],[-84.514128,39.174204],[-84.513985,39.173946],[-84.514161,39.173887]]]}},{"type":"Feature","properties":{"pid":"022000570019"},"geometry":{"type":"Polygon","coordinates":[[[-84.515612,39.174033],[-84.515459,39.173758],[-84.515586,39.173715],[-84.515752,39.174016],[-84.515612,39.174033]]]}},{"type":"Feature","properties":{"pid":"022000560177"},"geometry":{"type":"Polygon","coordinates":[[[-84.514047,39.174781],[-84.51421,39.17467],[-84.51446,39.17512],[-84.514286,39.175212],[-84.514047,39.174781]]]}},{"type":"Feature","properties":{"pid":"022000570011"},"geometry":{"type":"Polygon","coordinates":[[[-84.514884,39.174272],[-84.514832,39.17429],[-84.514692,39.174038],[-84.514744,39.17402],[-84.514884,39.174272]]]}},{"type":"Feature","properties":{"pid":"022000570020"},"geometry":{"type":"Polygon","coordinates":[[[-84.515752,39.174016],[-84.515709,39.173939],[-84.516031,39.173899],[-84.516023,39.173982],[-84.515752,39.174016]]]}},{"type":"Feature","properties":{"pid":"022000560161"},"geometry":{"type":"Polygon","coordinates":[[[-84.512817,39.175116],[-84.512607,39.174737],[-84.512769,39.174683],[-84.512979,39.175061],[-84.512817,39.175116]]]}},{"type":"Feature","properties":{"pid":"022000570124"},"geometry":{"type":"Polygon","coordinates":[[[-84.51559,39.174035],[-84.515483,39.174071],[-84.515333,39.1738],[-84.515459,39.173758],[-84.51559,39.174035]]]}},{"type":"Feature","properties":{"pid":"022000560174"},"geometry":{"type":"Polygon","coordinates":[[[-84.513096,39.17562],[-84.513166,39.175746],[-84.513004,39.1758],[-84.512934,39.175674],[-84.513096,39.17562]]]}},{"type":"Feature","properties":{"pid":"022000570015"},"geometry":{"type":"Polygon","coordinates":[[[-84.514893,39.17397],[-84.514793,39.174004],[-84.514632,39.173714],[-84.514733,39.17368],[-84.514893,39.17397]]]}},{"type":"Feature","properties":{"pid":"022000560178"},"geometry":{"type":"Polygon","coordinates":[[[-84.514625,39.175072],[-84.51446,39.17512],[-84.51421,39.17467],[-84.514357,39.174588],[-84.514625,39.175072]]]}},{"type":"Feature","properties":{"pid":"022000570007"},"geometry":{"type":"Polygon","coordinates":[[[-84.515511,39.174325],[-84.515903,39.174288],[-84.515951,39.174375],[-84.515564,39.17442],[-84.515511,39.174325]]]}},{"type":"Feature","properties":{"pid":"022000560140"},"geometry":{"type":"Polygon","coordinates":[[[-84.512341,39.175275],[-84.512238,39.17516],[-84.512585,39.175044],[-84.512655,39.17517],[-84.512341,39.175275]]]}},{"type":"Feature","properties":{"pid":"022000570023"},"geometry":{"type":"Polygon","coordinates":[[[-84.515703,39.173777],[-84.515711,39.173695],[-84.516057,39.173653],[-84.516048,39.173735],[-84.515703,39.173777]]]}},{"type":"Feature","properties":{"pid":"022000570025"},"geometry":{"type":"Polygon","coordinates":[[[-84.515711,39.173695],[-84.515741,39.173407],[-84.515915,39.173385],[-84.515885,39.173674],[-84.515711,39.173695]]]}},{"type":"Feature","properties":{"pid":"022000560168"},"geometry":{"type":"Polygon","coordinates":[[[-84.513724,39.175365],[-84.513561,39.17542],[-84.513373,39.175078],[-84.513535,39.175024],[-84.513724,39.175365]]]}},{"type":"Feature","properties":{"pid":"022000560201"},"geometry":{"type":"Polygon","coordinates":[[[-84.51379,39.174772],[-84.513632,39.174842],[-84.51345,39.174514],[-84.513616,39.174459],[-84.51379,39.174772]]]}},{"type":"Feature","properties":{"pid":"022000560207"},"geometry":{"type":"Polygon","coordinates":[[[-84.513075,39.175582],[-84.51389,39.175308],[-84.513949,39.175415],[-84.513796,39.175499],[-84.512945,39.176436],[-84.512727,39.176042],[-84.513236,39.175872],[-84.513075,39.175582]]]}},{"type":"Feature","properties":{"pid":"022000560166"},"geometry":{"type":"Polygon","coordinates":[[[-84.513399,39.175474],[-84.513237,39.175528],[-84.513049,39.175187],[-84.513211,39.175133],[-84.513399,39.175474]]]}},{"type":"Feature","properties":{"pid":"022000570012"},"geometry":{"type":"Polygon","coordinates":[[[-84.514932,39.174256],[-84.514777,39.174009],[-84.514893,39.17397],[-84.515033,39.174222],[-84.514932,39.174256]]]}},{"type":"Feature","properties":{"pid":"022000570004"},"geometry":{"type":"Polygon","coordinates":[[[-84.515276,39.174231],[-84.51543,39.174179],[-84.515564,39.17442],[-84.515392,39.174441],[-84.515276,39.174231]]]}},{"type":"Feature","properties":{"pid":"022000560158"},"geometry":{"type":"Polygon","coordinates":[[[-84.513096,39.17562],[-84.512934,39.175674],[-84.512725,39.175296],[-84.512887,39.175242],[-84.513096,39.17562]]]}},{"type":"Feature","properties":{"pid":"022000560163"},"geometry":{"type":"Polygon","coordinates":[[[-84.513303,39.174952],[-84.513093,39.174574],[-84.513255,39.17452],[-84.513465,39.174898],[-84.513303,39.174952]]]}},{"type":"Feature","properties":{"pid":"022000570014"},"geometry":{"type":"Polygon","coordinates":[[[-84.514777,39.174009],[-84.514692,39.174038],[-84.514532,39.173748],[-84.514632,39.173714],[-84.514777,39.174009]]]}},{"type":"Feature","properties":{"pid":"022000570006"},"geometry":{"type":"Polygon","coordinates":[[[-84.515173,39.174295],[-84.51529,39.174256],[-84.515594,39.174805],[-84.515474,39.174839],[-84.515173,39.174295]]]}},{"type":"Feature","properties":{"pid":"022000560176"},"geometry":{"type":"Polygon","coordinates":[[[-84.514286,39.175212],[-84.514114,39.175307],[-84.513882,39.174889],[-84.514047,39.174781],[-84.514286,39.175212]]]}},{"type":"Feature","properties":{"pid":"022000560159"},"geometry":{"type":"Polygon","coordinates":[[[-84.512979,39.175061],[-84.512769,39.174683],[-84.512931,39.174629],[-84.513141,39.175007],[-84.512979,39.175061]]]}},{"type":"Feature","properties":{"pid":"022000560162"},"geometry":{"type":"Polygon","coordinates":[[[-84.51389,39.175308],[-84.513724,39.175365],[-84.513535,39.175024],[-84.513701,39.174968],[-84.51389,39.175308]]]}},{"type":"Feature","properties":{"pid":"022000560130"},"geometry":{"type":"Polygon","coordinates":[[[-84.512607,39.174737],[-84.512445,39.174792],[-84.512285,39.174502],[-84.512447,39.174447],[-84.512607,39.174737]]]}},{"type":"Feature","properties":{"pid":"022000570018"},"geometry":{"type":"Polygon","coordinates":[[[-84.515047,39.173575],[-84.515183,39.173529],[-84.515344,39.173819],[-84.515207,39.173865],[-84.515047,39.173575]]]}},{"type":"Feature","properties":{"pid":"022000560144"},"geometry":{"type":"Polygon","coordinates":[[[-84.512585,39.175044],[-84.512238,39.17516],[-84.512169,39.175034],[-84.512515,39.174918],[-84.512585,39.175044]]]}},{"type":"Feature","properties":{"pid":"022000560167"},"geometry":{"type":"Polygon","coordinates":[[[-84.513141,39.175007],[-84.512931,39.174629],[-84.513093,39.174574],[-84.513303,39.174952],[-84.513141,39.175007]]]}},{"type":"Feature","properties":{"pid":"022000570114"},"geometry":{"type":"Polygon","coordinates":[[[-84.514735,39.174322],[-84.514595,39.17407],[-84.514692,39.174038],[-84.514832,39.17429],[-84.514735,39.174322]]]}},{"type":"Feature","properties":{"pid":"022000570005"},"geometry":{"type":"Polygon","coordinates":[[[-84.51543,39.174179],[-84.515525,39.174147],[-84.515575,39.174238],[-84.515468,39.174248],[-84.51543,39.174179]]]}},{"type":"Feature","properties":{"pid":"021900500020"},"geometry":{"type":"Polygon","coordinates":[[[-84.520303,39.17686],[-84.520274,39.176722],[-84.520498,39.176462],[-84.520625,39.176533],[-84.520303,39.17686]]]}},{"type":"Feature","properties":{"pid":"021900500026"},"geometry":{"type":"Polygon","coordinates":[[[-84.520583,39.177005],[-84.519756,39.176979],[-84.519762,39.176838],[-84.520303,39.17686],[-84.520583,39.177005]]]}},{"type":"Feature","properties":{"pid":"021900500037"},"geometry":{"type":"Polygon","coordinates":[[[-84.520765,39.176611],[-84.520879,39.176669],[-84.520583,39.177005],[-84.520469,39.176946],[-84.520765,39.176611]]]}},{"type":"Feature","properties":{"pid":"021900500038"},"geometry":{"type":"Polygon","coordinates":[[[-84.520623,39.176534],[-84.520755,39.176602],[-84.520454,39.176939],[-84.520325,39.176872],[-84.520623,39.176534]]]}},{"type":"Feature","properties":{"pid":"021900500053"},"geometry":{"type":"Polygon","coordinates":[[[-84.519739,39.17761],[-84.519739,39.177404],[-84.520397,39.177436],[-84.52038,39.177641],[-84.519739,39.17761]]]}},{"type":"Feature","properties":{"pid":"022300010065"},"geometry":{"type":"Polygon","coordinates":[[[-84.527577,39.185944],[-84.527972,39.185959],[-84.528023,39.186099],[-84.527628,39.186083],[-84.527577,39.185944]]]}},{"type":"Feature","properties":{"pid":"023800010027"},"geometry":{"type":"Polygon","coordinates":[[[-84.521837,39.184706],[-84.521412,39.184018],[-84.521646,39.184075],[-84.522144,39.184107],[-84.522694,39.184908],[-84.522656,39.185315],[-84.521837,39.184706]]]}},{"type":"Feature","properties":{"pid":"021900500060"},"geometry":{"type":"Polygon","coordinates":[[[-84.522033,39.179511],[-84.521449,39.179207],[-84.522519,39.177981],[-84.522708,39.178082],[-84.522959,39.177796],[-84.523209,39.177935],[-84.523019,39.178172],[-84.523162,39.178246],[-84.522033,39.179511]]]}},{"type":"Feature","properties":{"pid":"021900500079"},"geometry":{"type":"Polygon","coordinates":[[[-84.521391,39.179176],[-84.52081,39.178874],[-84.521705,39.177839],[-84.522286,39.178149],[-84.521391,39.179176]]]}},{"type":"Feature","properties":{"pid":"021900500083"},"geometry":{"type":"Polygon","coordinates":[[[-84.520418,39.177171],[-84.520521,39.177074],[-84.520987,39.177319],[-84.520468,39.177902],[-84.520364,39.177847],[-84.520418,39.177171]]]}},{"type":"Feature","properties":{"pid":"023800010082"},"geometry":{"type":"Polygon","coordinates":[[[-84.521035,39.182001],[-84.520568,39.181282],[-84.520245,39.180647],[-84.520435,39.180653],[-84.520538,39.180789],[-84.523036,39.181447],[-84.522964,39.182134],[-84.521035,39.182001]]]}},{"type":"Feature","properties":{"pid":"021900500096"},"geometry":{"type":"Polygon","coordinates":[[[-84.525189,39.179005],[-84.525015,39.179339],[-84.524866,39.179287],[-84.524811,39.179382],[-84.524342,39.179217],[-84.523455,39.180743],[-84.523088,39.180726],[-84.522727,39.179872],[-84.52403,39.178385],[-84.525189,39.179005]]]}},{"type":"Feature","properties":{"pid":"021900500003"},"geometry":{"type":"Polygon","coordinates":[[[-84.523036,39.181447],[-84.520538,39.180789],[-84.520027,39.18011],[-84.519839,39.179359],[-84.519759,39.178324],[-84.522727,39.179872],[-84.523088,39.180726],[-84.523036,39.181447]]]}},{"type":"Feature","properties":{"pid":"023700060004"},"geometry":{"type":"Polygon","coordinates":[[[-84.528385,39.188619],[-84.527607,39.188638],[-84.526734,39.188346],[-84.526231,39.187782],[-84.526163,39.187583],[-84.527206,39.186972],[-84.527735,39.187606],[-84.527819,39.187605],[-84.527918,39.187674],[-84.528369,39.187689],[-84.52863,39.187615],[-84.528851,39.188134],[-84.52886,39.188382],[-84.528384,39.188394],[-84.528385,39.188619]]]}},{"type":"Feature","properties":{"pid":"023800010093"},"geometry":{"type":"Polygon","coordinates":[[[-84.519441,39.185834],[-84.518794,39.185727],[-84.518796,39.1857],[-84.5194,39.185799],[-84.52016,39.186017],[-84.520438,39.185501],[-84.520934,39.185009],[-84.522268,39.186167],[-84.522565,39.1863],[-84.522549,39.186467],[-84.522324,39.186628],[-84.520231,39.186538],[-84.519441,39.185834]]]}},{"type":"Feature","properties":{"pid":"023700060005"},"geometry":{"type":"Polygon","coordinates":[[[-84.528329,39.186881],[-84.528385,39.187018],[-84.527206,39.186972],[-84.527075,39.186838],[-84.528329,39.186881]]]}},{"type":"Feature","properties":{"pid":"023800010088"},"geometry":{"type":"Polygon","coordinates":[[[-84.515088,39.186268],[-84.516833,39.18634],[-84.517835,39.186109],[-84.517993,39.186441],[-84.515085,39.186295],[-84.515088,39.186268]]]}},{"type":"Feature","properties":{"pid":"023900030030"},"geometry":{"type":"Polygon","coordinates":[[[-84.493689,39.193327],[-84.493678,39.193156],[-84.493967,39.192854],[-84.494153,39.192446],[-84.494137,39.19205],[-84.494042,39.191826],[-84.493841,39.191607],[-84.494097,39.191388],[-84.494577,39.192474],[-84.493689,39.193327]]]}},{"type":"Feature","properties":{"pid":"023900030036"},"geometry":{"type":"Polygon","coordinates":[[[-84.491427,39.194995],[-84.49029,39.195281],[-84.490144,39.194958],[-84.490153,39.194444],[-84.490377,39.193962],[-84.490974,39.193331],[-84.491511,39.192925],[-84.492056,39.192653],[-84.493344,39.193659],[-84.493056,39.193935],[-84.493101,39.194313],[-84.491427,39.194995]]]}},{"type":"Feature","properties":{"pid":"023800010092"},"geometry":{"type":"Polygon","coordinates":[[[-84.518794,39.185727],[-84.519441,39.185834],[-84.520231,39.186538],[-84.518715,39.186473],[-84.518794,39.185727]]]}},{"type":"Feature","properties":{"pid":"023700060002"},"geometry":{"type":"Polygon","coordinates":[[[-84.528553,39.187426],[-84.527735,39.187606],[-84.527206,39.186972],[-84.528385,39.187018],[-84.528553,39.187426]]]}},{"type":"Feature","properties":{"pid":"023700060009"},"geometry":{"type":"Polygon","coordinates":[[[-84.52886,39.188382],[-84.528869,39.188607],[-84.528385,39.188619],[-84.528384,39.188394],[-84.52886,39.188382]]]}},{"type":"Feature","properties":{"pid":"021900520019"},"geometry":{"type":"Polygon","coordinates":[[[-84.516218,39.17323],[-84.51625,39.172887],[-84.51649,39.172899],[-84.516458,39.173242],[-84.516218,39.17323]]]}},{"type":"Feature","properties":{"pid":"021900520020"},"geometry":{"type":"Polygon","coordinates":[[[-84.516458,39.173242],[-84.51649,39.172899],[-84.51659,39.172904],[-84.516558,39.173247],[-84.516458,39.173242]]]}},{"type":"Feature","properties":{"pid":"021900520021"},"geometry":{"type":"Polygon","coordinates":[[[-84.516688,39.172909],[-84.516657,39.173252],[-84.516558,39.173247],[-84.51659,39.172904],[-84.516688,39.172909]]]}},{"type":"Feature","properties":{"pid":"021900520022"},"geometry":{"type":"Polygon","coordinates":[[[-84.516657,39.173252],[-84.516688,39.172909],[-84.516787,39.172914],[-84.516756,39.173257],[-84.516657,39.173252]]]}},{"type":"Feature","properties":{"pid":"021900520023"},"geometry":{"type":"Polygon","coordinates":[[[-84.516756,39.173257],[-84.516787,39.172914],[-84.516875,39.172918],[-84.516844,39.173261],[-84.516756,39.173257]]]}},{"type":"Feature","properties":{"pid":"021900520026"},"geometry":{"type":"Polygon","coordinates":[[[-84.51659,39.172904],[-84.51625,39.172887],[-84.516264,39.172742],[-84.516603,39.172759],[-84.51659,39.172904]]]}},{"type":"Feature","properties":{"pid":"021900520027"},"geometry":{"type":"Polygon","coordinates":[[[-84.516603,39.172759],[-84.516264,39.172742],[-84.516271,39.172667],[-84.51661,39.172684],[-84.516603,39.172759]]]}},{"type":"Feature","properties":{"pid":"021900520029"},"geometry":{"type":"Polygon","coordinates":[[[-84.516394,39.172601],[-84.516278,39.172595],[-84.516303,39.172321],[-84.51642,39.172328],[-84.516394,39.172601]]]}},{"type":"Feature","properties":{"pid":"021900520031"},"geometry":{"type":"Polygon","coordinates":[[[-84.516537,39.172334],[-84.516642,39.17234],[-84.516617,39.172612],[-84.516511,39.172606],[-84.516537,39.172334]]]}},{"type":"Feature","properties":{"pid":"021900520032"},"geometry":{"type":"Polygon","coordinates":[[[-84.516705,39.172797],[-84.5166,39.172791],[-84.516642,39.17234],[-84.516748,39.172346],[-84.516705,39.172797]]]}},{"type":"Feature","properties":{"pid":"021900520033"},"geometry":{"type":"Polygon","coordinates":[[[-84.516815,39.172802],[-84.516705,39.172797],[-84.516748,39.172346],[-84.516857,39.172352],[-84.516815,39.172802]]]}},{"type":"Feature","properties":{"pid":"021900520034"},"geometry":{"type":"Polygon","coordinates":[[[-84.517016,39.17236],[-84.516975,39.17281],[-84.516815,39.172802],[-84.516857,39.172352],[-84.517016,39.17236]]]}},{"type":"Feature","properties":{"pid":"021900520035"},"geometry":{"type":"Polygon","coordinates":[[[-84.516691,39.172205],[-84.516316,39.172185],[-84.516324,39.172116],[-84.516697,39.172137],[-84.516691,39.172205]]]}},{"type":"Feature","properties":{"pid":"021900520036"},"geometry":{"type":"Polygon","coordinates":[[[-84.516697,39.17213],[-84.516325,39.172109],[-84.516334,39.172035],[-84.516704,39.172056],[-84.516697,39.17213]]]}},{"type":"Feature","properties":{"pid":"021900520037"},"geometry":{"type":"Polygon","coordinates":[[[-84.516342,39.171962],[-84.516712,39.171982],[-84.516704,39.172056],[-84.516334,39.172035],[-84.516342,39.171962]]]}},{"type":"Feature","properties":{"pid":"021900520038"},"geometry":{"type":"Polygon","coordinates":[[[-84.516712,39.171982],[-84.516342,39.171962],[-84.516351,39.171888],[-84.516718,39.171908],[-84.516712,39.171982]]]}},{"type":"Feature","properties":{"pid":"021900520040"},"geometry":{"type":"Polygon","coordinates":[[[-84.516691,39.172205],[-84.516731,39.171754],[-84.516837,39.171761],[-84.516797,39.172211],[-84.516691,39.172205]]]}},{"type":"Feature","properties":{"pid":"021900520042"},"geometry":{"type":"Polygon","coordinates":[[[-84.517029,39.172224],[-84.516902,39.172217],[-84.516943,39.171767],[-84.51707,39.171775],[-84.517029,39.172224]]]}},{"type":"Feature","properties":{"pid":"021900520044"},"geometry":{"type":"Polygon","coordinates":[[[-84.517254,39.172236],[-84.517191,39.172233],[-84.517232,39.171787],[-84.517295,39.171789],[-84.517254,39.172236]]]}},{"type":"Feature","properties":{"pid":"021900520046"},"geometry":{"type":"Polygon","coordinates":[[[-84.517599,39.172845],[-84.517558,39.173297],[-84.517433,39.17329],[-84.517474,39.172839],[-84.517599,39.172845]]]}},{"type":"Feature","properties":{"pid":"021900520047"},"geometry":{"type":"Polygon","coordinates":[[[-84.517558,39.173297],[-84.517599,39.172845],[-84.517723,39.172851],[-84.517683,39.173303],[-84.517558,39.173297]]]}},{"type":"Feature","properties":{"pid":"021900520048"},"geometry":{"type":"Polygon","coordinates":[[[-84.517683,39.173303],[-84.517723,39.172851],[-84.51783,39.172856],[-84.517789,39.173308],[-84.517683,39.173303]]]}},{"type":"Feature","properties":{"pid":"021900520049"},"geometry":{"type":"Polygon","coordinates":[[[-84.517789,39.173308],[-84.51783,39.172856],[-84.517919,39.172862],[-84.517878,39.173312],[-84.517789,39.173308]]]}},{"type":"Feature","properties":{"pid":"021900520050"},"geometry":{"type":"Polygon","coordinates":[[[-84.517919,39.172862],[-84.518094,39.172872],[-84.518058,39.173321],[-84.517878,39.173312],[-84.517919,39.172862]]]}},{"type":"Feature","properties":{"pid":"021900520051"},"geometry":{"type":"Polygon","coordinates":[[[-84.518289,39.173333],[-84.518329,39.172881],[-84.518473,39.172888],[-84.518434,39.17334],[-84.518289,39.173333]]]}},{"type":"Feature","properties":{"pid":"021900520052"},"geometry":{"type":"Polygon","coordinates":[[[-84.518434,39.17334],[-84.518473,39.172892],[-84.51858,39.172898],[-84.51854,39.173345],[-84.518434,39.17334]]]}},{"type":"Feature","properties":{"pid":"021900520053"},"geometry":{"type":"Polygon","coordinates":[[[-84.518646,39.173351],[-84.51854,39.173345],[-84.51858,39.172898],[-84.518686,39.172904],[-84.518646,39.173351]]]}},{"type":"Feature","properties":{"pid":"021900520054"},"geometry":{"type":"Polygon","coordinates":[[[-84.518646,39.173351],[-84.518686,39.172904],[-84.518847,39.172912],[-84.518809,39.173359],[-84.518646,39.173351]]]}},{"type":"Feature","properties":{"pid":"021900520055"},"geometry":{"type":"Polygon","coordinates":[[[-84.518809,39.173359],[-84.518847,39.172912],[-84.51899,39.17292],[-84.518951,39.173366],[-84.518809,39.173359]]]}},{"type":"Feature","properties":{"pid":"021900520056"},"geometry":{"type":"Polygon","coordinates":[[[-84.519054,39.173371],[-84.519091,39.172925],[-84.519223,39.172932],[-84.51919,39.173378],[-84.519054,39.173371]]]}},{"type":"Feature","properties":{"pid":"021900520057"},"geometry":{"type":"Polygon","coordinates":[[[-84.519283,39.173382],[-84.51919,39.173378],[-84.519211,39.173097],[-84.519323,39.173103],[-84.519283,39.173382]]]}},{"type":"Feature","properties":{"pid":"021900520058"},"geometry":{"type":"Polygon","coordinates":[[[-84.519442,39.17339],[-84.519464,39.17311],[-84.519589,39.173116],[-84.519566,39.173382],[-84.519442,39.17339]]]}},{"type":"Feature","properties":{"pid":"021900520059"},"geometry":{"type":"Polygon","coordinates":[[[-84.519211,39.173097],[-84.519219,39.172993],[-84.519597,39.173012],[-84.519589,39.173116],[-84.519211,39.173097]]]}},{"type":"Feature","properties":{"pid":"021900520062"},"geometry":{"type":"Polygon","coordinates":[[[-84.519237,39.172806],[-84.519245,39.172696],[-84.519622,39.172714],[-84.519613,39.172825],[-84.519237,39.172806]]]}},{"type":"Feature","properties":{"pid":"021900520063"},"geometry":{"type":"Polygon","coordinates":[[[-84.519245,39.172696],[-84.519253,39.172586],[-84.519632,39.172604],[-84.519622,39.172714],[-84.519245,39.172696]]]}},{"type":"Feature","properties":{"pid":"021900520064"},"geometry":{"type":"Polygon","coordinates":[[[-84.519253,39.172586],[-84.51926,39.172483],[-84.51964,39.172504],[-84.519632,39.172604],[-84.519253,39.172586]]]}},{"type":"Feature","properties":{"pid":"021900520065"},"geometry":{"type":"Polygon","coordinates":[[[-84.517477,39.172806],[-84.517352,39.1728],[-84.51739,39.172381],[-84.517515,39.172388],[-84.517477,39.172806]]]}},{"type":"Feature","properties":{"pid":"021900520066"},"geometry":{"type":"Polygon","coordinates":[[[-84.517474,39.172839],[-84.517515,39.172388],[-84.517639,39.172394],[-84.517599,39.172845],[-84.517474,39.172839]]]}},{"type":"Feature","properties":{"pid":"021900520067"},"geometry":{"type":"Polygon","coordinates":[[[-84.517723,39.172851],[-84.517599,39.172845],[-84.517639,39.172394],[-84.517764,39.172401],[-84.517723,39.172851]]]}},{"type":"Feature","properties":{"pid":"021900520068"},"geometry":{"type":"Polygon","coordinates":[[[-84.517844,39.172857],[-84.517723,39.172851],[-84.517764,39.172401],[-84.517898,39.172409],[-84.517844,39.172857]]]}},{"type":"Feature","properties":{"pid":"021900520069"},"geometry":{"type":"Polygon","coordinates":[[[-84.518023,39.172416],[-84.517969,39.172865],[-84.517844,39.172857],[-84.517898,39.172409],[-84.518023,39.172416]]]}},{"type":"Feature","properties":{"pid":"021900520070"},"geometry":{"type":"Polygon","coordinates":[[[-84.518367,39.172882],[-84.518261,39.172877],[-84.5183,39.172431],[-84.518406,39.172437],[-84.518367,39.172882]]]}},{"type":"Feature","properties":{"pid":"021900520071"},"geometry":{"type":"Polygon","coordinates":[[[-84.518473,39.172888],[-84.518367,39.172882],[-84.518406,39.172437],[-84.518511,39.172442],[-84.518473,39.172888]]]}},{"type":"Feature","properties":{"pid":"021900520072"},"geometry":{"type":"Polygon","coordinates":[[[-84.518649,39.172902],[-84.518473,39.172892],[-84.518511,39.172442],[-84.518688,39.172452],[-84.518649,39.172902]]]}},{"type":"Feature","properties":{"pid":"021900520073"},"geometry":{"type":"Polygon","coordinates":[[[-84.518649,39.172902],[-84.518688,39.172452],[-84.518787,39.172457],[-84.518748,39.172907],[-84.518649,39.172902]]]}},{"type":"Feature","properties":{"pid":"021900520074"},"geometry":{"type":"Polygon","coordinates":[[[-84.518748,39.172907],[-84.518787,39.172457],[-84.518886,39.172463],[-84.518847,39.172912],[-84.518748,39.172907]]]}},{"type":"Feature","properties":{"pid":"021900520075"},"geometry":{"type":"Polygon","coordinates":[[[-84.518847,39.172912],[-84.518886,39.172463],[-84.518993,39.172469],[-84.518955,39.172918],[-84.518847,39.172912]]]}},{"type":"Feature","properties":{"pid":"021900520076"},"geometry":{"type":"Polygon","coordinates":[[[-84.519129,39.172476],[-84.519091,39.172925],[-84.518955,39.172918],[-84.518993,39.172469],[-84.519129,39.172476]]]}},{"type":"Feature","properties":{"pid":"021900520077"},"geometry":{"type":"Polygon","coordinates":[[[-84.519091,39.172925],[-84.519129,39.172476],[-84.51926,39.172483],[-84.519223,39.172932],[-84.519091,39.172925]]]}},{"type":"Feature","properties":{"pid":"021900520089"},"geometry":{"type":"Polygon","coordinates":[[[-84.519614,39.171986],[-84.519297,39.171968],[-84.519303,39.171899],[-84.519602,39.171915],[-84.519614,39.171986]]]}},{"type":"Feature","properties":{"pid":"021900520090"},"geometry":{"type":"Polygon","coordinates":[[[-84.519662,39.172247],[-84.519277,39.172226],[-84.519286,39.172106],[-84.51964,39.172125],[-84.519662,39.172247]]]}},{"type":"Feature","properties":{"pid":"021900520091"},"geometry":{"type":"Polygon","coordinates":[[[-84.517403,39.172244],[-84.517254,39.172236],[-84.517295,39.171789],[-84.517443,39.171797],[-84.517403,39.172244]]]}},{"type":"Feature","properties":{"pid":"021900520092"},"geometry":{"type":"Polygon","coordinates":[[[-84.51708,39.172818],[-84.517122,39.172366],[-84.517228,39.172372],[-84.517186,39.172824],[-84.51708,39.172818]]]}},{"type":"Feature","properties":{"pid":"021900520093"},"geometry":{"type":"Polygon","coordinates":[[[-84.518261,39.172877],[-84.518094,39.172872],[-84.518149,39.172422],[-84.5183,39.172431],[-84.518261,39.172877]]]}},{"type":"Feature","properties":{"pid":"021900520094"},"geometry":{"type":"Polygon","coordinates":[[[-84.51964,39.172125],[-84.519286,39.172106],[-84.519297,39.171968],[-84.519614,39.171986],[-84.51964,39.172125]]]}},{"type":"Feature","properties":{"pid":"021900520096"},"geometry":{"type":"Polygon","coordinates":[[[-84.517186,39.172824],[-84.517228,39.172372],[-84.51739,39.172381],[-84.517349,39.172833],[-84.517186,39.172824]]]}},{"type":"Feature","properties":{"pid":"021900520099"},"geometry":{"type":"Polygon","coordinates":[[[-84.516954,39.173266],[-84.516995,39.172814],[-84.517349,39.172833],[-84.517307,39.173284],[-84.516954,39.173266]]]}},{"type":"Feature","properties":{"pid":"021900520100"},"geometry":{"type":"Polygon","coordinates":[[[-84.5193,39.173383],[-84.519323,39.173103],[-84.519464,39.17311],[-84.519442,39.17339],[-84.5193,39.173383]]]}},{"type":"Feature","properties":{"pid":"021900520102"},"geometry":{"type":"Polygon","coordinates":[[[-84.519088,39.172925],[-84.519054,39.173371],[-84.518951,39.173366],[-84.51899,39.17292],[-84.519088,39.172925]]]}},{"type":"Feature","properties":{"pid":"021900520123"},"geometry":{"type":"Polygon","coordinates":[[[-84.518256,39.172291],[-84.51815,39.172285],[-84.518189,39.171839],[-84.518295,39.171844],[-84.518256,39.172291]]]}},{"type":"Feature","properties":{"pid":"021900520126"},"geometry":{"type":"Polygon","coordinates":[[[-84.519587,39.172363],[-84.519267,39.172346],[-84.519277,39.172226],[-84.519662,39.172247],[-84.519656,39.172316],[-84.519587,39.172363]]]}},{"type":"Feature","properties":{"pid":"021900520129"},"geometry":{"type":"Polygon","coordinates":[[[-84.517307,39.173284],[-84.517349,39.172833],[-84.517474,39.172839],[-84.517433,39.17329],[-84.517307,39.173284]]]}},{"type":"Feature","properties":{"pid":"021900520138"},"geometry":{"type":"Polygon","coordinates":[[[-84.518058,39.173321],[-84.518094,39.172872],[-84.518205,39.172875],[-84.518165,39.173327],[-84.518058,39.173321]]]}},{"type":"Feature","properties":{"pid":"021900520153"},"geometry":{"type":"Polygon","coordinates":[[[-84.516718,39.171908],[-84.516351,39.171888],[-84.516369,39.171731],[-84.516731,39.171754],[-84.516718,39.171908]]]}},{"type":"Feature","properties":{"pid":"021900520155"},"geometry":{"type":"Polygon","coordinates":[[[-84.516617,39.172612],[-84.51661,39.172684],[-84.516271,39.172667],[-84.516278,39.172595],[-84.516617,39.172612]]]}},{"type":"Feature","properties":{"pid":"021900520157"},"geometry":{"type":"Polygon","coordinates":[[[-84.518165,39.173327],[-84.518205,39.172875],[-84.518329,39.172881],[-84.518289,39.173333],[-84.518165,39.173327]]]}},{"type":"Feature","properties":{"pid":"021900520182"},"geometry":{"type":"Polygon","coordinates":[[[-84.517969,39.172865],[-84.518023,39.172416],[-84.518149,39.172422],[-84.518094,39.172872],[-84.517969,39.172865]]]}},{"type":"Feature","properties":{"pid":"021900520184"},"geometry":{"type":"Polygon","coordinates":[[[-84.519598,39.173009],[-84.519329,39.172991],[-84.519299,39.172936],[-84.51923,39.172928],[-84.519233,39.172889],[-84.519606,39.172908],[-84.519598,39.173009]]]}},{"type":"Feature","properties":{"pid":"021900530002"},"geometry":{"type":"Polygon","coordinates":[[[-84.517807,39.171818],[-84.517632,39.171808],[-84.517695,39.171182],[-84.51787,39.171193],[-84.517807,39.171818]]]}},{"type":"Feature","properties":{"pid":"021900530003"},"geometry":{"type":"Polygon","coordinates":[[[-84.517982,39.171827],[-84.517807,39.171818],[-84.517862,39.171269],[-84.518037,39.17128],[-84.517982,39.171827]]]}},{"type":"Feature","properties":{"pid":"021900530004"},"geometry":{"type":"Polygon","coordinates":[[[-84.51863,39.171863],[-84.518158,39.171837],[-84.518212,39.171291],[-84.518685,39.171322],[-84.51863,39.171863]]]}},{"type":"Feature","properties":{"pid":"021900530007"},"geometry":{"type":"Polygon","coordinates":[[[-84.519602,39.171915],[-84.519292,39.171899],[-84.519305,39.171779],[-84.519577,39.171796],[-84.519602,39.171915]]]}},{"type":"Feature","properties":{"pid":"021900530070"},"geometry":{"type":"Polygon","coordinates":[[[-84.518035,39.171305],[-84.518212,39.171291],[-84.518158,39.171837],[-84.517982,39.171827],[-84.518035,39.171305]]]}},{"type":"Feature","properties":{"pid":"021900520078"},"geometry":{"type":"Polygon","coordinates":[[[-84.517554,39.172253],[-84.517403,39.172244],[-84.517443,39.171797],[-84.517594,39.171806],[-84.517554,39.172253]]]}},{"type":"Feature","properties":{"pid":"021900530085"},"geometry":{"type":"Polygon","coordinates":[[[-84.516791,39.171758],[-84.516854,39.171129],[-84.51703,39.17114],[-84.516967,39.171769],[-84.516791,39.171758]]]}},{"type":"Feature","properties":{"pid":"021900530086"},"geometry":{"type":"Polygon","coordinates":[[[-84.517456,39.171798],[-84.517282,39.171789],[-84.517345,39.17116],[-84.517519,39.171171],[-84.517456,39.171798]]]}},{"type":"Feature","properties":{"pid":"021900530088"},"geometry":{"type":"Polygon","coordinates":[[[-84.516791,39.171758],[-84.516751,39.171755],[-84.516774,39.171517],[-84.516666,39.17151],[-84.516705,39.17112],[-84.516854,39.171129],[-84.516791,39.171758]]]}},{"type":"Feature","properties":{"pid":"021900520079"},"geometry":{"type":"Polygon","coordinates":[[[-84.517665,39.172259],[-84.517554,39.172253],[-84.517594,39.171806],[-84.517705,39.171812],[-84.517665,39.172259]]]}},{"type":"Feature","properties":{"pid":"021900520080"},"geometry":{"type":"Polygon","coordinates":[[[-84.517776,39.172265],[-84.517665,39.172259],[-84.517705,39.171812],[-84.517816,39.171818],[-84.517776,39.172265]]]}},{"type":"Feature","properties":{"pid":"021900520081"},"geometry":{"type":"Polygon","coordinates":[[[-84.517917,39.172272],[-84.517776,39.172265],[-84.517816,39.171818],[-84.517957,39.171826],[-84.517917,39.172272]]]}},{"type":"Feature","properties":{"pid":"021900520082"},"geometry":{"type":"Polygon","coordinates":[[[-84.517957,39.171826],[-84.518098,39.171834],[-84.518058,39.17228],[-84.517917,39.172272],[-84.517957,39.171826]]]}},{"type":"Feature","properties":{"pid":"021900520084"},"geometry":{"type":"Polygon","coordinates":[[[-84.518337,39.172295],[-84.518256,39.172291],[-84.518295,39.171844],[-84.518376,39.171849],[-84.518337,39.172295]]]}},{"type":"Feature","properties":{"pid":"021900520088"},"geometry":{"type":"Polygon","coordinates":[[[-84.519303,39.171899],[-84.519267,39.172346],[-84.519082,39.172336],[-84.51912,39.17189],[-84.519303,39.171899]]]}},{"type":"Feature","properties":{"pid":"021900530095"},"geometry":{"type":"Polygon","coordinates":[[[-84.517124,39.171779],[-84.516967,39.171769],[-84.51703,39.17114],[-84.517187,39.17115],[-84.517124,39.171779]]]}},{"type":"Feature","properties":{"pid":"021900530096"},"geometry":{"type":"Polygon","coordinates":[[[-84.517282,39.171789],[-84.517124,39.171779],[-84.517187,39.17115],[-84.517345,39.17116],[-84.517282,39.171789]]]}},{"type":"Feature","properties":{"pid":"021900510139"},"geometry":{"type":"Polygon","coordinates":[[[-84.518606,39.176654],[-84.518444,39.176646],[-84.518487,39.17617],[-84.518649,39.176179],[-84.518606,39.176654]]]}},{"type":"Feature","properties":{"pid":"021900510129"},"geometry":{"type":"Polygon","coordinates":[[[-84.517928,39.1767],[-84.517805,39.176693],[-84.517823,39.176501],[-84.517946,39.176508],[-84.517928,39.1767]]]}},{"type":"Feature","properties":{"pid":"021900510103"},"geometry":{"type":"Polygon","coordinates":[[[-84.517577,39.176681],[-84.517656,39.176124],[-84.517803,39.176132],[-84.517753,39.17669],[-84.517577,39.176681]]]}},{"type":"Feature","properties":{"pid":"021900510044"},"geometry":{"type":"Polygon","coordinates":[[[-84.518928,39.176194],[-84.518885,39.17667],[-84.518729,39.176661],[-84.518772,39.176185],[-84.518928,39.176194]]]}},{"type":"Feature","properties":{"pid":"021900510040"},"geometry":{"type":"Polygon","coordinates":[[[-84.517928,39.1767],[-84.517979,39.176142],[-84.518138,39.17615],[-84.518087,39.176709],[-84.517928,39.1767]]]}},{"type":"Feature","properties":{"pid":"021900510038"},"geometry":{"type":"Polygon","coordinates":[[[-84.517225,39.176661],[-84.517242,39.17647],[-84.517594,39.176489],[-84.517577,39.176681],[-84.517225,39.176661]]]}},{"type":"Feature","properties":{"pid":"021900510043"},"geometry":{"type":"Polygon","coordinates":[[[-84.518772,39.176185],[-84.518729,39.176661],[-84.518606,39.176654],[-84.518649,39.176179],[-84.518772,39.176185]]]}},{"type":"Feature","properties":{"pid":"021900520167"},"geometry":{"type":"Polygon","coordinates":[[[-84.518562,39.17186],[-84.518517,39.172374],[-84.518331,39.172364],[-84.518376,39.171849],[-84.518562,39.17186]]]}},{"type":"Feature","properties":{"pid":"021900500007"},"geometry":{"type":"Polygon","coordinates":[[[-84.523362,39.178018],[-84.52403,39.178385],[-84.522727,39.179872],[-84.522033,39.179511],[-84.523362,39.178018]]]}},{"type":"Feature","properties":{"pid":"021900500008"},"geometry":{"type":"Polygon","coordinates":[[[-84.521449,39.179207],[-84.521391,39.179176],[-84.522286,39.178149],[-84.522214,39.178111],[-84.52264,39.177625],[-84.522959,39.177796],[-84.522708,39.178082],[-84.522519,39.177981],[-84.521449,39.179207]]]}},{"type":"Feature","properties":{"pid":"021900500010"},"geometry":{"type":"Polygon","coordinates":[[[-84.521326,39.177619],[-84.521227,39.177734],[-84.520974,39.177588],[-84.521492,39.177002],[-84.522132,39.177349],[-84.521717,39.177825],[-84.521326,39.177619]]]}},{"type":"Feature","properties":{"pid":"021900500011"},"geometry":{"type":"Polygon","coordinates":[[[-84.52081,39.178874],[-84.519759,39.178324],[-84.519748,39.17798],[-84.520167,39.17799],[-84.520364,39.177847],[-84.521275,39.178332],[-84.52081,39.178874]]]}},{"type":"Feature","properties":{"pid":"021900500012"},"geometry":{"type":"Polygon","coordinates":[[[-84.520468,39.177902],[-84.521342,39.17692],[-84.521492,39.177002],[-84.520974,39.177588],[-84.521227,39.177734],[-84.521326,39.177619],[-84.521717,39.177825],[-84.521275,39.178332],[-84.520468,39.177902]]]}},{"type":"Feature","properties":{"pid":"021900500013"},"geometry":{"type":"Polygon","coordinates":[[[-84.519748,39.17798],[-84.519745,39.177823],[-84.520364,39.177847],[-84.520167,39.17799],[-84.519748,39.17798]]]}},{"type":"Feature","properties":{"pid":"021900500014"},"geometry":{"type":"Polygon","coordinates":[[[-84.520418,39.177171],[-84.520397,39.177436],[-84.519739,39.177404],[-84.519749,39.17715],[-84.520418,39.177171]]]}},{"type":"Feature","properties":{"pid":"021900500018"},"geometry":{"type":"Polygon","coordinates":[[[-84.519749,39.17715],[-84.519756,39.176979],[-84.520583,39.177005],[-84.520418,39.177171],[-84.519749,39.17715]]]}},{"type":"Feature","properties":{"pid":"021900500054"},"geometry":{"type":"Polygon","coordinates":[[[-84.520364,39.177847],[-84.519745,39.177823],[-84.519739,39.17761],[-84.52038,39.177641],[-84.520364,39.177847]]]}},{"type":"Feature","properties":{"pid":"021900510028"},"geometry":{"type":"Polygon","coordinates":[[[-84.517174,39.17722],[-84.517225,39.176661],[-84.517577,39.176681],[-84.517526,39.17724],[-84.517174,39.17722]]]}},{"type":"Feature","properties":{"pid":"021900510032"},"geometry":{"type":"Polygon","coordinates":[[[-84.518548,39.177296],[-84.518579,39.176956],[-84.519524,39.177008],[-84.519523,39.177298],[-84.519417,39.177344],[-84.518548,39.177296]]]}},{"type":"Feature","properties":{"pid":"021900510035"},"geometry":{"type":"Polygon","coordinates":[[[-84.518885,39.17667],[-84.5189,39.176503],[-84.519516,39.176537],[-84.519523,39.176705],[-84.518885,39.17667]]]}},{"type":"Feature","properties":{"pid":"021900510042"},"geometry":{"type":"Polygon","coordinates":[[[-84.518296,39.176159],[-84.518487,39.17617],[-84.518444,39.176646],[-84.518289,39.176637],[-84.518281,39.176719],[-84.518245,39.176717],[-84.518296,39.176159]]]}},{"type":"Feature","properties":{"pid":"021900500098"},"geometry":{"type":"Polygon","coordinates":[[[-84.520091,39.176714],[-84.519763,39.176701],[-84.519766,39.176537],[-84.520044,39.176548],[-84.520158,39.176635],[-84.520091,39.176714]]]}},{"type":"Feature","properties":{"pid":"021900500039"},"geometry":{"type":"Polygon","coordinates":[[[-84.520371,39.176394],[-84.520158,39.176635],[-84.520044,39.176548],[-84.520243,39.176325],[-84.520371,39.176394]]]}},{"type":"Feature","properties":{"pid":"021900500040"},"geometry":{"type":"Polygon","coordinates":[[[-84.520158,39.176635],[-84.520371,39.176394],[-84.520498,39.176462],[-84.520274,39.176722],[-84.520158,39.176635]]]}},{"type":"Feature","properties":{"pid":"021900500021"},"geometry":{"type":"Polygon","coordinates":[[[-84.519846,39.176111],[-84.520223,39.176314],[-84.520044,39.176548],[-84.519752,39.176536],[-84.519735,39.176206],[-84.519778,39.17614],[-84.519886,39.176133],[-84.519846,39.176111]]]}},{"type":"Feature","properties":{"pid":"021900500068"},"geometry":{"type":"MultiPolygon","coordinates":[[[[-84.519778,39.17614],[-84.519846,39.176111],[-84.519886,39.176133],[-84.519778,39.17614]]],[[[-84.519778,39.17614],[-84.519735,39.176206],[-84.519735,39.176536],[-84.51971,39.17617],[-84.519778,39.17614]]]]}},{"type":"Feature","properties":{"pid":"021900500031"},"geometry":{"type":"Polygon","coordinates":[[[-84.519762,39.176838],[-84.519763,39.176701],[-84.520274,39.176722],[-84.520303,39.17686],[-84.519762,39.176838]]]}},{"type":"Feature","properties":{"pid":"023700070020"},"geometry":{"type":"Polygon","coordinates":[[[-84.53322,39.192977],[-84.533085,39.194287],[-84.530727,39.194191],[-84.530985,39.193798],[-84.531119,39.193833],[-84.531583,39.193803],[-84.531792,39.193723],[-84.532268,39.1931],[-84.532574,39.192969],[-84.53322,39.192977]]]}},{"type":"Feature","properties":{"pid":"021900510143"},"geometry":{"type":"Polygon","coordinates":[[[-84.519426,39.177478],[-84.519519,39.177504],[-84.519521,39.177536],[-84.519426,39.177478]]]}},{"type":"Feature","properties":{"pid":"021900510025"},"geometry":{"type":"Polygon","coordinates":[[[-84.518798,39.177442],[-84.519082,39.177457],[-84.519017,39.17814],[-84.518728,39.178214],[-84.518798,39.177442]]]}},{"type":"Feature","properties":{"pid":"021900510115"},"geometry":{"type":"Polygon","coordinates":[[[-84.519055,39.177724],[-84.519519,39.177751],[-84.519519,39.177881],[-84.519043,39.177855],[-84.519055,39.177724]]]}},{"type":"Feature","properties":{"pid":"021900510027"},"geometry":{"type":"Polygon","coordinates":[[[-84.519082,39.177457],[-84.519426,39.177478],[-84.519521,39.177536],[-84.519519,39.177751],[-84.519059,39.177693],[-84.519082,39.177457]]]}},{"type":"Feature","properties":{"pid":"021900520085"},"geometry":{"type":"Polygon","coordinates":[[[-84.518696,39.172315],[-84.518524,39.172305],[-84.518562,39.17186],[-84.518735,39.171869],[-84.518696,39.172315]]]}},{"type":"Feature","properties":{"pid":"021900520087"},"geometry":{"type":"Polygon","coordinates":[[[-84.519082,39.172336],[-84.518897,39.172326],[-84.518936,39.17188],[-84.51912,39.17189],[-84.519082,39.172336]]]}},{"type":"Feature","properties":{"pid":"021900530005"},"geometry":{"type":"Polygon","coordinates":[[[-84.518858,39.171876],[-84.51863,39.171863],[-84.518685,39.171322],[-84.518912,39.171336],[-84.518858,39.171876]]]}},{"type":"Feature","properties":{"pid":"021900530130"},"geometry":{"type":"Polygon","coordinates":[[[-84.519292,39.171899],[-84.518858,39.171876],[-84.518912,39.171336],[-84.518955,39.171339],[-84.518913,39.171755],[-84.519305,39.171779],[-84.519292,39.171899]]]}},{"type":"Feature","properties":{"pid":"021900520189"},"geometry":{"type":"Polygon","coordinates":[[[-84.518897,39.172326],[-84.518796,39.17232],[-84.518835,39.171875],[-84.518936,39.17188],[-84.518897,39.172326]]]}},{"type":"Feature","properties":{"pid":"021900520190"},"geometry":{"type":"Polygon","coordinates":[[[-84.518696,39.172315],[-84.518735,39.171869],[-84.518835,39.171875],[-84.518796,39.17232],[-84.518696,39.172315]]]}}],"name":"parcels-45232"}