{"type":"FeatureCollection","crs":{"type":"name","properties":{"name":"urn:ogc:def:crs:OGC:1.3:CRS84"}},"features":[{"type":"Feature","properties":{"pid":"051002700014"},"geometry":{"type":"Polygon","coordinates":[[[-84.6249,39.291287],[-84.625379,39.291109],[-84.626892,39.291954],[-84.625708,39.292114],[-84.625495,39.292193],[-84.6249,39.291287]]]}},{"type":"Feature","properties":{"pid":"051001600030"},"geometry":{"type":"Polygon","coordinates":[[[-84.617826,39.291824],[-84.618058,39.29219],[-84.617534,39.292226],[-84.617419,39.291887],[-84.617826,39.291824]]]}},{"type":"Feature","properties":{"pid":"051002800193"},"geometry":{"type":"Polygon","coordinates":[[[-84.6298,39.309056],[-84.629459,39.309421],[-84.629202,39.309625],[-84.628636,39.309133],[-84.629015,39.309015],[-84.630281,39.308235],[-84.63061,39.308558],[-84.6298,39.309056]]]}},{"type":"Feature","properties":{"pid":"051002800199"},"geometry":{"type":"Polygon","coordinates":[[[-84.630856,39.304423],[-84.629851,39.303957],[-84.629928,39.303166],[-84.631064,39.303696],[-84.63183,39.303874],[-84.633377,39.304006],[-84.634057,39.304245],[-84.634468,39.304532],[-84.634718,39.305187],[-84.635758,39.305768],[-84.636044,39.30582],[-84.636376,39.305773],[-84.635779,39.306131],[-84.636676,39.30652],[-84.636313,39.306841],[-84.636114,39.306627],[-84.635431,39.306329],[-84.633937,39.307181],[-84.630614,39.306966],[-84.630856,39.304423]]]}},{"type":"Feature","properties":{"pid":"051002800210"},"geometry":{"type":"Polygon","coordinates":[[[-84.633937,39.307181],[-84.632495,39.309036],[-84.631372,39.309367],[-84.63126,39.309364],[-84.630541,39.308601],[-84.63061,39.308558],[-84.630281,39.308235],[-84.630212,39.308278],[-84.630146,39.308213],[-84.629869,39.308384],[-84.629935,39.308448],[-84.629015,39.309015],[-84.628636,39.309133],[-84.627666,39.308356],[-84.627146,39.30772],[-84.626307,39.306843],[-84.625409,39.306011],[-84.630675,39.306358],[-84.630614,39.306966],[-84.633937,39.307181]]]}},{"type":"Feature","properties":{"pid":"051002700121"},"geometry":{"type":"Polygon","coordinates":[[[-84.622921,39.287922],[-84.624676,39.287572],[-84.623722,39.286781],[-84.623999,39.286713],[-84.624811,39.287435],[-84.624799,39.287683],[-84.625152,39.287693],[-84.625112,39.288516],[-84.623198,39.288858],[-84.622921,39.287922]]]}},{"type":"Feature","properties":{"pid":"051001600256"},"geometry":{"type":"Polygon","coordinates":[[[-84.618393,39.292733],[-84.618488,39.292871],[-84.617291,39.293333],[-84.617266,39.292575],[-84.618393,39.292733]]]}},{"type":"Feature","properties":{"pid":"051002700271"},"geometry":{"type":"Polygon","coordinates":[[[-84.61831,39.292612],[-84.62035,39.29171],[-84.620767,39.292805],[-84.619774,39.29317],[-84.619649,39.292988],[-84.618787,39.293305],[-84.61831,39.292612]]]}},{"type":"Feature","properties":{"pid":"051001700023"},"geometry":{"type":"Polygon","coordinates":[[[-84.604806,39.270326],[-84.604748,39.271085],[-84.603878,39.271345],[-84.603951,39.270999],[-84.603628,39.270185],[-84.604806,39.270326]]]}},{"type":"Feature","properties":{"pid":"051002410007"},"geometry":{"type":"Polygon","coordinates":[[[-84.642913,39.252228],[-84.642354,39.250877],[-84.642503,39.250858],[-84.643135,39.25058],[-84.643782,39.252227],[-84.642913,39.252228]]]}},{"type":"Feature","properties":{"pid":"051002410008"},"geometry":{"type":"Polygon","coordinates":[[[-84.642188,39.252229],[-84.641906,39.251381],[-84.641557,39.250978],[-84.642354,39.250877],[-84.642913,39.252228],[-84.642188,39.252229]]]}},{"type":"Feature","properties":{"pid":"051002410009"},"geometry":{"type":"Polygon","coordinates":[[[-84.642188,39.252229],[-84.641399,39.252229],[-84.640176,39.25223],[-84.640573,39.2515],[-84.640914,39.251148],[-84.641557,39.250978],[-84.641906,39.251381],[-84.642188,39.252229]]]}},{"type":"Feature","properties":{"pid":"051002410020"},"geometry":{"type":"Polygon","coordinates":[[[-84.644625,39.249583],[-84.643646,39.248871],[-84.643791,39.248752],[-84.644783,39.249447],[-84.644625,39.249583]]]}},{"type":"Feature","properties":{"pid":"051002410040"},"geometry":{"type":"Polygon","coordinates":[[[-84.644535,39.252227],[-84.643782,39.252227],[-84.643135,39.25058],[-84.643677,39.250342],[-84.644535,39.252227]]]}},{"type":"Feature","properties":{"pid":"051002410042"},"geometry":{"type":"Polygon","coordinates":[[[-84.641111,39.251096],[-84.63969,39.24941],[-84.639695,39.248688],[-84.640563,39.249279],[-84.64072,39.249621],[-84.640798,39.250069],[-84.641557,39.250978],[-84.641111,39.251096]]]}},{"type":"Feature","properties":{"pid":"051002700266"},"geometry":{"type":"Polygon","coordinates":[[[-84.621345,39.293634],[-84.619485,39.294345],[-84.619453,39.294296],[-84.620521,39.293888],[-84.619996,39.293089],[-84.620794,39.292795],[-84.621345,39.293634]]]}},{"type":"Feature","properties":{"pid":"051001830482"},"geometry":{"type":"Polygon","coordinates":[[[-84.60988,39.253528],[-84.609714,39.253728],[-84.609294,39.253936],[-84.6093,39.253878],[-84.609179,39.253764],[-84.608684,39.253422],[-84.609175,39.253002],[-84.609483,39.252876],[-84.610006,39.253256],[-84.60988,39.253528]]]}},{"type":"Feature","properties":{"pid":"051001830498"},"geometry":{"type":"Polygon","coordinates":[[[-84.60988,39.253528],[-84.609714,39.253728],[-84.609294,39.253936],[-84.6093,39.253878],[-84.609179,39.253764],[-84.608684,39.253422],[-84.609175,39.253002],[-84.609483,39.252876],[-84.610006,39.253256],[-84.60988,39.253528]]]}},{"type":"Feature","properties":{"pid":"051001830486"},"geometry":{"type":"Polygon","coordinates":[[[-84.60988,39.253528],[-84.609714,39.253728],[-84.609294,39.253936],[-84.6093,39.253878],[-84.609179,39.253764],[-84.608684,39.253422],[-84.609175,39.253002],[-84.609483,39.252876],[-84.610006,39.253256],[-84.60988,39.253528]]]}},{"type":"Feature","properties":{"pid":"051001830484"},"geometry":{"type":"Polygon","coordinates":[[[-84.60988,39.253528],[-84.609714,39.253728],[-84.609294,39.253936],[-84.6093,39.253878],[-84.609179,39.253764],[-84.608684,39.253422],[-84.609175,39.253002],[-84.609483,39.252876],[-84.610006,39.253256],[-84.60988,39.253528]]]}},{"type":"Feature","properties":{"pid":"051001830485"},"geometry":{"type":"Polygon","coordinates":[[[-84.60988,39.253528],[-84.609714,39.253728],[-84.609294,39.253936],[-84.6093,39.253878],[-84.609179,39.253764],[-84.608684,39.253422],[-84.609175,39.253002],[-84.609483,39.252876],[-84.610006,39.253256],[-84.60988,39.253528]]]}},{"type":"Feature","properties":{"pid":"051001830492"},"geometry":{"type":"Polygon","coordinates":[[[-84.60988,39.253528],[-84.609714,39.253728],[-84.609294,39.253936],[-84.6093,39.253878],[-84.609179,39.253764],[-84.608684,39.253422],[-84.609175,39.253002],[-84.609483,39.252876],[-84.610006,39.253256],[-84.60988,39.253528]]]}},{"type":"Feature","properties":{"pid":"051001830489"},"geometry":{"type":"Polygon","coordinates":[[[-84.60988,39.253528],[-84.609714,39.253728],[-84.609294,39.253936],[-84.6093,39.253878],[-84.609179,39.253764],[-84.608684,39.253422],[-84.609175,39.253002],[-84.609483,39.252876],[-84.610006,39.253256],[-84.60988,39.253528]]]}},{"type":"Feature","properties":{"pid":"051001830508"},"geometry":{"type":"Polygon","coordinates":[[[-84.60988,39.253528],[-84.609714,39.253728],[-84.609294,39.253936],[-84.6093,39.253878],[-84.609179,39.253764],[-84.608684,39.253422],[-84.609175,39.253002],[-84.609483,39.252876],[-84.610006,39.253256],[-84.60988,39.253528]]]}},{"type":"Feature","properties":{"pid":"051001830495"},"geometry":{"type":"Polygon","coordinates":[[[-84.60988,39.253528],[-84.609714,39.253728],[-84.609294,39.253936],[-84.6093,39.253878],[-84.609179,39.253764],[-84.608684,39.253422],[-84.609175,39.253002],[-84.609483,39.252876],[-84.610006,39.253256],[-84.60988,39.253528]]]}},{"type":"Feature","properties":{"pid":"051001830488"},"geometry":{"type":"Polygon","coordinates":[[[-84.60988,39.253528],[-84.609714,39.253728],[-84.609294,39.253936],[-84.6093,39.253878],[-84.609179,39.253764],[-84.608684,39.253422],[-84.609175,39.253002],[-84.609483,39.252876],[-84.610006,39.253256],[-84.60988,39.253528]]]}},{"type":"Feature","properties":{"pid":"051001830477"},"geometry":{"type":"Polygon","coordinates":[[[-84.60988,39.253528],[-84.609714,39.253728],[-84.609294,39.253936],[-84.6093,39.253878],[-84.609179,39.253764],[-84.608684,39.253422],[-84.609175,39.253002],[-84.609483,39.252876],[-84.610006,39.253256],[-84.60988,39.253528]]]}},{"type":"Feature","properties":{"pid":"051001830493"},"geometry":{"type":"Polygon","coordinates":[[[-84.60988,39.253528],[-84.609714,39.253728],[-84.609294,39.253936],[-84.6093,39.253878],[-84.609179,39.253764],[-84.608684,39.253422],[-84.609175,39.253002],[-84.609483,39.252876],[-84.610006,39.253256],[-84.60988,39.253528]]]}},{"type":"Feature","properties":{"pid":"051001830506"},"geometry":{"type":"Polygon","coordinates":[[[-84.60988,39.253528],[-84.609714,39.253728],[-84.609294,39.253936],[-84.6093,39.253878],[-84.609179,39.253764],[-84.608684,39.253422],[-84.609175,39.253002],[-84.609483,39.252876],[-84.610006,39.253256],[-84.60988,39.253528]]]}},{"type":"Feature","properties":{"pid":"051001830502"},"geometry":{"type":"Polygon","coordinates":[[[-84.60988,39.253528],[-84.609714,39.253728],[-84.609294,39.253936],[-84.6093,39.253878],[-84.609179,39.253764],[-84.608684,39.253422],[-84.609175,39.253002],[-84.609483,39.252876],[-84.610006,39.253256],[-84.60988,39.253528]]]}},{"type":"Feature","properties":{"pid":"051001830480"},"geometry":{"type":"Polygon","coordinates":[[[-84.60988,39.253528],[-84.609714,39.253728],[-84.609294,39.253936],[-84.6093,39.253878],[-84.609179,39.253764],[-84.608684,39.253422],[-84.609175,39.253002],[-84.609483,39.252876],[-84.610006,39.253256],[-84.60988,39.253528]]]}},{"type":"Feature","properties":{"pid":"051001830491"},"geometry":{"type":"Polygon","coordinates":[[[-84.60988,39.253528],[-84.609714,39.253728],[-84.609294,39.253936],[-84.6093,39.253878],[-84.609179,39.253764],[-84.608684,39.253422],[-84.609175,39.253002],[-84.609483,39.252876],[-84.610006,39.253256],[-84.60988,39.253528]]]}},{"type":"Feature","properties":{"pid":"051001830478"},"geometry":{"type":"Polygon","coordinates":[[[-84.60988,39.253528],[-84.609714,39.253728],[-84.609294,39.253936],[-84.6093,39.253878],[-84.609179,39.253764],[-84.608684,39.253422],[-84.609175,39.253002],[-84.609483,39.252876],[-84.610006,39.253256],[-84.60988,39.253528]]]}},{"type":"Feature","properties":{"pid":"051001830500"},"geometry":{"type":"Polygon","coordinates":[[[-84.60988,39.253528],[-84.609714,39.253728],[-84.609294,39.253936],[-84.6093,39.253878],[-84.609179,39.253764],[-84.608684,39.253422],[-84.609175,39.253002],[-84.609483,39.252876],[-84.610006,39.253256],[-84.60988,39.253528]]]}},{"type":"Feature","properties":{"pid":"051001830490"},"geometry":{"type":"Polygon","coordinates":[[[-84.60988,39.253528],[-84.609714,39.253728],[-84.609294,39.253936],[-84.6093,39.253878],[-84.609179,39.253764],[-84.608684,39.253422],[-84.609175,39.253002],[-84.609483,39.252876],[-84.610006,39.253256],[-84.60988,39.253528]]]}},{"type":"Feature","properties":{"pid":"051001830475"},"geometry":{"type":"Polygon","coordinates":[[[-84.60988,39.253528],[-84.609714,39.253728],[-84.609294,39.253936],[-84.6093,39.253878],[-84.609179,39.253764],[-84.608684,39.253422],[-84.609175,39.253002],[-84.609483,39.252876],[-84.610006,39.253256],[-84.60988,39.253528]]]}},{"type":"Feature","properties":{"pid":"051001830499"},"geometry":{"type":"Polygon","coordinates":[[[-84.60988,39.253528],[-84.609714,39.253728],[-84.609294,39.253936],[-84.6093,39.253878],[-84.609179,39.253764],[-84.608684,39.253422],[-84.609175,39.253002],[-84.609483,39.252876],[-84.610006,39.253256],[-84.60988,39.253528]]]}},{"type":"Feature","properties":{"pid":"051001830504"},"geometry":{"type":"Polygon","coordinates":[[[-84.60988,39.253528],[-84.609714,39.253728],[-84.609294,39.253936],[-84.6093,39.253878],[-84.609179,39.253764],[-84.608684,39.253422],[-84.609175,39.253002],[-84.609483,39.252876],[-84.610006,39.253256],[-84.60988,39.253528]]]}},{"type":"Feature","properties":{"pid":"051001830479"},"geometry":{"type":"Polygon","coordinates":[[[-84.60988,39.253528],[-84.609714,39.253728],[-84.609294,39.253936],[-84.6093,39.253878],[-84.609179,39.253764],[-84.608684,39.253422],[-84.609175,39.253002],[-84.609483,39.252876],[-84.610006,39.253256],[-84.60988,39.253528]]]}},{"type":"Feature","properties":{"pid":"051001830494"},"geometry":{"type":"Polygon","coordinates":[[[-84.60988,39.253528],[-84.609714,39.253728],[-84.609294,39.253936],[-84.6093,39.253878],[-84.609179,39.253764],[-84.608684,39.253422],[-84.609175,39.253002],[-84.609483,39.252876],[-84.610006,39.253256],[-84.60988,39.253528]]]}},{"type":"Feature","properties":{"pid":"051001830496"},"geometry":{"type":"Polygon","coordinates":[[[-84.60988,39.253528],[-84.609714,39.253728],[-84.609294,39.253936],[-84.6093,39.253878],[-84.609179,39.253764],[-84.608684,39.253422],[-84.609175,39.253002],[-84.609483,39.252876],[-84.610006,39.253256],[-84.60988,39.253528]]]}},{"type":"Feature","properties":{"pid":"051001830483"},"geometry":{"type":"Polygon","coordinates":[[[-84.60988,39.253528],[-84.609714,39.253728],[-84.609294,39.253936],[-84.6093,39.253878],[-84.609179,39.253764],[-84.608684,39.253422],[-84.609175,39.253002],[-84.609483,39.252876],[-84.610006,39.253256],[-84.60988,39.253528]]]}},{"type":"Feature","properties":{"pid":"051001830507"},"geometry":{"type":"Polygon","coordinates":[[[-84.60988,39.253528],[-84.609714,39.253728],[-84.609294,39.253936],[-84.6093,39.253878],[-84.609179,39.253764],[-84.608684,39.253422],[-84.609175,39.253002],[-84.609483,39.252876],[-84.610006,39.253256],[-84.60988,39.253528]]]}},{"type":"Feature","properties":{"pid":"051001830501"},"geometry":{"type":"Polygon","coordinates":[[[-84.60988,39.253528],[-84.609714,39.253728],[-84.609294,39.253936],[-84.6093,39.253878],[-84.609179,39.253764],[-84.608684,39.253422],[-84.609175,39.253002],[-84.609483,39.252876],[-84.610006,39.253256],[-84.60988,39.253528]]]}},{"type":"Feature","properties":{"pid":"051001830481"},"geometry":{"type":"Polygon","coordinates":[[[-84.60988,39.253528],[-84.609714,39.253728],[-84.609294,39.253936],[-84.6093,39.253878],[-84.609179,39.253764],[-84.608684,39.253422],[-84.609175,39.253002],[-84.609483,39.252876],[-84.610006,39.253256],[-84.60988,39.253528]]]}},{"type":"Feature","properties":{"pid":"051001830505"},"geometry":{"type":"Polygon","coordinates":[[[-84.60988,39.253528],[-84.609714,39.253728],[-84.609294,39.253936],[-84.6093,39.253878],[-84.609179,39.253764],[-84.608684,39.253422],[-84.609175,39.253002],[-84.609483,39.252876],[-84.610006,39.253256],[-84.60988,39.253528]]]}},{"type":"Feature","properties":{"pid":"051001830474"},"geometry":{"type":"Polygon","coordinates":[[[-84.60988,39.253528],[-84.609714,39.253728],[-84.609294,39.253936],[-84.6093,39.253878],[-84.609179,39.253764],[-84.608684,39.253422],[-84.609175,39.253002],[-84.609483,39.252876],[-84.610006,39.253256],[-84.60988,39.253528]]]}},{"type":"Feature","properties":{"pid":"051001830497"},"geometry":{"type":"Polygon","coordinates":[[[-84.60988,39.253528],[-84.609714,39.253728],[-84.609294,39.253936],[-84.6093,39.253878],[-84.609179,39.253764],[-84.608684,39.253422],[-84.609175,39.253002],[-84.609483,39.252876],[-84.610006,39.253256],[-84.60988,39.253528]]]}},{"type":"Feature","properties":{"pid":"051001830487"},"geometry":{"type":"Polygon","coordinates":[[[-84.60988,39.253528],[-84.609714,39.253728],[-84.609294,39.253936],[-84.6093,39.253878],[-84.609179,39.253764],[-84.608684,39.253422],[-84.609175,39.253002],[-84.609483,39.252876],[-84.610006,39.253256],[-84.60988,39.253528]]]}},{"type":"Feature","properties":{"pid":"051001830473"},"geometry":{"type":"Polygon","coordinates":[[[-84.60988,39.253528],[-84.609714,39.253728],[-84.609294,39.253936],[-84.6093,39.253878],[-84.609179,39.253764],[-84.608684,39.253422],[-84.609175,39.253002],[-84.609483,39.252876],[-84.610006,39.253256],[-84.60988,39.253528]]]}},{"type":"Feature","properties":{"pid":"051001830476"},"geometry":{"type":"Polygon","coordinates":[[[-84.60988,39.253528],[-84.609714,39.253728],[-84.609294,39.253936],[-84.6093,39.253878],[-84.609179,39.253764],[-84.608684,39.253422],[-84.609175,39.253002],[-84.609483,39.252876],[-84.610006,39.253256],[-84.60988,39.253528]]]}},{"type":"Feature","properties":{"pid":"051001830503"},"geometry":{"type":"Polygon","coordinates":[[[-84.60988,39.253528],[-84.609714,39.253728],[-84.609294,39.253936],[-84.6093,39.253878],[-84.609179,39.253764],[-84.608684,39.253422],[-84.609175,39.253002],[-84.609483,39.252876],[-84.610006,39.253256],[-84.60988,39.253528]]]}},{"type":"Feature","properties":{"pid":"051002410027"},"geometry":{"type":"Polygon","coordinates":[[[-84.643613,39.250246],[-84.643426,39.250336],[-84.642744,39.249413],[-84.642884,39.249348],[-84.643613,39.250246]]]}},{"type":"Feature","properties":{"pid":"051002410032"},"geometry":{"type":"Polygon","coordinates":[[[-84.642633,39.250638],[-84.642426,39.250698],[-84.641997,39.249668],[-84.642151,39.249627],[-84.642633,39.250638]]]}},{"type":"Feature","properties":{"pid":"051001830076"},"geometry":{"type":"Polygon","coordinates":[[[-84.609939,39.256084],[-84.610301,39.256027],[-84.610273,39.256298],[-84.609922,39.256275],[-84.609939,39.256084]]]}},{"type":"Feature","properties":{"pid":"051001830077"},"geometry":{"type":"Polygon","coordinates":[[[-84.60989,39.256011],[-84.610187,39.255701],[-84.610334,39.255711],[-84.610301,39.256027],[-84.609939,39.256084],[-84.60989,39.256011]]]}},{"type":"Feature","properties":{"pid":"051001830078"},"geometry":{"type":"Polygon","coordinates":[[[-84.609757,39.255992],[-84.609662,39.255667],[-84.610187,39.255701],[-84.60989,39.256011],[-84.609757,39.255992]]]}},{"type":"Feature","properties":{"pid":"051001830079"},"geometry":{"type":"Polygon","coordinates":[[[-84.609662,39.255667],[-84.609757,39.255992],[-84.609669,39.256048],[-84.609325,39.25593],[-84.609662,39.255667]]]}},{"type":"Feature","properties":{"pid":"051001830080"},"geometry":{"type":"Polygon","coordinates":[[[-84.609669,39.256048],[-84.609705,39.256234],[-84.609232,39.256208],[-84.609264,39.255909],[-84.609669,39.256048]]]}},{"type":"Feature","properties":{"pid":"051002510065"},"geometry":{"type":"Polygon","coordinates":[[[-84.630315,39.256051],[-84.630156,39.25641],[-84.629072,39.255828],[-84.629751,39.255948],[-84.630315,39.256051]]]}},{"type":"Feature","properties":{"pid":"051002510066"},"geometry":{"type":"Polygon","coordinates":[[[-84.630156,39.25641],[-84.630024,39.256573],[-84.628361,39.255675],[-84.629084,39.255711],[-84.629072,39.255828],[-84.630156,39.25641]]]}},{"type":"Feature","properties":{"pid":"051002510076"},"geometry":{"type":"Polygon","coordinates":[[[-84.62875,39.257985],[-84.628612,39.258172],[-84.627758,39.257884],[-84.6278,39.25748],[-84.62875,39.257985]]]}},{"type":"Feature","properties":{"pid":"051002510077"},"geometry":{"type":"Polygon","coordinates":[[[-84.628612,39.258172],[-84.62856,39.258357],[-84.627719,39.258276],[-84.627758,39.257884],[-84.628612,39.258172]]]}},{"type":"Feature","properties":{"pid":"051001700172"},"geometry":{"type":"Polygon","coordinates":[[[-84.614,39.279791],[-84.612427,39.279966],[-84.612406,39.279923],[-84.613987,39.279746],[-84.615892,39.278685],[-84.616123,39.278832],[-84.616319,39.277853],[-84.618337,39.278097],[-84.616884,39.279398],[-84.615894,39.278737],[-84.614,39.279791]]]}},{"type":"Feature","properties":{"pid":"051003200029"},"geometry":{"type":"Polygon","coordinates":[[[-84.655968,39.259637],[-84.653723,39.260796],[-84.653312,39.260766],[-84.653402,39.259072],[-84.655888,39.25925],[-84.655968,39.259637]]]}},{"type":"Feature","properties":{"pid":"051003200065"},"geometry":{"type":"Polygon","coordinates":[[[-84.655014,39.264171],[-84.654727,39.263892],[-84.654193,39.263896],[-84.653784,39.263338],[-84.653641,39.263401],[-84.653205,39.262794],[-84.653238,39.262175],[-84.653672,39.262205],[-84.655391,39.263877],[-84.655014,39.264171]]]}},{"type":"Feature","properties":{"pid":"051003200068"},"geometry":{"type":"Polygon","coordinates":[[[-84.655754,39.25924],[-84.65178,39.258956],[-84.651608,39.258416],[-84.655423,39.258674],[-84.655522,39.258967],[-84.655754,39.25924]]]}},{"type":"Feature","properties":{"pid":"051003200088"},"geometry":{"type":"Polygon","coordinates":[[[-84.648394,39.260502],[-84.64807,39.260256],[-84.647717,39.260155],[-84.647177,39.259881],[-84.646818,39.259464],[-84.649795,39.259661],[-84.649772,39.260337],[-84.648996,39.260645],[-84.648685,39.260626],[-84.648394,39.260502]]]}},{"type":"Feature","properties":{"pid":"051003200089"},"geometry":{"type":"Polygon","coordinates":[[[-84.647832,39.261453],[-84.647901,39.260383],[-84.647843,39.260253],[-84.647717,39.260155],[-84.64807,39.260256],[-84.648532,39.260575],[-84.648848,39.260654],[-84.649138,39.260611],[-84.649772,39.260337],[-84.65029,39.261365],[-84.647832,39.261453]]]}},{"type":"Feature","properties":{"pid":"051003200102"},"geometry":{"type":"Polygon","coordinates":[[[-84.651795,39.262695],[-84.650765,39.264108],[-84.650719,39.264087],[-84.649798,39.264547],[-84.649536,39.264812],[-84.64948,39.264778],[-84.649749,39.264506],[-84.650628,39.264068],[-84.650275,39.263671],[-84.651034,39.262642],[-84.651795,39.262695]]]}},{"type":"Feature","properties":{"pid":"051003200103"},"geometry":{"type":"Polygon","coordinates":[[[-84.64948,39.264778],[-84.649425,39.264744],[-84.649701,39.264465],[-84.650528,39.264052],[-84.649795,39.263229],[-84.649834,39.262558],[-84.651034,39.262642],[-84.650275,39.263671],[-84.650628,39.264068],[-84.649749,39.264506],[-84.64948,39.264778]]]}},{"type":"Feature","properties":{"pid":"051003200126"},"geometry":{"type":"Polygon","coordinates":[[[-84.647501,39.258649],[-84.646467,39.257118],[-84.64703,39.256889],[-84.646536,39.256285],[-84.64643,39.255653],[-84.646466,39.255648],[-84.646572,39.256274],[-84.647443,39.257339],[-84.648527,39.257414],[-84.648487,39.25872],[-84.647501,39.258649]]]}},{"type":"Feature","properties":{"pid":"051003200132"},"geometry":{"type":"Polygon","coordinates":[[[-84.648316,39.263412],[-84.649799,39.263178],[-84.649739,39.264111],[-84.648478,39.264031],[-84.648316,39.263412]]]}},{"type":"Feature","properties":{"pid":"051003200133"},"geometry":{"type":"Polygon","coordinates":[[[-84.648174,39.262874],[-84.649827,39.262611],[-84.649799,39.263178],[-84.648316,39.263412],[-84.648174,39.262874]]]}},{"type":"Feature","properties":{"pid":"051003200134"},"geometry":{"type":"Polygon","coordinates":[[[-84.648041,39.262383],[-84.649863,39.262096],[-84.649827,39.262611],[-84.648174,39.262874],[-84.648041,39.262383]]]}},{"type":"Feature","properties":{"pid":"051003200143"},"geometry":{"type":"Polygon","coordinates":[[[-84.651731,39.264952],[-84.650371,39.264645],[-84.651795,39.262695],[-84.651968,39.262707],[-84.651931,39.263044],[-84.650975,39.264026],[-84.652385,39.264659],[-84.652669,39.264764],[-84.652761,39.264685],[-84.6535,39.264958],[-84.653431,39.265184],[-84.652867,39.265304],[-84.651731,39.264952]]]}},{"type":"Feature","properties":{"pid":"051003200007"},"geometry":{"type":"Polygon","coordinates":[[[-84.646129,39.25919],[-84.646095,39.26023],[-84.645121,39.260123],[-84.645146,39.259086],[-84.646129,39.25919]]]}},{"type":"Feature","properties":{"pid":"051003200151"},"geometry":{"type":"Polygon","coordinates":[[[-84.649863,39.262096],[-84.648041,39.262383],[-84.647858,39.261835],[-84.647829,39.261509],[-84.650364,39.261417],[-84.65077,39.261703],[-84.651176,39.261827],[-84.651772,39.260647],[-84.650882,39.260375],[-84.650672,39.260001],[-84.649773,39.260307],[-84.649795,39.259661],[-84.646818,39.259464],[-84.646626,39.259296],[-84.646428,39.259225],[-84.645146,39.259086],[-84.645165,39.258482],[-84.653402,39.259072],[-84.653205,39.262794],[-84.649834,39.262558],[-84.649863,39.262096]]]}},{"type":"Feature","properties":{"pid":"051003200152"},"geometry":{"type":"Polygon","coordinates":[[[-84.649773,39.260307],[-84.650672,39.260001],[-84.650882,39.260375],[-84.651772,39.260647],[-84.651176,39.261827],[-84.65077,39.261703],[-84.650364,39.261417],[-84.647829,39.261509],[-84.647832,39.261453],[-84.65029,39.261365],[-84.649773,39.260307]]]}},{"type":"Feature","properties":{"pid":"051003200060"},"geometry":{"type":"Polygon","coordinates":[[[-84.651931,39.263044],[-84.651968,39.262707],[-84.653205,39.262794],[-84.654405,39.264443],[-84.653788,39.264717],[-84.651931,39.263044]]]}},{"type":"Feature","properties":{"pid":"051003200147"},"geometry":{"type":"Polygon","coordinates":[[[-84.644824,39.256729],[-84.644852,39.256691],[-84.645332,39.257118],[-84.645576,39.257481],[-84.646467,39.257118],[-84.647501,39.258649],[-84.646243,39.258559],[-84.645288,39.257142],[-84.644824,39.256729]]]}},{"type":"Feature","properties":{"pid":"051002500252"},"geometry":{"type":"Polygon","coordinates":[[[-84.646243,39.258559],[-84.645165,39.258482],[-84.645146,39.259086],[-84.644294,39.258377],[-84.644087,39.257721],[-84.645679,39.257722],[-84.646243,39.258559]]]}},{"type":"Feature","properties":{"pid":"051002600005"},"geometry":{"type":"Polygon","coordinates":[[[-84.642467,39.275847],[-84.641423,39.275682],[-84.640563,39.275782],[-84.640169,39.2759],[-84.640327,39.272395],[-84.64148,39.271824],[-84.641863,39.272095],[-84.642091,39.272134],[-84.642605,39.272544],[-84.643449,39.272991],[-84.643846,39.273152],[-84.64374,39.275406],[-84.642995,39.275091],[-84.642467,39.275847]]]}},{"type":"Feature","properties":{"pid":"051002600084"},"geometry":{"type":"Polygon","coordinates":[[[-84.642601,39.276546],[-84.642931,39.276059],[-84.644094,39.276535],[-84.642601,39.276546]]]}},{"type":"Feature","properties":{"pid":"051002600234"},"geometry":{"type":"Polygon","coordinates":[[[-84.642085,39.27655],[-84.642108,39.27579],[-84.642631,39.275842],[-84.642979,39.275987],[-84.642601,39.276546],[-84.642085,39.27655]]]}},{"type":"Feature","properties":{"pid":"051002600204"},"geometry":{"type":"Polygon","coordinates":[[[-84.626995,39.277768],[-84.627751,39.278105],[-84.627563,39.278242],[-84.626893,39.278467],[-84.626754,39.278219],[-84.626736,39.278091],[-84.62681,39.277918],[-84.626995,39.277768]]]}},{"type":"Feature","properties":{"pid":"051002600205"},"geometry":{"type":"Polygon","coordinates":[[[-84.628217,39.277763],[-84.627751,39.278105],[-84.626995,39.277768],[-84.627152,39.277626],[-84.627292,39.277354],[-84.628217,39.277763]]]}},{"type":"Feature","properties":{"pid":"051002500178"},"geometry":{"type":"Polygon","coordinates":[[[-84.644219,39.257722],[-84.644904,39.2568],[-84.645215,39.257077],[-84.645189,39.257722],[-84.644219,39.257722]]]}},{"type":"Feature","properties":{"pid":"051001600243"},"geometry":{"type":"Polygon","coordinates":[[[-84.617291,39.293333],[-84.618488,39.292871],[-84.618555,39.292968],[-84.617728,39.293288],[-84.617218,39.293791],[-84.617365,39.293996],[-84.616554,39.294449],[-84.615596,39.29483],[-84.615804,39.292772],[-84.617279,39.29297],[-84.617291,39.293333]]]}},{"type":"Feature","properties":{"pid":"051001600249"},"geometry":{"type":"Polygon","coordinates":[[[-84.617728,39.293288],[-84.618555,39.292968],[-84.618588,39.293016],[-84.617773,39.293331],[-84.617303,39.293796],[-84.617458,39.294012],[-84.616595,39.294494],[-84.61747,39.296398],[-84.616758,39.295821],[-84.615578,39.295008],[-84.615596,39.29483],[-84.616554,39.294449],[-84.617365,39.293996],[-84.617218,39.293791],[-84.617728,39.293288]]]}},{"type":"Feature","properties":{"pid":"051001600001"},"geometry":{"type":"Polygon","coordinates":[[[-84.617773,39.293331],[-84.618588,39.293016],[-84.618621,39.293064],[-84.617823,39.293373],[-84.617387,39.293805],[-84.617819,39.294404],[-84.618257,39.293964],[-84.618288,39.294011],[-84.618044,39.296486],[-84.61747,39.296398],[-84.616595,39.294494],[-84.617458,39.294012],[-84.617303,39.293796],[-84.617773,39.293331]]]}},{"type":"Feature","properties":{"pid":"051001840138"},"geometry":{"type":"Polygon","coordinates":[[[-84.616621,39.252926],[-84.615714,39.25319],[-84.615739,39.252454],[-84.616527,39.252543],[-84.616887,39.253361],[-84.616821,39.253381],[-84.616621,39.252926]]]}},{"type":"Feature","properties":{"pid":"051001840024"},"geometry":{"type":"Polygon","coordinates":[[[-84.617427,39.252645],[-84.613072,39.252154],[-84.613105,39.251978],[-84.61358,39.251635],[-84.614177,39.250872],[-84.614735,39.250551],[-84.615011,39.250771],[-84.615262,39.25058],[-84.615549,39.249785],[-84.615871,39.24952],[-84.617662,39.250077],[-84.619498,39.250346],[-84.62058,39.250741],[-84.621493,39.25011],[-84.622251,39.24936],[-84.622282,39.248997],[-84.621707,39.24863],[-84.620524,39.24975],[-84.619848,39.249503],[-84.618666,39.249316],[-84.617909,39.249135],[-84.616295,39.248585],[-84.616038,39.248608],[-84.616013,39.248887],[-84.615734,39.2489],[-84.615464,39.248971],[-84.615219,39.249099],[-84.615043,39.249257],[-84.614928,39.249433],[-84.614649,39.250195],[-84.614717,39.25021],[-84.614601,39.250382],[-84.614164,39.250632],[-84.614124,39.250587],[-84.613914,39.250728],[-84.613306,39.251507],[-84.613007,39.25173],[-84.612841,39.251782],[-84.612784,39.251179],[-84.612896,39.251192],[-84.612878,39.251018],[-84.612525,39.249875],[-84.611409,39.24975],[-84.611463,39.249092],[-84.612071,39.248177],[-84.612149,39.247666],[-84.612798,39.247268],[-84.622408,39.248359],[-84.622074,39.252355],[-84.621227,39.252498],[-84.621213,39.252896],[-84.620333,39.252847],[-84.620309,39.253021],[-84.619589,39.252903],[-84.6174,39.252968],[-84.617427,39.252645]]]}},{"type":"Feature","properties":{"pid":"051001840260"},"geometry":{"type":"Polygon","coordinates":[[[-84.613572,39.252904],[-84.612904,39.252829],[-84.612908,39.252783],[-84.613618,39.252863],[-84.613755,39.252783],[-84.614218,39.252836],[-84.614572,39.252323],[-84.61494,39.252364],[-84.614579,39.252889],[-84.613757,39.252797],[-84.613572,39.252904]]]}},{"type":"Feature","properties":{"pid":"051001840262"},"geometry":{"type":"Polygon","coordinates":[[[-84.612896,39.252923],[-84.6129,39.252876],[-84.613529,39.252946],[-84.613762,39.252811],[-84.614597,39.252905],[-84.615739,39.252454],[-84.615716,39.253011],[-84.61506,39.253008],[-84.614712,39.252933],[-84.613769,39.252826],[-84.613488,39.252989],[-84.612896,39.252923]]]}},{"type":"Feature","properties":{"pid":"051002410005"},"geometry":{"type":"Polygon","coordinates":[[[-84.645356,39.252227],[-84.644535,39.252227],[-84.643677,39.250342],[-84.644231,39.250099],[-84.645356,39.252227]]]}},{"type":"Feature","properties":{"pid":"051002410046"},"geometry":{"type":"Polygon","coordinates":[[[-84.644267,39.250167],[-84.64491,39.249622],[-84.64546,39.249629],[-84.645356,39.252227],[-84.644267,39.250167]]]}},{"type":"Feature","properties":{"pid":"051001600032"},"geometry":{"type":"Polygon","coordinates":[[[-84.615875,39.292198],[-84.615916,39.29231],[-84.61486,39.292201],[-84.615048,39.291377],[-84.615502,39.291442],[-84.615561,39.292179],[-84.615875,39.292198]]]}},{"type":"Feature","properties":{"pid":"051001600229"},"geometry":{"type":"Polygon","coordinates":[[[-84.615166,39.293106],[-84.615331,39.292256],[-84.616229,39.292314],[-84.615955,39.292336],[-84.615804,39.292772],[-84.615763,39.293178],[-84.615166,39.293106]]]}},{"type":"Feature","properties":{"pid":"051001830031"},"geometry":{"type":"Polygon","coordinates":[[[-84.610743,39.251831],[-84.612722,39.25205],[-84.612717,39.252114],[-84.612822,39.252126],[-84.612811,39.252263],[-84.610714,39.252105],[-84.610743,39.251831]]]}},{"type":"Feature","properties":{"pid":"051001830032"},"geometry":{"type":"Polygon","coordinates":[[[-84.612732,39.251935],[-84.612722,39.25205],[-84.610743,39.251831],[-84.610801,39.251283],[-84.61283,39.251508],[-84.612841,39.251825],[-84.612732,39.251935]]]}},{"type":"Feature","properties":{"pid":"051001830150"},"geometry":{"type":"Polygon","coordinates":[[[-84.610191,39.251887],[-84.610022,39.251791],[-84.610101,39.251766],[-84.610106,39.251719],[-84.610039,39.251714],[-84.610069,39.251426],[-84.610136,39.25143],[-84.610144,39.251335],[-84.610791,39.251375],[-84.610742,39.251835],[-84.610175,39.2518],[-84.610191,39.251887]]]}},{"type":"Feature","properties":{"pid":"051001830152"},"geometry":{"type":"Polygon","coordinates":[[[-84.610191,39.251887],[-84.610022,39.251791],[-84.610101,39.251766],[-84.610106,39.251719],[-84.610039,39.251714],[-84.610069,39.251426],[-84.610136,39.25143],[-84.610144,39.251335],[-84.610791,39.251375],[-84.610742,39.251835],[-84.610175,39.2518],[-84.610191,39.251887]]]}},{"type":"Feature","properties":{"pid":"051001830151"},"geometry":{"type":"Polygon","coordinates":[[[-84.610191,39.251887],[-84.610022,39.251791],[-84.610101,39.251766],[-84.610106,39.251719],[-84.610039,39.251714],[-84.610069,39.251426],[-84.610136,39.25143],[-84.610144,39.251335],[-84.610791,39.251375],[-84.610742,39.251835],[-84.610175,39.2518],[-84.610191,39.251887]]]}},{"type":"Feature","properties":{"pid":"051001830139"},"geometry":{"type":"Polygon","coordinates":[[[-84.610191,39.251887],[-84.610022,39.251791],[-84.610101,39.251766],[-84.610106,39.251719],[-84.610039,39.251714],[-84.610069,39.251426],[-84.610136,39.25143],[-84.610144,39.251335],[-84.610791,39.251375],[-84.610742,39.251835],[-84.610175,39.2518],[-84.610191,39.251887]]]}},{"type":"Feature","properties":{"pid":"051001830141"},"geometry":{"type":"Polygon","coordinates":[[[-84.610191,39.251887],[-84.610022,39.251791],[-84.610101,39.251766],[-84.610106,39.251719],[-84.610039,39.251714],[-84.610069,39.251426],[-84.610136,39.25143],[-84.610144,39.251335],[-84.610791,39.251375],[-84.610742,39.251835],[-84.610175,39.2518],[-84.610191,39.251887]]]}},{"type":"Feature","properties":{"pid":"051001830154"},"geometry":{"type":"Polygon","coordinates":[[[-84.610191,39.251887],[-84.610022,39.251791],[-84.610101,39.251766],[-84.610106,39.251719],[-84.610039,39.251714],[-84.610069,39.251426],[-84.610136,39.25143],[-84.610144,39.251335],[-84.610791,39.251375],[-84.610742,39.251835],[-84.610175,39.2518],[-84.610191,39.251887]]]}},{"type":"Feature","properties":{"pid":"051001830138"},"geometry":{"type":"Polygon","coordinates":[[[-84.610191,39.251887],[-84.610022,39.251791],[-84.610101,39.251766],[-84.610106,39.251719],[-84.610039,39.251714],[-84.610069,39.251426],[-84.610136,39.25143],[-84.610144,39.251335],[-84.610791,39.251375],[-84.610742,39.251835],[-84.610175,39.2518],[-84.610191,39.251887]]]}},{"type":"Feature","properties":{"pid":"051001830153"},"geometry":{"type":"Polygon","coordinates":[[[-84.610191,39.251887],[-84.610022,39.251791],[-84.610101,39.251766],[-84.610106,39.251719],[-84.610039,39.251714],[-84.610069,39.251426],[-84.610136,39.25143],[-84.610144,39.251335],[-84.610791,39.251375],[-84.610742,39.251835],[-84.610175,39.2518],[-84.610191,39.251887]]]}},{"type":"Feature","properties":{"pid":"051001830140"},"geometry":{"type":"Polygon","coordinates":[[[-84.610191,39.251887],[-84.610022,39.251791],[-84.610101,39.251766],[-84.610106,39.251719],[-84.610039,39.251714],[-84.610069,39.251426],[-84.610136,39.25143],[-84.610144,39.251335],[-84.610791,39.251375],[-84.610742,39.251835],[-84.610175,39.2518],[-84.610191,39.251887]]]}},{"type":"Feature","properties":{"pid":"051001830143"},"geometry":{"type":"Polygon","coordinates":[[[-84.610191,39.251887],[-84.610022,39.251791],[-84.610101,39.251766],[-84.610106,39.251719],[-84.610039,39.251714],[-84.610069,39.251426],[-84.610136,39.25143],[-84.610144,39.251335],[-84.610791,39.251375],[-84.610742,39.251835],[-84.610175,39.2518],[-84.610191,39.251887]]]}},{"type":"Feature","properties":{"pid":"051001830142"},"geometry":{"type":"Polygon","coordinates":[[[-84.610191,39.251887],[-84.610022,39.251791],[-84.610101,39.251766],[-84.610106,39.251719],[-84.610039,39.251714],[-84.610069,39.251426],[-84.610136,39.25143],[-84.610144,39.251335],[-84.610791,39.251375],[-84.610742,39.251835],[-84.610175,39.2518],[-84.610191,39.251887]]]}},{"type":"Feature","properties":{"pid":"051001830144"},"geometry":{"type":"Polygon","coordinates":[[[-84.610191,39.251887],[-84.610022,39.251791],[-84.610101,39.251766],[-84.610106,39.251719],[-84.610039,39.251714],[-84.610069,39.251426],[-84.610136,39.25143],[-84.610144,39.251335],[-84.610791,39.251375],[-84.610742,39.251835],[-84.610175,39.2518],[-84.610191,39.251887]]]}},{"type":"Feature","properties":{"pid":"051001830147"},"geometry":{"type":"Polygon","coordinates":[[[-84.610191,39.251887],[-84.610022,39.251791],[-84.610101,39.251766],[-84.610106,39.251719],[-84.610039,39.251714],[-84.610069,39.251426],[-84.610136,39.25143],[-84.610144,39.251335],[-84.610791,39.251375],[-84.610742,39.251835],[-84.610175,39.2518],[-84.610191,39.251887]]]}},{"type":"Feature","properties":{"pid":"051001830149"},"geometry":{"type":"Polygon","coordinates":[[[-84.610191,39.251887],[-84.610022,39.251791],[-84.610101,39.251766],[-84.610106,39.251719],[-84.610039,39.251714],[-84.610069,39.251426],[-84.610136,39.25143],[-84.610144,39.251335],[-84.610791,39.251375],[-84.610742,39.251835],[-84.610175,39.2518],[-84.610191,39.251887]]]}},{"type":"Feature","properties":{"pid":"051001830148"},"geometry":{"type":"Polygon","coordinates":[[[-84.610191,39.251887],[-84.610022,39.251791],[-84.610101,39.251766],[-84.610106,39.251719],[-84.610039,39.251714],[-84.610069,39.251426],[-84.610136,39.25143],[-84.610144,39.251335],[-84.610791,39.251375],[-84.610742,39.251835],[-84.610175,39.2518],[-84.610191,39.251887]]]}},{"type":"Feature","properties":{"pid":"051001830146"},"geometry":{"type":"Polygon","coordinates":[[[-84.610191,39.251887],[-84.610022,39.251791],[-84.610101,39.251766],[-84.610106,39.251719],[-84.610039,39.251714],[-84.610069,39.251426],[-84.610136,39.25143],[-84.610144,39.251335],[-84.610791,39.251375],[-84.610742,39.251835],[-84.610175,39.2518],[-84.610191,39.251887]]]}},{"type":"Feature","properties":{"pid":"051001830145"},"geometry":{"type":"Polygon","coordinates":[[[-84.610191,39.251887],[-84.610022,39.251791],[-84.610101,39.251766],[-84.610106,39.251719],[-84.610039,39.251714],[-84.610069,39.251426],[-84.610136,39.25143],[-84.610144,39.251335],[-84.610791,39.251375],[-84.610742,39.251835],[-84.610175,39.2518],[-84.610191,39.251887]]]}},{"type":"Feature","properties":{"pid":"051001830283"},"geometry":{"type":"Polygon","coordinates":[[[-84.610175,39.2518],[-84.610742,39.251835],[-84.610694,39.252287],[-84.610524,39.252304],[-84.610461,39.252134],[-84.610342,39.251991],[-84.609699,39.252428],[-84.609525,39.252122],[-84.60999,39.251773],[-84.610191,39.251887],[-84.610175,39.2518]]]}},{"type":"Feature","properties":{"pid":"051001830280"},"geometry":{"type":"Polygon","coordinates":[[[-84.610175,39.2518],[-84.610742,39.251835],[-84.610694,39.252287],[-84.610524,39.252304],[-84.610461,39.252134],[-84.610342,39.251991],[-84.609699,39.252428],[-84.609525,39.252122],[-84.60999,39.251773],[-84.610191,39.251887],[-84.610175,39.2518]]]}},{"type":"Feature","properties":{"pid":"051001830297"},"geometry":{"type":"Polygon","coordinates":[[[-84.610175,39.2518],[-84.610742,39.251835],[-84.610694,39.252287],[-84.610524,39.252304],[-84.610461,39.252134],[-84.610342,39.251991],[-84.609699,39.252428],[-84.609525,39.252122],[-84.60999,39.251773],[-84.610191,39.251887],[-84.610175,39.2518]]]}},{"type":"Feature","properties":{"pid":"051001830281"},"geometry":{"type":"Polygon","coordinates":[[[-84.610175,39.2518],[-84.610742,39.251835],[-84.610694,39.252287],[-84.610524,39.252304],[-84.610461,39.252134],[-84.610342,39.251991],[-84.609699,39.252428],[-84.609525,39.252122],[-84.60999,39.251773],[-84.610191,39.251887],[-84.610175,39.2518]]]}},{"type":"Feature","properties":{"pid":"051001830295"},"geometry":{"type":"Polygon","coordinates":[[[-84.610175,39.2518],[-84.610742,39.251835],[-84.610694,39.252287],[-84.610524,39.252304],[-84.610461,39.252134],[-84.610342,39.251991],[-84.609699,39.252428],[-84.609525,39.252122],[-84.60999,39.251773],[-84.610191,39.251887],[-84.610175,39.2518]]]}},{"type":"Feature","properties":{"pid":"051001830299"},"geometry":{"type":"Polygon","coordinates":[[[-84.610175,39.2518],[-84.610742,39.251835],[-84.610694,39.252287],[-84.610524,39.252304],[-84.610461,39.252134],[-84.610342,39.251991],[-84.609699,39.252428],[-84.609525,39.252122],[-84.60999,39.251773],[-84.610191,39.251887],[-84.610175,39.2518]]]}},{"type":"Feature","properties":{"pid":"051001830300"},"geometry":{"type":"Polygon","coordinates":[[[-84.610175,39.2518],[-84.610742,39.251835],[-84.610694,39.252287],[-84.610524,39.252304],[-84.610461,39.252134],[-84.610342,39.251991],[-84.609699,39.252428],[-84.609525,39.252122],[-84.60999,39.251773],[-84.610191,39.251887],[-84.610175,39.2518]]]}},{"type":"Feature","properties":{"pid":"051001830296"},"geometry":{"type":"Polygon","coordinates":[[[-84.610175,39.2518],[-84.610742,39.251835],[-84.610694,39.252287],[-84.610524,39.252304],[-84.610461,39.252134],[-84.610342,39.251991],[-84.609699,39.252428],[-84.609525,39.252122],[-84.60999,39.251773],[-84.610191,39.251887],[-84.610175,39.2518]]]}},{"type":"Feature","properties":{"pid":"051001830293"},"geometry":{"type":"Polygon","coordinates":[[[-84.610175,39.2518],[-84.610742,39.251835],[-84.610694,39.252287],[-84.610524,39.252304],[-84.610461,39.252134],[-84.610342,39.251991],[-84.609699,39.252428],[-84.609525,39.252122],[-84.60999,39.251773],[-84.610191,39.251887],[-84.610175,39.2518]]]}},{"type":"Feature","properties":{"pid":"051001830282"},"geometry":{"type":"Polygon","coordinates":[[[-84.610175,39.2518],[-84.610742,39.251835],[-84.610694,39.252287],[-84.610524,39.252304],[-84.610461,39.252134],[-84.610342,39.251991],[-84.609699,39.252428],[-84.609525,39.252122],[-84.60999,39.251773],[-84.610191,39.251887],[-84.610175,39.2518]]]}},{"type":"Feature","properties":{"pid":"051001830298"},"geometry":{"type":"Polygon","coordinates":[[[-84.610175,39.2518],[-84.610742,39.251835],[-84.610694,39.252287],[-84.610524,39.252304],[-84.610461,39.252134],[-84.610342,39.251991],[-84.609699,39.252428],[-84.609525,39.252122],[-84.60999,39.251773],[-84.610191,39.251887],[-84.610175,39.2518]]]}},{"type":"Feature","properties":{"pid":"051001830294"},"geometry":{"type":"Polygon","coordinates":[[[-84.610175,39.2518],[-84.610742,39.251835],[-84.610694,39.252287],[-84.610524,39.252304],[-84.610461,39.252134],[-84.610342,39.251991],[-84.609699,39.252428],[-84.609525,39.252122],[-84.60999,39.251773],[-84.610191,39.251887],[-84.610175,39.2518]]]}},{"type":"Feature","properties":{"pid":"051001830292"},"geometry":{"type":"Polygon","coordinates":[[[-84.610175,39.2518],[-84.610742,39.251835],[-84.610694,39.252287],[-84.610524,39.252304],[-84.610461,39.252134],[-84.610342,39.251991],[-84.609699,39.252428],[-84.609525,39.252122],[-84.60999,39.251773],[-84.610191,39.251887],[-84.610175,39.2518]]]}},{"type":"Feature","properties":{"pid":"051001830288"},"geometry":{"type":"Polygon","coordinates":[[[-84.610175,39.2518],[-84.610742,39.251835],[-84.610694,39.252287],[-84.610524,39.252304],[-84.610461,39.252134],[-84.610342,39.251991],[-84.609699,39.252428],[-84.609525,39.252122],[-84.60999,39.251773],[-84.610191,39.251887],[-84.610175,39.2518]]]}},{"type":"Feature","properties":{"pid":"051001830289"},"geometry":{"type":"Polygon","coordinates":[[[-84.610175,39.2518],[-84.610742,39.251835],[-84.610694,39.252287],[-84.610524,39.252304],[-84.610461,39.252134],[-84.610342,39.251991],[-84.609699,39.252428],[-84.609525,39.252122],[-84.60999,39.251773],[-84.610191,39.251887],[-84.610175,39.2518]]]}},{"type":"Feature","properties":{"pid":"051001830285"},"geometry":{"type":"Polygon","coordinates":[[[-84.610175,39.2518],[-84.610742,39.251835],[-84.610694,39.252287],[-84.610524,39.252304],[-84.610461,39.252134],[-84.610342,39.251991],[-84.609699,39.252428],[-84.609525,39.252122],[-84.60999,39.251773],[-84.610191,39.251887],[-84.610175,39.2518]]]}},{"type":"Feature","properties":{"pid":"051001830290"},"geometry":{"type":"Polygon","coordinates":[[[-84.610175,39.2518],[-84.610742,39.251835],[-84.610694,39.252287],[-84.610524,39.252304],[-84.610461,39.252134],[-84.610342,39.251991],[-84.609699,39.252428],[-84.609525,39.252122],[-84.60999,39.251773],[-84.610191,39.251887],[-84.610175,39.2518]]]}},{"type":"Feature","properties":{"pid":"051001830286"},"geometry":{"type":"Polygon","coordinates":[[[-84.610175,39.2518],[-84.610742,39.251835],[-84.610694,39.252287],[-84.610524,39.252304],[-84.610461,39.252134],[-84.610342,39.251991],[-84.609699,39.252428],[-84.609525,39.252122],[-84.60999,39.251773],[-84.610191,39.251887],[-84.610175,39.2518]]]}},{"type":"Feature","properties":{"pid":"051001830284"},"geometry":{"type":"Polygon","coordinates":[[[-84.610175,39.2518],[-84.610742,39.251835],[-84.610694,39.252287],[-84.610524,39.252304],[-84.610461,39.252134],[-84.610342,39.251991],[-84.609699,39.252428],[-84.609525,39.252122],[-84.60999,39.251773],[-84.610191,39.251887],[-84.610175,39.2518]]]}},{"type":"Feature","properties":{"pid":"051001830291"},"geometry":{"type":"Polygon","coordinates":[[[-84.610175,39.2518],[-84.610742,39.251835],[-84.610694,39.252287],[-84.610524,39.252304],[-84.610461,39.252134],[-84.610342,39.251991],[-84.609699,39.252428],[-84.609525,39.252122],[-84.60999,39.251773],[-84.610191,39.251887],[-84.610175,39.2518]]]}},{"type":"Feature","properties":{"pid":"051001830287"},"geometry":{"type":"Polygon","coordinates":[[[-84.610175,39.2518],[-84.610742,39.251835],[-84.610694,39.252287],[-84.610524,39.252304],[-84.610461,39.252134],[-84.610342,39.251991],[-84.609699,39.252428],[-84.609525,39.252122],[-84.60999,39.251773],[-84.610191,39.251887],[-84.610175,39.2518]]]}},{"type":"Feature","properties":{"pid":"051002600050"},"geometry":{"type":"Polygon","coordinates":[[[-84.624256,39.272085],[-84.624609,39.272426],[-84.624623,39.272305],[-84.625375,39.273046],[-84.625796,39.273263],[-84.622104,39.276871],[-84.619941,39.276928],[-84.620376,39.27216],[-84.624256,39.272085]]]}},{"type":"Feature","properties":{"pid":"051001840130"},"geometry":{"type":"Polygon","coordinates":[[[-84.614476,39.254754],[-84.614691,39.254475],[-84.615404,39.254803],[-84.615022,39.255149],[-84.614476,39.254754]]]}},{"type":"Feature","properties":{"pid":"051001840133"},"geometry":{"type":"Polygon","coordinates":[[[-84.61623,39.253904],[-84.616569,39.254402],[-84.616089,39.254826],[-84.615817,39.254005],[-84.61623,39.253904]]]}},{"type":"Feature","properties":{"pid":"051001840134"},"geometry":{"type":"Polygon","coordinates":[[[-84.61623,39.253904],[-84.616291,39.253876],[-84.616639,39.254386],[-84.617293,39.254244],[-84.617208,39.255323],[-84.616089,39.254826],[-84.616569,39.254402],[-84.61623,39.253904]]]}},{"type":"Feature","properties":{"pid":"051001840135"},"geometry":{"type":"Polygon","coordinates":[[[-84.616291,39.253876],[-84.616624,39.253656],[-84.617293,39.254244],[-84.616639,39.254386],[-84.616291,39.253876]]]}},{"type":"Feature","properties":{"pid":"051001840136"},"geometry":{"type":"Polygon","coordinates":[[[-84.616906,39.253499],[-84.617353,39.253474],[-84.617293,39.254244],[-84.616624,39.253656],[-84.616906,39.253499]]]}},{"type":"Feature","properties":{"pid":"051002500141"},"geometry":{"type":"Polygon","coordinates":[[[-84.63354,39.258035],[-84.633552,39.257728],[-84.634467,39.257731],[-84.634454,39.258103],[-84.63354,39.258035]]]}},{"type":"Feature","properties":{"pid":"051001700170"},"geometry":{"type":"Polygon","coordinates":[[[-84.614032,39.279876],[-84.612467,39.280051],[-84.612447,39.280008],[-84.614015,39.279832],[-84.615886,39.27879],[-84.617582,39.27992],[-84.619439,39.278231],[-84.619807,39.278275],[-84.619748,39.278953],[-84.618171,39.280365],[-84.615882,39.278846],[-84.614032,39.279876]]]}},{"type":"Feature","properties":{"pid":"051001810057"},"geometry":{"type":"Polygon","coordinates":[[[-84.61599,39.25935],[-84.615256,39.259266],[-84.615313,39.259007],[-84.616012,39.259065],[-84.61599,39.25935]]]}},{"type":"Feature","properties":{"pid":"051001840032"},"geometry":{"type":"Polygon","coordinates":[[[-84.619312,39.258727],[-84.61866,39.258652],[-84.618828,39.258282],[-84.619363,39.258367],[-84.619312,39.258727]]]}},{"type":"Feature","properties":{"pid":"051001840042"},"geometry":{"type":"Polygon","coordinates":[[[-84.61936,39.258219],[-84.61885,39.258141],[-84.619204,39.257612],[-84.61952,39.257648],[-84.619416,39.258187],[-84.61936,39.258219]]]}},{"type":"Feature","properties":{"pid":"051001840081"},"geometry":{"type":"Polygon","coordinates":[[[-84.619326,39.259367],[-84.619112,39.259336],[-84.619313,39.259123],[-84.619446,39.258887],[-84.620662,39.259168],[-84.620631,39.259336],[-84.619361,39.259188],[-84.619326,39.259367]]]}},{"type":"Feature","properties":{"pid":"051001840084"},"geometry":{"type":"Polygon","coordinates":[[[-84.61866,39.258652],[-84.618103,39.258587],[-84.618543,39.258159],[-84.618828,39.258282],[-84.61866,39.258652]]]}},{"type":"Feature","properties":{"pid":"051001820133"},"geometry":{"type":"Polygon","coordinates":[[[-84.610296,39.259901],[-84.610281,39.260159],[-84.609566,39.260192],[-84.609591,39.259868],[-84.610296,39.259901]]]}},{"type":"Feature","properties":{"pid":"051001820134"},"geometry":{"type":"Polygon","coordinates":[[[-84.610281,39.260159],[-84.61036,39.260374],[-84.60953,39.260648],[-84.609566,39.260192],[-84.610281,39.260159]]]}},{"type":"Feature","properties":{"pid":"051001820143"},"geometry":{"type":"Polygon","coordinates":[[[-84.610514,39.260296],[-84.610467,39.259964],[-84.611218,39.259999],[-84.611199,39.260328],[-84.610514,39.260296]]]}},{"type":"Feature","properties":{"pid":"051002500204"},"geometry":{"type":"Polygon","coordinates":[[[-84.639804,39.256062],[-84.639919,39.256316],[-84.638615,39.256059],[-84.638673,39.254654],[-84.638821,39.254654],[-84.639686,39.255754],[-84.639627,39.255885],[-84.639804,39.256062]]]}},{"type":"Feature","properties":{"pid":"051002500209"},"geometry":{"type":"Polygon","coordinates":[[[-84.640098,39.256302],[-84.641232,39.25592],[-84.641197,39.256779],[-84.640108,39.256653],[-84.640098,39.256302]]]}},{"type":"Feature","properties":{"pid":"051002500210"},"geometry":{"type":"Polygon","coordinates":[[[-84.640108,39.256653],[-84.641197,39.256779],[-84.641158,39.257724],[-84.640955,39.257726],[-84.639897,39.25713],[-84.640108,39.256653]]]}},{"type":"Feature","properties":{"pid":"051001700185"},"geometry":{"type":"Polygon","coordinates":[[[-84.608741,39.273629],[-84.609176,39.273461],[-84.609452,39.273891],[-84.609189,39.273992],[-84.609218,39.274185],[-84.609102,39.274224],[-84.609057,39.274043],[-84.608698,39.274182],[-84.608741,39.273629]]]}},{"type":"Feature","properties":{"pid":"051001700018"},"geometry":{"type":"Polygon","coordinates":[[[-84.607736,39.272791],[-84.608812,39.27276],[-84.608796,39.27293],[-84.607865,39.272998],[-84.607736,39.272791]]]}},{"type":"Feature","properties":{"pid":"051001700030"},"geometry":{"type":"Polygon","coordinates":[[[-84.60998,39.270235],[-84.607638,39.269949],[-84.607584,39.26929],[-84.607626,39.269122],[-84.610063,39.269427],[-84.60998,39.270235]]]}},{"type":"Feature","properties":{"pid":"051001700086"},"geometry":{"type":"Polygon","coordinates":[[[-84.608788,39.273035],[-84.608025,39.273251],[-84.607877,39.273017],[-84.608796,39.272935],[-84.608788,39.273035]]]}},{"type":"Feature","properties":{"pid":"051001700092"},"geometry":{"type":"Polygon","coordinates":[[[-84.610063,39.269427],[-84.609012,39.269292],[-84.609156,39.26874],[-84.607737,39.268554],[-84.607591,39.269118],[-84.607459,39.269102],[-84.607697,39.268106],[-84.60776,39.267523],[-84.611046,39.268311],[-84.610839,39.270341],[-84.60998,39.270235],[-84.610063,39.269427]]]}},{"type":"Feature","properties":{"pid":"051001700117"},"geometry":{"type":"Polygon","coordinates":[[[-84.612035,39.268859],[-84.6131,39.268927],[-84.613206,39.26795],[-84.613293,39.26797],[-84.613003,39.270605],[-84.611858,39.270466],[-84.612035,39.268859]]]}},{"type":"Feature","properties":{"pid":"051001700143"},"geometry":{"type":"Polygon","coordinates":[[[-84.607554,39.27142],[-84.608924,39.271586],[-84.608891,39.271929],[-84.607582,39.271964],[-84.607554,39.27142]]]}},{"type":"Feature","properties":{"pid":"051001700144"},"geometry":{"type":"Polygon","coordinates":[[[-84.607582,39.271964],[-84.608891,39.271929],[-84.608853,39.272336],[-84.607602,39.27237],[-84.607582,39.271964]]]}},{"type":"Feature","properties":{"pid":"051001700157"},"geometry":{"type":"Polygon","coordinates":[[[-84.60752,39.271001],[-84.608963,39.271178],[-84.608924,39.271586],[-84.607554,39.27142],[-84.60752,39.271001]]]}},{"type":"Feature","properties":{"pid":"051001700159"},"geometry":{"type":"Polygon","coordinates":[[[-84.60733,39.273343],[-84.608071,39.273323],[-84.60837,39.273793],[-84.607285,39.273913],[-84.60733,39.273343]]]}},{"type":"Feature","properties":{"pid":"051001700183"},"geometry":{"type":"Polygon","coordinates":[[[-84.608977,39.274795],[-84.608603,39.274219],[-84.609057,39.274043],[-84.609102,39.274224],[-84.609218,39.274185],[-84.609189,39.273992],[-84.609521,39.273864],[-84.609895,39.27444],[-84.608977,39.274795]]]}},{"type":"Feature","properties":{"pid":"051002500253"},"geometry":{"type":"Polygon","coordinates":[[[-84.633312,39.258334],[-84.633286,39.258883],[-84.63258,39.258862],[-84.632606,39.258314],[-84.633312,39.258334]]]}},{"type":"Feature","properties":{"pid":"051002500255"},"geometry":{"type":"Polygon","coordinates":[[[-84.636731,39.260291],[-84.636653,39.262396],[-84.634664,39.262413],[-84.634824,39.259744],[-84.6352,39.259773],[-84.636083,39.260198],[-84.636731,39.260291]]]}},{"type":"Feature","properties":{"pid":"051002520015"},"geometry":{"type":"Polygon","coordinates":[[[-84.627155,39.259765],[-84.627314,39.259564],[-84.628254,39.259581],[-84.627847,39.260096],[-84.627155,39.259765]]]}},{"type":"Feature","properties":{"pid":"051002500229"},"geometry":{"type":"Polygon","coordinates":[[[-84.629172,39.259597],[-84.631524,39.259582],[-84.631519,39.259637],[-84.629238,39.259651],[-84.629185,39.2602],[-84.631372,39.261121],[-84.631327,39.261573],[-84.628982,39.26157],[-84.629172,39.259597]]]}},{"type":"Feature","properties":{"pid":"051002520013"},"geometry":{"type":"Polygon","coordinates":[[[-84.627325,39.261201],[-84.627916,39.260451],[-84.62904,39.260988],[-84.628949,39.261888],[-84.626673,39.261747],[-84.62662,39.26159],[-84.626158,39.261121],[-84.626185,39.261103],[-84.626653,39.261587],[-84.627325,39.261201]]]}},{"type":"Feature","properties":{"pid":"051002520020"},"geometry":{"type":"Polygon","coordinates":[[[-84.626776,39.260426],[-84.627073,39.260048],[-84.627916,39.260451],[-84.62762,39.260826],[-84.626776,39.260426]]]}},{"type":"Feature","properties":{"pid":"051002500202"},"geometry":{"type":"Polygon","coordinates":[[[-84.638539,39.256198],[-84.638543,39.256101],[-84.639931,39.256375],[-84.639903,39.25673],[-84.639486,39.257546],[-84.639264,39.257508],[-84.638539,39.256198]]]}},{"type":"Feature","properties":{"pid":"051001700161"},"geometry":{"type":"Polygon","coordinates":[[[-84.611956,39.278982],[-84.613013,39.278676],[-84.612781,39.278188],[-84.612775,39.277583],[-84.614087,39.277583],[-84.614099,39.278434],[-84.611983,39.279039],[-84.611956,39.278982]]]}},{"type":"Feature","properties":{"pid":"051001700173"},"geometry":{"type":"Polygon","coordinates":[[[-84.615892,39.278685],[-84.613987,39.279746],[-84.612406,39.279923],[-84.612386,39.27988],[-84.613976,39.279703],[-84.615346,39.278943],[-84.614797,39.27834],[-84.614099,39.278434],[-84.614087,39.277583],[-84.616319,39.277853],[-84.616123,39.278832],[-84.615892,39.278685]]]}},{"type":"Feature","properties":{"pid":"051002600224"},"geometry":{"type":"Polygon","coordinates":[[[-84.628482,39.281613],[-84.626888,39.281639],[-84.627244,39.281002],[-84.627951,39.281129],[-84.628613,39.280691],[-84.628659,39.280733],[-84.627997,39.281171],[-84.628482,39.281613]]]}},{"type":"Feature","properties":{"pid":"051002400082"},"geometry":{"type":"Polygon","coordinates":[[[-84.627284,39.248345],[-84.627533,39.244715],[-84.627947,39.245076],[-84.628191,39.244905],[-84.62843,39.244968],[-84.628599,39.244577],[-84.628578,39.24437],[-84.62869,39.244267],[-84.628833,39.244349],[-84.628583,39.24838],[-84.627284,39.248345]]]}},{"type":"Feature","properties":{"pid":"051002400124"},"geometry":{"type":"Polygon","coordinates":[[[-84.627613,39.243569],[-84.628112,39.243875],[-84.627553,39.244431],[-84.627613,39.243569]]]}},{"type":"Feature","properties":{"pid":"051002400259"},"geometry":{"type":"Polygon","coordinates":[[[-84.627494,39.243497],[-84.627613,39.243569],[-84.627435,39.246148],[-84.626441,39.246101],[-84.626701,39.245167],[-84.627233,39.244925],[-84.627362,39.244371],[-84.627401,39.243809],[-84.627494,39.243497]]]}},{"type":"Feature","properties":{"pid":"051002400260"},"geometry":{"type":"Polygon","coordinates":[[[-84.627401,39.243809],[-84.627362,39.244371],[-84.627233,39.244925],[-84.626701,39.245167],[-84.626441,39.246101],[-84.627433,39.246148],[-84.627382,39.246885],[-84.625125,39.246863],[-84.625187,39.245595],[-84.625849,39.245615],[-84.625909,39.24438],[-84.626492,39.244398],[-84.6269,39.243136],[-84.627494,39.243497],[-84.627401,39.243809]]]}},{"type":"Feature","properties":{"pid":"051002400211"},"geometry":{"type":"Polygon","coordinates":[[[-84.627947,39.245076],[-84.627533,39.244715],[-84.627553,39.244431],[-84.628112,39.243875],[-84.62869,39.244267],[-84.628578,39.24437],[-84.628599,39.244577],[-84.62843,39.244968],[-84.628191,39.244905],[-84.627947,39.245076]]]}},{"type":"Feature","properties":{"pid":"051002400109"},"geometry":{"type":"Polygon","coordinates":[[[-84.628237,39.242919],[-84.628185,39.243559],[-84.627953,39.243778],[-84.627578,39.243548],[-84.628237,39.242919]]]}},{"type":"Feature","properties":{"pid":"051002400176"},"geometry":{"type":"Polygon","coordinates":[[[-84.632799,39.247692],[-84.632848,39.246985],[-84.632998,39.246793],[-84.633366,39.246894],[-84.633314,39.247878],[-84.632799,39.247692]]]}},{"type":"Feature","properties":{"pid":"051002400179"},"geometry":{"type":"Polygon","coordinates":[[[-84.628949,39.239868],[-84.63038,39.239633],[-84.630567,39.239677],[-84.630641,39.238627],[-84.629293,39.237584],[-84.632205,39.237645],[-84.63219,39.238031],[-84.630742,39.238838],[-84.630678,39.239734],[-84.630378,39.239657],[-84.628949,39.239868]]]}},{"type":"Feature","properties":{"pid":"051002400180"},"geometry":{"type":"Polygon","coordinates":[[[-84.631211,39.2399],[-84.630375,39.239686],[-84.629057,39.239904],[-84.628998,39.239884],[-84.630378,39.239657],[-84.630678,39.239734],[-84.630742,39.238838],[-84.63219,39.238031],[-84.632118,39.239919],[-84.631211,39.2399]]]}},{"type":"Feature","properties":{"pid":"051002400184"},"geometry":{"type":"Polygon","coordinates":[[[-84.628892,39.239849],[-84.629335,39.239778],[-84.629403,39.239384],[-84.629286,39.239372],[-84.629293,39.237584],[-84.630641,39.238627],[-84.630567,39.239677],[-84.63038,39.239633],[-84.628949,39.239868],[-84.628892,39.239849]]]}},{"type":"Feature","properties":{"pid":"051002400185"},"geometry":{"type":"Polygon","coordinates":[[[-84.633311,39.240006],[-84.631184,39.239956],[-84.630363,39.239746],[-84.629174,39.239944],[-84.629112,39.239923],[-84.630365,39.239714],[-84.631209,39.239929],[-84.633235,39.239972],[-84.633272,39.238977],[-84.632872,39.238973],[-84.632896,39.23766],[-84.634576,39.237677],[-84.634507,39.238787],[-84.633357,39.238768],[-84.633311,39.240006]]]}},{"type":"Feature","properties":{"pid":"051002400186"},"geometry":{"type":"Polygon","coordinates":[[[-84.625594,39.238894],[-84.626722,39.23784],[-84.626885,39.237746],[-84.627319,39.237758],[-84.626456,39.238985],[-84.625594,39.238894]]]}},{"type":"Feature","properties":{"pid":"051002400191"},"geometry":{"type":"Polygon","coordinates":[[[-84.633314,39.247878],[-84.633364,39.246919],[-84.633366,39.246894],[-84.633513,39.246934],[-84.63391,39.247243],[-84.633876,39.247896],[-84.633314,39.247878]]]}},{"type":"Feature","properties":{"pid":"051002400195"},"geometry":{"type":"Polygon","coordinates":[[[-84.62662,39.239097],[-84.625502,39.238979],[-84.62555,39.238934],[-84.626523,39.239036],[-84.627572,39.237549],[-84.629293,39.237584],[-84.62929,39.238576],[-84.627019,39.238531],[-84.62662,39.239097]]]}},{"type":"Feature","properties":{"pid":"051002410010"},"geometry":{"type":"Polygon","coordinates":[[[-84.640163,39.25223],[-84.63957,39.25223],[-84.63969,39.24941],[-84.641111,39.251096],[-84.640914,39.251148],[-84.640591,39.251475],[-84.640163,39.25223]]]}},{"type":"Feature","properties":{"pid":"051002410013"},"geometry":{"type":"Polygon","coordinates":[[[-84.63969,39.24941],[-84.636496,39.249415],[-84.635334,39.249411],[-84.635383,39.24895],[-84.639705,39.248954],[-84.63969,39.24941]]]}},{"type":"Feature","properties":{"pid":"051002410017"},"geometry":{"type":"Polygon","coordinates":[[[-84.635564,39.250516],[-84.634749,39.250236],[-84.635128,39.249765],[-84.635834,39.250016],[-84.635564,39.250516]]]}},{"type":"Feature","properties":{"pid":"051002410019"},"geometry":{"type":"Polygon","coordinates":[[[-84.635373,39.251425],[-84.634718,39.251433],[-84.634627,39.250972],[-84.634641,39.250818],[-84.635361,39.250826],[-84.635373,39.251425]]]}},{"type":"Feature","properties":{"pid":"051002410021"},"geometry":{"type":"Polygon","coordinates":[[[-84.64353,39.24896],[-84.643646,39.248871],[-84.644625,39.249583],[-84.644471,39.249706],[-84.64353,39.24896]]]}},{"type":"Feature","properties":{"pid":"051002410022"},"geometry":{"type":"Polygon","coordinates":[[[-84.643409,39.249046],[-84.64353,39.24896],[-84.644471,39.249706],[-84.644311,39.249825],[-84.643409,39.249046]]]}},{"type":"Feature","properties":{"pid":"051002410023"},"geometry":{"type":"Polygon","coordinates":[[[-84.643284,39.249128],[-84.643409,39.249046],[-84.644311,39.249825],[-84.644146,39.249938],[-84.643284,39.249128]]]}},{"type":"Feature","properties":{"pid":"051002410024"},"geometry":{"type":"Polygon","coordinates":[[[-84.643155,39.249205],[-84.643284,39.249128],[-84.644146,39.249938],[-84.643973,39.250046],[-84.643155,39.249205]]]}},{"type":"Feature","properties":{"pid":"051002410025"},"geometry":{"type":"Polygon","coordinates":[[[-84.643022,39.249279],[-84.643155,39.249205],[-84.643973,39.250046],[-84.643796,39.250149],[-84.643022,39.249279]]]}},{"type":"Feature","properties":{"pid":"051002410026"},"geometry":{"type":"Polygon","coordinates":[[[-84.642884,39.249348],[-84.643022,39.249279],[-84.643796,39.250149],[-84.643613,39.250246],[-84.642884,39.249348]]]}},{"type":"Feature","properties":{"pid":"051002410028"},"geometry":{"type":"Polygon","coordinates":[[[-84.6426,39.249473],[-84.642744,39.249413],[-84.643426,39.250336],[-84.643234,39.250421],[-84.6426,39.249473]]]}},{"type":"Feature","properties":{"pid":"051002410029"},"geometry":{"type":"Polygon","coordinates":[[[-84.642453,39.249529],[-84.6426,39.249473],[-84.643234,39.250421],[-84.643037,39.2505],[-84.642453,39.249529]]]}},{"type":"Feature","properties":{"pid":"051002410030"},"geometry":{"type":"Polygon","coordinates":[[[-84.642303,39.24958],[-84.642453,39.249529],[-84.643037,39.2505],[-84.642837,39.250572],[-84.642303,39.24958]]]}},{"type":"Feature","properties":{"pid":"051002410031"},"geometry":{"type":"Polygon","coordinates":[[[-84.642151,39.249627],[-84.642303,39.24958],[-84.642837,39.250572],[-84.642633,39.250638],[-84.642151,39.249627]]]}},{"type":"Feature","properties":{"pid":"051002410033"},"geometry":{"type":"Polygon","coordinates":[[[-84.64184,39.249705],[-84.641997,39.249668],[-84.642426,39.250698],[-84.642215,39.250751],[-84.64184,39.249705]]]}},{"type":"Feature","properties":{"pid":"051002410034"},"geometry":{"type":"Polygon","coordinates":[[[-84.641682,39.249736],[-84.64184,39.249705],[-84.642215,39.250751],[-84.642002,39.250797],[-84.641682,39.249736]]]}},{"type":"Feature","properties":{"pid":"051002410039"},"geometry":{"type":"Polygon","coordinates":[[[-84.635794,39.249934],[-84.635165,39.249721],[-84.635313,39.249451],[-84.63576,39.249536],[-84.635794,39.249934]]]}},{"type":"Feature","properties":{"pid":"051002500194"},"geometry":{"type":"Polygon","coordinates":[[[-84.641365,39.252935],[-84.640325,39.252605],[-84.640005,39.252417],[-84.640176,39.25223],[-84.641399,39.252229],[-84.641365,39.252935]]]}},{"type":"Feature","properties":{"pid":"051002510046"},"geometry":{"type":"Polygon","coordinates":[[[-84.631759,39.253267],[-84.630852,39.253218],[-84.630972,39.252986],[-84.63178,39.25302],[-84.631759,39.253267]]]}},{"type":"Feature","properties":{"pid":"051002510047"},"geometry":{"type":"Polygon","coordinates":[[[-84.63178,39.25302],[-84.630972,39.252986],[-84.630935,39.25292],[-84.631835,39.25239],[-84.63178,39.25302]]]}},{"type":"Feature","properties":{"pid":"051002510048"},"geometry":{"type":"Polygon","coordinates":[[[-84.630857,39.252886],[-84.631047,39.252236],[-84.631848,39.252235],[-84.631835,39.25239],[-84.630935,39.25292],[-84.630857,39.252886]]]}},{"type":"Feature","properties":{"pid":"051002510049"},"geometry":{"type":"Polygon","coordinates":[[[-84.630768,39.252896],[-84.630331,39.252236],[-84.631047,39.252236],[-84.630852,39.252885],[-84.630768,39.252896]]]}},{"type":"Feature","properties":{"pid":"051002510050"},"geometry":{"type":"Polygon","coordinates":[[[-84.629812,39.252972],[-84.629878,39.252236],[-84.630331,39.252236],[-84.630768,39.252896],[-84.630691,39.252967],[-84.630702,39.253126],[-84.629812,39.252972]]]}},{"type":"Feature","properties":{"pid":"051003300017"},"geometry":{"type":"Polygon","coordinates":[[[-84.646494,39.248569],[-84.646224,39.248222],[-84.646427,39.247981],[-84.647095,39.247691],[-84.647337,39.248314],[-84.646792,39.248445],[-84.646494,39.248569]]]}},{"type":"Feature","properties":{"pid":"051003300018"},"geometry":{"type":"Polygon","coordinates":[[[-84.64762,39.247464],[-84.647738,39.247416],[-84.648635,39.247788],[-84.649192,39.247663],[-84.649566,39.247381],[-84.649563,39.247589],[-84.649276,39.247787],[-84.647873,39.248098],[-84.64762,39.247464]]]}},{"type":"Feature","properties":{"pid":"051003300040"},"geometry":{"type":"Polygon","coordinates":[[[-84.645481,39.249099],[-84.645492,39.248812],[-84.646039,39.248442],[-84.646224,39.248222],[-84.646494,39.248569],[-84.646012,39.24877],[-84.645481,39.249099]]]}},{"type":"Feature","properties":{"pid":"051003300063"},"geometry":{"type":"Polygon","coordinates":[[[-84.652292,39.25114],[-84.6518,39.250362],[-84.652116,39.250239],[-84.652701,39.251164],[-84.652292,39.25114]]]}},{"type":"Feature","properties":{"pid":"051003300064"},"geometry":{"type":"Polygon","coordinates":[[[-84.652701,39.251164],[-84.652116,39.250239],[-84.652431,39.250116],[-84.65311,39.251188],[-84.652701,39.251164]]]}},{"type":"Feature","properties":{"pid":"051003300065"},"geometry":{"type":"Polygon","coordinates":[[[-84.65311,39.251188],[-84.652431,39.250116],[-84.652746,39.249992],[-84.65354,39.251228],[-84.65311,39.251188]]]}},{"type":"Feature","properties":{"pid":"051003300066"},"geometry":{"type":"Polygon","coordinates":[[[-84.65354,39.251228],[-84.652746,39.249992],[-84.653061,39.249868],[-84.653936,39.251249],[-84.65354,39.251228]]]}},{"type":"Feature","properties":{"pid":"051003300067"},"geometry":{"type":"Polygon","coordinates":[[[-84.653936,39.251249],[-84.653061,39.249868],[-84.653338,39.24976],[-84.654299,39.251269],[-84.653936,39.251249]]]}},{"type":"Feature","properties":{"pid":"051003300105"},"geometry":{"type":"Polygon","coordinates":[[[-84.647337,39.248314],[-84.647095,39.247691],[-84.64762,39.247464],[-84.647904,39.248177],[-84.647337,39.248314]]]}},{"type":"Feature","properties":{"pid":"051001830034"},"geometry":{"type":"Polygon","coordinates":[[[-84.611794,39.251393],[-84.611832,39.251084],[-84.612784,39.251179],[-84.61283,39.251508],[-84.611794,39.251393]]]}},{"type":"Feature","properties":{"pid":"051001830035"},"geometry":{"type":"Polygon","coordinates":[[[-84.610801,39.251283],[-84.610832,39.250982],[-84.611832,39.251084],[-84.611794,39.251393],[-84.610801,39.251283]]]}},{"type":"Feature","properties":{"pid":"051001830046"},"geometry":{"type":"Polygon","coordinates":[[[-84.6069,39.253452],[-84.606994,39.252251],[-84.607862,39.251509],[-84.607946,39.251226],[-84.608468,39.250713],[-84.609743,39.250857],[-84.609548,39.251135],[-84.608799,39.251917],[-84.60757,39.252974],[-84.6069,39.253452]]]}},{"type":"Feature","properties":{"pid":"051001830159"},"geometry":{"type":"Polygon","coordinates":[[[-84.610136,39.25143],[-84.609832,39.251412],[-84.609842,39.251299],[-84.609722,39.251193],[-84.60954,39.251133],[-84.609743,39.250857],[-84.610832,39.250982],[-84.610791,39.251375],[-84.610144,39.251335],[-84.610136,39.25143]]]}},{"type":"Feature","properties":{"pid":"051001830158"},"geometry":{"type":"Polygon","coordinates":[[[-84.610136,39.25143],[-84.609832,39.251412],[-84.609842,39.251299],[-84.609722,39.251193],[-84.60954,39.251133],[-84.609743,39.250857],[-84.610832,39.250982],[-84.610791,39.251375],[-84.610144,39.251335],[-84.610136,39.25143]]]}},{"type":"Feature","properties":{"pid":"051001830180"},"geometry":{"type":"Polygon","coordinates":[[[-84.610136,39.25143],[-84.609832,39.251412],[-84.609842,39.251299],[-84.609722,39.251193],[-84.60954,39.251133],[-84.609743,39.250857],[-84.610832,39.250982],[-84.610791,39.251375],[-84.610144,39.251335],[-84.610136,39.25143]]]}},{"type":"Feature","properties":{"pid":"051001830166"},"geometry":{"type":"Polygon","coordinates":[[[-84.610136,39.25143],[-84.609832,39.251412],[-84.609842,39.251299],[-84.609722,39.251193],[-84.60954,39.251133],[-84.609743,39.250857],[-84.610832,39.250982],[-84.610791,39.251375],[-84.610144,39.251335],[-84.610136,39.25143]]]}},{"type":"Feature","properties":{"pid":"051001830173"},"geometry":{"type":"Polygon","coordinates":[[[-84.610136,39.25143],[-84.609832,39.251412],[-84.609842,39.251299],[-84.609722,39.251193],[-84.60954,39.251133],[-84.609743,39.250857],[-84.610832,39.250982],[-84.610791,39.251375],[-84.610144,39.251335],[-84.610136,39.25143]]]}},{"type":"Feature","properties":{"pid":"051001830156"},"geometry":{"type":"Polygon","coordinates":[[[-84.610136,39.25143],[-84.609832,39.251412],[-84.609842,39.251299],[-84.609722,39.251193],[-84.60954,39.251133],[-84.609743,39.250857],[-84.610832,39.250982],[-84.610791,39.251375],[-84.610144,39.251335],[-84.610136,39.25143]]]}},{"type":"Feature","properties":{"pid":"051001830155"},"geometry":{"type":"Polygon","coordinates":[[[-84.610136,39.25143],[-84.609832,39.251412],[-84.609842,39.251299],[-84.609722,39.251193],[-84.60954,39.251133],[-84.609743,39.250857],[-84.610832,39.250982],[-84.610791,39.251375],[-84.610144,39.251335],[-84.610136,39.25143]]]}},{"type":"Feature","properties":{"pid":"051001830170"},"geometry":{"type":"Polygon","coordinates":[[[-84.610136,39.25143],[-84.609832,39.251412],[-84.609842,39.251299],[-84.609722,39.251193],[-84.60954,39.251133],[-84.609743,39.250857],[-84.610832,39.250982],[-84.610791,39.251375],[-84.610144,39.251335],[-84.610136,39.25143]]]}},{"type":"Feature","properties":{"pid":"051001830157"},"geometry":{"type":"Polygon","coordinates":[[[-84.610136,39.25143],[-84.609832,39.251412],[-84.609842,39.251299],[-84.609722,39.251193],[-84.60954,39.251133],[-84.609743,39.250857],[-84.610832,39.250982],[-84.610791,39.251375],[-84.610144,39.251335],[-84.610136,39.25143]]]}},{"type":"Feature","properties":{"pid":"051001830168"},"geometry":{"type":"Polygon","coordinates":[[[-84.610136,39.25143],[-84.609832,39.251412],[-84.609842,39.251299],[-84.609722,39.251193],[-84.60954,39.251133],[-84.609743,39.250857],[-84.610832,39.250982],[-84.610791,39.251375],[-84.610144,39.251335],[-84.610136,39.25143]]]}},{"type":"Feature","properties":{"pid":"051001830174"},"geometry":{"type":"Polygon","coordinates":[[[-84.610136,39.25143],[-84.609832,39.251412],[-84.609842,39.251299],[-84.609722,39.251193],[-84.60954,39.251133],[-84.609743,39.250857],[-84.610832,39.250982],[-84.610791,39.251375],[-84.610144,39.251335],[-84.610136,39.25143]]]}},{"type":"Feature","properties":{"pid":"051001830169"},"geometry":{"type":"Polygon","coordinates":[[[-84.610136,39.25143],[-84.609832,39.251412],[-84.609842,39.251299],[-84.609722,39.251193],[-84.60954,39.251133],[-84.609743,39.250857],[-84.610832,39.250982],[-84.610791,39.251375],[-84.610144,39.251335],[-84.610136,39.25143]]]}},{"type":"Feature","properties":{"pid":"051001830160"},"geometry":{"type":"Polygon","coordinates":[[[-84.610136,39.25143],[-84.609832,39.251412],[-84.609842,39.251299],[-84.609722,39.251193],[-84.60954,39.251133],[-84.609743,39.250857],[-84.610832,39.250982],[-84.610791,39.251375],[-84.610144,39.251335],[-84.610136,39.25143]]]}},{"type":"Feature","properties":{"pid":"051001830165"},"geometry":{"type":"Polygon","coordinates":[[[-84.610136,39.25143],[-84.609832,39.251412],[-84.609842,39.251299],[-84.609722,39.251193],[-84.60954,39.251133],[-84.609743,39.250857],[-84.610832,39.250982],[-84.610791,39.251375],[-84.610144,39.251335],[-84.610136,39.25143]]]}},{"type":"Feature","properties":{"pid":"051001830164"},"geometry":{"type":"Polygon","coordinates":[[[-84.610136,39.25143],[-84.609832,39.251412],[-84.609842,39.251299],[-84.609722,39.251193],[-84.60954,39.251133],[-84.609743,39.250857],[-84.610832,39.250982],[-84.610791,39.251375],[-84.610144,39.251335],[-84.610136,39.25143]]]}},{"type":"Feature","properties":{"pid":"051001830167"},"geometry":{"type":"Polygon","coordinates":[[[-84.610136,39.25143],[-84.609832,39.251412],[-84.609842,39.251299],[-84.609722,39.251193],[-84.60954,39.251133],[-84.609743,39.250857],[-84.610832,39.250982],[-84.610791,39.251375],[-84.610144,39.251335],[-84.610136,39.25143]]]}},{"type":"Feature","properties":{"pid":"051001830176"},"geometry":{"type":"Polygon","coordinates":[[[-84.610136,39.25143],[-84.609832,39.251412],[-84.609842,39.251299],[-84.609722,39.251193],[-84.60954,39.251133],[-84.609743,39.250857],[-84.610832,39.250982],[-84.610791,39.251375],[-84.610144,39.251335],[-84.610136,39.25143]]]}},{"type":"Feature","properties":{"pid":"051001830161"},"geometry":{"type":"Polygon","coordinates":[[[-84.610136,39.25143],[-84.609832,39.251412],[-84.609842,39.251299],[-84.609722,39.251193],[-84.60954,39.251133],[-84.609743,39.250857],[-84.610832,39.250982],[-84.610791,39.251375],[-84.610144,39.251335],[-84.610136,39.25143]]]}},{"type":"Feature","properties":{"pid":"051001830163"},"geometry":{"type":"Polygon","coordinates":[[[-84.610136,39.25143],[-84.609832,39.251412],[-84.609842,39.251299],[-84.609722,39.251193],[-84.60954,39.251133],[-84.609743,39.250857],[-84.610832,39.250982],[-84.610791,39.251375],[-84.610144,39.251335],[-84.610136,39.25143]]]}},{"type":"Feature","properties":{"pid":"051001830162"},"geometry":{"type":"Polygon","coordinates":[[[-84.610136,39.25143],[-84.609832,39.251412],[-84.609842,39.251299],[-84.609722,39.251193],[-84.60954,39.251133],[-84.609743,39.250857],[-84.610832,39.250982],[-84.610791,39.251375],[-84.610144,39.251335],[-84.610136,39.25143]]]}},{"type":"Feature","properties":{"pid":"051001830171"},"geometry":{"type":"Polygon","coordinates":[[[-84.610136,39.25143],[-84.609832,39.251412],[-84.609842,39.251299],[-84.609722,39.251193],[-84.60954,39.251133],[-84.609743,39.250857],[-84.610832,39.250982],[-84.610791,39.251375],[-84.610144,39.251335],[-84.610136,39.25143]]]}},{"type":"Feature","properties":{"pid":"051001830175"},"geometry":{"type":"Polygon","coordinates":[[[-84.610136,39.25143],[-84.609832,39.251412],[-84.609842,39.251299],[-84.609722,39.251193],[-84.60954,39.251133],[-84.609743,39.250857],[-84.610832,39.250982],[-84.610791,39.251375],[-84.610144,39.251335],[-84.610136,39.25143]]]}},{"type":"Feature","properties":{"pid":"051001830178"},"geometry":{"type":"Polygon","coordinates":[[[-84.610136,39.25143],[-84.609832,39.251412],[-84.609842,39.251299],[-84.609722,39.251193],[-84.60954,39.251133],[-84.609743,39.250857],[-84.610832,39.250982],[-84.610791,39.251375],[-84.610144,39.251335],[-84.610136,39.25143]]]}},{"type":"Feature","properties":{"pid":"051001830186"},"geometry":{"type":"Polygon","coordinates":[[[-84.610136,39.25143],[-84.609832,39.251412],[-84.609842,39.251299],[-84.609722,39.251193],[-84.60954,39.251133],[-84.609743,39.250857],[-84.610832,39.250982],[-84.610791,39.251375],[-84.610144,39.251335],[-84.610136,39.25143]]]}},{"type":"Feature","properties":{"pid":"051001830188"},"geometry":{"type":"Polygon","coordinates":[[[-84.610136,39.25143],[-84.609832,39.251412],[-84.609842,39.251299],[-84.609722,39.251193],[-84.60954,39.251133],[-84.609743,39.250857],[-84.610832,39.250982],[-84.610791,39.251375],[-84.610144,39.251335],[-84.610136,39.25143]]]}},{"type":"Feature","properties":{"pid":"051001830179"},"geometry":{"type":"Polygon","coordinates":[[[-84.610136,39.25143],[-84.609832,39.251412],[-84.609842,39.251299],[-84.609722,39.251193],[-84.60954,39.251133],[-84.609743,39.250857],[-84.610832,39.250982],[-84.610791,39.251375],[-84.610144,39.251335],[-84.610136,39.25143]]]}},{"type":"Feature","properties":{"pid":"051001830187"},"geometry":{"type":"Polygon","coordinates":[[[-84.610136,39.25143],[-84.609832,39.251412],[-84.609842,39.251299],[-84.609722,39.251193],[-84.60954,39.251133],[-84.609743,39.250857],[-84.610832,39.250982],[-84.610791,39.251375],[-84.610144,39.251335],[-84.610136,39.25143]]]}},{"type":"Feature","properties":{"pid":"051001830181"},"geometry":{"type":"Polygon","coordinates":[[[-84.610136,39.25143],[-84.609832,39.251412],[-84.609842,39.251299],[-84.609722,39.251193],[-84.60954,39.251133],[-84.609743,39.250857],[-84.610832,39.250982],[-84.610791,39.251375],[-84.610144,39.251335],[-84.610136,39.25143]]]}},{"type":"Feature","properties":{"pid":"051001830189"},"geometry":{"type":"Polygon","coordinates":[[[-84.610136,39.25143],[-84.609832,39.251412],[-84.609842,39.251299],[-84.609722,39.251193],[-84.60954,39.251133],[-84.609743,39.250857],[-84.610832,39.250982],[-84.610791,39.251375],[-84.610144,39.251335],[-84.610136,39.25143]]]}},{"type":"Feature","properties":{"pid":"051001830182"},"geometry":{"type":"Polygon","coordinates":[[[-84.610136,39.25143],[-84.609832,39.251412],[-84.609842,39.251299],[-84.609722,39.251193],[-84.60954,39.251133],[-84.609743,39.250857],[-84.610832,39.250982],[-84.610791,39.251375],[-84.610144,39.251335],[-84.610136,39.25143]]]}},{"type":"Feature","properties":{"pid":"051001830190"},"geometry":{"type":"Polygon","coordinates":[[[-84.610136,39.25143],[-84.609832,39.251412],[-84.609842,39.251299],[-84.609722,39.251193],[-84.60954,39.251133],[-84.609743,39.250857],[-84.610832,39.250982],[-84.610791,39.251375],[-84.610144,39.251335],[-84.610136,39.25143]]]}},{"type":"Feature","properties":{"pid":"051001830184"},"geometry":{"type":"Polygon","coordinates":[[[-84.610136,39.25143],[-84.609832,39.251412],[-84.609842,39.251299],[-84.609722,39.251193],[-84.60954,39.251133],[-84.609743,39.250857],[-84.610832,39.250982],[-84.610791,39.251375],[-84.610144,39.251335],[-84.610136,39.25143]]]}},{"type":"Feature","properties":{"pid":"051001830192"},"geometry":{"type":"Polygon","coordinates":[[[-84.610136,39.25143],[-84.609832,39.251412],[-84.609842,39.251299],[-84.609722,39.251193],[-84.60954,39.251133],[-84.609743,39.250857],[-84.610832,39.250982],[-84.610791,39.251375],[-84.610144,39.251335],[-84.610136,39.25143]]]}},{"type":"Feature","properties":{"pid":"051001830183"},"geometry":{"type":"Polygon","coordinates":[[[-84.610136,39.25143],[-84.609832,39.251412],[-84.609842,39.251299],[-84.609722,39.251193],[-84.60954,39.251133],[-84.609743,39.250857],[-84.610832,39.250982],[-84.610791,39.251375],[-84.610144,39.251335],[-84.610136,39.25143]]]}},{"type":"Feature","properties":{"pid":"051001830191"},"geometry":{"type":"Polygon","coordinates":[[[-84.610136,39.25143],[-84.609832,39.251412],[-84.609842,39.251299],[-84.609722,39.251193],[-84.60954,39.251133],[-84.609743,39.250857],[-84.610832,39.250982],[-84.610791,39.251375],[-84.610144,39.251335],[-84.610136,39.25143]]]}},{"type":"Feature","properties":{"pid":"051001830177"},"geometry":{"type":"Polygon","coordinates":[[[-84.610136,39.25143],[-84.609832,39.251412],[-84.609842,39.251299],[-84.609722,39.251193],[-84.60954,39.251133],[-84.609743,39.250857],[-84.610832,39.250982],[-84.610791,39.251375],[-84.610144,39.251335],[-84.610136,39.25143]]]}},{"type":"Feature","properties":{"pid":"051001830185"},"geometry":{"type":"Polygon","coordinates":[[[-84.610136,39.25143],[-84.609832,39.251412],[-84.609842,39.251299],[-84.609722,39.251193],[-84.60954,39.251133],[-84.609743,39.250857],[-84.610832,39.250982],[-84.610791,39.251375],[-84.610144,39.251335],[-84.610136,39.25143]]]}},{"type":"Feature","properties":{"pid":"051001830254"},"geometry":{"type":"Polygon","coordinates":[[[-84.609525,39.252122],[-84.608855,39.251858],[-84.609548,39.251135],[-84.609722,39.251193],[-84.609842,39.251299],[-84.609832,39.251412],[-84.610069,39.251426],[-84.610039,39.251714],[-84.610106,39.251719],[-84.610101,39.251766],[-84.610057,39.251797],[-84.60999,39.251773],[-84.609525,39.252122]]]}},{"type":"Feature","properties":{"pid":"051001830534"},"geometry":{"type":"Polygon","coordinates":[[[-84.607899,39.252689],[-84.608855,39.251858],[-84.609283,39.252027],[-84.608661,39.252696],[-84.608731,39.252743],[-84.60866,39.252804],[-84.60832,39.25266],[-84.608112,39.252839],[-84.607899,39.252689]]]}},{"type":"Feature","properties":{"pid":"051001830532"},"geometry":{"type":"Polygon","coordinates":[[[-84.607899,39.252689],[-84.608855,39.251858],[-84.609283,39.252027],[-84.608661,39.252696],[-84.608731,39.252743],[-84.60866,39.252804],[-84.60832,39.25266],[-84.608112,39.252839],[-84.607899,39.252689]]]}},{"type":"Feature","properties":{"pid":"051001830544"},"geometry":{"type":"Polygon","coordinates":[[[-84.607899,39.252689],[-84.608855,39.251858],[-84.609283,39.252027],[-84.608661,39.252696],[-84.608731,39.252743],[-84.60866,39.252804],[-84.60832,39.25266],[-84.608112,39.252839],[-84.607899,39.252689]]]}},{"type":"Feature","properties":{"pid":"051001830543"},"geometry":{"type":"Polygon","coordinates":[[[-84.607899,39.252689],[-84.608855,39.251858],[-84.609283,39.252027],[-84.608661,39.252696],[-84.608731,39.252743],[-84.60866,39.252804],[-84.60832,39.25266],[-84.608112,39.252839],[-84.607899,39.252689]]]}},{"type":"Feature","properties":{"pid":"051001830531"},"geometry":{"type":"Polygon","coordinates":[[[-84.607899,39.252689],[-84.608855,39.251858],[-84.609283,39.252027],[-84.608661,39.252696],[-84.608731,39.252743],[-84.60866,39.252804],[-84.60832,39.25266],[-84.608112,39.252839],[-84.607899,39.252689]]]}},{"type":"Feature","properties":{"pid":"051001830533"},"geometry":{"type":"Polygon","coordinates":[[[-84.607899,39.252689],[-84.608855,39.251858],[-84.609283,39.252027],[-84.608661,39.252696],[-84.608731,39.252743],[-84.60866,39.252804],[-84.60832,39.25266],[-84.608112,39.252839],[-84.607899,39.252689]]]}},{"type":"Feature","properties":{"pid":"051001830538"},"geometry":{"type":"Polygon","coordinates":[[[-84.607899,39.252689],[-84.608855,39.251858],[-84.609283,39.252027],[-84.608661,39.252696],[-84.608731,39.252743],[-84.60866,39.252804],[-84.60832,39.25266],[-84.608112,39.252839],[-84.607899,39.252689]]]}},{"type":"Feature","properties":{"pid":"051001830542"},"geometry":{"type":"Polygon","coordinates":[[[-84.607899,39.252689],[-84.608855,39.251858],[-84.609283,39.252027],[-84.608661,39.252696],[-84.608731,39.252743],[-84.60866,39.252804],[-84.60832,39.25266],[-84.608112,39.252839],[-84.607899,39.252689]]]}},{"type":"Feature","properties":{"pid":"051001830535"},"geometry":{"type":"Polygon","coordinates":[[[-84.607899,39.252689],[-84.608855,39.251858],[-84.609283,39.252027],[-84.608661,39.252696],[-84.608731,39.252743],[-84.60866,39.252804],[-84.60832,39.25266],[-84.608112,39.252839],[-84.607899,39.252689]]]}},{"type":"Feature","properties":{"pid":"051001830539"},"geometry":{"type":"Polygon","coordinates":[[[-84.607899,39.252689],[-84.608855,39.251858],[-84.609283,39.252027],[-84.608661,39.252696],[-84.608731,39.252743],[-84.60866,39.252804],[-84.60832,39.25266],[-84.608112,39.252839],[-84.607899,39.252689]]]}},{"type":"Feature","properties":{"pid":"051001830536"},"geometry":{"type":"Polygon","coordinates":[[[-84.607899,39.252689],[-84.608855,39.251858],[-84.609283,39.252027],[-84.608661,39.252696],[-84.608731,39.252743],[-84.60866,39.252804],[-84.60832,39.25266],[-84.608112,39.252839],[-84.607899,39.252689]]]}},{"type":"Feature","properties":{"pid":"051001830540"},"geometry":{"type":"Polygon","coordinates":[[[-84.607899,39.252689],[-84.608855,39.251858],[-84.609283,39.252027],[-84.608661,39.252696],[-84.608731,39.252743],[-84.60866,39.252804],[-84.60832,39.25266],[-84.608112,39.252839],[-84.607899,39.252689]]]}},{"type":"Feature","properties":{"pid":"051001830537"},"geometry":{"type":"Polygon","coordinates":[[[-84.607899,39.252689],[-84.608855,39.251858],[-84.609283,39.252027],[-84.608661,39.252696],[-84.608731,39.252743],[-84.60866,39.252804],[-84.60832,39.25266],[-84.608112,39.252839],[-84.607899,39.252689]]]}},{"type":"Feature","properties":{"pid":"051001830541"},"geometry":{"type":"Polygon","coordinates":[[[-84.607899,39.252689],[-84.608855,39.251858],[-84.609283,39.252027],[-84.608661,39.252696],[-84.608731,39.252743],[-84.60866,39.252804],[-84.60832,39.25266],[-84.608112,39.252839],[-84.607899,39.252689]]]}},{"type":"Feature","properties":{"pid":"051001830634"},"geometry":{"type":"Polygon","coordinates":[[[-84.608173,39.253023],[-84.608019,39.252917],[-84.607922,39.253002],[-84.607708,39.252854],[-84.607899,39.252689],[-84.608112,39.252839],[-84.60832,39.25266],[-84.60866,39.252804],[-84.608401,39.253023],[-84.608173,39.253023]]]}},{"type":"Feature","properties":{"pid":"051001830631"},"geometry":{"type":"Polygon","coordinates":[[[-84.608173,39.253023],[-84.608019,39.252917],[-84.607922,39.253002],[-84.607708,39.252854],[-84.607899,39.252689],[-84.608112,39.252839],[-84.60832,39.25266],[-84.60866,39.252804],[-84.608401,39.253023],[-84.608173,39.253023]]]}},{"type":"Feature","properties":{"pid":"051001830617"},"geometry":{"type":"Polygon","coordinates":[[[-84.608173,39.253023],[-84.608019,39.252917],[-84.607922,39.253002],[-84.607708,39.252854],[-84.607899,39.252689],[-84.608112,39.252839],[-84.60832,39.25266],[-84.60866,39.252804],[-84.608401,39.253023],[-84.608173,39.253023]]]}},{"type":"Feature","properties":{"pid":"051001830629"},"geometry":{"type":"Polygon","coordinates":[[[-84.608173,39.253023],[-84.608019,39.252917],[-84.607922,39.253002],[-84.607708,39.252854],[-84.607899,39.252689],[-84.608112,39.252839],[-84.60832,39.25266],[-84.60866,39.252804],[-84.608401,39.253023],[-84.608173,39.253023]]]}},{"type":"Feature","properties":{"pid":"051001830618"},"geometry":{"type":"Polygon","coordinates":[[[-84.608173,39.253023],[-84.608019,39.252917],[-84.607922,39.253002],[-84.607708,39.252854],[-84.607899,39.252689],[-84.608112,39.252839],[-84.60832,39.25266],[-84.60866,39.252804],[-84.608401,39.253023],[-84.608173,39.253023]]]}},{"type":"Feature","properties":{"pid":"051001830630"},"geometry":{"type":"Polygon","coordinates":[[[-84.608173,39.253023],[-84.608019,39.252917],[-84.607922,39.253002],[-84.607708,39.252854],[-84.607899,39.252689],[-84.608112,39.252839],[-84.60832,39.25266],[-84.60866,39.252804],[-84.608401,39.253023],[-84.608173,39.253023]]]}},{"type":"Feature","properties":{"pid":"051001830620"},"geometry":{"type":"Polygon","coordinates":[[[-84.608173,39.253023],[-84.608019,39.252917],[-84.607922,39.253002],[-84.607708,39.252854],[-84.607899,39.252689],[-84.608112,39.252839],[-84.60832,39.25266],[-84.60866,39.252804],[-84.608401,39.253023],[-84.608173,39.253023]]]}},{"type":"Feature","properties":{"pid":"051001830633"},"geometry":{"type":"Polygon","coordinates":[[[-84.608173,39.253023],[-84.608019,39.252917],[-84.607922,39.253002],[-84.607708,39.252854],[-84.607899,39.252689],[-84.608112,39.252839],[-84.60832,39.25266],[-84.60866,39.252804],[-84.608401,39.253023],[-84.608173,39.253023]]]}},{"type":"Feature","properties":{"pid":"051001830627"},"geometry":{"type":"Polygon","coordinates":[[[-84.608173,39.253023],[-84.608019,39.252917],[-84.607922,39.253002],[-84.607708,39.252854],[-84.607899,39.252689],[-84.608112,39.252839],[-84.60832,39.25266],[-84.60866,39.252804],[-84.608401,39.253023],[-84.608173,39.253023]]]}},{"type":"Feature","properties":{"pid":"051001830632"},"geometry":{"type":"Polygon","coordinates":[[[-84.608173,39.253023],[-84.608019,39.252917],[-84.607922,39.253002],[-84.607708,39.252854],[-84.607899,39.252689],[-84.608112,39.252839],[-84.60832,39.25266],[-84.60866,39.252804],[-84.608401,39.253023],[-84.608173,39.253023]]]}},{"type":"Feature","properties":{"pid":"051001830621"},"geometry":{"type":"Polygon","coordinates":[[[-84.608173,39.253023],[-84.608019,39.252917],[-84.607922,39.253002],[-84.607708,39.252854],[-84.607899,39.252689],[-84.608112,39.252839],[-84.60832,39.25266],[-84.60866,39.252804],[-84.608401,39.253023],[-84.608173,39.253023]]]}},{"type":"Feature","properties":{"pid":"051001830625"},"geometry":{"type":"Polygon","coordinates":[[[-84.608173,39.253023],[-84.608019,39.252917],[-84.607922,39.253002],[-84.607708,39.252854],[-84.607899,39.252689],[-84.608112,39.252839],[-84.60832,39.25266],[-84.60866,39.252804],[-84.608401,39.253023],[-84.608173,39.253023]]]}},{"type":"Feature","properties":{"pid":"051001830624"},"geometry":{"type":"Polygon","coordinates":[[[-84.608173,39.253023],[-84.608019,39.252917],[-84.607922,39.253002],[-84.607708,39.252854],[-84.607899,39.252689],[-84.608112,39.252839],[-84.60832,39.25266],[-84.60866,39.252804],[-84.608401,39.253023],[-84.608173,39.253023]]]}},{"type":"Feature","properties":{"pid":"051001830628"},"geometry":{"type":"Polygon","coordinates":[[[-84.608173,39.253023],[-84.608019,39.252917],[-84.607922,39.253002],[-84.607708,39.252854],[-84.607899,39.252689],[-84.608112,39.252839],[-84.60832,39.25266],[-84.60866,39.252804],[-84.608401,39.253023],[-84.608173,39.253023]]]}},{"type":"Feature","properties":{"pid":"051001830622"},"geometry":{"type":"Polygon","coordinates":[[[-84.608173,39.253023],[-84.608019,39.252917],[-84.607922,39.253002],[-84.607708,39.252854],[-84.607899,39.252689],[-84.608112,39.252839],[-84.60832,39.25266],[-84.60866,39.252804],[-84.608401,39.253023],[-84.608173,39.253023]]]}},{"type":"Feature","properties":{"pid":"051001830626"},"geometry":{"type":"Polygon","coordinates":[[[-84.608173,39.253023],[-84.608019,39.252917],[-84.607922,39.253002],[-84.607708,39.252854],[-84.607899,39.252689],[-84.608112,39.252839],[-84.60832,39.25266],[-84.60866,39.252804],[-84.608401,39.253023],[-84.608173,39.253023]]]}},{"type":"Feature","properties":{"pid":"051001830619"},"geometry":{"type":"Polygon","coordinates":[[[-84.608173,39.253023],[-84.608019,39.252917],[-84.607922,39.253002],[-84.607708,39.252854],[-84.607899,39.252689],[-84.608112,39.252839],[-84.60832,39.25266],[-84.60866,39.252804],[-84.608401,39.253023],[-84.608173,39.253023]]]}},{"type":"Feature","properties":{"pid":"051001830623"},"geometry":{"type":"Polygon","coordinates":[[[-84.608173,39.253023],[-84.608019,39.252917],[-84.607922,39.253002],[-84.607708,39.252854],[-84.607899,39.252689],[-84.608112,39.252839],[-84.60832,39.25266],[-84.60866,39.252804],[-84.608401,39.253023],[-84.608173,39.253023]]]}},{"type":"Feature","properties":{"pid":"051001830654"},"geometry":{"type":"Polygon","coordinates":[[[-84.608194,39.253253],[-84.608173,39.253023],[-84.608401,39.253023],[-84.608447,39.252982],[-84.60886,39.253268],[-84.608684,39.253422],[-84.608587,39.253356],[-84.608479,39.25345],[-84.608194,39.253253]]]}},{"type":"Feature","properties":{"pid":"051001830651"},"geometry":{"type":"Polygon","coordinates":[[[-84.608194,39.253253],[-84.608173,39.253023],[-84.608401,39.253023],[-84.608447,39.252982],[-84.60886,39.253268],[-84.608684,39.253422],[-84.608587,39.253356],[-84.608479,39.25345],[-84.608194,39.253253]]]}},{"type":"Feature","properties":{"pid":"051001830653"},"geometry":{"type":"Polygon","coordinates":[[[-84.608194,39.253253],[-84.608173,39.253023],[-84.608401,39.253023],[-84.608447,39.252982],[-84.60886,39.253268],[-84.608684,39.253422],[-84.608587,39.253356],[-84.608479,39.25345],[-84.608194,39.253253]]]}},{"type":"Feature","properties":{"pid":"051001830652"},"geometry":{"type":"Polygon","coordinates":[[[-84.608194,39.253253],[-84.608173,39.253023],[-84.608401,39.253023],[-84.608447,39.252982],[-84.60886,39.253268],[-84.608684,39.253422],[-84.608587,39.253356],[-84.608479,39.25345],[-84.608194,39.253253]]]}},{"type":"Feature","properties":{"pid":"051001830648"},"geometry":{"type":"Polygon","coordinates":[[[-84.608194,39.253253],[-84.608173,39.253023],[-84.608401,39.253023],[-84.608447,39.252982],[-84.60886,39.253268],[-84.608684,39.253422],[-84.608587,39.253356],[-84.608479,39.25345],[-84.608194,39.253253]]]}},{"type":"Feature","properties":{"pid":"051001830656"},"geometry":{"type":"Polygon","coordinates":[[[-84.608194,39.253253],[-84.608173,39.253023],[-84.608401,39.253023],[-84.608447,39.252982],[-84.60886,39.253268],[-84.608684,39.253422],[-84.608587,39.253356],[-84.608479,39.25345],[-84.608194,39.253253]]]}},{"type":"Feature","properties":{"pid":"051001830649"},"geometry":{"type":"Polygon","coordinates":[[[-84.608194,39.253253],[-84.608173,39.253023],[-84.608401,39.253023],[-84.608447,39.252982],[-84.60886,39.253268],[-84.608684,39.253422],[-84.608587,39.253356],[-84.608479,39.25345],[-84.608194,39.253253]]]}},{"type":"Feature","properties":{"pid":"051001830657"},"geometry":{"type":"Polygon","coordinates":[[[-84.608194,39.253253],[-84.608173,39.253023],[-84.608401,39.253023],[-84.608447,39.252982],[-84.60886,39.253268],[-84.608684,39.253422],[-84.608587,39.253356],[-84.608479,39.25345],[-84.608194,39.253253]]]}},{"type":"Feature","properties":{"pid":"051001830647"},"geometry":{"type":"Polygon","coordinates":[[[-84.608194,39.253253],[-84.608173,39.253023],[-84.608401,39.253023],[-84.608447,39.252982],[-84.60886,39.253268],[-84.608684,39.253422],[-84.608587,39.253356],[-84.608479,39.25345],[-84.608194,39.253253]]]}},{"type":"Feature","properties":{"pid":"051001830655"},"geometry":{"type":"Polygon","coordinates":[[[-84.608194,39.253253],[-84.608173,39.253023],[-84.608401,39.253023],[-84.608447,39.252982],[-84.60886,39.253268],[-84.608684,39.253422],[-84.608587,39.253356],[-84.608479,39.25345],[-84.608194,39.253253]]]}},{"type":"Feature","properties":{"pid":"051001830650"},"geometry":{"type":"Polygon","coordinates":[[[-84.608194,39.253253],[-84.608173,39.253023],[-84.608401,39.253023],[-84.608447,39.252982],[-84.60886,39.253268],[-84.608684,39.253422],[-84.608587,39.253356],[-84.608479,39.25345],[-84.608194,39.253253]]]}},{"type":"Feature","properties":{"pid":"051001830658"},"geometry":{"type":"Polygon","coordinates":[[[-84.608194,39.253253],[-84.608173,39.253023],[-84.608401,39.253023],[-84.608447,39.252982],[-84.60886,39.253268],[-84.608684,39.253422],[-84.608587,39.253356],[-84.608479,39.25345],[-84.608194,39.253253]]]}},{"type":"Feature","properties":{"pid":"051001830667"},"geometry":{"type":"Polygon","coordinates":[[[-84.607827,39.253574],[-84.608194,39.253253],[-84.608479,39.25345],[-84.608587,39.253356],[-84.608684,39.253422],[-84.608224,39.253849],[-84.607827,39.253574]]]}},{"type":"Feature","properties":{"pid":"051001830664"},"geometry":{"type":"Polygon","coordinates":[[[-84.607827,39.253574],[-84.608194,39.253253],[-84.608479,39.25345],[-84.608587,39.253356],[-84.608684,39.253422],[-84.608224,39.253849],[-84.607827,39.253574]]]}},{"type":"Feature","properties":{"pid":"051001830669"},"geometry":{"type":"Polygon","coordinates":[[[-84.607827,39.253574],[-84.608194,39.253253],[-84.608479,39.25345],[-84.608587,39.253356],[-84.608684,39.253422],[-84.608224,39.253849],[-84.607827,39.253574]]]}},{"type":"Feature","properties":{"pid":"051001830666"},"geometry":{"type":"Polygon","coordinates":[[[-84.607827,39.253574],[-84.608194,39.253253],[-84.608479,39.25345],[-84.608587,39.253356],[-84.608684,39.253422],[-84.608224,39.253849],[-84.607827,39.253574]]]}},{"type":"Feature","properties":{"pid":"051001830675"},"geometry":{"type":"Polygon","coordinates":[[[-84.607827,39.253574],[-84.608194,39.253253],[-84.608479,39.25345],[-84.608587,39.253356],[-84.608684,39.253422],[-84.608224,39.253849],[-84.607827,39.253574]]]}},{"type":"Feature","properties":{"pid":"051001830676"},"geometry":{"type":"Polygon","coordinates":[[[-84.607827,39.253574],[-84.608194,39.253253],[-84.608479,39.25345],[-84.608587,39.253356],[-84.608684,39.253422],[-84.608224,39.253849],[-84.607827,39.253574]]]}},{"type":"Feature","properties":{"pid":"051001830672"},"geometry":{"type":"Polygon","coordinates":[[[-84.607827,39.253574],[-84.608194,39.253253],[-84.608479,39.25345],[-84.608587,39.253356],[-84.608684,39.253422],[-84.608224,39.253849],[-84.607827,39.253574]]]}},{"type":"Feature","properties":{"pid":"051001830668"},"geometry":{"type":"Polygon","coordinates":[[[-84.607827,39.253574],[-84.608194,39.253253],[-84.608479,39.25345],[-84.608587,39.253356],[-84.608684,39.253422],[-84.608224,39.253849],[-84.607827,39.253574]]]}},{"type":"Feature","properties":{"pid":"051001830665"},"geometry":{"type":"Polygon","coordinates":[[[-84.607827,39.253574],[-84.608194,39.253253],[-84.608479,39.25345],[-84.608587,39.253356],[-84.608684,39.253422],[-84.608224,39.253849],[-84.607827,39.253574]]]}},{"type":"Feature","properties":{"pid":"051001830663"},"geometry":{"type":"Polygon","coordinates":[[[-84.607827,39.253574],[-84.608194,39.253253],[-84.608479,39.25345],[-84.608587,39.253356],[-84.608684,39.253422],[-84.608224,39.253849],[-84.607827,39.253574]]]}},{"type":"Feature","properties":{"pid":"051001830674"},"geometry":{"type":"Polygon","coordinates":[[[-84.607827,39.253574],[-84.608194,39.253253],[-84.608479,39.25345],[-84.608587,39.253356],[-84.608684,39.253422],[-84.608224,39.253849],[-84.607827,39.253574]]]}},{"type":"Feature","properties":{"pid":"051001830671"},"geometry":{"type":"Polygon","coordinates":[[[-84.607827,39.253574],[-84.608194,39.253253],[-84.608479,39.25345],[-84.608587,39.253356],[-84.608684,39.253422],[-84.608224,39.253849],[-84.607827,39.253574]]]}},{"type":"Feature","properties":{"pid":"051001830670"},"geometry":{"type":"Polygon","coordinates":[[[-84.607827,39.253574],[-84.608194,39.253253],[-84.608479,39.25345],[-84.608587,39.253356],[-84.608684,39.253422],[-84.608224,39.253849],[-84.607827,39.253574]]]}},{"type":"Feature","properties":{"pid":"051001830673"},"geometry":{"type":"Polygon","coordinates":[[[-84.607827,39.253574],[-84.608194,39.253253],[-84.608479,39.25345],[-84.608587,39.253356],[-84.608684,39.253422],[-84.608224,39.253849],[-84.607827,39.253574]]]}},{"type":"Feature","properties":{"pid":"051001830576"},"geometry":{"type":"Polygon","coordinates":[[[-84.608447,39.252982],[-84.608731,39.252743],[-84.608661,39.252696],[-84.609283,39.252027],[-84.609528,39.252124],[-84.609862,39.252721],[-84.609175,39.253002],[-84.60886,39.253268],[-84.608447,39.252982]]]}},{"type":"Feature","properties":{"pid":"051001830578"},"geometry":{"type":"Polygon","coordinates":[[[-84.608447,39.252982],[-84.608731,39.252743],[-84.608661,39.252696],[-84.609283,39.252027],[-84.609528,39.252124],[-84.609862,39.252721],[-84.609175,39.253002],[-84.60886,39.253268],[-84.608447,39.252982]]]}},{"type":"Feature","properties":{"pid":"051001830587"},"geometry":{"type":"Polygon","coordinates":[[[-84.608447,39.252982],[-84.608731,39.252743],[-84.608661,39.252696],[-84.609283,39.252027],[-84.609528,39.252124],[-84.609862,39.252721],[-84.609175,39.253002],[-84.60886,39.253268],[-84.608447,39.252982]]]}},{"type":"Feature","properties":{"pid":"051001830565"},"geometry":{"type":"Polygon","coordinates":[[[-84.608447,39.252982],[-84.608731,39.252743],[-84.608661,39.252696],[-84.609283,39.252027],[-84.609528,39.252124],[-84.609862,39.252721],[-84.609175,39.253002],[-84.60886,39.253268],[-84.608447,39.252982]]]}},{"type":"Feature","properties":{"pid":"051001830554"},"geometry":{"type":"Polygon","coordinates":[[[-84.608447,39.252982],[-84.608731,39.252743],[-84.608661,39.252696],[-84.609283,39.252027],[-84.609528,39.252124],[-84.609862,39.252721],[-84.609175,39.253002],[-84.60886,39.253268],[-84.608447,39.252982]]]}},{"type":"Feature","properties":{"pid":"051001830582"},"geometry":{"type":"Polygon","coordinates":[[[-84.608447,39.252982],[-84.608731,39.252743],[-84.608661,39.252696],[-84.609283,39.252027],[-84.609528,39.252124],[-84.609862,39.252721],[-84.609175,39.253002],[-84.60886,39.253268],[-84.608447,39.252982]]]}},{"type":"Feature","properties":{"pid":"051001830580"},"geometry":{"type":"Polygon","coordinates":[[[-84.608447,39.252982],[-84.608731,39.252743],[-84.608661,39.252696],[-84.609283,39.252027],[-84.609528,39.252124],[-84.609862,39.252721],[-84.609175,39.253002],[-84.60886,39.253268],[-84.608447,39.252982]]]}},{"type":"Feature","properties":{"pid":"051001830579"},"geometry":{"type":"Polygon","coordinates":[[[-84.608447,39.252982],[-84.608731,39.252743],[-84.608661,39.252696],[-84.609283,39.252027],[-84.609528,39.252124],[-84.609862,39.252721],[-84.609175,39.253002],[-84.60886,39.253268],[-84.608447,39.252982]]]}},{"type":"Feature","properties":{"pid":"051001830588"},"geometry":{"type":"Polygon","coordinates":[[[-84.608447,39.252982],[-84.608731,39.252743],[-84.608661,39.252696],[-84.609283,39.252027],[-84.609528,39.252124],[-84.609862,39.252721],[-84.609175,39.253002],[-84.60886,39.253268],[-84.608447,39.252982]]]}},{"type":"Feature","properties":{"pid":"051001830585"},"geometry":{"type":"Polygon","coordinates":[[[-84.608447,39.252982],[-84.608731,39.252743],[-84.608661,39.252696],[-84.609283,39.252027],[-84.609528,39.252124],[-84.609862,39.252721],[-84.609175,39.253002],[-84.60886,39.253268],[-84.608447,39.252982]]]}},{"type":"Feature","properties":{"pid":"051001830581"},"geometry":{"type":"Polygon","coordinates":[[[-84.608447,39.252982],[-84.608731,39.252743],[-84.608661,39.252696],[-84.609283,39.252027],[-84.609528,39.252124],[-84.609862,39.252721],[-84.609175,39.253002],[-84.60886,39.253268],[-84.608447,39.252982]]]}},{"type":"Feature","properties":{"pid":"051001830583"},"geometry":{"type":"Polygon","coordinates":[[[-84.608447,39.252982],[-84.608731,39.252743],[-84.608661,39.252696],[-84.609283,39.252027],[-84.609528,39.252124],[-84.609862,39.252721],[-84.609175,39.253002],[-84.60886,39.253268],[-84.608447,39.252982]]]}},{"type":"Feature","properties":{"pid":"051001830589"},"geometry":{"type":"Polygon","coordinates":[[[-84.608447,39.252982],[-84.608731,39.252743],[-84.608661,39.252696],[-84.609283,39.252027],[-84.609528,39.252124],[-84.609862,39.252721],[-84.609175,39.253002],[-84.60886,39.253268],[-84.608447,39.252982]]]}},{"type":"Feature","properties":{"pid":"051001830566"},"geometry":{"type":"Polygon","coordinates":[[[-84.608447,39.252982],[-84.608731,39.252743],[-84.608661,39.252696],[-84.609283,39.252027],[-84.609528,39.252124],[-84.609862,39.252721],[-84.609175,39.253002],[-84.60886,39.253268],[-84.608447,39.252982]]]}},{"type":"Feature","properties":{"pid":"051001830552"},"geometry":{"type":"Polygon","coordinates":[[[-84.608447,39.252982],[-84.608731,39.252743],[-84.608661,39.252696],[-84.609283,39.252027],[-84.609528,39.252124],[-84.609862,39.252721],[-84.609175,39.253002],[-84.60886,39.253268],[-84.608447,39.252982]]]}},{"type":"Feature","properties":{"pid":"051001830577"},"geometry":{"type":"Polygon","coordinates":[[[-84.608447,39.252982],[-84.608731,39.252743],[-84.608661,39.252696],[-84.609283,39.252027],[-84.609528,39.252124],[-84.609862,39.252721],[-84.609175,39.253002],[-84.60886,39.253268],[-84.608447,39.252982]]]}},{"type":"Feature","properties":{"pid":"051001830567"},"geometry":{"type":"Polygon","coordinates":[[[-84.608447,39.252982],[-84.608731,39.252743],[-84.608661,39.252696],[-84.609283,39.252027],[-84.609528,39.252124],[-84.609862,39.252721],[-84.609175,39.253002],[-84.60886,39.253268],[-84.608447,39.252982]]]}},{"type":"Feature","properties":{"pid":"051001830553"},"geometry":{"type":"Polygon","coordinates":[[[-84.608447,39.252982],[-84.608731,39.252743],[-84.608661,39.252696],[-84.609283,39.252027],[-84.609528,39.252124],[-84.609862,39.252721],[-84.609175,39.253002],[-84.60886,39.253268],[-84.608447,39.252982]]]}},{"type":"Feature","properties":{"pid":"051001830584"},"geometry":{"type":"Polygon","coordinates":[[[-84.608447,39.252982],[-84.608731,39.252743],[-84.608661,39.252696],[-84.609283,39.252027],[-84.609528,39.252124],[-84.609862,39.252721],[-84.609175,39.253002],[-84.60886,39.253268],[-84.608447,39.252982]]]}},{"type":"Feature","properties":{"pid":"051001830564"},"geometry":{"type":"Polygon","coordinates":[[[-84.608447,39.252982],[-84.608731,39.252743],[-84.608661,39.252696],[-84.609283,39.252027],[-84.609528,39.252124],[-84.609862,39.252721],[-84.609175,39.253002],[-84.60886,39.253268],[-84.608447,39.252982]]]}},{"type":"Feature","properties":{"pid":"051001830586"},"geometry":{"type":"Polygon","coordinates":[[[-84.608447,39.252982],[-84.608731,39.252743],[-84.608661,39.252696],[-84.609283,39.252027],[-84.609528,39.252124],[-84.609862,39.252721],[-84.609175,39.253002],[-84.60886,39.253268],[-84.608447,39.252982]]]}},{"type":"Feature","properties":{"pid":"051001830557"},"geometry":{"type":"Polygon","coordinates":[[[-84.608447,39.252982],[-84.608731,39.252743],[-84.608661,39.252696],[-84.609283,39.252027],[-84.609528,39.252124],[-84.609862,39.252721],[-84.609175,39.253002],[-84.60886,39.253268],[-84.608447,39.252982]]]}},{"type":"Feature","properties":{"pid":"051001830561"},"geometry":{"type":"Polygon","coordinates":[[[-84.608447,39.252982],[-84.608731,39.252743],[-84.608661,39.252696],[-84.609283,39.252027],[-84.609528,39.252124],[-84.609862,39.252721],[-84.609175,39.253002],[-84.60886,39.253268],[-84.608447,39.252982]]]}},{"type":"Feature","properties":{"pid":"051001830556"},"geometry":{"type":"Polygon","coordinates":[[[-84.608447,39.252982],[-84.608731,39.252743],[-84.608661,39.252696],[-84.609283,39.252027],[-84.609528,39.252124],[-84.609862,39.252721],[-84.609175,39.253002],[-84.60886,39.253268],[-84.608447,39.252982]]]}},{"type":"Feature","properties":{"pid":"051001830560"},"geometry":{"type":"Polygon","coordinates":[[[-84.608447,39.252982],[-84.608731,39.252743],[-84.608661,39.252696],[-84.609283,39.252027],[-84.609528,39.252124],[-84.609862,39.252721],[-84.609175,39.253002],[-84.60886,39.253268],[-84.608447,39.252982]]]}},{"type":"Feature","properties":{"pid":"051001830558"},"geometry":{"type":"Polygon","coordinates":[[[-84.608447,39.252982],[-84.608731,39.252743],[-84.608661,39.252696],[-84.609283,39.252027],[-84.609528,39.252124],[-84.609862,39.252721],[-84.609175,39.253002],[-84.60886,39.253268],[-84.608447,39.252982]]]}},{"type":"Feature","properties":{"pid":"051001830562"},"geometry":{"type":"Polygon","coordinates":[[[-84.608447,39.252982],[-84.608731,39.252743],[-84.608661,39.252696],[-84.609283,39.252027],[-84.609528,39.252124],[-84.609862,39.252721],[-84.609175,39.253002],[-84.60886,39.253268],[-84.608447,39.252982]]]}},{"type":"Feature","properties":{"pid":"051001830559"},"geometry":{"type":"Polygon","coordinates":[[[-84.608447,39.252982],[-84.608731,39.252743],[-84.608661,39.252696],[-84.609283,39.252027],[-84.609528,39.252124],[-84.609862,39.252721],[-84.609175,39.253002],[-84.60886,39.253268],[-84.608447,39.252982]]]}},{"type":"Feature","properties":{"pid":"051001830563"},"geometry":{"type":"Polygon","coordinates":[[[-84.608447,39.252982],[-84.608731,39.252743],[-84.608661,39.252696],[-84.609283,39.252027],[-84.609528,39.252124],[-84.609862,39.252721],[-84.609175,39.253002],[-84.60886,39.253268],[-84.608447,39.252982]]]}},{"type":"Feature","properties":{"pid":"051001830569"},"geometry":{"type":"Polygon","coordinates":[[[-84.608447,39.252982],[-84.608731,39.252743],[-84.608661,39.252696],[-84.609283,39.252027],[-84.609528,39.252124],[-84.609862,39.252721],[-84.609175,39.253002],[-84.60886,39.253268],[-84.608447,39.252982]]]}},{"type":"Feature","properties":{"pid":"051001830573"},"geometry":{"type":"Polygon","coordinates":[[[-84.608447,39.252982],[-84.608731,39.252743],[-84.608661,39.252696],[-84.609283,39.252027],[-84.609528,39.252124],[-84.609862,39.252721],[-84.609175,39.253002],[-84.60886,39.253268],[-84.608447,39.252982]]]}},{"type":"Feature","properties":{"pid":"051001830568"},"geometry":{"type":"Polygon","coordinates":[[[-84.608447,39.252982],[-84.608731,39.252743],[-84.608661,39.252696],[-84.609283,39.252027],[-84.609528,39.252124],[-84.609862,39.252721],[-84.609175,39.253002],[-84.60886,39.253268],[-84.608447,39.252982]]]}},{"type":"Feature","properties":{"pid":"051001830572"},"geometry":{"type":"Polygon","coordinates":[[[-84.608447,39.252982],[-84.608731,39.252743],[-84.608661,39.252696],[-84.609283,39.252027],[-84.609528,39.252124],[-84.609862,39.252721],[-84.609175,39.253002],[-84.60886,39.253268],[-84.608447,39.252982]]]}},{"type":"Feature","properties":{"pid":"051001830570"},"geometry":{"type":"Polygon","coordinates":[[[-84.608447,39.252982],[-84.608731,39.252743],[-84.608661,39.252696],[-84.609283,39.252027],[-84.609528,39.252124],[-84.609862,39.252721],[-84.609175,39.253002],[-84.60886,39.253268],[-84.608447,39.252982]]]}},{"type":"Feature","properties":{"pid":"051001830574"},"geometry":{"type":"Polygon","coordinates":[[[-84.608447,39.252982],[-84.608731,39.252743],[-84.608661,39.252696],[-84.609283,39.252027],[-84.609528,39.252124],[-84.609862,39.252721],[-84.609175,39.253002],[-84.60886,39.253268],[-84.608447,39.252982]]]}},{"type":"Feature","properties":{"pid":"051001830571"},"geometry":{"type":"Polygon","coordinates":[[[-84.608447,39.252982],[-84.608731,39.252743],[-84.608661,39.252696],[-84.609283,39.252027],[-84.609528,39.252124],[-84.609862,39.252721],[-84.609175,39.253002],[-84.60886,39.253268],[-84.608447,39.252982]]]}},{"type":"Feature","properties":{"pid":"051001830575"},"geometry":{"type":"Polygon","coordinates":[[[-84.608447,39.252982],[-84.608731,39.252743],[-84.608661,39.252696],[-84.609283,39.252027],[-84.609528,39.252124],[-84.609862,39.252721],[-84.609175,39.253002],[-84.60886,39.253268],[-84.608447,39.252982]]]}},{"type":"Feature","properties":{"pid":"051001830555"},"geometry":{"type":"Polygon","coordinates":[[[-84.608447,39.252982],[-84.608731,39.252743],[-84.608661,39.252696],[-84.609283,39.252027],[-84.609528,39.252124],[-84.609862,39.252721],[-84.609175,39.253002],[-84.60886,39.253268],[-84.608447,39.252982]]]}},{"type":"Feature","properties":{"pid":"051001830708"},"geometry":{"type":"Polygon","coordinates":[[[-84.607827,39.253574],[-84.607541,39.253245],[-84.607291,39.253173],[-84.607708,39.252854],[-84.607922,39.253002],[-84.608019,39.252917],[-84.608173,39.253023],[-84.608194,39.253253],[-84.607827,39.253574]]]}},{"type":"Feature","properties":{"pid":"051001830709"},"geometry":{"type":"Polygon","coordinates":[[[-84.607827,39.253574],[-84.607541,39.253245],[-84.607291,39.253173],[-84.607708,39.252854],[-84.607922,39.253002],[-84.608019,39.252917],[-84.608173,39.253023],[-84.608194,39.253253],[-84.607827,39.253574]]]}},{"type":"Feature","properties":{"pid":"051001830705"},"geometry":{"type":"Polygon","coordinates":[[[-84.607827,39.253574],[-84.607541,39.253245],[-84.607291,39.253173],[-84.607708,39.252854],[-84.607922,39.253002],[-84.608019,39.252917],[-84.608173,39.253023],[-84.608194,39.253253],[-84.607827,39.253574]]]}},{"type":"Feature","properties":{"pid":"051001830707"},"geometry":{"type":"Polygon","coordinates":[[[-84.607827,39.253574],[-84.607541,39.253245],[-84.607291,39.253173],[-84.607708,39.252854],[-84.607922,39.253002],[-84.608019,39.252917],[-84.608173,39.253023],[-84.608194,39.253253],[-84.607827,39.253574]]]}},{"type":"Feature","properties":{"pid":"051001830704"},"geometry":{"type":"Polygon","coordinates":[[[-84.607827,39.253574],[-84.607541,39.253245],[-84.607291,39.253173],[-84.607708,39.252854],[-84.607922,39.253002],[-84.608019,39.252917],[-84.608173,39.253023],[-84.608194,39.253253],[-84.607827,39.253574]]]}},{"type":"Feature","properties":{"pid":"051001830706"},"geometry":{"type":"Polygon","coordinates":[[[-84.607827,39.253574],[-84.607541,39.253245],[-84.607291,39.253173],[-84.607708,39.252854],[-84.607922,39.253002],[-84.608019,39.252917],[-84.608173,39.253023],[-84.608194,39.253253],[-84.607827,39.253574]]]}},{"type":"Feature","properties":{"pid":"051001830696"},"geometry":{"type":"Polygon","coordinates":[[[-84.607827,39.253574],[-84.607541,39.253245],[-84.607291,39.253173],[-84.607708,39.252854],[-84.607922,39.253002],[-84.608019,39.252917],[-84.608173,39.253023],[-84.608194,39.253253],[-84.607827,39.253574]]]}},{"type":"Feature","properties":{"pid":"051001830693"},"geometry":{"type":"Polygon","coordinates":[[[-84.607827,39.253574],[-84.607541,39.253245],[-84.607291,39.253173],[-84.607708,39.252854],[-84.607922,39.253002],[-84.608019,39.252917],[-84.608173,39.253023],[-84.608194,39.253253],[-84.607827,39.253574]]]}},{"type":"Feature","properties":{"pid":"051001830703"},"geometry":{"type":"Polygon","coordinates":[[[-84.607827,39.253574],[-84.607541,39.253245],[-84.607291,39.253173],[-84.607708,39.252854],[-84.607922,39.253002],[-84.608019,39.252917],[-84.608173,39.253023],[-84.608194,39.253253],[-84.607827,39.253574]]]}},{"type":"Feature","properties":{"pid":"051001830695"},"geometry":{"type":"Polygon","coordinates":[[[-84.607827,39.253574],[-84.607541,39.253245],[-84.607291,39.253173],[-84.607708,39.252854],[-84.607922,39.253002],[-84.608019,39.252917],[-84.608173,39.253023],[-84.608194,39.253253],[-84.607827,39.253574]]]}},{"type":"Feature","properties":{"pid":"051001830694"},"geometry":{"type":"Polygon","coordinates":[[[-84.607827,39.253574],[-84.607541,39.253245],[-84.607291,39.253173],[-84.607708,39.252854],[-84.607922,39.253002],[-84.608019,39.252917],[-84.608173,39.253023],[-84.608194,39.253253],[-84.607827,39.253574]]]}},{"type":"Feature","properties":{"pid":"051001830702"},"geometry":{"type":"Polygon","coordinates":[[[-84.607827,39.253574],[-84.607541,39.253245],[-84.607291,39.253173],[-84.607708,39.252854],[-84.607922,39.253002],[-84.608019,39.252917],[-84.608173,39.253023],[-84.608194,39.253253],[-84.607827,39.253574]]]}},{"type":"Feature","properties":{"pid":"051001830690"},"geometry":{"type":"Polygon","coordinates":[[[-84.607827,39.253574],[-84.607541,39.253245],[-84.607291,39.253173],[-84.607708,39.252854],[-84.607922,39.253002],[-84.608019,39.252917],[-84.608173,39.253023],[-84.608194,39.253253],[-84.607827,39.253574]]]}},{"type":"Feature","properties":{"pid":"051001830698"},"geometry":{"type":"Polygon","coordinates":[[[-84.607827,39.253574],[-84.607541,39.253245],[-84.607291,39.253173],[-84.607708,39.252854],[-84.607922,39.253002],[-84.608019,39.252917],[-84.608173,39.253023],[-84.608194,39.253253],[-84.607827,39.253574]]]}},{"type":"Feature","properties":{"pid":"051001830689"},"geometry":{"type":"Polygon","coordinates":[[[-84.607827,39.253574],[-84.607541,39.253245],[-84.607291,39.253173],[-84.607708,39.252854],[-84.607922,39.253002],[-84.608019,39.252917],[-84.608173,39.253023],[-84.608194,39.253253],[-84.607827,39.253574]]]}},{"type":"Feature","properties":{"pid":"051001830697"},"geometry":{"type":"Polygon","coordinates":[[[-84.607827,39.253574],[-84.607541,39.253245],[-84.607291,39.253173],[-84.607708,39.252854],[-84.607922,39.253002],[-84.608019,39.252917],[-84.608173,39.253023],[-84.608194,39.253253],[-84.607827,39.253574]]]}},{"type":"Feature","properties":{"pid":"051001830691"},"geometry":{"type":"Polygon","coordinates":[[[-84.607827,39.253574],[-84.607541,39.253245],[-84.607291,39.253173],[-84.607708,39.252854],[-84.607922,39.253002],[-84.608019,39.252917],[-84.608173,39.253023],[-84.608194,39.253253],[-84.607827,39.253574]]]}},{"type":"Feature","properties":{"pid":"051001830699"},"geometry":{"type":"Polygon","coordinates":[[[-84.607827,39.253574],[-84.607541,39.253245],[-84.607291,39.253173],[-84.607708,39.252854],[-84.607922,39.253002],[-84.608019,39.252917],[-84.608173,39.253023],[-84.608194,39.253253],[-84.607827,39.253574]]]}},{"type":"Feature","properties":{"pid":"051001830692"},"geometry":{"type":"Polygon","coordinates":[[[-84.607827,39.253574],[-84.607541,39.253245],[-84.607291,39.253173],[-84.607708,39.252854],[-84.607922,39.253002],[-84.608019,39.252917],[-84.608173,39.253023],[-84.608194,39.253253],[-84.607827,39.253574]]]}},{"type":"Feature","properties":{"pid":"051001830701"},"geometry":{"type":"Polygon","coordinates":[[[-84.607827,39.253574],[-84.607541,39.253245],[-84.607291,39.253173],[-84.607708,39.252854],[-84.607922,39.253002],[-84.608019,39.252917],[-84.608173,39.253023],[-84.608194,39.253253],[-84.607827,39.253574]]]}},{"type":"Feature","properties":{"pid":"051001830700"},"geometry":{"type":"Polygon","coordinates":[[[-84.607827,39.253574],[-84.607541,39.253245],[-84.607291,39.253173],[-84.607708,39.252854],[-84.607922,39.253002],[-84.608019,39.252917],[-84.608173,39.253023],[-84.608194,39.253253],[-84.607827,39.253574]]]}},{"type":"Feature","properties":{"pid":"051001830721"},"geometry":{"type":"Polygon","coordinates":[[[-84.606938,39.253424],[-84.607291,39.253173],[-84.607541,39.253245],[-84.607711,39.25347],[-84.607291,39.253747],[-84.606938,39.253424]]]}},{"type":"Feature","properties":{"pid":"051001830719"},"geometry":{"type":"Polygon","coordinates":[[[-84.606938,39.253424],[-84.607291,39.253173],[-84.607541,39.253245],[-84.607711,39.25347],[-84.607291,39.253747],[-84.606938,39.253424]]]}},{"type":"Feature","properties":{"pid":"051001830718"},"geometry":{"type":"Polygon","coordinates":[[[-84.606938,39.253424],[-84.607291,39.253173],[-84.607541,39.253245],[-84.607711,39.25347],[-84.607291,39.253747],[-84.606938,39.253424]]]}},{"type":"Feature","properties":{"pid":"051001830720"},"geometry":{"type":"Polygon","coordinates":[[[-84.606938,39.253424],[-84.607291,39.253173],[-84.607541,39.253245],[-84.607711,39.25347],[-84.607291,39.253747],[-84.606938,39.253424]]]}},{"type":"Feature","properties":{"pid":"051001830725"},"geometry":{"type":"Polygon","coordinates":[[[-84.606938,39.253424],[-84.607291,39.253173],[-84.607541,39.253245],[-84.607711,39.25347],[-84.607291,39.253747],[-84.606938,39.253424]]]}},{"type":"Feature","properties":{"pid":"051001830717"},"geometry":{"type":"Polygon","coordinates":[[[-84.606938,39.253424],[-84.607291,39.253173],[-84.607541,39.253245],[-84.607711,39.25347],[-84.607291,39.253747],[-84.606938,39.253424]]]}},{"type":"Feature","properties":{"pid":"051001830715"},"geometry":{"type":"Polygon","coordinates":[[[-84.606938,39.253424],[-84.607291,39.253173],[-84.607541,39.253245],[-84.607711,39.25347],[-84.607291,39.253747],[-84.606938,39.253424]]]}},{"type":"Feature","properties":{"pid":"051001830714"},"geometry":{"type":"Polygon","coordinates":[[[-84.606938,39.253424],[-84.607291,39.253173],[-84.607541,39.253245],[-84.607711,39.25347],[-84.607291,39.253747],[-84.606938,39.253424]]]}},{"type":"Feature","properties":{"pid":"051001830723"},"geometry":{"type":"Polygon","coordinates":[[[-84.606938,39.253424],[-84.607291,39.253173],[-84.607541,39.253245],[-84.607711,39.25347],[-84.607291,39.253747],[-84.606938,39.253424]]]}},{"type":"Feature","properties":{"pid":"051001830722"},"geometry":{"type":"Polygon","coordinates":[[[-84.606938,39.253424],[-84.607291,39.253173],[-84.607541,39.253245],[-84.607711,39.25347],[-84.607291,39.253747],[-84.606938,39.253424]]]}},{"type":"Feature","properties":{"pid":"051001830724"},"geometry":{"type":"Polygon","coordinates":[[[-84.606938,39.253424],[-84.607291,39.253173],[-84.607541,39.253245],[-84.607711,39.25347],[-84.607291,39.253747],[-84.606938,39.253424]]]}},{"type":"Feature","properties":{"pid":"051001830716"},"geometry":{"type":"Polygon","coordinates":[[[-84.606938,39.253424],[-84.607291,39.253173],[-84.607541,39.253245],[-84.607711,39.25347],[-84.607291,39.253747],[-84.606938,39.253424]]]}},{"type":"Feature","properties":{"pid":"051001840035"},"geometry":{"type":"Polygon","coordinates":[[[-84.619237,39.253244],[-84.619457,39.253029],[-84.620065,39.253406],[-84.619845,39.253621],[-84.619237,39.253244]]]}},{"type":"Feature","properties":{"pid":"051001840156"},"geometry":{"type":"Polygon","coordinates":[[[-84.617997,39.253479],[-84.617983,39.253423],[-84.618284,39.253438],[-84.618325,39.25294],[-84.619589,39.252903],[-84.61895,39.253525],[-84.617997,39.253479]]]}},{"type":"Feature","properties":{"pid":"051001840157"},"geometry":{"type":"Polygon","coordinates":[[[-84.617983,39.253423],[-84.617865,39.253362],[-84.617899,39.252953],[-84.618325,39.25294],[-84.618284,39.253438],[-84.617983,39.253423]]]}},{"type":"Feature","properties":{"pid":"051001840158"},"geometry":{"type":"Polygon","coordinates":[[[-84.617364,39.253336],[-84.6174,39.252968],[-84.617899,39.252953],[-84.617865,39.253362],[-84.617364,39.253336]]]}},{"type":"Feature","properties":{"pid":"051001900005"},"geometry":{"type":"Polygon","coordinates":[[[-84.612468,39.250457],[-84.611353,39.250365],[-84.611409,39.24975],[-84.612311,39.24985],[-84.612468,39.250457]]]}},{"type":"Feature","properties":{"pid":"051001900065"},"geometry":{"type":"Polygon","coordinates":[[[-84.621852,39.240846],[-84.62091,39.240769],[-84.620746,39.240599],[-84.621793,39.240684],[-84.621852,39.240846]]]}},{"type":"Feature","properties":{"pid":"051001900084"},"geometry":{"type":"Polygon","coordinates":[[[-84.612784,39.251179],[-84.611649,39.251066],[-84.611679,39.250742],[-84.612693,39.250825],[-84.612784,39.251179]]]}},{"type":"Feature","properties":{"pid":"051001900111"},"geometry":{"type":"Polygon","coordinates":[[[-84.611648,39.251066],[-84.6113,39.251034],[-84.611353,39.250365],[-84.61171,39.250395],[-84.611648,39.251066]]]}},{"type":"Feature","properties":{"pid":"051001900160"},"geometry":{"type":"Polygon","coordinates":[[[-84.621908,39.241821],[-84.621757,39.241572],[-84.622347,39.241325],[-84.622513,39.241571],[-84.621908,39.241821]]]}},{"type":"Feature","properties":{"pid":"051001900161"},"geometry":{"type":"Polygon","coordinates":[[[-84.621795,39.241867],[-84.622513,39.241571],[-84.622675,39.241813],[-84.62196,39.242104],[-84.621795,39.241867]]]}},{"type":"Feature","properties":{"pid":"051001900216"},"geometry":{"type":"Polygon","coordinates":[[[-84.611607,39.247133],[-84.612798,39.247268],[-84.612149,39.247666],[-84.612071,39.248177],[-84.611463,39.249092],[-84.611607,39.247133]]]}},{"type":"Feature","properties":{"pid":"051001900228"},"geometry":{"type":"Polygon","coordinates":[[[-84.621883,39.240933],[-84.621484,39.239886],[-84.622547,39.239517],[-84.622532,39.2398],[-84.623218,39.239621],[-84.623164,39.240265],[-84.622413,39.240611],[-84.621883,39.240933]]]}},{"type":"Feature","properties":{"pid":"051001900229"},"geometry":{"type":"Polygon","coordinates":[[[-84.62136,39.241297],[-84.621055,39.240938],[-84.621791,39.240998],[-84.62136,39.241297]]]}},{"type":"Feature","properties":{"pid":"051001900236"},"geometry":{"type":"Polygon","coordinates":[[[-84.622788,39.243304],[-84.62196,39.242104],[-84.622926,39.241712],[-84.622788,39.243304]]]}},{"type":"Feature","properties":{"pid":"051002400002"},"geometry":{"type":"Polygon","coordinates":[[[-84.630698,39.251732],[-84.630745,39.251079],[-84.631076,39.251204],[-84.630698,39.251732]]]}},{"type":"Feature","properties":{"pid":"051002400016"},"geometry":{"type":"Polygon","coordinates":[[[-84.622992,39.250031],[-84.623162,39.248229],[-84.623696,39.247743],[-84.623954,39.248057],[-84.623768,39.25002],[-84.622992,39.250031]]]}},{"type":"Feature","properties":{"pid":"051002400018"},"geometry":{"type":"Polygon","coordinates":[[[-84.62844,39.244098],[-84.628538,39.24404],[-84.62863,39.243986],[-84.628483,39.244127],[-84.62844,39.244098]]]}},{"type":"Feature","properties":{"pid":"051002400019"},"geometry":{"type":"Polygon","coordinates":[[[-84.629729,39.244431],[-84.628948,39.24442],[-84.628483,39.244127],[-84.62863,39.243986],[-84.629113,39.243702],[-84.629729,39.244431]]]}},{"type":"Feature","properties":{"pid":"051002400020"},"geometry":{"type":"Polygon","coordinates":[[[-84.633261,39.24052],[-84.63328,39.240032],[-84.631183,39.239984],[-84.630366,39.239772],[-84.62923,39.239963],[-84.629174,39.239944],[-84.630363,39.239746],[-84.631184,39.239956],[-84.633311,39.240006],[-84.633357,39.238768],[-84.634507,39.238787],[-84.6344,39.240534],[-84.633261,39.24052]]]}},{"type":"Feature","properties":{"pid":"051002400022"},"geometry":{"type":"Polygon","coordinates":[[[-84.626492,39.244398],[-84.623439,39.244307],[-84.62337,39.244161],[-84.624262,39.244173],[-84.624272,39.243767],[-84.623096,39.243755],[-84.622855,39.243403],[-84.623006,39.241774],[-84.626095,39.241843],[-84.626886,39.243179],[-84.626492,39.244398]]]}},{"type":"Feature","properties":{"pid":"051002400032"},"geometry":{"type":"Polygon","coordinates":[[[-84.624322,39.240344],[-84.624315,39.239967],[-84.624606,39.239844],[-84.624844,39.239845],[-84.625228,39.240351],[-84.624322,39.240344]]]}},{"type":"Feature","properties":{"pid":"051002400067"},"geometry":{"type":"MultiPolygon","coordinates":[[[[-84.624889,39.239633],[-84.624102,39.238836],[-84.62489,39.238917],[-84.62495,39.239256],[-84.62487,39.239315],[-84.624889,39.239633]]],[[[-84.62371,39.239559],[-84.623775,39.238876],[-84.623889,39.238889],[-84.624378,39.239383],[-84.62371,39.239559]]]]}},{"type":"Feature","properties":{"pid":"051002400085"},"geometry":{"type":"Polygon","coordinates":[[[-84.626691,39.250674],[-84.627589,39.249815],[-84.628178,39.250118],[-84.62728,39.250978],[-84.626691,39.250674]]]}},{"type":"Feature","properties":{"pid":"051002400087"},"geometry":{"type":"Polygon","coordinates":[[[-84.628583,39.24838],[-84.628708,39.2464],[-84.628984,39.246332],[-84.629314,39.245981],[-84.629518,39.245207],[-84.629785,39.244919],[-84.630425,39.245301],[-84.630199,39.248403],[-84.628583,39.24838]]]}},{"type":"Feature","properties":{"pid":"051002400090"},"geometry":{"type":"Polygon","coordinates":[[[-84.627868,39.251282],[-84.62728,39.250978],[-84.628178,39.250118],[-84.62881,39.25038],[-84.627868,39.251282]]]}},{"type":"Feature","properties":{"pid":"051002400091"},"geometry":{"type":"Polygon","coordinates":[[[-84.635313,39.249451],[-84.634408,39.249395],[-84.634436,39.249129],[-84.635358,39.2492],[-84.635313,39.249451]]]}},{"type":"Feature","properties":{"pid":"051002400093"},"geometry":{"type":"Polygon","coordinates":[[[-84.633682,39.252234],[-84.630662,39.252236],[-84.630338,39.252236],[-84.631076,39.251204],[-84.632521,39.251728],[-84.633688,39.252085],[-84.633682,39.252234]]]}},{"type":"Feature","properties":{"pid":"051002400098"},"geometry":{"type":"Polygon","coordinates":[[[-84.632194,39.247326],[-84.632733,39.246782],[-84.632858,39.246842],[-84.632799,39.247692],[-84.632194,39.247326]]]}},{"type":"Feature","properties":{"pid":"051002400099"},"geometry":{"type":"Polygon","coordinates":[[[-84.63197,39.247192],[-84.632509,39.246648],[-84.632733,39.246782],[-84.632194,39.247326],[-84.63197,39.247192]]]}},{"type":"Feature","properties":{"pid":"051002400100"},"geometry":{"type":"Polygon","coordinates":[[[-84.631746,39.247058],[-84.632285,39.246514],[-84.632509,39.246648],[-84.63197,39.247192],[-84.631746,39.247058]]]}},{"type":"Feature","properties":{"pid":"051002400101"},"geometry":{"type":"Polygon","coordinates":[[[-84.631523,39.246924],[-84.632061,39.24638],[-84.632285,39.246514],[-84.631746,39.247058],[-84.631523,39.246924]]]}},{"type":"Feature","properties":{"pid":"051002400102"},"geometry":{"type":"Polygon","coordinates":[[[-84.631299,39.24679],[-84.631837,39.246247],[-84.632061,39.24638],[-84.631523,39.246924],[-84.631299,39.24679]]]}},{"type":"Feature","properties":{"pid":"051002400104"},"geometry":{"type":"Polygon","coordinates":[[[-84.630851,39.246522],[-84.631389,39.245979],[-84.631613,39.246113],[-84.631075,39.246656],[-84.630851,39.246522]]]}},{"type":"Feature","properties":{"pid":"051002400106"},"geometry":{"type":"Polygon","coordinates":[[[-84.630468,39.246474],[-84.631108,39.245812],[-84.631333,39.245946],[-84.630795,39.246488],[-84.630468,39.246474]]]}},{"type":"Feature","properties":{"pid":"051002400110"},"geometry":{"type":"Polygon","coordinates":[[[-84.622265,39.250042],[-84.622408,39.248359],[-84.622588,39.246842],[-84.623538,39.247527],[-84.623696,39.247743],[-84.623162,39.248229],[-84.622992,39.250031],[-84.622265,39.250042]]]}},{"type":"Feature","properties":{"pid":"051002400122"},"geometry":{"type":"Polygon","coordinates":[[[-84.623211,39.23969],[-84.623258,39.239232],[-84.623706,39.238795],[-84.623781,39.238803],[-84.62371,39.239559],[-84.623211,39.23969]]]}},{"type":"Feature","properties":{"pid":"051002400125"},"geometry":{"type":"Polygon","coordinates":[[[-84.623433,39.240337],[-84.623159,39.240332],[-84.623211,39.239692],[-84.624378,39.239383],[-84.624844,39.239845],[-84.624315,39.239842],[-84.624315,39.239967],[-84.623433,39.240337]]]}},{"type":"Feature","properties":{"pid":"051002400137"},"geometry":{"type":"Polygon","coordinates":[[[-84.627013,39.24304],[-84.62692,39.242879],[-84.627146,39.242665],[-84.628299,39.242175],[-84.628276,39.242453],[-84.627479,39.242989],[-84.627255,39.243199],[-84.627013,39.24304]]]}},{"type":"Feature","properties":{"pid":"051002400138"},"geometry":{"type":"Polygon","coordinates":[[[-84.626643,39.242396],[-84.627584,39.242076],[-84.627767,39.2424],[-84.627146,39.242665],[-84.62692,39.242879],[-84.626643,39.242396]]]}},{"type":"Feature","properties":{"pid":"051002400139"},"geometry":{"type":"Polygon","coordinates":[[[-84.626643,39.242396],[-84.626427,39.242018],[-84.627362,39.241694],[-84.627584,39.242076],[-84.626643,39.242396]]]}},{"type":"Feature","properties":{"pid":"051002400140"},"geometry":{"type":"Polygon","coordinates":[[[-84.626427,39.242018],[-84.626139,39.241516],[-84.627074,39.241187],[-84.627362,39.241694],[-84.626427,39.242018]]]}},{"type":"Feature","properties":{"pid":"051002400141"},"geometry":{"type":"Polygon","coordinates":[[[-84.62584,39.240991],[-84.626776,39.240658],[-84.626989,39.241038],[-84.626055,39.241368],[-84.62584,39.240991]]]}},{"type":"Feature","properties":{"pid":"051002400142"},"geometry":{"type":"Polygon","coordinates":[[[-84.625627,39.240617],[-84.626563,39.240288],[-84.626776,39.240658],[-84.62584,39.240991],[-84.625627,39.240617]]]}},{"type":"Feature","properties":{"pid":"051002400143"},"geometry":{"type":"Polygon","coordinates":[[[-84.625627,39.240617],[-84.625391,39.24024],[-84.626347,39.239912],[-84.626563,39.240288],[-84.625627,39.240617]]]}},{"type":"Feature","properties":{"pid":"051002400144"},"geometry":{"type":"Polygon","coordinates":[[[-84.625316,39.240142],[-84.624992,39.239656],[-84.62497,39.239371],[-84.62502,39.239331],[-84.626341,39.239789],[-84.625316,39.240142]]]}},{"type":"Feature","properties":{"pid":"051002400145"},"geometry":{"type":"Polygon","coordinates":[[[-84.625955,39.239655],[-84.625436,39.239476],[-84.62502,39.239331],[-84.625294,39.239114],[-84.626034,39.239192],[-84.625955,39.239655]]]}},{"type":"Feature","properties":{"pid":"051002400146"},"geometry":{"type":"Polygon","coordinates":[[[-84.626482,39.239837],[-84.625958,39.239656],[-84.626034,39.239192],[-84.625294,39.239114],[-84.625368,39.239078],[-84.626373,39.239184],[-84.626779,39.239302],[-84.626482,39.239837]]]}},{"type":"Feature","properties":{"pid":"051002400147"},"geometry":{"type":"Polygon","coordinates":[[[-84.626482,39.239837],[-84.626779,39.239302],[-84.626373,39.239184],[-84.625368,39.239078],[-84.625464,39.239027],[-84.626361,39.239122],[-84.627363,39.239406],[-84.627017,39.240021],[-84.626482,39.239837]]]}},{"type":"Feature","properties":{"pid":"051002400148"},"geometry":{"type":"Polygon","coordinates":[[[-84.627017,39.240021],[-84.627363,39.239406],[-84.626361,39.239122],[-84.625464,39.239027],[-84.625502,39.238979],[-84.626834,39.23912],[-84.626786,39.239191],[-84.628028,39.239562],[-84.627648,39.240236],[-84.627017,39.240021]]]}},{"type":"Feature","properties":{"pid":"051002400150"},"geometry":{"type":"Polygon","coordinates":[[[-84.628424,39.240625],[-84.626347,39.239912],[-84.625391,39.24024],[-84.625354,39.240191],[-84.626343,39.239851],[-84.628219,39.240493],[-84.628628,39.239761],[-84.629249,39.239969],[-84.629192,39.240384],[-84.62844,39.240428],[-84.628424,39.240625]]]}},{"type":"Feature","properties":{"pid":"051002400151"},"geometry":{"type":"Polygon","coordinates":[[[-84.626055,39.241368],[-84.626989,39.241038],[-84.626347,39.239912],[-84.628424,39.240625],[-84.628383,39.241124],[-84.627087,39.241067],[-84.626083,39.241417],[-84.626055,39.241368]]]}},{"type":"Feature","properties":{"pid":"051002400152"},"geometry":{"type":"Polygon","coordinates":[[[-84.627385,39.241585],[-84.627115,39.241118],[-84.626114,39.241471],[-84.626083,39.241417],[-84.627087,39.241067],[-84.628383,39.241124],[-84.628343,39.241629],[-84.627385,39.241585]]]}},{"type":"Feature","properties":{"pid":"051002400153"},"geometry":{"type":"Polygon","coordinates":[[[-84.627767,39.2424],[-84.627074,39.241187],[-84.626139,39.241516],[-84.626114,39.241471],[-84.627115,39.241118],[-84.627385,39.241585],[-84.628343,39.241629],[-84.628299,39.242175],[-84.627767,39.2424]]]}},{"type":"Feature","properties":{"pid":"051002400155"},"geometry":{"type":"Polygon","coordinates":[[[-84.629221,39.244479],[-84.630732,39.244501],[-84.630186,39.245054],[-84.629221,39.244479]]]}},{"type":"Feature","properties":{"pid":"051002400156"},"geometry":{"type":"Polygon","coordinates":[[[-84.630186,39.245054],[-84.630732,39.244501],[-84.630952,39.244504],[-84.631239,39.244676],[-84.630614,39.24531],[-84.630186,39.245054]]]}},{"type":"Feature","properties":{"pid":"051002400157"},"geometry":{"type":"Polygon","coordinates":[[[-84.630614,39.24531],[-84.631239,39.244676],[-84.63166,39.244926],[-84.631034,39.24556],[-84.630614,39.24531]]]}},{"type":"Feature","properties":{"pid":"051002400158"},"geometry":{"type":"Polygon","coordinates":[[[-84.631034,39.24556],[-84.63166,39.244926],[-84.63208,39.245177],[-84.631454,39.245811],[-84.631034,39.24556]]]}},{"type":"Feature","properties":{"pid":"051002400159"},"geometry":{"type":"Polygon","coordinates":[[[-84.631454,39.245811],[-84.63208,39.245177],[-84.630952,39.244504],[-84.632453,39.244526],[-84.632136,39.245211],[-84.63151,39.245844],[-84.631454,39.245811]]]}},{"type":"Feature","properties":{"pid":"051002400160"},"geometry":{"type":"Polygon","coordinates":[[[-84.63151,39.245844],[-84.632136,39.245211],[-84.632453,39.244526],[-84.633592,39.244543],[-84.633194,39.245107],[-84.63236,39.244882],[-84.632192,39.245244],[-84.631566,39.245878],[-84.63151,39.245844]]]}},{"type":"Feature","properties":{"pid":"051002400161"},"geometry":{"type":"Polygon","coordinates":[[[-84.631566,39.245878],[-84.632192,39.245244],[-84.63236,39.244882],[-84.633194,39.245107],[-84.632829,39.245624],[-84.632248,39.245277],[-84.631623,39.245911],[-84.631566,39.245878]]]}},{"type":"Feature","properties":{"pid":"051002400162"},"geometry":{"type":"Polygon","coordinates":[[[-84.631623,39.245911],[-84.632248,39.245277],[-84.632668,39.245528],[-84.632043,39.246162],[-84.631623,39.245911]]]}},{"type":"Feature","properties":{"pid":"051002400163"},"geometry":{"type":"Polygon","coordinates":[[[-84.632043,39.246162],[-84.632668,39.245528],[-84.63331,39.245911],[-84.632684,39.246545],[-84.632043,39.246162]]]}},{"type":"Feature","properties":{"pid":"051002400164"},"geometry":{"type":"Polygon","coordinates":[[[-84.632967,39.246697],[-84.632684,39.246545],[-84.63331,39.245911],[-84.633651,39.246114],[-84.633269,39.24678],[-84.632967,39.246697]]]}},{"type":"Feature","properties":{"pid":"051002400165"},"geometry":{"type":"Polygon","coordinates":[[[-84.633328,39.246796],[-84.633269,39.24678],[-84.633651,39.246114],[-84.632829,39.245624],[-84.633194,39.245107],[-84.633998,39.245643],[-84.633328,39.246796]]]}},{"type":"Feature","properties":{"pid":"051002400169"},"geometry":{"type":"Polygon","coordinates":[[[-84.624568,39.240793],[-84.624322,39.240344],[-84.625228,39.240351],[-84.625514,39.240814],[-84.624568,39.240793]]]}},{"type":"Feature","properties":{"pid":"051002400170"},"geometry":{"type":"Polygon","coordinates":[[[-84.624812,39.241238],[-84.624568,39.240793],[-84.625514,39.240814],[-84.625775,39.241259],[-84.624812,39.241238]]]}},{"type":"Feature","properties":{"pid":"051002400171"},"geometry":{"type":"Polygon","coordinates":[[[-84.625132,39.241821],[-84.624872,39.241349],[-84.625836,39.241371],[-84.626095,39.241843],[-84.625132,39.241821]]]}},{"type":"Feature","properties":{"pid":"051002400172"},"geometry":{"type":"Polygon","coordinates":[[[-84.624599,39.240849],[-84.623104,39.240816],[-84.623139,39.240466],[-84.623433,39.240337],[-84.624322,39.240344],[-84.624599,39.240849]]]}},{"type":"Feature","properties":{"pid":"051002400173"},"geometry":{"type":"Polygon","coordinates":[[[-84.624676,39.24129],[-84.624583,39.241329],[-84.623055,39.241295],[-84.623104,39.240816],[-84.624599,39.240849],[-84.624812,39.241238],[-84.625775,39.241259],[-84.625806,39.241315],[-84.624676,39.24129]]]}},{"type":"Feature","properties":{"pid":"051002400174"},"geometry":{"type":"Polygon","coordinates":[[[-84.625132,39.241821],[-84.623006,39.241774],[-84.623055,39.241295],[-84.625806,39.241315],[-84.625836,39.241371],[-84.624872,39.241349],[-84.625132,39.241821]]]}},{"type":"Feature","properties":{"pid":"051002800119"},"geometry":{"type":"Polygon","coordinates":[[[-84.633104,39.297247],[-84.633017,39.297282],[-84.632955,39.297372],[-84.632322,39.296994],[-84.632308,39.296687],[-84.633189,39.296664],[-84.633206,39.29706],[-84.633104,39.297247]]]}},{"type":"Feature","properties":{"pid":"051002800118"},"geometry":{"type":"Polygon","coordinates":[[[-84.633104,39.297247],[-84.633206,39.29706],[-84.633189,39.296664],[-84.632308,39.296687],[-84.632286,39.296152],[-84.633249,39.296129],[-84.633282,39.297066],[-84.633177,39.297255],[-84.633104,39.297247]]]}},{"type":"Feature","properties":{"pid":"051001840183"},"geometry":{"type":"Polygon","coordinates":[[[-84.614691,39.250269],[-84.615301,39.250474],[-84.615262,39.25058],[-84.615011,39.250771],[-84.614562,39.250414],[-84.614691,39.250269]]]}},{"type":"Feature","properties":{"pid":"051001840184"},"geometry":{"type":"Polygon","coordinates":[[[-84.614691,39.250269],[-84.614755,39.250106],[-84.615384,39.250243],[-84.615301,39.250474],[-84.614691,39.250269]]]}},{"type":"Feature","properties":{"pid":"051001810045"},"geometry":{"type":"Polygon","coordinates":[[[-84.615143,39.261919],[-84.615276,39.261887],[-84.615694,39.262062],[-84.615647,39.262551],[-84.615198,39.262495],[-84.615185,39.262603],[-84.614749,39.262548],[-84.615143,39.261919]]]}},{"type":"Feature","properties":{"pid":"051001810047"},"geometry":{"type":"Polygon","coordinates":[[[-84.615757,39.262026],[-84.615311,39.261838],[-84.615266,39.261485],[-84.615191,39.261331],[-84.615846,39.260997],[-84.615757,39.262026]]]}},{"type":"Feature","properties":{"pid":"051002410001"},"geometry":{"type":"Polygon","coordinates":[[[-84.641854,39.244269],[-84.645578,39.24436],[-84.645726,39.240619],[-84.645391,39.240267],[-84.645423,39.240277],[-84.645743,39.240614],[-84.645595,39.244374],[-84.644131,39.244338],[-84.643436,39.244807],[-84.64338,39.244757],[-84.641538,39.246005],[-84.641616,39.244455],[-84.641845,39.244456],[-84.641854,39.244269]]]}},{"type":"Feature","properties":{"pid":"051001810034"},"geometry":{"type":"Polygon","coordinates":[[[-84.614184,39.259805],[-84.613396,39.259332],[-84.613397,39.259314],[-84.614093,39.259393],[-84.614181,39.259363],[-84.614407,39.259677],[-84.614184,39.259805]]]}},{"type":"Feature","properties":{"pid":"051001810035"},"geometry":{"type":"Polygon","coordinates":[[[-84.614184,39.259805],[-84.614066,39.260046],[-84.613358,39.25989],[-84.613396,39.259332],[-84.614184,39.259805]]]}},{"type":"Feature","properties":{"pid":"051001810052"},"geometry":{"type":"Polygon","coordinates":[[[-84.614426,39.259828],[-84.614604,39.259753],[-84.61494,39.260222],[-84.614231,39.260184],[-84.61426,39.259979],[-84.614426,39.259828]]]}},{"type":"Feature","properties":{"pid":"051001700059"},"geometry":{"type":"Polygon","coordinates":[[[-84.610276,39.276655],[-84.611248,39.276369],[-84.611327,39.276473],[-84.610356,39.27676],[-84.610276,39.276655]]]}},{"type":"Feature","properties":{"pid":"051001700068"},"geometry":{"type":"Polygon","coordinates":[[[-84.608535,39.270466],[-84.607476,39.27034],[-84.607448,39.269926],[-84.608504,39.270052],[-84.608535,39.270466]]]}},{"type":"Feature","properties":{"pid":"051001700073"},"geometry":{"type":"Polygon","coordinates":[[[-84.619213,39.271102],[-84.619289,39.270232],[-84.619787,39.270278],[-84.61971,39.271129],[-84.619213,39.271102]]]}},{"type":"Feature","properties":{"pid":"051001700090"},"geometry":{"type":"Polygon","coordinates":[[[-84.619982,39.270294],[-84.619634,39.270266],[-84.619699,39.269553],[-84.620052,39.269571],[-84.619982,39.270294]]]}},{"type":"Feature","properties":{"pid":"051001700094"},"geometry":{"type":"Polygon","coordinates":[[[-84.610239,39.276606],[-84.609986,39.276273],[-84.61055,39.276104],[-84.611212,39.276322],[-84.610239,39.276606]]]}},{"type":"Feature","properties":{"pid":"051001700100"},"geometry":{"type":"Polygon","coordinates":[[[-84.617684,39.26959],[-84.617986,39.268853],[-84.618126,39.268927],[-84.618046,39.269781],[-84.617684,39.26959]]]}},{"type":"Feature","properties":{"pid":"051001700102"},"geometry":{"type":"Polygon","coordinates":[[[-84.616691,39.269066],[-84.617226,39.268453],[-84.617548,39.268622],[-84.617012,39.269236],[-84.616691,39.269066]]]}},{"type":"Feature","properties":{"pid":"051001700103"},"geometry":{"type":"Polygon","coordinates":[[[-84.616428,39.268928],[-84.616963,39.268314],[-84.617226,39.268453],[-84.616691,39.269066],[-84.616428,39.268928]]]}},{"type":"Feature","properties":{"pid":"051001700104"},"geometry":{"type":"Polygon","coordinates":[[[-84.616135,39.268774],[-84.616671,39.26816],[-84.616963,39.268314],[-84.616428,39.268928],[-84.616135,39.268774]]]}},{"type":"Feature","properties":{"pid":"051001700105"},"geometry":{"type":"Polygon","coordinates":[[[-84.615843,39.26862],[-84.616378,39.268006],[-84.616671,39.26816],[-84.616135,39.268774],[-84.615843,39.26862]]]}},{"type":"Feature","properties":{"pid":"051001700106"},"geometry":{"type":"Polygon","coordinates":[[[-84.615818,39.268606],[-84.61556,39.268508],[-84.61598,39.267842],[-84.616378,39.268006],[-84.615818,39.268606]]]}},{"type":"Feature","properties":{"pid":"051001700107"},"geometry":{"type":"Polygon","coordinates":[[[-84.61556,39.268508],[-84.615243,39.268387],[-84.615663,39.267721],[-84.61598,39.267842],[-84.61556,39.268508]]]}},{"type":"Feature","properties":{"pid":"051001700108"},"geometry":{"type":"Polygon","coordinates":[[[-84.615034,39.268307],[-84.615086,39.267857],[-84.615266,39.26757],[-84.615663,39.267721],[-84.615243,39.268387],[-84.615034,39.268307]]]}},{"type":"Feature","properties":{"pid":"051001810040"},"geometry":{"type":"Polygon","coordinates":[[[-84.613314,39.261887],[-84.613357,39.261288],[-84.614171,39.26089],[-84.614272,39.260778],[-84.614331,39.260809],[-84.614221,39.260933],[-84.613528,39.261279],[-84.61435,39.261987],[-84.614346,39.262059],[-84.613314,39.261887]]]}},{"type":"Feature","properties":{"pid":"051001810041"},"geometry":{"type":"Polygon","coordinates":[[[-84.613528,39.261279],[-84.614221,39.260933],[-84.614331,39.260809],[-84.61455,39.260934],[-84.614757,39.261121],[-84.613933,39.261628],[-84.613528,39.261279]]]}},{"type":"Feature","properties":{"pid":"051001810042"},"geometry":{"type":"Polygon","coordinates":[[[-84.613933,39.261628],[-84.614757,39.261121],[-84.615074,39.261463],[-84.614289,39.261934],[-84.613933,39.261628]]]}},{"type":"Feature","properties":{"pid":"051001810077"},"geometry":{"type":"Polygon","coordinates":[[[-84.615564,39.264263],[-84.6156,39.263852],[-84.617647,39.263958],[-84.617512,39.264364],[-84.615564,39.264263]]]}},{"type":"Feature","properties":{"pid":"051001810079"},"geometry":{"type":"Polygon","coordinates":[[[-84.615635,39.263441],[-84.615671,39.26303],[-84.61751,39.263126],[-84.617647,39.263546],[-84.615635,39.263441]]]}},{"type":"Feature","properties":{"pid":"051001810082"},"geometry":{"type":"Polygon","coordinates":[[[-84.615741,39.262208],[-84.615777,39.261798],[-84.617763,39.261901],[-84.617621,39.262306],[-84.615741,39.262208]]]}},{"type":"Feature","properties":{"pid":"051001810084"},"geometry":{"type":"Polygon","coordinates":[[[-84.615812,39.261387],[-84.615847,39.260976],[-84.617681,39.261071],[-84.61776,39.261488],[-84.615812,39.261387]]]}},{"type":"Feature","properties":{"pid":"051002700047"},"geometry":{"type":"Polygon","coordinates":[[[-84.621271,39.289739],[-84.623199,39.289025],[-84.62352,39.29009],[-84.621768,39.290737],[-84.621271,39.289739]]]}},{"type":"Feature","properties":{"pid":"051001820142"},"geometry":{"type":"Polygon","coordinates":[[[-84.610773,39.260693],[-84.610514,39.260296],[-84.611199,39.260328],[-84.611169,39.260712],[-84.610773,39.260693]]]}},{"type":"Feature","properties":{"pid":"051001820144"},"geometry":{"type":"Polygon","coordinates":[[[-84.610467,39.259964],[-84.610491,39.259668],[-84.61121,39.259702],[-84.611218,39.259999],[-84.610467,39.259964]]]}},{"type":"Feature","properties":{"pid":"051003200030"},"geometry":{"type":"Polygon","coordinates":[[[-84.656709,39.2624],[-84.655184,39.262304],[-84.655277,39.260563],[-84.656139,39.260121],[-84.657748,39.261355],[-84.656709,39.2624]]]}},{"type":"Feature","properties":{"pid":"051003200041"},"geometry":{"type":"Polygon","coordinates":[[[-84.656104,39.260048],[-84.655941,39.259507],[-84.65813,39.259506],[-84.656104,39.260048]]]}},{"type":"Feature","properties":{"pid":"051003200042"},"geometry":{"type":"Polygon","coordinates":[[[-84.656314,39.260254],[-84.656104,39.260048],[-84.65813,39.259506],[-84.656314,39.260254]]]}},{"type":"Feature","properties":{"pid":"051003200044"},"geometry":{"type":"Polygon","coordinates":[[[-84.656314,39.260254],[-84.656399,39.260219],[-84.65813,39.259506],[-84.656711,39.260556],[-84.656314,39.260254]]]}},{"type":"Feature","properties":{"pid":"051003200078"},"geometry":{"type":"Polygon","coordinates":[[[-84.655266,39.26091],[-84.653723,39.260796],[-84.655968,39.259637],[-84.656139,39.260121],[-84.655277,39.260563],[-84.655266,39.26091]]]}},{"type":"Feature","properties":{"pid":"051001830004"},"geometry":{"type":"Polygon","coordinates":[[[-84.610767,39.25837],[-84.610826,39.257619],[-84.61117,39.257635],[-84.611102,39.258408],[-84.610767,39.25837]]]}},{"type":"Feature","properties":{"pid":"051001830005"},"geometry":{"type":"Polygon","coordinates":[[[-84.610415,39.258329],[-84.610472,39.257602],[-84.610826,39.257619],[-84.610767,39.25837],[-84.610415,39.258329]]]}},{"type":"Feature","properties":{"pid":"051001830006"},"geometry":{"type":"Polygon","coordinates":[[[-84.610063,39.258289],[-84.610137,39.257585],[-84.610472,39.257602],[-84.610415,39.258329],[-84.610063,39.258289]]]}},{"type":"Feature","properties":{"pid":"051001830036"},"geometry":{"type":"Polygon","coordinates":[[[-84.609703,39.258247],[-84.609849,39.257052],[-84.61019,39.25708],[-84.610063,39.258289],[-84.609703,39.258247]]]}},{"type":"Feature","properties":{"pid":"051001830047"},"geometry":{"type":"Polygon","coordinates":[[[-84.603282,39.254953],[-84.600711,39.254831],[-84.600456,39.254256],[-84.600677,39.254146],[-84.603161,39.254066],[-84.603648,39.254199],[-84.605966,39.253074],[-84.606085,39.252879],[-84.606939,39.252975],[-84.6069,39.253452],[-84.606751,39.253559],[-84.606186,39.253778],[-84.604611,39.254921],[-84.604045,39.255142],[-84.603875,39.25546],[-84.603202,39.255994],[-84.603282,39.254953]]]}},{"type":"Feature","properties":{"pid":"051001830064"},"geometry":{"type":"Polygon","coordinates":[[[-84.608361,39.257968],[-84.608323,39.257924],[-84.608394,39.257635],[-84.608671,39.257653],[-84.608605,39.257997],[-84.608361,39.257968]]]}},{"type":"Feature","properties":{"pid":"051001830065"},"geometry":{"type":"Polygon","coordinates":[[[-84.608605,39.257997],[-84.608671,39.257653],[-84.608914,39.257686],[-84.60885,39.258025],[-84.608605,39.257997]]]}},{"type":"Feature","properties":{"pid":"051001830066"},"geometry":{"type":"Polygon","coordinates":[[[-84.60885,39.258025],[-84.608914,39.257686],[-84.608859,39.25768],[-84.609173,39.257647],[-84.609123,39.258056],[-84.60885,39.258025]]]}},{"type":"Feature","properties":{"pid":"051001830067"},"geometry":{"type":"Polygon","coordinates":[[[-84.609123,39.258056],[-84.609173,39.257647],[-84.609237,39.257617],[-84.609719,39.258123],[-84.609123,39.258056]]]}},{"type":"Feature","properties":{"pid":"051001830068"},"geometry":{"type":"Polygon","coordinates":[[[-84.609719,39.258123],[-84.609237,39.257617],[-84.609295,39.257578],[-84.609356,39.25764],[-84.609773,39.257663],[-84.609719,39.258123]]]}},{"type":"Feature","properties":{"pid":"051001830069"},"geometry":{"type":"Polygon","coordinates":[[[-84.609356,39.25764],[-84.609295,39.257578],[-84.609445,39.257406],[-84.609804,39.257437],[-84.609773,39.257663],[-84.609356,39.25764]]]}},{"type":"Feature","properties":{"pid":"051001830070"},"geometry":{"type":"Polygon","coordinates":[[[-84.609445,39.257406],[-84.609478,39.257198],[-84.609828,39.257226],[-84.609804,39.257437],[-84.609445,39.257406]]]}},{"type":"Feature","properties":{"pid":"051001830071"},"geometry":{"type":"Polygon","coordinates":[[[-84.609478,39.257198],[-84.609498,39.257023],[-84.609849,39.257052],[-84.609828,39.257226],[-84.609478,39.257198]]]}},{"type":"Feature","properties":{"pid":"051001830072"},"geometry":{"type":"Polygon","coordinates":[[[-84.61019,39.25708],[-84.609498,39.257023],[-84.60954,39.256909],[-84.609712,39.256749],[-84.61019,39.25708]]]}},{"type":"Feature","properties":{"pid":"051001830073"},"geometry":{"type":"Polygon","coordinates":[[[-84.609712,39.256749],[-84.609854,39.256605],[-84.610226,39.256743],[-84.61019,39.25708],[-84.609712,39.256749]]]}},{"type":"Feature","properties":{"pid":"051001830074"},"geometry":{"type":"Polygon","coordinates":[[[-84.609854,39.256605],[-84.609902,39.256478],[-84.610252,39.256498],[-84.610226,39.256743],[-84.609854,39.256605]]]}},{"type":"Feature","properties":{"pid":"051001830075"},"geometry":{"type":"Polygon","coordinates":[[[-84.609902,39.256478],[-84.609922,39.256275],[-84.610273,39.256298],[-84.610252,39.256498],[-84.609902,39.256478]]]}},{"type":"Feature","properties":{"pid":"051001830081"},"geometry":{"type":"Polygon","coordinates":[[[-84.60921,39.256411],[-84.609232,39.256208],[-84.609705,39.256234],[-84.609725,39.256434],[-84.60921,39.256411]]]}},{"type":"Feature","properties":{"pid":"051001830082"},"geometry":{"type":"Polygon","coordinates":[[[-84.60916,39.256482],[-84.60921,39.256411],[-84.609725,39.256434],[-84.609686,39.256558],[-84.609528,39.256707],[-84.60916,39.256482]]]}},{"type":"Feature","properties":{"pid":"051001830083"},"geometry":{"type":"Polygon","coordinates":[[[-84.608997,39.256715],[-84.60916,39.256482],[-84.609528,39.256707],[-84.609375,39.256858],[-84.608997,39.256715]]]}},{"type":"Feature","properties":{"pid":"051001830084"},"geometry":{"type":"Polygon","coordinates":[[[-84.608941,39.256978],[-84.608997,39.256715],[-84.609375,39.256858],[-84.609323,39.257007],[-84.608941,39.256978]]]}},{"type":"Feature","properties":{"pid":"051001830085"},"geometry":{"type":"Polygon","coordinates":[[[-84.608917,39.257158],[-84.608941,39.256978],[-84.609323,39.257007],[-84.609301,39.257189],[-84.608917,39.257158]]]}},{"type":"Feature","properties":{"pid":"051001830086"},"geometry":{"type":"Polygon","coordinates":[[[-84.608851,39.257162],[-84.609301,39.257189],[-84.609266,39.257379],[-84.609148,39.257494],[-84.609107,39.257513],[-84.608851,39.257162]]]}},{"type":"Feature","properties":{"pid":"051001830087"},"geometry":{"type":"Polygon","coordinates":[[[-84.609107,39.257513],[-84.60872,39.257515],[-84.608783,39.257165],[-84.608851,39.257162],[-84.609107,39.257513]]]}},{"type":"Feature","properties":{"pid":"051001830088"},"geometry":{"type":"Polygon","coordinates":[[[-84.60847,39.257481],[-84.608429,39.257439],[-84.60849,39.257136],[-84.608783,39.257165],[-84.60872,39.257515],[-84.60847,39.257481]]]}},{"type":"Feature","properties":{"pid":"051001830089"},"geometry":{"type":"Polygon","coordinates":[[[-84.60849,39.257136],[-84.608584,39.256822],[-84.608958,39.256891],[-84.608917,39.257158],[-84.60849,39.257136]]]}},{"type":"Feature","properties":{"pid":"051001830090"},"geometry":{"type":"Polygon","coordinates":[[[-84.608584,39.256822],[-84.608647,39.256454],[-84.60879,39.256442],[-84.609102,39.256565],[-84.608992,39.256722],[-84.608958,39.256891],[-84.608584,39.256822]]]}},{"type":"Feature","properties":{"pid":"051001830201"},"geometry":{"type":"Polygon","coordinates":[[[-84.608069,39.255676],[-84.607905,39.255543],[-84.608195,39.255254],[-84.608493,39.255393],[-84.608069,39.255676]]]}},{"type":"Feature","properties":{"pid":"051001830202"},"geometry":{"type":"Polygon","coordinates":[[[-84.607905,39.255543],[-84.607681,39.255432],[-84.607919,39.255125],[-84.608195,39.255254],[-84.607905,39.255543]]]}},{"type":"Feature","properties":{"pid":"051001830203"},"geometry":{"type":"Polygon","coordinates":[[[-84.607681,39.255432],[-84.607429,39.255223],[-84.607807,39.255062],[-84.607919,39.255125],[-84.607681,39.255432]]]}},{"type":"Feature","properties":{"pid":"051001830204"},"geometry":{"type":"Polygon","coordinates":[[[-84.607295,39.255033],[-84.607666,39.254869],[-84.607807,39.255062],[-84.607429,39.255223],[-84.607295,39.255033]]]}},{"type":"Feature","properties":{"pid":"051001830205"},"geometry":{"type":"Polygon","coordinates":[[[-84.607293,39.255031],[-84.607161,39.25485],[-84.607516,39.254659],[-84.607666,39.254869],[-84.607293,39.255031]]]}},{"type":"Feature","properties":{"pid":"051001830206"},"geometry":{"type":"Polygon","coordinates":[[[-84.607161,39.25485],[-84.606989,39.254701],[-84.607351,39.254429],[-84.607516,39.254659],[-84.607161,39.25485]]]}},{"type":"Feature","properties":{"pid":"051001830207"},"geometry":{"type":"Polygon","coordinates":[[[-84.606796,39.254541],[-84.607159,39.254271],[-84.607351,39.254429],[-84.606989,39.254701],[-84.606796,39.254541]]]}},{"type":"Feature","properties":{"pid":"051001830208"},"geometry":{"type":"Polygon","coordinates":[[[-84.606796,39.25454],[-84.606626,39.254401],[-84.606989,39.254131],[-84.607159,39.254271],[-84.606796,39.25454]]]}},{"type":"Feature","properties":{"pid":"051001830213"},"geometry":{"type":"Polygon","coordinates":[[[-84.605555,39.254239],[-84.605757,39.25409],[-84.606098,39.254372],[-84.605896,39.254523],[-84.605555,39.254239]]]}},{"type":"Feature","properties":{"pid":"051001830214"},"geometry":{"type":"Polygon","coordinates":[[[-84.605372,39.254369],[-84.605553,39.254237],[-84.605896,39.254523],[-84.605715,39.254653],[-84.605372,39.254369]]]}},{"type":"Feature","properties":{"pid":"051001830215"},"geometry":{"type":"Polygon","coordinates":[[[-84.605165,39.254519],[-84.605372,39.254369],[-84.605715,39.254653],[-84.605511,39.2548],[-84.605165,39.254519]]]}},{"type":"Feature","properties":{"pid":"051001830216"},"geometry":{"type":"Polygon","coordinates":[[[-84.604993,39.254643],[-84.605165,39.254519],[-84.605511,39.2548],[-84.605336,39.254927],[-84.604993,39.254643]]]}},{"type":"Feature","properties":{"pid":"051001830217"},"geometry":{"type":"Polygon","coordinates":[[[-84.604811,39.254776],[-84.604993,39.254643],[-84.605336,39.254927],[-84.605156,39.25506],[-84.604811,39.254776]]]}},{"type":"Feature","properties":{"pid":"051001830218"},"geometry":{"type":"Polygon","coordinates":[[[-84.604611,39.254921],[-84.604811,39.254776],[-84.605156,39.25506],[-84.604956,39.255206],[-84.604611,39.254921]]]}},{"type":"Feature","properties":{"pid":"051001830219"},"geometry":{"type":"Polygon","coordinates":[[[-84.605066,39.255317],[-84.605268,39.25517],[-84.605494,39.255361],[-84.605339,39.255532],[-84.605066,39.255317]]]}},{"type":"Feature","properties":{"pid":"051001830220"},"geometry":{"type":"Polygon","coordinates":[[[-84.605268,39.25517],[-84.605516,39.255002],[-84.605746,39.255173],[-84.605494,39.255361],[-84.605268,39.25517]]]}},{"type":"Feature","properties":{"pid":"051001830221"},"geometry":{"type":"Polygon","coordinates":[[[-84.605678,39.254922],[-84.605673,39.254872],[-84.605897,39.254709],[-84.606124,39.254897],[-84.605875,39.255079],[-84.605678,39.254922]]]}},{"type":"Feature","properties":{"pid":"051001830222"},"geometry":{"type":"Polygon","coordinates":[[[-84.605897,39.254709],[-84.606103,39.254561],[-84.606331,39.25475],[-84.606289,39.254871],[-84.606124,39.254897],[-84.605897,39.254709]]]}},{"type":"Feature","properties":{"pid":"051001830223"},"geometry":{"type":"Polygon","coordinates":[[[-84.606103,39.254561],[-84.606351,39.254397],[-84.606583,39.254566],[-84.606331,39.25475],[-84.606103,39.254561]]]}},{"type":"Feature","properties":{"pid":"051001830224"},"geometry":{"type":"Polygon","coordinates":[[[-84.606289,39.254871],[-84.606331,39.25475],[-84.606583,39.254566],[-84.606747,39.254701],[-84.606394,39.254958],[-84.606289,39.254871]]]}},{"type":"Feature","properties":{"pid":"051001830225"},"geometry":{"type":"Polygon","coordinates":[[[-84.606398,39.254961],[-84.606747,39.254701],[-84.606915,39.254839],[-84.606562,39.255096],[-84.606398,39.254961]]]}},{"type":"Feature","properties":{"pid":"051001830226"},"geometry":{"type":"Polygon","coordinates":[[[-84.60668,39.255203],[-84.606562,39.255096],[-84.606915,39.254839],[-84.607086,39.255028],[-84.60668,39.255203]]]}},{"type":"Feature","properties":{"pid":"051001830227"},"geometry":{"type":"Polygon","coordinates":[[[-84.6068,39.255371],[-84.60668,39.255203],[-84.607086,39.255028],[-84.607207,39.255194],[-84.6068,39.255371]]]}},{"type":"Feature","properties":{"pid":"051001830228"},"geometry":{"type":"Polygon","coordinates":[[[-84.6068,39.255371],[-84.607207,39.255194],[-84.607314,39.255341],[-84.60692,39.255539],[-84.6068,39.255371]]]}},{"type":"Feature","properties":{"pid":"051001830229"},"geometry":{"type":"Polygon","coordinates":[[[-84.607087,39.255773],[-84.60692,39.255539],[-84.607314,39.255341],[-84.607444,39.25547],[-84.607087,39.255773]]]}},{"type":"Feature","properties":{"pid":"051001830230"},"geometry":{"type":"Polygon","coordinates":[[[-84.607087,39.255773],[-84.607444,39.25547],[-84.607614,39.255566],[-84.607314,39.255955],[-84.607226,39.255968],[-84.607087,39.255773]]]}},{"type":"Feature","properties":{"pid":"051001830231"},"geometry":{"type":"Polygon","coordinates":[[[-84.607614,39.255566],[-84.607836,39.255681],[-84.60792,39.255806],[-84.607721,39.25589],[-84.607314,39.255955],[-84.607614,39.255566]]]}},{"type":"Feature","properties":{"pid":"051001830353"},"geometry":{"type":"Polygon","coordinates":[[[-84.604348,39.255023],[-84.604611,39.254921],[-84.604956,39.255206],[-84.604734,39.255342],[-84.604348,39.255023]]]}},{"type":"Feature","properties":{"pid":"051001830354"},"geometry":{"type":"Polygon","coordinates":[[[-84.604016,39.255195],[-84.604045,39.255142],[-84.604348,39.255023],[-84.604734,39.255342],[-84.604571,39.255434],[-84.604016,39.255195]]]}},{"type":"Feature","properties":{"pid":"051001830355"},"geometry":{"type":"Polygon","coordinates":[[[-84.603941,39.255335],[-84.604016,39.255195],[-84.604571,39.255434],[-84.604561,39.255533],[-84.604101,39.255643],[-84.603941,39.255335]]]}},{"type":"Feature","properties":{"pid":"051001830356"},"geometry":{"type":"Polygon","coordinates":[[[-84.60411,39.25566],[-84.604561,39.255533],[-84.604735,39.255658],[-84.604336,39.255893],[-84.60411,39.25566]]]}},{"type":"Feature","properties":{"pid":"051001830357"},"geometry":{"type":"Polygon","coordinates":[[[-84.604336,39.255893],[-84.604735,39.255658],[-84.60491,39.255824],[-84.604502,39.256064],[-84.604336,39.255893]]]}},{"type":"Feature","properties":{"pid":"051001830358"},"geometry":{"type":"Polygon","coordinates":[[[-84.604647,39.256213],[-84.604502,39.256064],[-84.60491,39.255824],[-84.605055,39.255973],[-84.604647,39.256213]]]}},{"type":"Feature","properties":{"pid":"051001830359"},"geometry":{"type":"Polygon","coordinates":[[[-84.604703,39.256271],[-84.604647,39.256213],[-84.605055,39.255973],[-84.605233,39.256156],[-84.60503,39.256395],[-84.604703,39.256271]]]}},{"type":"Feature","properties":{"pid":"051001830360"},"geometry":{"type":"Polygon","coordinates":[[[-84.605374,39.256072],[-84.605196,39.25589],[-84.605589,39.255657],[-84.605658,39.255727],[-84.605709,39.256007],[-84.605374,39.256072]]]}},{"type":"Feature","properties":{"pid":"051001830361"},"geometry":{"type":"Polygon","coordinates":[[[-84.605034,39.255724],[-84.605419,39.255482],[-84.605589,39.255657],[-84.605196,39.25589],[-84.605034,39.255724]]]}},{"type":"Feature","properties":{"pid":"051001830362"},"geometry":{"type":"Polygon","coordinates":[[[-84.604858,39.255544],[-84.604848,39.255478],[-84.605066,39.255317],[-84.605339,39.255532],[-84.605034,39.255724],[-84.604858,39.255544]]]}},{"type":"Feature","properties":{"pid":"051001830363"},"geometry":{"type":"Polygon","coordinates":[[[-84.605419,39.255482],[-84.605497,39.255356],[-84.605746,39.255173],[-84.605916,39.255313],[-84.605529,39.255596],[-84.605419,39.255482]]]}},{"type":"Feature","properties":{"pid":"051001830364"},"geometry":{"type":"Polygon","coordinates":[[[-84.605658,39.255727],[-84.605529,39.255596],[-84.605916,39.255313],[-84.606074,39.255481],[-84.605658,39.255727]]]}},{"type":"Feature","properties":{"pid":"051001830365"},"geometry":{"type":"Polygon","coordinates":[[[-84.605658,39.255727],[-84.606074,39.255481],[-84.606194,39.255635],[-84.605709,39.256007],[-84.605658,39.255727]]]}},{"type":"Feature","properties":{"pid":"051001830366"},"geometry":{"type":"Polygon","coordinates":[[[-84.606251,39.256037],[-84.605709,39.256007],[-84.606194,39.255635],[-84.606296,39.2557],[-84.606251,39.256037]]]}},{"type":"Feature","properties":{"pid":"051001830367"},"geometry":{"type":"Polygon","coordinates":[[[-84.606779,39.256035],[-84.606251,39.256037],[-84.606296,39.2557],[-84.606398,39.255686],[-84.606779,39.256035]]]}},{"type":"Feature","properties":{"pid":"051001830368"},"geometry":{"type":"Polygon","coordinates":[[[-84.606398,39.255686],[-84.606466,39.255584],[-84.607004,39.255657],[-84.607226,39.255968],[-84.606779,39.256035],[-84.606398,39.255686]]]}},{"type":"Feature","properties":{"pid":"051001830369"},"geometry":{"type":"Polygon","coordinates":[[[-84.606466,39.255584],[-84.606369,39.255482],[-84.606756,39.25531],[-84.607004,39.255657],[-84.606466,39.255584]]]}},{"type":"Feature","properties":{"pid":"051001830370"},"geometry":{"type":"Polygon","coordinates":[[[-84.606369,39.255482],[-84.606174,39.255354],[-84.606613,39.255139],[-84.606756,39.25531],[-84.606369,39.255482]]]}},{"type":"Feature","properties":{"pid":"051001830371"},"geometry":{"type":"Polygon","coordinates":[[[-84.606044,39.255219],[-84.606398,39.254961],[-84.606613,39.255139],[-84.606174,39.255354],[-84.606044,39.255219]]]}},{"type":"Feature","properties":{"pid":"051001830372"},"geometry":{"type":"Polygon","coordinates":[[[-84.605875,39.255079],[-84.606126,39.254895],[-84.606289,39.254871],[-84.606398,39.254961],[-84.606044,39.255219],[-84.605875,39.255079]]]}},{"type":"Feature","properties":{"pid":"051001830528"},"geometry":{"type":"Polygon","coordinates":[[[-84.60501,39.257573],[-84.604969,39.257529],[-84.605028,39.257101],[-84.605735,39.257189],[-84.605702,39.257654],[-84.60501,39.257573]]]}},{"type":"Feature","properties":{"pid":"051001830525"},"geometry":{"type":"Polygon","coordinates":[[[-84.60501,39.257573],[-84.604969,39.257529],[-84.605028,39.257101],[-84.605735,39.257189],[-84.605702,39.257654],[-84.60501,39.257573]]]}},{"type":"Feature","properties":{"pid":"051001830527"},"geometry":{"type":"Polygon","coordinates":[[[-84.60501,39.257573],[-84.604969,39.257529],[-84.605028,39.257101],[-84.605735,39.257189],[-84.605702,39.257654],[-84.60501,39.257573]]]}},{"type":"Feature","properties":{"pid":"051001830530"},"geometry":{"type":"Polygon","coordinates":[[[-84.60501,39.257573],[-84.604969,39.257529],[-84.605028,39.257101],[-84.605735,39.257189],[-84.605702,39.257654],[-84.60501,39.257573]]]}},{"type":"Feature","properties":{"pid":"051001830526"},"geometry":{"type":"Polygon","coordinates":[[[-84.60501,39.257573],[-84.604969,39.257529],[-84.605028,39.257101],[-84.605735,39.257189],[-84.605702,39.257654],[-84.60501,39.257573]]]}},{"type":"Feature","properties":{"pid":"051001830529"},"geometry":{"type":"Polygon","coordinates":[[[-84.60501,39.257573],[-84.604969,39.257529],[-84.605028,39.257101],[-84.605735,39.257189],[-84.605702,39.257654],[-84.60501,39.257573]]]}},{"type":"Feature","properties":{"pid":"051001830100"},"geometry":{"type":"Polygon","coordinates":[[[-84.608052,39.257936],[-84.606534,39.257751],[-84.606569,39.257196],[-84.607078,39.257178],[-84.607123,39.257275],[-84.607232,39.257333],[-84.607914,39.257414],[-84.608185,39.257498],[-84.608103,39.257909],[-84.608052,39.257936]]]}},{"type":"Feature","properties":{"pid":"051001830099"},"geometry":{"type":"Polygon","coordinates":[[[-84.608052,39.257936],[-84.606534,39.257751],[-84.606569,39.257196],[-84.607078,39.257178],[-84.607123,39.257275],[-84.607232,39.257333],[-84.607914,39.257414],[-84.608185,39.257498],[-84.608103,39.257909],[-84.608052,39.257936]]]}},{"type":"Feature","properties":{"pid":"051001830095"},"geometry":{"type":"Polygon","coordinates":[[[-84.608052,39.257936],[-84.606534,39.257751],[-84.606569,39.257196],[-84.607078,39.257178],[-84.607123,39.257275],[-84.607232,39.257333],[-84.607914,39.257414],[-84.608185,39.257498],[-84.608103,39.257909],[-84.608052,39.257936]]]}},{"type":"Feature","properties":{"pid":"051001830103"},"geometry":{"type":"Polygon","coordinates":[[[-84.608052,39.257936],[-84.606534,39.257751],[-84.606569,39.257196],[-84.607078,39.257178],[-84.607123,39.257275],[-84.607232,39.257333],[-84.607914,39.257414],[-84.608185,39.257498],[-84.608103,39.257909],[-84.608052,39.257936]]]}},{"type":"Feature","properties":{"pid":"051001830098"},"geometry":{"type":"Polygon","coordinates":[[[-84.608052,39.257936],[-84.606534,39.257751],[-84.606569,39.257196],[-84.607078,39.257178],[-84.607123,39.257275],[-84.607232,39.257333],[-84.607914,39.257414],[-84.608185,39.257498],[-84.608103,39.257909],[-84.608052,39.257936]]]}},{"type":"Feature","properties":{"pid":"051001830094"},"geometry":{"type":"Polygon","coordinates":[[[-84.608052,39.257936],[-84.606534,39.257751],[-84.606569,39.257196],[-84.607078,39.257178],[-84.607123,39.257275],[-84.607232,39.257333],[-84.607914,39.257414],[-84.608185,39.257498],[-84.608103,39.257909],[-84.608052,39.257936]]]}},{"type":"Feature","properties":{"pid":"051001830101"},"geometry":{"type":"Polygon","coordinates":[[[-84.608052,39.257936],[-84.606534,39.257751],[-84.606569,39.257196],[-84.607078,39.257178],[-84.607123,39.257275],[-84.607232,39.257333],[-84.607914,39.257414],[-84.608185,39.257498],[-84.608103,39.257909],[-84.608052,39.257936]]]}},{"type":"Feature","properties":{"pid":"051001830102"},"geometry":{"type":"Polygon","coordinates":[[[-84.608052,39.257936],[-84.606534,39.257751],[-84.606569,39.257196],[-84.607078,39.257178],[-84.607123,39.257275],[-84.607232,39.257333],[-84.607914,39.257414],[-84.608185,39.257498],[-84.608103,39.257909],[-84.608052,39.257936]]]}},{"type":"Feature","properties":{"pid":"051001830105"},"geometry":{"type":"Polygon","coordinates":[[[-84.608052,39.257936],[-84.606534,39.257751],[-84.606569,39.257196],[-84.607078,39.257178],[-84.607123,39.257275],[-84.607232,39.257333],[-84.607914,39.257414],[-84.608185,39.257498],[-84.608103,39.257909],[-84.608052,39.257936]]]}},{"type":"Feature","properties":{"pid":"051001830097"},"geometry":{"type":"Polygon","coordinates":[[[-84.608052,39.257936],[-84.606534,39.257751],[-84.606569,39.257196],[-84.607078,39.257178],[-84.607123,39.257275],[-84.607232,39.257333],[-84.607914,39.257414],[-84.608185,39.257498],[-84.608103,39.257909],[-84.608052,39.257936]]]}},{"type":"Feature","properties":{"pid":"051001830104"},"geometry":{"type":"Polygon","coordinates":[[[-84.608052,39.257936],[-84.606534,39.257751],[-84.606569,39.257196],[-84.607078,39.257178],[-84.607123,39.257275],[-84.607232,39.257333],[-84.607914,39.257414],[-84.608185,39.257498],[-84.608103,39.257909],[-84.608052,39.257936]]]}},{"type":"Feature","properties":{"pid":"051001830096"},"geometry":{"type":"Polygon","coordinates":[[[-84.608052,39.257936],[-84.606534,39.257751],[-84.606569,39.257196],[-84.607078,39.257178],[-84.607123,39.257275],[-84.607232,39.257333],[-84.607914,39.257414],[-84.608185,39.257498],[-84.608103,39.257909],[-84.608052,39.257936]]]}},{"type":"Feature","properties":{"pid":"051001830109"},"geometry":{"type":"MultiPolygon","coordinates":[[[[-84.606569,39.257196],[-84.60661,39.256645],[-84.607112,39.256709],[-84.607078,39.257178],[-84.606569,39.257196]]],[[[-84.607614,39.257379],[-84.607686,39.257008],[-84.608293,39.257117],[-84.608185,39.257498],[-84.607914,39.257414],[-84.607614,39.257379]]]]}},{"type":"Feature","properties":{"pid":"051001830112"},"geometry":{"type":"MultiPolygon","coordinates":[[[[-84.606569,39.257196],[-84.60661,39.256645],[-84.607112,39.256709],[-84.607078,39.257178],[-84.606569,39.257196]]],[[[-84.607614,39.257379],[-84.607686,39.257008],[-84.608293,39.257117],[-84.608185,39.257498],[-84.607914,39.257414],[-84.607614,39.257379]]]]}},{"type":"Feature","properties":{"pid":"051001830110"},"geometry":{"type":"MultiPolygon","coordinates":[[[[-84.606569,39.257196],[-84.60661,39.256645],[-84.607112,39.256709],[-84.607078,39.257178],[-84.606569,39.257196]]],[[[-84.607614,39.257379],[-84.607686,39.257008],[-84.608293,39.257117],[-84.608185,39.257498],[-84.607914,39.257414],[-84.607614,39.257379]]]]}},{"type":"Feature","properties":{"pid":"051001830108"},"geometry":{"type":"MultiPolygon","coordinates":[[[[-84.606569,39.257196],[-84.60661,39.256645],[-84.607112,39.256709],[-84.607078,39.257178],[-84.606569,39.257196]]],[[[-84.607614,39.257379],[-84.607686,39.257008],[-84.608293,39.257117],[-84.608185,39.257498],[-84.607914,39.257414],[-84.607614,39.257379]]]]}},{"type":"Feature","properties":{"pid":"051001830117"},"geometry":{"type":"MultiPolygon","coordinates":[[[[-84.606569,39.257196],[-84.60661,39.256645],[-84.607112,39.256709],[-84.607078,39.257178],[-84.606569,39.257196]]],[[[-84.607614,39.257379],[-84.607686,39.257008],[-84.608293,39.257117],[-84.608185,39.257498],[-84.607914,39.257414],[-84.607614,39.257379]]]]}},{"type":"Feature","properties":{"pid":"051001830115"},"geometry":{"type":"MultiPolygon","coordinates":[[[[-84.606569,39.257196],[-84.60661,39.256645],[-84.607112,39.256709],[-84.607078,39.257178],[-84.606569,39.257196]]],[[[-84.607614,39.257379],[-84.607686,39.257008],[-84.608293,39.257117],[-84.608185,39.257498],[-84.607914,39.257414],[-84.607614,39.257379]]]]}},{"type":"Feature","properties":{"pid":"051001830111"},"geometry":{"type":"MultiPolygon","coordinates":[[[[-84.606569,39.257196],[-84.60661,39.256645],[-84.607112,39.256709],[-84.607078,39.257178],[-84.606569,39.257196]]],[[[-84.607614,39.257379],[-84.607686,39.257008],[-84.608293,39.257117],[-84.608185,39.257498],[-84.607914,39.257414],[-84.607614,39.257379]]]]}},{"type":"Feature","properties":{"pid":"051001830113"},"geometry":{"type":"MultiPolygon","coordinates":[[[[-84.606569,39.257196],[-84.60661,39.256645],[-84.607112,39.256709],[-84.607078,39.257178],[-84.606569,39.257196]]],[[[-84.607614,39.257379],[-84.607686,39.257008],[-84.608293,39.257117],[-84.608185,39.257498],[-84.607914,39.257414],[-84.607614,39.257379]]]]}},{"type":"Feature","properties":{"pid":"051001830116"},"geometry":{"type":"MultiPolygon","coordinates":[[[[-84.606569,39.257196],[-84.60661,39.256645],[-84.607112,39.256709],[-84.607078,39.257178],[-84.606569,39.257196]]],[[[-84.607614,39.257379],[-84.607686,39.257008],[-84.608293,39.257117],[-84.608185,39.257498],[-84.607914,39.257414],[-84.607614,39.257379]]]]}},{"type":"Feature","properties":{"pid":"051001830114"},"geometry":{"type":"MultiPolygon","coordinates":[[[[-84.606569,39.257196],[-84.60661,39.256645],[-84.607112,39.256709],[-84.607078,39.257178],[-84.606569,39.257196]]],[[[-84.607614,39.257379],[-84.607686,39.257008],[-84.608293,39.257117],[-84.608185,39.257498],[-84.607914,39.257414],[-84.607614,39.257379]]]]}},{"type":"Feature","properties":{"pid":"051001830198"},"geometry":{"type":"MultiPolygon","coordinates":[[[[-84.606644,39.256197],[-84.60701,39.256143],[-84.607251,39.256567],[-84.607112,39.256709],[-84.60661,39.256645],[-84.606644,39.256197]]],[[[-84.607105,39.257253],[-84.607082,39.257098],[-84.607382,39.257112],[-84.607686,39.257008],[-84.607614,39.257379],[-84.607201,39.257323],[-84.607105,39.257253]]]]}},{"type":"Feature","properties":{"pid":"051001830194"},"geometry":{"type":"MultiPolygon","coordinates":[[[[-84.606644,39.256197],[-84.60701,39.256143],[-84.607251,39.256567],[-84.607112,39.256709],[-84.60661,39.256645],[-84.606644,39.256197]]],[[[-84.607105,39.257253],[-84.607082,39.257098],[-84.607382,39.257112],[-84.607686,39.257008],[-84.607614,39.257379],[-84.607201,39.257323],[-84.607105,39.257253]]]]}},{"type":"Feature","properties":{"pid":"051001830199"},"geometry":{"type":"MultiPolygon","coordinates":[[[[-84.606644,39.256197],[-84.60701,39.256143],[-84.607251,39.256567],[-84.607112,39.256709],[-84.60661,39.256645],[-84.606644,39.256197]]],[[[-84.607105,39.257253],[-84.607082,39.257098],[-84.607382,39.257112],[-84.607686,39.257008],[-84.607614,39.257379],[-84.607201,39.257323],[-84.607105,39.257253]]]]}},{"type":"Feature","properties":{"pid":"051001830196"},"geometry":{"type":"MultiPolygon","coordinates":[[[[-84.606644,39.256197],[-84.60701,39.256143],[-84.607251,39.256567],[-84.607112,39.256709],[-84.60661,39.256645],[-84.606644,39.256197]]],[[[-84.607105,39.257253],[-84.607082,39.257098],[-84.607382,39.257112],[-84.607686,39.257008],[-84.607614,39.257379],[-84.607201,39.257323],[-84.607105,39.257253]]]]}},{"type":"Feature","properties":{"pid":"051001830195"},"geometry":{"type":"MultiPolygon","coordinates":[[[[-84.606644,39.256197],[-84.60701,39.256143],[-84.607251,39.256567],[-84.607112,39.256709],[-84.60661,39.256645],[-84.606644,39.256197]]],[[[-84.607105,39.257253],[-84.607082,39.257098],[-84.607382,39.257112],[-84.607686,39.257008],[-84.607614,39.257379],[-84.607201,39.257323],[-84.607105,39.257253]]]]}},{"type":"Feature","properties":{"pid":"051001830193"},"geometry":{"type":"MultiPolygon","coordinates":[[[[-84.606644,39.256197],[-84.60701,39.256143],[-84.607251,39.256567],[-84.607112,39.256709],[-84.60661,39.256645],[-84.606644,39.256197]]],[[[-84.607105,39.257253],[-84.607082,39.257098],[-84.607382,39.257112],[-84.607686,39.257008],[-84.607614,39.257379],[-84.607201,39.257323],[-84.607105,39.257253]]]]}},{"type":"Feature","properties":{"pid":"051001830197"},"geometry":{"type":"MultiPolygon","coordinates":[[[[-84.606644,39.256197],[-84.60701,39.256143],[-84.607251,39.256567],[-84.607112,39.256709],[-84.60661,39.256645],[-84.606644,39.256197]]],[[[-84.607105,39.257253],[-84.607082,39.257098],[-84.607382,39.257112],[-84.607686,39.257008],[-84.607614,39.257379],[-84.607201,39.257323],[-84.607105,39.257253]]]]}},{"type":"Feature","properties":{"pid":"051001830200"},"geometry":{"type":"MultiPolygon","coordinates":[[[[-84.606644,39.256197],[-84.60701,39.256143],[-84.607251,39.256567],[-84.607112,39.256709],[-84.60661,39.256645],[-84.606644,39.256197]]],[[[-84.607105,39.257253],[-84.607082,39.257098],[-84.607382,39.257112],[-84.607686,39.257008],[-84.607614,39.257379],[-84.607201,39.257323],[-84.607105,39.257253]]]]}},{"type":"Feature","properties":{"pid":"051001830592"},"geometry":{"type":"Polygon","coordinates":[[[-84.606145,39.257189],[-84.606178,39.256745],[-84.606601,39.256765],[-84.606568,39.257208],[-84.606145,39.257189]]]}},{"type":"Feature","properties":{"pid":"051001830594"},"geometry":{"type":"Polygon","coordinates":[[[-84.606145,39.257189],[-84.606178,39.256745],[-84.606601,39.256765],[-84.606568,39.257208],[-84.606145,39.257189]]]}},{"type":"Feature","properties":{"pid":"051001830595"},"geometry":{"type":"Polygon","coordinates":[[[-84.606145,39.257189],[-84.606178,39.256745],[-84.606601,39.256765],[-84.606568,39.257208],[-84.606145,39.257189]]]}},{"type":"Feature","properties":{"pid":"051001830590"},"geometry":{"type":"Polygon","coordinates":[[[-84.606145,39.257189],[-84.606178,39.256745],[-84.606601,39.256765],[-84.606568,39.257208],[-84.606145,39.257189]]]}},{"type":"Feature","properties":{"pid":"051001830593"},"geometry":{"type":"Polygon","coordinates":[[[-84.606145,39.257189],[-84.606178,39.256745],[-84.606601,39.256765],[-84.606568,39.257208],[-84.606145,39.257189]]]}},{"type":"Feature","properties":{"pid":"051001830591"},"geometry":{"type":"Polygon","coordinates":[[[-84.606145,39.257189],[-84.606178,39.256745],[-84.606601,39.256765],[-84.606568,39.257208],[-84.606145,39.257189]]]}},{"type":"Feature","properties":{"pid":"051001830596"},"geometry":{"type":"Polygon","coordinates":[[[-84.605702,39.257654],[-84.605735,39.257189],[-84.606061,39.257226],[-84.606145,39.257189],[-84.606568,39.257208],[-84.606534,39.257751],[-84.605702,39.257654]]]}},{"type":"Feature","properties":{"pid":"051001830597"},"geometry":{"type":"Polygon","coordinates":[[[-84.605702,39.257654],[-84.605735,39.257189],[-84.606061,39.257226],[-84.606145,39.257189],[-84.606568,39.257208],[-84.606534,39.257751],[-84.605702,39.257654]]]}},{"type":"Feature","properties":{"pid":"051001830601"},"geometry":{"type":"Polygon","coordinates":[[[-84.605702,39.257654],[-84.605735,39.257189],[-84.606061,39.257226],[-84.606145,39.257189],[-84.606568,39.257208],[-84.606534,39.257751],[-84.605702,39.257654]]]}},{"type":"Feature","properties":{"pid":"051001830600"},"geometry":{"type":"Polygon","coordinates":[[[-84.605702,39.257654],[-84.605735,39.257189],[-84.606061,39.257226],[-84.606145,39.257189],[-84.606568,39.257208],[-84.606534,39.257751],[-84.605702,39.257654]]]}},{"type":"Feature","properties":{"pid":"051001830598"},"geometry":{"type":"Polygon","coordinates":[[[-84.605702,39.257654],[-84.605735,39.257189],[-84.606061,39.257226],[-84.606145,39.257189],[-84.606568,39.257208],[-84.606534,39.257751],[-84.605702,39.257654]]]}},{"type":"Feature","properties":{"pid":"051001830599"},"geometry":{"type":"Polygon","coordinates":[[[-84.605702,39.257654],[-84.605735,39.257189],[-84.606061,39.257226],[-84.606145,39.257189],[-84.606568,39.257208],[-84.606534,39.257751],[-84.605702,39.257654]]]}},{"type":"Feature","properties":{"pid":"051001830467"},"geometry":{"type":"Polygon","coordinates":[[[-84.606045,39.257225],[-84.605735,39.257189],[-84.605756,39.256895],[-84.605921,39.256534],[-84.60619,39.256591],[-84.606145,39.257189],[-84.606045,39.257225]]]}},{"type":"Feature","properties":{"pid":"051001830468"},"geometry":{"type":"Polygon","coordinates":[[[-84.606045,39.257225],[-84.605735,39.257189],[-84.605756,39.256895],[-84.605921,39.256534],[-84.60619,39.256591],[-84.606145,39.257189],[-84.606045,39.257225]]]}},{"type":"Feature","properties":{"pid":"051001830463"},"geometry":{"type":"Polygon","coordinates":[[[-84.606045,39.257225],[-84.605735,39.257189],[-84.605756,39.256895],[-84.605921,39.256534],[-84.60619,39.256591],[-84.606145,39.257189],[-84.606045,39.257225]]]}},{"type":"Feature","properties":{"pid":"051001830465"},"geometry":{"type":"Polygon","coordinates":[[[-84.606045,39.257225],[-84.605735,39.257189],[-84.605756,39.256895],[-84.605921,39.256534],[-84.60619,39.256591],[-84.606145,39.257189],[-84.606045,39.257225]]]}},{"type":"Feature","properties":{"pid":"051001830464"},"geometry":{"type":"Polygon","coordinates":[[[-84.606045,39.257225],[-84.605735,39.257189],[-84.605756,39.256895],[-84.605921,39.256534],[-84.60619,39.256591],[-84.606145,39.257189],[-84.606045,39.257225]]]}},{"type":"Feature","properties":{"pid":"051001830466"},"geometry":{"type":"Polygon","coordinates":[[[-84.606045,39.257225],[-84.605735,39.257189],[-84.605756,39.256895],[-84.605921,39.256534],[-84.60619,39.256591],[-84.606145,39.257189],[-84.606045,39.257225]]]}},{"type":"Feature","properties":{"pid":"051001830524"},"geometry":{"type":"Polygon","coordinates":[[[-84.605028,39.257101],[-84.605084,39.256811],[-84.605756,39.256895],[-84.605735,39.257189],[-84.605028,39.257101]]]}},{"type":"Feature","properties":{"pid":"051001830521"},"geometry":{"type":"Polygon","coordinates":[[[-84.605028,39.257101],[-84.605084,39.256811],[-84.605756,39.256895],[-84.605735,39.257189],[-84.605028,39.257101]]]}},{"type":"Feature","properties":{"pid":"051001830520"},"geometry":{"type":"Polygon","coordinates":[[[-84.605028,39.257101],[-84.605084,39.256811],[-84.605756,39.256895],[-84.605735,39.257189],[-84.605028,39.257101]]]}},{"type":"Feature","properties":{"pid":"051001830523"},"geometry":{"type":"Polygon","coordinates":[[[-84.605028,39.257101],[-84.605084,39.256811],[-84.605756,39.256895],[-84.605735,39.257189],[-84.605028,39.257101]]]}},{"type":"Feature","properties":{"pid":"051001830522"},"geometry":{"type":"Polygon","coordinates":[[[-84.605028,39.257101],[-84.605084,39.256811],[-84.605756,39.256895],[-84.605735,39.257189],[-84.605028,39.257101]]]}},{"type":"Feature","properties":{"pid":"051001830519"},"geometry":{"type":"Polygon","coordinates":[[[-84.605028,39.257101],[-84.605084,39.256811],[-84.605756,39.256895],[-84.605735,39.257189],[-84.605028,39.257101]]]}},{"type":"Feature","properties":{"pid":"051001830341"},"geometry":{"type":"Polygon","coordinates":[[[-84.608293,39.257117],[-84.607628,39.25697],[-84.607939,39.256659],[-84.608148,39.256781],[-84.608378,39.256837],[-84.608293,39.257117]]]}},{"type":"Feature","properties":{"pid":"051001830342"},"geometry":{"type":"Polygon","coordinates":[[[-84.608293,39.257117],[-84.607628,39.25697],[-84.607939,39.256659],[-84.608148,39.256781],[-84.608378,39.256837],[-84.608293,39.257117]]]}},{"type":"Feature","properties":{"pid":"051001830343"},"geometry":{"type":"Polygon","coordinates":[[[-84.608293,39.257117],[-84.607628,39.25697],[-84.607939,39.256659],[-84.608148,39.256781],[-84.608378,39.256837],[-84.608293,39.257117]]]}},{"type":"Feature","properties":{"pid":"051001830344"},"geometry":{"type":"Polygon","coordinates":[[[-84.608293,39.257117],[-84.607628,39.25697],[-84.607939,39.256659],[-84.608148,39.256781],[-84.608378,39.256837],[-84.608293,39.257117]]]}},{"type":"Feature","properties":{"pid":"051001830237"},"geometry":{"type":"MultiPolygon","coordinates":[[[[-84.607251,39.256567],[-84.60701,39.256143],[-84.607751,39.256024],[-84.607999,39.255939],[-84.60807,39.255956],[-84.607667,39.25652],[-84.607251,39.256567]]],[[[-84.607082,39.257098],[-84.607106,39.25679],[-84.607381,39.256803],[-84.607686,39.257008],[-84.607382,39.257112],[-84.607082,39.257098]]]]}},{"type":"Feature","properties":{"pid":"051001830234"},"geometry":{"type":"MultiPolygon","coordinates":[[[[-84.607251,39.256567],[-84.60701,39.256143],[-84.607751,39.256024],[-84.607999,39.255939],[-84.60807,39.255956],[-84.607667,39.25652],[-84.607251,39.256567]]],[[[-84.607082,39.257098],[-84.607106,39.25679],[-84.607381,39.256803],[-84.607686,39.257008],[-84.607382,39.257112],[-84.607082,39.257098]]]]}},{"type":"Feature","properties":{"pid":"051001830241"},"geometry":{"type":"MultiPolygon","coordinates":[[[[-84.607251,39.256567],[-84.60701,39.256143],[-84.607751,39.256024],[-84.607999,39.255939],[-84.60807,39.255956],[-84.607667,39.25652],[-84.607251,39.256567]]],[[[-84.607082,39.257098],[-84.607106,39.25679],[-84.607381,39.256803],[-84.607686,39.257008],[-84.607382,39.257112],[-84.607082,39.257098]]]]}},{"type":"Feature","properties":{"pid":"051001830236"},"geometry":{"type":"MultiPolygon","coordinates":[[[[-84.607251,39.256567],[-84.60701,39.256143],[-84.607751,39.256024],[-84.607999,39.255939],[-84.60807,39.255956],[-84.607667,39.25652],[-84.607251,39.256567]]],[[[-84.607082,39.257098],[-84.607106,39.25679],[-84.607381,39.256803],[-84.607686,39.257008],[-84.607382,39.257112],[-84.607082,39.257098]]]]}},{"type":"Feature","properties":{"pid":"051001830238"},"geometry":{"type":"MultiPolygon","coordinates":[[[[-84.607251,39.256567],[-84.60701,39.256143],[-84.607751,39.256024],[-84.607999,39.255939],[-84.60807,39.255956],[-84.607667,39.25652],[-84.607251,39.256567]]],[[[-84.607082,39.257098],[-84.607106,39.25679],[-84.607381,39.256803],[-84.607686,39.257008],[-84.607382,39.257112],[-84.607082,39.257098]]]]}},{"type":"Feature","properties":{"pid":"051001830235"},"geometry":{"type":"MultiPolygon","coordinates":[[[[-84.607251,39.256567],[-84.60701,39.256143],[-84.607751,39.256024],[-84.607999,39.255939],[-84.60807,39.255956],[-84.607667,39.25652],[-84.607251,39.256567]]],[[[-84.607082,39.257098],[-84.607106,39.25679],[-84.607381,39.256803],[-84.607686,39.257008],[-84.607382,39.257112],[-84.607082,39.257098]]]]}},{"type":"Feature","properties":{"pid":"051001830239"},"geometry":{"type":"MultiPolygon","coordinates":[[[[-84.607251,39.256567],[-84.60701,39.256143],[-84.607751,39.256024],[-84.607999,39.255939],[-84.60807,39.255956],[-84.607667,39.25652],[-84.607251,39.256567]]],[[[-84.607082,39.257098],[-84.607106,39.25679],[-84.607381,39.256803],[-84.607686,39.257008],[-84.607382,39.257112],[-84.607082,39.257098]]]]}},{"type":"Feature","properties":{"pid":"051001830233"},"geometry":{"type":"MultiPolygon","coordinates":[[[[-84.607251,39.256567],[-84.60701,39.256143],[-84.607751,39.256024],[-84.607999,39.255939],[-84.60807,39.255956],[-84.607667,39.25652],[-84.607251,39.256567]]],[[[-84.607082,39.257098],[-84.607106,39.25679],[-84.607381,39.256803],[-84.607686,39.257008],[-84.607382,39.257112],[-84.607082,39.257098]]]]}},{"type":"Feature","properties":{"pid":"051001830240"},"geometry":{"type":"MultiPolygon","coordinates":[[[[-84.607251,39.256567],[-84.60701,39.256143],[-84.607751,39.256024],[-84.607999,39.255939],[-84.60807,39.255956],[-84.607667,39.25652],[-84.607251,39.256567]]],[[[-84.607082,39.257098],[-84.607106,39.25679],[-84.607381,39.256803],[-84.607686,39.257008],[-84.607382,39.257112],[-84.607082,39.257098]]]]}},{"type":"Feature","properties":{"pid":"051001830242"},"geometry":{"type":"MultiPolygon","coordinates":[[[[-84.607251,39.256567],[-84.60701,39.256143],[-84.607751,39.256024],[-84.607999,39.255939],[-84.60807,39.255956],[-84.607667,39.25652],[-84.607251,39.256567]]],[[[-84.607082,39.257098],[-84.607106,39.25679],[-84.607381,39.256803],[-84.607686,39.257008],[-84.607382,39.257112],[-84.607082,39.257098]]]]}},{"type":"Feature","properties":{"pid":"051001830307"},"geometry":{"type":"Polygon","coordinates":[[[-84.607381,39.256803],[-84.607106,39.25679],[-84.607149,39.256641],[-84.607274,39.25656],[-84.607667,39.25652],[-84.607939,39.256659],[-84.607628,39.25697],[-84.607381,39.256803]]]}},{"type":"Feature","properties":{"pid":"051001830309"},"geometry":{"type":"Polygon","coordinates":[[[-84.607381,39.256803],[-84.607106,39.25679],[-84.607149,39.256641],[-84.607274,39.25656],[-84.607667,39.25652],[-84.607939,39.256659],[-84.607628,39.25697],[-84.607381,39.256803]]]}},{"type":"Feature","properties":{"pid":"051001830306"},"geometry":{"type":"Polygon","coordinates":[[[-84.607381,39.256803],[-84.607106,39.25679],[-84.607149,39.256641],[-84.607274,39.25656],[-84.607667,39.25652],[-84.607939,39.256659],[-84.607628,39.25697],[-84.607381,39.256803]]]}},{"type":"Feature","properties":{"pid":"051001830310"},"geometry":{"type":"Polygon","coordinates":[[[-84.607381,39.256803],[-84.607106,39.25679],[-84.607149,39.256641],[-84.607274,39.25656],[-84.607667,39.25652],[-84.607939,39.256659],[-84.607628,39.25697],[-84.607381,39.256803]]]}},{"type":"Feature","properties":{"pid":"051001830308"},"geometry":{"type":"Polygon","coordinates":[[[-84.607381,39.256803],[-84.607106,39.25679],[-84.607149,39.256641],[-84.607274,39.25656],[-84.607667,39.25652],[-84.607939,39.256659],[-84.607628,39.25697],[-84.607381,39.256803]]]}},{"type":"Feature","properties":{"pid":"051001830305"},"geometry":{"type":"Polygon","coordinates":[[[-84.607381,39.256803],[-84.607106,39.25679],[-84.607149,39.256641],[-84.607274,39.25656],[-84.607667,39.25652],[-84.607939,39.256659],[-84.607628,39.25697],[-84.607381,39.256803]]]}},{"type":"Feature","properties":{"pid":"051001830302"},"geometry":{"type":"Polygon","coordinates":[[[-84.608255,39.256814],[-84.607667,39.25652],[-84.608076,39.255963],[-84.608344,39.256242],[-84.60844,39.256471],[-84.608378,39.256837],[-84.608255,39.256814]]]}},{"type":"Feature","properties":{"pid":"051001830304"},"geometry":{"type":"Polygon","coordinates":[[[-84.608255,39.256814],[-84.607667,39.25652],[-84.608076,39.255963],[-84.608344,39.256242],[-84.60844,39.256471],[-84.608378,39.256837],[-84.608255,39.256814]]]}},{"type":"Feature","properties":{"pid":"051001830301"},"geometry":{"type":"Polygon","coordinates":[[[-84.608255,39.256814],[-84.607667,39.25652],[-84.608076,39.255963],[-84.608344,39.256242],[-84.60844,39.256471],[-84.608378,39.256837],[-84.608255,39.256814]]]}},{"type":"Feature","properties":{"pid":"051001830303"},"geometry":{"type":"Polygon","coordinates":[[[-84.608255,39.256814],[-84.607667,39.25652],[-84.608076,39.255963],[-84.608344,39.256242],[-84.60844,39.256471],[-84.608378,39.256837],[-84.608255,39.256814]]]}},{"type":"Feature","properties":{"pid":"051001830514"},"geometry":{"type":"Polygon","coordinates":[[[-84.606178,39.256745],[-84.606221,39.256177],[-84.606644,39.256197],[-84.606601,39.256765],[-84.606178,39.256745]]]}},{"type":"Feature","properties":{"pid":"051001830516"},"geometry":{"type":"Polygon","coordinates":[[[-84.606178,39.256745],[-84.606221,39.256177],[-84.606644,39.256197],[-84.606601,39.256765],[-84.606178,39.256745]]]}},{"type":"Feature","properties":{"pid":"051001830517"},"geometry":{"type":"Polygon","coordinates":[[[-84.606178,39.256745],[-84.606221,39.256177],[-84.606644,39.256197],[-84.606601,39.256765],[-84.606178,39.256745]]]}},{"type":"Feature","properties":{"pid":"051001830515"},"geometry":{"type":"Polygon","coordinates":[[[-84.606178,39.256745],[-84.606221,39.256177],[-84.606644,39.256197],[-84.606601,39.256765],[-84.606178,39.256745]]]}},{"type":"Feature","properties":{"pid":"051001830513"},"geometry":{"type":"Polygon","coordinates":[[[-84.606178,39.256745],[-84.606221,39.256177],[-84.606644,39.256197],[-84.606601,39.256765],[-84.606178,39.256745]]]}},{"type":"Feature","properties":{"pid":"051001830518"},"geometry":{"type":"Polygon","coordinates":[[[-84.606178,39.256745],[-84.606221,39.256177],[-84.606644,39.256197],[-84.606601,39.256765],[-84.606178,39.256745]]]}},{"type":"Feature","properties":{"pid":"051001830458"},"geometry":{"type":"Polygon","coordinates":[[[-84.605084,39.256811],[-84.605158,39.256511],[-84.605356,39.256284],[-84.605536,39.256436],[-84.605921,39.256534],[-84.605756,39.256895],[-84.605084,39.256811]]]}},{"type":"Feature","properties":{"pid":"051001830461"},"geometry":{"type":"Polygon","coordinates":[[[-84.605084,39.256811],[-84.605158,39.256511],[-84.605356,39.256284],[-84.605536,39.256436],[-84.605921,39.256534],[-84.605756,39.256895],[-84.605084,39.256811]]]}},{"type":"Feature","properties":{"pid":"051001830460"},"geometry":{"type":"Polygon","coordinates":[[[-84.605084,39.256811],[-84.605158,39.256511],[-84.605356,39.256284],[-84.605536,39.256436],[-84.605921,39.256534],[-84.605756,39.256895],[-84.605084,39.256811]]]}},{"type":"Feature","properties":{"pid":"051001830459"},"geometry":{"type":"Polygon","coordinates":[[[-84.605084,39.256811],[-84.605158,39.256511],[-84.605356,39.256284],[-84.605536,39.256436],[-84.605921,39.256534],[-84.605756,39.256895],[-84.605084,39.256811]]]}},{"type":"Feature","properties":{"pid":"051001830462"},"geometry":{"type":"Polygon","coordinates":[[[-84.605084,39.256811],[-84.605158,39.256511],[-84.605356,39.256284],[-84.605536,39.256436],[-84.605921,39.256534],[-84.605756,39.256895],[-84.605084,39.256811]]]}},{"type":"Feature","properties":{"pid":"051001830457"},"geometry":{"type":"Polygon","coordinates":[[[-84.605084,39.256811],[-84.605158,39.256511],[-84.605356,39.256284],[-84.605536,39.256436],[-84.605921,39.256534],[-84.605756,39.256895],[-84.605084,39.256811]]]}},{"type":"Feature","properties":{"pid":"051001830411"},"geometry":{"type":"Polygon","coordinates":[[[-84.609171,39.254525],[-84.609155,39.254308],[-84.60922,39.254149],[-84.609481,39.253933],[-84.609645,39.254088],[-84.609929,39.254124],[-84.609898,39.254419],[-84.609171,39.254525]]]}},{"type":"Feature","properties":{"pid":"051001830413"},"geometry":{"type":"Polygon","coordinates":[[[-84.609171,39.254525],[-84.609155,39.254308],[-84.60922,39.254149],[-84.609481,39.253933],[-84.609645,39.254088],[-84.609929,39.254124],[-84.609898,39.254419],[-84.609171,39.254525]]]}},{"type":"Feature","properties":{"pid":"051001830410"},"geometry":{"type":"Polygon","coordinates":[[[-84.609171,39.254525],[-84.609155,39.254308],[-84.60922,39.254149],[-84.609481,39.253933],[-84.609645,39.254088],[-84.609929,39.254124],[-84.609898,39.254419],[-84.609171,39.254525]]]}},{"type":"Feature","properties":{"pid":"051001830412"},"geometry":{"type":"Polygon","coordinates":[[[-84.609171,39.254525],[-84.609155,39.254308],[-84.60922,39.254149],[-84.609481,39.253933],[-84.609645,39.254088],[-84.609929,39.254124],[-84.609898,39.254419],[-84.609171,39.254525]]]}},{"type":"Feature","properties":{"pid":"051001830126"},"geometry":{"type":"Polygon","coordinates":[[[-84.608536,39.254311],[-84.608986,39.254245],[-84.60904,39.254144],[-84.608987,39.254125],[-84.60901,39.254081],[-84.609063,39.2541],[-84.609217,39.253897],[-84.609294,39.253936],[-84.609151,39.254076],[-84.60907,39.254243],[-84.609092,39.25455],[-84.609025,39.254558],[-84.609015,39.254513],[-84.6086,39.254576],[-84.608536,39.254311]]]}},{"type":"Feature","properties":{"pid":"051001830127"},"geometry":{"type":"Polygon","coordinates":[[[-84.608536,39.254311],[-84.608986,39.254245],[-84.60904,39.254144],[-84.608987,39.254125],[-84.60901,39.254081],[-84.609063,39.2541],[-84.609217,39.253897],[-84.609294,39.253936],[-84.609151,39.254076],[-84.60907,39.254243],[-84.609092,39.25455],[-84.609025,39.254558],[-84.609015,39.254513],[-84.6086,39.254576],[-84.608536,39.254311]]]}},{"type":"Feature","properties":{"pid":"051001830129"},"geometry":{"type":"Polygon","coordinates":[[[-84.608536,39.254311],[-84.608986,39.254245],[-84.60904,39.254144],[-84.608987,39.254125],[-84.60901,39.254081],[-84.609063,39.2541],[-84.609217,39.253897],[-84.609294,39.253936],[-84.609151,39.254076],[-84.60907,39.254243],[-84.609092,39.25455],[-84.609025,39.254558],[-84.609015,39.254513],[-84.6086,39.254576],[-84.608536,39.254311]]]}},{"type":"Feature","properties":{"pid":"051001830128"},"geometry":{"type":"Polygon","coordinates":[[[-84.608536,39.254311],[-84.608986,39.254245],[-84.60904,39.254144],[-84.608987,39.254125],[-84.60901,39.254081],[-84.609063,39.2541],[-84.609217,39.253897],[-84.609294,39.253936],[-84.609151,39.254076],[-84.60907,39.254243],[-84.609092,39.25455],[-84.609025,39.254558],[-84.609015,39.254513],[-84.6086,39.254576],[-84.608536,39.254311]]]}},{"type":"Feature","properties":{"pid":"051001830130"},"geometry":{"type":"Polygon","coordinates":[[[-84.608536,39.254311],[-84.608986,39.254245],[-84.60904,39.254144],[-84.608987,39.254125],[-84.60901,39.254081],[-84.609063,39.2541],[-84.609217,39.253897],[-84.609294,39.253936],[-84.609151,39.254076],[-84.60907,39.254243],[-84.609092,39.25455],[-84.609025,39.254558],[-84.609015,39.254513],[-84.6086,39.254576],[-84.608536,39.254311]]]}},{"type":"Feature","properties":{"pid":"051001830134"},"geometry":{"type":"Polygon","coordinates":[[[-84.608536,39.254311],[-84.608986,39.254245],[-84.60904,39.254144],[-84.608987,39.254125],[-84.60901,39.254081],[-84.609063,39.2541],[-84.609217,39.253897],[-84.609294,39.253936],[-84.609151,39.254076],[-84.60907,39.254243],[-84.609092,39.25455],[-84.609025,39.254558],[-84.609015,39.254513],[-84.6086,39.254576],[-84.608536,39.254311]]]}},{"type":"Feature","properties":{"pid":"051001830131"},"geometry":{"type":"Polygon","coordinates":[[[-84.608536,39.254311],[-84.608986,39.254245],[-84.60904,39.254144],[-84.608987,39.254125],[-84.60901,39.254081],[-84.609063,39.2541],[-84.609217,39.253897],[-84.609294,39.253936],[-84.609151,39.254076],[-84.60907,39.254243],[-84.609092,39.25455],[-84.609025,39.254558],[-84.609015,39.254513],[-84.6086,39.254576],[-84.608536,39.254311]]]}},{"type":"Feature","properties":{"pid":"051001830135"},"geometry":{"type":"Polygon","coordinates":[[[-84.608536,39.254311],[-84.608986,39.254245],[-84.60904,39.254144],[-84.608987,39.254125],[-84.60901,39.254081],[-84.609063,39.2541],[-84.609217,39.253897],[-84.609294,39.253936],[-84.609151,39.254076],[-84.60907,39.254243],[-84.609092,39.25455],[-84.609025,39.254558],[-84.609015,39.254513],[-84.6086,39.254576],[-84.608536,39.254311]]]}},{"type":"Feature","properties":{"pid":"051001830132"},"geometry":{"type":"Polygon","coordinates":[[[-84.608536,39.254311],[-84.608986,39.254245],[-84.60904,39.254144],[-84.608987,39.254125],[-84.60901,39.254081],[-84.609063,39.2541],[-84.609217,39.253897],[-84.609294,39.253936],[-84.609151,39.254076],[-84.60907,39.254243],[-84.609092,39.25455],[-84.609025,39.254558],[-84.609015,39.254513],[-84.6086,39.254576],[-84.608536,39.254311]]]}},{"type":"Feature","properties":{"pid":"051001830136"},"geometry":{"type":"Polygon","coordinates":[[[-84.608536,39.254311],[-84.608986,39.254245],[-84.60904,39.254144],[-84.608987,39.254125],[-84.60901,39.254081],[-84.609063,39.2541],[-84.609217,39.253897],[-84.609294,39.253936],[-84.609151,39.254076],[-84.60907,39.254243],[-84.609092,39.25455],[-84.609025,39.254558],[-84.609015,39.254513],[-84.6086,39.254576],[-84.608536,39.254311]]]}},{"type":"Feature","properties":{"pid":"051001830133"},"geometry":{"type":"Polygon","coordinates":[[[-84.608536,39.254311],[-84.608986,39.254245],[-84.60904,39.254144],[-84.608987,39.254125],[-84.60901,39.254081],[-84.609063,39.2541],[-84.609217,39.253897],[-84.609294,39.253936],[-84.609151,39.254076],[-84.60907,39.254243],[-84.609092,39.25455],[-84.609025,39.254558],[-84.609015,39.254513],[-84.6086,39.254576],[-84.608536,39.254311]]]}},{"type":"Feature","properties":{"pid":"051001830137"},"geometry":{"type":"Polygon","coordinates":[[[-84.608536,39.254311],[-84.608986,39.254245],[-84.60904,39.254144],[-84.608987,39.254125],[-84.60901,39.254081],[-84.609063,39.2541],[-84.609217,39.253897],[-84.609294,39.253936],[-84.609151,39.254076],[-84.60907,39.254243],[-84.609092,39.25455],[-84.609025,39.254558],[-84.609015,39.254513],[-84.6086,39.254576],[-84.608536,39.254311]]]}},{"type":"Feature","properties":{"pid":"051001830751"},"geometry":{"type":"Polygon","coordinates":[[[-84.607291,39.253747],[-84.607711,39.25347],[-84.608224,39.253849],[-84.607983,39.254382],[-84.607291,39.253747]]]}},{"type":"Feature","properties":{"pid":"051001830745"},"geometry":{"type":"Polygon","coordinates":[[[-84.607291,39.253747],[-84.607711,39.25347],[-84.608224,39.253849],[-84.607983,39.254382],[-84.607291,39.253747]]]}},{"type":"Feature","properties":{"pid":"051001830757"},"geometry":{"type":"Polygon","coordinates":[[[-84.607291,39.253747],[-84.607711,39.25347],[-84.608224,39.253849],[-84.607983,39.254382],[-84.607291,39.253747]]]}},{"type":"Feature","properties":{"pid":"051001830752"},"geometry":{"type":"Polygon","coordinates":[[[-84.607291,39.253747],[-84.607711,39.25347],[-84.608224,39.253849],[-84.607983,39.254382],[-84.607291,39.253747]]]}},{"type":"Feature","properties":{"pid":"051001830740"},"geometry":{"type":"Polygon","coordinates":[[[-84.607291,39.253747],[-84.607711,39.25347],[-84.608224,39.253849],[-84.607983,39.254382],[-84.607291,39.253747]]]}},{"type":"Feature","properties":{"pid":"051001830736"},"geometry":{"type":"Polygon","coordinates":[[[-84.607291,39.253747],[-84.607711,39.25347],[-84.608224,39.253849],[-84.607983,39.254382],[-84.607291,39.253747]]]}},{"type":"Feature","properties":{"pid":"051001830748"},"geometry":{"type":"Polygon","coordinates":[[[-84.607291,39.253747],[-84.607711,39.25347],[-84.608224,39.253849],[-84.607983,39.254382],[-84.607291,39.253747]]]}},{"type":"Feature","properties":{"pid":"051001830747"},"geometry":{"type":"Polygon","coordinates":[[[-84.607291,39.253747],[-84.607711,39.25347],[-84.608224,39.253849],[-84.607983,39.254382],[-84.607291,39.253747]]]}},{"type":"Feature","properties":{"pid":"051001830756"},"geometry":{"type":"Polygon","coordinates":[[[-84.607291,39.253747],[-84.607711,39.25347],[-84.608224,39.253849],[-84.607983,39.254382],[-84.607291,39.253747]]]}},{"type":"Feature","properties":{"pid":"051001830753"},"geometry":{"type":"Polygon","coordinates":[[[-84.607291,39.253747],[-84.607711,39.25347],[-84.608224,39.253849],[-84.607983,39.254382],[-84.607291,39.253747]]]}},{"type":"Feature","properties":{"pid":"051001830742"},"geometry":{"type":"Polygon","coordinates":[[[-84.607291,39.253747],[-84.607711,39.25347],[-84.608224,39.253849],[-84.607983,39.254382],[-84.607291,39.253747]]]}},{"type":"Feature","properties":{"pid":"051001830739"},"geometry":{"type":"Polygon","coordinates":[[[-84.607291,39.253747],[-84.607711,39.25347],[-84.608224,39.253849],[-84.607983,39.254382],[-84.607291,39.253747]]]}},{"type":"Feature","properties":{"pid":"051001830755"},"geometry":{"type":"Polygon","coordinates":[[[-84.607291,39.253747],[-84.607711,39.25347],[-84.608224,39.253849],[-84.607983,39.254382],[-84.607291,39.253747]]]}},{"type":"Feature","properties":{"pid":"051001830754"},"geometry":{"type":"Polygon","coordinates":[[[-84.607291,39.253747],[-84.607711,39.25347],[-84.608224,39.253849],[-84.607983,39.254382],[-84.607291,39.253747]]]}},{"type":"Feature","properties":{"pid":"051001830737"},"geometry":{"type":"Polygon","coordinates":[[[-84.607291,39.253747],[-84.607711,39.25347],[-84.608224,39.253849],[-84.607983,39.254382],[-84.607291,39.253747]]]}},{"type":"Feature","properties":{"pid":"051001830750"},"geometry":{"type":"Polygon","coordinates":[[[-84.607291,39.253747],[-84.607711,39.25347],[-84.608224,39.253849],[-84.607983,39.254382],[-84.607291,39.253747]]]}},{"type":"Feature","properties":{"pid":"051001830741"},"geometry":{"type":"Polygon","coordinates":[[[-84.607291,39.253747],[-84.607711,39.25347],[-84.608224,39.253849],[-84.607983,39.254382],[-84.607291,39.253747]]]}},{"type":"Feature","properties":{"pid":"051001830738"},"geometry":{"type":"Polygon","coordinates":[[[-84.607291,39.253747],[-84.607711,39.25347],[-84.608224,39.253849],[-84.607983,39.254382],[-84.607291,39.253747]]]}},{"type":"Feature","properties":{"pid":"051001830744"},"geometry":{"type":"Polygon","coordinates":[[[-84.607291,39.253747],[-84.607711,39.25347],[-84.608224,39.253849],[-84.607983,39.254382],[-84.607291,39.253747]]]}},{"type":"Feature","properties":{"pid":"051001830759"},"geometry":{"type":"Polygon","coordinates":[[[-84.607291,39.253747],[-84.607711,39.25347],[-84.608224,39.253849],[-84.607983,39.254382],[-84.607291,39.253747]]]}},{"type":"Feature","properties":{"pid":"051001830758"},"geometry":{"type":"Polygon","coordinates":[[[-84.607291,39.253747],[-84.607711,39.25347],[-84.608224,39.253849],[-84.607983,39.254382],[-84.607291,39.253747]]]}},{"type":"Feature","properties":{"pid":"051001830749"},"geometry":{"type":"Polygon","coordinates":[[[-84.607291,39.253747],[-84.607711,39.25347],[-84.608224,39.253849],[-84.607983,39.254382],[-84.607291,39.253747]]]}},{"type":"Feature","properties":{"pid":"051001830743"},"geometry":{"type":"Polygon","coordinates":[[[-84.607291,39.253747],[-84.607711,39.25347],[-84.608224,39.253849],[-84.607983,39.254382],[-84.607291,39.253747]]]}},{"type":"Feature","properties":{"pid":"051001830746"},"geometry":{"type":"Polygon","coordinates":[[[-84.607291,39.253747],[-84.607711,39.25347],[-84.608224,39.253849],[-84.607983,39.254382],[-84.607291,39.253747]]]}},{"type":"Feature","properties":{"pid":"051001830774"},"geometry":{"type":"Polygon","coordinates":[[[-84.607983,39.254382],[-84.608243,39.253808],[-84.608684,39.253422],[-84.6093,39.253878],[-84.609294,39.253936],[-84.609217,39.253897],[-84.609063,39.2541],[-84.60901,39.254081],[-84.608987,39.254125],[-84.60904,39.254144],[-84.608986,39.254245],[-84.608536,39.254311],[-84.608607,39.254604],[-84.607983,39.254382]]]}},{"type":"Feature","properties":{"pid":"051001830761"},"geometry":{"type":"Polygon","coordinates":[[[-84.607983,39.254382],[-84.608243,39.253808],[-84.608684,39.253422],[-84.6093,39.253878],[-84.609294,39.253936],[-84.609217,39.253897],[-84.609063,39.2541],[-84.60901,39.254081],[-84.608987,39.254125],[-84.60904,39.254144],[-84.608986,39.254245],[-84.608536,39.254311],[-84.608607,39.254604],[-84.607983,39.254382]]]}},{"type":"Feature","properties":{"pid":"051001830762"},"geometry":{"type":"Polygon","coordinates":[[[-84.607983,39.254382],[-84.608243,39.253808],[-84.608684,39.253422],[-84.6093,39.253878],[-84.609294,39.253936],[-84.609217,39.253897],[-84.609063,39.2541],[-84.60901,39.254081],[-84.608987,39.254125],[-84.60904,39.254144],[-84.608986,39.254245],[-84.608536,39.254311],[-84.608607,39.254604],[-84.607983,39.254382]]]}},{"type":"Feature","properties":{"pid":"051001830773"},"geometry":{"type":"Polygon","coordinates":[[[-84.607983,39.254382],[-84.608243,39.253808],[-84.608684,39.253422],[-84.6093,39.253878],[-84.609294,39.253936],[-84.609217,39.253897],[-84.609063,39.2541],[-84.60901,39.254081],[-84.608987,39.254125],[-84.60904,39.254144],[-84.608986,39.254245],[-84.608536,39.254311],[-84.608607,39.254604],[-84.607983,39.254382]]]}},{"type":"Feature","properties":{"pid":"051001830775"},"geometry":{"type":"Polygon","coordinates":[[[-84.607983,39.254382],[-84.608243,39.253808],[-84.608684,39.253422],[-84.6093,39.253878],[-84.609294,39.253936],[-84.609217,39.253897],[-84.609063,39.2541],[-84.60901,39.254081],[-84.608987,39.254125],[-84.60904,39.254144],[-84.608986,39.254245],[-84.608536,39.254311],[-84.608607,39.254604],[-84.607983,39.254382]]]}},{"type":"Feature","properties":{"pid":"051001830772"},"geometry":{"type":"Polygon","coordinates":[[[-84.607983,39.254382],[-84.608243,39.253808],[-84.608684,39.253422],[-84.6093,39.253878],[-84.609294,39.253936],[-84.609217,39.253897],[-84.609063,39.2541],[-84.60901,39.254081],[-84.608987,39.254125],[-84.60904,39.254144],[-84.608986,39.254245],[-84.608536,39.254311],[-84.608607,39.254604],[-84.607983,39.254382]]]}},{"type":"Feature","properties":{"pid":"051001830763"},"geometry":{"type":"Polygon","coordinates":[[[-84.607983,39.254382],[-84.608243,39.253808],[-84.608684,39.253422],[-84.6093,39.253878],[-84.609294,39.253936],[-84.609217,39.253897],[-84.609063,39.2541],[-84.60901,39.254081],[-84.608987,39.254125],[-84.60904,39.254144],[-84.608986,39.254245],[-84.608536,39.254311],[-84.608607,39.254604],[-84.607983,39.254382]]]}},{"type":"Feature","properties":{"pid":"051001830760"},"geometry":{"type":"Polygon","coordinates":[[[-84.607983,39.254382],[-84.608243,39.253808],[-84.608684,39.253422],[-84.6093,39.253878],[-84.609294,39.253936],[-84.609217,39.253897],[-84.609063,39.2541],[-84.60901,39.254081],[-84.608987,39.254125],[-84.60904,39.254144],[-84.608986,39.254245],[-84.608536,39.254311],[-84.608607,39.254604],[-84.607983,39.254382]]]}},{"type":"Feature","properties":{"pid":"051001830764"},"geometry":{"type":"Polygon","coordinates":[[[-84.607983,39.254382],[-84.608243,39.253808],[-84.608684,39.253422],[-84.6093,39.253878],[-84.609294,39.253936],[-84.609217,39.253897],[-84.609063,39.2541],[-84.60901,39.254081],[-84.608987,39.254125],[-84.60904,39.254144],[-84.608986,39.254245],[-84.608536,39.254311],[-84.608607,39.254604],[-84.607983,39.254382]]]}},{"type":"Feature","properties":{"pid":"051001830782"},"geometry":{"type":"Polygon","coordinates":[[[-84.607983,39.254382],[-84.608243,39.253808],[-84.608684,39.253422],[-84.6093,39.253878],[-84.609294,39.253936],[-84.609217,39.253897],[-84.609063,39.2541],[-84.60901,39.254081],[-84.608987,39.254125],[-84.60904,39.254144],[-84.608986,39.254245],[-84.608536,39.254311],[-84.608607,39.254604],[-84.607983,39.254382]]]}},{"type":"Feature","properties":{"pid":"051001830779"},"geometry":{"type":"Polygon","coordinates":[[[-84.607983,39.254382],[-84.608243,39.253808],[-84.608684,39.253422],[-84.6093,39.253878],[-84.609294,39.253936],[-84.609217,39.253897],[-84.609063,39.2541],[-84.60901,39.254081],[-84.608987,39.254125],[-84.60904,39.254144],[-84.608986,39.254245],[-84.608536,39.254311],[-84.608607,39.254604],[-84.607983,39.254382]]]}},{"type":"Feature","properties":{"pid":"051001830783"},"geometry":{"type":"Polygon","coordinates":[[[-84.607983,39.254382],[-84.608243,39.253808],[-84.608684,39.253422],[-84.6093,39.253878],[-84.609294,39.253936],[-84.609217,39.253897],[-84.609063,39.2541],[-84.60901,39.254081],[-84.608987,39.254125],[-84.60904,39.254144],[-84.608986,39.254245],[-84.608536,39.254311],[-84.608607,39.254604],[-84.607983,39.254382]]]}},{"type":"Feature","properties":{"pid":"051001830778"},"geometry":{"type":"Polygon","coordinates":[[[-84.607983,39.254382],[-84.608243,39.253808],[-84.608684,39.253422],[-84.6093,39.253878],[-84.609294,39.253936],[-84.609217,39.253897],[-84.609063,39.2541],[-84.60901,39.254081],[-84.608987,39.254125],[-84.60904,39.254144],[-84.608986,39.254245],[-84.608536,39.254311],[-84.608607,39.254604],[-84.607983,39.254382]]]}},{"type":"Feature","properties":{"pid":"051001830777"},"geometry":{"type":"Polygon","coordinates":[[[-84.607983,39.254382],[-84.608243,39.253808],[-84.608684,39.253422],[-84.6093,39.253878],[-84.609294,39.253936],[-84.609217,39.253897],[-84.609063,39.2541],[-84.60901,39.254081],[-84.608987,39.254125],[-84.60904,39.254144],[-84.608986,39.254245],[-84.608536,39.254311],[-84.608607,39.254604],[-84.607983,39.254382]]]}},{"type":"Feature","properties":{"pid":"051001830781"},"geometry":{"type":"Polygon","coordinates":[[[-84.607983,39.254382],[-84.608243,39.253808],[-84.608684,39.253422],[-84.6093,39.253878],[-84.609294,39.253936],[-84.609217,39.253897],[-84.609063,39.2541],[-84.60901,39.254081],[-84.608987,39.254125],[-84.60904,39.254144],[-84.608986,39.254245],[-84.608536,39.254311],[-84.608607,39.254604],[-84.607983,39.254382]]]}},{"type":"Feature","properties":{"pid":"051001830768"},"geometry":{"type":"Polygon","coordinates":[[[-84.607983,39.254382],[-84.608243,39.253808],[-84.608684,39.253422],[-84.6093,39.253878],[-84.609294,39.253936],[-84.609217,39.253897],[-84.609063,39.2541],[-84.60901,39.254081],[-84.608987,39.254125],[-84.60904,39.254144],[-84.608986,39.254245],[-84.608536,39.254311],[-84.608607,39.254604],[-84.607983,39.254382]]]}},{"type":"Feature","properties":{"pid":"051001830767"},"geometry":{"type":"Polygon","coordinates":[[[-84.607983,39.254382],[-84.608243,39.253808],[-84.608684,39.253422],[-84.6093,39.253878],[-84.609294,39.253936],[-84.609217,39.253897],[-84.609063,39.2541],[-84.60901,39.254081],[-84.608987,39.254125],[-84.60904,39.254144],[-84.608986,39.254245],[-84.608536,39.254311],[-84.608607,39.254604],[-84.607983,39.254382]]]}},{"type":"Feature","properties":{"pid":"051001830771"},"geometry":{"type":"Polygon","coordinates":[[[-84.607983,39.254382],[-84.608243,39.253808],[-84.608684,39.253422],[-84.6093,39.253878],[-84.609294,39.253936],[-84.609217,39.253897],[-84.609063,39.2541],[-84.60901,39.254081],[-84.608987,39.254125],[-84.60904,39.254144],[-84.608986,39.254245],[-84.608536,39.254311],[-84.608607,39.254604],[-84.607983,39.254382]]]}},{"type":"Feature","properties":{"pid":"051001830765"},"geometry":{"type":"Polygon","coordinates":[[[-84.607983,39.254382],[-84.608243,39.253808],[-84.608684,39.253422],[-84.6093,39.253878],[-84.609294,39.253936],[-84.609217,39.253897],[-84.609063,39.2541],[-84.60901,39.254081],[-84.608987,39.254125],[-84.60904,39.254144],[-84.608986,39.254245],[-84.608536,39.254311],[-84.608607,39.254604],[-84.607983,39.254382]]]}},{"type":"Feature","properties":{"pid":"051001830769"},"geometry":{"type":"Polygon","coordinates":[[[-84.607983,39.254382],[-84.608243,39.253808],[-84.608684,39.253422],[-84.6093,39.253878],[-84.609294,39.253936],[-84.609217,39.253897],[-84.609063,39.2541],[-84.60901,39.254081],[-84.608987,39.254125],[-84.60904,39.254144],[-84.608986,39.254245],[-84.608536,39.254311],[-84.608607,39.254604],[-84.607983,39.254382]]]}},{"type":"Feature","properties":{"pid":"051001830766"},"geometry":{"type":"Polygon","coordinates":[[[-84.607983,39.254382],[-84.608243,39.253808],[-84.608684,39.253422],[-84.6093,39.253878],[-84.609294,39.253936],[-84.609217,39.253897],[-84.609063,39.2541],[-84.60901,39.254081],[-84.608987,39.254125],[-84.60904,39.254144],[-84.608986,39.254245],[-84.608536,39.254311],[-84.608607,39.254604],[-84.607983,39.254382]]]}},{"type":"Feature","properties":{"pid":"051001830770"},"geometry":{"type":"Polygon","coordinates":[[[-84.607983,39.254382],[-84.608243,39.253808],[-84.608684,39.253422],[-84.6093,39.253878],[-84.609294,39.253936],[-84.609217,39.253897],[-84.609063,39.2541],[-84.60901,39.254081],[-84.608987,39.254125],[-84.60904,39.254144],[-84.608986,39.254245],[-84.608536,39.254311],[-84.608607,39.254604],[-84.607983,39.254382]]]}},{"type":"Feature","properties":{"pid":"051001830776"},"geometry":{"type":"Polygon","coordinates":[[[-84.607983,39.254382],[-84.608243,39.253808],[-84.608684,39.253422],[-84.6093,39.253878],[-84.609294,39.253936],[-84.609217,39.253897],[-84.609063,39.2541],[-84.60901,39.254081],[-84.608987,39.254125],[-84.60904,39.254144],[-84.608986,39.254245],[-84.608536,39.254311],[-84.608607,39.254604],[-84.607983,39.254382]]]}},{"type":"Feature","properties":{"pid":"051001830780"},"geometry":{"type":"Polygon","coordinates":[[[-84.607983,39.254382],[-84.608243,39.253808],[-84.608684,39.253422],[-84.6093,39.253878],[-84.609294,39.253936],[-84.609217,39.253897],[-84.609063,39.2541],[-84.60901,39.254081],[-84.608987,39.254125],[-84.60904,39.254144],[-84.608986,39.254245],[-84.608536,39.254311],[-84.608607,39.254604],[-84.607983,39.254382]]]}},{"type":"Feature","properties":{"pid":"051001830607"},"geometry":{"type":"Polygon","coordinates":[[[-84.604856,39.257067],[-84.60408,39.25702],[-84.604104,39.256706],[-84.604247,39.256589],[-84.604557,39.256718],[-84.604915,39.256764],[-84.604856,39.257067]]]}},{"type":"Feature","properties":{"pid":"051001830608"},"geometry":{"type":"Polygon","coordinates":[[[-84.604856,39.257067],[-84.60408,39.25702],[-84.604104,39.256706],[-84.604247,39.256589],[-84.604557,39.256718],[-84.604915,39.256764],[-84.604856,39.257067]]]}},{"type":"Feature","properties":{"pid":"051001830610"},"geometry":{"type":"Polygon","coordinates":[[[-84.604856,39.257067],[-84.60408,39.25702],[-84.604104,39.256706],[-84.604247,39.256589],[-84.604557,39.256718],[-84.604915,39.256764],[-84.604856,39.257067]]]}},{"type":"Feature","properties":{"pid":"051001830609"},"geometry":{"type":"Polygon","coordinates":[[[-84.604856,39.257067],[-84.60408,39.25702],[-84.604104,39.256706],[-84.604247,39.256589],[-84.604557,39.256718],[-84.604915,39.256764],[-84.604856,39.257067]]]}},{"type":"Feature","properties":{"pid":"051001830612"},"geometry":{"type":"Polygon","coordinates":[[[-84.604856,39.257067],[-84.60408,39.25702],[-84.604104,39.256706],[-84.604247,39.256589],[-84.604557,39.256718],[-84.604915,39.256764],[-84.604856,39.257067]]]}},{"type":"Feature","properties":{"pid":"051001830611"},"geometry":{"type":"Polygon","coordinates":[[[-84.604856,39.257067],[-84.60408,39.25702],[-84.604104,39.256706],[-84.604247,39.256589],[-84.604557,39.256718],[-84.604915,39.256764],[-84.604856,39.257067]]]}},{"type":"Feature","properties":{"pid":"051001830616"},"geometry":{"type":"Polygon","coordinates":[[[-84.604247,39.257484],[-84.604282,39.25703],[-84.604856,39.257067],[-84.604734,39.257525],[-84.604247,39.257484]]]}},{"type":"Feature","properties":{"pid":"051001830614"},"geometry":{"type":"Polygon","coordinates":[[[-84.604247,39.257484],[-84.604282,39.25703],[-84.604856,39.257067],[-84.604734,39.257525],[-84.604247,39.257484]]]}},{"type":"Feature","properties":{"pid":"051001830613"},"geometry":{"type":"Polygon","coordinates":[[[-84.604247,39.257484],[-84.604282,39.25703],[-84.604856,39.257067],[-84.604734,39.257525],[-84.604247,39.257484]]]}},{"type":"Feature","properties":{"pid":"051001830615"},"geometry":{"type":"Polygon","coordinates":[[[-84.604247,39.257484],[-84.604282,39.25703],[-84.604856,39.257067],[-84.604734,39.257525],[-84.604247,39.257484]]]}},{"type":"Feature","properties":{"pid":"051001830637"},"geometry":{"type":"Polygon","coordinates":[[[-84.60408,39.25702],[-84.603729,39.256965],[-84.603677,39.256884],[-84.603719,39.256298],[-84.603882,39.256325],[-84.604247,39.256589],[-84.604104,39.256706],[-84.60408,39.25702]]]}},{"type":"Feature","properties":{"pid":"051001830636"},"geometry":{"type":"Polygon","coordinates":[[[-84.60408,39.25702],[-84.603729,39.256965],[-84.603677,39.256884],[-84.603719,39.256298],[-84.603882,39.256325],[-84.604247,39.256589],[-84.604104,39.256706],[-84.60408,39.25702]]]}},{"type":"Feature","properties":{"pid":"051001830639"},"geometry":{"type":"Polygon","coordinates":[[[-84.60408,39.25702],[-84.603729,39.256965],[-84.603677,39.256884],[-84.603719,39.256298],[-84.603882,39.256325],[-84.604247,39.256589],[-84.604104,39.256706],[-84.60408,39.25702]]]}},{"type":"Feature","properties":{"pid":"051001830635"},"geometry":{"type":"Polygon","coordinates":[[[-84.60408,39.25702],[-84.603729,39.256965],[-84.603677,39.256884],[-84.603719,39.256298],[-84.603882,39.256325],[-84.604247,39.256589],[-84.604104,39.256706],[-84.60408,39.25702]]]}},{"type":"Feature","properties":{"pid":"051001830640"},"geometry":{"type":"Polygon","coordinates":[[[-84.60408,39.25702],[-84.603729,39.256965],[-84.603677,39.256884],[-84.603719,39.256298],[-84.603882,39.256325],[-84.604247,39.256589],[-84.604104,39.256706],[-84.60408,39.25702]]]}},{"type":"Feature","properties":{"pid":"051001830638"},"geometry":{"type":"Polygon","coordinates":[[[-84.60408,39.25702],[-84.603729,39.256965],[-84.603677,39.256884],[-84.603719,39.256298],[-84.603882,39.256325],[-84.604247,39.256589],[-84.604104,39.256706],[-84.60408,39.25702]]]}},{"type":"Feature","properties":{"pid":"051001830643"},"geometry":{"type":"Polygon","coordinates":[[[-84.603617,39.25741],[-84.603802,39.257001],[-84.604282,39.25703],[-84.604247,39.257484],[-84.603617,39.25741]]]}},{"type":"Feature","properties":{"pid":"051001830644"},"geometry":{"type":"Polygon","coordinates":[[[-84.603617,39.25741],[-84.603802,39.257001],[-84.604282,39.25703],[-84.604247,39.257484],[-84.603617,39.25741]]]}},{"type":"Feature","properties":{"pid":"051001830641"},"geometry":{"type":"Polygon","coordinates":[[[-84.603617,39.25741],[-84.603802,39.257001],[-84.604282,39.25703],[-84.604247,39.257484],[-84.603617,39.25741]]]}},{"type":"Feature","properties":{"pid":"051001830646"},"geometry":{"type":"Polygon","coordinates":[[[-84.603617,39.25741],[-84.603802,39.257001],[-84.604282,39.25703],[-84.604247,39.257484],[-84.603617,39.25741]]]}},{"type":"Feature","properties":{"pid":"051001830642"},"geometry":{"type":"Polygon","coordinates":[[[-84.603617,39.25741],[-84.603802,39.257001],[-84.604282,39.25703],[-84.604247,39.257484],[-84.603617,39.25741]]]}},{"type":"Feature","properties":{"pid":"051001830645"},"geometry":{"type":"Polygon","coordinates":[[[-84.603617,39.25741],[-84.603802,39.257001],[-84.604282,39.25703],[-84.604247,39.257484],[-84.603617,39.25741]]]}},{"type":"Feature","properties":{"pid":"051001830681"},"geometry":{"type":"Polygon","coordinates":[[[-84.603908,39.256341],[-84.603719,39.256298],[-84.603732,39.256126],[-84.60411,39.25566],[-84.604591,39.256155],[-84.604151,39.256518],[-84.603908,39.256341]]]}},{"type":"Feature","properties":{"pid":"051001830682"},"geometry":{"type":"Polygon","coordinates":[[[-84.603908,39.256341],[-84.603719,39.256298],[-84.603732,39.256126],[-84.60411,39.25566],[-84.604591,39.256155],[-84.604151,39.256518],[-84.603908,39.256341]]]}},{"type":"Feature","properties":{"pid":"051001830680"},"geometry":{"type":"Polygon","coordinates":[[[-84.603908,39.256341],[-84.603719,39.256298],[-84.603732,39.256126],[-84.60411,39.25566],[-84.604591,39.256155],[-84.604151,39.256518],[-84.603908,39.256341]]]}},{"type":"Feature","properties":{"pid":"051001830677"},"geometry":{"type":"Polygon","coordinates":[[[-84.603908,39.256341],[-84.603719,39.256298],[-84.603732,39.256126],[-84.60411,39.25566],[-84.604591,39.256155],[-84.604151,39.256518],[-84.603908,39.256341]]]}},{"type":"Feature","properties":{"pid":"051001830678"},"geometry":{"type":"Polygon","coordinates":[[[-84.603908,39.256341],[-84.603719,39.256298],[-84.603732,39.256126],[-84.60411,39.25566],[-84.604591,39.256155],[-84.604151,39.256518],[-84.603908,39.256341]]]}},{"type":"Feature","properties":{"pid":"051001830679"},"geometry":{"type":"Polygon","coordinates":[[[-84.603908,39.256341],[-84.603719,39.256298],[-84.603732,39.256126],[-84.60411,39.25566],[-84.604591,39.256155],[-84.604151,39.256518],[-84.603908,39.256341]]]}},{"type":"Feature","properties":{"pid":"051001830711"},"geometry":{"type":"Polygon","coordinates":[[[-84.604616,39.256729],[-84.604344,39.256641],[-84.604151,39.256518],[-84.604591,39.256155],[-84.604703,39.256271],[-84.60503,39.256395],[-84.604915,39.256764],[-84.604616,39.256729]]]}},{"type":"Feature","properties":{"pid":"051001830712"},"geometry":{"type":"Polygon","coordinates":[[[-84.604616,39.256729],[-84.604344,39.256641],[-84.604151,39.256518],[-84.604591,39.256155],[-84.604703,39.256271],[-84.60503,39.256395],[-84.604915,39.256764],[-84.604616,39.256729]]]}},{"type":"Feature","properties":{"pid":"051001830713"},"geometry":{"type":"Polygon","coordinates":[[[-84.604616,39.256729],[-84.604344,39.256641],[-84.604151,39.256518],[-84.604591,39.256155],[-84.604703,39.256271],[-84.60503,39.256395],[-84.604915,39.256764],[-84.604616,39.256729]]]}},{"type":"Feature","properties":{"pid":"051001830710"},"geometry":{"type":"Polygon","coordinates":[[[-84.604616,39.256729],[-84.604344,39.256641],[-84.604151,39.256518],[-84.604591,39.256155],[-84.604703,39.256271],[-84.60503,39.256395],[-84.604915,39.256764],[-84.604616,39.256729]]]}},{"type":"Feature","properties":{"pid":"051001830727"},"geometry":{"type":"Polygon","coordinates":[[[-84.60319,39.256148],[-84.603202,39.255994],[-84.603875,39.25546],[-84.603941,39.255335],[-84.60411,39.25566],[-84.603728,39.256173],[-84.60319,39.256148]]]}},{"type":"Feature","properties":{"pid":"051001830728"},"geometry":{"type":"Polygon","coordinates":[[[-84.60319,39.256148],[-84.603202,39.255994],[-84.603875,39.25546],[-84.603941,39.255335],[-84.60411,39.25566],[-84.603728,39.256173],[-84.60319,39.256148]]]}},{"type":"Feature","properties":{"pid":"051001830731"},"geometry":{"type":"Polygon","coordinates":[[[-84.60319,39.256148],[-84.603202,39.255994],[-84.603875,39.25546],[-84.603941,39.255335],[-84.60411,39.25566],[-84.603728,39.256173],[-84.60319,39.256148]]]}},{"type":"Feature","properties":{"pid":"051001830730"},"geometry":{"type":"Polygon","coordinates":[[[-84.60319,39.256148],[-84.603202,39.255994],[-84.603875,39.25546],[-84.603941,39.255335],[-84.60411,39.25566],[-84.603728,39.256173],[-84.60319,39.256148]]]}},{"type":"Feature","properties":{"pid":"051001830729"},"geometry":{"type":"Polygon","coordinates":[[[-84.60319,39.256148],[-84.603202,39.255994],[-84.603875,39.25546],[-84.603941,39.255335],[-84.60411,39.25566],[-84.603728,39.256173],[-84.60319,39.256148]]]}},{"type":"Feature","properties":{"pid":"051001830726"},"geometry":{"type":"Polygon","coordinates":[[[-84.60319,39.256148],[-84.603202,39.255994],[-84.603875,39.25546],[-84.603941,39.255335],[-84.60411,39.25566],[-84.603728,39.256173],[-84.60319,39.256148]]]}},{"type":"Feature","properties":{"pid":"051001830734"},"geometry":{"type":"Polygon","coordinates":[[[-84.603165,39.256474],[-84.60319,39.256148],[-84.603728,39.256173],[-84.603703,39.256499],[-84.603165,39.256474]]]}},{"type":"Feature","properties":{"pid":"051001830735"},"geometry":{"type":"Polygon","coordinates":[[[-84.603165,39.256474],[-84.60319,39.256148],[-84.603728,39.256173],[-84.603703,39.256499],[-84.603165,39.256474]]]}},{"type":"Feature","properties":{"pid":"051001830732"},"geometry":{"type":"Polygon","coordinates":[[[-84.603165,39.256474],[-84.60319,39.256148],[-84.603728,39.256173],[-84.603703,39.256499],[-84.603165,39.256474]]]}},{"type":"Feature","properties":{"pid":"051001830733"},"geometry":{"type":"Polygon","coordinates":[[[-84.603165,39.256474],[-84.60319,39.256148],[-84.603728,39.256173],[-84.603703,39.256499],[-84.603165,39.256474]]]}},{"type":"Feature","properties":{"pid":"051001840033"},"geometry":{"type":"Polygon","coordinates":[[[-84.618798,39.253674],[-84.619017,39.253459],[-84.619626,39.253836],[-84.619406,39.254051],[-84.618798,39.253674]]]}},{"type":"Feature","properties":{"pid":"051001840034"},"geometry":{"type":"Polygon","coordinates":[[[-84.619017,39.253459],[-84.619237,39.253244],[-84.619845,39.253621],[-84.619626,39.253836],[-84.619017,39.253459]]]}},{"type":"Feature","properties":{"pid":"051001840046"},"geometry":{"type":"Polygon","coordinates":[[[-84.618903,39.256849],[-84.618988,39.256534],[-84.619887,39.256393],[-84.619989,39.256632],[-84.618923,39.256939],[-84.618903,39.256849]]]}},{"type":"Feature","properties":{"pid":"051001840047"},"geometry":{"type":"Polygon","coordinates":[[[-84.618988,39.256534],[-84.619142,39.256101],[-84.619874,39.256164],[-84.619887,39.256393],[-84.618988,39.256534]]]}},{"type":"Feature","properties":{"pid":"051001840048"},"geometry":{"type":"Polygon","coordinates":[[[-84.619142,39.256101],[-84.619281,39.255711],[-84.619951,39.255944],[-84.619874,39.256164],[-84.619142,39.256101]]]}},{"type":"Feature","properties":{"pid":"051001840049"},"geometry":{"type":"Polygon","coordinates":[[[-84.619281,39.255711],[-84.6194,39.25538],[-84.619473,39.255308],[-84.620111,39.255751],[-84.619951,39.255944],[-84.619281,39.255711]]]}},{"type":"Feature","properties":{"pid":"051001840050"},"geometry":{"type":"Polygon","coordinates":[[[-84.619473,39.255308],[-84.619726,39.25506],[-84.620354,39.255566],[-84.620111,39.255751],[-84.619473,39.255308]]]}},{"type":"Feature","properties":{"pid":"051001840057"},"geometry":{"type":"Polygon","coordinates":[[[-84.620796,39.254557],[-84.620636,39.254326],[-84.621256,39.254064],[-84.621433,39.254318],[-84.620796,39.254557]]]}},{"type":"Feature","properties":{"pid":"051001840063"},"geometry":{"type":"Polygon","coordinates":[[[-84.620227,39.255857],[-84.620505,39.255644],[-84.620995,39.256039],[-84.620768,39.25621],[-84.620227,39.255857]]]}},{"type":"Feature","properties":{"pid":"051001840064"},"geometry":{"type":"Polygon","coordinates":[[[-84.620227,39.255857],[-84.620768,39.25621],[-84.620763,39.256252],[-84.620052,39.256326],[-84.620076,39.256077],[-84.620227,39.255857]]]}},{"type":"Feature","properties":{"pid":"051001840065"},"geometry":{"type":"Polygon","coordinates":[[[-84.620181,39.256641],[-84.620052,39.256326],[-84.620763,39.256252],[-84.620856,39.256447],[-84.620181,39.256641]]]}},{"type":"Feature","properties":{"pid":"051001840068"},"geometry":{"type":"Polygon","coordinates":[[[-84.621068,39.256902],[-84.620876,39.256881],[-84.620929,39.256426],[-84.621582,39.256472],[-84.621068,39.256902]]]}},{"type":"Feature","properties":{"pid":"051001840071"},"geometry":{"type":"Polygon","coordinates":[[[-84.620693,39.257673],[-84.620766,39.257048],[-84.621022,39.257085],[-84.621349,39.25775],[-84.620693,39.257673]]]}},{"type":"Feature","properties":{"pid":"051001840075"},"geometry":{"type":"Polygon","coordinates":[[[-84.619633,39.257986],[-84.619685,39.257715],[-84.620384,39.257796],[-84.620332,39.258068],[-84.619633,39.257986]]]}},{"type":"Feature","properties":{"pid":"051001840076"},"geometry":{"type":"Polygon","coordinates":[[[-84.619581,39.258258],[-84.619633,39.257986],[-84.620332,39.258068],[-84.620279,39.258339],[-84.619581,39.258258]]]}},{"type":"Feature","properties":{"pid":"051001840079"},"geometry":{"type":"Polygon","coordinates":[[[-84.619508,39.258638],[-84.61956,39.258366],[-84.620258,39.258448],[-84.620206,39.258719],[-84.619508,39.258638]]]}},{"type":"Feature","properties":{"pid":"051001840080"},"geometry":{"type":"Polygon","coordinates":[[[-84.619446,39.258887],[-84.619508,39.258638],[-84.620206,39.258719],[-84.620673,39.259108],[-84.620662,39.259168],[-84.619446,39.258887]]]}},{"type":"Feature","properties":{"pid":"051001840096"},"geometry":{"type":"Polygon","coordinates":[[[-84.617176,39.255715],[-84.617203,39.255373],[-84.618062,39.25559],[-84.617979,39.255839],[-84.617176,39.255715]]]}},{"type":"Feature","properties":{"pid":"051001840097"},"geometry":{"type":"Polygon","coordinates":[[[-84.617203,39.255373],[-84.617232,39.255011],[-84.618183,39.255349],[-84.618062,39.25559],[-84.617203,39.255373]]]}},{"type":"Feature","properties":{"pid":"051001840098"},"geometry":{"type":"Polygon","coordinates":[[[-84.617232,39.255011],[-84.617263,39.254612],[-84.618339,39.255121],[-84.618183,39.255349],[-84.617232,39.255011]]]}},{"type":"Feature","properties":{"pid":"051001840099"},"geometry":{"type":"Polygon","coordinates":[[[-84.617263,39.254612],[-84.617299,39.254162],[-84.618528,39.254909],[-84.618339,39.255121],[-84.617263,39.254612]]]}},{"type":"Feature","properties":{"pid":"051001840100"},"geometry":{"type":"Polygon","coordinates":[[[-84.617915,39.254537],[-84.618138,39.254319],[-84.618746,39.254695],[-84.618528,39.254909],[-84.617915,39.254537]]]}},{"type":"Feature","properties":{"pid":"051001840101"},"geometry":{"type":"Polygon","coordinates":[[[-84.618138,39.254319],[-84.618358,39.254104],[-84.618966,39.25448],[-84.618746,39.254695],[-84.618138,39.254319]]]}},{"type":"Feature","properties":{"pid":"051001840102"},"geometry":{"type":"Polygon","coordinates":[[[-84.618358,39.254104],[-84.618578,39.253889],[-84.619186,39.254265],[-84.618966,39.25448],[-84.618358,39.254104]]]}},{"type":"Feature","properties":{"pid":"051001840103"},"geometry":{"type":"Polygon","coordinates":[[[-84.618578,39.253889],[-84.618798,39.253674],[-84.619406,39.254051],[-84.619186,39.254265],[-84.618578,39.253889]]]}},{"type":"Feature","properties":{"pid":"051001840104"},"geometry":{"type":"Polygon","coordinates":[[[-84.619368,39.254308],[-84.619588,39.254094],[-84.620278,39.254521],[-84.620059,39.254736],[-84.619368,39.254308]]]}},{"type":"Feature","properties":{"pid":"051001840105"},"geometry":{"type":"Polygon","coordinates":[[[-84.619148,39.254523],[-84.619368,39.254308],[-84.620059,39.254736],[-84.619839,39.254951],[-84.619148,39.254523]]]}},{"type":"Feature","properties":{"pid":"051001840106"},"geometry":{"type":"Polygon","coordinates":[[[-84.618928,39.254738],[-84.619148,39.254523],[-84.619839,39.254951],[-84.619619,39.255165],[-84.618928,39.254738]]]}},{"type":"Feature","properties":{"pid":"051001840107"},"geometry":{"type":"Polygon","coordinates":[[[-84.618708,39.254953],[-84.618928,39.254738],[-84.619619,39.255165],[-84.6194,39.25538],[-84.618708,39.254953]]]}},{"type":"Feature","properties":{"pid":"051001840108"},"geometry":{"type":"Polygon","coordinates":[[[-84.618484,39.2552],[-84.618708,39.254953],[-84.6194,39.25538],[-84.619323,39.255593],[-84.618484,39.2552]]]}},{"type":"Feature","properties":{"pid":"051001840109"},"geometry":{"type":"Polygon","coordinates":[[[-84.618306,39.255473],[-84.618484,39.2552],[-84.619323,39.255593],[-84.619256,39.255781],[-84.618306,39.255473]]]}},{"type":"Feature","properties":{"pid":"051001840110"},"geometry":{"type":"Polygon","coordinates":[[[-84.618182,39.255763],[-84.618306,39.255473],[-84.619256,39.255781],[-84.619192,39.255962],[-84.618182,39.255763]]]}},{"type":"Feature","properties":{"pid":"051001840111"},"geometry":{"type":"Polygon","coordinates":[[[-84.618114,39.256065],[-84.618182,39.255763],[-84.619192,39.255962],[-84.619127,39.256144],[-84.618114,39.256065]]]}},{"type":"Feature","properties":{"pid":"051001840114"},"geometry":{"type":"Polygon","coordinates":[[[-84.618148,39.256669],[-84.618978,39.256561],[-84.618903,39.256849],[-84.618206,39.25694],[-84.618148,39.256669]]]}},{"type":"Feature","properties":{"pid":"051001840115"},"geometry":{"type":"Polygon","coordinates":[[[-84.618206,39.25694],[-84.618903,39.256849],[-84.618962,39.25712],[-84.618265,39.25721],[-84.618206,39.25694]]]}},{"type":"Feature","properties":{"pid":"051001840116"},"geometry":{"type":"Polygon","coordinates":[[[-84.618323,39.257481],[-84.618265,39.25721],[-84.618962,39.25712],[-84.619021,39.257391],[-84.618323,39.257481]]]}},{"type":"Feature","properties":{"pid":"051001840117"},"geometry":{"type":"Polygon","coordinates":[[[-84.618419,39.257815],[-84.618323,39.257481],[-84.619021,39.257391],[-84.619063,39.257595],[-84.618419,39.257815]]]}},{"type":"Feature","properties":{"pid":"051001840118"},"geometry":{"type":"Polygon","coordinates":[[[-84.618419,39.257815],[-84.619063,39.257595],[-84.619204,39.257612],[-84.61885,39.258141],[-84.618594,39.25801],[-84.618419,39.257815]]]}},{"type":"Feature","properties":{"pid":"051001840131"},"geometry":{"type":"Polygon","coordinates":[[[-84.615558,39.254874],[-84.614691,39.254475],[-84.614915,39.254234],[-84.615304,39.254107],[-84.615558,39.254874]]]}},{"type":"Feature","properties":{"pid":"051001840132"},"geometry":{"type":"Polygon","coordinates":[[[-84.615304,39.254107],[-84.615817,39.254005],[-84.616089,39.254826],[-84.615558,39.254874],[-84.615304,39.254107]]]}},{"type":"Feature","properties":{"pid":"051001840144"},"geometry":{"type":"Polygon","coordinates":[[[-84.614053,39.254182],[-84.613903,39.253876],[-84.614454,39.253713],[-84.614836,39.254108],[-84.614539,39.254406],[-84.614053,39.254182]]]}},{"type":"Feature","properties":{"pid":"051001840153"},"geometry":{"type":"Polygon","coordinates":[[[-84.617304,39.254165],[-84.617353,39.253474],[-84.61759,39.253487],[-84.617707,39.253535],[-84.61764,39.254369],[-84.617304,39.254165]]]}},{"type":"Feature","properties":{"pid":"051001840154"},"geometry":{"type":"Polygon","coordinates":[[[-84.61764,39.254369],[-84.617707,39.253535],[-84.617835,39.253581],[-84.617927,39.253567],[-84.618046,39.253729],[-84.617986,39.254468],[-84.617915,39.254537],[-84.61764,39.254369]]]}},{"type":"Feature","properties":{"pid":"051001840155"},"geometry":{"type":"Polygon","coordinates":[[[-84.618046,39.253729],[-84.617927,39.253567],[-84.617997,39.253479],[-84.61895,39.253525],[-84.617986,39.254468],[-84.618046,39.253729]]]}},{"type":"Feature","properties":{"pid":"051002500043"},"geometry":{"type":"Polygon","coordinates":[[[-84.634139,39.265984],[-84.634747,39.265976],[-84.634824,39.266361],[-84.634088,39.26689],[-84.634139,39.265984]]]}},{"type":"Feature","properties":{"pid":"051002500045"},"geometry":{"type":"Polygon","coordinates":[[[-84.633219,39.26312],[-84.633257,39.261884],[-84.634122,39.263124],[-84.633219,39.26312]]]}},{"type":"Feature","properties":{"pid":"051002500057"},"geometry":{"type":"Polygon","coordinates":[[[-84.634747,39.265976],[-84.634139,39.265984],[-84.634184,39.265258],[-84.634571,39.265251],[-84.634747,39.265976]]]}},{"type":"Feature","properties":{"pid":"051002500069"},"geometry":{"type":"Polygon","coordinates":[[[-84.637498,39.25331],[-84.637522,39.252865],[-84.637872,39.252876],[-84.637849,39.25332],[-84.637498,39.25331]]]}},{"type":"Feature","properties":{"pid":"051002500093"},"geometry":{"type":"Polygon","coordinates":[[[-84.633316,39.258059],[-84.632619,39.25804],[-84.632632,39.257765],[-84.633338,39.257786],[-84.633316,39.258059]]]}},{"type":"Feature","properties":{"pid":"051002500094"},"geometry":{"type":"Polygon","coordinates":[[[-84.633309,39.257785],[-84.632632,39.257765],[-84.632645,39.257491],[-84.633351,39.257511],[-84.633309,39.257785]]]}},{"type":"Feature","properties":{"pid":"051002500095"},"geometry":{"type":"Polygon","coordinates":[[[-84.633357,39.257375],[-84.632651,39.257355],[-84.632664,39.257081],[-84.633388,39.257101],[-84.633357,39.257375]]]}},{"type":"Feature","properties":{"pid":"051002500096"},"geometry":{"type":"Polygon","coordinates":[[[-84.633388,39.257101],[-84.632664,39.257081],[-84.632677,39.256806],[-84.633488,39.256829],[-84.633388,39.257101]]]}},{"type":"Feature","properties":{"pid":"051002500104"},"geometry":{"type":"Polygon","coordinates":[[[-84.643446,39.258063],[-84.643891,39.257889],[-84.643991,39.257891],[-84.644208,39.25842],[-84.643874,39.25856],[-84.643446,39.258063]]]}},{"type":"Feature","properties":{"pid":"051002500137"},"geometry":{"type":"Polygon","coordinates":[[[-84.63413,39.259618],[-84.634157,39.258907],[-84.63479,39.258954],[-84.634763,39.259665],[-84.63413,39.259618]]]}},{"type":"Feature","properties":{"pid":"051002500139"},"geometry":{"type":"Polygon","coordinates":[[[-84.634421,39.258927],[-84.633507,39.258859],[-84.633523,39.258447],[-84.634437,39.258515],[-84.634421,39.258927]]]}},{"type":"Feature","properties":{"pid":"051002500153"},"geometry":{"type":"Polygon","coordinates":[[[-84.641067,39.259099],[-84.640379,39.257732],[-84.641688,39.257713],[-84.641902,39.258642],[-84.641067,39.259099]]]}},{"type":"Feature","properties":{"pid":"051002500162"},"geometry":{"type":"Polygon","coordinates":[[[-84.641902,39.258642],[-84.641688,39.257713],[-84.642215,39.257712],[-84.642381,39.258379],[-84.641902,39.258642]]]}},{"type":"Feature","properties":{"pid":"051002500171"},"geometry":{"type":"Polygon","coordinates":[[[-84.644519,39.256992],[-84.643617,39.256576],[-84.643882,39.256223],[-84.64479,39.256626],[-84.644519,39.256992]]]}},{"type":"Feature","properties":{"pid":"051002500183"},"geometry":{"type":"Polygon","coordinates":[[[-84.644726,39.255147],[-84.644382,39.254507],[-84.644379,39.252925],[-84.643913,39.252227],[-84.645356,39.252227],[-84.645273,39.255118],[-84.644726,39.255147]]]}},{"type":"Feature","properties":{"pid":"051002500184"},"geometry":{"type":"Polygon","coordinates":[[[-84.644257,39.257347],[-84.643097,39.256812],[-84.643357,39.256461],[-84.644519,39.256992],[-84.644257,39.257347]]]}},{"type":"Feature","properties":{"pid":"051002500189"},"geometry":{"type":"Polygon","coordinates":[[[-84.634993,39.259682],[-84.635053,39.258201],[-84.636737,39.258242],[-84.636815,39.258656],[-84.635107,39.258615],[-84.635063,39.259687],[-84.634993,39.259682]]]}},{"type":"Feature","properties":{"pid":"051002500192"},"geometry":{"type":"Polygon","coordinates":[[[-84.628444,39.266928],[-84.628729,39.264118],[-84.631198,39.264101],[-84.631164,39.264951],[-84.630798,39.264934],[-84.628483,39.266856],[-84.628444,39.266928]]]}},{"type":"Feature","properties":{"pid":"051002500199"},"geometry":{"type":"Polygon","coordinates":[[[-84.638324,39.258662],[-84.638247,39.258251],[-84.639493,39.25824],[-84.639666,39.25865],[-84.638324,39.258662]]]}},{"type":"Feature","properties":{"pid":"051002500201"},"geometry":{"type":"Polygon","coordinates":[[[-84.639213,39.257556],[-84.638597,39.256442],[-84.637371,39.256289],[-84.637407,39.255418],[-84.63857,39.255447],[-84.638539,39.256198],[-84.639264,39.257508],[-84.639486,39.257546],[-84.639469,39.2576],[-84.639213,39.257556]]]}},{"type":"Feature","properties":{"pid":"051002500205"},"geometry":{"type":"Polygon","coordinates":[[[-84.638821,39.254654],[-84.637439,39.25465],[-84.637483,39.25358],[-84.638902,39.253517],[-84.639631,39.254657],[-84.638904,39.254654],[-84.639756,39.255738],[-84.639686,39.255754],[-84.638821,39.254654]]]}},{"type":"Feature","properties":{"pid":"051002500206"},"geometry":{"type":"Polygon","coordinates":[[[-84.639929,39.255909],[-84.639861,39.255771],[-84.639756,39.255738],[-84.638904,39.254654],[-84.639631,39.254657],[-84.639964,39.254546],[-84.640589,39.255336],[-84.639929,39.255909]]]}},{"type":"Feature","properties":{"pid":"051002510016"},"geometry":{"type":"Polygon","coordinates":[[[-84.628937,39.259095],[-84.629005,39.258272],[-84.629246,39.258296],[-84.629179,39.259118],[-84.628937,39.259095]]]}},{"type":"Feature","properties":{"pid":"051002510017"},"geometry":{"type":"Polygon","coordinates":[[[-84.628744,39.259076],[-84.628672,39.25901],[-84.628755,39.258288],[-84.628768,39.258248],[-84.629005,39.258272],[-84.628937,39.259095],[-84.628744,39.259076]]]}},{"type":"Feature","properties":{"pid":"051002510018"},"geometry":{"type":"Polygon","coordinates":[[[-84.628211,39.259024],[-84.628286,39.25833],[-84.62856,39.258357],[-84.628485,39.259005],[-84.628413,39.259043],[-84.628211,39.259024]]]}},{"type":"Feature","properties":{"pid":"051002510019"},"geometry":{"type":"Polygon","coordinates":[[[-84.627928,39.258997],[-84.628003,39.258303],[-84.628286,39.25833],[-84.628211,39.259024],[-84.627928,39.258997]]]}},{"type":"Feature","properties":{"pid":"051002510020"},"geometry":{"type":"Polygon","coordinates":[[[-84.627653,39.258971],[-84.627719,39.258276],[-84.628003,39.258303],[-84.627928,39.258997],[-84.627653,39.258971]]]}},{"type":"Feature","properties":{"pid":"051002510021"},"geometry":{"type":"Polygon","coordinates":[[[-84.630207,39.258388],[-84.629226,39.258294],[-84.628768,39.258248],[-84.629048,39.257897],[-84.630207,39.258388]]]}},{"type":"Feature","properties":{"pid":"051002510022"},"geometry":{"type":"Polygon","coordinates":[[[-84.630954,39.258622],[-84.630201,39.258469],[-84.630207,39.258388],[-84.629048,39.257897],[-84.629189,39.257741],[-84.630954,39.258622]]]}},{"type":"Feature","properties":{"pid":"051002510023"},"geometry":{"type":"Polygon","coordinates":[[[-84.630956,39.258623],[-84.629189,39.257741],[-84.629329,39.257585],[-84.631278,39.258683],[-84.630956,39.258623]]]}},{"type":"Feature","properties":{"pid":"051002510024"},"geometry":{"type":"Polygon","coordinates":[[[-84.631278,39.258681],[-84.629329,39.257585],[-84.629475,39.257423],[-84.6313,39.25843],[-84.631278,39.258681]]]}},{"type":"Feature","properties":{"pid":"051002510025"},"geometry":{"type":"Polygon","coordinates":[[[-84.6313,39.25843],[-84.629475,39.257423],[-84.629615,39.257265],[-84.63132,39.258208],[-84.6313,39.25843]]]}},{"type":"Feature","properties":{"pid":"051002510026"},"geometry":{"type":"Polygon","coordinates":[[[-84.63132,39.258208],[-84.629615,39.257265],[-84.629763,39.257099],[-84.631341,39.257971],[-84.63132,39.258208]]]}},{"type":"Feature","properties":{"pid":"051002510027"},"geometry":{"type":"Polygon","coordinates":[[[-84.631341,39.257971],[-84.629763,39.257099],[-84.629901,39.256944],[-84.631362,39.257742],[-84.631341,39.257971]]]}},{"type":"Feature","properties":{"pid":"051002510028"},"geometry":{"type":"Polygon","coordinates":[[[-84.631362,39.257742],[-84.629901,39.256944],[-84.630042,39.256788],[-84.631382,39.257518],[-84.631362,39.257742]]]}},{"type":"Feature","properties":{"pid":"051002510029"},"geometry":{"type":"Polygon","coordinates":[[[-84.631382,39.257518],[-84.630042,39.256788],[-84.630184,39.25663],[-84.631405,39.25726],[-84.631382,39.257518]]]}},{"type":"Feature","properties":{"pid":"051002510030"},"geometry":{"type":"Polygon","coordinates":[[[-84.631405,39.25726],[-84.630184,39.25663],[-84.630304,39.256465],[-84.631436,39.256917],[-84.631405,39.25726]]]}},{"type":"Feature","properties":{"pid":"051002510031"},"geometry":{"type":"Polygon","coordinates":[[[-84.631436,39.256917],[-84.630304,39.256465],[-84.630417,39.256266],[-84.631468,39.256564],[-84.631436,39.256917]]]}},{"type":"Feature","properties":{"pid":"051002510032"},"geometry":{"type":"Polygon","coordinates":[[[-84.631468,39.256564],[-84.630417,39.256266],[-84.630491,39.256058],[-84.631498,39.256228],[-84.631468,39.256564]]]}},{"type":"Feature","properties":{"pid":"051002510033"},"geometry":{"type":"Polygon","coordinates":[[[-84.631498,39.256228],[-84.630491,39.256058],[-84.630532,39.255832],[-84.631527,39.255905],[-84.631498,39.256228]]]}},{"type":"Feature","properties":{"pid":"051002510034"},"geometry":{"type":"Polygon","coordinates":[[[-84.631527,39.255905],[-84.630532,39.255832],[-84.630553,39.255622],[-84.631548,39.255678],[-84.631527,39.255905]]]}},{"type":"Feature","properties":{"pid":"051002510035"},"geometry":{"type":"Polygon","coordinates":[[[-84.631548,39.255678],[-84.630553,39.255622],[-84.630574,39.255405],[-84.631568,39.255455],[-84.631548,39.255678]]]}},{"type":"Feature","properties":{"pid":"051002510036"},"geometry":{"type":"Polygon","coordinates":[[[-84.631568,39.255455],[-84.630574,39.255405],[-84.630595,39.255184],[-84.631587,39.255238],[-84.631568,39.255455]]]}},{"type":"Feature","properties":{"pid":"051002510037"},"geometry":{"type":"Polygon","coordinates":[[[-84.631587,39.255238],[-84.630595,39.255184],[-84.630615,39.254966],[-84.631607,39.255015],[-84.631587,39.255238]]]}},{"type":"Feature","properties":{"pid":"051002510038"},"geometry":{"type":"Polygon","coordinates":[[[-84.631607,39.255015],[-84.630615,39.254966],[-84.630634,39.254747],[-84.631625,39.254802],[-84.631607,39.255015]]]}},{"type":"Feature","properties":{"pid":"051002510039"},"geometry":{"type":"Polygon","coordinates":[[[-84.630634,39.254747],[-84.630653,39.25453],[-84.631644,39.254582],[-84.631625,39.254802],[-84.630634,39.254747]]]}},{"type":"Feature","properties":{"pid":"051002510041"},"geometry":{"type":"Polygon","coordinates":[[[-84.631662,39.254361],[-84.630672,39.254308],[-84.630691,39.254088],[-84.63168,39.254144],[-84.631662,39.254361]]]}},{"type":"Feature","properties":{"pid":"051002510045"},"geometry":{"type":"Polygon","coordinates":[[[-84.630792,39.253433],[-84.630852,39.253218],[-84.631759,39.253267],[-84.631742,39.253487],[-84.630792,39.253433]]]}},{"type":"Feature","properties":{"pid":"051002510051"},"geometry":{"type":"Polygon","coordinates":[[[-84.629787,39.253248],[-84.629812,39.252972],[-84.630702,39.253126],[-84.630616,39.253413],[-84.629787,39.253248]]]}},{"type":"Feature","properties":{"pid":"051002510052"},"geometry":{"type":"Polygon","coordinates":[[[-84.630568,39.253671],[-84.629751,39.253648],[-84.629787,39.253248],[-84.630616,39.253413],[-84.630568,39.253671]]]}},{"type":"Feature","properties":{"pid":"051002800019"},"geometry":{"type":"Polygon","coordinates":[[[-84.625954,39.296336],[-84.624482,39.296724],[-84.624356,39.296467],[-84.624217,39.296344],[-84.625962,39.2963],[-84.625954,39.296336]]]}},{"type":"Feature","properties":{"pid":"051002800037"},"geometry":{"type":"Polygon","coordinates":[[[-84.624217,39.296344],[-84.624274,39.296384],[-84.62237,39.296428],[-84.622397,39.297141],[-84.621618,39.297159],[-84.62159,39.296405],[-84.624217,39.296344]]]}},{"type":"Feature","properties":{"pid":"051002800189"},"geometry":{"type":"Polygon","coordinates":[[[-84.624492,39.296747],[-84.624771,39.297087],[-84.623142,39.297124],[-84.623117,39.296452],[-84.624319,39.296424],[-84.624492,39.296747]]]}},{"type":"Feature","properties":{"pid":"051002800190"},"geometry":{"type":"Polygon","coordinates":[[[-84.624274,39.296384],[-84.624319,39.296424],[-84.623117,39.296452],[-84.623142,39.297124],[-84.622397,39.297141],[-84.62237,39.296428],[-84.624274,39.296384]]]}},{"type":"Feature","properties":{"pid":"051002510056"},"geometry":{"type":"Polygon","coordinates":[[[-84.630494,39.254437],[-84.628119,39.254317],[-84.628138,39.254123],[-84.630512,39.254243],[-84.630494,39.254437]]]}},{"type":"Feature","properties":{"pid":"051002510057"},"geometry":{"type":"Polygon","coordinates":[[[-84.630476,39.254627],[-84.6281,39.254504],[-84.628119,39.254317],[-84.630494,39.254437],[-84.630476,39.254627]]]}},{"type":"Feature","properties":{"pid":"051002510058"},"geometry":{"type":"Polygon","coordinates":[[[-84.630457,39.254818],[-84.62808,39.254696],[-84.6281,39.254504],[-84.630476,39.254627],[-84.630457,39.254818]]]}},{"type":"Feature","properties":{"pid":"051002510059"},"geometry":{"type":"Polygon","coordinates":[[[-84.630438,39.255011],[-84.628061,39.254888],[-84.62808,39.254696],[-84.630457,39.254818],[-84.630438,39.255011]]]}},{"type":"Feature","properties":{"pid":"051002510060"},"geometry":{"type":"Polygon","coordinates":[[[-84.630419,39.255202],[-84.628041,39.255078],[-84.628061,39.254888],[-84.630438,39.255011],[-84.630419,39.255202]]]}},{"type":"Feature","properties":{"pid":"051002510061"},"geometry":{"type":"Polygon","coordinates":[[[-84.630401,39.255395],[-84.628022,39.25527],[-84.628041,39.255078],[-84.630419,39.255202],[-84.630401,39.255395]]]}},{"type":"Feature","properties":{"pid":"051002510062"},"geometry":{"type":"Polygon","coordinates":[[[-84.630382,39.255583],[-84.628003,39.255461],[-84.628022,39.25527],[-84.630401,39.255395],[-84.630382,39.255583]]]}},{"type":"Feature","properties":{"pid":"051002510063"},"geometry":{"type":"Polygon","coordinates":[[[-84.630367,39.255779],[-84.628361,39.255675],[-84.628003,39.255461],[-84.630382,39.255583],[-84.630367,39.255779]]]}},{"type":"Feature","properties":{"pid":"051002510064"},"geometry":{"type":"Polygon","coordinates":[[[-84.630315,39.256051],[-84.629072,39.255828],[-84.629084,39.255711],[-84.630367,39.255779],[-84.630315,39.256051]]]}},{"type":"Feature","properties":{"pid":"051002510072"},"geometry":{"type":"Polygon","coordinates":[[[-84.627864,39.256818],[-84.627885,39.256595],[-84.629311,39.257369],[-84.62917,39.257527],[-84.627864,39.256818]]]}},{"type":"Feature","properties":{"pid":"051002510074"},"geometry":{"type":"Polygon","coordinates":[[[-84.628886,39.257837],[-84.627823,39.257251],[-84.627842,39.257027],[-84.629033,39.257677],[-84.628886,39.257837]]]}},{"type":"Feature","properties":{"pid":"051002510075"},"geometry":{"type":"Polygon","coordinates":[[[-84.62875,39.257985],[-84.6278,39.25748],[-84.627823,39.257251],[-84.628886,39.257837],[-84.62875,39.257985]]]}},{"type":"Feature","properties":{"pid":"051002510081"},"geometry":{"type":"Polygon","coordinates":[[[-84.626799,39.25953],[-84.626394,39.2593],[-84.625925,39.25904],[-84.627388,39.259135],[-84.627434,39.259222],[-84.627249,39.259528],[-84.626799,39.25953]]]}},{"type":"Feature","properties":{"pid":"051002520016"},"geometry":{"type":"Polygon","coordinates":[[[-84.625175,39.261714],[-84.625519,39.261512],[-84.626115,39.262126],[-84.625127,39.262262],[-84.625175,39.261714]]]}},{"type":"Feature","properties":{"pid":"051002520017"},"geometry":{"type":"Polygon","coordinates":[[[-84.625519,39.261512],[-84.625972,39.261248],[-84.626397,39.261687],[-84.626479,39.261913],[-84.626115,39.262126],[-84.625519,39.261512]]]}},{"type":"Feature","properties":{"pid":"051002520018"},"geometry":{"type":"Polygon","coordinates":[[[-84.626185,39.261103],[-84.626482,39.260801],[-84.627325,39.261201],[-84.626653,39.261587],[-84.626185,39.261103]]]}},{"type":"Feature","properties":{"pid":"051002520019"},"geometry":{"type":"Polygon","coordinates":[[[-84.626482,39.260801],[-84.626776,39.260426],[-84.62762,39.260826],[-84.627325,39.261201],[-84.626482,39.260801]]]}},{"type":"Feature","properties":{"pid":"051002520021"},"geometry":{"type":"Polygon","coordinates":[[[-84.626138,39.25958],[-84.627192,39.259571],[-84.626903,39.259942],[-84.626138,39.25958]]]}},{"type":"Feature","properties":{"pid":"051002520022"},"geometry":{"type":"Polygon","coordinates":[[[-84.625603,39.259585],[-84.626138,39.25958],[-84.626903,39.259942],[-84.626757,39.260129],[-84.625603,39.259585]]]}},{"type":"Feature","properties":{"pid":"051002520024"},"geometry":{"type":"Polygon","coordinates":[[[-84.625332,39.259987],[-84.625355,39.259725],[-84.62661,39.260317],[-84.626454,39.260516],[-84.625332,39.259987]]]}},{"type":"Feature","properties":{"pid":"051002520025"},"geometry":{"type":"Polygon","coordinates":[[[-84.625308,39.260248],[-84.625332,39.259987],[-84.626454,39.260516],[-84.626298,39.260716],[-84.625308,39.260248]]]}},{"type":"Feature","properties":{"pid":"051002520029"},"geometry":{"type":"Polygon","coordinates":[[[-84.622492,39.266119],[-84.623038,39.264212],[-84.623104,39.264222],[-84.623563,39.262341],[-84.623901,39.261732],[-84.623939,39.261747],[-84.623605,39.262333],[-84.623145,39.264227],[-84.623519,39.264295],[-84.62427,39.266055],[-84.622492,39.266119]]]}},{"type":"Feature","properties":{"pid":"051002520031"},"geometry":{"type":"Polygon","coordinates":[[[-84.624648,39.266954],[-84.623519,39.264295],[-84.623145,39.264227],[-84.623605,39.262333],[-84.623939,39.261747],[-84.623971,39.26176],[-84.623629,39.262375],[-84.623409,39.26327],[-84.623718,39.263326],[-84.624793,39.265976],[-84.624713,39.266953],[-84.624648,39.266954]]]}},{"type":"Feature","properties":{"pid":"051002520032"},"geometry":{"type":"Polygon","coordinates":[[[-84.624793,39.265976],[-84.623718,39.263326],[-84.623409,39.26327],[-84.623629,39.262375],[-84.623722,39.262154],[-84.623971,39.26176],[-84.624026,39.261782],[-84.623975,39.2618],[-84.623776,39.26211],[-84.623639,39.26248],[-84.6244,39.26278],[-84.624303,39.263843],[-84.624994,39.263582],[-84.624793,39.265976]]]}},{"type":"Feature","properties":{"pid":"051002520034"},"geometry":{"type":"Polygon","coordinates":[[[-84.621228,39.263292],[-84.621339,39.261943],[-84.622376,39.26198],[-84.623477,39.262416],[-84.623806,39.261695],[-84.623872,39.261721],[-84.623565,39.262241],[-84.623398,39.262866],[-84.62216,39.262642],[-84.62153,39.263232],[-84.621228,39.263292]]]}},{"type":"Feature","properties":{"pid":"051002520036"},"geometry":{"type":"Polygon","coordinates":[[[-84.624742,39.263329],[-84.624886,39.261812],[-84.625175,39.261714],[-84.625018,39.263339],[-84.624742,39.263329]]]}},{"type":"Feature","properties":{"pid":"051002520038"},"geometry":{"type":"Polygon","coordinates":[[[-84.6244,39.26278],[-84.624087,39.262656],[-84.624159,39.261834],[-84.624473,39.261959],[-84.6244,39.26278]]]}},{"type":"Feature","properties":{"pid":"051002520039"},"geometry":{"type":"Polygon","coordinates":[[[-84.624087,39.262656],[-84.623639,39.26248],[-84.623704,39.262265],[-84.623975,39.2618],[-84.624026,39.261782],[-84.624159,39.261834],[-84.624087,39.262656]]]}},{"type":"Feature","properties":{"pid":"051002520040"},"geometry":{"type":"Polygon","coordinates":[[[-84.623141,39.262283],[-84.623607,39.26157],[-84.623821,39.261726],[-84.623609,39.262064],[-84.623477,39.262416],[-84.623141,39.262283]]]}},{"type":"Feature","properties":{"pid":"051002520041"},"geometry":{"type":"Polygon","coordinates":[[[-84.622803,39.262149],[-84.623425,39.261408],[-84.623607,39.26157],[-84.623141,39.262283],[-84.622803,39.262149]]]}},{"type":"Feature","properties":{"pid":"051002520042"},"geometry":{"type":"Polygon","coordinates":[[[-84.622545,39.262047],[-84.622661,39.261907],[-84.623205,39.261255],[-84.623425,39.261408],[-84.622803,39.262149],[-84.622545,39.262047]]]}},{"type":"Feature","properties":{"pid":"051002520043"},"geometry":{"type":"Polygon","coordinates":[[[-84.622701,39.261135],[-84.622973,39.26117],[-84.623205,39.261255],[-84.622661,39.261907],[-84.622701,39.261135]]]}},{"type":"Feature","properties":{"pid":"051002520047"},"geometry":{"type":"Polygon","coordinates":[[[-84.624541,39.261852],[-84.624644,39.260689],[-84.625001,39.26069],[-84.624908,39.261711],[-84.624541,39.261852]]]}},{"type":"Feature","properties":{"pid":"051002520048"},"geometry":{"type":"Polygon","coordinates":[[[-84.623997,39.261673],[-84.624089,39.260687],[-84.624644,39.260689],[-84.624541,39.261852],[-84.62448,39.261875],[-84.623997,39.261673]]]}},{"type":"Feature","properties":{"pid":"051002600018"},"geometry":{"type":"Polygon","coordinates":[[[-84.643968,39.273202],[-84.643449,39.272991],[-84.642605,39.272544],[-84.642091,39.272134],[-84.641863,39.272095],[-84.64148,39.271824],[-84.640926,39.271233],[-84.640697,39.271081],[-84.640322,39.270537],[-84.640536,39.266846],[-84.644939,39.266816],[-84.644622,39.273737],[-84.643968,39.273202]]]}},{"type":"Feature","properties":{"pid":"051002600033"},"geometry":{"type":"Polygon","coordinates":[[[-84.626291,39.27342],[-84.627127,39.272448],[-84.627692,39.272438],[-84.627967,39.272072],[-84.625949,39.270663],[-84.62607,39.269562],[-84.628021,39.269544],[-84.627312,39.270551],[-84.628355,39.271609],[-84.627712,39.272465],[-84.627146,39.272475],[-84.62632,39.273435],[-84.626291,39.27342]]]}},{"type":"Feature","properties":{"pid":"051002600036"},"geometry":{"type":"Polygon","coordinates":[[[-84.631618,39.269513],[-84.631737,39.267544],[-84.631753,39.267333],[-84.633125,39.267819],[-84.633103,39.268157],[-84.632721,39.268588],[-84.63238,39.269506],[-84.631618,39.269513]]]}},{"type":"Feature","properties":{"pid":"051002600041"},"geometry":{"type":"MultiPolygon","coordinates":[[[[-84.625214,39.274895],[-84.624854,39.27493],[-84.625377,39.274182],[-84.626089,39.273417],[-84.626391,39.273582],[-84.625214,39.274895]]],[[[-84.624854,39.27493],[-84.624111,39.275004],[-84.624006,39.275014],[-84.624273,39.274755],[-84.624854,39.27493]]]]}},{"type":"Feature","properties":{"pid":"051002600049"},"geometry":{"type":"Polygon","coordinates":[[[-84.62475,39.275765],[-84.625686,39.274948],[-84.625725,39.274402],[-84.626435,39.273605],[-84.626728,39.273757],[-84.625123,39.275935],[-84.62475,39.275765]]]}},{"type":"Feature","properties":{"pid":"051002600051"},"geometry":{"type":"Polygon","coordinates":[[[-84.624273,39.274755],[-84.625796,39.273263],[-84.626089,39.273417],[-84.625377,39.274182],[-84.624854,39.27493],[-84.624273,39.274755]]]}},{"type":"Feature","properties":{"pid":"051002600052"},"geometry":{"type":"Polygon","coordinates":[[[-84.635012,39.268048],[-84.635506,39.266903],[-84.635708,39.267078],[-84.636037,39.267775],[-84.636928,39.268245],[-84.636887,39.269185],[-84.635012,39.268048]]]}},{"type":"Feature","properties":{"pid":"051002600058"},"geometry":{"type":"Polygon","coordinates":[[[-84.620551,39.270247],[-84.620618,39.269511],[-84.620979,39.269532],[-84.620912,39.270327],[-84.620551,39.270247]]]}},{"type":"Feature","properties":{"pid":"051002600059"},"geometry":{"type":"Polygon","coordinates":[[[-84.624389,39.272086],[-84.624076,39.271788],[-84.624145,39.271045],[-84.624559,39.271073],[-84.624445,39.272086],[-84.624389,39.272086]]]}},{"type":"Feature","properties":{"pid":"051002600060"},"geometry":{"type":"Polygon","coordinates":[[[-84.624389,39.272086],[-84.623393,39.272077],[-84.623459,39.271253],[-84.624389,39.272086]]]}},{"type":"Feature","properties":{"pid":"051002600061"},"geometry":{"type":"Polygon","coordinates":[[[-84.622925,39.272087],[-84.623014,39.271012],[-84.623459,39.271253],[-84.623393,39.272077],[-84.622925,39.272087]]]}},{"type":"Feature","properties":{"pid":"051002600062"},"geometry":{"type":"Polygon","coordinates":[[[-84.622553,39.272098],[-84.622654,39.270868],[-84.623014,39.271012],[-84.622925,39.272087],[-84.622553,39.272098]]]}},{"type":"Feature","properties":{"pid":"051002600063"},"geometry":{"type":"Polygon","coordinates":[[[-84.624076,39.271788],[-84.623665,39.271403],[-84.623712,39.270944],[-84.624152,39.270972],[-84.624076,39.271788]]]}},{"type":"Feature","properties":{"pid":"051002600066"},"geometry":{"type":"Polygon","coordinates":[[[-84.629251,39.27481],[-84.629193,39.274166],[-84.629513,39.274088],[-84.629608,39.274728],[-84.629251,39.27481]]]}},{"type":"Feature","properties":{"pid":"051002600068"},"geometry":{"type":"Polygon","coordinates":[[[-84.62195,39.272115],[-84.622062,39.270767],[-84.622354,39.270853],[-84.62225,39.272107],[-84.62195,39.272115]]]}},{"type":"Feature","properties":{"pid":"051002600069"},"geometry":{"type":"Polygon","coordinates":[[[-84.621668,39.272122],[-84.621756,39.271044],[-84.621785,39.270692],[-84.622062,39.270767],[-84.62195,39.272115],[-84.621668,39.272122]]]}},{"type":"Feature","properties":{"pid":"051002600070"},"geometry":{"type":"Polygon","coordinates":[[[-84.620959,39.272142],[-84.621108,39.270539],[-84.621785,39.270692],[-84.621668,39.272122],[-84.620959,39.272142]]]}},{"type":"Feature","properties":{"pid":"051002600071"},"geometry":{"type":"Polygon","coordinates":[[[-84.620669,39.272151],[-84.620761,39.27115],[-84.620821,39.270476],[-84.621108,39.270539],[-84.620959,39.272142],[-84.620669,39.272151]]]}},{"type":"Feature","properties":{"pid":"051002600072"},"geometry":{"type":"Polygon","coordinates":[[[-84.620376,39.27216],[-84.620536,39.270414],[-84.620821,39.270476],[-84.620669,39.272151],[-84.620376,39.27216]]]}},{"type":"Feature","properties":{"pid":"051002600090"},"geometry":{"type":"Polygon","coordinates":[[[-84.632845,39.279943],[-84.633233,39.279463],[-84.633676,39.27956],[-84.6332,39.280152],[-84.632845,39.279943]]]}},{"type":"Feature","properties":{"pid":"051002600093"},"geometry":{"type":"Polygon","coordinates":[[[-84.634298,39.280798],[-84.633943,39.280589],[-84.634502,39.279823],[-84.634886,39.279992],[-84.634298,39.280798]]]}},{"type":"Feature","properties":{"pid":"051002600097"},"geometry":{"type":"Polygon","coordinates":[[[-84.634495,39.280915],[-84.634298,39.280798],[-84.634886,39.279992],[-84.635125,39.280097],[-84.634495,39.280915]]]}},{"type":"Feature","properties":{"pid":"051002600098"},"geometry":{"type":"Polygon","coordinates":[[[-84.629672,39.27405],[-84.629449,39.273445],[-84.629785,39.273368],[-84.630009,39.273968],[-84.629672,39.27405]]]}},{"type":"Feature","properties":{"pid":"051002600104"},"geometry":{"type":"Polygon","coordinates":[[[-84.622805,39.270825],[-84.622428,39.270699],[-84.622716,39.270051],[-84.623132,39.270088],[-84.622805,39.270825]]]}},{"type":"Feature","properties":{"pid":"051002600105"},"geometry":{"type":"Polygon","coordinates":[[[-84.623111,39.270958],[-84.622805,39.270825],[-84.623132,39.270088],[-84.623491,39.270116],[-84.623111,39.270958]]]}},{"type":"Feature","properties":{"pid":"051002600106"},"geometry":{"type":"Polygon","coordinates":[[[-84.623584,39.271233],[-84.623111,39.270958],[-84.623491,39.270116],[-84.624064,39.27016],[-84.623584,39.271233]]]}},{"type":"Feature","properties":{"pid":"051002600115"},"geometry":{"type":"Polygon","coordinates":[[[-84.626436,39.273496],[-84.627224,39.272583],[-84.627665,39.272812],[-84.62688,39.273725],[-84.626436,39.273496]]]}},{"type":"Feature","properties":{"pid":"051002600116"},"geometry":{"type":"Polygon","coordinates":[[[-84.625821,39.273181],[-84.626413,39.272499],[-84.626848,39.272725],[-84.626263,39.273405],[-84.625821,39.273181]]]}},{"type":"Feature","properties":{"pid":"051002600117"},"geometry":{"type":"Polygon","coordinates":[[[-84.625821,39.273181],[-84.62539,39.272929],[-84.626411,39.272114],[-84.626413,39.272499],[-84.625821,39.273181]]]}},{"type":"Feature","properties":{"pid":"051002600121"},"geometry":{"type":"Polygon","coordinates":[[[-84.626263,39.273405],[-84.626848,39.272725],[-84.626413,39.272499],[-84.62641,39.27208],[-84.625793,39.272083],[-84.625949,39.270663],[-84.627967,39.272072],[-84.627692,39.272438],[-84.627127,39.272448],[-84.626291,39.27342],[-84.626263,39.273405]]]}},{"type":"Feature","properties":{"pid":"051002600122"},"geometry":{"type":"Polygon","coordinates":[[[-84.62632,39.273435],[-84.627146,39.272475],[-84.627712,39.272465],[-84.628355,39.271609],[-84.627312,39.270551],[-84.628021,39.269544],[-84.62857,39.26954],[-84.628909,39.270924],[-84.627733,39.272492],[-84.627165,39.272502],[-84.626349,39.273451],[-84.62632,39.273435]]]}},{"type":"Feature","properties":{"pid":"051002600123"},"geometry":{"type":"Polygon","coordinates":[[[-84.626349,39.273451],[-84.627165,39.272502],[-84.627733,39.272492],[-84.628909,39.270924],[-84.62857,39.26954],[-84.631212,39.269516],[-84.628934,39.270945],[-84.627753,39.272519],[-84.627184,39.272529],[-84.626379,39.273466],[-84.626349,39.273451]]]}},{"type":"Feature","properties":{"pid":"051002600124"},"geometry":{"type":"Polygon","coordinates":[[[-84.626379,39.273466],[-84.627184,39.272529],[-84.627753,39.272519],[-84.628934,39.270945],[-84.631212,39.269516],[-84.633016,39.269501],[-84.632923,39.270926],[-84.628963,39.270962],[-84.627774,39.272546],[-84.627203,39.272556],[-84.626408,39.273481],[-84.626379,39.273466]]]}},{"type":"Feature","properties":{"pid":"051002600159"},"geometry":{"type":"Polygon","coordinates":[[[-84.620912,39.270327],[-84.620979,39.269532],[-84.620618,39.269511],[-84.620693,39.268695],[-84.621399,39.268733],[-84.621017,39.269831],[-84.620972,39.27034],[-84.620912,39.270327]]]}},{"type":"Feature","properties":{"pid":"051002600214"},"geometry":{"type":"Polygon","coordinates":[[[-84.623111,39.281183],[-84.623405,39.280771],[-84.625513,39.280799],[-84.625705,39.280869],[-84.625676,39.28092],[-84.625496,39.280854],[-84.624365,39.280839],[-84.624097,39.281681],[-84.623111,39.281183]]]}},{"type":"Feature","properties":{"pid":"051002600215"},"geometry":{"type":"Polygon","coordinates":[[[-84.624278,39.281111],[-84.624365,39.280839],[-84.625496,39.280854],[-84.625676,39.28092],[-84.625562,39.281289],[-84.624278,39.281111]]]}},{"type":"Feature","properties":{"pid":"051002600216"},"geometry":{"type":"Polygon","coordinates":[[[-84.625448,39.281692],[-84.624151,39.281512],[-84.624278,39.281111],[-84.625562,39.281289],[-84.625477,39.28166],[-84.625448,39.281692]]]}},{"type":"Feature","properties":{"pid":"051002600218"},"geometry":{"type":"Polygon","coordinates":[[[-84.626078,39.281106],[-84.625808,39.28104],[-84.625915,39.280854],[-84.626135,39.280628],[-84.627121,39.281255],[-84.62699,39.28148],[-84.626078,39.281106]]]}},{"type":"Feature","properties":{"pid":"051002600219"},"geometry":{"type":"Polygon","coordinates":[[[-84.626135,39.280628],[-84.626471,39.280309],[-84.627295,39.280833],[-84.627121,39.281255],[-84.626135,39.280628]]]}},{"type":"Feature","properties":{"pid":"051002600220"},"geometry":{"type":"Polygon","coordinates":[[[-84.626471,39.280309],[-84.626893,39.27991],[-84.627425,39.280395],[-84.627295,39.280833],[-84.626471,39.280309]]]}},{"type":"Feature","properties":{"pid":"051002600221"},"geometry":{"type":"Polygon","coordinates":[[[-84.626893,39.27991],[-84.627389,39.279589],[-84.627925,39.280064],[-84.627425,39.280395],[-84.626893,39.27991]]]}},{"type":"Feature","properties":{"pid":"051002600222"},"geometry":{"type":"Polygon","coordinates":[[[-84.627244,39.281002],[-84.627425,39.280395],[-84.627925,39.280064],[-84.628269,39.280377],[-84.627495,39.28089],[-84.627451,39.281039],[-84.627244,39.281002]]]}},{"type":"Feature","properties":{"pid":"051002600223"},"geometry":{"type":"Polygon","coordinates":[[[-84.627451,39.281039],[-84.627495,39.28089],[-84.628269,39.280377],[-84.628613,39.280691],[-84.627951,39.281129],[-84.627451,39.281039]]]}},{"type":"Feature","properties":{"pid":"051002600239"},"geometry":{"type":"Polygon","coordinates":[[[-84.630931,39.273765],[-84.630912,39.273681],[-84.631017,39.272501],[-84.631899,39.272964],[-84.631864,39.273209],[-84.631512,39.273178],[-84.631421,39.273808],[-84.630931,39.273765]]]}},{"type":"Feature","properties":{"pid":"051003200018"},"geometry":{"type":"Polygon","coordinates":[[[-84.654103,39.25619],[-84.653978,39.256049],[-84.65388,39.256027],[-84.653663,39.255039],[-84.653632,39.2536],[-84.655317,39.253751],[-84.65438,39.25626],[-84.654103,39.25619]]]}},{"type":"Feature","properties":{"pid":"051003200019"},"geometry":{"type":"Polygon","coordinates":[[[-84.652725,39.255872],[-84.652863,39.253584],[-84.653632,39.2536],[-84.653663,39.255039],[-84.652845,39.25527],[-84.652821,39.255892],[-84.652725,39.255872]]]}},{"type":"Feature","properties":{"pid":"051003200026"},"geometry":{"type":"Polygon","coordinates":[[[-84.653152,39.267424],[-84.652793,39.267398],[-84.652693,39.2672],[-84.653193,39.26712],[-84.653235,39.267161],[-84.653152,39.267424]]]}},{"type":"Feature","properties":{"pid":"051003200034"},"geometry":{"type":"Polygon","coordinates":[[[-84.652693,39.2672],[-84.652462,39.266762],[-84.652692,39.266641],[-84.653193,39.26712],[-84.652693,39.2672]]]}},{"type":"Feature","properties":{"pid":"051003200035"},"geometry":{"type":"Polygon","coordinates":[[[-84.650391,39.267233],[-84.649723,39.267189],[-84.650662,39.265596],[-84.651225,39.26585],[-84.650391,39.267233]]]}},{"type":"Feature","properties":{"pid":"051003200040"},"geometry":{"type":"Polygon","coordinates":[[[-84.651892,39.253775],[-84.650455,39.253701],[-84.650543,39.25339],[-84.652016,39.253445],[-84.652023,39.253563],[-84.651892,39.253775]]]}},{"type":"Feature","properties":{"pid":"051003200045"},"geometry":{"type":"Polygon","coordinates":[[[-84.652484,39.266315],[-84.651939,39.266072],[-84.652483,39.265661],[-84.65291,39.265994],[-84.652484,39.266315]]]}},{"type":"Feature","properties":{"pid":"051003200051"},"geometry":{"type":"Polygon","coordinates":[[[-84.650543,39.25339],[-84.650493,39.252842],[-84.651942,39.252899],[-84.652016,39.253445],[-84.650543,39.25339]]]}},{"type":"Feature","properties":{"pid":"051003200056"},"geometry":{"type":"Polygon","coordinates":[[[-84.648553,39.256645],[-84.648588,39.255431],[-84.648942,39.2554],[-84.648909,39.256596],[-84.648553,39.256645]]]}},{"type":"Feature","properties":{"pid":"051001600052"},"geometry":{"type":"Polygon","coordinates":[[[-84.613157,39.281505],[-84.613036,39.281244],[-84.614166,39.281008],[-84.614253,39.281195],[-84.613157,39.281505]]]}},{"type":"Feature","properties":{"pid":"051001600115"},"geometry":{"type":"Polygon","coordinates":[[[-84.611666,39.282397],[-84.613351,39.281919],[-84.613471,39.28218],[-84.611782,39.28265],[-84.611666,39.282397]]]}},{"type":"Feature","properties":{"pid":"051001600116"},"geometry":{"type":"Polygon","coordinates":[[[-84.613518,39.282279],[-84.613279,39.281765],[-84.614374,39.281453],[-84.61462,39.281975],[-84.613518,39.282279]]]}},{"type":"Feature","properties":{"pid":"051001600118"},"geometry":{"type":"Polygon","coordinates":[[[-84.613279,39.281765],[-84.613157,39.281505],[-84.614253,39.281195],[-84.614374,39.281453],[-84.613279,39.281765]]]}},{"type":"Feature","properties":{"pid":"051001600128"},"geometry":{"type":"Polygon","coordinates":[[[-84.613205,39.283131],[-84.613024,39.282738],[-84.613549,39.28259],[-84.613449,39.282377],[-84.61355,39.282348],[-84.613832,39.28295],[-84.613205,39.283131]]]}},{"type":"Feature","properties":{"pid":"051001600132"},"geometry":{"type":"Polygon","coordinates":[[[-84.610768,39.282652],[-84.61123,39.28252],[-84.611524,39.28316],[-84.611062,39.283289],[-84.610768,39.282652]]]}},{"type":"Feature","properties":{"pid":"051001600145"},"geometry":{"type":"Polygon","coordinates":[[[-84.611524,39.28316],[-84.61123,39.28252],[-84.611361,39.282483],[-84.611477,39.282735],[-84.611782,39.28265],[-84.611958,39.283037],[-84.611524,39.28316]]]}},{"type":"Feature","properties":{"pid":"051001600150"},"geometry":{"type":"Polygon","coordinates":[[[-84.611958,39.283037],[-84.611782,39.28265],[-84.612309,39.282502],[-84.612486,39.28289],[-84.611958,39.283037]]]}},{"type":"Feature","properties":{"pid":"051001600154"},"geometry":{"type":"Polygon","coordinates":[[[-84.612309,39.282502],[-84.613471,39.28218],[-84.61355,39.282348],[-84.612388,39.282675],[-84.612309,39.282502]]]}},{"type":"Feature","properties":{"pid":"051001600168"},"geometry":{"type":"Polygon","coordinates":[[[-84.612113,39.281686],[-84.613109,39.281403],[-84.61323,39.281661],[-84.612235,39.281943],[-84.612113,39.281686]]]}},{"type":"Feature","properties":{"pid":"051001700022"},"geometry":{"type":"Polygon","coordinates":[[[-84.603806,39.272171],[-84.603891,39.271873],[-84.603878,39.271345],[-84.604648,39.271114],[-84.604549,39.272204],[-84.603806,39.272171]]]}},{"type":"Feature","properties":{"pid":"051001700028"},"geometry":{"type":"Polygon","coordinates":[[[-84.609012,39.269292],[-84.607591,39.269118],[-84.607737,39.268554],[-84.609156,39.26874],[-84.609012,39.269292]]]}},{"type":"Feature","properties":{"pid":"051001700042"},"geometry":{"type":"Polygon","coordinates":[[[-84.611983,39.279039],[-84.612946,39.278763],[-84.613131,39.279149],[-84.612168,39.279425],[-84.611983,39.279039]]]}},{"type":"Feature","properties":{"pid":"051001700049"},"geometry":{"type":"Polygon","coordinates":[[[-84.607686,39.268149],[-84.607159,39.268134],[-84.607169,39.267858],[-84.607723,39.267873],[-84.607686,39.268149]]]}},{"type":"Feature","properties":{"pid":"051003200058"},"geometry":{"type":"Polygon","coordinates":[[[-84.651722,39.254063],[-84.650438,39.253741],[-84.650455,39.253701],[-84.651892,39.253775],[-84.651722,39.254063]]]}},{"type":"Feature","properties":{"pid":"051003200059"},"geometry":{"type":"Polygon","coordinates":[[[-84.651628,39.254286],[-84.650347,39.253956],[-84.650438,39.253741],[-84.651722,39.254063],[-84.651628,39.254286]]]}},{"type":"Feature","properties":{"pid":"051003200061"},"geometry":{"type":"Polygon","coordinates":[[[-84.650708,39.255259],[-84.650992,39.254719],[-84.651326,39.254804],[-84.651553,39.254267],[-84.651628,39.254286],[-84.651165,39.255398],[-84.650708,39.255259]]]}},{"type":"Feature","properties":{"pid":"051003200064"},"geometry":{"type":"Polygon","coordinates":[[[-84.648262,39.25466],[-84.648617,39.254667],[-84.6486,39.255374],[-84.64825,39.255405],[-84.648262,39.25466]]]}},{"type":"Feature","properties":{"pid":"051003200069"},"geometry":{"type":"Polygon","coordinates":[[[-84.655423,39.258674],[-84.651608,39.258416],[-84.651426,39.257836],[-84.655228,39.2581],[-84.655423,39.258674]]]}},{"type":"Feature","properties":{"pid":"051003200070"},"geometry":{"type":"Polygon","coordinates":[[[-84.646912,39.263941],[-84.64678,39.26343],[-84.648157,39.263218],[-84.648361,39.264024],[-84.646912,39.263941]]]}},{"type":"Feature","properties":{"pid":"051003200071"},"geometry":{"type":"Polygon","coordinates":[[[-84.646571,39.262622],[-84.647952,39.26241],[-84.648157,39.263218],[-84.64678,39.26343],[-84.646571,39.262622]]]}},{"type":"Feature","properties":{"pid":"051003200079"},"geometry":{"type":"Polygon","coordinates":[[[-84.655308,39.258105],[-84.653712,39.258],[-84.653598,39.25772],[-84.655004,39.257632],[-84.655206,39.257826],[-84.655308,39.258105]]]}},{"type":"Feature","properties":{"pid":"051003200081"},"geometry":{"type":"Polygon","coordinates":[[[-84.648532,39.257231],[-84.648553,39.256645],[-84.648909,39.256596],[-84.648939,39.25551],[-84.649989,39.255391],[-84.649931,39.257257],[-84.648532,39.257231]]]}},{"type":"Feature","properties":{"pid":"051003200083"},"geometry":{"type":"Polygon","coordinates":[[[-84.653419,39.257418],[-84.654503,39.257047],[-84.654617,39.257263],[-84.655004,39.257632],[-84.653598,39.25772],[-84.653419,39.257418]]]}},{"type":"Feature","properties":{"pid":"051003200084"},"geometry":{"type":"Polygon","coordinates":[[[-84.653205,39.257041],[-84.65424,39.256688],[-84.654453,39.257065],[-84.653419,39.257418],[-84.653205,39.257041]]]}},{"type":"Feature","properties":{"pid":"051003200085"},"geometry":{"type":"Polygon","coordinates":[[[-84.653031,39.256936],[-84.653859,39.256198],[-84.65424,39.256688],[-84.653205,39.257041],[-84.653031,39.256936]]]}},{"type":"Feature","properties":{"pid":"051003200086"},"geometry":{"type":"Polygon","coordinates":[[[-84.652857,39.256832],[-84.653132,39.256036],[-84.653848,39.256186],[-84.653031,39.256936],[-84.652857,39.256832]]]}},{"type":"Feature","properties":{"pid":"051003200087"},"geometry":{"type":"Polygon","coordinates":[[[-84.652857,39.256832],[-84.652345,39.256725],[-84.65262,39.255929],[-84.653132,39.256036],[-84.652857,39.256832]]]}},{"type":"Feature","properties":{"pid":"051003200095"},"geometry":{"type":"Polygon","coordinates":[[[-84.653104,39.266865],[-84.652667,39.266444],[-84.65287,39.266292],[-84.653107,39.266482],[-84.653484,39.26658],[-84.653104,39.266865]]]}},{"type":"Feature","properties":{"pid":"051003200096"},"geometry":{"type":"Polygon","coordinates":[[[-84.653484,39.26658],[-84.653107,39.266482],[-84.65287,39.266292],[-84.65314,39.266089],[-84.65378,39.266603],[-84.653484,39.26658]]]}},{"type":"Feature","properties":{"pid":"051003200104"},"geometry":{"type":"Polygon","coordinates":[[[-84.648661,39.26428],[-84.648595,39.264038],[-84.649739,39.264111],[-84.649795,39.263229],[-84.650528,39.264052],[-84.649701,39.264465],[-84.649425,39.264744],[-84.648661,39.26428]]]}},{"type":"Feature","properties":{"pid":"051003200108"},"geometry":{"type":"Polygon","coordinates":[[[-84.649831,39.254421],[-84.650347,39.253956],[-84.651553,39.254267],[-84.651531,39.25432],[-84.650985,39.254178],[-84.650552,39.254606],[-84.649831,39.254421]]]}},{"type":"Feature","properties":{"pid":"051003200109"},"geometry":{"type":"Polygon","coordinates":[[[-84.649831,39.254421],[-84.650552,39.254606],[-84.650385,39.255214],[-84.64981,39.255266],[-84.649831,39.254421]]]}},{"type":"Feature","properties":{"pid":"051003200111"},"geometry":{"type":"Polygon","coordinates":[[[-84.649691,39.254379],[-84.650072,39.254035],[-84.648634,39.253994],[-84.648647,39.253429],[-84.650473,39.253481],[-84.650284,39.253928],[-84.649761,39.254401],[-84.64974,39.255272],[-84.649669,39.255278],[-84.649691,39.254379]]]}},{"type":"Feature","properties":{"pid":"051003200112"},"geometry":{"type":"Polygon","coordinates":[[[-84.649151,39.254503],[-84.648621,39.254496],[-84.648634,39.253994],[-84.649589,39.254022],[-84.649875,39.254213],[-84.649691,39.254379],[-84.649669,39.255278],[-84.64913,39.255326],[-84.649151,39.254503]]]}},{"type":"Feature","properties":{"pid":"051002500190"},"geometry":{"type":"Polygon","coordinates":[[[-84.634922,39.259677],[-84.634763,39.259665],[-84.63479,39.258954],[-84.634421,39.258927],[-84.634467,39.257731],[-84.635001,39.257732],[-84.634922,39.259677]]]}},{"type":"Feature","properties":{"pid":"051002500216"},"geometry":{"type":"Polygon","coordinates":[[[-84.639469,39.2576],[-84.63943,39.257828],[-84.637305,39.257847],[-84.637371,39.256289],[-84.638597,39.256442],[-84.639213,39.257556],[-84.639469,39.2576]]]}},{"type":"Feature","properties":{"pid":"051003200067"},"geometry":{"type":"Polygon","coordinates":[[[-84.654758,39.26683],[-84.655201,39.267567],[-84.653153,39.267424],[-84.653235,39.267161],[-84.653006,39.266939],[-84.653484,39.26658],[-84.654715,39.266676],[-84.654758,39.26683]]]}},{"type":"Feature","properties":{"pid":"051003200097"},"geometry":{"type":"Polygon","coordinates":[[[-84.654715,39.266676],[-84.65378,39.266603],[-84.65314,39.266089],[-84.653418,39.265871],[-84.654715,39.266676]]]}},{"type":"Feature","properties":{"pid":"051003200098"},"geometry":{"type":"Polygon","coordinates":[[[-84.654746,39.266678],[-84.653418,39.265871],[-84.653573,39.265598],[-84.654754,39.26575],[-84.654679,39.266158],[-84.654746,39.266678]]]}},{"type":"Feature","properties":{"pid":"051003200099"},"geometry":{"type":"Polygon","coordinates":[[[-84.653584,39.265309],[-84.655069,39.265114],[-84.654754,39.26575],[-84.653573,39.265598],[-84.653584,39.265309]]]}},{"type":"Feature","properties":{"pid":"051003000012"},"geometry":{"type":"Polygon","coordinates":[[[-84.654327,39.285478],[-84.653924,39.285451],[-84.653983,39.285131],[-84.654409,39.285151],[-84.654327,39.285478]]]}},{"type":"Feature","properties":{"pid":"051003000022"},"geometry":{"type":"Polygon","coordinates":[[[-84.654474,39.284826],[-84.654045,39.284799],[-84.654104,39.284479],[-84.654537,39.284504],[-84.654474,39.284826]]]}},{"type":"Feature","properties":{"pid":"051003000024"},"geometry":{"type":"Polygon","coordinates":[[[-84.654327,39.285478],[-84.65376,39.286427],[-84.653449,39.286386],[-84.653924,39.285451],[-84.654327,39.285478]]]}},{"type":"Feature","properties":{"pid":"051003000025"},"geometry":{"type":"Polygon","coordinates":[[[-84.654409,39.285151],[-84.653983,39.285131],[-84.654045,39.284799],[-84.654474,39.284826],[-84.654409,39.285151]]]}},{"type":"Feature","properties":{"pid":"051003100003"},"geometry":{"type":"Polygon","coordinates":[[[-84.653868,39.278235],[-84.653498,39.277055],[-84.656128,39.277198],[-84.655759,39.278314],[-84.653868,39.278235]]]}},{"type":"Feature","properties":{"pid":"051003100001"},"geometry":{"type":"Polygon","coordinates":[[[-84.652931,39.278732],[-84.653256,39.279786],[-84.654418,39.279637],[-84.65474,39.280107],[-84.65507,39.280027],[-84.654654,39.281949],[-84.644267,39.281327],[-84.644457,39.277717],[-84.645462,39.277968],[-84.646916,39.278479],[-84.647883,39.277973],[-84.647712,39.279635],[-84.649014,39.280399],[-84.652358,39.278505],[-84.652395,39.278143],[-84.653868,39.278235],[-84.654042,39.278801],[-84.652931,39.278732]]]}},{"type":"Feature","properties":{"pid":"051003200022"},"geometry":{"type":"Polygon","coordinates":[[[-84.658682,39.262534],[-84.657601,39.262461],[-84.657442,39.262449],[-84.658516,39.261796],[-84.658735,39.261962],[-84.658682,39.262534]]]}},{"type":"Feature","properties":{"pid":"051002500146"},"geometry":{"type":"Polygon","coordinates":[[[-84.634558,39.257731],[-84.633448,39.257727],[-84.633479,39.257242],[-84.634559,39.257243],[-84.634558,39.257731]]]}},{"type":"Feature","properties":{"pid":"051002500050"},"geometry":{"type":"Polygon","coordinates":[[[-84.633835,39.256145],[-84.63385,39.256019],[-84.637383,39.255994],[-84.637355,39.256916],[-84.633571,39.256913],[-84.63361,39.256832],[-84.633488,39.256829],[-84.63352,39.256151],[-84.633835,39.256145]]]}},{"type":"Feature","properties":{"pid":"051002500217"},"geometry":{"type":"Polygon","coordinates":[[[-84.634993,39.259682],[-84.634922,39.259677],[-84.635001,39.257732],[-84.636644,39.257737],[-84.636737,39.258242],[-84.635053,39.258201],[-84.634993,39.259682]]]}},{"type":"Feature","properties":{"pid":"051002500099"},"geometry":{"type":"Polygon","coordinates":[[[-84.633479,39.257242],[-84.633544,39.256985],[-84.637353,39.256952],[-84.637315,39.257739],[-84.634558,39.257731],[-84.634559,39.257243],[-84.633479,39.257242]]]}},{"type":"Feature","properties":{"pid":"051003000003"},"geometry":{"type":"Polygon","coordinates":[[[-84.656019,39.294164],[-84.656059,39.293742],[-84.656498,39.293769],[-84.656459,39.294194],[-84.656019,39.294164]]]}},{"type":"Feature","properties":{"pid":"051001600003"},"geometry":{"type":"Polygon","coordinates":[[[-84.615804,39.292772],[-84.615955,39.292336],[-84.616229,39.292314],[-84.616063,39.292806],[-84.615804,39.292772]]]}},{"type":"Feature","properties":{"pid":"051001600019"},"geometry":{"type":"Polygon","coordinates":[[[-84.617345,39.292239],[-84.617137,39.291677],[-84.617359,39.291709],[-84.617534,39.292226],[-84.617345,39.292239]]]}},{"type":"Feature","properties":{"pid":"051001600020"},"geometry":{"type":"Polygon","coordinates":[[[-84.617146,39.292252],[-84.616946,39.29165],[-84.617137,39.291677],[-84.617345,39.292239],[-84.617146,39.292252]]]}},{"type":"Feature","properties":{"pid":"051001600021"},"geometry":{"type":"Polygon","coordinates":[[[-84.616983,39.292262],[-84.616745,39.291621],[-84.616946,39.29165],[-84.617146,39.292252],[-84.616983,39.292262]]]}},{"type":"Feature","properties":{"pid":"051001600023"},"geometry":{"type":"Polygon","coordinates":[[[-84.616621,39.292276],[-84.616458,39.291837],[-84.616356,39.291565],[-84.616555,39.291594],[-84.616808,39.292274],[-84.616621,39.292276]]]}},{"type":"Feature","properties":{"pid":"051001600027"},"geometry":{"type":"Polygon","coordinates":[[[-84.616106,39.292315],[-84.615916,39.29231],[-84.615618,39.291459],[-84.615809,39.291486],[-84.616106,39.292315]]]}},{"type":"Feature","properties":{"pid":"051001600033"},"geometry":{"type":"Polygon","coordinates":[[[-84.614359,39.292059],[-84.614524,39.291301],[-84.615048,39.291377],[-84.614879,39.292117],[-84.614359,39.292059]]]}},{"type":"Feature","properties":{"pid":"051001600034"},"geometry":{"type":"Polygon","coordinates":[[[-84.614359,39.292059],[-84.614179,39.292039],[-84.614346,39.291276],[-84.614524,39.291301],[-84.614359,39.292059]]]}},{"type":"Feature","properties":{"pid":"051001600039"},"geometry":{"type":"Polygon","coordinates":[[[-84.616762,39.290193],[-84.617687,39.289845],[-84.618243,39.289927],[-84.617745,39.290241],[-84.617004,39.29057],[-84.616762,39.290193]]]}},{"type":"Feature","properties":{"pid":"051001600045"},"geometry":{"type":"Polygon","coordinates":[[[-84.616176,39.289127],[-84.616495,39.28899],[-84.616575,39.289112],[-84.616257,39.289248],[-84.616176,39.289127]]]}},{"type":"Feature","properties":{"pid":"051001600048"},"geometry":{"type":"Polygon","coordinates":[[[-84.61676,39.286133],[-84.615282,39.285928],[-84.615178,39.285704],[-84.616656,39.285909],[-84.61676,39.286133]]]}},{"type":"Feature","properties":{"pid":"051001600049"},"geometry":{"type":"Polygon","coordinates":[[[-84.616539,39.285661],[-84.615063,39.285457],[-84.614916,39.285154],[-84.616397,39.285361],[-84.616539,39.285661]]]}},{"type":"Feature","properties":{"pid":"051001600050"},"geometry":{"type":"Polygon","coordinates":[[[-84.614916,39.285154],[-84.614785,39.28489],[-84.615876,39.284565],[-84.616,39.284819],[-84.615019,39.28512],[-84.615045,39.28517],[-84.614916,39.285154]]]}},{"type":"Feature","properties":{"pid":"051001600065"},"geometry":{"type":"Polygon","coordinates":[[[-84.617627,39.291747],[-84.617019,39.29166],[-84.616867,39.291431],[-84.617476,39.291518],[-84.617627,39.291747]]]}},{"type":"Feature","properties":{"pid":"051001600068"},"geometry":{"type":"Polygon","coordinates":[[[-84.616578,39.290995],[-84.616434,39.290778],[-84.617049,39.290866],[-84.617191,39.291084],[-84.616578,39.290995]]]}},{"type":"Feature","properties":{"pid":"051001600071"},"geometry":{"type":"Polygon","coordinates":[[[-84.615902,39.291501],[-84.615554,39.29145],[-84.615738,39.290678],[-84.616086,39.290728],[-84.615902,39.291501]]]}},{"type":"Feature","properties":{"pid":"051001600072"},"geometry":{"type":"Polygon","coordinates":[[[-84.615554,39.29145],[-84.615207,39.2914],[-84.615391,39.290628],[-84.615738,39.290678],[-84.615554,39.29145]]]}},{"type":"Feature","properties":{"pid":"051001600075"},"geometry":{"type":"Polygon","coordinates":[[[-84.614512,39.2913],[-84.614165,39.29125],[-84.614349,39.290478],[-84.614696,39.290528],[-84.614512,39.2913]]]}},{"type":"Feature","properties":{"pid":"051001600076"},"geometry":{"type":"Polygon","coordinates":[[[-84.614165,39.29125],[-84.613817,39.291201],[-84.614001,39.290429],[-84.614349,39.290478],[-84.614165,39.29125]]]}},{"type":"Feature","properties":{"pid":"051001600077"},"geometry":{"type":"Polygon","coordinates":[[[-84.613473,39.29115],[-84.613654,39.290379],[-84.614001,39.290429],[-84.613817,39.291201],[-84.613473,39.29115]]]}},{"type":"Feature","properties":{"pid":"051001600078"},"geometry":{"type":"Polygon","coordinates":[[[-84.613123,39.291101],[-84.613306,39.290329],[-84.613654,39.290379],[-84.613473,39.29115],[-84.613123,39.291101]]]}},{"type":"Feature","properties":{"pid":"051001600079"},"geometry":{"type":"Polygon","coordinates":[[[-84.612775,39.291051],[-84.612959,39.290279],[-84.613306,39.290329],[-84.613123,39.291101],[-84.612775,39.291051]]]}},{"type":"Feature","properties":{"pid":"051001600081"},"geometry":{"type":"Polygon","coordinates":[[[-84.61208,39.290952],[-84.612264,39.290179],[-84.612612,39.290229],[-84.612428,39.291001],[-84.61208,39.290952]]]}},{"type":"Feature","properties":{"pid":"051001600082"},"geometry":{"type":"Polygon","coordinates":[[[-84.611733,39.290901],[-84.611917,39.290129],[-84.612264,39.290179],[-84.61208,39.290952],[-84.611733,39.290901]]]}},{"type":"Feature","properties":{"pid":"051001600084"},"geometry":{"type":"Polygon","coordinates":[[[-84.611386,39.290852],[-84.611037,39.290802],[-84.611222,39.290029],[-84.611569,39.290079],[-84.611386,39.290852]]]}},{"type":"Feature","properties":{"pid":"051001600085"},"geometry":{"type":"Polygon","coordinates":[[[-84.610691,39.290752],[-84.610874,39.289979],[-84.611135,39.290016],[-84.610951,39.290789],[-84.610691,39.290752]]]}},{"type":"Feature","properties":{"pid":"051001600086"},"geometry":{"type":"Polygon","coordinates":[[[-84.610343,39.290702],[-84.610526,39.289929],[-84.610874,39.289979],[-84.610691,39.290752],[-84.610343,39.290702]]]}},{"type":"Feature","properties":{"pid":"051001600087"},"geometry":{"type":"Polygon","coordinates":[[[-84.609996,39.290652],[-84.61018,39.289879],[-84.610526,39.289929],[-84.610343,39.290702],[-84.609996,39.290652]]]}},{"type":"Feature","properties":{"pid":"051001600088"},"geometry":{"type":"Polygon","coordinates":[[[-84.609648,39.290602],[-84.609832,39.289829],[-84.61018,39.289879],[-84.609996,39.290652],[-84.609648,39.290602]]]}},{"type":"Feature","properties":{"pid":"051001600089"},"geometry":{"type":"Polygon","coordinates":[[[-84.6093,39.290552],[-84.609485,39.289779],[-84.609832,39.289829],[-84.609648,39.290602],[-84.6093,39.290552]]]}},{"type":"Feature","properties":{"pid":"051001600090"},"geometry":{"type":"Polygon","coordinates":[[[-84.608953,39.290503],[-84.609137,39.289729],[-84.609485,39.289779],[-84.6093,39.290552],[-84.608953,39.290503]]]}},{"type":"Feature","properties":{"pid":"051001600091"},"geometry":{"type":"Polygon","coordinates":[[[-84.608605,39.290453],[-84.608789,39.289679],[-84.609137,39.289729],[-84.608953,39.290503],[-84.608605,39.290453]]]}},{"type":"Feature","properties":{"pid":"051001600093"},"geometry":{"type":"Polygon","coordinates":[[[-84.607946,39.290358],[-84.608022,39.289569],[-84.608443,39.289629],[-84.608259,39.290403],[-84.607946,39.290358]]]}},{"type":"Feature","properties":{"pid":"051001600107"},"geometry":{"type":"Polygon","coordinates":[[[-84.613148,39.292644],[-84.612963,39.29229],[-84.613163,39.292218],[-84.613353,39.292585],[-84.613148,39.292644]]]}},{"type":"Feature","properties":{"pid":"051001600111"},"geometry":{"type":"Polygon","coordinates":[[[-84.615304,39.285997],[-84.610162,39.285271],[-84.610224,39.284483],[-84.614916,39.285154],[-84.615304,39.285997]]]}},{"type":"Feature","properties":{"pid":"051001600112"},"geometry":{"type":"Polygon","coordinates":[[[-84.613523,39.292536],[-84.613351,39.292183],[-84.613535,39.292533],[-84.613523,39.292536]]]}},{"type":"Feature","properties":{"pid":"051001600114"},"geometry":{"type":"Polygon","coordinates":[[[-84.611844,39.283526],[-84.613832,39.28295],[-84.613958,39.283208],[-84.61197,39.283794],[-84.611844,39.283526]]]}},{"type":"Feature","properties":{"pid":"051001600117"},"geometry":{"type":"Polygon","coordinates":[[[-84.614785,39.28489],[-84.614654,39.284622],[-84.615749,39.284306],[-84.615876,39.284565],[-84.614785,39.28489]]]}},{"type":"Feature","properties":{"pid":"051001600119"},"geometry":{"type":"Polygon","coordinates":[[[-84.613357,39.284517],[-84.61325,39.284299],[-84.614335,39.283976],[-84.614461,39.284232],[-84.613497,39.284518],[-84.613357,39.284517]]]}},{"type":"Feature","properties":{"pid":"051001600126"},"geometry":{"type":"Polygon","coordinates":[[[-84.616632,39.285858],[-84.615155,39.285655],[-84.615063,39.285457],[-84.616539,39.285661],[-84.616632,39.285858]]]}},{"type":"Feature","properties":{"pid":"051001600127"},"geometry":{"type":"Polygon","coordinates":[[[-84.612872,39.283528],[-84.613958,39.283208],[-84.614083,39.283465],[-84.612998,39.283785],[-84.612872,39.283528]]]}},{"type":"Feature","properties":{"pid":"051001600129"},"geometry":{"type":"Polygon","coordinates":[[[-84.611835,39.283835],[-84.611524,39.28316],[-84.611958,39.283037],[-84.612146,39.283437],[-84.611844,39.283526],[-84.61197,39.283794],[-84.611835,39.283835]]]}},{"type":"Feature","properties":{"pid":"051001600131"},"geometry":{"type":"Polygon","coordinates":[[[-84.611508,39.283934],[-84.611193,39.283253],[-84.611524,39.28316],[-84.611835,39.283835],[-84.611508,39.283934]]]}},{"type":"Feature","properties":{"pid":"051001600133"},"geometry":{"type":"Polygon","coordinates":[[[-84.614909,39.285153],[-84.614797,39.28514],[-84.613877,39.285001],[-84.614715,39.284746],[-84.614909,39.285153]]]}},{"type":"Feature","properties":{"pid":"051001600134"},"geometry":{"type":"Polygon","coordinates":[[[-84.611354,39.284471],[-84.611481,39.283943],[-84.611823,39.283839],[-84.61166,39.284516],[-84.611354,39.284471]]]}},{"type":"Feature","properties":{"pid":"051001600135"},"geometry":{"type":"Polygon","coordinates":[[[-84.610237,39.284306],[-84.610306,39.283504],[-84.610866,39.283344],[-84.61118,39.284031],[-84.610237,39.284306]]]}},{"type":"Feature","properties":{"pid":"051001600137"},"geometry":{"type":"Polygon","coordinates":[[[-84.613871,39.284408],[-84.614461,39.284232],[-84.614654,39.284622],[-84.614056,39.284795],[-84.613871,39.284408]]]}},{"type":"Feature","properties":{"pid":"051001600140"},"geometry":{"type":"Polygon","coordinates":[[[-84.610306,39.283504],[-84.610371,39.282764],[-84.610572,39.282707],[-84.610866,39.283344],[-84.610306,39.283504]]]}},{"type":"Feature","properties":{"pid":"051001600141"},"geometry":{"type":"Polygon","coordinates":[[[-84.612599,39.284653],[-84.612868,39.283529],[-84.612872,39.283528],[-84.613088,39.28397],[-84.612912,39.284699],[-84.612599,39.284653]]]}},{"type":"Feature","properties":{"pid":"051001600143"},"geometry":{"type":"Polygon","coordinates":[[[-84.613324,39.28476],[-84.613375,39.284554],[-84.613871,39.284408],[-84.614056,39.284795],[-84.613894,39.284842],[-84.613324,39.28476]]]}},{"type":"Feature","properties":{"pid":"051001600146"},"geometry":{"type":"Polygon","coordinates":[[[-84.610866,39.283344],[-84.611193,39.283253],[-84.611508,39.283934],[-84.61118,39.284031],[-84.610866,39.283344]]]}},{"type":"Feature","properties":{"pid":"051001600148"},"geometry":{"type":"Polygon","coordinates":[[[-84.612489,39.282897],[-84.613024,39.282738],[-84.613205,39.283131],[-84.61267,39.283285],[-84.612489,39.282897]]]}},{"type":"Feature","properties":{"pid":"051001600149"},"geometry":{"type":"Polygon","coordinates":[[[-84.611963,39.283048],[-84.612486,39.28289],[-84.61267,39.283285],[-84.612146,39.283437],[-84.611963,39.283048]]]}},{"type":"Feature","properties":{"pid":"051001600151"},"geometry":{"type":"Polygon","coordinates":[[[-84.61325,39.284299],[-84.613123,39.284042],[-84.614207,39.28372],[-84.614335,39.283976],[-84.61325,39.284299]]]}},{"type":"Feature","properties":{"pid":"051001600153"},"geometry":{"type":"Polygon","coordinates":[[[-84.613123,39.284042],[-84.612998,39.283785],[-84.614083,39.283465],[-84.614207,39.28372],[-84.613123,39.284042]]]}},{"type":"Feature","properties":{"pid":"051001600155"},"geometry":{"type":"Polygon","coordinates":[[[-84.617924,39.290908],[-84.617149,39.290797],[-84.617004,39.29057],[-84.61755,39.290328],[-84.617924,39.290908]]]}},{"type":"Feature","properties":{"pid":"051001600166"},"geometry":{"type":"Polygon","coordinates":[[[-84.61572,39.28696],[-84.617048,39.286794],[-84.617105,39.287078],[-84.615772,39.287247],[-84.61572,39.28696]]]}},{"type":"Feature","properties":{"pid":"051001600208"},"geometry":{"type":"Polygon","coordinates":[[[-84.616577,39.289905],[-84.616987,39.289743],[-84.617687,39.289845],[-84.616762,39.290193],[-84.616577,39.289905]]]}},{"type":"Feature","properties":{"pid":"051002700005"},"geometry":{"type":"Polygon","coordinates":[[[-84.626788,39.294067],[-84.627937,39.294035],[-84.627925,39.294307],[-84.626773,39.294348],[-84.626788,39.294067]]]}},{"type":"Feature","properties":{"pid":"051002700007"},"geometry":{"type":"Polygon","coordinates":[[[-84.628238,39.292208],[-84.62688,39.292174],[-84.626892,39.291954],[-84.627371,39.29157],[-84.62824,39.292169],[-84.628238,39.292208]]]}},{"type":"Feature","properties":{"pid":"051002700010"},"geometry":{"type":"Polygon","coordinates":[[[-84.630116,39.290616],[-84.63023,39.28979],[-84.631427,39.290363],[-84.631682,39.29055],[-84.630116,39.290616]]]}},{"type":"Feature","properties":{"pid":"051002700015"},"geometry":{"type":"Polygon","coordinates":[[[-84.626892,39.291954],[-84.625379,39.291109],[-84.626966,39.290525],[-84.626892,39.291954]]]}},{"type":"Feature","properties":{"pid":"051002700020"},"geometry":{"type":"Polygon","coordinates":[[[-84.622583,39.296107],[-84.623291,39.296153],[-84.623084,39.296316],[-84.622595,39.296328],[-84.622583,39.296107]]]}},{"type":"Feature","properties":{"pid":"051002700021"},"geometry":{"type":"Polygon","coordinates":[[[-84.62212,39.296077],[-84.622583,39.296107],[-84.622595,39.296328],[-84.622141,39.296339],[-84.62212,39.296077]]]}},{"type":"Feature","properties":{"pid":"051002700022"},"geometry":{"type":"Polygon","coordinates":[[[-84.62176,39.296054],[-84.622032,39.296071],[-84.622052,39.296341],[-84.621782,39.296348],[-84.62176,39.296054]]]}},{"type":"Feature","properties":{"pid":"051002700024"},"geometry":{"type":"Polygon","coordinates":[[[-84.621053,39.29596],[-84.621402,39.296021],[-84.621437,39.296356],[-84.621049,39.296365],[-84.621053,39.29596]]]}},{"type":"Feature","properties":{"pid":"051002700025"},"geometry":{"type":"Polygon","coordinates":[[[-84.620713,39.295875],[-84.621053,39.29596],[-84.621049,39.296365],[-84.620635,39.296375],[-84.620713,39.295875]]]}},{"type":"Feature","properties":{"pid":"051002700026"},"geometry":{"type":"Polygon","coordinates":[[[-84.620311,39.296227],[-84.620513,39.295801],[-84.620713,39.295875],[-84.620635,39.296377],[-84.620311,39.296227]]]}},{"type":"Feature","properties":{"pid":"051002700027"},"geometry":{"type":"Polygon","coordinates":[[[-84.619957,39.296064],[-84.62031,39.295677],[-84.620513,39.295801],[-84.620311,39.296227],[-84.619957,39.296064]]]}},{"type":"Feature","properties":{"pid":"051002700031"},"geometry":{"type":"Polygon","coordinates":[[[-84.619694,39.295416],[-84.619991,39.295293],[-84.620096,39.295434],[-84.619808,39.295568],[-84.619694,39.295416]]]}},{"type":"Feature","properties":{"pid":"051002700073"},"geometry":{"type":"Polygon","coordinates":[[[-84.634245,39.290638],[-84.634151,39.288007],[-84.633116,39.287999],[-84.633153,39.287432],[-84.634201,39.28741],[-84.634315,39.290616],[-84.634245,39.290638]]]}},{"type":"Feature","properties":{"pid":"051002700074"},"geometry":{"type":"Polygon","coordinates":[[[-84.63544,39.290264],[-84.634714,39.287399],[-84.635967,39.287372],[-84.63601,39.289424],[-84.636452,39.289699],[-84.636036,39.289815],[-84.635609,39.290077],[-84.63544,39.290264]]]}},{"type":"Feature","properties":{"pid":"051002700076"},"geometry":{"type":"Polygon","coordinates":[[[-84.641441,39.288544],[-84.641299,39.287987],[-84.640982,39.28677],[-84.64129,39.286759],[-84.641741,39.288345],[-84.641441,39.288544]]]}},{"type":"Feature","properties":{"pid":"051002700093"},"geometry":{"type":"Polygon","coordinates":[[[-84.640414,39.28679],[-84.640391,39.285894],[-84.64216,39.285857],[-84.642181,39.286728],[-84.640414,39.28679]]]}},{"type":"Feature","properties":{"pid":"051002700097"},"geometry":{"type":"Polygon","coordinates":[[[-84.625942,39.2961],[-84.625005,39.295188],[-84.625543,39.294828],[-84.626834,39.29608],[-84.625942,39.2961]]]}},{"type":"Feature","properties":{"pid":"051002700101"},"geometry":{"type":"Polygon","coordinates":[[[-84.636864,39.291644],[-84.636927,39.289673],[-84.637117,39.289579],[-84.637035,39.291622],[-84.636864,39.291644]]]}},{"type":"Feature","properties":{"pid":"051002700105"},"geometry":{"type":"Polygon","coordinates":[[[-84.626841,39.29305],[-84.624884,39.292989],[-84.624914,39.292419],[-84.625708,39.292114],[-84.626892,39.291954],[-84.626841,39.29305]]]}},{"type":"Feature","properties":{"pid":"051002700108"},"geometry":{"type":"Polygon","coordinates":[[[-84.626803,39.293777],[-84.62795,39.293745],[-84.627937,39.294035],[-84.626788,39.294067],[-84.626803,39.293777]]]}},{"type":"Feature","properties":{"pid":"051002700110"},"geometry":{"type":"Polygon","coordinates":[[[-84.639761,39.289297],[-84.639632,39.286817],[-84.639956,39.286806],[-84.640248,39.28916],[-84.639761,39.289297]]]}},{"type":"Feature","properties":{"pid":"051002700111"},"geometry":{"type":"Polygon","coordinates":[[[-84.640248,39.28916],[-84.639956,39.286806],[-84.640426,39.286789],[-84.640811,39.288961],[-84.640248,39.28916]]]}},{"type":"Feature","properties":{"pid":"051002700112"},"geometry":{"type":"Polygon","coordinates":[[[-84.64081,39.288959],[-84.640551,39.287505],[-84.640426,39.286789],[-84.640715,39.286779],[-84.641149,39.288736],[-84.64081,39.288959]]]}},{"type":"Feature","properties":{"pid":"051002700117"},"geometry":{"type":"Polygon","coordinates":[[[-84.633079,39.291034],[-84.63309,39.290115],[-84.633779,39.29012],[-84.633972,39.29076],[-84.63353,39.290981],[-84.633079,39.291034]]]}},{"type":"Feature","properties":{"pid":"051002700125"},"geometry":{"type":"Polygon","coordinates":[[[-84.62548,39.296107],[-84.624735,39.295369],[-84.625005,39.295188],[-84.625942,39.2961],[-84.62548,39.296107]]]}},{"type":"Feature","properties":{"pid":"051002700134"},"geometry":{"type":"Polygon","coordinates":[[[-84.62688,39.292174],[-84.628238,39.292208],[-84.628216,39.292599],[-84.62686,39.292637],[-84.62688,39.292174]]]}},{"type":"Feature","properties":{"pid":"051002700141"},"geometry":{"type":"Polygon","coordinates":[[[-84.62824,39.292169],[-84.627371,39.29157],[-84.628315,39.290821],[-84.62824,39.292169]]]}},{"type":"Feature","properties":{"pid":"051002700148"},"geometry":{"type":"Polygon","coordinates":[[[-84.630309,39.292542],[-84.630417,39.290616],[-84.630486,39.290614],[-84.630444,39.291357],[-84.631061,39.291359],[-84.630995,39.292523],[-84.630309,39.292542]]]}},{"type":"Feature","properties":{"pid":"051002700149"},"geometry":{"type":"Polygon","coordinates":[[[-84.630444,39.291357],[-84.630486,39.290614],[-84.631105,39.290596],[-84.631061,39.291359],[-84.630444,39.291357]]]}},{"type":"Feature","properties":{"pid":"051002700155"},"geometry":{"type":"Polygon","coordinates":[[[-84.636753,39.289755],[-84.636452,39.289699],[-84.63601,39.289424],[-84.635967,39.287372],[-84.637025,39.287351],[-84.637117,39.289579],[-84.636753,39.289755]]]}},{"type":"Feature","properties":{"pid":"051002700157"},"geometry":{"type":"Polygon","coordinates":[[[-84.624759,39.295352],[-84.62484,39.29381],[-84.62537,39.293827],[-84.625309,39.294985],[-84.624759,39.295352]]]}},{"type":"Feature","properties":{"pid":"051002700177"},"geometry":{"type":"Polygon","coordinates":[[[-84.6282,39.295854],[-84.628172,39.295121],[-84.628756,39.295103],[-84.628785,39.295838],[-84.6282,39.295854]]]}},{"type":"Feature","properties":{"pid":"051002700180"},"geometry":{"type":"Polygon","coordinates":[[[-84.628924,39.295828],[-84.628869,39.2951],[-84.629541,39.295147],[-84.629463,39.295817],[-84.628924,39.295828]]]}},{"type":"Feature","properties":{"pid":"051002700181"},"geometry":{"type":"Polygon","coordinates":[[[-84.629463,39.295817],[-84.629541,39.295147],[-84.630136,39.295217],[-84.62993,39.29606],[-84.629463,39.295817]]]}},{"type":"Feature","properties":{"pid":"051002700201"},"geometry":{"type":"Polygon","coordinates":[[[-84.638876,39.294568],[-84.638768,39.29452],[-84.638842,39.293837],[-84.639431,39.293872],[-84.639357,39.294597],[-84.638876,39.294568]]]}},{"type":"Feature","properties":{"pid":"051002700205"},"geometry":{"type":"Polygon","coordinates":[[[-84.638558,39.294541],[-84.638022,39.294519],[-84.637985,39.293783],[-84.638631,39.293822],[-84.638558,39.294541]]]}},{"type":"Feature","properties":{"pid":"051002700206"},"geometry":{"type":"Polygon","coordinates":[[[-84.637546,39.294582],[-84.637253,39.293867],[-84.637985,39.293783],[-84.638022,39.294519],[-84.637546,39.294582]]]}},{"type":"Feature","properties":{"pid":"051002700207"},"geometry":{"type":"Polygon","coordinates":[[[-84.637065,39.294767],[-84.636499,39.294153],[-84.637253,39.293867],[-84.637546,39.294582],[-84.637065,39.294767]]]}},{"type":"Feature","properties":{"pid":"051002700212"},"geometry":{"type":"Polygon","coordinates":[[[-84.635183,39.295389],[-84.634545,39.295398],[-84.634518,39.294586],[-84.635148,39.29457],[-84.635183,39.295389]]]}},{"type":"Feature","properties":{"pid":"051002700214"},"geometry":{"type":"Polygon","coordinates":[[[-84.635183,39.295389],[-84.635148,39.29457],[-84.633872,39.294602],[-84.633866,39.294488],[-84.634592,39.294044],[-84.635529,39.294025],[-84.635567,39.294563],[-84.635222,39.294569],[-84.635253,39.295388],[-84.635183,39.295389]]]}},{"type":"Feature","properties":{"pid":"051002700217"},"geometry":{"type":"Polygon","coordinates":[[[-84.633761,39.295261],[-84.633208,39.295206],[-84.633159,39.294393],[-84.633718,39.294476],[-84.633761,39.295261]]]}},{"type":"Feature","properties":{"pid":"051002700218"},"geometry":{"type":"Polygon","coordinates":[[[-84.632672,39.295216],[-84.632618,39.294403],[-84.633159,39.294393],[-84.633208,39.295206],[-84.632672,39.295216]]]}},{"type":"Feature","properties":{"pid":"051002700222"},"geometry":{"type":"Polygon","coordinates":[[[-84.63187,39.294424],[-84.632408,39.294413],[-84.632458,39.295221],[-84.631922,39.295233],[-84.63187,39.294424]]]}},{"type":"Feature","properties":{"pid":"051002700223"},"geometry":{"type":"Polygon","coordinates":[[[-84.63128,39.295245],[-84.631287,39.294435],[-84.63187,39.294424],[-84.631922,39.295233],[-84.63128,39.295245]]]}},{"type":"Feature","properties":{"pid":"051002700224"},"geometry":{"type":"Polygon","coordinates":[[[-84.631262,39.295245],[-84.630728,39.295181],[-84.630757,39.294201],[-84.631296,39.294187],[-84.631262,39.295245]]]}},{"type":"Feature","properties":{"pid":"051002700225"},"geometry":{"type":"Polygon","coordinates":[[[-84.6302,39.295089],[-84.630212,39.294808],[-84.630384,39.294212],[-84.630757,39.294201],[-84.630728,39.295181],[-84.6302,39.295089]]]}},{"type":"Feature","properties":{"pid":"051002700226"},"geometry":{"type":"Polygon","coordinates":[[[-84.6302,39.295089],[-84.629706,39.295022],[-84.62973,39.294436],[-84.630151,39.29422],[-84.630384,39.294212],[-84.630212,39.294808],[-84.6302,39.295089]]]}},{"type":"Feature","properties":{"pid":"051002800024"},"geometry":{"type":"Polygon","coordinates":[[[-84.624847,39.305369],[-84.623536,39.303603],[-84.623387,39.303085],[-84.622441,39.301931],[-84.621926,39.301498],[-84.62175,39.30128],[-84.620299,39.299031],[-84.619597,39.298398],[-84.620183,39.297981],[-84.621649,39.297967],[-84.621618,39.297159],[-84.624771,39.297087],[-84.625021,39.297403],[-84.625116,39.297664],[-84.625159,39.298048],[-84.625483,39.29856],[-84.625444,39.298852],[-84.625294,39.299118],[-84.623734,39.300504],[-84.62522,39.301556],[-84.624847,39.305369]]]}},{"type":"Feature","properties":{"pid":"051002800080"},"geometry":{"type":"Polygon","coordinates":[[[-84.623734,39.300504],[-84.625294,39.299118],[-84.625444,39.298852],[-84.625483,39.29856],[-84.62522,39.301556],[-84.623734,39.300504]]]}},{"type":"Feature","properties":{"pid":"051002800103"},"geometry":{"type":"Polygon","coordinates":[[[-84.632669,39.301483],[-84.632281,39.301442],[-84.632475,39.300725],[-84.633458,39.300879],[-84.632669,39.301483]]]}},{"type":"Feature","properties":{"pid":"051002800104"},"geometry":{"type":"Polygon","coordinates":[[[-84.631715,39.30135],[-84.631908,39.300636],[-84.632475,39.300725],[-84.632281,39.301442],[-84.631715,39.30135]]]}},{"type":"Feature","properties":{"pid":"051002800105"},"geometry":{"type":"Polygon","coordinates":[[[-84.631715,39.30135],[-84.631108,39.301203],[-84.631276,39.300537],[-84.631908,39.300636],[-84.631715,39.30135]]]}},{"type":"Feature","properties":{"pid":"051002800106"},"geometry":{"type":"Polygon","coordinates":[[[-84.632467,39.300724],[-84.631276,39.300537],[-84.631393,39.300085],[-84.632575,39.300293],[-84.632467,39.300724]]]}},{"type":"Feature","properties":{"pid":"051002800107"},"geometry":{"type":"Polygon","coordinates":[[[-84.632575,39.300293],[-84.631393,39.300085],[-84.6315,39.299678],[-84.632675,39.299891],[-84.632575,39.300293]]]}},{"type":"Feature","properties":{"pid":"051002800110"},"geometry":{"type":"Polygon","coordinates":[[[-84.6327,39.299779],[-84.63153,39.299571],[-84.6316,39.299379],[-84.631825,39.299157],[-84.632757,39.299566],[-84.6327,39.299779]]]}},{"type":"Feature","properties":{"pid":"051002800111"},"geometry":{"type":"Polygon","coordinates":[[[-84.632757,39.299566],[-84.631825,39.299157],[-84.63219,39.298878],[-84.633139,39.299366],[-84.632757,39.299566]]]}},{"type":"Feature","properties":{"pid":"051002800122"},"geometry":{"type":"Polygon","coordinates":[[[-84.632572,39.297804],[-84.631735,39.297297],[-84.632059,39.296965],[-84.632891,39.297475],[-84.632572,39.297804]]]}},{"type":"Feature","properties":{"pid":"051002800123"},"geometry":{"type":"Polygon","coordinates":[[[-84.63233,39.298087],[-84.631213,39.297867],[-84.631735,39.297297],[-84.632572,39.297804],[-84.63233,39.298087]]]}},{"type":"Feature","properties":{"pid":"051002800125"},"geometry":{"type":"Polygon","coordinates":[[[-84.63225,39.298566],[-84.631005,39.298245],[-84.631184,39.297924],[-84.632317,39.298138],[-84.63225,39.298566]]]}},{"type":"Feature","properties":{"pid":"051002800126"},"geometry":{"type":"Polygon","coordinates":[[[-84.631933,39.298884],[-84.630806,39.2986],[-84.631005,39.298245],[-84.63225,39.298566],[-84.632125,39.298734],[-84.631933,39.298884]]]}},{"type":"Feature","properties":{"pid":"051002800127"},"geometry":{"type":"Polygon","coordinates":[[[-84.63059,39.298983],[-84.630806,39.2986],[-84.631933,39.298884],[-84.631523,39.299214],[-84.63059,39.298983]]]}},{"type":"Feature","properties":{"pid":"051002800128"},"geometry":{"type":"Polygon","coordinates":[[[-84.631358,39.299527],[-84.629101,39.299235],[-84.62915,39.298629],[-84.631523,39.299214],[-84.631358,39.299527]]]}},{"type":"Feature","properties":{"pid":"051002800129"},"geometry":{"type":"Polygon","coordinates":[[[-84.631253,39.299928],[-84.629068,39.299658],[-84.629101,39.299235],[-84.631358,39.299527],[-84.631253,39.299928]]]}},{"type":"Feature","properties":{"pid":"051002800130"},"geometry":{"type":"Polygon","coordinates":[[[-84.631149,39.300335],[-84.629037,39.300072],[-84.629068,39.299658],[-84.631253,39.299928],[-84.631149,39.300335]]]}},{"type":"Feature","properties":{"pid":"051002800131"},"geometry":{"type":"Polygon","coordinates":[[[-84.629027,39.300224],[-84.629037,39.300072],[-84.631149,39.300335],[-84.630995,39.300925],[-84.629027,39.300224]]]}},{"type":"Feature","properties":{"pid":"051002800132"},"geometry":{"type":"Polygon","coordinates":[[[-84.629016,39.300366],[-84.629027,39.300224],[-84.630995,39.300925],[-84.630914,39.301221],[-84.630783,39.301421],[-84.629016,39.300366]]]}},{"type":"Feature","properties":{"pid":"051002800133"},"geometry":{"type":"Polygon","coordinates":[[[-84.62879,39.30075],[-84.629,39.300601],[-84.629016,39.300366],[-84.630783,39.301421],[-84.630377,39.301697],[-84.62879,39.30075]]]}},{"type":"Feature","properties":{"pid":"051002800135"},"geometry":{"type":"Polygon","coordinates":[[[-84.628069,39.301358],[-84.62805,39.301271],[-84.628391,39.301031],[-84.63004,39.302016],[-84.629904,39.302454],[-84.628069,39.301358]]]}},{"type":"Feature","properties":{"pid":"051002700145"},"geometry":{"type":"Polygon","coordinates":[[[-84.6249,39.291287],[-84.625495,39.292193],[-84.619558,39.294457],[-84.619532,39.294417],[-84.623815,39.292791],[-84.623228,39.291901],[-84.6249,39.291287]]]}},{"type":"Feature","properties":{"pid":"051002400013"},"geometry":{"type":"Polygon","coordinates":[[[-84.628708,39.2464],[-84.628827,39.244445],[-84.628833,39.244349],[-84.629785,39.244919],[-84.629518,39.245207],[-84.629314,39.245981],[-84.628984,39.246332],[-84.628708,39.2464]]]}},{"type":"Feature","properties":{"pid":"051002400204"},"geometry":{"type":"Polygon","coordinates":[[[-84.631479,39.247418],[-84.631095,39.246694],[-84.630786,39.246508],[-84.630431,39.246493],[-84.631092,39.245802],[-84.630468,39.246474],[-84.630795,39.246488],[-84.632799,39.247692],[-84.632749,39.248179],[-84.631479,39.247418]]]}},{"type":"Feature","properties":{"pid":"051002400207"},"geometry":{"type":"Polygon","coordinates":[[[-84.630231,39.247961],[-84.630261,39.247548],[-84.631244,39.247566],[-84.631269,39.247163],[-84.631025,39.246711],[-84.630756,39.246552],[-84.630362,39.246534],[-84.630367,39.246462],[-84.63104,39.245772],[-84.630374,39.246517],[-84.630753,39.24653],[-84.631043,39.246701],[-84.631335,39.247252],[-84.631297,39.247832],[-84.630842,39.247971],[-84.630231,39.247961]]]}},{"type":"Feature","properties":{"pid":"051002400208"},"geometry":{"type":"Polygon","coordinates":[[[-84.630261,39.247548],[-84.63034,39.246469],[-84.631024,39.245762],[-84.630367,39.246462],[-84.630362,39.246534],[-84.630756,39.246552],[-84.631025,39.246711],[-84.631269,39.247163],[-84.631244,39.247566],[-84.630261,39.247548]]]}},{"type":"Feature","properties":{"pid":"051002400209"},"geometry":{"type":"Polygon","coordinates":[[[-84.631329,39.248419],[-84.630199,39.248403],[-84.630225,39.248042],[-84.630586,39.248048],[-84.630842,39.247971],[-84.631288,39.247978],[-84.631335,39.247252],[-84.631043,39.246701],[-84.630753,39.24653],[-84.630374,39.246517],[-84.630376,39.246486],[-84.631057,39.245782],[-84.630397,39.246502],[-84.630765,39.246516],[-84.63106,39.246691],[-84.631401,39.247321],[-84.631329,39.248419]]]}},{"type":"Feature","properties":{"pid":"051001700055"},"geometry":{"type":"Polygon","coordinates":[[[-84.609321,39.275324],[-84.614292,39.275929],[-84.614272,39.276155],[-84.609464,39.275569],[-84.609321,39.275324]]]}},{"type":"Feature","properties":{"pid":"051001700097"},"geometry":{"type":"Polygon","coordinates":[[[-84.608546,39.275824],[-84.609477,39.275587],[-84.609928,39.276197],[-84.608487,39.276525],[-84.608546,39.275824]]]}},{"type":"Feature","properties":{"pid":"051001700010"},"geometry":{"type":"Polygon","coordinates":[[[-84.608653,39.274296],[-84.609477,39.275587],[-84.608546,39.275824],[-84.608642,39.274455],[-84.608653,39.274296]]]}},{"type":"Feature","properties":{"pid":"051001600242"},"geometry":{"type":"Polygon","coordinates":[[[-84.616607,39.290655],[-84.616255,39.290605],[-84.615949,39.290142],[-84.616596,39.290159],[-84.616879,39.290588],[-84.616607,39.290655]]]}},{"type":"Feature","properties":{"pid":"051002600178"},"geometry":{"type":"Polygon","coordinates":[[[-84.634564,39.276299],[-84.635326,39.275655],[-84.635719,39.275931],[-84.634954,39.276577],[-84.634564,39.276299]]]}},{"type":"Feature","properties":{"pid":"051001700040"},"geometry":{"type":"Polygon","coordinates":[[[-84.616917,39.269261],[-84.61671,39.271557],[-84.616358,39.271537],[-84.616579,39.269085],[-84.616917,39.269261]]]}},{"type":"Feature","properties":{"pid":"051001700043"},"geometry":{"type":"Polygon","coordinates":[[[-84.615587,39.268601],[-84.615655,39.268626],[-84.615541,39.269549],[-84.61579,39.269718],[-84.615654,39.269955],[-84.614833,39.269876],[-84.614898,39.269179],[-84.615511,39.269213],[-84.615587,39.268601]]]}},{"type":"Feature","properties":{"pid":"051001700060"},"geometry":{"type":"Polygon","coordinates":[[[-84.614461,39.268245],[-84.614704,39.266261],[-84.615209,39.266321],[-84.614973,39.268376],[-84.614461,39.268245]]]}},{"type":"Feature","properties":{"pid":"051001700062"},"geometry":{"type":"Polygon","coordinates":[[[-84.617663,39.269649],[-84.617605,39.270086],[-84.616848,39.270026],[-84.616917,39.269261],[-84.617663,39.269649]]]}},{"type":"Feature","properties":{"pid":"051001700071"},"geometry":{"type":"Polygon","coordinates":[[[-84.615506,39.268571],[-84.615427,39.269208],[-84.614898,39.269179],[-84.614973,39.268376],[-84.615506,39.268571]]]}},{"type":"Feature","properties":{"pid":"051001700174"},"geometry":{"type":"Polygon","coordinates":[[[-84.620183,39.274275],[-84.619432,39.274173],[-84.619787,39.270278],[-84.619902,39.270288],[-84.619727,39.272196],[-84.62032,39.272779],[-84.620183,39.274275]]]}},{"type":"Feature","properties":{"pid":"051003200062"},"geometry":{"type":"Polygon","coordinates":[[[-84.655845,39.263496],[-84.65533,39.263818],[-84.653672,39.262205],[-84.657251,39.262435],[-84.656767,39.262615],[-84.655845,39.263496]]]}},{"type":"Feature","properties":{"pid":"051003200141"},"geometry":{"type":"Polygon","coordinates":[[[-84.654405,39.264443],[-84.653641,39.263401],[-84.653784,39.263338],[-84.654193,39.263896],[-84.654727,39.263892],[-84.655014,39.264171],[-84.654405,39.264443]]]}},{"type":"Feature","properties":{"pid":"051002600021"},"geometry":{"type":"Polygon","coordinates":[[[-84.634621,39.27186],[-84.634636,39.271695],[-84.632871,39.271722],[-84.633016,39.269501],[-84.63238,39.269506],[-84.632721,39.268588],[-84.633103,39.268157],[-84.633134,39.267682],[-84.63309,39.267711],[-84.632789,39.2677],[-84.631753,39.267333],[-84.63178,39.266906],[-84.634088,39.26689],[-84.634824,39.266361],[-84.635506,39.266903],[-84.635012,39.268048],[-84.636887,39.269185],[-84.636764,39.27183],[-84.634621,39.27186]]]}},{"type":"Feature","properties":{"pid":"051002600145"},"geometry":{"type":"Polygon","coordinates":[[[-84.635018,39.275439],[-84.634612,39.275141],[-84.634712,39.274022],[-84.635421,39.274608],[-84.635341,39.275095],[-84.635018,39.275439]]]}},{"type":"Feature","properties":{"pid":"051002600176"},"geometry":{"type":"Polygon","coordinates":[[[-84.634442,39.273873],[-84.634348,39.274947],[-84.633848,39.274579],[-84.633913,39.273844],[-84.634442,39.273873]]]}},{"type":"Feature","properties":{"pid":"051002600244"},"geometry":{"type":"Polygon","coordinates":[[[-84.632521,39.27382],[-84.632639,39.272863],[-84.632826,39.272644],[-84.633361,39.272816],[-84.63453,39.272879],[-84.634442,39.273873],[-84.633418,39.27328],[-84.632637,39.273029],[-84.632521,39.27382]]]}},{"type":"Feature","properties":{"pid":"051002600245"},"geometry":{"type":"Polygon","coordinates":[[[-84.633913,39.273844],[-84.633857,39.274476],[-84.633301,39.274079],[-84.633025,39.273986],[-84.633418,39.27328],[-84.634442,39.273873],[-84.633913,39.273844]]]}},{"type":"Feature","properties":{"pid":"051001700141"},"geometry":{"type":"Polygon","coordinates":[[[-84.617796,39.269719],[-84.61804,39.269847],[-84.618524,39.269993],[-84.61844,39.270638],[-84.617704,39.270418],[-84.617796,39.269719]]]}},{"type":"Feature","properties":{"pid":"051001700142"},"geometry":{"type":"Polygon","coordinates":[[[-84.617729,39.269684],[-84.617796,39.269719],[-84.617704,39.270418],[-84.618026,39.270514],[-84.617944,39.271419],[-84.616879,39.270466],[-84.616914,39.270086],[-84.617669,39.270146],[-84.617729,39.269684]]]}},{"type":"Feature","properties":{"pid":"051001700088"},"geometry":{"type":"Polygon","coordinates":[[[-84.617011,39.26931],[-84.617591,39.268645],[-84.617884,39.2688],[-84.617305,39.269463],[-84.617011,39.26931]]]}},{"type":"Feature","properties":{"pid":"051001700152"},"geometry":{"type":"Polygon","coordinates":[[[-84.615541,39.269549],[-84.615655,39.268626],[-84.616316,39.268948],[-84.615981,39.269506],[-84.61579,39.269718],[-84.615541,39.269549]]]}},{"type":"Feature","properties":{"pid":"051001700182"},"geometry":{"type":"Polygon","coordinates":[[[-84.609321,39.275324],[-84.608977,39.274795],[-84.609895,39.27444],[-84.609521,39.273864],[-84.609452,39.273891],[-84.609176,39.273461],[-84.608741,39.273629],[-84.608798,39.272911],[-84.614495,39.273582],[-84.614292,39.275929],[-84.609321,39.275324]]]}},{"type":"Feature","properties":{"pid":"051001700096"},"geometry":{"type":"Polygon","coordinates":[[[-84.616579,39.269085],[-84.616156,39.273773],[-84.614495,39.273582],[-84.614833,39.269876],[-84.615795,39.269968],[-84.615981,39.269506],[-84.616316,39.268948],[-84.616579,39.269085]]]}},{"type":"Feature","properties":{"pid":"051001700101"},"geometry":{"type":"Polygon","coordinates":[[[-84.617684,39.26959],[-84.617349,39.269413],[-84.617884,39.2688],[-84.617986,39.268853],[-84.617684,39.26959]]]}},{"type":"Feature","properties":{"pid":"051001700110"},"geometry":{"type":"Polygon","coordinates":[[[-84.618126,39.268927],[-84.617591,39.268645],[-84.617056,39.269259],[-84.617012,39.269236],[-84.617548,39.268622],[-84.616378,39.268006],[-84.616956,39.266529],[-84.618334,39.266693],[-84.618126,39.268927]]]}},{"type":"Feature","properties":{"pid":"051001840278"},"geometry":{"type":"Polygon","coordinates":[[[-84.613445,39.253032],[-84.612892,39.252969],[-84.612896,39.252923],[-84.613488,39.252989],[-84.613769,39.252826],[-84.614712,39.252933],[-84.615056,39.25303],[-84.615716,39.253033],[-84.615714,39.25319],[-84.61512,39.253315],[-84.61488,39.253288],[-84.614704,39.252946],[-84.613773,39.252841],[-84.613445,39.253032]]]}},{"type":"Feature","properties":{"pid":"051001840265"},"geometry":{"type":"Polygon","coordinates":[[[-84.614161,39.253207],[-84.612885,39.253063],[-84.612889,39.253016],[-84.613401,39.253074],[-84.613778,39.252855],[-84.614217,39.252905],[-84.614161,39.253207]]]}},{"type":"Feature","properties":{"pid":"051001600101"},"geometry":{"type":"Polygon","coordinates":[[[-84.617823,39.293373],[-84.618621,39.293064],[-84.618694,39.29317],[-84.617922,39.293497],[-84.617745,39.293673],[-84.617917,39.293912],[-84.61813,39.294091],[-84.617819,39.294404],[-84.617387,39.293805],[-84.617823,39.293373]]]}},{"type":"Feature","properties":{"pid":"051003000004"},"geometry":{"type":"Polygon","coordinates":[[[-84.66519,39.295585],[-84.652741,39.29473],[-84.652928,39.292971],[-84.664501,39.293788],[-84.665318,39.293606],[-84.665398,39.294057],[-84.665411,39.294572],[-84.665342,39.295084],[-84.66519,39.295585]],[[-84.656459,39.294194],[-84.656498,39.293769],[-84.656059,39.293742],[-84.656019,39.294164],[-84.656459,39.294194]]]}},{"type":"Feature","properties":{"pid":"051003000028"},"geometry":{"type":"Polygon","coordinates":[[[-84.652525,39.294798],[-84.652732,39.294812],[-84.652741,39.29473],[-84.66519,39.295585],[-84.663667,39.297295],[-84.662156,39.297237],[-84.658808,39.296996],[-84.658999,39.295279],[-84.652522,39.294824],[-84.652525,39.294798]]]}},{"type":"Feature","properties":{"pid":"051003200050"},"geometry":{"type":"Polygon","coordinates":[[[-84.650441,39.265363],[-84.649951,39.265069],[-84.650371,39.264645],[-84.651015,39.26479],[-84.650441,39.265363]]]}},{"type":"Feature","properties":{"pid":"051003200052"},"geometry":{"type":"Polygon","coordinates":[[[-84.651298,39.265788],[-84.651879,39.264998],[-84.652211,39.2651],[-84.651605,39.265924],[-84.651298,39.265788]]]}},{"type":"Feature","properties":{"pid":"051003200046"},"geometry":{"type":"Polygon","coordinates":[[[-84.651666,39.265951],[-84.652277,39.265121],[-84.652687,39.265248],[-84.652483,39.265661],[-84.651939,39.266072],[-84.651666,39.265951]]]}},{"type":"Feature","properties":{"pid":"051003200054"},"geometry":{"type":"Polygon","coordinates":[[[-84.650441,39.265363],[-84.651015,39.26479],[-84.651314,39.264858],[-84.650707,39.265523],[-84.650441,39.265363]]]}},{"type":"Feature","properties":{"pid":"051003200048"},"geometry":{"type":"Polygon","coordinates":[[[-84.651298,39.265788],[-84.650997,39.265655],[-84.651546,39.26491],[-84.651879,39.264998],[-84.651298,39.265788]]]}},{"type":"Feature","properties":{"pid":"051003200049"},"geometry":{"type":"Polygon","coordinates":[[[-84.650707,39.265523],[-84.651314,39.264858],[-84.651452,39.264889],[-84.650914,39.265619],[-84.650707,39.265523]]]}},{"type":"Feature","properties":{"pid":"051002600112"},"geometry":{"type":"Polygon","coordinates":[[[-84.643265,39.276107],[-84.642631,39.275842],[-84.642467,39.275847],[-84.642995,39.275091],[-84.64374,39.275406],[-84.643265,39.276107]]]}},{"type":"Feature","properties":{"pid":"051001840264"},"geometry":{"type":"Polygon","coordinates":[[[-84.614217,39.252905],[-84.613778,39.252855],[-84.613401,39.253074],[-84.612889,39.253016],[-84.612892,39.252969],[-84.613445,39.253032],[-84.613773,39.252841],[-84.614704,39.252946],[-84.61488,39.253288],[-84.614161,39.253207],[-84.614217,39.252905]]]}},{"type":"Feature","properties":{"pid":"051002600268"},"geometry":{"type":"Polygon","coordinates":[[[-84.635489,39.275691],[-84.635487,39.275657],[-84.63543,39.274747],[-84.635932,39.275245],[-84.635489,39.275691]]]}},{"type":"Feature","properties":{"pid":"051002600269"},"geometry":{"type":"Polygon","coordinates":[[[-84.636386,39.274977],[-84.636268,39.276318],[-84.635495,39.275774],[-84.635489,39.275691],[-84.635932,39.275245],[-84.63543,39.274747],[-84.635421,39.274608],[-84.63623,39.274549],[-84.636506,39.274426],[-84.636457,39.27498],[-84.636386,39.274977]]]}},{"type":"Feature","properties":{"pid":"051003200057"},"geometry":{"type":"Polygon","coordinates":[[[-84.652483,39.265661],[-84.652687,39.265248],[-84.652867,39.265304],[-84.65334,39.265203],[-84.653334,39.265547],[-84.653285,39.265682],[-84.65291,39.265994],[-84.652483,39.265661]]]}},{"type":"Feature","properties":{"pid":"051003200101"},"geometry":{"type":"Polygon","coordinates":[[[-84.649954,39.265065],[-84.649536,39.264812],[-84.649798,39.264547],[-84.650719,39.264087],[-84.650765,39.264108],[-84.650371,39.264645],[-84.649954,39.265065]]]}},{"type":"Feature","properties":{"pid":"051001840026"},"geometry":{"type":"Polygon","coordinates":[[[-84.612883,39.252686],[-84.612928,39.252138],[-84.613626,39.252216],[-84.613582,39.252764],[-84.612883,39.252686]]]}},{"type":"Feature","properties":{"pid":"051001840148"},"geometry":{"type":"Polygon","coordinates":[[[-84.612848,39.253059],[-84.612885,39.253063],[-84.613895,39.253177],[-84.613671,39.253518],[-84.612811,39.253477],[-84.612848,39.253059]]]}},{"type":"Feature","properties":{"pid":"051001840258"},"geometry":{"type":"Polygon","coordinates":[[[-84.613661,39.25282],[-84.612912,39.252736],[-84.612916,39.252689],[-84.613582,39.252764],[-84.613626,39.252216],[-84.6142,39.252281],[-84.613855,39.252781],[-84.61375,39.252769],[-84.613661,39.25282]]]}},{"type":"Feature","properties":{"pid":"051001840259"},"geometry":{"type":"Polygon","coordinates":[[[-84.613618,39.252863],[-84.612908,39.252783],[-84.612912,39.252736],[-84.613661,39.25282],[-84.61375,39.252769],[-84.613855,39.252781],[-84.6142,39.252281],[-84.614572,39.252323],[-84.614218,39.252836],[-84.613755,39.252783],[-84.613618,39.252863]]]}},{"type":"Feature","properties":{"pid":"051003000038"},"geometry":{"type":"MultiPolygon","coordinates":[[[[-84.653011,39.291138],[-84.652194,39.290311],[-84.651771,39.290047],[-84.651667,39.289936],[-84.651891,39.28999],[-84.653057,39.290647],[-84.653011,39.291138]]],[[[-84.649152,39.28845],[-84.649852,39.289487],[-84.651368,39.289861],[-84.651616,39.290162],[-84.652041,39.290427],[-84.652875,39.291271],[-84.652732,39.292958],[-84.644912,39.292423],[-84.645013,39.291502],[-84.647641,39.289843],[-84.649794,39.289953],[-84.649827,39.289637],[-84.64906,39.28851],[-84.649152,39.28845]]]]}},{"type":"Feature","properties":{"pid":"051002600179"},"geometry":{"type":"Polygon","coordinates":[[[-84.634564,39.276299],[-84.63418,39.276024],[-84.63494,39.275381],[-84.635326,39.275655],[-84.634564,39.276299]]]}},{"type":"Feature","properties":{"pid":"051002600242"},"geometry":{"type":"Polygon","coordinates":[[[-84.632458,39.273814],[-84.632598,39.272852],[-84.633046,39.272326],[-84.632095,39.271902],[-84.632917,39.271888],[-84.632924,39.271723],[-84.634636,39.271695],[-84.634621,39.27186],[-84.633032,39.272372],[-84.632619,39.272857],[-84.632458,39.273814]]]}},{"type":"Feature","properties":{"pid":"051002600243"},"geometry":{"type":"Polygon","coordinates":[[[-84.633361,39.272816],[-84.632826,39.272644],[-84.632639,39.272863],[-84.632479,39.273816],[-84.632619,39.272857],[-84.633032,39.272372],[-84.634621,39.27186],[-84.63453,39.272879],[-84.633361,39.272816]]]}},{"type":"Feature","properties":{"pid":"051002700062"},"geometry":{"type":"Polygon","coordinates":[[[-84.641366,39.295938],[-84.641531,39.293248],[-84.643634,39.293191],[-84.643479,39.295889],[-84.641366,39.295938]]]}},{"type":"Feature","properties":{"pid":"051003000054"},"geometry":{"type":"Polygon","coordinates":[[[-84.649765,39.295378],[-84.650373,39.294566],[-84.65086,39.294601],[-84.650758,39.29545],[-84.649765,39.295378]]]}},{"type":"Feature","properties":{"pid":"051003000032"},"geometry":{"type":"Polygon","coordinates":[[[-84.649853,39.296346],[-84.649422,39.296317],[-84.649306,39.296309],[-84.649358,39.2962],[-84.649866,39.296237],[-84.649853,39.296346]]]}},{"type":"Feature","properties":{"pid":"051002900001"},"geometry":{"type":"Polygon","coordinates":[[[-84.647953,39.299228],[-84.643258,39.298305],[-84.643479,39.295889],[-84.662156,39.297237],[-84.662123,39.297511],[-84.6629,39.297567],[-84.662362,39.298091],[-84.661543,39.298522],[-84.660556,39.298973],[-84.660311,39.298454],[-84.659979,39.298548],[-84.66024,39.299102],[-84.657812,39.299777],[-84.657534,39.299817],[-84.65746,39.299343],[-84.657053,39.299381],[-84.65713,39.299874],[-84.656436,39.299972],[-84.654956,39.299904],[-84.655028,39.29948],[-84.654548,39.299431],[-84.654474,39.299867],[-84.65307,39.299567],[-84.652293,39.299277],[-84.651086,39.299159],[-84.649805,39.298895],[-84.649519,39.298645],[-84.649038,39.298591],[-84.648999,39.298789],[-84.648719,39.298954],[-84.648523,39.299605],[-84.647025,39.300186],[-84.646788,39.299958],[-84.647953,39.299228]]]}},{"type":"Feature","properties":{"pid":"051003000002"},"geometry":{"type":"Polygon","coordinates":[[[-84.643583,39.294078],[-84.650245,39.294557],[-84.650373,39.294566],[-84.649702,39.295461],[-84.649306,39.296309],[-84.643479,39.295889],[-84.643583,39.294078]]]}},{"type":"Feature","properties":{"pid":"051002400119"},"geometry":{"type":"Polygon","coordinates":[[[-84.629051,39.240392],[-84.628777,39.243691],[-84.628386,39.244061],[-84.628158,39.243907],[-84.628185,39.243559],[-84.628644,39.243128],[-84.628237,39.242919],[-84.62844,39.240428],[-84.629051,39.240392]]]}},{"type":"Feature","properties":{"pid":"051001840141"},"geometry":{"type":"Polygon","coordinates":[[[-84.615327,39.253961],[-84.61512,39.253315],[-84.615633,39.253213],[-84.61584,39.253858],[-84.615327,39.253961]]]}},{"type":"Feature","properties":{"pid":"051001840142"},"geometry":{"type":"Polygon","coordinates":[[[-84.614522,39.253692],[-84.61512,39.253315],[-84.615327,39.253961],[-84.614894,39.254077],[-84.614522,39.253692]]]}},{"type":"Feature","properties":{"pid":"051001840143"},"geometry":{"type":"Polygon","coordinates":[[[-84.614894,39.254077],[-84.614836,39.254108],[-84.614454,39.253713],[-84.613903,39.253876],[-84.613704,39.253469],[-84.613895,39.253177],[-84.61512,39.253315],[-84.614522,39.253692],[-84.614894,39.254077]]]}},{"type":"Feature","properties":{"pid":"051002400136"},"geometry":{"type":"Polygon","coordinates":[[[-84.627255,39.243199],[-84.627479,39.242989],[-84.628276,39.242453],[-84.628237,39.242919],[-84.62766,39.243467],[-84.627255,39.243199]]]}},{"type":"Feature","properties":{"pid":"051003200125"},"geometry":{"type":"Polygon","coordinates":[[[-84.64643,39.255653],[-84.646536,39.256285],[-84.64703,39.256889],[-84.646467,39.257118],[-84.645959,39.256363],[-84.645216,39.256157],[-84.64533,39.255918],[-84.6455,39.255777],[-84.64643,39.255653]]]}},{"type":"Feature","properties":{"pid":"051001820056"},"geometry":{"type":"Polygon","coordinates":[[[-84.603277,39.260374],[-84.603551,39.260224],[-84.603748,39.259938],[-84.603756,39.259678],[-84.603562,39.259155],[-84.60359,39.259074],[-84.604413,39.258859],[-84.604656,39.258745],[-84.605225,39.258812],[-84.605313,39.257719],[-84.605856,39.257783],[-84.605773,39.258877],[-84.606053,39.258911],[-84.606,39.259601],[-84.606622,39.259675],[-84.606477,39.261546],[-84.603605,39.261201],[-84.603204,39.260472],[-84.603277,39.260374]]]}},{"type":"Feature","properties":{"pid":"051001820066"},"geometry":{"type":"Polygon","coordinates":[[[-84.606135,39.257816],[-84.606053,39.258911],[-84.605773,39.258877],[-84.605856,39.257783],[-84.606135,39.257816]]]}},{"type":"Feature","properties":{"pid":"051001820182"},"geometry":{"type":"Polygon","coordinates":[[[-84.606215,39.257936],[-84.606749,39.257999],[-84.606685,39.258842],[-84.606149,39.258808],[-84.606215,39.257936]]]}},{"type":"Feature","properties":{"pid":"051001820183"},"geometry":{"type":"Polygon","coordinates":[[[-84.606127,39.257925],[-84.606215,39.257936],[-84.606149,39.258808],[-84.606685,39.258842],[-84.606622,39.259675],[-84.606,39.259601],[-84.606127,39.257925]]]}},{"type":"Feature","properties":{"pid":"051001820068"},"geometry":{"type":"Polygon","coordinates":[[[-84.606477,39.261546],[-84.606756,39.257888],[-84.608134,39.258059],[-84.607507,39.261672],[-84.606477,39.261546]]]}},{"type":"Feature","properties":{"pid":"051003200138"},"geometry":{"type":"Polygon","coordinates":[[[-84.645959,39.256363],[-84.646467,39.257118],[-84.645576,39.257481],[-84.645332,39.257118],[-84.644852,39.256691],[-84.645216,39.256157],[-84.645959,39.256363]]]}},{"type":"Feature","properties":{"pid":"051003200145"},"geometry":{"type":"Polygon","coordinates":[[[-84.653788,39.264717],[-84.65362,39.26482],[-84.6535,39.264958],[-84.651166,39.264097],[-84.651931,39.263044],[-84.653788,39.264717]]]}},{"type":"Feature","properties":{"pid":"051002600130"},"geometry":{"type":"Polygon","coordinates":[[[-84.632613,39.274905],[-84.633981,39.275882],[-84.633158,39.276578],[-84.632607,39.276391],[-84.630381,39.2748],[-84.630128,39.273941],[-84.630162,39.273933],[-84.630413,39.274785],[-84.631682,39.275692],[-84.632613,39.274905]]]}},{"type":"Feature","properties":{"pid":"051002600181"},"geometry":{"type":"Polygon","coordinates":[[[-84.631428,39.2746],[-84.631779,39.274631],[-84.632613,39.274905],[-84.631682,39.275692],[-84.630413,39.274785],[-84.630162,39.273933],[-84.630246,39.273914],[-84.630498,39.274766],[-84.631428,39.2746]]]}},{"type":"Feature","properties":{"pid":"051002600078"},"geometry":{"type":"Polygon","coordinates":[[[-84.631421,39.273808],[-84.631512,39.273178],[-84.631864,39.273209],[-84.631772,39.273839],[-84.631421,39.273808]]]}},{"type":"Feature","properties":{"pid":"051003100036"},"geometry":{"type":"Polygon","coordinates":[[[-84.650862,39.27627],[-84.652081,39.275816],[-84.652567,39.277369],[-84.653616,39.277434],[-84.653629,39.277477],[-84.652524,39.277408],[-84.652272,39.276535],[-84.651161,39.276969],[-84.650862,39.27627]]]}},{"type":"Feature","properties":{"pid":"051003100008"},"geometry":{"type":"Polygon","coordinates":[[[-84.644808,39.269686],[-84.651745,39.270257],[-84.651564,39.270542],[-84.651363,39.271397],[-84.651604,39.272503],[-84.651879,39.273297],[-84.652385,39.27446],[-84.644612,39.273951],[-84.644808,39.269686]]]}},{"type":"Feature","properties":{"pid":"051002600246"},"geometry":{"type":"Polygon","coordinates":[[[-84.633025,39.273986],[-84.632521,39.27382],[-84.632637,39.273029],[-84.633418,39.27328],[-84.633025,39.273986]]]}},{"type":"Feature","properties":{"pid":"051002600241"},"geometry":{"type":"Polygon","coordinates":[[[-84.632437,39.273813],[-84.632578,39.272846],[-84.632734,39.272662],[-84.631069,39.271919],[-84.632095,39.271902],[-84.633046,39.272326],[-84.632598,39.272852],[-84.632437,39.273813]]]}},{"type":"Feature","properties":{"pid":"051002600247"},"geometry":{"type":"Polygon","coordinates":[[[-84.632416,39.273811],[-84.631784,39.273755],[-84.631899,39.272964],[-84.632531,39.27302],[-84.632416,39.273811]]]}},{"type":"Feature","properties":{"pid":"051003300084"},"geometry":{"type":"Polygon","coordinates":[[[-84.648043,39.252333],[-84.645356,39.252227],[-84.645455,39.249753],[-84.64645,39.24946],[-84.645931,39.248926],[-84.646083,39.24884],[-84.646633,39.249406],[-84.648107,39.248973],[-84.648043,39.252333]]]}},{"type":"Feature","properties":{"pid":"051002600177"},"geometry":{"type":"Polygon","coordinates":[[[-84.636335,39.276365],[-84.635669,39.276632],[-84.635042,39.27664],[-84.634954,39.276577],[-84.635719,39.275931],[-84.636335,39.276365]]]}},{"type":"Feature","properties":{"pid":"051002600136"},"geometry":{"type":"Polygon","coordinates":[[[-84.635042,39.27664],[-84.63518,39.277045],[-84.634244,39.277597],[-84.63316,39.276823],[-84.633133,39.276599],[-84.633981,39.275882],[-84.635042,39.27664]]]}},{"type":"Feature","properties":{"pid":"051002600240"},"geometry":{"type":"Polygon","coordinates":[[[-84.632437,39.273813],[-84.632531,39.27302],[-84.631899,39.272964],[-84.631017,39.272501],[-84.631069,39.271919],[-84.632734,39.272662],[-84.632578,39.272846],[-84.632437,39.273813]]]}},{"type":"Feature","properties":{"pid":"051002600256"},"geometry":{"type":"Polygon","coordinates":[[[-84.633269,39.275374],[-84.632613,39.274905],[-84.633249,39.274152],[-84.63404,39.27472],[-84.633269,39.275374]]]}},{"type":"Feature","properties":{"pid":"051003200128"},"geometry":{"type":"Polygon","coordinates":[[[-84.652247,39.252535],[-84.65228,39.251855],[-84.653526,39.25164],[-84.653495,39.252549],[-84.653578,39.252553],[-84.651921,39.252762],[-84.651849,39.252504],[-84.652247,39.252535]]]}},{"type":"Feature","properties":{"pid":"051002500163"},"geometry":{"type":"Polygon","coordinates":[[[-84.64365,39.257797],[-84.642978,39.258048],[-84.64295,39.257164],[-84.64325,39.257173],[-84.64365,39.257797]]]}},{"type":"Feature","properties":{"pid":"051002500084"},"geometry":{"type":"Polygon","coordinates":[[[-84.642978,39.258048],[-84.642381,39.258379],[-84.642215,39.257712],[-84.642962,39.257714],[-84.642978,39.258048]]]}},{"type":"Feature","properties":{"pid":"051002500101"},"geometry":{"type":"Polygon","coordinates":[[[-84.644862,39.258965],[-84.645152,39.259171],[-84.645115,39.260303],[-84.644409,39.260297],[-84.644422,39.259911],[-84.64409,39.259526],[-84.644862,39.258965]]]}},{"type":"Feature","properties":{"pid":"051002500105"},"geometry":{"type":"Polygon","coordinates":[[[-84.642988,39.258248],[-84.643446,39.258063],[-84.643874,39.25856],[-84.643421,39.25875],[-84.642988,39.258248]]]}},{"type":"Feature","properties":{"pid":"051002500102"},"geometry":{"type":"Polygon","coordinates":[[[-84.644862,39.258965],[-84.64409,39.259526],[-84.643421,39.25875],[-84.644208,39.25842],[-84.644862,39.258965]]]}},{"type":"Feature","properties":{"pid":"051002500224"},"geometry":{"type":"Polygon","coordinates":[[[-84.642883,39.260284],[-84.640991,39.259241],[-84.642341,39.258502],[-84.643532,39.259865],[-84.644118,39.259559],[-84.644422,39.259911],[-84.644409,39.260297],[-84.642883,39.260284]]]}},{"type":"Feature","properties":{"pid":"051002500228"},"geometry":{"type":"Polygon","coordinates":[[[-84.643532,39.259865],[-84.642341,39.258502],[-84.642924,39.258174],[-84.644118,39.259559],[-84.643532,39.259865]]]}},{"type":"Feature","properties":{"pid":"051003200120"},"geometry":{"type":"Polygon","coordinates":[[[-84.646125,39.259304],[-84.646195,39.259322],[-84.646163,39.260348],[-84.645416,39.260266],[-84.645255,39.260372],[-84.645195,39.262266],[-84.646486,39.262291],[-84.646912,39.263941],[-84.645002,39.263832],[-84.645121,39.260123],[-84.646095,39.26023],[-84.646125,39.259304]]]}},{"type":"Feature","properties":{"pid":"051003100027"},"geometry":{"type":"Polygon","coordinates":[[[-84.652548,39.274732],[-84.65276,39.275151],[-84.651857,39.27532],[-84.651763,39.275111],[-84.651531,39.275014],[-84.651681,39.274918],[-84.652548,39.274732]]]}},{"type":"Feature","properties":{"pid":"051003100035"},"geometry":{"type":"Polygon","coordinates":[[[-84.653256,39.279786],[-84.652931,39.278732],[-84.654042,39.278801],[-84.654201,39.27933],[-84.654418,39.279637],[-84.653256,39.279786]]]}},{"type":"Feature","properties":{"pid":"051003100037"},"geometry":{"type":"Polygon","coordinates":[[[-84.649009,39.277934],[-84.649414,39.277567],[-84.64958,39.27731],[-84.6496,39.276735],[-84.650092,39.277109],[-84.650189,39.277511],[-84.650631,39.277961],[-84.649799,39.278581],[-84.649009,39.277934]]]}},{"type":"Feature","properties":{"pid":"051003100040"},"geometry":{"type":"Polygon","coordinates":[[[-84.651763,39.275111],[-84.652081,39.275816],[-84.651003,39.276217],[-84.650456,39.275701],[-84.651531,39.275014],[-84.651763,39.275111]]]}},{"type":"Feature","properties":{"pid":"051003100044"},"geometry":{"type":"Polygon","coordinates":[[[-84.653868,39.278235],[-84.652395,39.278143],[-84.652325,39.277466],[-84.652388,39.277441],[-84.653643,39.277519],[-84.653868,39.278235]]]}},{"type":"Feature","properties":{"pid":"051003100045"},"geometry":{"type":"Polygon","coordinates":[[[-84.650862,39.27627],[-84.651169,39.276988],[-84.650241,39.277228],[-84.650168,39.277064],[-84.649765,39.276757],[-84.649749,39.276266],[-84.649687,39.276127],[-84.64992,39.276621],[-84.650862,39.27627]]]}},{"type":"Feature","properties":{"pid":"051003100046"},"geometry":{"type":"Polygon","coordinates":[[[-84.650241,39.277228],[-84.651169,39.276988],[-84.651512,39.277791],[-84.650686,39.277882],[-84.650266,39.277484],[-84.650225,39.277186],[-84.65016,39.277069],[-84.649755,39.27676],[-84.649739,39.276267],[-84.649677,39.27613],[-84.649749,39.276266],[-84.649765,39.276757],[-84.650168,39.277064],[-84.650221,39.277142],[-84.650241,39.277228]]]}},{"type":"Feature","properties":{"pid":"051003100047"},"geometry":{"type":"Polygon","coordinates":[[[-84.649728,39.276269],[-84.649677,39.27613],[-84.649739,39.276267],[-84.649755,39.27676],[-84.65016,39.277069],[-84.650225,39.277186],[-84.650266,39.277484],[-84.650686,39.277882],[-84.651512,39.277791],[-84.652325,39.277466],[-84.652395,39.278143],[-84.652358,39.278505],[-84.652174,39.278609],[-84.651273,39.277872],[-84.650728,39.277932],[-84.650256,39.277487],[-84.650215,39.277187],[-84.650151,39.277074],[-84.649744,39.276764],[-84.649728,39.276269]]]}},{"type":"Feature","properties":{"pid":"051003100048"},"geometry":{"type":"Polygon","coordinates":[[[-84.649744,39.276764],[-84.650151,39.277074],[-84.650215,39.277187],[-84.650256,39.277487],[-84.650728,39.277932],[-84.651273,39.277872],[-84.652174,39.278609],[-84.651742,39.278854],[-84.650689,39.277993],[-84.65074,39.277956],[-84.650247,39.277491],[-84.650171,39.277113],[-84.649734,39.276767],[-84.649718,39.27627],[-84.649667,39.276133],[-84.649728,39.276269],[-84.649744,39.276764]]]}},{"type":"Feature","properties":{"pid":"051003100049"},"geometry":{"type":"Polygon","coordinates":[[[-84.650298,39.27827],[-84.650725,39.277955],[-84.650295,39.277564],[-84.650237,39.277494],[-84.650206,39.277414],[-84.650194,39.27719],[-84.650134,39.277084],[-84.649723,39.276771],[-84.649707,39.276272],[-84.649657,39.276136],[-84.649718,39.27627],[-84.649734,39.276767],[-84.650109,39.277049],[-84.650171,39.277113],[-84.650204,39.277188],[-84.650217,39.277413],[-84.650272,39.277526],[-84.65074,39.277956],[-84.650689,39.277993],[-84.651742,39.278854],[-84.65131,39.279099],[-84.650298,39.27827]]]}},{"type":"Feature","properties":{"pid":"051003100050"},"geometry":{"type":"Polygon","coordinates":[[[-84.649713,39.276774],[-84.649696,39.276273],[-84.649648,39.276139],[-84.649707,39.276272],[-84.649723,39.276771],[-84.650134,39.277084],[-84.650194,39.27719],[-84.650237,39.277494],[-84.650725,39.277955],[-84.650298,39.27827],[-84.65131,39.279099],[-84.650864,39.279351],[-84.649894,39.278557],[-84.65071,39.277954],[-84.650227,39.277498],[-84.650126,39.277089],[-84.649713,39.276774]]]}},{"type":"Feature","properties":{"pid":"051003100051"},"geometry":{"type":"Polygon","coordinates":[[[-84.649713,39.276774],[-84.650152,39.277121],[-84.650183,39.277191],[-84.650227,39.277498],[-84.65071,39.277954],[-84.649894,39.278557],[-84.650864,39.279351],[-84.650389,39.279621],[-84.649463,39.278863],[-84.650696,39.277954],[-84.650218,39.277501],[-84.650118,39.277094],[-84.649702,39.276778],[-84.649686,39.276275],[-84.649638,39.276142],[-84.649696,39.276273],[-84.649713,39.276774]]]}},{"type":"Feature","properties":{"pid":"051003100052"},"geometry":{"type":"Polygon","coordinates":[[[-84.649507,39.278911],[-84.649448,39.278863],[-84.650681,39.277953],[-84.650271,39.27758],[-84.650208,39.277504],[-84.650175,39.277418],[-84.650162,39.277194],[-84.650109,39.277099],[-84.649692,39.276781],[-84.649675,39.276276],[-84.649628,39.276145],[-84.649686,39.276275],[-84.649702,39.276778],[-84.650118,39.277094],[-84.650173,39.277193],[-84.650218,39.277501],[-84.650696,39.277954],[-84.649463,39.278863],[-84.650389,39.279621],[-84.649882,39.279908],[-84.649064,39.279238],[-84.649507,39.278911]]]}},{"type":"Feature","properties":{"pid":"051003100053"},"geometry":{"type":"Polygon","coordinates":[[[-84.650262,39.277586],[-84.650177,39.277465],[-84.650124,39.277132],[-84.649681,39.276785],[-84.649665,39.276278],[-84.649618,39.276148],[-84.649675,39.276276],[-84.649692,39.276781],[-84.650109,39.277099],[-84.650162,39.277194],[-84.650208,39.277504],[-84.650681,39.277953],[-84.649448,39.278863],[-84.649507,39.278911],[-84.649064,39.279238],[-84.649882,39.279908],[-84.649344,39.280213],[-84.648755,39.279731],[-84.648655,39.279482],[-84.649463,39.278887],[-84.649433,39.278863],[-84.650667,39.277953],[-84.650262,39.277586]]]}},{"type":"Feature","properties":{"pid":"051003100054"},"geometry":{"type":"Polygon","coordinates":[[[-84.650254,39.277591],[-84.650167,39.277467],[-84.650114,39.277136],[-84.649672,39.27679],[-84.649636,39.276518],[-84.649257,39.276258],[-84.649608,39.276151],[-84.649665,39.276278],[-84.649681,39.276785],[-84.650101,39.277104],[-84.650152,39.277195],[-84.650199,39.277508],[-84.650667,39.277953],[-84.648655,39.279482],[-84.648755,39.279731],[-84.649344,39.280213],[-84.649014,39.280399],[-84.647712,39.279635],[-84.647784,39.278937],[-84.648638,39.279438],[-84.650623,39.277972],[-84.650621,39.277924],[-84.650254,39.277591]]]}},{"type":"Feature","properties":{"pid":"051002700078"},"geometry":{"type":"Polygon","coordinates":[[[-84.641908,39.284542],[-84.641834,39.284498],[-84.641898,39.28339],[-84.644194,39.282672],[-84.644131,39.28382],[-84.643755,39.283792],[-84.641937,39.283987],[-84.641908,39.284542]]]}},{"type":"Feature","properties":{"pid":"051002700133"},"geometry":{"type":"Polygon","coordinates":[[[-84.642139,39.285068],[-84.64213,39.284671],[-84.641908,39.284542],[-84.641937,39.283987],[-84.643755,39.283792],[-84.644131,39.28382],[-84.644066,39.285034],[-84.642139,39.285068]]]}},{"type":"Feature","properties":{"pid":"051003000016"},"geometry":{"type":"Polygon","coordinates":[[[-84.653776,39.283774],[-84.650631,39.283615],[-84.650908,39.282338],[-84.653265,39.282484],[-84.653229,39.282903],[-84.654287,39.28296],[-84.654321,39.282548],[-84.654603,39.282566],[-84.654637,39.283601],[-84.654537,39.284504],[-84.654104,39.284479],[-84.654221,39.283849],[-84.653776,39.283774]]]}},{"type":"Feature","properties":{"pid":"051003000037"},"geometry":{"type":"Polygon","coordinates":[[[-84.650631,39.283615],[-84.653776,39.283774],[-84.654221,39.283849],[-84.654104,39.284479],[-84.65049,39.284263],[-84.650631,39.283615]]]}},{"type":"Feature","properties":{"pid":"051003000041"},"geometry":{"type":"Polygon","coordinates":[[[-84.643875,39.288569],[-84.644131,39.28382],[-84.645926,39.283945],[-84.645701,39.288636],[-84.644865,39.288721],[-84.643875,39.288569]]]}},{"type":"Feature","properties":{"pid":"051003100019"},"geometry":{"type":"Polygon","coordinates":[[[-84.647912,39.277688],[-84.647976,39.277072],[-84.648696,39.276962],[-84.648474,39.277297],[-84.647988,39.277676],[-84.647912,39.277688]]]}},{"type":"Feature","properties":{"pid":"051003300016"},"geometry":{"type":"Polygon","coordinates":[[[-84.648918,39.248734],[-84.64865,39.24805],[-84.649456,39.247898],[-84.649561,39.247795],[-84.649554,39.248131],[-84.650075,39.248137],[-84.650068,39.248391],[-84.648918,39.248734]]]}},{"type":"Feature","properties":{"pid":"051003300035"},"geometry":{"type":"Polygon","coordinates":[[[-84.650075,39.248137],[-84.649554,39.248131],[-84.649564,39.247542],[-84.6501,39.247234],[-84.650075,39.248137]]]}},{"type":"Feature","properties":{"pid":"051003300136"},"geometry":{"type":"Polygon","coordinates":[[[-84.65131,39.249402],[-84.65078,39.249725],[-84.650648,39.249946],[-84.650633,39.25013],[-84.650763,39.250576],[-84.650934,39.250901],[-84.65106,39.251001],[-84.65123,39.251019],[-84.651311,39.25129],[-84.651742,39.25201],[-84.651844,39.252438],[-84.649954,39.252379],[-84.65008,39.247936],[-84.651349,39.248033],[-84.65131,39.249402]]]}},{"type":"Feature","properties":{"pid":"051002700139"},"geometry":{"type":"Polygon","coordinates":[[[-84.641691,39.284446],[-84.641848,39.281363],[-84.644267,39.281327],[-84.641847,39.282915],[-84.641765,39.284467],[-84.641691,39.284446]]]}},{"type":"Feature","properties":{"pid":"051002700138"},"geometry":{"type":"Polygon","coordinates":[[[-84.641765,39.284467],[-84.641847,39.282915],[-84.644267,39.281327],[-84.644194,39.282672],[-84.641898,39.28339],[-84.641834,39.284498],[-84.641765,39.284467]]]}},{"type":"Feature","properties":{"pid":"051003100039"},"geometry":{"type":"Polygon","coordinates":[[[-84.652272,39.276535],[-84.652524,39.277408],[-84.653629,39.277477],[-84.653643,39.277519],[-84.652388,39.277441],[-84.651512,39.277791],[-84.651161,39.276969],[-84.652272,39.276535]]]}},{"type":"Feature","properties":{"pid":"051003000048"},"geometry":{"type":"Polygon","coordinates":[[[-84.647497,39.284055],[-84.647409,39.286072],[-84.647267,39.286068],[-84.647148,39.288625],[-84.647038,39.28864],[-84.647182,39.286135],[-84.646352,39.286113],[-84.646468,39.283983],[-84.647497,39.284055]]]}},{"type":"Feature","properties":{"pid":"051003000050"},"geometry":{"type":"Polygon","coordinates":[[[-84.647497,39.284055],[-84.648434,39.28412],[-84.648345,39.286151],[-84.647336,39.286125],[-84.64722,39.288616],[-84.647148,39.288625],[-84.647267,39.286068],[-84.647409,39.286072],[-84.647497,39.284055]]]}},{"type":"Feature","properties":{"pid":"051003000051"},"geometry":{"type":"Polygon","coordinates":[[[-84.648434,39.28412],[-84.649362,39.284184],[-84.649272,39.286231],[-84.647404,39.286181],[-84.647291,39.288607],[-84.64722,39.288616],[-84.647336,39.286125],[-84.648345,39.286151],[-84.648434,39.28412]]]}},{"type":"Feature","properties":{"pid":"051003000045"},"geometry":{"type":"Polygon","coordinates":[[[-84.649362,39.284184],[-84.65049,39.284263],[-84.6504,39.286316],[-84.647472,39.286238],[-84.647352,39.288599],[-84.647291,39.288607],[-84.647404,39.286181],[-84.649272,39.286231],[-84.649362,39.284184]]]}},{"type":"Feature","properties":{"pid":"051003000020"},"geometry":{"type":"Polygon","coordinates":[[[-84.654321,39.282548],[-84.650908,39.282338],[-84.650958,39.281722],[-84.654372,39.281932],[-84.654321,39.282548]]]}},{"type":"Feature","properties":{"pid":"051003200110"},"geometry":{"type":"Polygon","coordinates":[[[-84.650405,39.252393],[-84.650551,39.253474],[-84.650347,39.253956],[-84.649831,39.254421],[-84.64981,39.255266],[-84.64974,39.255272],[-84.649761,39.254401],[-84.650284,39.253928],[-84.650473,39.253481],[-84.648647,39.253429],[-84.648674,39.252349],[-84.650405,39.252393]]]}},{"type":"Feature","properties":{"pid":"051003200036"},"geometry":{"type":"Polygon","coordinates":[[[-84.650405,39.252393],[-84.651844,39.252438],[-84.651921,39.252762],[-84.65048,39.252705],[-84.650405,39.252393]]]}},{"type":"Feature","properties":{"pid":"051003100022"},"geometry":{"type":"Polygon","coordinates":[[[-84.649597,39.276635],[-84.64958,39.27731],[-84.649414,39.277567],[-84.649009,39.277934],[-84.649799,39.278581],[-84.648638,39.279438],[-84.647784,39.278937],[-84.647912,39.277688],[-84.647988,39.277676],[-84.648474,39.277297],[-84.648696,39.276962],[-84.648766,39.27628],[-84.649122,39.276181],[-84.649318,39.276393],[-84.649491,39.276463],[-84.649597,39.276635]]]}},{"type":"Feature","properties":{"pid":"051003300062"},"geometry":{"type":"Polygon","coordinates":[[[-84.652232,39.251136],[-84.651356,39.251091],[-84.651344,39.250886],[-84.651412,39.250688],[-84.651553,39.250514],[-84.651754,39.250382],[-84.652232,39.251136]]]}},{"type":"Feature","properties":{"pid":"051003100002"},"geometry":{"type":"Polygon","coordinates":[[[-84.65507,39.280027],[-84.65474,39.280107],[-84.654201,39.27933],[-84.653868,39.278235],[-84.655759,39.278314],[-84.65507,39.280027]]]}},{"type":"Feature","properties":{"pid":"051003300121"},"geometry":{"type":"Polygon","coordinates":[[[-84.651546,39.251671],[-84.652223,39.251443],[-84.652182,39.252463],[-84.651844,39.252438],[-84.65178,39.252107],[-84.651546,39.251671]]]}},{"type":"Feature","properties":{"pid":"051003300012"},"geometry":{"type":"Polygon","coordinates":[[[-84.652223,39.251443],[-84.651546,39.251671],[-84.651242,39.251098],[-84.652232,39.251136],[-84.652223,39.251443]]]}},{"type":"Feature","properties":{"pid":"051003100020"},"geometry":{"type":"Polygon","coordinates":[[[-84.649821,39.276399],[-84.649651,39.27602],[-84.649916,39.275939],[-84.650389,39.275637],[-84.650807,39.276032],[-84.649821,39.276399]]]}},{"type":"Feature","properties":{"pid":"051003300138"},"geometry":{"type":"Polygon","coordinates":[[[-84.650934,39.250901],[-84.650721,39.250465],[-84.650635,39.250007],[-84.650699,39.24983],[-84.65083,39.249678],[-84.65131,39.249402],[-84.651349,39.248033],[-84.653035,39.248162],[-84.653754,39.248689],[-84.653177,39.249594],[-84.653256,39.249716],[-84.651605,39.250374],[-84.651315,39.25066],[-84.65123,39.251019],[-84.65106,39.251001],[-84.650934,39.250901]]]}},{"type":"Feature","properties":{"pid":"051003300070"},"geometry":{"type":"Polygon","coordinates":[[[-84.654722,39.250696],[-84.653965,39.249508],[-84.654358,39.249264],[-84.654754,39.249559],[-84.654722,39.250696]]]}},{"type":"Feature","properties":{"pid":"051001900230"},"geometry":{"type":"Polygon","coordinates":[[[-84.619425,39.242456],[-84.619492,39.241415],[-84.621217,39.241547],[-84.621128,39.241714],[-84.620511,39.241911],[-84.619425,39.242456]]]}},{"type":"Feature","properties":{"pid":"051002700156"},"geometry":{"type":"Polygon","coordinates":[[[-84.633102,39.289125],[-84.633108,39.288598],[-84.634102,39.288605],[-84.634121,39.289132],[-84.633102,39.289125]]]}},{"type":"Feature","properties":{"pid":"051002600015"},"geometry":{"type":"Polygon","coordinates":[[[-84.634348,39.274947],[-84.634621,39.27186],[-84.638024,39.271816],[-84.635258,39.272603],[-84.634877,39.273423],[-84.634544,39.273517],[-84.634413,39.274994],[-84.634348,39.274947]]]}},{"type":"Feature","properties":{"pid":"051001830030"},"geometry":{"type":"Polygon","coordinates":[[[-84.610686,39.252351],[-84.610714,39.252105],[-84.612811,39.252263],[-84.612795,39.252455],[-84.610686,39.252351]]]}},{"type":"Feature","properties":{"pid":"051001830057"},"geometry":{"type":"Polygon","coordinates":[[[-84.612631,39.253162],[-84.611887,39.253126],[-84.611912,39.25282],[-84.612653,39.252888],[-84.612631,39.253162]]]}},{"type":"Feature","properties":{"pid":"051001830058"},"geometry":{"type":"Polygon","coordinates":[[[-84.612653,39.252888],[-84.611912,39.25282],[-84.61181,39.252702],[-84.612138,39.252591],[-84.612676,39.252614],[-84.612653,39.252888]]]}},{"type":"Feature","properties":{"pid":"051001830059"},"geometry":{"type":"Polygon","coordinates":[[[-84.61263,39.25317],[-84.612626,39.253217],[-84.611535,39.253163],[-84.611441,39.252855],[-84.61181,39.252702],[-84.611912,39.25282],[-84.611887,39.253126],[-84.61263,39.25317]]]}},{"type":"Feature","properties":{"pid":"051002700096"},"geometry":{"type":"Polygon","coordinates":[[[-84.62514,39.287941],[-84.625198,39.286783],[-84.625991,39.287524],[-84.62514,39.287941]]]}},{"type":"Feature","properties":{"pid":"051002700193"},"geometry":{"type":"Polygon","coordinates":[[[-84.637007,39.295814],[-84.636506,39.29537],[-84.637019,39.294972],[-84.63751,39.295414],[-84.637007,39.295814]]]}},{"type":"Feature","properties":{"pid":"051002700194"},"geometry":{"type":"Polygon","coordinates":[[[-84.637926,39.295437],[-84.63751,39.295414],[-84.637019,39.294972],[-84.637382,39.29478],[-84.63781,39.294671],[-84.637926,39.295437]]]}},{"type":"Feature","properties":{"pid":"051002700197"},"geometry":{"type":"Polygon","coordinates":[[[-84.638706,39.295481],[-84.638073,39.295441],[-84.637946,39.294659],[-84.638485,39.294676],[-84.638706,39.295481]]]}},{"type":"Feature","properties":{"pid":"051002700198"},"geometry":{"type":"Polygon","coordinates":[[[-84.638706,39.295481],[-84.638485,39.294676],[-84.638733,39.294747],[-84.63887,39.294703],[-84.639231,39.294726],[-84.639297,39.295518],[-84.638706,39.295481]]]}},{"type":"Feature","properties":{"pid":"051002700209"},"geometry":{"type":"Polygon","coordinates":[[[-84.636636,39.29507],[-84.636002,39.294555],[-84.636435,39.294188],[-84.637005,39.294801],[-84.636636,39.29507]]]}},{"type":"Feature","properties":{"pid":"051002700210"},"geometry":{"type":"Polygon","coordinates":[[[-84.635879,39.295379],[-84.635852,39.294558],[-84.636002,39.294555],[-84.636636,39.29507],[-84.636236,39.295334],[-84.635879,39.295379]]]}},{"type":"Feature","properties":{"pid":"051002700211"},"geometry":{"type":"Polygon","coordinates":[[[-84.635253,39.295388],[-84.635222,39.294569],[-84.635852,39.294558],[-84.635879,39.295379],[-84.635253,39.295388]]]}},{"type":"Feature","properties":{"pid":"051002800136"},"geometry":{"type":"Polygon","coordinates":[[[-84.629713,39.302875],[-84.629648,39.30289],[-84.628677,39.302369],[-84.628431,39.302183],[-84.628274,39.302],[-84.628156,39.301751],[-84.628069,39.301358],[-84.629904,39.302454],[-84.629823,39.302735],[-84.629713,39.302875]]]}},{"type":"Feature","properties":{"pid":"051002800098"},"geometry":{"type":"Polygon","coordinates":[[[-84.631217,39.302323],[-84.630602,39.301733],[-84.630884,39.301541],[-84.631059,39.301357],[-84.631454,39.301447],[-84.631217,39.302323]]]}},{"type":"Feature","properties":{"pid":"051002800099"},"geometry":{"type":"Polygon","coordinates":[[[-84.631374,39.302472],[-84.631217,39.302323],[-84.631454,39.301447],[-84.631973,39.301532],[-84.631713,39.302495],[-84.631374,39.302472]]]}},{"type":"Feature","properties":{"pid":"051002520008"},"geometry":{"type":"Polygon","coordinates":[[[-84.624905,39.264671],[-84.624994,39.263582],[-84.626731,39.262963],[-84.62643,39.261669],[-84.625995,39.261232],[-84.626024,39.261213],[-84.626461,39.261654],[-84.626549,39.261903],[-84.626685,39.262741],[-84.626927,39.263375],[-84.626876,39.263982],[-84.626759,39.264023],[-84.626089,39.263991],[-84.625022,39.264365],[-84.624998,39.264639],[-84.624905,39.264671]]]}},{"type":"Feature","properties":{"pid":"051002520009"},"geometry":{"type":"Polygon","coordinates":[[[-84.628848,39.262866],[-84.626847,39.262764],[-84.626693,39.261903],[-84.626584,39.261599],[-84.626131,39.26114],[-84.626158,39.261121],[-84.62662,39.26159],[-84.626673,39.261747],[-84.628949,39.261888],[-84.628848,39.262866]]]}},{"type":"Feature","properties":{"pid":"051002520001"},"geometry":{"type":"Polygon","coordinates":[[[-84.627437,39.266935],[-84.627534,39.264385],[-84.626962,39.263872],[-84.626998,39.263364],[-84.626755,39.262739],[-84.626624,39.261897],[-84.626531,39.261637],[-84.626077,39.261176],[-84.626102,39.261159],[-84.626562,39.261621],[-84.626655,39.261888],[-84.626793,39.262739],[-84.627034,39.263365],[-84.627005,39.263723],[-84.627257,39.263944],[-84.628737,39.264024],[-84.628444,39.266928],[-84.627437,39.266935]]]}},{"type":"Feature","properties":{"pid":"051002520002"},"geometry":{"type":"Polygon","coordinates":[[[-84.627437,39.266935],[-84.626132,39.266944],[-84.626304,39.265066],[-84.626704,39.264508],[-84.626884,39.26437],[-84.626966,39.263377],[-84.626722,39.26274],[-84.626585,39.261909],[-84.626495,39.261643],[-84.626053,39.261193],[-84.626077,39.261176],[-84.626531,39.261637],[-84.626624,39.261897],[-84.626755,39.262739],[-84.626998,39.263364],[-84.626962,39.263872],[-84.627534,39.264385],[-84.627437,39.266935]]]}},{"type":"Feature","properties":{"pid":"051002520003"},"geometry":{"type":"Polygon","coordinates":[[[-84.625119,39.266951],[-84.625166,39.266391],[-84.624849,39.266395],[-84.624998,39.264639],[-84.626876,39.263982],[-84.626927,39.263375],[-84.626685,39.262741],[-84.626549,39.261903],[-84.626461,39.261654],[-84.626024,39.261213],[-84.626053,39.261193],[-84.626495,39.261643],[-84.626585,39.261909],[-84.626722,39.26274],[-84.626966,39.263377],[-84.62689,39.264294],[-84.626594,39.264515],[-84.626304,39.265066],[-84.626132,39.266944],[-84.625119,39.266951]]]}},{"type":"Feature","properties":{"pid":"051002520007"},"geometry":{"type":"Polygon","coordinates":[[[-84.628737,39.264024],[-84.627257,39.263944],[-84.627005,39.263723],[-84.627034,39.263365],[-84.626793,39.262739],[-84.626655,39.261888],[-84.626562,39.261621],[-84.626102,39.261159],[-84.626131,39.26114],[-84.626584,39.261599],[-84.626693,39.261903],[-84.626847,39.262764],[-84.628848,39.262866],[-84.628737,39.264024]]]}},{"type":"Feature","properties":{"pid":"051002520012"},"geometry":{"type":"Polygon","coordinates":[[[-84.624994,39.263577],[-84.625127,39.262262],[-84.626115,39.262126],[-84.626479,39.261913],[-84.626397,39.261687],[-84.625995,39.261232],[-84.62643,39.261669],[-84.626731,39.262963],[-84.624994,39.263577]]]}},{"type":"Feature","properties":{"pid":"051002400181"},"geometry":{"type":"Polygon","coordinates":[[[-84.633261,39.24052],[-84.630672,39.240468],[-84.630697,39.240415],[-84.629192,39.240384],[-84.62923,39.239963],[-84.630366,39.239772],[-84.631183,39.239984],[-84.63328,39.240032],[-84.633261,39.24052]]]}},{"type":"Feature","properties":{"pid":"051002400178"},"geometry":{"type":"Polygon","coordinates":[[[-84.633235,39.239972],[-84.631209,39.239929],[-84.630365,39.239714],[-84.629112,39.239923],[-84.629057,39.239904],[-84.630375,39.239686],[-84.631211,39.2399],[-84.632118,39.239919],[-84.632205,39.237645],[-84.632896,39.23766],[-84.632872,39.238973],[-84.633272,39.238977],[-84.633235,39.239972]]]}},{"type":"Feature","properties":{"pid":"051002400027"},"geometry":{"type":"Polygon","coordinates":[[[-84.628628,39.239761],[-84.628736,39.239154],[-84.629286,39.239214],[-84.629286,39.239372],[-84.629403,39.239384],[-84.629335,39.239778],[-84.628892,39.239849],[-84.628628,39.239761]]]}},{"type":"Feature","properties":{"pid":"051002400028"},"geometry":{"type":"Polygon","coordinates":[[[-84.628624,39.23976],[-84.626786,39.239191],[-84.626834,39.23912],[-84.62662,39.239097],[-84.627019,39.238531],[-84.62929,39.238576],[-84.629286,39.239214],[-84.628736,39.239154],[-84.628624,39.23976]]]}},{"type":"Feature","properties":{"pid":"051002400129"},"geometry":{"type":"Polygon","coordinates":[[[-84.63375,39.250844],[-84.63383,39.249488],[-84.63521,39.249594],[-84.635146,39.249742],[-84.634749,39.250236],[-84.634641,39.250818],[-84.63375,39.250844]]]}},{"type":"Feature","properties":{"pid":"051002300182"},"geometry":{"type":"Polygon","coordinates":[[[-84.637066,39.236276],[-84.63691,39.236215],[-84.63756,39.235206],[-84.63772,39.235263],[-84.637066,39.236276]]]}},{"type":"Feature","properties":{"pid":"051001830062"},"geometry":{"type":"Polygon","coordinates":[[[-84.610686,39.252351],[-84.61125,39.252379],[-84.611219,39.252756],[-84.611456,39.252738],[-84.611883,39.252535],[-84.612074,39.252486],[-84.612685,39.252505],[-84.61268,39.252559],[-84.612085,39.25254],[-84.611503,39.252783],[-84.611137,39.252807],[-84.610653,39.252666],[-84.610686,39.252351]]]}},{"type":"Feature","properties":{"pid":"051001830063"},"geometry":{"type":"Polygon","coordinates":[[[-84.611518,39.252718],[-84.611219,39.252756],[-84.61125,39.252379],[-84.612689,39.25245],[-84.612685,39.252505],[-84.612009,39.252497],[-84.611518,39.252718]]]}},{"type":"Feature","properties":{"pid":"051002300179"},"geometry":{"type":"Polygon","coordinates":[[[-84.636592,39.23609],[-84.636602,39.235738],[-84.636823,39.235395],[-84.637043,39.235058],[-84.637226,39.23511],[-84.636592,39.23609]]]}},{"type":"Feature","properties":{"pid":"051002300181"},"geometry":{"type":"Polygon","coordinates":[[[-84.63691,39.236215],[-84.63675,39.236152],[-84.637393,39.235157],[-84.63756,39.235206],[-84.63691,39.236215]]]}},{"type":"Feature","properties":{"pid":"051001600252"},"geometry":{"type":"Polygon","coordinates":[[[-84.614326,39.293716],[-84.614958,39.29334],[-84.615156,39.292354],[-84.615209,39.29236],[-84.614983,39.293482],[-84.615295,39.293805],[-84.614834,39.294244],[-84.614326,39.293716]]]}},{"type":"Feature","properties":{"pid":"051001600253"},"geometry":{"type":"Polygon","coordinates":[[[-84.615039,39.293471],[-84.615261,39.292367],[-84.615313,39.292373],[-84.615166,39.293106],[-84.615763,39.293178],[-84.615667,39.294123],[-84.615039,39.293471]]]}},{"type":"Feature","properties":{"pid":"051002700008"},"geometry":{"type":"Polygon","coordinates":[[[-84.629601,39.292561],[-84.629709,39.290616],[-84.630417,39.290616],[-84.630309,39.292542],[-84.629601,39.292561]]]}},{"type":"Feature","properties":{"pid":"051002700160"},"geometry":{"type":"Polygon","coordinates":[[[-84.626812,39.293599],[-84.624855,39.293536],[-84.624884,39.292989],[-84.626841,39.29305],[-84.626812,39.293599]]]}},{"type":"Feature","properties":{"pid":"051002700163"},"geometry":{"type":"Polygon","coordinates":[[[-84.637102,39.286905],[-84.637046,39.285314],[-84.638293,39.285288],[-84.638316,39.285881],[-84.642159,39.285798],[-84.64216,39.285829],[-84.638316,39.285909],[-84.638352,39.286861],[-84.637102,39.286905]]]}},{"type":"Feature","properties":{"pid":"051002700234"},"geometry":{"type":"Polygon","coordinates":[[[-84.635373,39.290285],[-84.634869,39.288297],[-84.634233,39.288311],[-84.634201,39.28741],[-84.634714,39.287399],[-84.63544,39.290264],[-84.635373,39.290285]]]}},{"type":"Feature","properties":{"pid":"051002700236"},"geometry":{"type":"Polygon","coordinates":[[[-84.620111,39.295285],[-84.619857,39.294909],[-84.620782,39.294555],[-84.621024,39.294937],[-84.620111,39.295285]]]}},{"type":"Feature","properties":{"pid":"051002700238"},"geometry":{"type":"Polygon","coordinates":[[[-84.619808,39.294836],[-84.620735,39.294481],[-84.620494,39.294099],[-84.621397,39.293754],[-84.621662,39.294173],[-84.619832,39.294872],[-84.619808,39.294836]]]}},{"type":"Feature","properties":{"pid":"051002700239"},"geometry":{"type":"Polygon","coordinates":[[[-84.619805,39.294832],[-84.619655,39.294603],[-84.620162,39.29441],[-84.620066,39.294263],[-84.620494,39.294099],[-84.620735,39.294481],[-84.619805,39.294832]]]}},{"type":"Feature","properties":{"pid":"051002700241"},"geometry":{"type":"Polygon","coordinates":[[[-84.623038,39.296053],[-84.623096,39.295507],[-84.623196,39.295513],[-84.62344,39.295278],[-84.623795,39.295462],[-84.624141,39.295775],[-84.623626,39.296119],[-84.623038,39.296053]]]}},{"type":"Feature","properties":{"pid":"051002700244"},"geometry":{"type":"Polygon","coordinates":[[[-84.622269,39.296003],[-84.622328,39.295457],[-84.623096,39.295507],[-84.623038,39.296053],[-84.622269,39.296003]]]}},{"type":"Feature","properties":{"pid":"051002700246"},"geometry":{"type":"Polygon","coordinates":[[[-84.622216,39.295999],[-84.622279,39.295412],[-84.623172,39.29547],[-84.623783,39.294882],[-84.623289,39.294437],[-84.622529,39.293321],[-84.624914,39.292419],[-84.624897,39.292737],[-84.623356,39.294434],[-84.623852,39.294882],[-84.623196,39.295513],[-84.622328,39.295457],[-84.622269,39.296003],[-84.622216,39.295999]]]}},{"type":"Feature","properties":{"pid":"051002700248"},"geometry":{"type":"Polygon","coordinates":[[[-84.621436,39.295941],[-84.62106,39.295878],[-84.620492,39.295701],[-84.620111,39.295286],[-84.621469,39.294767],[-84.621628,39.295245],[-84.621436,39.295941]]]}},{"type":"Feature","properties":{"pid":"051002700252"},"geometry":{"type":"Polygon","coordinates":[[[-84.633159,39.286016],[-84.63461,39.285986],[-84.634689,39.287399],[-84.633153,39.287432],[-84.633159,39.286016]]]}},{"type":"Feature","properties":{"pid":"051002600142"},"geometry":{"type":"Polygon","coordinates":[[[-84.631708,39.271727],[-84.631705,39.271299],[-84.6287,39.271311],[-84.628963,39.270962],[-84.632923,39.270926],[-84.632871,39.271722],[-84.631708,39.271727]]]}},{"type":"Feature","properties":{"pid":"051002600172"},"geometry":{"type":"Polygon","coordinates":[[[-84.63684,39.270217],[-84.636928,39.268245],[-84.638158,39.268487],[-84.638783,39.269022],[-84.63684,39.270217]]]}},{"type":"Feature","properties":{"pid":"051002400225"},"geometry":{"type":"Polygon","coordinates":[[[-84.634589,39.246936],[-84.634096,39.24681],[-84.634052,39.24723],[-84.634076,39.246788],[-84.634603,39.246922],[-84.634823,39.247162],[-84.635347,39.246984],[-84.635365,39.246573],[-84.635639,39.246563],[-84.636245,39.246702],[-84.63626,39.247292],[-84.635078,39.247467],[-84.634589,39.246936]]]}},{"type":"Feature","properties":{"pid":"051002700213"},"geometry":{"type":"Polygon","coordinates":[[[-84.634545,39.295398],[-84.633904,39.295296],[-84.633872,39.294602],[-84.634518,39.294586],[-84.634545,39.295398]]]}},{"type":"Feature","properties":{"pid":"051002600253"},"geometry":{"type":"Polygon","coordinates":[[[-84.630498,39.274766],[-84.630246,39.273914],[-84.630931,39.273765],[-84.63119,39.274642],[-84.630498,39.274766]]]}},{"type":"Feature","properties":{"pid":"051002600254"},"geometry":{"type":"Polygon","coordinates":[[[-84.63119,39.274642],[-84.630931,39.273765],[-84.631647,39.273828],[-84.631533,39.274609],[-84.63119,39.274642]]]}},{"type":"Feature","properties":{"pid":"051002600260"},"geometry":{"type":"Polygon","coordinates":[[[-84.624518,39.272336],[-84.624692,39.27079],[-84.625456,39.270395],[-84.626029,39.269934],[-84.625793,39.272083],[-84.624646,39.272088],[-84.624609,39.272426],[-84.624518,39.272336]]]}},{"type":"Feature","properties":{"pid":"051003200001"},"geometry":{"type":"Polygon","coordinates":[[[-84.651708,39.266911],[-84.650702,39.266847],[-84.651287,39.265877],[-84.651987,39.266186],[-84.651708,39.266911]]]}},{"type":"Feature","properties":{"pid":"051003200107"},"geometry":{"type":"Polygon","coordinates":[[[-84.6505,39.254795],[-84.650552,39.254606],[-84.650985,39.254178],[-84.651531,39.25432],[-84.651326,39.254804],[-84.650992,39.254719],[-84.650899,39.254897],[-84.6505,39.254795]]]}},{"type":"Feature","properties":{"pid":"051003200129"},"geometry":{"type":"Polygon","coordinates":[[[-84.647443,39.257339],[-84.646572,39.256274],[-84.646466,39.255648],[-84.647406,39.255552],[-84.647547,39.256386],[-84.648527,39.257414],[-84.647443,39.257339]]]}},{"type":"Feature","properties":{"pid":"051003200136"},"geometry":{"type":"Polygon","coordinates":[[[-84.650069,39.256226],[-84.650097,39.255299],[-84.650436,39.255268],[-84.651725,39.255664],[-84.652135,39.255749],[-84.651502,39.257614],[-84.650069,39.256226]]]}},{"type":"Feature","properties":{"pid":"051001910100"},"geometry":{"type":"Polygon","coordinates":[[[-84.6113,39.251034],[-84.609181,39.250794],[-84.60927,39.249509],[-84.609952,39.248587],[-84.611075,39.247469],[-84.611638,39.246761],[-84.6113,39.251034]]]}},{"type":"Feature","properties":{"pid":"051002400220"},"geometry":{"type":"Polygon","coordinates":[[[-84.634485,39.247551],[-84.634072,39.247245],[-84.634096,39.24681],[-84.634589,39.246936],[-84.635078,39.247467],[-84.634485,39.247551]]]}},{"type":"Feature","properties":{"pid":"051002400227"},"geometry":{"type":"Polygon","coordinates":[[[-84.634037,39.247218],[-84.634078,39.246362],[-84.634944,39.246589],[-84.635365,39.246573],[-84.635347,39.246984],[-84.634823,39.247162],[-84.634603,39.246922],[-84.634076,39.246788],[-84.634037,39.247218]]]}},{"type":"Feature","properties":{"pid":"051002410014"},"geometry":{"type":"Polygon","coordinates":[[[-84.635794,39.249934],[-84.635795,39.249543],[-84.635313,39.249451],[-84.635334,39.249411],[-84.636494,39.249415],[-84.636491,39.24995],[-84.635794,39.249934]]]}},{"type":"Feature","properties":{"pid":"051002410016"},"geometry":{"type":"Polygon","coordinates":[[[-84.636789,39.252147],[-84.63497,39.252169],[-84.635003,39.251852],[-84.634755,39.251617],[-84.634718,39.251433],[-84.635373,39.251425],[-84.635361,39.250826],[-84.636855,39.250807],[-84.636789,39.252147]]]}},{"type":"Feature","properties":{"pid":"051002410044"},"geometry":{"type":"Polygon","coordinates":[[[-84.639651,39.250375],[-84.635922,39.250015],[-84.635146,39.249742],[-84.635165,39.249721],[-84.635794,39.249934],[-84.636491,39.24995],[-84.636494,39.249415],[-84.63969,39.24941],[-84.639651,39.250375]]]}},{"type":"Feature","properties":{"pid":"051002400223"},"geometry":{"type":"Polygon","coordinates":[[[-84.634011,39.2472],[-84.634088,39.245787],[-84.634612,39.24563],[-84.63484,39.24608],[-84.634944,39.246589],[-84.634078,39.246362],[-84.634011,39.2472]]]}},{"type":"Feature","properties":{"pid":"051002410036"},"geometry":{"type":"Polygon","coordinates":[[[-84.64157,39.250869],[-84.64141,39.250055],[-84.641454,39.249766],[-84.641522,39.249763],[-84.641788,39.25084],[-84.64157,39.250869]]]}},{"type":"Feature","properties":{"pid":"051002500053"},"geometry":{"type":"Polygon","coordinates":[[[-84.634571,39.265251],[-84.634184,39.265258],[-84.634253,39.264035],[-84.634387,39.264035],[-84.634633,39.264379],[-84.6345,39.264806],[-84.634571,39.265251]]]}},{"type":"Feature","properties":{"pid":"051002400005"},"geometry":{"type":"Polygon","coordinates":[[[-84.630745,39.251079],[-84.628271,39.250167],[-84.626076,39.249064],[-84.626084,39.248981],[-84.627846,39.249666],[-84.62798,39.248372],[-84.630936,39.248413],[-84.630745,39.251079]]]}},{"type":"Feature","properties":{"pid":"051002500227"},"geometry":{"type":"Polygon","coordinates":[[[-84.645163,39.256272],[-84.645186,39.255706],[-84.644851,39.255701],[-84.644847,39.255815],[-84.643998,39.2558],[-84.643766,39.255697],[-84.643991,39.255389],[-84.644858,39.255404],[-84.644851,39.255646],[-84.645258,39.255653],[-84.645239,39.256108],[-84.645163,39.256272]]]}},{"type":"Feature","properties":{"pid":"051002500230"},"geometry":{"type":"Polygon","coordinates":[[[-84.631327,39.261573],[-84.631513,39.259692],[-84.631584,39.259691],[-84.631595,39.259581],[-84.632617,39.259575],[-84.632495,39.260809],[-84.633266,39.261574],[-84.631327,39.261573]]]}},{"type":"Feature","properties":{"pid":"051002510042"},"geometry":{"type":"Polygon","coordinates":[[[-84.630691,39.254088],[-84.630792,39.253433],[-84.631742,39.253487],[-84.63168,39.254144],[-84.630691,39.254088]]]}},{"type":"Feature","properties":{"pid":"051002510068"},"geometry":{"type":"Polygon","coordinates":[[[-84.628743,39.25619],[-84.628498,39.256694],[-84.627907,39.256373],[-84.627971,39.255704],[-84.629878,39.256739],[-84.629837,39.256784],[-84.628743,39.25619]]]}},{"type":"Feature","properties":{"pid":"051002510069"},"geometry":{"type":"Polygon","coordinates":[[[-84.628588,39.256508],[-84.628743,39.25619],[-84.629837,39.256784],[-84.629595,39.257054],[-84.628588,39.256508]]]}},{"type":"Feature","properties":{"pid":"051002510071"},"geometry":{"type":"Polygon","coordinates":[[[-84.628408,39.256879],[-84.628588,39.256508],[-84.629595,39.257054],[-84.629311,39.257369],[-84.628408,39.256879]]]}},{"type":"Feature","properties":{"pid":"051002600042"},"geometry":{"type":"Polygon","coordinates":[[[-84.624532,39.272087],[-84.624445,39.272086],[-84.624939,39.267677],[-84.62501,39.267678],[-84.625086,39.266994],[-84.627429,39.267157],[-84.627188,39.269552],[-84.62607,39.269562],[-84.626029,39.269934],[-84.625456,39.270395],[-84.624692,39.27079],[-84.624532,39.272087]]]}},{"type":"Feature","properties":{"pid":"051002400203"},"geometry":{"type":"Polygon","coordinates":[[[-84.624262,39.244173],[-84.62337,39.244161],[-84.623096,39.243755],[-84.624272,39.243767],[-84.624262,39.244173]]]}},{"type":"Feature","properties":{"pid":"051002400205"},"geometry":{"type":"Polygon","coordinates":[[[-84.632722,39.248438],[-84.631329,39.248419],[-84.631401,39.247321],[-84.63106,39.246691],[-84.630765,39.246516],[-84.630397,39.246502],[-84.631074,39.245792],[-84.630431,39.246493],[-84.630786,39.246508],[-84.631095,39.246694],[-84.631479,39.247418],[-84.632749,39.248179],[-84.632722,39.248438]]]}},{"type":"Feature","properties":{"pid":"051002400222"},"geometry":{"type":"Polygon","coordinates":[[[-84.62307,39.246844],[-84.622881,39.246448],[-84.623625,39.245058],[-84.623497,39.244309],[-84.625909,39.24438],[-84.625849,39.245615],[-84.625187,39.245595],[-84.625125,39.246863],[-84.62307,39.246844]]]}},{"type":"Feature","properties":{"pid":"051002410054"},"geometry":{"type":"Polygon","coordinates":[[[-84.637625,39.252192],[-84.634964,39.252224],[-84.63497,39.252169],[-84.636789,39.252147],[-84.636855,39.250807],[-84.637693,39.250797],[-84.637625,39.252192]]]}},{"type":"Feature","properties":{"pid":"051003300068"},"geometry":{"type":"Polygon","coordinates":[[[-84.654299,39.251269],[-84.653338,39.24976],[-84.653495,39.249698],[-84.654091,39.249705],[-84.654722,39.250696],[-84.654707,39.251292],[-84.654299,39.251269]]]}},{"type":"Feature","properties":{"pid":"051001600053"},"geometry":{"type":"Polygon","coordinates":[[[-84.612235,39.281943],[-84.61323,39.281661],[-84.613351,39.281919],[-84.612356,39.282201],[-84.612235,39.281943]]]}},{"type":"Feature","properties":{"pid":"051001700048"},"geometry":{"type":"Polygon","coordinates":[[[-84.619727,39.272196],[-84.619895,39.270363],[-84.619902,39.270288],[-84.620015,39.270297],[-84.619931,39.271215],[-84.62046,39.271244],[-84.62032,39.272779],[-84.619727,39.272196]]]}},{"type":"Feature","properties":{"pid":"051001700175"},"geometry":{"type":"Polygon","coordinates":[[[-84.619931,39.271215],[-84.620015,39.270297],[-84.620543,39.270334],[-84.62046,39.271244],[-84.619931,39.271215]]]}},{"type":"Feature","properties":{"pid":"051001700179"},"geometry":{"type":"Polygon","coordinates":[[[-84.609539,39.267085],[-84.609645,39.266212],[-84.610305,39.26626],[-84.610186,39.267242],[-84.609539,39.267085]]]}},{"type":"Feature","properties":{"pid":"051001700180"},"geometry":{"type":"Polygon","coordinates":[[[-84.606345,39.27217],[-84.60759,39.272134],[-84.60761,39.272523],[-84.607708,39.272738],[-84.605905,39.272791],[-84.606345,39.27217]]]}},{"type":"Feature","properties":{"pid":"051001810026"},"geometry":{"type":"Polygon","coordinates":[[[-84.618163,39.260151],[-84.618318,39.260143],[-84.619043,39.259431],[-84.619289,39.259958],[-84.61812,39.260662],[-84.618163,39.260151]]]}},{"type":"Feature","properties":{"pid":"051002600230"},"geometry":{"type":"Polygon","coordinates":[[[-84.626408,39.273481],[-84.627203,39.272556],[-84.627774,39.272546],[-84.6287,39.271311],[-84.631705,39.271299],[-84.631707,39.271656],[-84.628466,39.271681],[-84.627797,39.272573],[-84.627224,39.272583],[-84.626436,39.273496],[-84.626408,39.273481]]]}},{"type":"Feature","properties":{"pid":"051003200020"},"geometry":{"type":"Polygon","coordinates":[[[-84.652458,39.25508],[-84.651345,39.254967],[-84.651737,39.254027],[-84.652503,39.254058],[-84.652458,39.25508]]]}},{"type":"Feature","properties":{"pid":"051003200023"},"geometry":{"type":"Polygon","coordinates":[[[-84.647547,39.256386],[-84.647406,39.255552],[-84.648588,39.255431],[-84.648527,39.257414],[-84.647547,39.256386]]]}},{"type":"Feature","properties":{"pid":"051003200077"},"geometry":{"type":"Polygon","coordinates":[[[-84.653545,39.253592],[-84.652023,39.253563],[-84.651934,39.252846],[-84.653572,39.252737],[-84.653545,39.253592]]]}},{"type":"Feature","properties":{"pid":"051003200106"},"geometry":{"type":"Polygon","coordinates":[[[-84.652806,39.25407],[-84.651766,39.254028],[-84.651737,39.254027],[-84.652023,39.253563],[-84.652863,39.253584],[-84.652806,39.25407]]]}},{"type":"Feature","properties":{"pid":"051003200115"},"geometry":{"type":"Polygon","coordinates":[[[-84.652283,39.267362],[-84.651554,39.267312],[-84.651987,39.266186],[-84.652411,39.266373],[-84.652692,39.266641],[-84.652462,39.266762],[-84.652693,39.2672],[-84.652302,39.26721],[-84.652283,39.267362]]]}},{"type":"Feature","properties":{"pid":"051003200116"},"geometry":{"type":"Polygon","coordinates":[[[-84.652725,39.255872],[-84.651725,39.255664],[-84.65113,39.255481],[-84.651345,39.254967],[-84.652759,39.255115],[-84.652725,39.255872]]]}},{"type":"Feature","properties":{"pid":"051003200119"},"geometry":{"type":"Polygon","coordinates":[[[-84.653712,39.258],[-84.651426,39.257836],[-84.652108,39.255829],[-84.65262,39.255929],[-84.652345,39.256725],[-84.652857,39.256832],[-84.653205,39.257041],[-84.653598,39.25772],[-84.653712,39.258]]]}},{"type":"Feature","properties":{"pid":"051003200122"},"geometry":{"type":"Polygon","coordinates":[[[-84.645195,39.262266],[-84.645255,39.260372],[-84.645416,39.260266],[-84.646163,39.260348],[-84.646195,39.259322],[-84.646265,39.259342],[-84.646231,39.260411],[-84.646388,39.260535],[-84.646349,39.26176],[-84.646486,39.262291],[-84.645195,39.262266]]]}},{"type":"Feature","properties":{"pid":"051003200012"},"geometry":{"type":"Polygon","coordinates":[[[-84.657748,39.261355],[-84.65676,39.260595],[-84.657932,39.259728],[-84.658835,39.260893],[-84.658803,39.261235],[-84.657993,39.26149],[-84.657748,39.261355]]]}},{"type":"Feature","properties":{"pid":"051003200117"},"geometry":{"type":"Polygon","coordinates":[[[-84.65813,39.259506],[-84.65605,39.259508],[-84.655996,39.259269],[-84.656447,39.257623],[-84.656977,39.25769],[-84.657877,39.25729],[-84.659038,39.258712],[-84.658968,39.259458],[-84.65813,39.259506]]]}},{"type":"Feature","properties":{"pid":"051003200121"},"geometry":{"type":"Polygon","coordinates":[[[-84.655648,39.25895],[-84.655357,39.258239],[-84.656215,39.25805],[-84.655888,39.25925],[-84.655648,39.25895]]]}},{"type":"Feature","properties":{"pid":"051001830511"},"geometry":{"type":"Polygon","coordinates":[[[-84.608627,39.255391],[-84.607857,39.255022],[-84.60756,39.254608],[-84.607565,39.254542],[-84.607983,39.254382],[-84.608607,39.254604],[-84.6086,39.254576],[-84.609015,39.254513],[-84.609025,39.254558],[-84.609092,39.25455],[-84.609102,39.254721],[-84.609048,39.254887],[-84.608627,39.255391]]]}},{"type":"Feature","properties":{"pid":"051001840112"},"geometry":{"type":"Polygon","coordinates":[[[-84.618114,39.256065],[-84.619127,39.256144],[-84.619059,39.256336],[-84.618103,39.256371],[-84.618114,39.256065]]]}},{"type":"Feature","properties":{"pid":"051002500003"},"geometry":{"type":"Polygon","coordinates":[[[-84.633201,39.264076],[-84.628729,39.264118],[-84.628982,39.26157],[-84.633266,39.261574],[-84.633262,39.261709],[-84.632037,39.261677],[-84.631751,39.261955],[-84.631697,39.263113],[-84.633219,39.26312],[-84.633201,39.264076]]]}},{"type":"Feature","properties":{"pid":"051002500033"},"geometry":{"type":"Polygon","coordinates":[[[-84.641308,39.260271],[-84.640235,39.259664],[-84.640991,39.259241],[-84.642873,39.260284],[-84.641308,39.260271]]]}},{"type":"Feature","properties":{"pid":"051002500226"},"geometry":{"type":"Polygon","coordinates":[[[-84.644873,39.256663],[-84.643503,39.256055],[-84.643766,39.255697],[-84.643998,39.2558],[-84.644477,39.255808],[-84.644462,39.256322],[-84.644962,39.256544],[-84.644873,39.256663]]]}},{"type":"Feature","properties":{"pid":"051002500237"},"geometry":{"type":"Polygon","coordinates":[[[-84.632522,39.260531],[-84.632617,39.259575],[-84.633368,39.259626],[-84.633305,39.260599],[-84.632522,39.260531]]]}},{"type":"Feature","properties":{"pid":"051002400003"},"geometry":{"type":"Polygon","coordinates":[[[-84.632859,39.251832],[-84.631282,39.251281],[-84.631529,39.250848],[-84.633109,39.251391],[-84.632859,39.251832]]]}},{"type":"Feature","properties":{"pid":"051001600035"},"geometry":{"type":"Polygon","coordinates":[[[-84.613798,39.291998],[-84.613964,39.291221],[-84.614346,39.291276],[-84.614179,39.292039],[-84.613798,39.291998]]]}},{"type":"Feature","properties":{"pid":"051001600046"},"geometry":{"type":"Polygon","coordinates":[[[-84.616908,39.286455],[-84.615518,39.286438],[-84.615282,39.285928],[-84.61676,39.286133],[-84.616908,39.286455]]]}},{"type":"Feature","properties":{"pid":"051002600143"},"geometry":{"type":"Polygon","coordinates":[[[-84.639126,39.275841],[-84.639295,39.271794],[-84.639785,39.271786],[-84.639619,39.275693],[-84.639787,39.276006],[-84.639299,39.276162],[-84.639126,39.275841]]]}},{"type":"Feature","properties":{"pid":"051002600147"},"geometry":{"type":"Polygon","coordinates":[[[-84.639619,39.275693],[-84.639785,39.271786],[-84.640323,39.27178],[-84.64017,39.275883],[-84.639787,39.276006],[-84.639619,39.275693]]]}},{"type":"Feature","properties":{"pid":"051002600150"},"geometry":{"type":"Polygon","coordinates":[[[-84.63872,39.271804],[-84.639295,39.271794],[-84.639126,39.275841],[-84.639299,39.276162],[-84.638807,39.276321],[-84.638566,39.275883],[-84.638672,39.274675],[-84.638469,39.274664],[-84.63872,39.271804]]]}},{"type":"Feature","properties":{"pid":"051002600151"},"geometry":{"type":"Polygon","coordinates":[[[-84.634877,39.273423],[-84.635258,39.272603],[-84.638024,39.271816],[-84.638004,39.272041],[-84.636271,39.273087],[-84.634611,39.273557],[-84.634479,39.275043],[-84.634413,39.274994],[-84.634544,39.273517],[-84.634877,39.273423]]]}},{"type":"Feature","properties":{"pid":"051002600046"},"geometry":{"type":"Polygon","coordinates":[[[-84.636794,39.275738],[-84.637249,39.27581],[-84.636913,39.276612],[-84.636402,39.276412],[-84.636461,39.275839],[-84.636794,39.275738]]]}},{"type":"Feature","properties":{"pid":"051002600161"},"geometry":{"type":"Polygon","coordinates":[[[-84.637882,39.273428],[-84.636371,39.273449],[-84.636224,39.273595],[-84.635144,39.273879],[-84.634645,39.273971],[-84.634546,39.275092],[-84.634479,39.275043],[-84.63459,39.273799],[-84.636271,39.273087],[-84.638004,39.272041],[-84.637882,39.273428]]]}},{"type":"Feature","properties":{"pid":"051002600154"},"geometry":{"type":"Polygon","coordinates":[[[-84.636834,39.275619],[-84.637335,39.275027],[-84.63774,39.275049],[-84.637667,39.275876],[-84.636794,39.275738],[-84.636461,39.275839],[-84.636402,39.276412],[-84.636335,39.276365],[-84.636389,39.275761],[-84.636834,39.275619]]]}},{"type":"Feature","properties":{"pid":"051002600237"},"geometry":{"type":"Polygon","coordinates":[[[-84.634546,39.275092],[-84.634645,39.273971],[-84.635144,39.273879],[-84.636224,39.273595],[-84.636371,39.273449],[-84.637882,39.273428],[-84.637847,39.273825],[-84.63623,39.274549],[-84.635421,39.274608],[-84.634712,39.274022],[-84.634612,39.275141],[-84.634546,39.275092]]]}},{"type":"Feature","properties":{"pid":"051002600180"},"geometry":{"type":"Polygon","coordinates":[[[-84.636268,39.276318],[-84.636386,39.274977],[-84.637335,39.275027],[-84.636834,39.275619],[-84.636389,39.275761],[-84.636335,39.276365],[-84.636268,39.276318]]]}},{"type":"Feature","properties":{"pid":"051002500051"},"geometry":{"type":"Polygon","coordinates":[[[-84.638216,39.262732],[-84.636889,39.262576],[-84.636893,39.262396],[-84.638233,39.262365],[-84.638216,39.262732]]]}},{"type":"Feature","properties":{"pid":"051001830003"},"geometry":{"type":"Polygon","coordinates":[[[-84.611102,39.258408],[-84.61117,39.257635],[-84.611503,39.25765],[-84.611444,39.258448],[-84.611102,39.258408]]]}},{"type":"Feature","properties":{"pid":"051002500220"},"geometry":{"type":"Polygon","coordinates":[[[-84.644962,39.256544],[-84.644462,39.256322],[-84.644477,39.255808],[-84.644847,39.255815],[-84.644851,39.255701],[-84.645186,39.255706],[-84.645163,39.256272],[-84.644962,39.256544]]]}},{"type":"Feature","properties":{"pid":"051002600173"},"geometry":{"type":"Polygon","coordinates":[[[-84.636796,39.271188],[-84.63684,39.270217],[-84.638783,39.269022],[-84.63937,39.269596],[-84.636796,39.271188]]]}},{"type":"Feature","properties":{"pid":"051001600120"},"geometry":{"type":"Polygon","coordinates":[[[-84.614429,39.284167],[-84.614176,39.283657],[-84.615273,39.283334],[-84.615523,39.283844],[-84.614429,39.284167]]]}},{"type":"Feature","properties":{"pid":"051001600231"},"geometry":{"type":"Polygon","coordinates":[[[-84.61389,39.293014],[-84.614043,39.292213],[-84.614567,39.292279],[-84.614412,39.293078],[-84.61389,39.293014]]]}},{"type":"Feature","properties":{"pid":"051002700146"},"geometry":{"type":"Polygon","coordinates":[[[-84.634315,39.290616],[-84.634233,39.288311],[-84.634869,39.288297],[-84.635373,39.290285],[-84.634315,39.290616]]]}},{"type":"Feature","properties":{"pid":"051002700243"},"geometry":{"type":"Polygon","coordinates":[[[-84.621509,39.295953],[-84.621697,39.295256],[-84.622239,39.295291],[-84.622163,39.295996],[-84.621509,39.295953]]]}},{"type":"Feature","properties":{"pid":"051002500244"},"geometry":{"type":"Polygon","coordinates":[[[-84.638968,39.263166],[-84.638968,39.263276],[-84.638191,39.263277],[-84.638231,39.262413],[-84.639417,39.262425],[-84.639382,39.263165],[-84.638968,39.263166]]]}},{"type":"Feature","properties":{"pid":"051002500236"},"geometry":{"type":"Polygon","coordinates":[[[-84.638934,39.260182],[-84.63938,39.260111],[-84.639636,39.260007],[-84.640726,39.260905],[-84.643973,39.261583],[-84.643895,39.264006],[-84.640987,39.264012],[-84.640976,39.263271],[-84.639039,39.263275],[-84.639038,39.26322],[-84.640969,39.263217],[-84.641149,39.263189],[-84.641149,39.263245],[-84.64282,39.263121],[-84.642816,39.261915],[-84.642049,39.2618],[-84.640976,39.261864],[-84.639581,39.261181],[-84.639004,39.260604],[-84.638924,39.260411],[-84.638934,39.260182]]]}},{"type":"Feature","properties":{"pid":"051002800159"},"geometry":{"type":"Polygon","coordinates":[[[-84.627167,39.300129],[-84.627245,39.299882],[-84.627859,39.299751],[-84.628141,39.300284],[-84.62747,39.300594],[-84.627167,39.300129]]]}},{"type":"Feature","properties":{"pid":"051001600004"},"geometry":{"type":"Polygon","coordinates":[[[-84.613617,39.292981],[-84.614944,39.293142],[-84.615104,39.292348],[-84.615156,39.292354],[-84.614958,39.29334],[-84.614326,39.293716],[-84.613617,39.292981]]]}},{"type":"Feature","properties":{"pid":"051001600230"},"geometry":{"type":"Polygon","coordinates":[[[-84.614412,39.293078],[-84.614567,39.292279],[-84.615104,39.292348],[-84.614944,39.293142],[-84.614412,39.293078]]]}},{"type":"Feature","properties":{"pid":"051001600232"},"geometry":{"type":"Polygon","coordinates":[[[-84.613617,39.292981],[-84.613148,39.292644],[-84.613535,39.292533],[-84.613351,39.292183],[-84.614043,39.292213],[-84.61389,39.293014],[-84.613617,39.292981]]]}},{"type":"Feature","properties":{"pid":"051001600237"},"geometry":{"type":"Polygon","coordinates":[[[-84.615785,39.284056],[-84.615369,39.28321],[-84.614126,39.283554],[-84.614101,39.283503],[-84.61532,39.283141],[-84.616307,39.283343],[-84.617038,39.284339],[-84.615785,39.284056]]]}},{"type":"Feature","properties":{"pid":"051001600238"},"geometry":{"type":"Polygon","coordinates":[[[-84.614654,39.284622],[-84.614429,39.284167],[-84.615523,39.283844],[-84.615749,39.284306],[-84.614654,39.284622]]]}},{"type":"Feature","properties":{"pid":"051001600240"},"geometry":{"type":"Polygon","coordinates":[[[-84.617946,39.28558],[-84.616256,39.285342],[-84.615273,39.283334],[-84.614176,39.283657],[-84.614151,39.283606],[-84.615317,39.283263],[-84.616039,39.284735],[-84.617555,39.285046],[-84.617946,39.28558]]]}},{"type":"Feature","properties":{"pid":"051001600241"},"geometry":{"type":"Polygon","coordinates":[[[-84.616039,39.284735],[-84.615317,39.283263],[-84.614151,39.283606],[-84.614126,39.283554],[-84.615369,39.28321],[-84.615785,39.284056],[-84.617038,39.284339],[-84.617555,39.285046],[-84.616039,39.284735]]]}},{"type":"Feature","properties":{"pid":"051001600248"},"geometry":{"type":"Polygon","coordinates":[[[-84.612775,39.292134],[-84.611842,39.29166],[-84.608854,39.291031],[-84.607935,39.290508],[-84.607946,39.290358],[-84.611257,39.290833],[-84.611089,39.291449],[-84.611869,39.291613],[-84.612834,39.292105],[-84.612775,39.292134]]]}},{"type":"Feature","properties":{"pid":"051001600254"},"geometry":{"type":"Polygon","coordinates":[[[-84.615578,39.295008],[-84.614834,39.294244],[-84.615295,39.293805],[-84.614983,39.293482],[-84.615209,39.29236],[-84.615261,39.292367],[-84.615039,39.293471],[-84.615667,39.294123],[-84.615578,39.295008]]]}},{"type":"Feature","properties":{"pid":"051002700011"},"geometry":{"type":"Polygon","coordinates":[[[-84.628463,39.290747],[-84.628372,39.2902],[-84.627306,39.290239],[-84.626966,39.290525],[-84.626989,39.289915],[-84.628221,39.290147],[-84.629518,39.289497],[-84.63023,39.28979],[-84.630116,39.290616],[-84.629236,39.290616],[-84.628463,39.290747]]]}},{"type":"Feature","properties":{"pid":"051002700017"},"geometry":{"type":"Polygon","coordinates":[[[-84.621508,39.295953],[-84.62144,39.295942],[-84.621628,39.295245],[-84.621469,39.294767],[-84.621844,39.294459],[-84.623398,39.295187],[-84.623149,39.295427],[-84.622231,39.295368],[-84.622239,39.295291],[-84.621697,39.295256],[-84.621508,39.295953]]]}},{"type":"Feature","properties":{"pid":"051002700092"},"geometry":{"type":"Polygon","coordinates":[[[-84.639517,39.289372],[-84.639494,39.288824],[-84.639518,39.288817],[-84.639765,39.289305],[-84.639517,39.289372]]]}},{"type":"Feature","properties":{"pid":"051002700095"},"geometry":{"type":"Polygon","coordinates":[[[-84.641741,39.288345],[-84.641595,39.287835],[-84.641391,39.287115],[-84.641929,39.287275],[-84.642126,39.287451],[-84.642278,39.287705],[-84.642365,39.288105],[-84.64203,39.288146],[-84.641741,39.288345]]]}},{"type":"Feature","properties":{"pid":"051002700120"},"geometry":{"type":"Polygon","coordinates":[[[-84.638975,39.289519],[-84.638445,39.289057],[-84.638695,39.288884],[-84.639317,39.289426],[-84.638975,39.289519]]]}},{"type":"Feature","properties":{"pid":"051002700158"},"geometry":{"type":"Polygon","coordinates":[[[-84.626892,39.291954],[-84.626966,39.290525],[-84.627306,39.290239],[-84.628372,39.2902],[-84.628463,39.290747],[-84.628393,39.290759],[-84.626892,39.291954]]]}},{"type":"Feature","properties":{"pid":"051002700159"},"geometry":{"type":"Polygon","coordinates":[[[-84.642808,39.288256],[-84.642365,39.288105],[-84.642278,39.287705],[-84.642126,39.287451],[-84.641929,39.287275],[-84.641391,39.287115],[-84.64129,39.286759],[-84.642181,39.286728],[-84.64229,39.287256],[-84.642699,39.287863],[-84.642808,39.288256]]]}},{"type":"Feature","properties":{"pid":"051002700230"},"geometry":{"type":"Polygon","coordinates":[[[-84.638352,39.286861],[-84.638316,39.285909],[-84.64216,39.285829],[-84.64216,39.285857],[-84.640391,39.285894],[-84.640414,39.28679],[-84.638352,39.286861]]]}},{"type":"Feature","properties":{"pid":"051002700237"},"geometry":{"type":"Polygon","coordinates":[[[-84.620782,39.294555],[-84.619857,39.294909],[-84.619832,39.294872],[-84.621662,39.294173],[-84.621844,39.294459],[-84.621469,39.294767],[-84.621024,39.294937],[-84.620782,39.294555]]]}},{"type":"Feature","properties":{"pid":"051002700242"},"geometry":{"type":"Polygon","coordinates":[[[-84.624141,39.295775],[-84.623795,39.295462],[-84.62344,39.295278],[-84.623852,39.294882],[-84.624543,39.295506],[-84.624141,39.295775]]]}},{"type":"Feature","properties":{"pid":"051002700245"},"geometry":{"type":"Polygon","coordinates":[[[-84.624543,39.295506],[-84.623356,39.294434],[-84.624897,39.292737],[-84.624759,39.295352],[-84.624543,39.295506]]]}},{"type":"Feature","properties":{"pid":"051002700247"},"geometry":{"type":"Polygon","coordinates":[[[-84.622163,39.295996],[-84.622231,39.295368],[-84.623149,39.295427],[-84.623398,39.295187],[-84.621844,39.294459],[-84.621397,39.293754],[-84.622529,39.293321],[-84.623289,39.294437],[-84.623783,39.294882],[-84.623172,39.29547],[-84.622279,39.295412],[-84.622216,39.295999],[-84.622163,39.295996]]]}},{"type":"Feature","properties":{"pid":"051002700250"},"geometry":{"type":"Polygon","coordinates":[[[-84.639761,39.289297],[-84.639518,39.288817],[-84.639736,39.288756],[-84.639761,39.289297]]]}},{"type":"Feature","properties":{"pid":"051002700262"},"geometry":{"type":"Polygon","coordinates":[[[-84.628216,39.292599],[-84.628315,39.290821],[-84.628393,39.290759],[-84.629236,39.290616],[-84.629709,39.290616],[-84.629601,39.292561],[-84.628216,39.292599]]]}},{"type":"Feature","properties":{"pid":"051002700264"},"geometry":{"type":"Polygon","coordinates":[[[-84.638953,39.291438],[-84.639075,39.289492],[-84.640273,39.289152],[-84.640139,39.29129],[-84.638953,39.291438]]]}},{"type":"Feature","properties":{"pid":"051002600252"},"geometry":{"type":"Polygon","coordinates":[[[-84.637772,39.276612],[-84.639152,39.276584],[-84.639157,39.277054],[-84.638966,39.277217],[-84.637789,39.277338],[-84.637772,39.276612]]]}},{"type":"Feature","properties":{"pid":"051002600045"},"geometry":{"type":"Polygon","coordinates":[[[-84.63693,39.277188],[-84.636195,39.277198],[-84.63618,39.276625],[-84.635669,39.276632],[-84.636338,39.276367],[-84.636919,39.276615],[-84.63693,39.277188]]]}},{"type":"Feature","properties":{"pid":"051002600160"},"geometry":{"type":"Polygon","coordinates":[[[-84.637667,39.275876],[-84.637602,39.276615],[-84.636913,39.276612],[-84.637249,39.27581],[-84.637667,39.275876]]]}},{"type":"Feature","properties":{"pid":"051002600075"},"geometry":{"type":"Polygon","coordinates":[[[-84.640563,39.275782],[-84.640541,39.276561],[-84.640148,39.276564],[-84.640169,39.2759],[-84.640563,39.275782]]]}},{"type":"Feature","properties":{"pid":"051002600275"},"geometry":{"type":"Polygon","coordinates":[[[-84.63832,39.274656],[-84.638182,39.276218],[-84.63832,39.276486],[-84.637929,39.27661],[-84.637602,39.276615],[-84.638024,39.271816],[-84.63872,39.271804],[-84.638469,39.274664],[-84.63832,39.274656]]]}},{"type":"Feature","properties":{"pid":"051002410051"},"geometry":{"type":"Polygon","coordinates":[[[-84.645779,39.240606],[-84.645528,39.246993],[-84.643958,39.246955],[-84.644211,39.245498],[-84.645565,39.245595],[-84.645761,39.24061],[-84.645454,39.240288],[-84.645779,39.240606]]]}},{"type":"Feature","properties":{"pid":"051002800017"},"geometry":{"type":"Polygon","coordinates":[[[-84.627264,39.299821],[-84.627861,39.299678],[-84.627938,39.298644],[-84.628341,39.298662],[-84.62828,39.29948],[-84.627859,39.299751],[-84.627245,39.299882],[-84.627264,39.299821]]]}},{"type":"Feature","properties":{"pid":"051002300178"},"geometry":{"type":"Polygon","coordinates":[[[-84.637043,39.235058],[-84.636823,39.235395],[-84.636602,39.235738],[-84.636691,39.234966],[-84.637043,39.235058]]]}},{"type":"Feature","properties":{"pid":"051002600004"},"geometry":{"type":"Polygon","coordinates":[[[-84.640541,39.276561],[-84.640563,39.275782],[-84.641338,39.275692],[-84.641311,39.276555],[-84.640541,39.276561]]]}},{"type":"Feature","properties":{"pid":"051002600131"},"geometry":{"type":"Polygon","coordinates":[[[-84.635722,39.280299],[-84.635435,39.280121],[-84.634488,39.279701],[-84.634376,39.27872],[-84.634407,39.278453],[-84.63466,39.278204],[-84.634877,39.278336],[-84.635494,39.277972],[-84.635561,39.278168],[-84.635722,39.280299]]]}},{"type":"Feature","properties":{"pid":"051002600235"},"geometry":{"type":"Polygon","coordinates":[[[-84.641311,39.276555],[-84.641338,39.275692],[-84.642108,39.27579],[-84.642085,39.27655],[-84.641311,39.276555]]]}},{"type":"Feature","properties":{"pid":"051002600146"},"geometry":{"type":"Polygon","coordinates":[[[-84.640148,39.276564],[-84.638219,39.276604],[-84.637929,39.27661],[-84.64017,39.275883],[-84.640148,39.276564]]]}},{"type":"Feature","properties":{"pid":"051001840006"},"geometry":{"type":"Polygon","coordinates":[[[-84.617438,39.258511],[-84.617788,39.25855],[-84.617683,39.259094],[-84.617334,39.259054],[-84.617438,39.258511]]]}},{"type":"Feature","properties":{"pid":"051003000006"},"geometry":{"type":"Polygon","coordinates":[[[-84.662615,39.289714],[-84.663783,39.290886],[-84.664776,39.292134],[-84.665318,39.293606],[-84.664501,39.293788],[-84.664007,39.293753],[-84.664039,39.293479],[-84.663304,39.293428],[-84.663272,39.293425],[-84.66324,39.293699],[-84.652838,39.292965],[-84.653211,39.289017],[-84.654463,39.28764],[-84.654685,39.287808],[-84.656964,39.288249],[-84.658835,39.288255],[-84.660576,39.288338],[-84.662615,39.289714]],[[-84.654333,39.291334],[-84.65439,39.29233],[-84.655936,39.292342],[-84.656008,39.291282],[-84.654333,39.291334]],[[-84.662581,39.290724],[-84.662039,39.291148],[-84.662289,39.291342],[-84.662832,39.290918],[-84.662581,39.290724]],[[-84.661135,39.291814],[-84.661159,39.291609],[-84.660895,39.29159],[-84.660871,39.291795],[-84.661135,39.291814]]]}},{"type":"Feature","properties":{"pid":"051001840085"},"geometry":{"type":"Polygon","coordinates":[[[-84.618342,39.257989],[-84.618543,39.258159],[-84.618103,39.258587],[-84.617825,39.258261],[-84.618342,39.257989]]]}},{"type":"Feature","properties":{"pid":"051001840086"},"geometry":{"type":"Polygon","coordinates":[[[-84.618216,39.257781],[-84.618342,39.257989],[-84.617825,39.258261],[-84.617548,39.257937],[-84.618216,39.257781]]]}},{"type":"Feature","properties":{"pid":"051001840088"},"geometry":{"type":"Polygon","coordinates":[[[-84.617515,39.257887],[-84.617446,39.257565],[-84.618142,39.257475],[-84.618198,39.257728],[-84.617515,39.257887]]]}},{"type":"Feature","properties":{"pid":"051001840089"},"geometry":{"type":"Polygon","coordinates":[[[-84.617446,39.257565],[-84.617387,39.257294],[-84.618084,39.257204],[-84.618142,39.257475],[-84.617446,39.257565]]]}},{"type":"Feature","properties":{"pid":"051003000046"},"geometry":{"type":"Polygon","coordinates":[[[-84.654287,39.28296],[-84.653229,39.282903],[-84.653265,39.282484],[-84.654321,39.282548],[-84.654287,39.28296]]]}},{"type":"Feature","properties":{"pid":"051002500251"},"geometry":{"type":"Polygon","coordinates":[[[-84.64282,39.263121],[-84.641149,39.263245],[-84.641149,39.263189],[-84.640969,39.263217],[-84.639038,39.26322],[-84.639039,39.263275],[-84.638968,39.263276],[-84.638968,39.263166],[-84.639382,39.263165],[-84.639417,39.262425],[-84.638231,39.262413],[-84.638332,39.260212],[-84.638934,39.260182],[-84.638924,39.260411],[-84.639004,39.260604],[-84.639581,39.261181],[-84.640976,39.261864],[-84.642049,39.2618],[-84.642816,39.261915],[-84.64282,39.263121]]]}},{"type":"Feature","properties":{"pid":"051001810013"},"geometry":{"type":"Polygon","coordinates":[[[-84.617897,39.259983],[-84.617963,39.259207],[-84.618245,39.25924],[-84.618174,39.260016],[-84.617897,39.259983]]]}},{"type":"Feature","properties":{"pid":"051001810024"},"geometry":{"type":"Polygon","coordinates":[[[-84.617507,39.260085],[-84.617248,39.259469],[-84.617263,39.25925],[-84.617323,39.259215],[-84.617337,39.259133],[-84.617963,39.259207],[-84.617897,39.259983],[-84.617507,39.260085]]]}},{"type":"Feature","properties":{"pid":"051001810025"},"geometry":{"type":"Polygon","coordinates":[[[-84.618995,39.259329],[-84.619043,39.259431],[-84.618318,39.260143],[-84.618163,39.260151],[-84.618245,39.25924],[-84.618995,39.259329]]]}},{"type":"Feature","properties":{"pid":"051001810033"},"geometry":{"type":"Polygon","coordinates":[[[-84.615,39.25941],[-84.614407,39.259677],[-84.614181,39.259363],[-84.614581,39.259228],[-84.615,39.25941]]]}},{"type":"Feature","properties":{"pid":"051001810048"},"geometry":{"type":"Polygon","coordinates":[[[-84.615191,39.261331],[-84.61487,39.261007],[-84.615899,39.260386],[-84.615846,39.260997],[-84.615191,39.261331]]]}},{"type":"Feature","properties":{"pid":"051001810049"},"geometry":{"type":"Polygon","coordinates":[[[-84.615902,39.260356],[-84.61487,39.261007],[-84.614624,39.260802],[-84.615413,39.260329],[-84.615902,39.260356]]]}},{"type":"Feature","properties":{"pid":"051001810050"},"geometry":{"type":"Polygon","coordinates":[[[-84.614624,39.260802],[-84.614246,39.260554],[-84.615373,39.260273],[-84.615413,39.260329],[-84.614624,39.260802]]]}},{"type":"Feature","properties":{"pid":"051001810051"},"geometry":{"type":"Polygon","coordinates":[[[-84.614246,39.260554],[-84.614231,39.260184],[-84.615352,39.260244],[-84.615373,39.260273],[-84.614246,39.260554]]]}},{"type":"Feature","properties":{"pid":"051001810053"},"geometry":{"type":"Polygon","coordinates":[[[-84.61494,39.260222],[-84.614604,39.259753],[-84.614912,39.259622],[-84.615352,39.260244],[-84.61494,39.260222]]]}},{"type":"Feature","properties":{"pid":"051001810054"},"geometry":{"type":"Polygon","coordinates":[[[-84.615113,39.259515],[-84.615533,39.25972],[-84.615479,39.260333],[-84.615413,39.260329],[-84.614912,39.259622],[-84.615113,39.259515]]]}},{"type":"Feature","properties":{"pid":"051001810055"},"geometry":{"type":"Polygon","coordinates":[[[-84.615902,39.260356],[-84.615479,39.260333],[-84.615533,39.25972],[-84.615133,39.259498],[-84.615175,39.259455],[-84.615406,39.259582],[-84.615964,39.259651],[-84.615902,39.260356]]]}},{"type":"Feature","properties":{"pid":"051001810056"},"geometry":{"type":"Polygon","coordinates":[[[-84.615964,39.259651],[-84.615406,39.259582],[-84.615175,39.259455],[-84.615256,39.259266],[-84.61599,39.25935],[-84.615964,39.259651]]]}},{"type":"Feature","properties":{"pid":"051001810062"},"geometry":{"type":"Polygon","coordinates":[[[-84.617743,39.260636],[-84.617507,39.260085],[-84.617897,39.259983],[-84.618174,39.260016],[-84.618062,39.261349],[-84.61791,39.26134],[-84.617743,39.260636]]]}},{"type":"Feature","properties":{"pid":"051001810085"},"geometry":{"type":"Polygon","coordinates":[[[-84.617681,39.261071],[-84.615847,39.260976],[-84.615883,39.260566],[-84.617564,39.260652],[-84.617681,39.261071]]]}},{"type":"Feature","properties":{"pid":"051001840002"},"geometry":{"type":"Polygon","coordinates":[[[-84.618835,39.258672],[-84.619312,39.258727],[-84.619207,39.258988],[-84.618963,39.259239],[-84.618731,39.259215],[-84.618835,39.258672]]]}},{"type":"Feature","properties":{"pid":"051001840003"},"geometry":{"type":"Polygon","coordinates":[[[-84.618382,39.259175],[-84.618486,39.258632],[-84.618835,39.258672],[-84.618731,39.259215],[-84.618382,39.259175]]]}},{"type":"Feature","properties":{"pid":"051001840004"},"geometry":{"type":"Polygon","coordinates":[[[-84.618033,39.259134],[-84.618137,39.258591],[-84.618486,39.258632],[-84.618382,39.259175],[-84.618033,39.259134]]]}},{"type":"Feature","properties":{"pid":"051001840005"},"geometry":{"type":"Polygon","coordinates":[[[-84.617683,39.259094],[-84.617788,39.25855],[-84.618137,39.258591],[-84.618033,39.259134],[-84.617683,39.259094]]]}},{"type":"Feature","properties":{"pid":"051002520045"},"geometry":{"type":"Polygon","coordinates":[[[-84.622299,39.261977],[-84.621263,39.261941],[-84.621345,39.261005],[-84.622337,39.261043],[-84.622299,39.261977]]]}},{"type":"Feature","properties":{"pid":"051002510093"},"geometry":{"type":"Polygon","coordinates":[[[-84.627192,39.259571],[-84.625368,39.259587],[-84.625418,39.25901],[-84.625925,39.25904],[-84.626799,39.25953],[-84.627249,39.259528],[-84.627192,39.259571]]]}},{"type":"Feature","properties":{"pid":"051002520046"},"geometry":{"type":"Polygon","coordinates":[[[-84.625186,39.261603],[-84.624908,39.261711],[-84.625104,39.259588],[-84.625368,39.259587],[-84.625186,39.261603]]]}},{"type":"Feature","properties":{"pid":"051002500088"},"geometry":{"type":"Polygon","coordinates":[[[-84.63255,39.259507],[-84.63258,39.258862],[-84.632934,39.258873],[-84.632903,39.25953],[-84.63255,39.259507]]]}},{"type":"Feature","properties":{"pid":"051001840185"},"geometry":{"type":"Polygon","coordinates":[[[-84.615384,39.250243],[-84.614755,39.250106],[-84.614781,39.250032],[-84.614713,39.250017],[-84.614758,39.249893],[-84.615455,39.250045],[-84.615384,39.250243]]]}},{"type":"Feature","properties":{"pid":"051001840186"},"geometry":{"type":"Polygon","coordinates":[[[-84.615455,39.250045],[-84.614758,39.249893],[-84.61483,39.249695],[-84.615527,39.249846],[-84.615455,39.250045]]]}},{"type":"Feature","properties":{"pid":"051001840187"},"geometry":{"type":"Polygon","coordinates":[[[-84.615691,39.249668],[-84.615527,39.249846],[-84.61483,39.249695],[-84.614902,39.249496],[-84.615691,39.249668]]]}},{"type":"Feature","properties":{"pid":"051001840188"},"geometry":{"type":"Polygon","coordinates":[[[-84.615771,39.249602],[-84.615691,39.249668],[-84.614902,39.249496],[-84.615149,39.249153],[-84.615771,39.249602]]]}},{"type":"Feature","properties":{"pid":"051001840189"},"geometry":{"type":"Polygon","coordinates":[[[-84.615848,39.249539],[-84.615771,39.249602],[-84.615149,39.249153],[-84.615554,39.24894],[-84.615848,39.249539]]]}},{"type":"Feature","properties":{"pid":"051001840190"},"geometry":{"type":"Polygon","coordinates":[[[-84.615954,39.249546],[-84.615848,39.249539],[-84.615554,39.24894],[-84.616013,39.248887],[-84.615954,39.249546]]]}},{"type":"Feature","properties":{"pid":"051001840191"},"geometry":{"type":"Polygon","coordinates":[[[-84.616055,39.249577],[-84.615954,39.249546],[-84.616002,39.24901],[-84.616336,39.249078],[-84.616055,39.249577]]]}},{"type":"Feature","properties":{"pid":"051001840192"},"geometry":{"type":"Polygon","coordinates":[[[-84.616258,39.249641],[-84.616055,39.249577],[-84.616336,39.249078],[-84.616537,39.249147],[-84.616258,39.249641]]]}},{"type":"Feature","properties":{"pid":"051001840193"},"geometry":{"type":"Polygon","coordinates":[[[-84.616462,39.249704],[-84.616258,39.249641],[-84.616537,39.249147],[-84.616737,39.249215],[-84.616462,39.249704]]]}},{"type":"Feature","properties":{"pid":"051001840194"},"geometry":{"type":"Polygon","coordinates":[[[-84.616665,39.249767],[-84.616462,39.249704],[-84.616737,39.249215],[-84.616938,39.249283],[-84.616665,39.249767]]]}},{"type":"Feature","properties":{"pid":"051001840195"},"geometry":{"type":"Polygon","coordinates":[[[-84.616878,39.249833],[-84.616665,39.249767],[-84.616938,39.249283],[-84.617148,39.249355],[-84.616878,39.249833]]]}},{"type":"Feature","properties":{"pid":"051001840146"},"geometry":{"type":"Polygon","coordinates":[[[-84.613648,39.254439],[-84.61343,39.254242],[-84.613254,39.254151],[-84.613704,39.253469],[-84.614053,39.254182],[-84.613648,39.254439]]]}},{"type":"Feature","properties":{"pid":"051001840196"},"geometry":{"type":"Polygon","coordinates":[[[-84.617091,39.2499],[-84.616878,39.249833],[-84.617148,39.249355],[-84.617358,39.249427],[-84.617091,39.2499]]]}},{"type":"Feature","properties":{"pid":"051001840197"},"geometry":{"type":"Polygon","coordinates":[[[-84.617311,39.249968],[-84.617091,39.2499],[-84.617358,39.249427],[-84.617563,39.249495],[-84.617311,39.249968]]]}},{"type":"Feature","properties":{"pid":"051001840198"},"geometry":{"type":"Polygon","coordinates":[[[-84.617539,39.250039],[-84.617311,39.249968],[-84.617563,39.249495],[-84.617762,39.249555],[-84.617539,39.250039]]]}},{"type":"Feature","properties":{"pid":"051001840199"},"geometry":{"type":"Polygon","coordinates":[[[-84.617771,39.250093],[-84.617539,39.250039],[-84.617762,39.249555],[-84.617964,39.249608],[-84.617771,39.250093]]]}},{"type":"Feature","properties":{"pid":"051001840200"},"geometry":{"type":"Polygon","coordinates":[[[-84.617998,39.250126],[-84.617771,39.250093],[-84.617964,39.249608],[-84.618183,39.24966],[-84.617998,39.250126]]]}},{"type":"Feature","properties":{"pid":"051001840201"},"geometry":{"type":"Polygon","coordinates":[[[-84.618221,39.250159],[-84.617998,39.250126],[-84.618183,39.24966],[-84.618399,39.249712],[-84.618221,39.250159]]]}},{"type":"Feature","properties":{"pid":"051001840202"},"geometry":{"type":"Polygon","coordinates":[[[-84.618467,39.250195],[-84.618221,39.250159],[-84.618399,39.249712],[-84.618614,39.24976],[-84.618467,39.250195]]]}},{"type":"Feature","properties":{"pid":"051001840203"},"geometry":{"type":"Polygon","coordinates":[[[-84.618709,39.25023],[-84.618467,39.250195],[-84.618614,39.24976],[-84.618828,39.249799],[-84.618709,39.25023]]]}},{"type":"Feature","properties":{"pid":"051001840204"},"geometry":{"type":"Polygon","coordinates":[[[-84.618938,39.250264],[-84.618709,39.25023],[-84.618828,39.249799],[-84.619043,39.249832],[-84.618938,39.250264]]]}},{"type":"Feature","properties":{"pid":"051001840205"},"geometry":{"type":"Polygon","coordinates":[[[-84.619159,39.250296],[-84.618938,39.250264],[-84.619043,39.249832],[-84.619264,39.249865],[-84.619159,39.250296]]]}},{"type":"Feature","properties":{"pid":"051001840206"},"geometry":{"type":"Polygon","coordinates":[[[-84.61937,39.250327],[-84.619159,39.250296],[-84.619264,39.249865],[-84.619493,39.249899],[-84.61937,39.250327]]]}},{"type":"Feature","properties":{"pid":"051001840207"},"geometry":{"type":"Polygon","coordinates":[[[-84.61955,39.250365],[-84.61937,39.250327],[-84.619493,39.249899],[-84.619744,39.249957],[-84.61955,39.250365]]]}},{"type":"Feature","properties":{"pid":"051001840208"},"geometry":{"type":"Polygon","coordinates":[[[-84.61973,39.25043],[-84.61955,39.250365],[-84.619744,39.249957],[-84.61997,39.250033],[-84.61973,39.25043]]]}},{"type":"Feature","properties":{"pid":"051001840209"},"geometry":{"type":"Polygon","coordinates":[[[-84.619931,39.250504],[-84.61973,39.25043],[-84.61997,39.250033],[-84.620171,39.250106],[-84.619931,39.250504]]]}},{"type":"Feature","properties":{"pid":"051001840210"},"geometry":{"type":"Polygon","coordinates":[[[-84.620134,39.250578],[-84.619931,39.250504],[-84.620171,39.250106],[-84.620374,39.25018],[-84.620134,39.250578]]]}},{"type":"Feature","properties":{"pid":"051001840211"},"geometry":{"type":"Polygon","coordinates":[[[-84.620474,39.250702],[-84.620134,39.250578],[-84.620374,39.25018],[-84.620456,39.25021],[-84.620474,39.250702]]]}},{"type":"Feature","properties":{"pid":"051001840212"},"geometry":{"type":"Polygon","coordinates":[[[-84.62058,39.250741],[-84.620474,39.250702],[-84.620456,39.25021],[-84.620899,39.25052],[-84.62058,39.250741]]]}},{"type":"Feature","properties":{"pid":"051001840213"},"geometry":{"type":"Polygon","coordinates":[[[-84.620899,39.25052],[-84.620528,39.250261],[-84.621347,39.249982],[-84.621493,39.25011],[-84.620899,39.25052]]]}},{"type":"Feature","properties":{"pid":"051001840214"},"geometry":{"type":"Polygon","coordinates":[[[-84.620349,39.250171],[-84.620284,39.250147],[-84.620524,39.24975],[-84.620787,39.249501],[-84.621033,39.249939],[-84.620349,39.250171]]]}},{"type":"Feature","properties":{"pid":"051001840215"},"geometry":{"type":"Polygon","coordinates":[[[-84.620284,39.250147],[-84.62008,39.250073],[-84.620319,39.249675],[-84.620524,39.24975],[-84.620284,39.250147]]]}},{"type":"Feature","properties":{"pid":"051001840216"},"geometry":{"type":"Polygon","coordinates":[[[-84.62008,39.250073],[-84.619878,39.249999],[-84.620112,39.249599],[-84.620319,39.249675],[-84.62008,39.250073]]]}},{"type":"Feature","properties":{"pid":"051001840217"},"geometry":{"type":"Polygon","coordinates":[[[-84.619878,39.249999],[-84.619683,39.24994],[-84.619866,39.24951],[-84.620112,39.249599],[-84.619878,39.249999]]]}},{"type":"Feature","properties":{"pid":"051001840218"},"geometry":{"type":"Polygon","coordinates":[[[-84.619683,39.24994],[-84.619477,39.249896],[-84.619596,39.249466],[-84.619866,39.24951],[-84.619683,39.24994]]]}},{"type":"Feature","properties":{"pid":"051001840219"},"geometry":{"type":"Polygon","coordinates":[[[-84.619477,39.249896],[-84.619264,39.249865],[-84.619368,39.249433],[-84.619596,39.249466],[-84.619477,39.249896]]]}},{"type":"Feature","properties":{"pid":"051001840220"},"geometry":{"type":"Polygon","coordinates":[[[-84.619264,39.249865],[-84.619043,39.249832],[-84.619147,39.2494],[-84.619368,39.249433],[-84.619264,39.249865]]]}},{"type":"Feature","properties":{"pid":"051001840221"},"geometry":{"type":"Polygon","coordinates":[[[-84.619043,39.249832],[-84.618814,39.249797],[-84.618935,39.249365],[-84.619147,39.2494],[-84.619043,39.249832]]]}},{"type":"Feature","properties":{"pid":"051001840222"},"geometry":{"type":"Polygon","coordinates":[[[-84.618814,39.249797],[-84.618585,39.249754],[-84.618732,39.249328],[-84.618935,39.249365],[-84.618814,39.249797]]]}},{"type":"Feature","properties":{"pid":"051002400008"},"geometry":{"type":"Polygon","coordinates":[[[-84.624011,39.250485],[-84.623173,39.251179],[-84.62311,39.251785],[-84.62331,39.25224],[-84.622078,39.252241],[-84.622265,39.250042],[-84.623768,39.25002],[-84.623954,39.248057],[-84.624488,39.248419],[-84.625932,39.249099],[-84.625753,39.250841],[-84.624456,39.25076],[-84.624481,39.250514],[-84.624011,39.250485]]]}},{"type":"Feature","properties":{"pid":"051002510005"},"geometry":{"type":"Polygon","coordinates":[[[-84.625418,39.25901],[-84.62593,39.253667],[-84.628182,39.253668],[-84.627652,39.258994],[-84.627577,39.258986],[-84.627434,39.259222],[-84.627365,39.259121],[-84.625418,39.25901]]]}},{"type":"Feature","properties":{"pid":"051002520030"},"geometry":{"type":"Polygon","coordinates":[[[-84.623538,39.262318],[-84.623872,39.261721],[-84.623901,39.261732],[-84.623563,39.262341],[-84.623104,39.264222],[-84.623038,39.264212],[-84.622492,39.266119],[-84.62427,39.266055],[-84.624648,39.266954],[-84.620849,39.266979],[-84.621079,39.264197],[-84.621439,39.264215],[-84.621527,39.263235],[-84.623398,39.262866],[-84.623538,39.262318]]]}},{"type":"Feature","properties":{"pid":"051002520049"},"geometry":{"type":"Polygon","coordinates":[[[-84.624089,39.260687],[-84.623997,39.261673],[-84.623749,39.26157],[-84.623475,39.261319],[-84.62322,39.261164],[-84.62336,39.259592],[-84.625104,39.259588],[-84.625001,39.26069],[-84.624089,39.260687]]]}},{"type":"Feature","properties":{"pid":"051002600083"},"geometry":{"type":"Polygon","coordinates":[[[-84.624656,39.270206],[-84.622386,39.270022],[-84.622078,39.2707],[-84.620963,39.270433],[-84.621017,39.269831],[-84.621399,39.268733],[-84.620693,39.268695],[-84.620849,39.266979],[-84.624971,39.266952],[-84.624939,39.267677],[-84.624656,39.270206]]]}},{"type":"Feature","properties":{"pid":"051002500089"},"geometry":{"type":"Polygon","coordinates":[[[-84.632903,39.25953],[-84.632934,39.258873],[-84.633286,39.258883],[-84.63325,39.259528],[-84.632903,39.25953]]]}},{"type":"Feature","properties":{"pid":"051001840223"},"geometry":{"type":"Polygon","coordinates":[[[-84.618585,39.249754],[-84.61836,39.249703],[-84.618527,39.249283],[-84.618732,39.249328],[-84.618585,39.249754]]]}},{"type":"Feature","properties":{"pid":"051001840224"},"geometry":{"type":"Polygon","coordinates":[[[-84.61836,39.249703],[-84.618148,39.249652],[-84.618314,39.249232],[-84.618527,39.249283],[-84.61836,39.249703]]]}},{"type":"Feature","properties":{"pid":"051001840225"},"geometry":{"type":"Polygon","coordinates":[[[-84.618148,39.249652],[-84.617938,39.249601],[-84.618107,39.249182],[-84.618314,39.249232],[-84.618148,39.249652]]]}},{"type":"Feature","properties":{"pid":"051001840226"},"geometry":{"type":"Polygon","coordinates":[[[-84.617938,39.249601],[-84.617714,39.249542],[-84.617909,39.249135],[-84.618107,39.249182],[-84.617938,39.249601]]]}},{"type":"Feature","properties":{"pid":"051001840227"},"geometry":{"type":"Polygon","coordinates":[[[-84.617714,39.249542],[-84.617494,39.249473],[-84.617719,39.24907],[-84.617909,39.249135],[-84.617714,39.249542]]]}},{"type":"Feature","properties":{"pid":"051001840228"},"geometry":{"type":"Polygon","coordinates":[[[-84.617494,39.249473],[-84.617287,39.249402],[-84.617514,39.249],[-84.617719,39.24907],[-84.617494,39.249473]]]}},{"type":"Feature","properties":{"pid":"051001840229"},"geometry":{"type":"Polygon","coordinates":[[[-84.617287,39.249402],[-84.61708,39.249332],[-84.617307,39.248929],[-84.617514,39.249],[-84.617287,39.249402]]]}},{"type":"Feature","properties":{"pid":"051001840230"},"geometry":{"type":"Polygon","coordinates":[[[-84.61708,39.249332],[-84.616873,39.249261],[-84.6171,39.248859],[-84.617307,39.248929],[-84.61708,39.249332]]]}},{"type":"Feature","properties":{"pid":"051001840231"},"geometry":{"type":"Polygon","coordinates":[[[-84.616873,39.249261],[-84.616666,39.249191],[-84.616893,39.248788],[-84.6171,39.248859],[-84.616873,39.249261]]]}},{"type":"Feature","properties":{"pid":"051001840232"},"geometry":{"type":"Polygon","coordinates":[[[-84.616666,39.249191],[-84.616459,39.24912],[-84.616686,39.248718],[-84.616893,39.248788],[-84.616666,39.249191]]]}},{"type":"Feature","properties":{"pid":"051001840233"},"geometry":{"type":"Polygon","coordinates":[[[-84.616459,39.24912],[-84.616258,39.249053],[-84.616456,39.24864],[-84.616686,39.248718],[-84.616459,39.24912]]]}},{"type":"Feature","properties":{"pid":"051001840234"},"geometry":{"type":"Polygon","coordinates":[[[-84.616258,39.249053],[-84.616002,39.24901],[-84.616038,39.248608],[-84.616295,39.248585],[-84.616456,39.24864],[-84.616258,39.249053]]]}},{"type":"Feature","properties":{"pid":"051001840244"},"geometry":{"type":"Polygon","coordinates":[[[-84.621046,39.249963],[-84.620787,39.249501],[-84.620862,39.24943],[-84.62124,39.249897],[-84.621046,39.249963]]]}},{"type":"Feature","properties":{"pid":"051001840245"},"geometry":{"type":"Polygon","coordinates":[[[-84.621351,39.249856],[-84.62124,39.249897],[-84.620862,39.24943],[-84.62096,39.249337],[-84.621351,39.249856]]]}},{"type":"Feature","properties":{"pid":"051001840246"},"geometry":{"type":"Polygon","coordinates":[[[-84.621728,39.249302],[-84.621679,39.24941],[-84.621203,39.249107],[-84.621291,39.249024],[-84.621728,39.249302]]]}},{"type":"Feature","properties":{"pid":"051001840247"},"geometry":{"type":"Polygon","coordinates":[[[-84.621793,39.249209],[-84.621728,39.249302],[-84.621291,39.249024],[-84.621376,39.248943],[-84.621793,39.249209]]]}},{"type":"Feature","properties":{"pid":"051001840249"},"geometry":{"type":"Polygon","coordinates":[[[-84.622111,39.248888],[-84.621958,39.249041],[-84.621548,39.24878],[-84.621707,39.24863],[-84.622111,39.248888]]]}},{"type":"Feature","properties":{"pid":"051001840250"},"geometry":{"type":"Polygon","coordinates":[[[-84.621538,39.249724],[-84.621351,39.249856],[-84.620999,39.249389],[-84.621538,39.249724]]]}},{"type":"Feature","properties":{"pid":"051001840251"},"geometry":{"type":"Polygon","coordinates":[[[-84.621603,39.249635],[-84.621538,39.249724],[-84.62096,39.249337],[-84.621031,39.24927],[-84.621603,39.249635]]]}},{"type":"Feature","properties":{"pid":"051001840252"},"geometry":{"type":"Polygon","coordinates":[[[-84.621638,39.249549],[-84.621603,39.249635],[-84.621031,39.24927],[-84.621113,39.249192],[-84.621638,39.249549]]]}},{"type":"Feature","properties":{"pid":"051001840253"},"geometry":{"type":"Polygon","coordinates":[[[-84.621671,39.249435],[-84.621646,39.249523],[-84.621113,39.249192],[-84.621203,39.249107],[-84.621671,39.249435]]]}},{"type":"Feature","properties":{"pid":"051001840254"},"geometry":{"type":"Polygon","coordinates":[[[-84.621873,39.249125],[-84.621793,39.249209],[-84.621376,39.248943],[-84.621463,39.24886],[-84.621873,39.249125]]]}},{"type":"Feature","properties":{"pid":"051001840255"},"geometry":{"type":"Polygon","coordinates":[[[-84.621958,39.249041],[-84.621873,39.249125],[-84.621463,39.24886],[-84.621548,39.24878],[-84.621958,39.249041]]]}},{"type":"Feature","properties":{"pid":"051001840256"},"geometry":{"type":"Polygon","coordinates":[[[-84.62187,39.249469],[-84.621671,39.249435],[-84.6217,39.249356],[-84.622111,39.248888],[-84.622282,39.248997],[-84.622277,39.249054],[-84.62187,39.249469]]]}},{"type":"Feature","properties":{"pid":"051001840257"},"geometry":{"type":"Polygon","coordinates":[[[-84.622251,39.24936],[-84.621493,39.25011],[-84.621347,39.249982],[-84.620528,39.250261],[-84.620349,39.250171],[-84.621404,39.249829],[-84.621573,39.249681],[-84.621671,39.249435],[-84.62187,39.249469],[-84.622277,39.249054],[-84.622251,39.24936]]]}},{"type":"Feature","properties":{"pid":"051002500092"},"geometry":{"type":"Polygon","coordinates":[[[-84.632606,39.258314],[-84.632619,39.25804],[-84.633325,39.25806],[-84.633312,39.258334],[-84.632606,39.258314]]]}},{"type":"Feature","properties":{"pid":"051002400201"},"geometry":{"type":"Polygon","coordinates":[[[-84.624492,39.252125],[-84.624493,39.252239],[-84.62331,39.25224],[-84.62311,39.251785],[-84.623173,39.251179],[-84.624011,39.250485],[-84.624481,39.250514],[-84.624456,39.25076],[-84.625753,39.250841],[-84.625932,39.249099],[-84.625999,39.249131],[-84.625818,39.2509],[-84.62445,39.250815],[-84.624349,39.251798],[-84.624492,39.252125]]]}},{"type":"Feature","properties":{"pid":"051001820145"},"geometry":{"type":"Polygon","coordinates":[[[-84.61121,39.259702],[-84.610491,39.259668],[-84.610513,39.259375],[-84.611219,39.259408],[-84.61121,39.259702]]]}},{"type":"Feature","properties":{"pid":"051001820146"},"geometry":{"type":"Polygon","coordinates":[[[-84.611219,39.259408],[-84.610513,39.259375],[-84.610535,39.259101],[-84.61124,39.259134],[-84.611219,39.259408]]]}},{"type":"Feature","properties":{"pid":"051001820147"},"geometry":{"type":"Polygon","coordinates":[[[-84.61124,39.259134],[-84.610535,39.259101],[-84.610556,39.258826],[-84.611261,39.258859],[-84.61124,39.259134]]]}},{"type":"Feature","properties":{"pid":"051001820148"},"geometry":{"type":"Polygon","coordinates":[[[-84.611261,39.258859],[-84.610556,39.258826],[-84.610622,39.258457],[-84.611288,39.258514],[-84.611261,39.258859]]]}},{"type":"Feature","properties":{"pid":"051001820149"},"geometry":{"type":"Polygon","coordinates":[[[-84.612134,39.260001],[-84.611221,39.259958],[-84.611205,39.259586],[-84.612092,39.259627],[-84.61217,39.258616],[-84.61224,39.258624],[-84.612134,39.260001]]]}},{"type":"Feature","properties":{"pid":"051001820150"},"geometry":{"type":"Polygon","coordinates":[[[-84.612184,39.260374],[-84.611199,39.260328],[-84.611221,39.259958],[-84.612134,39.260001],[-84.61224,39.258624],[-84.61231,39.258632],[-84.612184,39.260374]]]}},{"type":"Feature","properties":{"pid":"051001820153"},"geometry":{"type":"Polygon","coordinates":[[[-84.609625,39.25943],[-84.609277,39.259392],[-84.609317,39.258824],[-84.609597,39.258858],[-84.609612,39.258695],[-84.60968,39.258703],[-84.60971,39.258331],[-84.609783,39.258339],[-84.609749,39.258775],[-84.609675,39.258771],[-84.609625,39.25943]]]}},{"type":"Feature","properties":{"pid":"051001840037"},"geometry":{"type":"Polygon","coordinates":[[[-84.621975,39.253525],[-84.621195,39.253333],[-84.621209,39.25295],[-84.620505,39.252912],[-84.620508,39.252857],[-84.621213,39.252896],[-84.621227,39.252498],[-84.622074,39.252355],[-84.621975,39.253525]]]}},{"type":"Feature","properties":{"pid":"051001810001"},"geometry":{"type":"Polygon","coordinates":[[[-84.620904,39.260993],[-84.620946,39.26048],[-84.621371,39.260497],[-84.621409,39.26025],[-84.621345,39.261005],[-84.620904,39.260993]]]}},{"type":"Feature","properties":{"pid":"051001810002"},"geometry":{"type":"Polygon","coordinates":[[[-84.621345,39.261011],[-84.620849,39.266979],[-84.619081,39.266781],[-84.619612,39.260636],[-84.619929,39.26089],[-84.620222,39.260973],[-84.621345,39.261011]]]}},{"type":"Feature","properties":{"pid":"051001810004"},"geometry":{"type":"Polygon","coordinates":[[[-84.620222,39.260973],[-84.619929,39.26089],[-84.619604,39.26063],[-84.619295,39.259969],[-84.620487,39.260113],[-84.620598,39.259514],[-84.621016,39.259564],[-84.620904,39.260993],[-84.620222,39.260973]]]}},{"type":"Feature","properties":{"pid":"051001840095"},"geometry":{"type":"Polygon","coordinates":[[[-84.61715,39.256046],[-84.617176,39.255715],[-84.617979,39.255839],[-84.617933,39.256095],[-84.61715,39.256046]]]}},{"type":"Feature","properties":{"pid":"051001810065"},"geometry":{"type":"Polygon","coordinates":[[[-84.61881,39.262559],[-84.617734,39.262503],[-84.617877,39.262098],[-84.619476,39.262181],[-84.61881,39.262559]]]}},{"type":"Feature","properties":{"pid":"051001820071"},"geometry":{"type":"Polygon","coordinates":[[[-84.60968,39.258703],[-84.609612,39.258695],[-84.609597,39.258858],[-84.609317,39.258824],[-84.60936,39.258289],[-84.60971,39.258331],[-84.60968,39.258703]]]}},{"type":"Feature","properties":{"pid":"051001820105"},"geometry":{"type":"Polygon","coordinates":[[[-84.609574,39.260083],[-84.609433,39.261911],[-84.607507,39.261672],[-84.607825,39.25988],[-84.609574,39.260083]]]}},{"type":"Feature","properties":{"pid":"051001810070"},"geometry":{"type":"Polygon","coordinates":[[[-84.619242,39.264915],[-84.617621,39.264594],[-84.617765,39.264156],[-84.6193,39.264235],[-84.619242,39.264915]]]}},{"type":"Feature","properties":{"pid":"051001840055"},"geometry":{"type":"Polygon","coordinates":[[[-84.620602,39.254278],[-84.620568,39.25423],[-84.621189,39.253968],[-84.62099,39.253683],[-84.621195,39.253333],[-84.621975,39.253525],[-84.621959,39.253705],[-84.620602,39.254278]]]}},{"type":"Feature","properties":{"pid":"051001840056"},"geometry":{"type":"Polygon","coordinates":[[[-84.621882,39.254635],[-84.621677,39.254667],[-84.621256,39.254064],[-84.620636,39.254326],[-84.620602,39.254278],[-84.621959,39.253705],[-84.621882,39.254635]]]}},{"type":"Feature","properties":{"pid":"051001840067"},"geometry":{"type":"Polygon","coordinates":[[[-84.620876,39.256881],[-84.620804,39.256887],[-84.620856,39.256447],[-84.620749,39.256223],[-84.621817,39.255422],[-84.621729,39.256483],[-84.620929,39.256426],[-84.620876,39.256881]]]}},{"type":"Feature","properties":{"pid":"051001840069"},"geometry":{"type":"Polygon","coordinates":[[[-84.621679,39.257089],[-84.621111,39.257003],[-84.621068,39.256902],[-84.621582,39.256472],[-84.621729,39.256483],[-84.621679,39.257089]]]}},{"type":"Feature","properties":{"pid":"051001840070"},"geometry":{"type":"Polygon","coordinates":[[[-84.621621,39.257781],[-84.621349,39.25775],[-84.621022,39.257085],[-84.621111,39.257003],[-84.621679,39.257089],[-84.621621,39.257781]]]}},{"type":"Feature","properties":{"pid":"051001840077"},"geometry":{"type":"Polygon","coordinates":[[[-84.621557,39.258543],[-84.61957,39.258312],[-84.619581,39.258258],[-84.620279,39.258339],[-84.620414,39.257641],[-84.621621,39.257781],[-84.621557,39.258543]]]}},{"type":"Feature","properties":{"pid":"051002510002"},"geometry":{"type":"Polygon","coordinates":[[[-84.625368,39.259587],[-84.62336,39.259592],[-84.623471,39.258318],[-84.625484,39.258317],[-84.625368,39.259587]]]}},{"type":"Feature","properties":{"pid":"051002510004"},"geometry":{"type":"Polygon","coordinates":[[[-84.626059,39.252238],[-84.625826,39.254668],[-84.623352,39.254679],[-84.623289,39.25529],[-84.621833,39.25523],[-84.622078,39.252241],[-84.626059,39.252238]]]}},{"type":"Feature","properties":{"pid":"051002510092"},"geometry":{"type":"Polygon","coordinates":[[[-84.625716,39.255824],[-84.62344,39.255844],[-84.623272,39.255458],[-84.623352,39.254679],[-84.625826,39.254668],[-84.625716,39.255824]]]}},{"type":"Feature","properties":{"pid":"051002510097"},"geometry":{"type":"Polygon","coordinates":[[[-84.625716,39.255824],[-84.625602,39.257057],[-84.623586,39.257051],[-84.623649,39.256327],[-84.62344,39.255844],[-84.625716,39.255824]]]}},{"type":"Feature","properties":{"pid":"051002510098"},"geometry":{"type":"Polygon","coordinates":[[[-84.625484,39.258317],[-84.623471,39.258318],[-84.623586,39.257051],[-84.625602,39.257057],[-84.625484,39.258317]]]}},{"type":"Feature","properties":{"pid":"051002510099"},"geometry":{"type":"Polygon","coordinates":[[[-84.621626,39.25772],[-84.62172,39.256587],[-84.623556,39.256674],[-84.623463,39.257767],[-84.621626,39.25772]]]}},{"type":"Feature","properties":{"pid":"051002510100"},"geometry":{"type":"Polygon","coordinates":[[[-84.623368,39.258902],[-84.621531,39.258856],[-84.621626,39.25772],[-84.623463,39.257767],[-84.623368,39.258902]]]}},{"type":"Feature","properties":{"pid":"051002510101"},"geometry":{"type":"Polygon","coordinates":[[[-84.623556,39.256674],[-84.62172,39.256587],[-84.621833,39.25523],[-84.623225,39.255287],[-84.623212,39.255453],[-84.623592,39.256337],[-84.623556,39.256674]]]}},{"type":"Feature","properties":{"pid":"051002510102"},"geometry":{"type":"Polygon","coordinates":[[[-84.622842,39.26096],[-84.622779,39.260958],[-84.622854,39.260097],[-84.622776,39.259762],[-84.622849,39.258889],[-84.623368,39.258902],[-84.623251,39.260232],[-84.622909,39.260219],[-84.622842,39.26096]]]}},{"type":"Feature","properties":{"pid":"051002510103"},"geometry":{"type":"Polygon","coordinates":[[[-84.622854,39.260097],[-84.622779,39.260958],[-84.622724,39.260956],[-84.622799,39.260126],[-84.622708,39.259765],[-84.622734,39.259462],[-84.621483,39.259421],[-84.621531,39.258856],[-84.622849,39.258889],[-84.622776,39.259762],[-84.622854,39.260097]]]}},{"type":"Feature","properties":{"pid":"051002510104"},"geometry":{"type":"Polygon","coordinates":[[[-84.622724,39.260956],[-84.622672,39.260954],[-84.622738,39.26017],[-84.621683,39.260136],[-84.621671,39.260261],[-84.621409,39.26025],[-84.621483,39.259421],[-84.622734,39.259462],[-84.622708,39.259765],[-84.622799,39.260126],[-84.622724,39.260956]]]}},{"type":"Feature","properties":{"pid":"051002520023"},"geometry":{"type":"Polygon","coordinates":[[[-84.626757,39.260129],[-84.62661,39.260317],[-84.625355,39.259725],[-84.625368,39.259587],[-84.625603,39.259585],[-84.626757,39.260129]]]}},{"type":"Feature","properties":{"pid":"051002520051"},"geometry":{"type":"Polygon","coordinates":[[[-84.622664,39.261049],[-84.622138,39.261035],[-84.622214,39.260154],[-84.622738,39.26017],[-84.622664,39.261049]]]}},{"type":"Feature","properties":{"pid":"051002520052"},"geometry":{"type":"Polygon","coordinates":[[[-84.621608,39.261015],[-84.621683,39.260136],[-84.622214,39.260154],[-84.622138,39.261035],[-84.621608,39.261015]]]}},{"type":"Feature","properties":{"pid":"051001820047"},"geometry":{"type":"Polygon","coordinates":[[[-84.605945,39.262338],[-84.605531,39.26229],[-84.605699,39.261453],[-84.606113,39.261503],[-84.605945,39.262338]]]}},{"type":"Feature","properties":{"pid":"051002520050"},"geometry":{"type":"Polygon","coordinates":[[[-84.622834,39.261059],[-84.622889,39.260422],[-84.623235,39.260441],[-84.623175,39.261145],[-84.622834,39.261059]]]}},{"type":"Feature","properties":{"pid":"051001820127"},"geometry":{"type":"Polygon","coordinates":[[[-84.611205,39.259586],[-84.611288,39.258514],[-84.61217,39.258616],[-84.612092,39.259627],[-84.611205,39.259586]]]}},{"type":"Feature","properties":{"pid":"051001820128"},"geometry":{"type":"Polygon","coordinates":[[[-84.609749,39.258775],[-84.609783,39.258339],[-84.610427,39.258426],[-84.610381,39.258805],[-84.609749,39.258775]]]}},{"type":"Feature","properties":{"pid":"051001820129"},"geometry":{"type":"Polygon","coordinates":[[[-84.61036,39.259079],[-84.609654,39.259046],[-84.609675,39.258771],[-84.610381,39.258805],[-84.61036,39.259079]]]}},{"type":"Feature","properties":{"pid":"051001820130"},"geometry":{"type":"Polygon","coordinates":[[[-84.609633,39.25932],[-84.609654,39.259046],[-84.61036,39.259079],[-84.610339,39.259353],[-84.609633,39.25932]]]}},{"type":"Feature","properties":{"pid":"051001820131"},"geometry":{"type":"Polygon","coordinates":[[[-84.609612,39.259594],[-84.609633,39.25932],[-84.610339,39.259353],[-84.610317,39.259627],[-84.609612,39.259594]]]}},{"type":"Feature","properties":{"pid":"051001820132"},"geometry":{"type":"Polygon","coordinates":[[[-84.609591,39.259868],[-84.609612,39.259594],[-84.610317,39.259627],[-84.610296,39.259901],[-84.609591,39.259868]]]}},{"type":"Feature","properties":{"pid":"051001820135"},"geometry":{"type":"Polygon","coordinates":[[[-84.609507,39.260954],[-84.60953,39.260648],[-84.61036,39.260374],[-84.610498,39.260627],[-84.609507,39.260954]]]}},{"type":"Feature","properties":{"pid":"051001810029"},"geometry":{"type":"Polygon","coordinates":[[[-84.61378,39.25936],[-84.613397,39.259314],[-84.613437,39.25876],[-84.613821,39.258805],[-84.61378,39.25936]]]}},{"type":"Feature","properties":{"pid":"051001810036"},"geometry":{"type":"Polygon","coordinates":[[[-84.614049,39.260243],[-84.613335,39.260216],[-84.613358,39.25989],[-84.614066,39.260046],[-84.614049,39.260243]]]}},{"type":"Feature","properties":{"pid":"051002700277"},"geometry":{"type":"Polygon","coordinates":[[[-84.626119,39.287266],[-84.62672,39.286979],[-84.627088,39.287152],[-84.627519,39.286734],[-84.627766,39.286328],[-84.627776,39.285859],[-84.627457,39.285581],[-84.627793,39.285457],[-84.628327,39.285379],[-84.628291,39.286943],[-84.626604,39.287732],[-84.626357,39.287414],[-84.626119,39.287266]]]}},{"type":"Feature","properties":{"pid":"051002700278"},"geometry":{"type":"Polygon","coordinates":[[[-84.625218,39.286802],[-84.62596,39.286133],[-84.627457,39.285581],[-84.627776,39.285859],[-84.627766,39.286328],[-84.627519,39.286734],[-84.627088,39.287152],[-84.62672,39.286979],[-84.626119,39.287266],[-84.625509,39.286888],[-84.625218,39.286802]]]}},{"type":"Feature","properties":{"pid":"051001840275"},"geometry":{"type":"Polygon","coordinates":[[[-84.616033,39.257482],[-84.615907,39.257957],[-84.615751,39.258202],[-84.61574,39.258571],[-84.615612,39.258933],[-84.615507,39.258921],[-84.615635,39.258557],[-84.615607,39.257876],[-84.615079,39.257734],[-84.61516,39.256678],[-84.616092,39.256721],[-84.616033,39.257482]]]}},{"type":"Feature","properties":{"pid":"051001840280"},"geometry":{"type":"Polygon","coordinates":[[[-84.61342,39.255098],[-84.613829,39.254837],[-84.613863,39.254886],[-84.613489,39.255126],[-84.613458,39.255513],[-84.613948,39.255606],[-84.614222,39.255791],[-84.614383,39.255645],[-84.61457,39.25577],[-84.614327,39.255992],[-84.613775,39.255923],[-84.613767,39.256001],[-84.613352,39.255954],[-84.61342,39.255098]]]}},{"type":"Feature","properties":{"pid":"051001840162"},"geometry":{"type":"Polygon","coordinates":[[[-84.615034,39.258327],[-84.615001,39.258752],[-84.614398,39.258683],[-84.614429,39.258276],[-84.615034,39.258327]]]}},{"type":"Feature","properties":{"pid":"051001840172"},"geometry":{"type":"Polygon","coordinates":[[[-84.613699,39.256688],[-84.613735,39.256345],[-84.614447,39.256405],[-84.614392,39.256921],[-84.614384,39.256745],[-84.613699,39.256688]]]}},{"type":"Feature","properties":{"pid":"051001840173"},"geometry":{"type":"Polygon","coordinates":[[[-84.613666,39.257001],[-84.613699,39.256688],[-84.614384,39.256745],[-84.614365,39.256923],[-84.614271,39.256972],[-84.614251,39.25705],[-84.613666,39.257001]]]}},{"type":"Feature","properties":{"pid":"051001840174"},"geometry":{"type":"Polygon","coordinates":[[[-84.613632,39.257316],[-84.613666,39.257001],[-84.614251,39.25705],[-84.614255,39.257368],[-84.613632,39.257316]]]}},{"type":"Feature","properties":{"pid":"051001840175"},"geometry":{"type":"Polygon","coordinates":[[[-84.613482,39.257594],[-84.613493,39.257461],[-84.613616,39.257475],[-84.613632,39.257316],[-84.614255,39.257368],[-84.614215,39.257655],[-84.613482,39.257594]]]}},{"type":"Feature","properties":{"pid":"051001840176"},"geometry":{"type":"Polygon","coordinates":[[[-84.613467,39.257769],[-84.613482,39.257594],[-84.614215,39.257655],[-84.614153,39.258037],[-84.613467,39.257769]]]}},{"type":"Feature","properties":{"pid":"051001840177"},"geometry":{"type":"Polygon","coordinates":[[[-84.613467,39.257769],[-84.614153,39.258037],[-84.614038,39.25814],[-84.613562,39.258308],[-84.613401,39.258568],[-84.613467,39.257769]]]}},{"type":"Feature","properties":{"pid":"051001840164"},"geometry":{"type":"Polygon","coordinates":[[[-84.615057,39.258017],[-84.615034,39.258327],[-84.614429,39.258276],[-84.614255,39.258171],[-84.614351,39.257958],[-84.615057,39.258017]]]}},{"type":"Feature","properties":{"pid":"051001840165"},"geometry":{"type":"Polygon","coordinates":[[[-84.615081,39.257709],[-84.615057,39.258017],[-84.614351,39.257958],[-84.614393,39.257652],[-84.615081,39.257709]]]}},{"type":"Feature","properties":{"pid":"051001840166"},"geometry":{"type":"Polygon","coordinates":[[[-84.615105,39.257394],[-84.615081,39.257709],[-84.614393,39.257652],[-84.614436,39.257338],[-84.615105,39.257394]]]}},{"type":"Feature","properties":{"pid":"051001840167"},"geometry":{"type":"Polygon","coordinates":[[[-84.615128,39.257092],[-84.615105,39.257394],[-84.614436,39.257338],[-84.61453,39.257042],[-84.615128,39.257092]]]}},{"type":"Feature","properties":{"pid":"051001840168"},"geometry":{"type":"Polygon","coordinates":[[[-84.615153,39.256763],[-84.615128,39.257092],[-84.61453,39.257042],[-84.614469,39.25694],[-84.614494,39.256708],[-84.615153,39.256763]]]}},{"type":"Feature","properties":{"pid":"051001840169"},"geometry":{"type":"Polygon","coordinates":[[[-84.614494,39.256708],[-84.614469,39.25694],[-84.614481,39.256584],[-84.615204,39.256097],[-84.615153,39.256763],[-84.614494,39.256708]]]}},{"type":"Feature","properties":{"pid":"051001840171"},"geometry":{"type":"Polygon","coordinates":[[[-84.614418,39.256923],[-84.614447,39.256405],[-84.613735,39.256345],[-84.613775,39.255923],[-84.614488,39.256011],[-84.614418,39.256923]]]}},{"type":"Feature","properties":{"pid":"051001840170"},"geometry":{"type":"Polygon","coordinates":[[[-84.614418,39.256923],[-84.614488,39.256011],[-84.615204,39.256097],[-84.614481,39.256584],[-84.614418,39.256923]]]}},{"type":"Feature","properties":{"pid":"051001840267"},"geometry":{"type":"Polygon","coordinates":[[[-84.614993,39.258862],[-84.61505,39.258116],[-84.615614,39.258142],[-84.615507,39.258921],[-84.614993,39.258862]]]}},{"type":"Feature","properties":{"pid":"051001840008"},"geometry":{"type":"Polygon","coordinates":[[[-84.613391,39.258678],[-84.612798,39.258606],[-84.612838,39.258129],[-84.613,39.258149],[-84.613025,39.257845],[-84.613457,39.257897],[-84.613391,39.258678]]]}},{"type":"Feature","properties":{"pid":"051001840014"},"geometry":{"type":"Polygon","coordinates":[[[-84.612452,39.256676],[-84.612472,39.25643],[-84.613711,39.256572],[-84.613685,39.256818],[-84.612452,39.256676]]]}},{"type":"Feature","properties":{"pid":"051001840010"},"geometry":{"type":"Polygon","coordinates":[[[-84.612953,39.257866],[-84.612959,39.257795],[-84.613029,39.257804],[-84.613,39.258149],[-84.612337,39.258069],[-84.612359,39.257795],[-84.612953,39.257866]]]}},{"type":"Feature","properties":{"pid":"051001840016"},"geometry":{"type":"Polygon","coordinates":[[[-84.61248,39.256334],[-84.612497,39.256128],[-84.613743,39.256271],[-84.613721,39.256476],[-84.61248,39.256334]]]}},{"type":"Feature","properties":{"pid":"051001840013"},"geometry":{"type":"Polygon","coordinates":[[[-84.612407,39.257216],[-84.612452,39.256676],[-84.613685,39.256818],[-84.613628,39.257356],[-84.612407,39.257216]]]}},{"type":"Feature","properties":{"pid":"051001600235"},"geometry":{"type":"Polygon","coordinates":[[[-84.61462,39.281975],[-84.614166,39.281008],[-84.619499,39.28176],[-84.619289,39.283891],[-84.615319,39.283084],[-84.614075,39.283448],[-84.613518,39.282279],[-84.61462,39.281975]]]}},{"type":"Feature","properties":{"pid":"051002700119"},"geometry":{"type":"Polygon","coordinates":[[[-84.636871,39.282299],[-84.635377,39.282339],[-84.635349,39.281479],[-84.6366,39.281456],[-84.636888,39.282225],[-84.636871,39.282299]]]}},{"type":"Feature","properties":{"pid":"051002700019"},"geometry":{"type":"Polygon","coordinates":[[[-84.623106,39.29637],[-84.623377,39.296161],[-84.623844,39.296272],[-84.624009,39.296349],[-84.623106,39.29637]]]}},{"type":"Feature","properties":{"pid":"051002700038"},"geometry":{"type":"Polygon","coordinates":[[[-84.642365,39.288105],[-84.643363,39.288499],[-84.643875,39.288569],[-84.643727,39.291436],[-84.641649,39.291378],[-84.641747,39.289701],[-84.641322,39.288622],[-84.64203,39.288146],[-84.642365,39.288105]]]}},{"type":"Feature","properties":{"pid":"051002700039"},"geometry":{"type":"Polygon","coordinates":[[[-84.620049,39.28796],[-84.618891,39.28791],[-84.61891,39.287725],[-84.620109,39.287552],[-84.620049,39.28796]]]}},{"type":"Feature","properties":{"pid":"051002700042"},"geometry":{"type":"Polygon","coordinates":[[[-84.618044,39.296486],[-84.618199,39.294913],[-84.61909,39.294952],[-84.619416,39.295435],[-84.619341,39.295466],[-84.619671,39.295907],[-84.619929,39.296116],[-84.620629,39.296425],[-84.618044,39.296486]]]}},{"type":"Feature","properties":{"pid":"051002700049"},"geometry":{"type":"Polygon","coordinates":[[[-84.618763,39.28921],[-84.618861,39.288218],[-84.619825,39.288277],[-84.619392,39.288634],[-84.618763,39.28921]]]}},{"type":"Feature","properties":{"pid":"051002700050"},"geometry":{"type":"Polygon","coordinates":[[[-84.61891,39.287725],[-84.618955,39.287264],[-84.620131,39.287346],[-84.620109,39.287552],[-84.61891,39.287725]]]}},{"type":"Feature","properties":{"pid":"051001600038"},"geometry":{"type":"Polygon","coordinates":[[[-84.618586,39.291002],[-84.617924,39.290908],[-84.61755,39.290328],[-84.618243,39.289927],[-84.618686,39.289991],[-84.618586,39.291002]]]}},{"type":"Feature","properties":{"pid":"051001600062"},"geometry":{"type":"Polygon","coordinates":[[[-84.618552,39.291345],[-84.61739,39.291174],[-84.617149,39.290797],[-84.618586,39.291002],[-84.618552,39.291345]]]}},{"type":"Feature","properties":{"pid":"051001600063"},"geometry":{"type":"Polygon","coordinates":[[[-84.618526,39.291609],[-84.617593,39.291475],[-84.61739,39.291174],[-84.618552,39.291345],[-84.618526,39.291609]]]}},{"type":"Feature","properties":{"pid":"051001600236"},"geometry":{"type":"Polygon","coordinates":[[[-84.619234,39.284447],[-84.618208,39.284302],[-84.617339,39.28469],[-84.616329,39.283313],[-84.615328,39.283109],[-84.614088,39.283475],[-84.614075,39.283448],[-84.615319,39.283084],[-84.619289,39.283891],[-84.619234,39.284447]]]}},{"type":"Feature","properties":{"pid":"051001600239"},"geometry":{"type":"Polygon","coordinates":[[[-84.616329,39.283313],[-84.617339,39.28469],[-84.618208,39.284302],[-84.619234,39.284447],[-84.619105,39.285745],[-84.617946,39.28558],[-84.616307,39.283343],[-84.61532,39.283141],[-84.614101,39.283503],[-84.614088,39.283475],[-84.615328,39.283109],[-84.616329,39.283313]]]}},{"type":"Feature","properties":{"pid":"051002700004"},"geometry":{"type":"Polygon","coordinates":[[[-84.628949,39.294944],[-84.627892,39.294959],[-84.62795,39.293745],[-84.629701,39.293697],[-84.629623,39.295014],[-84.628949,39.294944]]]}},{"type":"Feature","properties":{"pid":"051002700006"},"geometry":{"type":"Polygon","coordinates":[[[-84.630942,39.293663],[-84.626803,39.293777],[-84.62686,39.292637],[-84.630995,39.292523],[-84.630942,39.293663]]]}},{"type":"Feature","properties":{"pid":"051002700162"},"geometry":{"type":"Polygon","coordinates":[[[-84.625297,39.296318],[-84.624974,39.296007],[-84.624842,39.29609],[-84.624342,39.29564],[-84.624735,39.295369],[-84.625686,39.296309],[-84.625297,39.296318]]]}},{"type":"Feature","properties":{"pid":"051002700164"},"geometry":{"type":"Polygon","coordinates":[[[-84.642159,39.285798],[-84.640437,39.285837],[-84.640377,39.284066],[-84.641796,39.284476],[-84.64213,39.284671],[-84.642159,39.285798]]]}},{"type":"Feature","properties":{"pid":"051002700165"},"geometry":{"type":"Polygon","coordinates":[[[-84.637008,39.285311],[-84.635944,39.285337],[-84.635693,39.28368],[-84.6369,39.283473],[-84.637032,39.283537],[-84.637008,39.285311]]]}},{"type":"Feature","properties":{"pid":"051002700173"},"geometry":{"type":"Polygon","coordinates":[[[-84.627039,39.29586],[-84.625858,39.294713],[-84.625813,39.29467],[-84.62616,39.294566],[-84.626754,39.294698],[-84.626746,39.294861],[-84.626999,39.294954],[-84.627039,39.29586]]]}},{"type":"Feature","properties":{"pid":"051002700175"},"geometry":{"type":"Polygon","coordinates":[[[-84.627639,39.295866],[-84.627103,39.295771],[-84.627072,39.294966],[-84.627602,39.295059],[-84.627639,39.295866]]]}},{"type":"Feature","properties":{"pid":"051002700176"},"geometry":{"type":"Polygon","coordinates":[[[-84.6282,39.295854],[-84.627639,39.295866],[-84.627602,39.295059],[-84.628172,39.295121],[-84.6282,39.295854]]]}},{"type":"Feature","properties":{"pid":"051002700178"},"geometry":{"type":"Polygon","coordinates":[[[-84.628874,39.296232],[-84.62796,39.296254],[-84.62795,39.29586],[-84.628785,39.295838],[-84.628756,39.295103],[-84.628804,39.295102],[-84.628874,39.296232]]]}},{"type":"Feature","properties":{"pid":"051002700199"},"geometry":{"type":"Polygon","coordinates":[[[-84.639297,39.295518],[-84.639231,39.294726],[-84.63887,39.294703],[-84.638902,39.294638],[-84.639912,39.294702],[-84.639856,39.295552],[-84.639297,39.295518]]]}},{"type":"Feature","properties":{"pid":"051002700200"},"geometry":{"type":"Polygon","coordinates":[[[-84.638876,39.294568],[-84.639357,39.294597],[-84.639431,39.293872],[-84.63997,39.293908],[-84.639912,39.294702],[-84.638902,39.294638],[-84.638876,39.294568]]]}},{"type":"Feature","properties":{"pid":"051002700202"},"geometry":{"type":"Polygon","coordinates":[[[-84.6387,39.294525],[-84.638811,39.293394],[-84.640001,39.293468],[-84.63997,39.293908],[-84.638842,39.293837],[-84.638768,39.29452],[-84.6387,39.294525]]]}},{"type":"Feature","properties":{"pid":"051002700203"},"geometry":{"type":"Polygon","coordinates":[[[-84.638629,39.294533],[-84.638804,39.292838],[-84.640051,39.292682],[-84.640001,39.293468],[-84.638811,39.293394],[-84.6387,39.294525],[-84.638629,39.294533]]]}},{"type":"Feature","properties":{"pid":"051002700204"},"geometry":{"type":"Polygon","coordinates":[[[-84.638558,39.294541],[-84.638631,39.293822],[-84.637985,39.293783],[-84.637253,39.293867],[-84.637215,39.293037],[-84.638804,39.292838],[-84.638629,39.294533],[-84.638558,39.294541]]]}},{"type":"Feature","properties":{"pid":"051002700208"},"geometry":{"type":"Polygon","coordinates":[[[-84.636499,39.294153],[-84.637065,39.294767],[-84.637005,39.294801],[-84.636435,39.294188],[-84.636002,39.294555],[-84.635567,39.294563],[-84.635477,39.293254],[-84.637215,39.293037],[-84.637253,39.293867],[-84.636499,39.294153]]]}},{"type":"Feature","properties":{"pid":"051001840012"},"geometry":{"type":"Polygon","coordinates":[[[-84.612384,39.25749],[-84.612407,39.257216],[-84.613628,39.257356],[-84.613616,39.257475],[-84.613493,39.257461],[-84.61348,39.257617],[-84.612384,39.25749]]]}},{"type":"Feature","properties":{"pid":"051001840011"},"geometry":{"type":"Polygon","coordinates":[[[-84.613464,39.257809],[-84.612963,39.257749],[-84.612959,39.257795],[-84.612365,39.257723],[-84.612384,39.25749],[-84.61348,39.257617],[-84.613464,39.257809]]]}},{"type":"Feature","properties":{"pid":"051001840009"},"geometry":{"type":"Polygon","coordinates":[[[-84.612798,39.258606],[-84.612297,39.258546],[-84.612337,39.258069],[-84.612838,39.258129],[-84.612798,39.258606]]]}},{"type":"Feature","properties":{"pid":"051001840273"},"geometry":{"type":"Polygon","coordinates":[[[-84.616908,39.259082],[-84.616328,39.259015],[-84.616385,39.25831],[-84.616342,39.25823],[-84.615907,39.257957],[-84.616033,39.257482],[-84.616092,39.256721],[-84.61516,39.256678],[-84.615204,39.256097],[-84.617128,39.256354],[-84.616908,39.259082]]]}},{"type":"Feature","properties":{"pid":"051001110015"},"geometry":{"type":"Polygon","coordinates":[[[-84.603056,39.257451],[-84.602595,39.257426],[-84.602658,39.25669],[-84.60311,39.256721],[-84.603056,39.257451]]]}},{"type":"Feature","properties":{"pid":"051001110016"},"geometry":{"type":"Polygon","coordinates":[[[-84.600138,39.254806],[-84.603282,39.254953],[-84.603145,39.256723],[-84.601104,39.256601],[-84.600138,39.254806]]]}},{"type":"Feature","properties":{"pid":"051001110225"},"geometry":{"type":"Polygon","coordinates":[[[-84.602595,39.257426],[-84.602161,39.257402],[-84.602215,39.257044],[-84.602621,39.256687],[-84.602658,39.25669],[-84.602595,39.257426]]]}},{"type":"Feature","properties":{"pid":"051001110231"},"geometry":{"type":"Polygon","coordinates":[[[-84.601104,39.256601],[-84.600829,39.256592],[-84.599836,39.254792],[-84.600138,39.254806],[-84.600211,39.254905],[-84.601104,39.256601]]]}},{"type":"Feature","properties":{"pid":"051001110233"},"geometry":{"type":"Polygon","coordinates":[[[-84.601384,39.257277],[-84.6012,39.257265],[-84.600829,39.256592],[-84.601016,39.256598],[-84.601326,39.257252],[-84.601384,39.257277]]]}},{"type":"Feature","properties":{"pid":"051002700066"},"geometry":{"type":"Polygon","coordinates":[[[-84.632868,39.291226],[-84.632891,39.291106],[-84.63332,39.291076],[-84.633185,39.293406],[-84.630952,39.293462],[-84.631105,39.290596],[-84.631512,39.290564],[-84.631674,39.290735],[-84.632119,39.291063],[-84.632692,39.291224],[-84.632868,39.291226]]]}},{"type":"Feature","properties":{"pid":"051002700067"},"geometry":{"type":"Polygon","coordinates":[[[-84.635656,39.290465],[-84.635481,39.293358],[-84.633185,39.293406],[-84.633324,39.291005],[-84.634564,39.290819],[-84.635656,39.290465]]]}},{"type":"Feature","properties":{"pid":"051002700077"},"geometry":{"type":"Polygon","coordinates":[[[-84.643875,39.288569],[-84.643363,39.288499],[-84.642813,39.288258],[-84.642699,39.287863],[-84.642383,39.287374],[-84.643995,39.286357],[-84.643875,39.288569]]]}},{"type":"Feature","properties":{"pid":"051002700080"},"geometry":{"type":"Polygon","coordinates":[[[-84.638293,39.285288],[-84.638492,39.283676],[-84.638534,39.283668],[-84.638375,39.2849],[-84.640407,39.284856],[-84.640437,39.285837],[-84.638316,39.285881],[-84.638293,39.285288]]]}},{"type":"Feature","properties":{"pid":"051002700083"},"geometry":{"type":"Polygon","coordinates":[[[-84.634063,39.285372],[-84.633502,39.285371],[-84.633504,39.284752],[-84.634468,39.284681],[-84.634441,39.283767],[-84.635419,39.283746],[-84.635659,39.283618],[-84.636892,39.283407],[-84.635667,39.283634],[-84.635417,39.283767],[-84.634477,39.283787],[-84.634536,39.285256],[-84.634063,39.285372]]]}},{"type":"Feature","properties":{"pid":"051002700087"},"geometry":{"type":"Polygon","coordinates":[[[-84.635416,39.283726],[-84.633955,39.283733],[-84.634516,39.281494],[-84.635349,39.281479],[-84.635438,39.283249],[-84.635416,39.283726]]]}},{"type":"Feature","properties":{"pid":"051002700099"},"geometry":{"type":"Polygon","coordinates":[[[-84.635438,39.283249],[-84.635385,39.282642],[-84.636909,39.282602],[-84.636833,39.282932],[-84.636321,39.283222],[-84.635438,39.283249]]]}},{"type":"Feature","properties":{"pid":"051002700107"},"geometry":{"type":"Polygon","coordinates":[[[-84.627892,39.294959],[-84.626754,39.294698],[-84.626773,39.294348],[-84.627925,39.294307],[-84.627892,39.294959]]]}},{"type":"Feature","properties":{"pid":"051002700115"},"geometry":{"type":"Polygon","coordinates":[[[-84.627253,39.296071],[-84.626834,39.29608],[-84.625543,39.294828],[-84.625813,39.29467],[-84.627253,39.296071]]]}},{"type":"Feature","properties":{"pid":"051002700127"},"geometry":{"type":"Polygon","coordinates":[[[-84.643995,39.286357],[-84.642383,39.287374],[-84.64229,39.287256],[-84.642184,39.286819],[-84.642175,39.286502],[-84.64401,39.28608],[-84.643995,39.286357]]]}},{"type":"Feature","properties":{"pid":"051002700128"},"geometry":{"type":"Polygon","coordinates":[[[-84.624217,39.296344],[-84.623626,39.296119],[-84.624342,39.29564],[-84.624842,39.29609],[-84.624974,39.296007],[-84.625297,39.296318],[-84.624217,39.296344]]]}},{"type":"Feature","properties":{"pid":"051002700129"},"geometry":{"type":"Polygon","coordinates":[[[-84.64401,39.28608],[-84.642175,39.286502],[-84.642139,39.285079],[-84.644066,39.285034],[-84.64401,39.28608]]]}},{"type":"Feature","properties":{"pid":"051002700132"},"geometry":{"type":"Polygon","coordinates":[[[-84.641848,39.281363],[-84.641691,39.284446],[-84.640969,39.284247],[-84.641101,39.281373],[-84.641848,39.281363]]]}},{"type":"Feature","properties":{"pid":"051002700140"},"geometry":{"type":"Polygon","coordinates":[[[-84.619453,39.294296],[-84.618948,39.293537],[-84.619549,39.293314],[-84.620045,39.29407],[-84.619453,39.294296]]]}},{"type":"Feature","properties":{"pid":"051001830659"},"geometry":{"type":"Polygon","coordinates":[[[-84.603617,39.25741],[-84.603063,39.257348],[-84.603092,39.256956],[-84.603677,39.256884],[-84.603802,39.257001],[-84.603617,39.25741]]]}},{"type":"Feature","properties":{"pid":"051001830661"},"geometry":{"type":"Polygon","coordinates":[[[-84.603617,39.25741],[-84.603063,39.257348],[-84.603092,39.256956],[-84.603677,39.256884],[-84.603802,39.257001],[-84.603617,39.25741]]]}},{"type":"Feature","properties":{"pid":"051001830660"},"geometry":{"type":"Polygon","coordinates":[[[-84.603617,39.25741],[-84.603063,39.257348],[-84.603092,39.256956],[-84.603677,39.256884],[-84.603802,39.257001],[-84.603617,39.25741]]]}},{"type":"Feature","properties":{"pid":"051001830662"},"geometry":{"type":"Polygon","coordinates":[[[-84.603617,39.25741],[-84.603063,39.257348],[-84.603092,39.256956],[-84.603677,39.256884],[-84.603802,39.257001],[-84.603617,39.25741]]]}},{"type":"Feature","properties":{"pid":"051001830685"},"geometry":{"type":"Polygon","coordinates":[[[-84.603092,39.256956],[-84.603165,39.256474],[-84.603703,39.256499],[-84.603677,39.256884],[-84.603092,39.256956]]]}},{"type":"Feature","properties":{"pid":"051001830684"},"geometry":{"type":"Polygon","coordinates":[[[-84.603092,39.256956],[-84.603165,39.256474],[-84.603703,39.256499],[-84.603677,39.256884],[-84.603092,39.256956]]]}},{"type":"Feature","properties":{"pid":"051001830687"},"geometry":{"type":"Polygon","coordinates":[[[-84.603092,39.256956],[-84.603165,39.256474],[-84.603703,39.256499],[-84.603677,39.256884],[-84.603092,39.256956]]]}},{"type":"Feature","properties":{"pid":"051001830683"},"geometry":{"type":"Polygon","coordinates":[[[-84.603092,39.256956],[-84.603165,39.256474],[-84.603703,39.256499],[-84.603677,39.256884],[-84.603092,39.256956]]]}},{"type":"Feature","properties":{"pid":"051001830688"},"geometry":{"type":"Polygon","coordinates":[[[-84.603092,39.256956],[-84.603165,39.256474],[-84.603703,39.256499],[-84.603677,39.256884],[-84.603092,39.256956]]]}},{"type":"Feature","properties":{"pid":"051001830686"},"geometry":{"type":"Polygon","coordinates":[[[-84.603092,39.256956],[-84.603165,39.256474],[-84.603703,39.256499],[-84.603677,39.256884],[-84.603092,39.256956]]]}},{"type":"Feature","properties":{"pid":"051002700215"},"geometry":{"type":"Polygon","coordinates":[[[-84.633866,39.294488],[-84.633904,39.295296],[-84.633833,39.295279],[-84.63379,39.294381],[-84.634124,39.293382],[-84.635481,39.293358],[-84.635529,39.294025],[-84.634592,39.294044],[-84.633866,39.294488]]]}},{"type":"Feature","properties":{"pid":"051002700216"},"geometry":{"type":"Polygon","coordinates":[[[-84.633833,39.295279],[-84.633761,39.295261],[-84.633718,39.294476],[-84.633239,39.294392],[-84.633185,39.293406],[-84.634124,39.293382],[-84.63379,39.294381],[-84.633833,39.295279]]]}},{"type":"Feature","properties":{"pid":"051002700219"},"geometry":{"type":"Polygon","coordinates":[[[-84.632672,39.295216],[-84.632602,39.295218],[-84.632551,39.294354],[-84.632697,39.294348],[-84.632644,39.293421],[-84.633185,39.293406],[-84.633239,39.294392],[-84.632618,39.294403],[-84.632672,39.295216]]]}},{"type":"Feature","properties":{"pid":"051002700220"},"geometry":{"type":"Polygon","coordinates":[[[-84.632602,39.295218],[-84.63253,39.295219],[-84.632468,39.294245],[-84.631232,39.293455],[-84.632644,39.293421],[-84.632697,39.294348],[-84.632551,39.294354],[-84.632602,39.295218]]]}},{"type":"Feature","properties":{"pid":"051002700221"},"geometry":{"type":"Polygon","coordinates":[[[-84.63253,39.295219],[-84.632458,39.295221],[-84.632408,39.294413],[-84.631287,39.294435],[-84.631232,39.293455],[-84.632468,39.294245],[-84.63253,39.295219]]]}},{"type":"Feature","properties":{"pid":"051002700227"},"geometry":{"type":"Polygon","coordinates":[[[-84.629706,39.295022],[-84.629623,39.295014],[-84.629701,39.293697],[-84.630942,39.293663],[-84.630952,39.293462],[-84.631232,39.293455],[-84.631296,39.294187],[-84.630151,39.29422],[-84.62973,39.294436],[-84.629706,39.295022]]]}},{"type":"Feature","properties":{"pid":"051002700229"},"geometry":{"type":"Polygon","coordinates":[[[-84.638293,39.285288],[-84.637046,39.285314],[-84.637065,39.283553],[-84.637196,39.283617],[-84.637985,39.283779],[-84.638492,39.283676],[-84.638293,39.285288]]]}},{"type":"Feature","properties":{"pid":"051002700231"},"geometry":{"type":"Polygon","coordinates":[[[-84.640407,39.284856],[-84.638375,39.2849],[-84.638534,39.283668],[-84.639001,39.283573],[-84.639512,39.283666],[-84.639859,39.283908],[-84.640377,39.284066],[-84.640407,39.284856]]]}},{"type":"Feature","properties":{"pid":"051002700232"},"geometry":{"type":"Polygon","coordinates":[[[-84.637025,39.287351],[-84.636251,39.287366],[-84.635944,39.285337],[-84.637008,39.285311],[-84.637032,39.283537],[-84.637065,39.283553],[-84.637046,39.285314],[-84.637102,39.286905],[-84.637007,39.286908],[-84.637025,39.287351]]]}},{"type":"Feature","properties":{"pid":"051002700254"},"geometry":{"type":"Polygon","coordinates":[[[-84.634468,39.284681],[-84.633165,39.284777],[-84.63317,39.283453],[-84.634018,39.283756],[-84.635421,39.283726],[-84.63565,39.283604],[-84.63689,39.28339],[-84.635659,39.283618],[-84.635419,39.283746],[-84.634441,39.283767],[-84.634468,39.284681]]]}},{"type":"Feature","properties":{"pid":"051002700255"},"geometry":{"type":"Polygon","coordinates":[[[-84.635883,39.284934],[-84.634588,39.284978],[-84.634546,39.283827],[-84.635415,39.283808],[-84.635684,39.283665],[-84.636898,39.283456],[-84.635693,39.28368],[-84.635883,39.284934]]]}},{"type":"Feature","properties":{"pid":"051002700256"},"geometry":{"type":"Polygon","coordinates":[[[-84.636038,39.285957],[-84.634582,39.285987],[-84.634512,39.283807],[-84.635416,39.283788],[-84.635676,39.283649],[-84.636896,39.28344],[-84.635684,39.283665],[-84.635415,39.283808],[-84.634546,39.283827],[-84.634588,39.284978],[-84.635883,39.284934],[-84.636038,39.285957]]]}},{"type":"Feature","properties":{"pid":"051002700258"},"geometry":{"type":"Polygon","coordinates":[[[-84.634512,39.283807],[-84.634582,39.285987],[-84.633159,39.286016],[-84.633165,39.284777],[-84.633504,39.284752],[-84.633502,39.285371],[-84.634063,39.285372],[-84.634536,39.285256],[-84.634477,39.283787],[-84.635417,39.283767],[-84.635667,39.283634],[-84.636894,39.283423],[-84.635676,39.283649],[-84.635416,39.283788],[-84.634512,39.283807]]]}},{"type":"Feature","properties":{"pid":"051002700263"},"geometry":{"type":"Polygon","coordinates":[[[-84.640051,39.292682],[-84.638604,39.292863],[-84.638325,39.291517],[-84.638917,39.291443],[-84.639039,39.289501],[-84.639075,39.289492],[-84.638953,39.291438],[-84.640139,39.29129],[-84.640051,39.292682]]]}},{"type":"Feature","properties":{"pid":"051002700268"},"geometry":{"type":"Polygon","coordinates":[[[-84.626754,39.294698],[-84.626276,39.294575],[-84.62602,39.294587],[-84.626074,39.293575],[-84.626812,39.293599],[-84.626754,39.294698]]]}},{"type":"Feature","properties":{"pid":"051003000036"},"geometry":{"type":"Polygon","coordinates":[[[-84.645065,39.289835],[-84.643809,39.289784],[-84.643875,39.288569],[-84.644865,39.288721],[-84.645121,39.288698],[-84.645065,39.289835]]]}},{"type":"Feature","properties":{"pid":"051003000009"},"geometry":{"type":"Polygon","coordinates":[[[-84.64906,39.28851],[-84.649827,39.289637],[-84.649794,39.289953],[-84.647757,39.289849],[-84.647664,39.289349],[-84.647691,39.288763],[-84.648114,39.288727],[-84.64813,39.288754],[-84.648166,39.288723],[-84.648638,39.288684],[-84.64906,39.28851]]]}},{"type":"Feature","properties":{"pid":"051003000010"},"geometry":{"type":"MultiPolygon","coordinates":[[[[-84.651007,39.288674],[-84.651116,39.288986],[-84.651154,39.289381],[-84.651368,39.289861],[-84.649852,39.289487],[-84.649648,39.289176],[-84.649686,39.289161],[-84.649187,39.288426],[-84.649482,39.288368],[-84.650326,39.288511],[-84.651005,39.28852],[-84.651007,39.288674]]],[[[-84.651667,39.289936],[-84.651592,39.289855],[-84.651344,39.289271],[-84.651333,39.288937],[-84.651456,39.288622],[-84.653211,39.289017],[-84.653057,39.290647],[-84.651891,39.28999],[-84.651667,39.289936]]]]}},{"type":"Feature","properties":{"pid":"051003000013"},"geometry":{"type":"Polygon","coordinates":[[[-84.653449,39.286386],[-84.652652,39.286285],[-84.652851,39.285417],[-84.653886,39.285533],[-84.653449,39.286386]]]}},{"type":"Feature","properties":{"pid":"051003000021"},"geometry":{"type":"Polygon","coordinates":[[[-84.653886,39.285533],[-84.652851,39.285417],[-84.652939,39.285031],[-84.653982,39.285138],[-84.653886,39.285533]]]}},{"type":"Feature","properties":{"pid":"051003000023"},"geometry":{"type":"Polygon","coordinates":[[[-84.653982,39.285138],[-84.652939,39.285031],[-84.653009,39.284734],[-84.654045,39.284799],[-84.653982,39.285138]]]}},{"type":"Feature","properties":{"pid":"051003000026"},"geometry":{"type":"Polygon","coordinates":[[[-84.654045,39.284799],[-84.653009,39.284734],[-84.653082,39.284425],[-84.654104,39.284479],[-84.654045,39.284799]]]}},{"type":"Feature","properties":{"pid":"051003000049"},"geometry":{"type":"Polygon","coordinates":[[[-84.647038,39.28864],[-84.646829,39.288667],[-84.646215,39.288631],[-84.646352,39.286113],[-84.647182,39.286135],[-84.647038,39.28864]]]}},{"type":"Feature","properties":{"pid":"051003000047"},"geometry":{"type":"Polygon","coordinates":[[[-84.6504,39.286316],[-84.650326,39.288511],[-84.649482,39.288368],[-84.649187,39.288426],[-84.648961,39.288575],[-84.648638,39.288684],[-84.648166,39.288723],[-84.648174,39.28867],[-84.648086,39.288682],[-84.648114,39.288727],[-84.647691,39.288763],[-84.647352,39.288599],[-84.647472,39.286238],[-84.6504,39.286316]]]}},{"type":"Feature","properties":{"pid":"051001830001"},"geometry":{"type":"Polygon","coordinates":[[[-84.612297,39.258546],[-84.611796,39.258488],[-84.611846,39.257881],[-84.61235,39.257907],[-84.612297,39.258546]]]}},{"type":"Feature","properties":{"pid":"051001830008"},"geometry":{"type":"Polygon","coordinates":[[[-84.61237,39.257665],[-84.61014,39.257556],[-84.610169,39.257279],[-84.612393,39.257384],[-84.61237,39.257665]]]}},{"type":"Feature","properties":{"pid":"051001840126"},"geometry":{"type":"Polygon","coordinates":[[[-84.614064,39.255064],[-84.614241,39.255551],[-84.613458,39.255513],[-84.613489,39.255126],[-84.613863,39.254886],[-84.613957,39.255024],[-84.614064,39.255064]]]}},{"type":"Feature","properties":{"pid":"051001840127"},"geometry":{"type":"Polygon","coordinates":[[[-84.61457,39.25577],[-84.614241,39.255551],[-84.614064,39.255064],[-84.614163,39.255035],[-84.614332,39.254875],[-84.615013,39.255368],[-84.61457,39.25577]]]}},{"type":"Feature","properties":{"pid":"051001840128"},"geometry":{"type":"Polygon","coordinates":[[[-84.614332,39.254875],[-84.614385,39.254838],[-84.615059,39.255327],[-84.615715,39.255501],[-84.615478,39.256134],[-84.614327,39.255992],[-84.615013,39.255368],[-84.614332,39.254875]]]}},{"type":"Feature","properties":{"pid":"051001840129"},"geometry":{"type":"Polygon","coordinates":[[[-84.615735,39.255448],[-84.615096,39.255278],[-84.614433,39.254798],[-84.614476,39.254754],[-84.615151,39.255243],[-84.615558,39.254874],[-84.616089,39.254826],[-84.616549,39.255031],[-84.615735,39.255448]]]}},{"type":"Feature","properties":{"pid":"051001840140"},"geometry":{"type":"Polygon","coordinates":[[[-84.61584,39.253858],[-84.615633,39.253213],[-84.615936,39.253125],[-84.61646,39.253586],[-84.616148,39.253783],[-84.61584,39.253858]]]}},{"type":"Feature","properties":{"pid":"051001840145"},"geometry":{"type":"Polygon","coordinates":[[[-84.614038,39.254818],[-84.613648,39.254439],[-84.614053,39.254182],[-84.614539,39.254406],[-84.614273,39.254731],[-84.614114,39.254833],[-84.614038,39.254818]]]}},{"type":"Feature","properties":{"pid":"051001830009"},"geometry":{"type":"Polygon","coordinates":[[[-84.610199,39.257],[-84.612416,39.257103],[-84.612393,39.257384],[-84.610169,39.257279],[-84.610199,39.257]]]}},{"type":"Feature","properties":{"pid":"051001830010"},"geometry":{"type":"Polygon","coordinates":[[[-84.612416,39.257103],[-84.610199,39.257],[-84.610227,39.256731],[-84.612439,39.256836],[-84.612416,39.257103]]]}},{"type":"Feature","properties":{"pid":"051001830013"},"geometry":{"type":"Polygon","coordinates":[[[-84.612498,39.256119],[-84.611576,39.256136],[-84.611347,39.255685],[-84.612528,39.255743],[-84.612498,39.256119]]]}},{"type":"Feature","properties":{"pid":"051001820159"},"geometry":{"type":"Polygon","coordinates":[[[-84.602568,39.259348],[-84.602621,39.259241],[-84.603278,39.259114],[-84.603344,39.259168],[-84.603499,39.259574],[-84.602783,39.25974],[-84.602568,39.259348]]]}},{"type":"Feature","properties":{"pid":"051001820160"},"geometry":{"type":"Polygon","coordinates":[[[-84.602783,39.25974],[-84.603499,39.259574],[-84.603557,39.259772],[-84.603501,39.259992],[-84.603319,39.260166],[-84.60308,39.260229],[-84.602783,39.25974]]]}},{"type":"Feature","properties":{"pid":"051002700174"},"geometry":{"type":"Polygon","coordinates":[[[-84.62796,39.296254],[-84.625684,39.296307],[-84.62548,39.296107],[-84.627253,39.296071],[-84.627039,39.29586],[-84.626999,39.294954],[-84.627072,39.294966],[-84.627103,39.295771],[-84.627644,39.295867],[-84.62795,39.29586],[-84.62796,39.296254]]]}},{"type":"Feature","properties":{"pid":"051002800108"},"geometry":{"type":"Polygon","coordinates":[[[-84.631515,39.299625],[-84.633617,39.299994],[-84.63353,39.30089],[-84.632467,39.300724],[-84.632675,39.299891],[-84.6315,39.299678],[-84.631515,39.299625]]]}},{"type":"Feature","properties":{"pid":"051002800109"},"geometry":{"type":"Polygon","coordinates":[[[-84.633617,39.299994],[-84.631515,39.299625],[-84.63153,39.299571],[-84.6327,39.299779],[-84.632757,39.299566],[-84.633706,39.299074],[-84.633617,39.299994]]]}},{"type":"Feature","properties":{"pid":"051002800112"},"geometry":{"type":"Polygon","coordinates":[[[-84.632456,39.298503],[-84.633728,39.298849],[-84.633706,39.299074],[-84.633139,39.299366],[-84.63219,39.298878],[-84.632369,39.298691],[-84.632456,39.298503]]]}},{"type":"Feature","properties":{"pid":"051002800113"},"geometry":{"type":"Polygon","coordinates":[[[-84.632532,39.298071],[-84.633761,39.29851],[-84.633728,39.298849],[-84.632456,39.298503],[-84.632532,39.298071]]]}},{"type":"Feature","properties":{"pid":"051002800114"},"geometry":{"type":"Polygon","coordinates":[[[-84.632532,39.298071],[-84.63288,39.297712],[-84.633787,39.298242],[-84.633761,39.29851],[-84.632532,39.298071]]]}},{"type":"Feature","properties":{"pid":"051002800115"},"geometry":{"type":"Polygon","coordinates":[[[-84.633252,39.297409],[-84.633848,39.297614],[-84.633787,39.298242],[-84.63288,39.297712],[-84.633252,39.297409]]]}},{"type":"Feature","properties":{"pid":"051002800116"},"geometry":{"type":"Polygon","coordinates":[[[-84.633344,39.296775],[-84.633931,39.296756],[-84.633848,39.297614],[-84.633252,39.297409],[-84.633233,39.297288],[-84.63335,39.297074],[-84.633344,39.296775]]]}},{"type":"Feature","properties":{"pid":"051002800117"},"geometry":{"type":"Polygon","coordinates":[[[-84.633249,39.296127],[-84.633994,39.296109],[-84.633931,39.296756],[-84.633344,39.296775],[-84.63335,39.297074],[-84.633233,39.297288],[-84.633177,39.297255],[-84.633282,39.297066],[-84.633249,39.296127]]]}},{"type":"Feature","properties":{"pid":"051002800165"},"geometry":{"type":"Polygon","coordinates":[[[-84.627294,39.296269],[-84.627922,39.296254],[-84.627823,39.297578],[-84.627213,39.297875],[-84.62711,39.29926],[-84.627044,39.299192],[-84.627294,39.296269]]]}},{"type":"Feature","properties":{"pid":"051002800085"},"geometry":{"type":"Polygon","coordinates":[[[-84.625962,39.2963],[-84.627294,39.296269],[-84.627174,39.297448],[-84.625721,39.297474],[-84.625962,39.2963]]]}},{"type":"Feature","properties":{"pid":"051002800018"},"geometry":{"type":"Polygon","coordinates":[[[-84.625276,39.298045],[-84.625606,39.298034],[-84.625721,39.297474],[-84.627174,39.297448],[-84.62705,39.299116],[-84.625582,39.298551],[-84.625276,39.298045]]]}},{"type":"Feature","properties":{"pid":"051002800045"},"geometry":{"type":"Polygon","coordinates":[[[-84.624949,39.297086],[-84.625849,39.296848],[-84.625806,39.297059],[-84.625489,39.297143],[-84.625482,39.297177],[-84.625104,39.297276],[-84.624949,39.297086]]]}},{"type":"Feature","properties":{"pid":"051002800046"},"geometry":{"type":"Polygon","coordinates":[[[-84.624949,39.297086],[-84.624784,39.296935],[-84.625891,39.296643],[-84.625849,39.296848],[-84.624949,39.297086]]]}},{"type":"Feature","properties":{"pid":"051002800163"},"geometry":{"type":"Polygon","coordinates":[[[-84.62711,39.29926],[-84.627213,39.297875],[-84.627823,39.297578],[-84.627922,39.296254],[-84.628582,39.296239],[-84.62848,39.297615],[-84.627845,39.297632],[-84.627245,39.297924],[-84.627142,39.299299],[-84.62711,39.29926]]]}},{"type":"Feature","properties":{"pid":"051001820048"},"geometry":{"type":"Polygon","coordinates":[[[-84.605062,39.261605],[-84.6052,39.261621],[-84.60526,39.2614],[-84.605699,39.261453],[-84.605531,39.26229],[-84.604944,39.26222],[-84.605062,39.261605]]]}},{"type":"Feature","properties":{"pid":"051001820049"},"geometry":{"type":"Polygon","coordinates":[[[-84.604626,39.262186],[-84.604749,39.261569],[-84.605062,39.261605],[-84.604944,39.26222],[-84.604626,39.262186]]]}},{"type":"Feature","properties":{"pid":"051001820050"},"geometry":{"type":"Polygon","coordinates":[[[-84.604114,39.262219],[-84.603968,39.262029],[-84.604706,39.261783],[-84.604626,39.262186],[-84.604324,39.262175],[-84.604114,39.262219]]]}},{"type":"Feature","properties":{"pid":"051002800208"},"geometry":{"type":"Polygon","coordinates":[[[-84.646788,39.299958],[-84.647025,39.300186],[-84.646188,39.300524],[-84.644171,39.301787],[-84.643261,39.302439],[-84.640086,39.300778],[-84.640758,39.29824],[-84.643258,39.298305],[-84.647953,39.299228],[-84.646788,39.299958]]]}},{"type":"Feature","properties":{"pid":"051001810017"},"geometry":{"type":"Polygon","coordinates":[[[-84.613188,39.262356],[-84.612392,39.262262],[-84.61265,39.258588],[-84.612704,39.258595],[-84.612631,39.259678],[-84.613367,39.25976],[-84.613188,39.262356]]]}},{"type":"Feature","properties":{"pid":"051001810060"},"geometry":{"type":"Polygon","coordinates":[[[-84.613441,39.258684],[-84.613367,39.25976],[-84.613008,39.25972],[-84.613088,39.258641],[-84.613441,39.258684]]]}},{"type":"Feature","properties":{"pid":"051001810061"},"geometry":{"type":"Polygon","coordinates":[[[-84.613008,39.25972],[-84.612631,39.259678],[-84.612704,39.258595],[-84.613088,39.258641],[-84.613008,39.25972]]]}},{"type":"Feature","properties":{"pid":"051001820051"},"geometry":{"type":"Polygon","coordinates":[[[-84.603857,39.261827],[-84.604664,39.261559],[-84.604749,39.261569],[-84.604706,39.261783],[-84.603968,39.262028],[-84.603857,39.261827]]]}},{"type":"Feature","properties":{"pid":"051001820052"},"geometry":{"type":"Polygon","coordinates":[[[-84.603644,39.261441],[-84.604664,39.261559],[-84.603857,39.261827],[-84.603644,39.261441]]]}},{"type":"Feature","properties":{"pid":"051001820053"},"geometry":{"type":"Polygon","coordinates":[[[-84.603555,39.261195],[-84.60526,39.2614],[-84.6052,39.261621],[-84.603644,39.261441],[-84.603555,39.261195]]]}},{"type":"Feature","properties":{"pid":"051001600054"},"geometry":{"type":"Polygon","coordinates":[[[-84.610344,39.283052],[-84.607274,39.283047],[-84.606903,39.282551],[-84.60859,39.280519],[-84.609115,39.280669],[-84.609648,39.280369],[-84.610553,39.2805],[-84.610344,39.283052]]]}},{"type":"Feature","properties":{"pid":"051001600057"},"geometry":{"type":"Polygon","coordinates":[[[-84.60537,39.279782],[-84.609648,39.280369],[-84.609115,39.280669],[-84.608462,39.280483],[-84.60775,39.280483],[-84.606463,39.280761],[-84.606302,39.280867],[-84.606226,39.280783],[-84.605437,39.280803],[-84.60537,39.279782]]]}},{"type":"Feature","properties":{"pid":"051001600123"},"geometry":{"type":"Polygon","coordinates":[[[-84.610371,39.282764],[-84.610553,39.2805],[-84.611691,39.280659],[-84.611951,39.281214],[-84.612326,39.28129],[-84.612973,39.281107],[-84.613109,39.281403],[-84.612113,39.281686],[-84.612356,39.282201],[-84.610371,39.282764]]]}},{"type":"Feature","properties":{"pid":"051001700003"},"geometry":{"type":"Polygon","coordinates":[[[-84.61178,39.278635],[-84.612781,39.278181],[-84.613013,39.278676],[-84.611956,39.278982],[-84.61178,39.278635]]]}},{"type":"Feature","properties":{"pid":"051001700011"},"geometry":{"type":"Polygon","coordinates":[[[-84.608395,39.273832],[-84.608653,39.274296],[-84.608546,39.275824],[-84.60818,39.280169],[-84.60537,39.279782],[-84.605312,39.279057],[-84.605138,39.278098],[-84.608395,39.273832]]]}},{"type":"Feature","properties":{"pid":"051001700041"},"geometry":{"type":"Polygon","coordinates":[[[-84.610356,39.27676],[-84.611327,39.276473],[-84.611602,39.276835],[-84.61063,39.277122],[-84.610356,39.27676]]]}},{"type":"Feature","properties":{"pid":"051001700061"},"geometry":{"type":"Polygon","coordinates":[[[-84.610059,39.280118],[-84.609646,39.280369],[-84.60818,39.280169],[-84.60833,39.279626],[-84.609082,39.279165],[-84.610059,39.280118]]]}},{"type":"Feature","properties":{"pid":"051001700121"},"geometry":{"type":"Polygon","coordinates":[[[-84.610365,39.276774],[-84.609529,39.276961],[-84.609386,39.276685],[-84.610166,39.276509],[-84.610365,39.276774]]]}},{"type":"Feature","properties":{"pid":"051001700153"},"geometry":{"type":"Polygon","coordinates":[[[-84.612277,39.279661],[-84.612506,39.280132],[-84.611421,39.280443],[-84.611335,39.27993],[-84.612277,39.279661]]]}},{"type":"Feature","properties":{"pid":"051001700156"},"geometry":{"type":"Polygon","coordinates":[[[-84.611421,39.280443],[-84.612506,39.280132],[-84.612841,39.28082],[-84.611441,39.280624],[-84.611421,39.280443]]]}},{"type":"Feature","properties":{"pid":"051001700039"},"geometry":{"type":"Polygon","coordinates":[[[-84.613075,39.268686],[-84.612066,39.268584],[-84.612154,39.267715],[-84.613149,39.267936],[-84.613075,39.268686]]]}},{"type":"Feature","properties":{"pid":"051001810018"},"geometry":{"type":"Polygon","coordinates":[[[-84.612049,39.262223],[-84.612152,39.260813],[-84.61231,39.258632],[-84.612645,39.258667],[-84.612392,39.262262],[-84.612049,39.262223]]]}},{"type":"Feature","properties":{"pid":"051001700089"},"geometry":{"type":"Polygon","coordinates":[[[-84.613003,39.270605],[-84.613293,39.26797],[-84.614973,39.268376],[-84.614746,39.270817],[-84.613003,39.270605]]]}},{"type":"Feature","properties":{"pid":"051001700127"},"geometry":{"type":"Polygon","coordinates":[[[-84.612941,39.266022],[-84.613476,39.266098],[-84.613315,39.267975],[-84.612771,39.267848],[-84.612941,39.266022]]]}},{"type":"Feature","properties":{"pid":"051001810022"},"geometry":{"type":"Polygon","coordinates":[[[-84.613983,39.26617],[-84.612907,39.266018],[-84.613077,39.264151],[-84.614162,39.264244],[-84.613983,39.26617]]]}},{"type":"Feature","properties":{"pid":"051001810021"},"geometry":{"type":"Polygon","coordinates":[[[-84.612907,39.266018],[-84.61287,39.266012],[-84.613098,39.263462],[-84.613137,39.262349],[-84.614313,39.262493],[-84.614157,39.264243],[-84.613077,39.264151],[-84.612907,39.266018]]]}},{"type":"Feature","properties":{"pid":"051001700072"},"geometry":{"type":"Polygon","coordinates":[[[-84.614461,39.268245],[-84.614004,39.268134],[-84.614191,39.266197],[-84.614704,39.266261],[-84.614461,39.268245]]]}},{"type":"Feature","properties":{"pid":"051001700160"},"geometry":{"type":"Polygon","coordinates":[[[-84.612777,39.277703],[-84.611515,39.278286],[-84.610993,39.2776],[-84.612775,39.277583],[-84.612777,39.277703]]]}},{"type":"Feature","properties":{"pid":"051001700162"},"geometry":{"type":"Polygon","coordinates":[[[-84.610512,39.279844],[-84.610966,39.27957],[-84.611367,39.279961],[-84.611441,39.280624],[-84.611272,39.2806],[-84.610512,39.279844]]]}},{"type":"Feature","properties":{"pid":"051001700164"},"geometry":{"type":"Polygon","coordinates":[[[-84.61178,39.278635],[-84.611515,39.278286],[-84.612777,39.277703],[-84.612781,39.278181],[-84.61178,39.278635]]]}},{"type":"Feature","properties":{"pid":"051001700002"},"geometry":{"type":"Polygon","coordinates":[[[-84.611952,39.278973],[-84.612277,39.279661],[-84.611335,39.27993],[-84.610966,39.27957],[-84.611952,39.278973]]]}},{"type":"Feature","properties":{"pid":"051001700188"},"geometry":{"type":"Polygon","coordinates":[[[-84.609208,39.279078],[-84.609153,39.279112],[-84.608273,39.27906],[-84.608429,39.277207],[-84.610365,39.276774],[-84.611806,39.278668],[-84.611952,39.278973],[-84.61019,39.280039],[-84.609208,39.279078]]]}},{"type":"Feature","properties":{"pid":"051001700155"},"geometry":{"type":"Polygon","coordinates":[[[-84.610512,39.279844],[-84.610577,39.279909],[-84.611272,39.2806],[-84.609646,39.280369],[-84.610512,39.279844]]]}},{"type":"Feature","properties":{"pid":"051001700033"},"geometry":{"type":"Polygon","coordinates":[[[-84.612026,39.267174],[-84.611841,39.267165],[-84.611792,39.26763],[-84.611636,39.267593],[-84.611817,39.265873],[-84.612159,39.265912],[-84.612026,39.267174]]]}},{"type":"Feature","properties":{"pid":"051002800008"},"geometry":{"type":"Polygon","coordinates":[[[-84.631044,39.302449],[-84.633364,39.302606],[-84.633227,39.303994],[-84.63183,39.303874],[-84.630929,39.303645],[-84.631044,39.302449]]]}},{"type":"Feature","properties":{"pid":"051002700091"},"geometry":{"type":"Polygon","coordinates":[[[-84.641747,39.289701],[-84.641366,39.295938],[-84.639835,39.295973],[-84.640273,39.289152],[-84.640757,39.288997],[-84.641322,39.288622],[-84.641747,39.289701]]]}},{"type":"Feature","properties":{"pid":"051002700189"},"geometry":{"type":"Polygon","coordinates":[[[-84.634616,39.296095],[-84.633873,39.296112],[-84.633837,39.295427],[-84.634274,39.295534],[-84.6346,39.295536],[-84.634616,39.296095]]]}},{"type":"Feature","properties":{"pid":"051002700190"},"geometry":{"type":"Polygon","coordinates":[[[-84.635397,39.296076],[-84.634616,39.296095],[-84.6346,39.295536],[-84.635363,39.295526],[-84.635397,39.296076]]]}},{"type":"Feature","properties":{"pid":"051002700191"},"geometry":{"type":"Polygon","coordinates":[[[-84.636164,39.296059],[-84.635397,39.296076],[-84.635363,39.295526],[-84.636133,39.295505],[-84.636164,39.296059]]]}},{"type":"Feature","properties":{"pid":"051002700192"},"geometry":{"type":"Polygon","coordinates":[[[-84.636133,39.295505],[-84.636506,39.29537],[-84.637008,39.295822],[-84.637025,39.296039],[-84.636164,39.296059],[-84.636133,39.295505]]]}},{"type":"Feature","properties":{"pid":"051002700195"},"geometry":{"type":"Polygon","coordinates":[[[-84.637876,39.294664],[-84.638009,39.295489],[-84.63802,39.296016],[-84.637025,39.296039],[-84.637007,39.295814],[-84.63751,39.295414],[-84.637926,39.295437],[-84.63781,39.294671],[-84.637876,39.294664]]]}},{"type":"Feature","properties":{"pid":"051002700196"},"geometry":{"type":"Polygon","coordinates":[[[-84.639856,39.295552],[-84.639835,39.295973],[-84.63802,39.296016],[-84.638009,39.295489],[-84.637876,39.294664],[-84.637946,39.294659],[-84.638073,39.295441],[-84.639856,39.295552]]]}},{"type":"Feature","properties":{"pid":"051002800101"},"geometry":{"type":"Polygon","coordinates":[[[-84.632243,39.302531],[-84.632483,39.30165],[-84.632582,39.301669],[-84.632684,39.301621],[-84.633421,39.302016],[-84.633364,39.302606],[-84.632243,39.302531]]]}},{"type":"Feature","properties":{"pid":"051002800102"},"geometry":{"type":"Polygon","coordinates":[[[-84.633458,39.300879],[-84.63353,39.30089],[-84.633421,39.302016],[-84.632684,39.301621],[-84.632708,39.30155],[-84.632669,39.301483],[-84.633458,39.300879]]]}},{"type":"Feature","properties":{"pid":"051002500125"},"geometry":{"type":"Polygon","coordinates":[[[-84.637117,39.252785],[-84.637214,39.252272],[-84.637554,39.252271],[-84.637523,39.252835],[-84.637117,39.252785]]]}},{"type":"Feature","properties":{"pid":"051002500058"},"geometry":{"type":"Polygon","coordinates":[[[-84.640325,39.252605],[-84.641365,39.252935],[-84.641305,39.254138],[-84.640735,39.254291],[-84.640158,39.253655],[-84.639989,39.253116],[-84.639264,39.252231],[-84.640176,39.25223],[-84.640005,39.252417],[-84.640325,39.252605]]]}},{"type":"Feature","properties":{"pid":"051002500254"},"geometry":{"type":"Polygon","coordinates":[[[-84.63495,39.25228],[-84.635056,39.25228],[-84.637214,39.252272],[-84.637117,39.252785],[-84.63492,39.252531],[-84.63495,39.25228]]]}},{"type":"Feature","properties":{"pid":"051002500060"},"geometry":{"type":"Polygon","coordinates":[[[-84.637522,39.252865],[-84.637556,39.252232],[-84.639264,39.252231],[-84.639989,39.253116],[-84.640158,39.253655],[-84.640735,39.254291],[-84.639631,39.254657],[-84.638902,39.253517],[-84.637483,39.25358],[-84.637498,39.25331],[-84.637849,39.25332],[-84.637872,39.252876],[-84.637522,39.252865]]]}},{"type":"Feature","properties":{"pid":"051002500186"},"geometry":{"type":"Polygon","coordinates":[[[-84.63492,39.252531],[-84.637147,39.252789],[-84.637093,39.254303],[-84.637446,39.254462],[-84.637383,39.255994],[-84.63385,39.256019],[-84.633982,39.255547],[-84.634197,39.25533],[-84.634712,39.254934],[-84.634876,39.254695],[-84.634906,39.254421],[-84.634719,39.253878],[-84.634723,39.253583],[-84.634731,39.253343],[-84.63492,39.252531]]]}},{"type":"Feature","properties":{"pid":"051002510011"},"geometry":{"type":"Polygon","coordinates":[[[-84.630133,39.259238],[-84.630201,39.258469],[-84.630644,39.258559],[-84.630581,39.259327],[-84.630133,39.259238]]]}},{"type":"Feature","properties":{"pid":"051002510012"},"geometry":{"type":"Polygon","coordinates":[[[-84.629903,39.259188],[-84.629973,39.258365],[-84.630207,39.258388],[-84.630135,39.259211],[-84.629903,39.259188]]]}},{"type":"Feature","properties":{"pid":"051002510008"},"geometry":{"type":"Polygon","coordinates":[[[-84.631214,39.259502],[-84.630976,39.259458],[-84.631008,39.259065],[-84.631248,39.259043],[-84.631214,39.259502]]]}},{"type":"Feature","properties":{"pid":"051002510078"},"geometry":{"type":"Polygon","coordinates":[[[-84.629735,39.258342],[-84.629663,39.259192],[-84.62942,39.259167],[-84.629493,39.258319],[-84.629735,39.258342]]]}},{"type":"Feature","properties":{"pid":"051002500143"},"geometry":{"type":"Polygon","coordinates":[[[-84.636952,39.260262],[-84.636326,39.260185],[-84.635827,39.260004],[-84.635867,39.259044],[-84.636891,39.259069],[-84.636982,39.259554],[-84.636952,39.260262]]]}},{"type":"Feature","properties":{"pid":"051001700147"},"geometry":{"type":"Polygon","coordinates":[[[-84.611344,39.270403],[-84.61164,39.267593],[-84.611715,39.267612],[-84.61154,39.268857],[-84.612032,39.268889],[-84.611858,39.270466],[-84.611344,39.270403]]]}},{"type":"Feature","properties":{"pid":"051001700047"},"geometry":{"type":"Polygon","coordinates":[[[-84.61154,39.268857],[-84.611715,39.267612],[-84.612154,39.267715],[-84.612032,39.268889],[-84.61154,39.268857]]]}},{"type":"Feature","properties":{"pid":"051001820065"},"geometry":{"type":"Polygon","coordinates":[[[-84.605304,39.257829],[-84.605225,39.258812],[-84.604946,39.258779],[-84.605021,39.257836],[-84.605117,39.257808],[-84.605304,39.257829]]]}},{"type":"Feature","properties":{"pid":"051001140063"},"geometry":{"type":"Polygon","coordinates":[[[-84.602301,39.259026],[-84.602169,39.258784],[-84.602196,39.258735],[-84.602177,39.2587],[-84.602132,39.258715],[-84.60201,39.258494],[-84.60301,39.258551],[-84.602975,39.258991],[-84.602732,39.259042],[-84.602301,39.259026]]]}},{"type":"Feature","properties":{"pid":"051001140064"},"geometry":{"type":"Polygon","coordinates":[[[-84.601785,39.258057],[-84.601649,39.257462],[-84.601745,39.25738],[-84.603098,39.257453],[-84.60301,39.258551],[-84.60201,39.258494],[-84.601785,39.258057]]]}},{"type":"Feature","properties":{"pid":"051002510010"},"geometry":{"type":"Polygon","coordinates":[[[-84.630581,39.259327],[-84.630644,39.258559],[-84.630956,39.258623],[-84.630897,39.259393],[-84.630581,39.259327]]]}},{"type":"Feature","properties":{"pid":"051002500009"},"geometry":{"type":"Polygon","coordinates":[[[-84.631786,39.259538],[-84.631441,39.259517],[-84.63149,39.258973],[-84.631255,39.258961],[-84.631284,39.258604],[-84.63187,39.258642],[-84.631786,39.259538]]]}},{"type":"Feature","properties":{"pid":"051001600105"},"geometry":{"type":"Polygon","coordinates":[[[-84.616311,39.29231],[-84.616319,39.292445],[-84.617266,39.292575],[-84.617279,39.29297],[-84.616063,39.292806],[-84.616229,39.292314],[-84.616311,39.29231]]]}},{"type":"Feature","properties":{"pid":"051002600113"},"geometry":{"type":"Polygon","coordinates":[[[-84.628265,39.273123],[-84.627812,39.274225],[-84.627347,39.273971],[-84.627962,39.272969],[-84.628265,39.273123]]]}},{"type":"Feature","properties":{"pid":"051001700067"},"geometry":{"type":"Polygon","coordinates":[[[-84.610936,39.267426],[-84.611133,39.2658],[-84.611476,39.265837],[-84.611272,39.267508],[-84.610936,39.267426]]]}},{"type":"Feature","properties":{"pid":"051001700085"},"geometry":{"type":"Polygon","coordinates":[[[-84.610839,39.270341],[-84.611129,39.267473],[-84.61164,39.267593],[-84.611603,39.267958],[-84.611557,39.268011],[-84.611344,39.270403],[-84.610839,39.270341]]]}},{"type":"Feature","properties":{"pid":"051001700178"},"geometry":{"type":"Polygon","coordinates":[[[-84.610255,39.267259],[-84.610375,39.266265],[-84.610727,39.266291],[-84.610599,39.267343],[-84.610255,39.267259]]]}},{"type":"Feature","properties":{"pid":"051001700095"},"geometry":{"type":"Polygon","coordinates":[[[-84.612311,39.267752],[-84.612502,39.26596],[-84.612797,39.266002],[-84.612635,39.267816],[-84.612311,39.267752]]]}},{"type":"Feature","properties":{"pid":"051001810019"},"geometry":{"type":"Polygon","coordinates":[[[-84.612999,39.264145],[-84.612835,39.266007],[-84.61167,39.265857],[-84.611865,39.264053],[-84.612999,39.264145]]]}},{"type":"Feature","properties":{"pid":"051001810020"},"geometry":{"type":"Polygon","coordinates":[[[-84.613098,39.263462],[-84.61287,39.266012],[-84.612835,39.266007],[-84.612999,39.264145],[-84.611865,39.264053],[-84.612049,39.262223],[-84.613137,39.262349],[-84.613098,39.263462]]]}},{"type":"Feature","properties":{"pid":"051001700066"},"geometry":{"type":"Polygon","coordinates":[[[-84.611817,39.265873],[-84.611636,39.267593],[-84.611272,39.267508],[-84.611476,39.265837],[-84.611817,39.265873]]]}},{"type":"Feature","properties":{"pid":"051001820139"},"geometry":{"type":"Polygon","coordinates":[[[-84.611222,39.261289],[-84.610775,39.260875],[-84.61082,39.260827],[-84.611233,39.26121],[-84.61212,39.261251],[-84.612049,39.262223],[-84.611158,39.262117],[-84.611222,39.261289]]]}},{"type":"Feature","properties":{"pid":"051001700091"},"geometry":{"type":"Polygon","coordinates":[[[-84.612311,39.267752],[-84.611973,39.267672],[-84.612026,39.267174],[-84.612106,39.26718],[-84.612186,39.266427],[-84.61245,39.266444],[-84.612311,39.267752]]]}},{"type":"Feature","properties":{"pid":"051001810039"},"geometry":{"type":"Polygon","coordinates":[[[-84.614272,39.260778],[-84.614171,39.26089],[-84.613357,39.261288],[-84.613314,39.261887],[-84.614346,39.262059],[-84.614313,39.262493],[-84.613188,39.262356],[-84.613264,39.261262],[-84.614124,39.260844],[-84.614213,39.260744],[-84.614272,39.260778]]]}},{"type":"Feature","properties":{"pid":"051001810043"},"geometry":{"type":"Polygon","coordinates":[[[-84.614313,39.262493],[-84.61435,39.261987],[-84.614289,39.261934],[-84.615074,39.261463],[-84.6151,39.261591],[-84.615026,39.261803],[-84.615078,39.261895],[-84.614674,39.262539],[-84.614313,39.262493]]]}},{"type":"Feature","properties":{"pid":"051001810044"},"geometry":{"type":"Polygon","coordinates":[[[-84.614674,39.262539],[-84.615078,39.261895],[-84.615143,39.261919],[-84.614749,39.262548],[-84.615185,39.262603],[-84.61504,39.264184],[-84.615569,39.264214],[-84.615385,39.266343],[-84.613983,39.26617],[-84.614313,39.262493],[-84.614674,39.262539]]]}},{"type":"Feature","properties":{"pid":"051002510013"},"geometry":{"type":"Polygon","coordinates":[[[-84.629665,39.259165],[-84.629735,39.258342],[-84.629973,39.258365],[-84.629903,39.259188],[-84.629665,39.259165]]]}},{"type":"Feature","properties":{"pid":"051002510015"},"geometry":{"type":"Polygon","coordinates":[[[-84.629179,39.259118],[-84.629246,39.258296],[-84.629493,39.258319],[-84.629422,39.259141],[-84.629179,39.259118]]]}},{"type":"Feature","properties":{"pid":"051002500086"},"geometry":{"type":"Polygon","coordinates":[[[-84.631794,39.259458],[-84.631851,39.258842],[-84.632211,39.258852],[-84.632181,39.259484],[-84.631794,39.259458]]]}},{"type":"Feature","properties":{"pid":"051001600029"},"geometry":{"type":"Polygon","coordinates":[[[-84.616319,39.292445],[-84.616311,39.29231],[-84.618058,39.29219],[-84.618227,39.292457],[-84.617144,39.292464],[-84.617141,39.292558],[-84.616319,39.292445]]]}},{"type":"Feature","properties":{"pid":"051002700170"},"geometry":{"type":"Polygon","coordinates":[[[-84.625537,39.283376],[-84.625471,39.281977],[-84.625601,39.281895],[-84.626796,39.282138],[-84.626288,39.282598],[-84.626065,39.283114],[-84.625537,39.283376]]]}},{"type":"Feature","properties":{"pid":"051001840137"},"geometry":{"type":"Polygon","coordinates":[[[-84.616887,39.253361],[-84.616527,39.252543],[-84.617427,39.252645],[-84.617364,39.253336],[-84.616887,39.253361]]]}},{"type":"Feature","properties":{"pid":"051001840139"},"geometry":{"type":"Polygon","coordinates":[[[-84.616821,39.253381],[-84.61646,39.253586],[-84.615936,39.253125],[-84.616621,39.252926],[-84.616821,39.253381]]]}},{"type":"Feature","properties":{"pid":"051001820024"},"geometry":{"type":"Polygon","coordinates":[[[-84.608675,39.263662],[-84.608325,39.263618],[-84.608495,39.262774],[-84.608848,39.262815],[-84.608675,39.263662]]]}},{"type":"Feature","properties":{"pid":"051001820025"},"geometry":{"type":"Polygon","coordinates":[[[-84.609192,39.262856],[-84.609028,39.263706],[-84.608675,39.263662],[-84.608848,39.262815],[-84.609192,39.262856]]]}},{"type":"Feature","properties":{"pid":"051001820026"},"geometry":{"type":"Polygon","coordinates":[[[-84.609028,39.263706],[-84.609192,39.262856],[-84.609545,39.262897],[-84.60938,39.263751],[-84.609028,39.263706]]]}},{"type":"Feature","properties":{"pid":"051001820027"},"geometry":{"type":"Polygon","coordinates":[[[-84.609724,39.263794],[-84.60938,39.263751],[-84.609545,39.262897],[-84.609889,39.262938],[-84.609724,39.263794]]]}},{"type":"Feature","properties":{"pid":"051001820028"},"geometry":{"type":"Polygon","coordinates":[[[-84.609724,39.263794],[-84.609889,39.262938],[-84.610244,39.262982],[-84.610072,39.263836],[-84.609724,39.263794]]]}},{"type":"Feature","properties":{"pid":"051001820029"},"geometry":{"type":"Polygon","coordinates":[[[-84.610424,39.263879],[-84.610072,39.263836],[-84.610244,39.262982],[-84.610595,39.263026],[-84.610424,39.263879]]]}},{"type":"Feature","properties":{"pid":"051001820030"},"geometry":{"type":"Polygon","coordinates":[[[-84.610594,39.263034],[-84.610949,39.26307],[-84.610777,39.263922],[-84.610424,39.263879],[-84.610594,39.263034]]]}},{"type":"Feature","properties":{"pid":"051001820031"},"geometry":{"type":"Polygon","coordinates":[[[-84.611865,39.264053],[-84.61085,39.26393],[-84.611026,39.263079],[-84.611952,39.263195],[-84.611865,39.264053]]]}},{"type":"Feature","properties":{"pid":"051001820033"},"geometry":{"type":"Polygon","coordinates":[[[-84.610974,39.262926],[-84.611134,39.262114],[-84.612049,39.262223],[-84.611969,39.263038],[-84.610974,39.262926]]]}},{"type":"Feature","properties":{"pid":"051001820036"},"geometry":{"type":"Polygon","coordinates":[[[-84.609917,39.262804],[-84.609568,39.262763],[-84.609734,39.261946],[-84.610083,39.261988],[-84.609917,39.262804]]]}},{"type":"Feature","properties":{"pid":"051001820037"},"geometry":{"type":"Polygon","coordinates":[[[-84.609568,39.262763],[-84.609216,39.262721],[-84.609377,39.261903],[-84.609734,39.261946],[-84.609568,39.262763]]]}},{"type":"Feature","properties":{"pid":"051001820038"},"geometry":{"type":"Polygon","coordinates":[[[-84.609377,39.261903],[-84.609216,39.262721],[-84.608872,39.262681],[-84.609035,39.261861],[-84.609377,39.261903]]]}},{"type":"Feature","properties":{"pid":"051001820039"},"geometry":{"type":"Polygon","coordinates":[[[-84.608872,39.262681],[-84.608521,39.262639],[-84.608683,39.261817],[-84.609035,39.261861],[-84.608872,39.262681]]]}},{"type":"Feature","properties":{"pid":"051001820040"},"geometry":{"type":"Polygon","coordinates":[[[-84.608521,39.262639],[-84.608171,39.262597],[-84.608329,39.261773],[-84.608683,39.261817],[-84.608521,39.262639]]]}},{"type":"Feature","properties":{"pid":"051001820041"},"geometry":{"type":"Polygon","coordinates":[[[-84.60795,39.261726],[-84.608329,39.261773],[-84.608171,39.262597],[-84.607787,39.262551],[-84.60795,39.261726]]]}},{"type":"Feature","properties":{"pid":"051001820043"},"geometry":{"type":"Polygon","coordinates":[[[-84.607431,39.261663],[-84.607266,39.262491],[-84.606921,39.262451],[-84.607087,39.261621],[-84.607431,39.261663]]]}},{"type":"Feature","properties":{"pid":"051001820044"},"geometry":{"type":"Polygon","coordinates":[[[-84.606921,39.262451],[-84.606641,39.262418],[-84.606807,39.261587],[-84.607087,39.261621],[-84.606921,39.262451]]]}},{"type":"Feature","properties":{"pid":"051001820045"},"geometry":{"type":"Polygon","coordinates":[[[-84.606641,39.262418],[-84.606361,39.262386],[-84.606532,39.261554],[-84.606807,39.261587],[-84.606641,39.262418]]]}},{"type":"Feature","properties":{"pid":"051001820046"},"geometry":{"type":"Polygon","coordinates":[[[-84.605945,39.262338],[-84.606113,39.261503],[-84.606532,39.261554],[-84.606361,39.262386],[-84.605945,39.262338]]]}},{"type":"Feature","properties":{"pid":"051002700169"},"geometry":{"type":"Polygon","coordinates":[[[-84.624529,39.283998],[-84.624427,39.283574],[-84.623795,39.28294],[-84.625084,39.282012],[-84.625338,39.281915],[-84.625471,39.281977],[-84.625537,39.283376],[-84.624529,39.283998]]]}},{"type":"Feature","properties":{"pid":"051002700171"},"geometry":{"type":"Polygon","coordinates":[[[-84.625601,39.281895],[-84.625693,39.2815],[-84.626883,39.281665],[-84.626796,39.282138],[-84.625601,39.281895]]]}},{"type":"Feature","properties":{"pid":"051001820120"},"geometry":{"type":"Polygon","coordinates":[[[-84.607787,39.262551],[-84.60744,39.262511],[-84.607601,39.261683],[-84.60795,39.261726],[-84.607787,39.262551]]]}},{"type":"Feature","properties":{"pid":"051002700168"},"geometry":{"type":"Polygon","coordinates":[[[-84.624097,39.281681],[-84.624151,39.281512],[-84.625448,39.281692],[-84.62533,39.281835],[-84.625338,39.281915],[-84.625084,39.282012],[-84.623795,39.28294],[-84.62356,39.282742],[-84.623224,39.282578],[-84.623942,39.281683],[-84.624097,39.281681]]]}},{"type":"Feature","properties":{"pid":"051001830209"},"geometry":{"type":"Polygon","coordinates":[[[-84.60647,39.254213],[-84.606796,39.253971],[-84.606989,39.254131],[-84.606626,39.254401],[-84.60647,39.254213]]]}},{"type":"Feature","properties":{"pid":"051001830210"},"geometry":{"type":"Polygon","coordinates":[[[-84.60647,39.254213],[-84.606364,39.254169],[-84.606394,39.253697],[-84.60644,39.253679],[-84.606796,39.253971],[-84.60647,39.254213]]]}},{"type":"Feature","properties":{"pid":"051001830211"},"geometry":{"type":"Polygon","coordinates":[[[-84.606272,39.254191],[-84.605964,39.25394],[-84.606186,39.253778],[-84.606394,39.253697],[-84.606364,39.254169],[-84.606272,39.254191]]]}},{"type":"Feature","properties":{"pid":"051001830212"},"geometry":{"type":"Polygon","coordinates":[[[-84.606272,39.254191],[-84.606098,39.254372],[-84.605757,39.25409],[-84.605964,39.25394],[-84.606272,39.254191]]]}},{"type":"Feature","properties":{"pid":"051002600217"},"geometry":{"type":"Polygon","coordinates":[[[-84.625808,39.28104],[-84.626078,39.281106],[-84.62699,39.28148],[-84.626883,39.281665],[-84.625693,39.2815],[-84.625808,39.28104]]]}},{"type":"Feature","properties":{"pid":"051003200014"},"geometry":{"type":"Polygon","coordinates":[[[-84.656835,39.255648],[-84.6593,39.255823],[-84.659038,39.258712],[-84.657877,39.25729],[-84.656977,39.25769],[-84.656447,39.257623],[-84.655996,39.259269],[-84.655919,39.259134],[-84.656835,39.255648]]]}},{"type":"Feature","properties":{"pid":"051002800097"},"geometry":{"type":"Polygon","coordinates":[[[-84.630215,39.302047],[-84.630602,39.301733],[-84.631374,39.302472],[-84.631044,39.302449],[-84.630142,39.302246],[-84.630215,39.302047]]]}},{"type":"Feature","properties":{"pid":"051002800134"},"geometry":{"type":"Polygon","coordinates":[[[-84.630377,39.301697],[-84.63004,39.302016],[-84.628391,39.301031],[-84.62879,39.30075],[-84.630377,39.301697]]]}},{"type":"Feature","properties":{"pid":"051002900002"},"geometry":{"type":"Polygon","coordinates":[[[-84.654474,39.299867],[-84.65291,39.29964],[-84.65144,39.299291],[-84.649719,39.299255],[-84.648523,39.299605],[-84.648719,39.298954],[-84.648999,39.298789],[-84.649038,39.298591],[-84.649519,39.298645],[-84.649805,39.298895],[-84.651086,39.299159],[-84.652293,39.299277],[-84.65307,39.299567],[-84.654474,39.299867]]]}},{"type":"Feature","properties":{"pid":"051001700137"},"geometry":{"type":"Polygon","coordinates":[[[-84.607405,39.271403],[-84.604748,39.271085],[-84.604775,39.270686],[-84.607372,39.270914],[-84.607405,39.271403]]]}},{"type":"Feature","properties":{"pid":"051001700165"},"geometry":{"type":"Polygon","coordinates":[[[-84.615742,39.281228],[-84.614163,39.281009],[-84.613926,39.280108],[-84.612562,39.280249],[-84.612543,39.280211],[-84.614094,39.28004],[-84.615253,39.279391],[-84.615742,39.281228]]]}},{"type":"Feature","properties":{"pid":"051001700166"},"geometry":{"type":"Polygon","coordinates":[[[-84.616802,39.281381],[-84.615742,39.281228],[-84.615253,39.279391],[-84.614094,39.28004],[-84.612543,39.280211],[-84.612525,39.280173],[-84.614081,39.280002],[-84.615458,39.279234],[-84.616482,39.280076],[-84.616955,39.280696],[-84.616802,39.281381]]]}},{"type":"Feature","properties":{"pid":"051001700167"},"geometry":{"type":"Polygon","coordinates":[[[-84.614117,39.279933],[-84.615462,39.279176],[-84.616522,39.280043],[-84.616984,39.280658],[-84.618945,39.280931],[-84.619539,39.281326],[-84.619499,39.28176],[-84.616802,39.281381],[-84.616955,39.280696],[-84.616482,39.280076],[-84.615458,39.279234],[-84.614081,39.280002],[-84.612525,39.280173],[-84.612506,39.280132],[-84.614117,39.279933]]]}},{"type":"Feature","properties":{"pid":"051001700168"},"geometry":{"type":"Polygon","coordinates":[[[-84.616984,39.280658],[-84.616522,39.280043],[-84.615462,39.279176],[-84.614066,39.27996],[-84.612506,39.280132],[-84.612484,39.280086],[-84.61405,39.279916],[-84.615885,39.278899],[-84.618945,39.280931],[-84.616984,39.280658]]]}},{"type":"Feature","properties":{"pid":"051001700169"},"geometry":{"type":"Polygon","coordinates":[[[-84.619748,39.278953],[-84.619539,39.281326],[-84.615885,39.278899],[-84.61405,39.279916],[-84.612484,39.280086],[-84.612467,39.280051],[-84.614032,39.279876],[-84.615882,39.278846],[-84.618171,39.280365],[-84.619748,39.278953]]]}},{"type":"Feature","properties":{"pid":"051001700181"},"geometry":{"type":"Polygon","coordinates":[[[-84.605654,39.27303],[-84.605272,39.272866],[-84.604024,39.27281],[-84.603806,39.272171],[-84.604549,39.272204],[-84.604648,39.271114],[-84.604748,39.271085],[-84.606749,39.271324],[-84.606767,39.271681],[-84.607466,39.271764],[-84.607448,39.271408],[-84.607554,39.27142],[-84.607588,39.272079],[-84.606302,39.272116],[-84.605654,39.27303]]]}},{"type":"Feature","properties":{"pid":"051001700132"},"geometry":{"type":"Polygon","coordinates":[[[-84.60804,39.266187],[-84.60809,39.2661],[-84.608179,39.266107],[-84.608121,39.266745],[-84.607692,39.266641],[-84.607323,39.266113],[-84.60804,39.266187]]]}},{"type":"Feature","properties":{"pid":"051001820123"},"geometry":{"type":"Polygon","coordinates":[[[-84.61167,39.265857],[-84.607903,39.265413],[-84.607908,39.265385],[-84.61059,39.265704],[-84.610777,39.263922],[-84.611865,39.264053],[-84.61167,39.265857]]]}},{"type":"Feature","properties":{"pid":"051002600054"},"geometry":{"type":"Polygon","coordinates":[[[-84.628842,39.274251],[-84.628901,39.274891],[-84.628443,39.274994],[-84.62839,39.27436],[-84.628842,39.274251]]]}},{"type":"Feature","properties":{"pid":"051002600048"},"geometry":{"type":"Polygon","coordinates":[[[-84.629218,39.27416],[-84.62839,39.27436],[-84.628616,39.272263],[-84.628743,39.271679],[-84.629448,39.271673],[-84.629218,39.27416]]]}},{"type":"Feature","properties":{"pid":"051002600168"},"geometry":{"type":"Polygon","coordinates":[[[-84.628616,39.272263],[-84.62839,39.27436],[-84.627779,39.274304],[-84.628616,39.272263]]]}},{"type":"Feature","properties":{"pid":"051002600188"},"geometry":{"type":"Polygon","coordinates":[[[-84.627173,39.277088],[-84.626301,39.27671],[-84.62659,39.276305],[-84.627313,39.276619],[-84.627173,39.277088]]]}},{"type":"Feature","properties":{"pid":"051002600189"},"geometry":{"type":"Polygon","coordinates":[[[-84.627028,39.27752],[-84.626026,39.277098],[-84.626301,39.27671],[-84.627173,39.277088],[-84.627028,39.27752]]]}},{"type":"Feature","properties":{"pid":"051002600190"},"geometry":{"type":"Polygon","coordinates":[[[-84.626664,39.277844],[-84.625763,39.277467],[-84.626026,39.277098],[-84.627028,39.27752],[-84.626664,39.277844]]]}},{"type":"Feature","properties":{"pid":"051002600191"},"geometry":{"type":"Polygon","coordinates":[[[-84.626559,39.278148],[-84.626328,39.278178],[-84.625502,39.277833],[-84.625763,39.277467],[-84.626664,39.277844],[-84.62658,39.277983],[-84.626559,39.278148]]]}},{"type":"Feature","properties":{"pid":"051002600192"},"geometry":{"type":"Polygon","coordinates":[[[-84.626718,39.278493],[-84.62629,39.278628],[-84.625246,39.278191],[-84.625502,39.277833],[-84.626328,39.278178],[-84.626559,39.278148],[-84.626718,39.278493]]]}},{"type":"Feature","properties":{"pid":"051002600193"},"geometry":{"type":"Polygon","coordinates":[[[-84.626747,39.278544],[-84.625977,39.278795],[-84.625884,39.27893],[-84.62499,39.278551],[-84.625246,39.278191],[-84.62629,39.278628],[-84.626718,39.278493],[-84.626747,39.278544]]]}},{"type":"Feature","properties":{"pid":"051002600194"},"geometry":{"type":"Polygon","coordinates":[[[-84.626775,39.278594],[-84.626031,39.27884],[-84.625693,39.279323],[-84.624729,39.278916],[-84.62499,39.278551],[-84.625884,39.27893],[-84.625977,39.278795],[-84.626747,39.278544],[-84.626775,39.278594]]]}},{"type":"Feature","properties":{"pid":"051002600195"},"geometry":{"type":"Polygon","coordinates":[[[-84.624729,39.278916],[-84.625693,39.279323],[-84.626031,39.27884],[-84.626775,39.278594],[-84.626804,39.278646],[-84.626088,39.278883],[-84.625512,39.279697],[-84.624474,39.279273],[-84.624729,39.278916]]]}},{"type":"Feature","properties":{"pid":"051002600196"},"geometry":{"type":"Polygon","coordinates":[[[-84.624582,39.280155],[-84.623869,39.280122],[-84.624474,39.279273],[-84.625512,39.279697],[-84.626088,39.278883],[-84.626804,39.278646],[-84.626831,39.278694],[-84.626137,39.278926],[-84.625543,39.279763],[-84.624582,39.280155]]]}},{"type":"Feature","properties":{"pid":"051002600197"},"geometry":{"type":"Polygon","coordinates":[[[-84.625889,39.279275],[-84.626137,39.278926],[-84.626831,39.278694],[-84.627059,39.279098],[-84.626108,39.279415],[-84.625889,39.279275]]]}},{"type":"Feature","properties":{"pid":"051002600203"},"geometry":{"type":"Polygon","coordinates":[[[-84.626893,39.278467],[-84.627563,39.278242],[-84.627992,39.27863],[-84.62715,39.278919],[-84.626893,39.278467]]]}},{"type":"Feature","properties":{"pid":"051002600209"},"geometry":{"type":"Polygon","coordinates":[[[-84.626754,39.279825],[-84.626417,39.280143],[-84.625629,39.279642],[-84.625889,39.279275],[-84.626754,39.279825]]]}},{"type":"Feature","properties":{"pid":"051001820136"},"geometry":{"type":"Polygon","coordinates":[[[-84.610498,39.260627],[-84.610577,39.260863],[-84.609453,39.261645],[-84.609507,39.260954],[-84.610498,39.260627]]]}},{"type":"Feature","properties":{"pid":"051001820137"},"geometry":{"type":"Polygon","coordinates":[[[-84.610577,39.260863],[-84.610707,39.260898],[-84.610787,39.260971],[-84.610702,39.262062],[-84.609433,39.261911],[-84.609453,39.261645],[-84.610577,39.260863]]]}},{"type":"Feature","properties":{"pid":"051001820138"},"geometry":{"type":"Polygon","coordinates":[[[-84.610775,39.260875],[-84.611222,39.261289],[-84.611158,39.262117],[-84.610702,39.262062],[-84.610787,39.260971],[-84.610707,39.260898],[-84.610775,39.260875]]]}},{"type":"Feature","properties":{"pid":"051001820140"},"geometry":{"type":"Polygon","coordinates":[[[-84.61082,39.26075],[-84.612152,39.260813],[-84.61212,39.261251],[-84.611233,39.26121],[-84.61082,39.260827],[-84.61082,39.26075]]]}},{"type":"Feature","properties":{"pid":"051003100033"},"geometry":{"type":"Polygon","coordinates":[[[-84.648054,39.276305],[-84.648145,39.27539],[-84.646016,39.275263],[-84.645048,39.274175],[-84.644945,39.273978],[-84.648649,39.274218],[-84.650031,39.275759],[-84.649862,39.275867],[-84.648797,39.276192],[-84.648054,39.276305]]]}},{"type":"Feature","properties":{"pid":"051003100067"},"geometry":{"type":"Polygon","coordinates":[[[-84.645981,39.27654],[-84.644484,39.276477],[-84.644539,39.275175],[-84.648145,39.27539],[-84.648046,39.27639],[-84.64666,39.276573],[-84.646158,39.276548],[-84.646164,39.276466],[-84.646426,39.276341],[-84.646471,39.276189],[-84.646129,39.275767],[-84.645697,39.275466],[-84.645224,39.275681],[-84.645592,39.276108],[-84.645866,39.276267],[-84.645988,39.276458],[-84.645981,39.27654]]]}},{"type":"Feature","properties":{"pid":"051002600210"},"geometry":{"type":"Polygon","coordinates":[[[-84.626417,39.280143],[-84.626082,39.280462],[-84.625202,39.279902],[-84.625543,39.279763],[-84.625629,39.279642],[-84.626417,39.280143]]]}},{"type":"Feature","properties":{"pid":"051002600211"},"geometry":{"type":"Polygon","coordinates":[[[-84.625771,39.280773],[-84.624692,39.28011],[-84.625202,39.279902],[-84.626082,39.280462],[-84.625771,39.280773]]]}},{"type":"Feature","properties":{"pid":"051002600212"},"geometry":{"type":"Polygon","coordinates":[[[-84.625771,39.280773],[-84.625737,39.28082],[-84.625529,39.280744],[-84.624399,39.280729],[-84.624582,39.280155],[-84.624692,39.28011],[-84.625771,39.280773]]]}},{"type":"Feature","properties":{"pid":"051002600213"},"geometry":{"type":"Polygon","coordinates":[[[-84.625737,39.28082],[-84.625705,39.280869],[-84.625513,39.280799],[-84.623405,39.280771],[-84.623869,39.280122],[-84.624582,39.280155],[-84.624399,39.280729],[-84.625529,39.280744],[-84.625737,39.28082]]]}},{"type":"Feature","properties":{"pid":"051002600228"},"geometry":{"type":"Polygon","coordinates":[[[-84.627538,39.2795],[-84.628359,39.278956],[-84.628702,39.27927],[-84.627882,39.279813],[-84.627538,39.2795]]]}},{"type":"Feature","properties":{"pid":"051002600251"},"geometry":{"type":"Polygon","coordinates":[[[-84.627779,39.274304],[-84.627741,39.274679],[-84.625863,39.277327],[-84.625307,39.277087],[-84.627416,39.274117],[-84.627779,39.274304]]]}},{"type":"Feature","properties":{"pid":"051001820001"},"geometry":{"type":"Polygon","coordinates":[[[-84.61059,39.265704],[-84.606442,39.265216],[-84.606411,39.265184],[-84.609472,39.265533],[-84.609645,39.263784],[-84.610777,39.263922],[-84.61059,39.265704]]]}},{"type":"Feature","properties":{"pid":"051001820121"},"geometry":{"type":"Polygon","coordinates":[[[-84.606377,39.265149],[-84.607206,39.264634],[-84.607916,39.265347],[-84.606411,39.265184],[-84.606377,39.265149]]]}},{"type":"Feature","properties":{"pid":"051001820124"},"geometry":{"type":"Polygon","coordinates":[[[-84.609553,39.26473],[-84.609472,39.265533],[-84.607916,39.265347],[-84.607206,39.264634],[-84.606377,39.265149],[-84.606335,39.265105],[-84.607355,39.264469],[-84.609553,39.26473]]]}},{"type":"Feature","properties":{"pid":"051001700037"},"geometry":{"type":"Polygon","coordinates":[[[-84.606994,39.265777],[-84.607628,39.265595],[-84.607696,39.265443],[-84.608074,39.265489],[-84.608084,39.265435],[-84.608458,39.26548],[-84.60804,39.266187],[-84.607323,39.266113],[-84.606994,39.265777]]]}},{"type":"Feature","properties":{"pid":"051001700031"},"geometry":{"type":"Polygon","coordinates":[[[-84.607159,39.268134],[-84.604923,39.268078],[-84.604963,39.267424],[-84.607763,39.267495],[-84.607723,39.267873],[-84.607169,39.267858],[-84.607159,39.268134]]]}},{"type":"Feature","properties":{"pid":"051001700064"},"geometry":{"type":"Polygon","coordinates":[[[-84.607482,39.268957],[-84.604874,39.268887],[-84.604923,39.268078],[-84.607686,39.268149],[-84.607482,39.268957]]]}},{"type":"Feature","properties":{"pid":"051001700131"},"geometry":{"type":"Polygon","coordinates":[[[-84.608469,39.266829],[-84.608121,39.266745],[-84.608179,39.266107],[-84.608536,39.266134],[-84.608469,39.266829]]]}},{"type":"Feature","properties":{"pid":"051001820122"},"geometry":{"type":"Polygon","coordinates":[[[-84.606209,39.264852],[-84.606214,39.264789],[-84.606923,39.26435],[-84.607136,39.264562],[-84.60639,39.265035],[-84.606209,39.264852]]]}},{"type":"Feature","properties":{"pid":"051002700046"},"geometry":{"type":"Polygon","coordinates":[[[-84.621238,39.28684],[-84.622546,39.286819],[-84.623199,39.289025],[-84.621191,39.289768],[-84.620373,39.287073],[-84.621238,39.28684]]]}},{"type":"Feature","properties":{"pid":"051002700052"},"geometry":{"type":"Polygon","coordinates":[[[-84.620354,39.287084],[-84.61901,39.286709],[-84.619173,39.285065],[-84.622419,39.284139],[-84.622454,39.284171],[-84.621506,39.286838],[-84.621238,39.28684],[-84.620354,39.287084]]]}},{"type":"Feature","properties":{"pid":"051003200037"},"geometry":{"type":"Polygon","coordinates":[[[-84.649723,39.267189],[-84.644939,39.266816],[-84.645002,39.263832],[-84.648478,39.264031],[-84.648555,39.264324],[-84.650662,39.265596],[-84.649723,39.267189]]]}},{"type":"Feature","properties":{"pid":"051001700050"},"geometry":{"type":"Polygon","coordinates":[[[-84.608877,39.266927],[-84.609021,39.265548],[-84.609368,39.26559],[-84.609217,39.26701],[-84.608877,39.266927]]]}},{"type":"Feature","properties":{"pid":"051001700052"},"geometry":{"type":"Polygon","coordinates":[[[-84.608536,39.266845],[-84.608674,39.265506],[-84.609021,39.265548],[-84.608877,39.266927],[-84.608536,39.266845]]]}},{"type":"Feature","properties":{"pid":"051001700054"},"geometry":{"type":"Polygon","coordinates":[[[-84.609217,39.26701],[-84.609368,39.26559],[-84.609716,39.265632],[-84.609539,39.267085],[-84.609217,39.26701]]]}},{"type":"Feature","properties":{"pid":"051001700058"},"geometry":{"type":"Polygon","coordinates":[[[-84.610599,39.267343],[-84.610791,39.265763],[-84.611133,39.2658],[-84.610936,39.267426],[-84.610599,39.267343]]]}},{"type":"Feature","properties":{"pid":"051001700056"},"geometry":{"type":"Polygon","coordinates":[[[-84.608487,39.276525],[-84.609928,39.276197],[-84.610112,39.276439],[-84.608464,39.276812],[-84.608487,39.276525]]]}},{"type":"Feature","properties":{"pid":"051001700034"},"geometry":{"type":"Polygon","coordinates":[[[-84.608458,39.26548],[-84.608674,39.265506],[-84.608536,39.266845],[-84.608469,39.266829],[-84.608536,39.266134],[-84.60809,39.2661],[-84.608458,39.26548]]]}},{"type":"Feature","properties":{"pid":"051001700035"},"geometry":{"type":"MultiPolygon","coordinates":[[[[-84.602519,39.264765],[-84.602463,39.264762],[-84.60252,39.26475],[-84.602519,39.264765]]],[[[-84.602519,39.264765],[-84.604325,39.264982],[-84.604213,39.265366],[-84.603942,39.265746],[-84.603759,39.266247],[-84.602901,39.267568],[-84.602654,39.267734],[-84.602467,39.269113],[-84.60212,39.269072],[-84.602519,39.264765]]],[[[-84.603218,39.268763],[-84.603469,39.268281],[-84.603472,39.267959],[-84.604169,39.266817],[-84.604472,39.266533],[-84.604797,39.266328],[-84.604781,39.266009],[-84.605107,39.265079],[-84.606473,39.265247],[-84.607323,39.266113],[-84.607692,39.266641],[-84.607768,39.266948],[-84.607763,39.267495],[-84.604963,39.267424],[-84.604854,39.269397],[-84.60319,39.269197],[-84.603218,39.268763]]]]}},{"type":"Feature","properties":{"pid":"051001700036"},"geometry":{"type":"Polygon","coordinates":[[[-84.607572,39.265553],[-84.606889,39.26567],[-84.606473,39.265247],[-84.607648,39.265382],[-84.607572,39.265553]]]}},{"type":"Feature","properties":{"pid":"051001700044"},"geometry":{"type":"Polygon","coordinates":[[[-84.609645,39.266212],[-84.609716,39.265632],[-84.610791,39.265763],[-84.610727,39.266291],[-84.610375,39.266265],[-84.610255,39.267259],[-84.610186,39.267242],[-84.610305,39.26626],[-84.609645,39.266212]]]}},{"type":"Feature","properties":{"pid":"051001700074"},"geometry":{"type":"Polygon","coordinates":[[[-84.606767,39.271681],[-84.606749,39.271324],[-84.607448,39.271408],[-84.607466,39.271764],[-84.606767,39.271681]]]}},{"type":"Feature","properties":{"pid":"051001700077"},"geometry":{"type":"Polygon","coordinates":[[[-84.608745,39.267759],[-84.608408,39.267679],[-84.608689,39.26697],[-84.609026,39.267051],[-84.608745,39.267759]]]}},{"type":"Feature","properties":{"pid":"051001700078"},"geometry":{"type":"Polygon","coordinates":[[[-84.609083,39.26784],[-84.608745,39.267759],[-84.609026,39.267051],[-84.609364,39.267132],[-84.609083,39.26784]]]}},{"type":"Feature","properties":{"pid":"051001700080"},"geometry":{"type":"Polygon","coordinates":[[[-84.609758,39.268002],[-84.60942,39.267921],[-84.609701,39.267213],[-84.610039,39.267294],[-84.609758,39.268002]]]}},{"type":"Feature","properties":{"pid":"051001700081"},"geometry":{"type":"Polygon","coordinates":[[[-84.610095,39.268083],[-84.609758,39.268002],[-84.610039,39.267294],[-84.610377,39.267374],[-84.610095,39.268083]]]}},{"type":"Feature","properties":{"pid":"051001700082"},"geometry":{"type":"Polygon","coordinates":[[[-84.610524,39.268186],[-84.610095,39.268083],[-84.610377,39.267374],[-84.610714,39.267455],[-84.610524,39.268186]]]}},{"type":"Feature","properties":{"pid":"051001700083"},"geometry":{"type":"Polygon","coordinates":[[[-84.611046,39.268311],[-84.610524,39.268186],[-84.610714,39.267455],[-84.61112,39.267553],[-84.611046,39.268311]]]}},{"type":"Feature","properties":{"pid":"051001700109"},"geometry":{"type":"Polygon","coordinates":[[[-84.615125,39.267516],[-84.615034,39.268307],[-84.614983,39.268288],[-84.615209,39.266321],[-84.616956,39.266529],[-84.616378,39.268006],[-84.615125,39.267516]]]}},{"type":"Feature","properties":{"pid":"051001600121"},"geometry":{"type":"Polygon","coordinates":[[[-84.614163,39.281009],[-84.613036,39.281244],[-84.612841,39.28082],[-84.614163,39.281009]]]}},{"type":"Feature","properties":{"pid":"051002600109"},"geometry":{"type":"Polygon","coordinates":[[[-84.644484,39.276477],[-84.644191,39.276482],[-84.64327,39.276109],[-84.64374,39.275406],[-84.644515,39.27573],[-84.644484,39.276477]]]}},{"type":"Feature","properties":{"pid":"051003100011"},"geometry":{"type":"Polygon","coordinates":[[[-84.646844,39.276549],[-84.646835,39.27845],[-84.645462,39.277968],[-84.644457,39.277717],[-84.644484,39.276477],[-84.644819,39.276483],[-84.645012,39.276683],[-84.64499,39.277161],[-84.645713,39.277181],[-84.645742,39.276528],[-84.64666,39.276573],[-84.646844,39.276549]]]}},{"type":"Feature","properties":{"pid":"051003100016"},"geometry":{"type":"Polygon","coordinates":[[[-84.647465,39.278191],[-84.647645,39.276443],[-84.648046,39.27639],[-84.647883,39.277973],[-84.647465,39.278191]]]}},{"type":"Feature","properties":{"pid":"051003100015"},"geometry":{"type":"Polygon","coordinates":[[[-84.647245,39.276496],[-84.647236,39.278311],[-84.646916,39.278479],[-84.646835,39.27845],[-84.646844,39.276549],[-84.647245,39.276496]]]}},{"type":"Feature","properties":{"pid":"051003100034"},"geometry":{"type":"Polygon","coordinates":[[[-84.644819,39.276483],[-84.645742,39.276528],[-84.645713,39.277181],[-84.64499,39.277161],[-84.645012,39.276683],[-84.644819,39.276483]]]}},{"type":"Feature","properties":{"pid":"051001600251"},"geometry":{"type":"Polygon","coordinates":[[[-84.611951,39.281214],[-84.611691,39.280659],[-84.612841,39.28082],[-84.612973,39.281107],[-84.612326,39.28129],[-84.611951,39.281214]]]}},{"type":"Feature","properties":{"pid":"051001700001"},"geometry":{"type":"Polygon","coordinates":[[[-84.615346,39.278943],[-84.614113,39.279629],[-84.614099,39.278434],[-84.614797,39.27834],[-84.615346,39.278943]]]}},{"type":"Feature","properties":{"pid":"051001700005"},"geometry":{"type":"Polygon","coordinates":[[[-84.61372,39.280946],[-84.612841,39.28082],[-84.612585,39.280298],[-84.613369,39.280215],[-84.61372,39.280946]]]}},{"type":"Feature","properties":{"pid":"051002600236"},"geometry":{"type":"Polygon","coordinates":[[[-84.627741,39.274679],[-84.627785,39.274314],[-84.62839,39.27436],[-84.628448,39.275058],[-84.627439,39.275109],[-84.627741,39.274679]]]}},{"type":"Feature","properties":{"pid":"051002300180"},"geometry":{"type":"Polygon","coordinates":[[[-84.637393,39.235157],[-84.63675,39.236152],[-84.636592,39.23609],[-84.637226,39.23511],[-84.637393,39.235157]]]}},{"type":"Feature","properties":{"pid":"051002800096"},"geometry":{"type":"Polygon","coordinates":[[[-84.630991,39.302996],[-84.630037,39.302625],[-84.630142,39.302246],[-84.631044,39.302449],[-84.630991,39.302996]]]}},{"type":"Feature","properties":{"pid":"051002800100"},"geometry":{"type":"Polygon","coordinates":[[[-84.631713,39.302495],[-84.631973,39.301532],[-84.632483,39.30165],[-84.632244,39.302532],[-84.631713,39.302495]]]}},{"type":"Feature","properties":{"pid":"051002800137"},"geometry":{"type":"Polygon","coordinates":[[[-84.62915,39.298629],[-84.629,39.300601],[-84.62805,39.301271],[-84.628034,39.301195],[-84.628925,39.300569],[-84.629115,39.297961],[-84.631184,39.297924],[-84.63059,39.298983],[-84.62915,39.298629]]]}},{"type":"Feature","properties":{"pid":"051002800145"},"geometry":{"type":"Polygon","coordinates":[[[-84.629515,39.303628],[-84.629433,39.303633],[-84.628828,39.303309],[-84.629272,39.302812],[-84.62973,39.303059],[-84.62969,39.303495],[-84.629515,39.303628]]]}},{"type":"Feature","properties":{"pid":"051002800146"},"geometry":{"type":"Polygon","coordinates":[[[-84.628896,39.304063],[-84.628395,39.303794],[-84.628828,39.303309],[-84.629433,39.303633],[-84.629515,39.303628],[-84.62969,39.303495],[-84.62973,39.303059],[-84.629802,39.303098],[-84.629758,39.303524],[-84.629547,39.303678],[-84.629202,39.303718],[-84.628896,39.304063]]]}},{"type":"Feature","properties":{"pid":"051002800147"},"geometry":{"type":"Polygon","coordinates":[[[-84.628922,39.304126],[-84.62891,39.304816],[-84.628391,39.304397],[-84.627905,39.304335],[-84.628395,39.303794],[-84.628896,39.304063],[-84.629202,39.303718],[-84.629547,39.303678],[-84.629758,39.303524],[-84.629802,39.303098],[-84.629868,39.303134],[-84.629825,39.303553],[-84.629576,39.303735],[-84.629242,39.30377],[-84.628922,39.304126]]]}},{"type":"Feature","properties":{"pid":"051002800148"},"geometry":{"type":"Polygon","coordinates":[[[-84.628925,39.300569],[-84.627915,39.301279],[-84.627501,39.300643],[-84.628969,39.299966],[-84.628925,39.300569]]]}},{"type":"Feature","properties":{"pid":"051002800191"},"geometry":{"type":"Polygon","coordinates":[[[-84.626757,39.30372],[-84.626814,39.303377],[-84.628146,39.302036],[-84.62832,39.302239],[-84.628584,39.302441],[-84.629272,39.302812],[-84.628395,39.303794],[-84.627943,39.30355],[-84.627896,39.303793],[-84.626757,39.30372]]]}},{"type":"Feature","properties":{"pid":"051002800095"},"geometry":{"type":"Polygon","coordinates":[[[-84.63094,39.303531],[-84.630601,39.303402],[-84.629857,39.303],[-84.630037,39.302625],[-84.630991,39.302996],[-84.63094,39.303531]]]}},{"type":"Feature","properties":{"pid":"051002400254"},"geometry":{"type":"Polygon","coordinates":[[[-84.643827,39.24244],[-84.644242,39.241994],[-84.644419,39.241972],[-84.645051,39.241376],[-84.645418,39.241292],[-84.645632,39.241196],[-84.645654,39.240636],[-84.645263,39.240225],[-84.645311,39.240135],[-84.645344,39.240145],[-84.645303,39.240221],[-84.64569,39.240627],[-84.645595,39.243032],[-84.64514,39.243171],[-84.644355,39.24302],[-84.643827,39.24244]]]}},{"type":"Feature","properties":{"pid":"051001600223"},"geometry":{"type":"Polygon","coordinates":[[[-84.614691,39.288617],[-84.614787,39.288212],[-84.615723,39.288332],[-84.615801,39.28876],[-84.614691,39.288617]]]}},{"type":"Feature","properties":{"pid":"051001600224"},"geometry":{"type":"Polygon","coordinates":[[[-84.615992,39.289247],[-84.614585,39.289065],[-84.614691,39.288617],[-84.615801,39.28876],[-84.61585,39.289032],[-84.615992,39.289247]]]}},{"type":"Feature","properties":{"pid":"051001600225"},"geometry":{"type":"Polygon","coordinates":[[[-84.615521,39.289663],[-84.614479,39.289514],[-84.614585,39.289065],[-84.615992,39.289247],[-84.616312,39.289731],[-84.615532,39.289619],[-84.615521,39.289663]]]}},{"type":"Feature","properties":{"pid":"051001600226"},"geometry":{"type":"Polygon","coordinates":[[[-84.616255,39.290605],[-84.61533,39.290473],[-84.615521,39.289663],[-84.61561,39.28963],[-84.616255,39.290605]]]}},{"type":"Feature","properties":{"pid":"051001600227"},"geometry":{"type":"Polygon","coordinates":[[[-84.616596,39.290159],[-84.615949,39.290142],[-84.61561,39.28963],[-84.616312,39.289731],[-84.616596,39.290159]]]}},{"type":"Feature","properties":{"pid":"051002300153"},"geometry":{"type":"Polygon","coordinates":[[[-84.629203,39.233567],[-84.62929,39.232671],[-84.629629,39.232705],[-84.629545,39.233611],[-84.629203,39.233567]]]}},{"type":"Feature","properties":{"pid":"051002300327"},"geometry":{"type":"Polygon","coordinates":[[[-84.627238,39.237541],[-84.625138,39.237499],[-84.625849,39.236823],[-84.626309,39.235918],[-84.626644,39.235397],[-84.62941,39.23551],[-84.629253,39.23579],[-84.629133,39.23583],[-84.62774,39.237252],[-84.627238,39.237541]]]}},{"type":"Feature","properties":{"pid":"051002400199"},"geometry":{"type":"Polygon","coordinates":[[[-84.626885,39.237746],[-84.62774,39.237252],[-84.629133,39.23583],[-84.629253,39.23579],[-84.62941,39.23551],[-84.629248,39.237583],[-84.627572,39.237549],[-84.626523,39.239036],[-84.62555,39.238934],[-84.625594,39.238894],[-84.626456,39.238985],[-84.627319,39.237758],[-84.626885,39.237746]]]}},{"type":"Feature","properties":{"pid":"051001600258"},"geometry":{"type":"Polygon","coordinates":[[[-84.608067,39.289271],[-84.608089,39.289011],[-84.6097,39.289215],[-84.609596,39.289653],[-84.609075,39.289579],[-84.608923,39.289184],[-84.608067,39.289271]]]}},{"type":"Feature","properties":{"pid":"051001830019"},"geometry":{"type":"Polygon","coordinates":[[[-84.612063,39.25503],[-84.61152,39.255002],[-84.611549,39.254592],[-84.612093,39.25462],[-84.612063,39.25503]]]}},{"type":"Feature","properties":{"pid":"051001830351"},"geometry":{"type":"Polygon","coordinates":[[[-84.609661,39.255404],[-84.610362,39.255448],[-84.610334,39.255711],[-84.609667,39.255668],[-84.609641,39.255579],[-84.608798,39.25536],[-84.609023,39.255077],[-84.609228,39.255177],[-84.609673,39.255295],[-84.609661,39.255404]]]}},{"type":"Feature","properties":{"pid":"051001830345"},"geometry":{"type":"Polygon","coordinates":[[[-84.609661,39.255404],[-84.610362,39.255448],[-84.610334,39.255711],[-84.609667,39.255668],[-84.609641,39.255579],[-84.608798,39.25536],[-84.609023,39.255077],[-84.609228,39.255177],[-84.609673,39.255295],[-84.609661,39.255404]]]}},{"type":"Feature","properties":{"pid":"051001830349"},"geometry":{"type":"Polygon","coordinates":[[[-84.609661,39.255404],[-84.610362,39.255448],[-84.610334,39.255711],[-84.609667,39.255668],[-84.609641,39.255579],[-84.608798,39.25536],[-84.609023,39.255077],[-84.609228,39.255177],[-84.609673,39.255295],[-84.609661,39.255404]]]}},{"type":"Feature","properties":{"pid":"051001830350"},"geometry":{"type":"Polygon","coordinates":[[[-84.609661,39.255404],[-84.610362,39.255448],[-84.610334,39.255711],[-84.609667,39.255668],[-84.609641,39.255579],[-84.608798,39.25536],[-84.609023,39.255077],[-84.609228,39.255177],[-84.609673,39.255295],[-84.609661,39.255404]]]}},{"type":"Feature","properties":{"pid":"051001830352"},"geometry":{"type":"Polygon","coordinates":[[[-84.609661,39.255404],[-84.610362,39.255448],[-84.610334,39.255711],[-84.609667,39.255668],[-84.609641,39.255579],[-84.608798,39.25536],[-84.609023,39.255077],[-84.609228,39.255177],[-84.609673,39.255295],[-84.609661,39.255404]]]}},{"type":"Feature","properties":{"pid":"051001830347"},"geometry":{"type":"Polygon","coordinates":[[[-84.609661,39.255404],[-84.610362,39.255448],[-84.610334,39.255711],[-84.609667,39.255668],[-84.609641,39.255579],[-84.608798,39.25536],[-84.609023,39.255077],[-84.609228,39.255177],[-84.609673,39.255295],[-84.609661,39.255404]]]}},{"type":"Feature","properties":{"pid":"051001830348"},"geometry":{"type":"Polygon","coordinates":[[[-84.609661,39.255404],[-84.610362,39.255448],[-84.610334,39.255711],[-84.609667,39.255668],[-84.609641,39.255579],[-84.608798,39.25536],[-84.609023,39.255077],[-84.609228,39.255177],[-84.609673,39.255295],[-84.609661,39.255404]]]}},{"type":"Feature","properties":{"pid":"051001830346"},"geometry":{"type":"Polygon","coordinates":[[[-84.609661,39.255404],[-84.610362,39.255448],[-84.610334,39.255711],[-84.609667,39.255668],[-84.609641,39.255579],[-84.608798,39.25536],[-84.609023,39.255077],[-84.609228,39.255177],[-84.609673,39.255295],[-84.609661,39.255404]]]}},{"type":"Feature","properties":{"pid":"051001830376"},"geometry":{"type":"Polygon","coordinates":[[[-84.609705,39.254984],[-84.610406,39.255028],[-84.610362,39.255448],[-84.609661,39.255404],[-84.609673,39.255295],[-84.609228,39.255177],[-84.609023,39.255077],[-84.609156,39.254875],[-84.60919,39.25462],[-84.609709,39.254545],[-84.609748,39.254575],[-84.609705,39.254984]]]}},{"type":"Feature","properties":{"pid":"051001830380"},"geometry":{"type":"Polygon","coordinates":[[[-84.609705,39.254984],[-84.610406,39.255028],[-84.610362,39.255448],[-84.609661,39.255404],[-84.609673,39.255295],[-84.609228,39.255177],[-84.609023,39.255077],[-84.609156,39.254875],[-84.60919,39.25462],[-84.609709,39.254545],[-84.609748,39.254575],[-84.609705,39.254984]]]}},{"type":"Feature","properties":{"pid":"051001830386"},"geometry":{"type":"Polygon","coordinates":[[[-84.609705,39.254984],[-84.610406,39.255028],[-84.610362,39.255448],[-84.609661,39.255404],[-84.609673,39.255295],[-84.609228,39.255177],[-84.609023,39.255077],[-84.609156,39.254875],[-84.60919,39.25462],[-84.609709,39.254545],[-84.609748,39.254575],[-84.609705,39.254984]]]}},{"type":"Feature","properties":{"pid":"051001830375"},"geometry":{"type":"Polygon","coordinates":[[[-84.609705,39.254984],[-84.610406,39.255028],[-84.610362,39.255448],[-84.609661,39.255404],[-84.609673,39.255295],[-84.609228,39.255177],[-84.609023,39.255077],[-84.609156,39.254875],[-84.60919,39.25462],[-84.609709,39.254545],[-84.609748,39.254575],[-84.609705,39.254984]]]}},{"type":"Feature","properties":{"pid":"051001830382"},"geometry":{"type":"Polygon","coordinates":[[[-84.609705,39.254984],[-84.610406,39.255028],[-84.610362,39.255448],[-84.609661,39.255404],[-84.609673,39.255295],[-84.609228,39.255177],[-84.609023,39.255077],[-84.609156,39.254875],[-84.60919,39.25462],[-84.609709,39.254545],[-84.609748,39.254575],[-84.609705,39.254984]]]}},{"type":"Feature","properties":{"pid":"051001830378"},"geometry":{"type":"Polygon","coordinates":[[[-84.609705,39.254984],[-84.610406,39.255028],[-84.610362,39.255448],[-84.609661,39.255404],[-84.609673,39.255295],[-84.609228,39.255177],[-84.609023,39.255077],[-84.609156,39.254875],[-84.60919,39.25462],[-84.609709,39.254545],[-84.609748,39.254575],[-84.609705,39.254984]]]}},{"type":"Feature","properties":{"pid":"051001830383"},"geometry":{"type":"Polygon","coordinates":[[[-84.609705,39.254984],[-84.610406,39.255028],[-84.610362,39.255448],[-84.609661,39.255404],[-84.609673,39.255295],[-84.609228,39.255177],[-84.609023,39.255077],[-84.609156,39.254875],[-84.60919,39.25462],[-84.609709,39.254545],[-84.609748,39.254575],[-84.609705,39.254984]]]}},{"type":"Feature","properties":{"pid":"051001830379"},"geometry":{"type":"Polygon","coordinates":[[[-84.609705,39.254984],[-84.610406,39.255028],[-84.610362,39.255448],[-84.609661,39.255404],[-84.609673,39.255295],[-84.609228,39.255177],[-84.609023,39.255077],[-84.609156,39.254875],[-84.60919,39.25462],[-84.609709,39.254545],[-84.609748,39.254575],[-84.609705,39.254984]]]}},{"type":"Feature","properties":{"pid":"051001830384"},"geometry":{"type":"Polygon","coordinates":[[[-84.609705,39.254984],[-84.610406,39.255028],[-84.610362,39.255448],[-84.609661,39.255404],[-84.609673,39.255295],[-84.609228,39.255177],[-84.609023,39.255077],[-84.609156,39.254875],[-84.60919,39.25462],[-84.609709,39.254545],[-84.609748,39.254575],[-84.609705,39.254984]]]}},{"type":"Feature","properties":{"pid":"051001830385"},"geometry":{"type":"Polygon","coordinates":[[[-84.609705,39.254984],[-84.610406,39.255028],[-84.610362,39.255448],[-84.609661,39.255404],[-84.609673,39.255295],[-84.609228,39.255177],[-84.609023,39.255077],[-84.609156,39.254875],[-84.60919,39.25462],[-84.609709,39.254545],[-84.609748,39.254575],[-84.609705,39.254984]]]}},{"type":"Feature","properties":{"pid":"051001830377"},"geometry":{"type":"Polygon","coordinates":[[[-84.609705,39.254984],[-84.610406,39.255028],[-84.610362,39.255448],[-84.609661,39.255404],[-84.609673,39.255295],[-84.609228,39.255177],[-84.609023,39.255077],[-84.609156,39.254875],[-84.60919,39.25462],[-84.609709,39.254545],[-84.609748,39.254575],[-84.609705,39.254984]]]}},{"type":"Feature","properties":{"pid":"051001830418"},"geometry":{"type":"Polygon","coordinates":[[[-84.609705,39.254984],[-84.609732,39.254562],[-84.610449,39.254608],[-84.610406,39.255028],[-84.609705,39.254984]]]}},{"type":"Feature","properties":{"pid":"051001830417"},"geometry":{"type":"Polygon","coordinates":[[[-84.609705,39.254984],[-84.609732,39.254562],[-84.610449,39.254608],[-84.610406,39.255028],[-84.609705,39.254984]]]}},{"type":"Feature","properties":{"pid":"051001830419"},"geometry":{"type":"Polygon","coordinates":[[[-84.609705,39.254984],[-84.609732,39.254562],[-84.610449,39.254608],[-84.610406,39.255028],[-84.609705,39.254984]]]}},{"type":"Feature","properties":{"pid":"051001830415"},"geometry":{"type":"Polygon","coordinates":[[[-84.609705,39.254984],[-84.609732,39.254562],[-84.610449,39.254608],[-84.610406,39.255028],[-84.609705,39.254984]]]}},{"type":"Feature","properties":{"pid":"051001830416"},"geometry":{"type":"Polygon","coordinates":[[[-84.609705,39.254984],[-84.609732,39.254562],[-84.610449,39.254608],[-84.610406,39.255028],[-84.609705,39.254984]]]}},{"type":"Feature","properties":{"pid":"051001830414"},"geometry":{"type":"Polygon","coordinates":[[[-84.609705,39.254984],[-84.609732,39.254562],[-84.610449,39.254608],[-84.610406,39.255028],[-84.609705,39.254984]]]}},{"type":"Feature","properties":{"pid":"051002700183"},"geometry":{"type":"Polygon","coordinates":[[[-84.631154,39.295381],[-84.631088,39.29618],[-84.63043,39.296195],[-84.630658,39.295305],[-84.631154,39.295381]]]}},{"type":"Feature","properties":{"pid":"051002700187"},"geometry":{"type":"Polygon","coordinates":[[[-84.632749,39.295351],[-84.633269,39.295341],[-84.633295,39.296128],[-84.632778,39.29614],[-84.632749,39.295351]]]}},{"type":"Feature","properties":{"pid":"051002700188"},"geometry":{"type":"Polygon","coordinates":[[[-84.633269,39.295341],[-84.633837,39.295427],[-84.633873,39.296115],[-84.633295,39.296128],[-84.633269,39.295341]]]}},{"type":"Feature","properties":{"pid":"051002800120"},"geometry":{"type":"Polygon","coordinates":[[[-84.629242,39.296223],[-84.632286,39.296152],[-84.632322,39.296994],[-84.632955,39.297372],[-84.632922,39.297425],[-84.631711,39.296686],[-84.629203,39.296752],[-84.629242,39.296223]]]}},{"type":"Feature","properties":{"pid":"051002700185"},"geometry":{"type":"Polygon","coordinates":[[[-84.631669,39.295376],[-84.632203,39.295365],[-84.632243,39.296153],[-84.631712,39.296165],[-84.631669,39.295376]]]}},{"type":"Feature","properties":{"pid":"051002700182"},"geometry":{"type":"Polygon","coordinates":[[[-84.63043,39.296195],[-84.6302,39.296201],[-84.62993,39.29606],[-84.630136,39.295217],[-84.630658,39.295305],[-84.63043,39.296195]]]}},{"type":"Feature","properties":{"pid":"051002410004"},"geometry":{"type":"Polygon","coordinates":[[[-84.644894,39.249531],[-84.643791,39.248752],[-84.643592,39.248578],[-84.645504,39.24857],[-84.645481,39.249099],[-84.645227,39.249245],[-84.644894,39.249531]]]}},{"type":"Feature","properties":{"pid":"051001600203"},"geometry":{"type":"Polygon","coordinates":[[[-84.613815,39.287461],[-84.615611,39.287713],[-84.615622,39.287771],[-84.614915,39.287671],[-84.614699,39.288582],[-84.613587,39.288423],[-84.613815,39.287461]]]}},{"type":"Feature","properties":{"pid":"051001600204"},"geometry":{"type":"Polygon","coordinates":[[[-84.612475,39.288264],[-84.612715,39.287251],[-84.615601,39.287656],[-84.615611,39.287713],[-84.613815,39.287461],[-84.613587,39.288423],[-84.612475,39.288264]]]}},{"type":"Feature","properties":{"pid":"051001600205"},"geometry":{"type":"Polygon","coordinates":[[[-84.609964,39.287905],[-84.610773,39.288021],[-84.610583,39.288821],[-84.609906,39.288724],[-84.609964,39.287905]]]}},{"type":"Feature","properties":{"pid":"051001600209"},"geometry":{"type":"Polygon","coordinates":[[[-84.610951,39.289847],[-84.61043,39.289772],[-84.610622,39.288962],[-84.611143,39.289037],[-84.610951,39.289847]]]}},{"type":"Feature","properties":{"pid":"051001600210"},"geometry":{"type":"Polygon","coordinates":[[[-84.609596,39.289653],[-84.6097,39.289215],[-84.60987,39.289237],[-84.609896,39.288859],[-84.610483,39.288942],[-84.610291,39.289752],[-84.609596,39.289653]]]}},{"type":"Feature","properties":{"pid":"051001600212"},"geometry":{"type":"Polygon","coordinates":[[[-84.61043,39.289772],[-84.61036,39.289762],[-84.610773,39.288021],[-84.611363,39.288105],[-84.611143,39.289037],[-84.610622,39.288962],[-84.61043,39.289772]]]}},{"type":"Feature","properties":{"pid":"051001600218"},"geometry":{"type":"Polygon","coordinates":[[[-84.60987,39.289237],[-84.606318,39.288779],[-84.605843,39.287863],[-84.605428,39.285188],[-84.605359,39.282115],[-84.605256,39.281399],[-84.605877,39.281282],[-84.606251,39.281077],[-84.606361,39.280932],[-84.606302,39.280867],[-84.606463,39.280761],[-84.60775,39.280483],[-84.608462,39.280483],[-84.60859,39.280519],[-84.606903,39.282551],[-84.607274,39.283047],[-84.610344,39.283052],[-84.60987,39.289237]]]}},{"type":"Feature","properties":{"pid":"051002700179"},"geometry":{"type":"Polygon","coordinates":[[[-84.6302,39.296201],[-84.628874,39.296232],[-84.628804,39.295102],[-84.628869,39.2951],[-84.628924,39.295828],[-84.629463,39.295817],[-84.6302,39.296201]]]}},{"type":"Feature","properties":{"pid":"051002800124"},"geometry":{"type":"Polygon","coordinates":[[[-84.63233,39.298087],[-84.632317,39.298138],[-84.631184,39.297924],[-84.629115,39.297961],[-84.629155,39.297412],[-84.631677,39.297357],[-84.631213,39.297867],[-84.63233,39.298087]]]}},{"type":"Feature","properties":{"pid":"051002800121"},"geometry":{"type":"Polygon","coordinates":[[[-84.632922,39.297425],[-84.632891,39.297475],[-84.632059,39.296965],[-84.631677,39.297357],[-84.629155,39.297412],[-84.629203,39.296752],[-84.631711,39.296686],[-84.632922,39.297425]]]}},{"type":"Feature","properties":{"pid":"051002800157"},"geometry":{"type":"Polygon","coordinates":[[[-84.628969,39.299966],[-84.627501,39.300643],[-84.62747,39.300594],[-84.628141,39.300284],[-84.627859,39.299751],[-84.62828,39.29948],[-84.628992,39.299649],[-84.628969,39.299966]]]}},{"type":"Feature","properties":{"pid":"051002800164"},"geometry":{"type":"Polygon","coordinates":[[[-84.627142,39.299299],[-84.627245,39.297924],[-84.627845,39.297632],[-84.62848,39.297615],[-84.628582,39.296239],[-84.629242,39.296223],[-84.629138,39.297652],[-84.627866,39.297687],[-84.627276,39.297973],[-84.627175,39.299338],[-84.627142,39.299299]]]}},{"type":"Feature","properties":{"pid":"051002800166"},"geometry":{"type":"Polygon","coordinates":[[[-84.627175,39.299338],[-84.627276,39.297973],[-84.627866,39.297687],[-84.629138,39.297652],[-84.629062,39.298694],[-84.627938,39.298644],[-84.627285,39.298313],[-84.627206,39.299376],[-84.627175,39.299338]]]}},{"type":"Feature","properties":{"pid":"051002700184"},"geometry":{"type":"Polygon","coordinates":[[[-84.631154,39.295381],[-84.631669,39.295376],[-84.631712,39.296165],[-84.631088,39.29618],[-84.631154,39.295381]]]}},{"type":"Feature","properties":{"pid":"051002700186"},"geometry":{"type":"Polygon","coordinates":[[[-84.632203,39.295365],[-84.632749,39.295351],[-84.632778,39.29614],[-84.632243,39.296153],[-84.632203,39.295365]]]}},{"type":"Feature","properties":{"pid":"051002410012"},"geometry":{"type":"Polygon","coordinates":[[[-84.639705,39.248954],[-84.635383,39.24895],[-84.635443,39.248368],[-84.635725,39.248589],[-84.639686,39.248588],[-84.639705,39.248954]]]}},{"type":"Feature","properties":{"pid":"051002800072"},"geometry":{"type":"Polygon","coordinates":[[[-84.62891,39.304816],[-84.628922,39.304126],[-84.629242,39.30377],[-84.629576,39.303735],[-84.629825,39.303553],[-84.629868,39.303134],[-84.629928,39.303166],[-84.629851,39.303957],[-84.629451,39.304082],[-84.62944,39.304878],[-84.62891,39.304816]]]}},{"type":"Feature","properties":{"pid":"051002800169"},"geometry":{"type":"Polygon","coordinates":[[[-84.62944,39.304878],[-84.629451,39.304082],[-84.629851,39.303957],[-84.630853,39.304423],[-84.630795,39.305034],[-84.62944,39.304878]]]}},{"type":"Feature","properties":{"pid":"051002500024"},"geometry":{"type":"Polygon","coordinates":[[[-84.643784,39.265669],[-84.641716,39.265673],[-84.640571,39.264013],[-84.641579,39.264011],[-84.64217,39.264855],[-84.643784,39.265669]]]}},{"type":"Feature","properties":{"pid":"051002500027"},"geometry":{"type":"Polygon","coordinates":[[[-84.635401,39.264029],[-84.635444,39.263437],[-84.636093,39.263398],[-84.636457,39.263191],[-84.636965,39.262585],[-84.636963,39.262815],[-84.637026,39.262988],[-84.637446,39.263052],[-84.637536,39.263168],[-84.636429,39.26403],[-84.635401,39.264029]]]}},{"type":"Feature","properties":{"pid":"051002500028"},"geometry":{"type":"Polygon","coordinates":[[[-84.642869,39.261353],[-84.640726,39.260905],[-84.639636,39.260007],[-84.640235,39.259664],[-84.641308,39.260271],[-84.642883,39.260284],[-84.642869,39.261353]]]}},{"type":"Feature","properties":{"pid":"051002500052"},"geometry":{"type":"Polygon","coordinates":[[[-84.637667,39.263325],[-84.637446,39.263052],[-84.637026,39.262988],[-84.636963,39.262815],[-84.636965,39.262585],[-84.638216,39.262732],[-84.638191,39.263277],[-84.637667,39.263325]]]}},{"type":"Feature","properties":{"pid":"051002500219"},"geometry":{"type":"Polygon","coordinates":[[[-84.638141,39.264018],[-84.638078,39.265265],[-84.63458,39.265312],[-84.6345,39.264806],[-84.634633,39.264379],[-84.634387,39.264035],[-84.638141,39.264018]]]}},{"type":"Feature","properties":{"pid":"051002500233"},"geometry":{"type":"Polygon","coordinates":[[[-84.644943,39.265667],[-84.643784,39.265669],[-84.64217,39.264855],[-84.641579,39.264011],[-84.644997,39.264004],[-84.644943,39.265667]]]}},{"type":"Feature","properties":{"pid":"051002500234"},"geometry":{"type":"Polygon","coordinates":[[[-84.641716,39.265673],[-84.639956,39.265677],[-84.639851,39.265443],[-84.639835,39.264015],[-84.640571,39.264013],[-84.641716,39.265673]]]}},{"type":"Feature","properties":{"pid":"051002500064"},"geometry":{"type":"Polygon","coordinates":[[[-84.640987,39.264012],[-84.639835,39.264015],[-84.639599,39.263741],[-84.640516,39.263739],[-84.640531,39.263272],[-84.640976,39.263271],[-84.640987,39.264012]]]}},{"type":"Feature","properties":{"pid":"051002500025"},"geometry":{"type":"Polygon","coordinates":[[[-84.638488,39.264017],[-84.63849,39.2633],[-84.638833,39.263303],[-84.638835,39.264017],[-84.638488,39.264017]]]}},{"type":"Feature","properties":{"pid":"051002500059"},"geometry":{"type":"Polygon","coordinates":[[[-84.637333,39.264024],[-84.638186,39.263357],[-84.63819,39.263299],[-84.63849,39.2633],[-84.638488,39.264017],[-84.637333,39.264024]]]}},{"type":"Feature","properties":{"pid":"051002500062"},"geometry":{"type":"Polygon","coordinates":[[[-84.636429,39.26403],[-84.637283,39.263354],[-84.637944,39.26347],[-84.638191,39.263277],[-84.638186,39.263357],[-84.637333,39.264024],[-84.636429,39.26403]]]}},{"type":"Feature","properties":{"pid":"051002500065"},"geometry":{"type":"Polygon","coordinates":[[[-84.639599,39.263741],[-84.639304,39.263398],[-84.640527,39.263396],[-84.640516,39.263739],[-84.639599,39.263741]]]}},{"type":"Feature","properties":{"pid":"051002500077"},"geometry":{"type":"Polygon","coordinates":[[[-84.639197,39.263275],[-84.640531,39.263272],[-84.640527,39.263396],[-84.639304,39.263398],[-84.639197,39.263275]]]}},{"type":"Feature","properties":{"pid":"051002500070"},"geometry":{"type":"Polygon","coordinates":[[[-84.639835,39.264015],[-84.638835,39.264017],[-84.638833,39.263303],[-84.639221,39.263302],[-84.639835,39.264015]]]}},{"type":"Feature","properties":{"pid":"051001830061"},"geometry":{"type":"Polygon","coordinates":[[[-84.612676,39.252614],[-84.612016,39.25261],[-84.611498,39.252843],[-84.611103,39.252861],[-84.610895,39.253186],[-84.6106,39.253172],[-84.610653,39.252666],[-84.611137,39.252807],[-84.611317,39.252814],[-84.611561,39.252763],[-84.611916,39.252584],[-84.612085,39.25254],[-84.61268,39.252559],[-84.612676,39.252614]]]}},{"type":"Feature","properties":{"pid":"051001830024"},"geometry":{"type":"Polygon","coordinates":[[[-84.610481,39.254308],[-84.61051,39.254023],[-84.612657,39.25414],[-84.612637,39.254414],[-84.610481,39.254308]]]}},{"type":"Feature","properties":{"pid":"051001830811"},"geometry":{"type":"Polygon","coordinates":[[[-84.612699,39.253628],[-84.612248,39.253598],[-84.611864,39.253712],[-84.61055,39.253648],[-84.6106,39.253172],[-84.612728,39.253276],[-84.612699,39.253628]]]}},{"type":"Feature","properties":{"pid":"051001830812"},"geometry":{"type":"Polygon","coordinates":[[[-84.612657,39.25414],[-84.611842,39.254095],[-84.611869,39.25377],[-84.612258,39.253654],[-84.612695,39.253682],[-84.612657,39.25414]]]}},{"type":"Feature","properties":{"pid":"051001840017"},"geometry":{"type":"Polygon","coordinates":[[[-84.612497,39.256128],[-84.61252,39.255854],[-84.613767,39.256001],[-84.613743,39.256271],[-84.612497,39.256128]]]}},{"type":"Feature","properties":{"pid":"051001830016"},"geometry":{"type":"Polygon","coordinates":[[[-84.61082,39.255659],[-84.610859,39.255146],[-84.61257,39.255229],[-84.612567,39.255263],[-84.611316,39.255202],[-84.611276,39.255681],[-84.61082,39.255659]]]}},{"type":"Feature","properties":{"pid":"051001830017"},"geometry":{"type":"Polygon","coordinates":[[[-84.612573,39.255195],[-84.61257,39.255229],[-84.610859,39.255146],[-84.61082,39.255659],[-84.610342,39.255635],[-84.6104,39.255087],[-84.612573,39.255195]]]}},{"type":"Feature","properties":{"pid":"051001830018"},"geometry":{"type":"Polygon","coordinates":[[[-84.612584,39.255058],[-84.612063,39.25503],[-84.612093,39.25462],[-84.612618,39.254647],[-84.612584,39.255058]]]}},{"type":"Feature","properties":{"pid":"051001830021"},"geometry":{"type":"Polygon","coordinates":[[[-84.612575,39.255161],[-84.610932,39.255079],[-84.610974,39.254563],[-84.61148,39.254589],[-84.611444,39.255069],[-84.612578,39.255126],[-84.612575,39.255161]]]}},{"type":"Feature","properties":{"pid":"051001830022"},"geometry":{"type":"Polygon","coordinates":[[[-84.6104,39.255087],[-84.610457,39.254537],[-84.610974,39.254563],[-84.610932,39.255079],[-84.612575,39.255161],[-84.612573,39.255195],[-84.6104,39.255087]]]}},{"type":"Feature","properties":{"pid":"051001830023"},"geometry":{"type":"Polygon","coordinates":[[[-84.612618,39.254647],[-84.610457,39.254537],[-84.610481,39.254308],[-84.612637,39.254414],[-84.612618,39.254647]]]}},{"type":"Feature","properties":{"pid":"051001830060"},"geometry":{"type":"Polygon","coordinates":[[[-84.611441,39.252855],[-84.611535,39.253163],[-84.612626,39.253217],[-84.612622,39.253271],[-84.610895,39.253186],[-84.611103,39.252861],[-84.611441,39.252855]]]}},{"type":"Feature","properties":{"pid":"051001830394"},"geometry":{"type":"Polygon","coordinates":[[[-84.610069,39.253302],[-84.609483,39.252876],[-84.609862,39.252721],[-84.6106,39.253168],[-84.610565,39.253504],[-84.610041,39.253361],[-84.610069,39.253302]]]}},{"type":"Feature","properties":{"pid":"051001830404"},"geometry":{"type":"Polygon","coordinates":[[[-84.610069,39.253302],[-84.609483,39.252876],[-84.609862,39.252721],[-84.6106,39.253168],[-84.610565,39.253504],[-84.610041,39.253361],[-84.610069,39.253302]]]}},{"type":"Feature","properties":{"pid":"051001830408"},"geometry":{"type":"Polygon","coordinates":[[[-84.610069,39.253302],[-84.609483,39.252876],[-84.609862,39.252721],[-84.6106,39.253168],[-84.610565,39.253504],[-84.610041,39.253361],[-84.610069,39.253302]]]}},{"type":"Feature","properties":{"pid":"051001830396"},"geometry":{"type":"Polygon","coordinates":[[[-84.610069,39.253302],[-84.609483,39.252876],[-84.609862,39.252721],[-84.6106,39.253168],[-84.610565,39.253504],[-84.610041,39.253361],[-84.610069,39.253302]]]}},{"type":"Feature","properties":{"pid":"051001830401"},"geometry":{"type":"Polygon","coordinates":[[[-84.610069,39.253302],[-84.609483,39.252876],[-84.609862,39.252721],[-84.6106,39.253168],[-84.610565,39.253504],[-84.610041,39.253361],[-84.610069,39.253302]]]}},{"type":"Feature","properties":{"pid":"051001830393"},"geometry":{"type":"Polygon","coordinates":[[[-84.610069,39.253302],[-84.609483,39.252876],[-84.609862,39.252721],[-84.6106,39.253168],[-84.610565,39.253504],[-84.610041,39.253361],[-84.610069,39.253302]]]}},{"type":"Feature","properties":{"pid":"051001830406"},"geometry":{"type":"Polygon","coordinates":[[[-84.610069,39.253302],[-84.609483,39.252876],[-84.609862,39.252721],[-84.6106,39.253168],[-84.610565,39.253504],[-84.610041,39.253361],[-84.610069,39.253302]]]}},{"type":"Feature","properties":{"pid":"051001830409"},"geometry":{"type":"Polygon","coordinates":[[[-84.610069,39.253302],[-84.609483,39.252876],[-84.609862,39.252721],[-84.6106,39.253168],[-84.610565,39.253504],[-84.610041,39.253361],[-84.610069,39.253302]]]}},{"type":"Feature","properties":{"pid":"051001830405"},"geometry":{"type":"Polygon","coordinates":[[[-84.610069,39.253302],[-84.609483,39.252876],[-84.609862,39.252721],[-84.6106,39.253168],[-84.610565,39.253504],[-84.610041,39.253361],[-84.610069,39.253302]]]}},{"type":"Feature","properties":{"pid":"051001830402"},"geometry":{"type":"Polygon","coordinates":[[[-84.610069,39.253302],[-84.609483,39.252876],[-84.609862,39.252721],[-84.6106,39.253168],[-84.610565,39.253504],[-84.610041,39.253361],[-84.610069,39.253302]]]}},{"type":"Feature","properties":{"pid":"051001830395"},"geometry":{"type":"Polygon","coordinates":[[[-84.610069,39.253302],[-84.609483,39.252876],[-84.609862,39.252721],[-84.6106,39.253168],[-84.610565,39.253504],[-84.610041,39.253361],[-84.610069,39.253302]]]}},{"type":"Feature","properties":{"pid":"051001830407"},"geometry":{"type":"Polygon","coordinates":[[[-84.610069,39.253302],[-84.609483,39.252876],[-84.609862,39.252721],[-84.6106,39.253168],[-84.610565,39.253504],[-84.610041,39.253361],[-84.610069,39.253302]]]}},{"type":"Feature","properties":{"pid":"051001830403"},"geometry":{"type":"Polygon","coordinates":[[[-84.610069,39.253302],[-84.609483,39.252876],[-84.609862,39.252721],[-84.6106,39.253168],[-84.610565,39.253504],[-84.610041,39.253361],[-84.610069,39.253302]]]}},{"type":"Feature","properties":{"pid":"051001830390"},"geometry":{"type":"Polygon","coordinates":[[[-84.610069,39.253302],[-84.609483,39.252876],[-84.609862,39.252721],[-84.6106,39.253168],[-84.610565,39.253504],[-84.610041,39.253361],[-84.610069,39.253302]]]}},{"type":"Feature","properties":{"pid":"051001830398"},"geometry":{"type":"Polygon","coordinates":[[[-84.610069,39.253302],[-84.609483,39.252876],[-84.609862,39.252721],[-84.6106,39.253168],[-84.610565,39.253504],[-84.610041,39.253361],[-84.610069,39.253302]]]}},{"type":"Feature","properties":{"pid":"051001830391"},"geometry":{"type":"Polygon","coordinates":[[[-84.610069,39.253302],[-84.609483,39.252876],[-84.609862,39.252721],[-84.6106,39.253168],[-84.610565,39.253504],[-84.610041,39.253361],[-84.610069,39.253302]]]}},{"type":"Feature","properties":{"pid":"051001830399"},"geometry":{"type":"Polygon","coordinates":[[[-84.610069,39.253302],[-84.609483,39.252876],[-84.609862,39.252721],[-84.6106,39.253168],[-84.610565,39.253504],[-84.610041,39.253361],[-84.610069,39.253302]]]}},{"type":"Feature","properties":{"pid":"051001830392"},"geometry":{"type":"Polygon","coordinates":[[[-84.610069,39.253302],[-84.609483,39.252876],[-84.609862,39.252721],[-84.6106,39.253168],[-84.610565,39.253504],[-84.610041,39.253361],[-84.610069,39.253302]]]}},{"type":"Feature","properties":{"pid":"051001830400"},"geometry":{"type":"Polygon","coordinates":[[[-84.610069,39.253302],[-84.609483,39.252876],[-84.609862,39.252721],[-84.6106,39.253168],[-84.610565,39.253504],[-84.610041,39.253361],[-84.610069,39.253302]]]}},{"type":"Feature","properties":{"pid":"051001830389"},"geometry":{"type":"Polygon","coordinates":[[[-84.610069,39.253302],[-84.609483,39.252876],[-84.609862,39.252721],[-84.6106,39.253168],[-84.610565,39.253504],[-84.610041,39.253361],[-84.610069,39.253302]]]}},{"type":"Feature","properties":{"pid":"051001830397"},"geometry":{"type":"Polygon","coordinates":[[[-84.610069,39.253302],[-84.609483,39.252876],[-84.609862,39.252721],[-84.6106,39.253168],[-84.610565,39.253504],[-84.610041,39.253361],[-84.610069,39.253302]]]}},{"type":"Feature","properties":{"pid":"051001830452"},"geometry":{"type":"Polygon","coordinates":[[[-84.610485,39.254264],[-84.609965,39.254122],[-84.609695,39.254108],[-84.609481,39.253933],[-84.609859,39.253703],[-84.610041,39.253361],[-84.610565,39.253504],[-84.610485,39.254264]]]}},{"type":"Feature","properties":{"pid":"051001830453"},"geometry":{"type":"Polygon","coordinates":[[[-84.610485,39.254264],[-84.609965,39.254122],[-84.609695,39.254108],[-84.609481,39.253933],[-84.609859,39.253703],[-84.610041,39.253361],[-84.610565,39.253504],[-84.610485,39.254264]]]}},{"type":"Feature","properties":{"pid":"051001830437"},"geometry":{"type":"Polygon","coordinates":[[[-84.610485,39.254264],[-84.609965,39.254122],[-84.609695,39.254108],[-84.609481,39.253933],[-84.609859,39.253703],[-84.610041,39.253361],[-84.610565,39.253504],[-84.610485,39.254264]]]}},{"type":"Feature","properties":{"pid":"051001830454"},"geometry":{"type":"Polygon","coordinates":[[[-84.610485,39.254264],[-84.609965,39.254122],[-84.609695,39.254108],[-84.609481,39.253933],[-84.609859,39.253703],[-84.610041,39.253361],[-84.610565,39.253504],[-84.610485,39.254264]]]}},{"type":"Feature","properties":{"pid":"051001830450"},"geometry":{"type":"Polygon","coordinates":[[[-84.610485,39.254264],[-84.609965,39.254122],[-84.609695,39.254108],[-84.609481,39.253933],[-84.609859,39.253703],[-84.610041,39.253361],[-84.610565,39.253504],[-84.610485,39.254264]]]}},{"type":"Feature","properties":{"pid":"051001830436"},"geometry":{"type":"Polygon","coordinates":[[[-84.610485,39.254264],[-84.609965,39.254122],[-84.609695,39.254108],[-84.609481,39.253933],[-84.609859,39.253703],[-84.610041,39.253361],[-84.610565,39.253504],[-84.610485,39.254264]]]}},{"type":"Feature","properties":{"pid":"051001830438"},"geometry":{"type":"Polygon","coordinates":[[[-84.610485,39.254264],[-84.609965,39.254122],[-84.609695,39.254108],[-84.609481,39.253933],[-84.609859,39.253703],[-84.610041,39.253361],[-84.610565,39.253504],[-84.610485,39.254264]]]}},{"type":"Feature","properties":{"pid":"051001830439"},"geometry":{"type":"Polygon","coordinates":[[[-84.610485,39.254264],[-84.609965,39.254122],[-84.609695,39.254108],[-84.609481,39.253933],[-84.609859,39.253703],[-84.610041,39.253361],[-84.610565,39.253504],[-84.610485,39.254264]]]}},{"type":"Feature","properties":{"pid":"051001830435"},"geometry":{"type":"Polygon","coordinates":[[[-84.610485,39.254264],[-84.609965,39.254122],[-84.609695,39.254108],[-84.609481,39.253933],[-84.609859,39.253703],[-84.610041,39.253361],[-84.610565,39.253504],[-84.610485,39.254264]]]}},{"type":"Feature","properties":{"pid":"051001830456"},"geometry":{"type":"Polygon","coordinates":[[[-84.610485,39.254264],[-84.609965,39.254122],[-84.609695,39.254108],[-84.609481,39.253933],[-84.609859,39.253703],[-84.610041,39.253361],[-84.610565,39.253504],[-84.610485,39.254264]]]}},{"type":"Feature","properties":{"pid":"051001830440"},"geometry":{"type":"Polygon","coordinates":[[[-84.610485,39.254264],[-84.609965,39.254122],[-84.609695,39.254108],[-84.609481,39.253933],[-84.609859,39.253703],[-84.610041,39.253361],[-84.610565,39.253504],[-84.610485,39.254264]]]}},{"type":"Feature","properties":{"pid":"051001830451"},"geometry":{"type":"Polygon","coordinates":[[[-84.610485,39.254264],[-84.609965,39.254122],[-84.609695,39.254108],[-84.609481,39.253933],[-84.609859,39.253703],[-84.610041,39.253361],[-84.610565,39.253504],[-84.610485,39.254264]]]}},{"type":"Feature","properties":{"pid":"051001830441"},"geometry":{"type":"Polygon","coordinates":[[[-84.610485,39.254264],[-84.609965,39.254122],[-84.609695,39.254108],[-84.609481,39.253933],[-84.609859,39.253703],[-84.610041,39.253361],[-84.610565,39.253504],[-84.610485,39.254264]]]}},{"type":"Feature","properties":{"pid":"051001830455"},"geometry":{"type":"Polygon","coordinates":[[[-84.610485,39.254264],[-84.609965,39.254122],[-84.609695,39.254108],[-84.609481,39.253933],[-84.609859,39.253703],[-84.610041,39.253361],[-84.610565,39.253504],[-84.610485,39.254264]]]}},{"type":"Feature","properties":{"pid":"051001830433"},"geometry":{"type":"Polygon","coordinates":[[[-84.610485,39.254264],[-84.609965,39.254122],[-84.609695,39.254108],[-84.609481,39.253933],[-84.609859,39.253703],[-84.610041,39.253361],[-84.610565,39.253504],[-84.610485,39.254264]]]}},{"type":"Feature","properties":{"pid":"051001830449"},"geometry":{"type":"Polygon","coordinates":[[[-84.610485,39.254264],[-84.609965,39.254122],[-84.609695,39.254108],[-84.609481,39.253933],[-84.609859,39.253703],[-84.610041,39.253361],[-84.610565,39.253504],[-84.610485,39.254264]]]}},{"type":"Feature","properties":{"pid":"051001830432"},"geometry":{"type":"Polygon","coordinates":[[[-84.610485,39.254264],[-84.609965,39.254122],[-84.609695,39.254108],[-84.609481,39.253933],[-84.609859,39.253703],[-84.610041,39.253361],[-84.610565,39.253504],[-84.610485,39.254264]]]}},{"type":"Feature","properties":{"pid":"051001830448"},"geometry":{"type":"Polygon","coordinates":[[[-84.610485,39.254264],[-84.609965,39.254122],[-84.609695,39.254108],[-84.609481,39.253933],[-84.609859,39.253703],[-84.610041,39.253361],[-84.610565,39.253504],[-84.610485,39.254264]]]}},{"type":"Feature","properties":{"pid":"051001830430"},"geometry":{"type":"Polygon","coordinates":[[[-84.610485,39.254264],[-84.609965,39.254122],[-84.609695,39.254108],[-84.609481,39.253933],[-84.609859,39.253703],[-84.610041,39.253361],[-84.610565,39.253504],[-84.610485,39.254264]]]}},{"type":"Feature","properties":{"pid":"051001830446"},"geometry":{"type":"Polygon","coordinates":[[[-84.610485,39.254264],[-84.609965,39.254122],[-84.609695,39.254108],[-84.609481,39.253933],[-84.609859,39.253703],[-84.610041,39.253361],[-84.610565,39.253504],[-84.610485,39.254264]]]}},{"type":"Feature","properties":{"pid":"051001830431"},"geometry":{"type":"Polygon","coordinates":[[[-84.610485,39.254264],[-84.609965,39.254122],[-84.609695,39.254108],[-84.609481,39.253933],[-84.609859,39.253703],[-84.610041,39.253361],[-84.610565,39.253504],[-84.610485,39.254264]]]}},{"type":"Feature","properties":{"pid":"051001830447"},"geometry":{"type":"Polygon","coordinates":[[[-84.610485,39.254264],[-84.609965,39.254122],[-84.609695,39.254108],[-84.609481,39.253933],[-84.609859,39.253703],[-84.610041,39.253361],[-84.610565,39.253504],[-84.610485,39.254264]]]}},{"type":"Feature","properties":{"pid":"051001830429"},"geometry":{"type":"Polygon","coordinates":[[[-84.610485,39.254264],[-84.609965,39.254122],[-84.609695,39.254108],[-84.609481,39.253933],[-84.609859,39.253703],[-84.610041,39.253361],[-84.610565,39.253504],[-84.610485,39.254264]]]}},{"type":"Feature","properties":{"pid":"051001830445"},"geometry":{"type":"Polygon","coordinates":[[[-84.610485,39.254264],[-84.609965,39.254122],[-84.609695,39.254108],[-84.609481,39.253933],[-84.609859,39.253703],[-84.610041,39.253361],[-84.610565,39.253504],[-84.610485,39.254264]]]}},{"type":"Feature","properties":{"pid":"051001830428"},"geometry":{"type":"Polygon","coordinates":[[[-84.610485,39.254264],[-84.609965,39.254122],[-84.609695,39.254108],[-84.609481,39.253933],[-84.609859,39.253703],[-84.610041,39.253361],[-84.610565,39.253504],[-84.610485,39.254264]]]}},{"type":"Feature","properties":{"pid":"051001830444"},"geometry":{"type":"Polygon","coordinates":[[[-84.610485,39.254264],[-84.609965,39.254122],[-84.609695,39.254108],[-84.609481,39.253933],[-84.609859,39.253703],[-84.610041,39.253361],[-84.610565,39.253504],[-84.610485,39.254264]]]}},{"type":"Feature","properties":{"pid":"051001830426"},"geometry":{"type":"Polygon","coordinates":[[[-84.610485,39.254264],[-84.609965,39.254122],[-84.609695,39.254108],[-84.609481,39.253933],[-84.609859,39.253703],[-84.610041,39.253361],[-84.610565,39.253504],[-84.610485,39.254264]]]}},{"type":"Feature","properties":{"pid":"051001830442"},"geometry":{"type":"Polygon","coordinates":[[[-84.610485,39.254264],[-84.609965,39.254122],[-84.609695,39.254108],[-84.609481,39.253933],[-84.609859,39.253703],[-84.610041,39.253361],[-84.610565,39.253504],[-84.610485,39.254264]]]}},{"type":"Feature","properties":{"pid":"051001830427"},"geometry":{"type":"Polygon","coordinates":[[[-84.610485,39.254264],[-84.609965,39.254122],[-84.609695,39.254108],[-84.609481,39.253933],[-84.609859,39.253703],[-84.610041,39.253361],[-84.610565,39.253504],[-84.610485,39.254264]]]}},{"type":"Feature","properties":{"pid":"051001830443"},"geometry":{"type":"Polygon","coordinates":[[[-84.610485,39.254264],[-84.609965,39.254122],[-84.609695,39.254108],[-84.609481,39.253933],[-84.609859,39.253703],[-84.610041,39.253361],[-84.610565,39.253504],[-84.610485,39.254264]]]}},{"type":"Feature","properties":{"pid":"051001830434"},"geometry":{"type":"Polygon","coordinates":[[[-84.610485,39.254264],[-84.609965,39.254122],[-84.609695,39.254108],[-84.609481,39.253933],[-84.609859,39.253703],[-84.610041,39.253361],[-84.610565,39.253504],[-84.610485,39.254264]]]}},{"type":"Feature","properties":{"pid":"051001810068"},"geometry":{"type":"Polygon","coordinates":[[[-84.61786,39.263748],[-84.617759,39.26333],[-84.61937,39.263413],[-84.619335,39.263824],[-84.61786,39.263748]]]}},{"type":"Feature","properties":{"pid":"051001810069"},"geometry":{"type":"Polygon","coordinates":[[[-84.61786,39.263748],[-84.619335,39.263824],[-84.6193,39.264235],[-84.617765,39.264156],[-84.61786,39.263748]]]}},{"type":"Feature","properties":{"pid":"051001810071"},"geometry":{"type":"Polygon","coordinates":[[[-84.617621,39.264594],[-84.619242,39.264915],[-84.619081,39.266781],[-84.618334,39.266693],[-84.618443,39.265421],[-84.617575,39.264654],[-84.617621,39.264594]]]}},{"type":"Feature","properties":{"pid":"051001810072"},"geometry":{"type":"Polygon","coordinates":[[[-84.617575,39.264654],[-84.618443,39.265421],[-84.618334,39.266693],[-84.617601,39.266606],[-84.617714,39.265288],[-84.617512,39.26468],[-84.617575,39.264654]]]}},{"type":"Feature","properties":{"pid":"051001810073"},"geometry":{"type":"Polygon","coordinates":[[[-84.617382,39.264659],[-84.617512,39.26468],[-84.617714,39.265288],[-84.617601,39.266606],[-84.616868,39.266518],[-84.616993,39.265052],[-84.617382,39.264659]]]}},{"type":"Feature","properties":{"pid":"051001810074"},"geometry":{"type":"Polygon","coordinates":[[[-84.61733,39.264601],[-84.617382,39.264659],[-84.616993,39.265052],[-84.616868,39.266518],[-84.616134,39.266431],[-84.616192,39.265759],[-84.616724,39.264753],[-84.61733,39.264601]]]}},{"type":"Feature","properties":{"pid":"051001810075"},"geometry":{"type":"Polygon","coordinates":[[[-84.617325,39.264545],[-84.61733,39.264601],[-84.616724,39.264753],[-84.616192,39.265759],[-84.616134,39.266431],[-84.615385,39.266343],[-84.615501,39.265],[-84.617325,39.264545]]]}},{"type":"Feature","properties":{"pid":"051001810076"},"geometry":{"type":"Polygon","coordinates":[[[-84.615501,39.265],[-84.615564,39.264263],[-84.617512,39.264364],[-84.617325,39.264545],[-84.615501,39.265]]]}},{"type":"Feature","properties":{"pid":"051001810078"},"geometry":{"type":"Polygon","coordinates":[[[-84.617654,39.263567],[-84.617684,39.263753],[-84.617647,39.263958],[-84.6156,39.263852],[-84.615635,39.263441],[-84.617654,39.263567]]]}},{"type":"Feature","properties":{"pid":"051001840274"},"geometry":{"type":"Polygon","coordinates":[[[-84.615612,39.258933],[-84.61574,39.258571],[-84.615751,39.258202],[-84.615907,39.257957],[-84.616342,39.25823],[-84.616385,39.25831],[-84.616328,39.259015],[-84.615612,39.258933]]]}},{"type":"Feature","properties":{"pid":"051001700075"},"geometry":{"type":"Polygon","coordinates":[[[-84.608548,39.267324],[-84.607949,39.267181],[-84.607907,39.266782],[-84.608689,39.26697],[-84.608548,39.267324]]]}},{"type":"Feature","properties":{"pid":"051001810080"},"geometry":{"type":"Polygon","coordinates":[[[-84.617483,39.262711],[-84.61751,39.263126],[-84.615671,39.26303],[-84.615706,39.262619],[-84.617483,39.262711]]]}},{"type":"Feature","properties":{"pid":"051001810081"},"geometry":{"type":"Polygon","coordinates":[[[-84.617621,39.262306],[-84.617483,39.262711],[-84.615706,39.262619],[-84.615741,39.262208],[-84.617621,39.262306]]]}},{"type":"Feature","properties":{"pid":"051001830315"},"geometry":{"type":"Polygon","coordinates":[[[-84.609862,39.252721],[-84.609699,39.252428],[-84.610342,39.251991],[-84.610461,39.252134],[-84.610524,39.252304],[-84.610694,39.252287],[-84.6106,39.253168],[-84.609862,39.252721]]]}},{"type":"Feature","properties":{"pid":"051001830340"},"geometry":{"type":"Polygon","coordinates":[[[-84.609862,39.252721],[-84.609699,39.252428],[-84.610342,39.251991],[-84.610461,39.252134],[-84.610524,39.252304],[-84.610694,39.252287],[-84.6106,39.253168],[-84.609862,39.252721]]]}},{"type":"Feature","properties":{"pid":"051001830316"},"geometry":{"type":"Polygon","coordinates":[[[-84.609862,39.252721],[-84.609699,39.252428],[-84.610342,39.251991],[-84.610461,39.252134],[-84.610524,39.252304],[-84.610694,39.252287],[-84.6106,39.253168],[-84.609862,39.252721]]]}},{"type":"Feature","properties":{"pid":"051001830337"},"geometry":{"type":"Polygon","coordinates":[[[-84.609862,39.252721],[-84.609699,39.252428],[-84.610342,39.251991],[-84.610461,39.252134],[-84.610524,39.252304],[-84.610694,39.252287],[-84.6106,39.253168],[-84.609862,39.252721]]]}},{"type":"Feature","properties":{"pid":"051001830339"},"geometry":{"type":"Polygon","coordinates":[[[-84.609862,39.252721],[-84.609699,39.252428],[-84.610342,39.251991],[-84.610461,39.252134],[-84.610524,39.252304],[-84.610694,39.252287],[-84.6106,39.253168],[-84.609862,39.252721]]]}},{"type":"Feature","properties":{"pid":"051001830331"},"geometry":{"type":"Polygon","coordinates":[[[-84.609862,39.252721],[-84.609699,39.252428],[-84.610342,39.251991],[-84.610461,39.252134],[-84.610524,39.252304],[-84.610694,39.252287],[-84.6106,39.253168],[-84.609862,39.252721]]]}},{"type":"Feature","properties":{"pid":"051001830317"},"geometry":{"type":"Polygon","coordinates":[[[-84.609862,39.252721],[-84.609699,39.252428],[-84.610342,39.251991],[-84.610461,39.252134],[-84.610524,39.252304],[-84.610694,39.252287],[-84.6106,39.253168],[-84.609862,39.252721]]]}},{"type":"Feature","properties":{"pid":"051001830335"},"geometry":{"type":"Polygon","coordinates":[[[-84.609862,39.252721],[-84.609699,39.252428],[-84.610342,39.251991],[-84.610461,39.252134],[-84.610524,39.252304],[-84.610694,39.252287],[-84.6106,39.253168],[-84.609862,39.252721]]]}},{"type":"Feature","properties":{"pid":"051001830329"},"geometry":{"type":"Polygon","coordinates":[[[-84.609862,39.252721],[-84.609699,39.252428],[-84.610342,39.251991],[-84.610461,39.252134],[-84.610524,39.252304],[-84.610694,39.252287],[-84.6106,39.253168],[-84.609862,39.252721]]]}},{"type":"Feature","properties":{"pid":"051001830324"},"geometry":{"type":"Polygon","coordinates":[[[-84.609862,39.252721],[-84.609699,39.252428],[-84.610342,39.251991],[-84.610461,39.252134],[-84.610524,39.252304],[-84.610694,39.252287],[-84.6106,39.253168],[-84.609862,39.252721]]]}},{"type":"Feature","properties":{"pid":"051001830318"},"geometry":{"type":"Polygon","coordinates":[[[-84.609862,39.252721],[-84.609699,39.252428],[-84.610342,39.251991],[-84.610461,39.252134],[-84.610524,39.252304],[-84.610694,39.252287],[-84.6106,39.253168],[-84.609862,39.252721]]]}},{"type":"Feature","properties":{"pid":"051001830336"},"geometry":{"type":"Polygon","coordinates":[[[-84.609862,39.252721],[-84.609699,39.252428],[-84.610342,39.251991],[-84.610461,39.252134],[-84.610524,39.252304],[-84.610694,39.252287],[-84.6106,39.253168],[-84.609862,39.252721]]]}},{"type":"Feature","properties":{"pid":"051001830330"},"geometry":{"type":"Polygon","coordinates":[[[-84.609862,39.252721],[-84.609699,39.252428],[-84.610342,39.251991],[-84.610461,39.252134],[-84.610524,39.252304],[-84.610694,39.252287],[-84.6106,39.253168],[-84.609862,39.252721]]]}},{"type":"Feature","properties":{"pid":"051001830338"},"geometry":{"type":"Polygon","coordinates":[[[-84.609862,39.252721],[-84.609699,39.252428],[-84.610342,39.251991],[-84.610461,39.252134],[-84.610524,39.252304],[-84.610694,39.252287],[-84.6106,39.253168],[-84.609862,39.252721]]]}},{"type":"Feature","properties":{"pid":"051001830311"},"geometry":{"type":"Polygon","coordinates":[[[-84.609862,39.252721],[-84.609699,39.252428],[-84.610342,39.251991],[-84.610461,39.252134],[-84.610524,39.252304],[-84.610694,39.252287],[-84.6106,39.253168],[-84.609862,39.252721]]]}},{"type":"Feature","properties":{"pid":"051001830319"},"geometry":{"type":"Polygon","coordinates":[[[-84.609862,39.252721],[-84.609699,39.252428],[-84.610342,39.251991],[-84.610461,39.252134],[-84.610524,39.252304],[-84.610694,39.252287],[-84.6106,39.253168],[-84.609862,39.252721]]]}},{"type":"Feature","properties":{"pid":"051001830320"},"geometry":{"type":"Polygon","coordinates":[[[-84.609862,39.252721],[-84.609699,39.252428],[-84.610342,39.251991],[-84.610461,39.252134],[-84.610524,39.252304],[-84.610694,39.252287],[-84.6106,39.253168],[-84.609862,39.252721]]]}},{"type":"Feature","properties":{"pid":"051001830313"},"geometry":{"type":"Polygon","coordinates":[[[-84.609862,39.252721],[-84.609699,39.252428],[-84.610342,39.251991],[-84.610461,39.252134],[-84.610524,39.252304],[-84.610694,39.252287],[-84.6106,39.253168],[-84.609862,39.252721]]]}},{"type":"Feature","properties":{"pid":"051001830321"},"geometry":{"type":"Polygon","coordinates":[[[-84.609862,39.252721],[-84.609699,39.252428],[-84.610342,39.251991],[-84.610461,39.252134],[-84.610524,39.252304],[-84.610694,39.252287],[-84.6106,39.253168],[-84.609862,39.252721]]]}},{"type":"Feature","properties":{"pid":"051001830312"},"geometry":{"type":"Polygon","coordinates":[[[-84.609862,39.252721],[-84.609699,39.252428],[-84.610342,39.251991],[-84.610461,39.252134],[-84.610524,39.252304],[-84.610694,39.252287],[-84.6106,39.253168],[-84.609862,39.252721]]]}},{"type":"Feature","properties":{"pid":"051001830322"},"geometry":{"type":"Polygon","coordinates":[[[-84.609862,39.252721],[-84.609699,39.252428],[-84.610342,39.251991],[-84.610461,39.252134],[-84.610524,39.252304],[-84.610694,39.252287],[-84.6106,39.253168],[-84.609862,39.252721]]]}},{"type":"Feature","properties":{"pid":"051001830314"},"geometry":{"type":"Polygon","coordinates":[[[-84.609862,39.252721],[-84.609699,39.252428],[-84.610342,39.251991],[-84.610461,39.252134],[-84.610524,39.252304],[-84.610694,39.252287],[-84.6106,39.253168],[-84.609862,39.252721]]]}},{"type":"Feature","properties":{"pid":"051001830172"},"geometry":{"type":"Polygon","coordinates":[[[-84.609862,39.252721],[-84.609699,39.252428],[-84.610342,39.251991],[-84.610461,39.252134],[-84.610524,39.252304],[-84.610694,39.252287],[-84.6106,39.253168],[-84.609862,39.252721]]]}},{"type":"Feature","properties":{"pid":"051001830332"},"geometry":{"type":"Polygon","coordinates":[[[-84.609862,39.252721],[-84.609699,39.252428],[-84.610342,39.251991],[-84.610461,39.252134],[-84.610524,39.252304],[-84.610694,39.252287],[-84.6106,39.253168],[-84.609862,39.252721]]]}},{"type":"Feature","properties":{"pid":"051001830328"},"geometry":{"type":"Polygon","coordinates":[[[-84.609862,39.252721],[-84.609699,39.252428],[-84.610342,39.251991],[-84.610461,39.252134],[-84.610524,39.252304],[-84.610694,39.252287],[-84.6106,39.253168],[-84.609862,39.252721]]]}},{"type":"Feature","properties":{"pid":"051001830327"},"geometry":{"type":"Polygon","coordinates":[[[-84.609862,39.252721],[-84.609699,39.252428],[-84.610342,39.251991],[-84.610461,39.252134],[-84.610524,39.252304],[-84.610694,39.252287],[-84.6106,39.253168],[-84.609862,39.252721]]]}},{"type":"Feature","properties":{"pid":"051001830323"},"geometry":{"type":"Polygon","coordinates":[[[-84.609862,39.252721],[-84.609699,39.252428],[-84.610342,39.251991],[-84.610461,39.252134],[-84.610524,39.252304],[-84.610694,39.252287],[-84.6106,39.253168],[-84.609862,39.252721]]]}},{"type":"Feature","properties":{"pid":"051001830325"},"geometry":{"type":"Polygon","coordinates":[[[-84.609862,39.252721],[-84.609699,39.252428],[-84.610342,39.251991],[-84.610461,39.252134],[-84.610524,39.252304],[-84.610694,39.252287],[-84.6106,39.253168],[-84.609862,39.252721]]]}},{"type":"Feature","properties":{"pid":"051001830333"},"geometry":{"type":"Polygon","coordinates":[[[-84.609862,39.252721],[-84.609699,39.252428],[-84.610342,39.251991],[-84.610461,39.252134],[-84.610524,39.252304],[-84.610694,39.252287],[-84.6106,39.253168],[-84.609862,39.252721]]]}},{"type":"Feature","properties":{"pid":"051001830334"},"geometry":{"type":"Polygon","coordinates":[[[-84.609862,39.252721],[-84.609699,39.252428],[-84.610342,39.251991],[-84.610461,39.252134],[-84.610524,39.252304],[-84.610694,39.252287],[-84.6106,39.253168],[-84.609862,39.252721]]]}},{"type":"Feature","properties":{"pid":"051001830326"},"geometry":{"type":"Polygon","coordinates":[[[-84.609862,39.252721],[-84.609699,39.252428],[-84.610342,39.251991],[-84.610461,39.252134],[-84.610524,39.252304],[-84.610694,39.252287],[-84.6106,39.253168],[-84.609862,39.252721]]]}},{"type":"Feature","properties":{"pid":"051001830014"},"geometry":{"type":"Polygon","coordinates":[[[-84.612528,39.255743],[-84.611276,39.255681],[-84.611316,39.255202],[-84.612567,39.255263],[-84.612528,39.255743]]]}},{"type":"Feature","properties":{"pid":"051001830423"},"geometry":{"type":"Polygon","coordinates":[[[-84.609171,39.254525],[-84.609898,39.254419],[-84.609929,39.254124],[-84.610485,39.254264],[-84.610449,39.254608],[-84.609709,39.254545],[-84.60919,39.25462],[-84.609171,39.254525]]]}},{"type":"Feature","properties":{"pid":"051001830424"},"geometry":{"type":"Polygon","coordinates":[[[-84.609171,39.254525],[-84.609898,39.254419],[-84.609929,39.254124],[-84.610485,39.254264],[-84.610449,39.254608],[-84.609709,39.254545],[-84.60919,39.25462],[-84.609171,39.254525]]]}},{"type":"Feature","properties":{"pid":"051001830420"},"geometry":{"type":"Polygon","coordinates":[[[-84.609171,39.254525],[-84.609898,39.254419],[-84.609929,39.254124],[-84.610485,39.254264],[-84.610449,39.254608],[-84.609709,39.254545],[-84.60919,39.25462],[-84.609171,39.254525]]]}},{"type":"Feature","properties":{"pid":"051001830425"},"geometry":{"type":"Polygon","coordinates":[[[-84.609171,39.254525],[-84.609898,39.254419],[-84.609929,39.254124],[-84.610485,39.254264],[-84.610449,39.254608],[-84.609709,39.254545],[-84.60919,39.25462],[-84.609171,39.254525]]]}},{"type":"Feature","properties":{"pid":"051001830421"},"geometry":{"type":"Polygon","coordinates":[[[-84.609171,39.254525],[-84.609898,39.254419],[-84.609929,39.254124],[-84.610485,39.254264],[-84.610449,39.254608],[-84.609709,39.254545],[-84.60919,39.25462],[-84.609171,39.254525]]]}},{"type":"Feature","properties":{"pid":"051001830422"},"geometry":{"type":"Polygon","coordinates":[[[-84.609171,39.254525],[-84.609898,39.254419],[-84.609929,39.254124],[-84.610485,39.254264],[-84.610449,39.254608],[-84.609709,39.254545],[-84.60919,39.25462],[-84.609171,39.254525]]]}},{"type":"Feature","properties":{"pid":"051001840121"},"geometry":{"type":"Polygon","coordinates":[[[-84.613352,39.255954],[-84.612618,39.255866],[-84.612651,39.255441],[-84.613389,39.255482],[-84.613352,39.255954]]]}},{"type":"Feature","properties":{"pid":"051001840122"},"geometry":{"type":"Polygon","coordinates":[[[-84.612653,39.255441],[-84.612681,39.255057],[-84.61342,39.255098],[-84.613389,39.255482],[-84.612653,39.255441]]]}},{"type":"Feature","properties":{"pid":"051001840123"},"geometry":{"type":"Polygon","coordinates":[[[-84.612743,39.254249],[-84.612929,39.254225],[-84.613184,39.254277],[-84.613498,39.254513],[-84.612684,39.255018],[-84.612743,39.254249]]]}},{"type":"Feature","properties":{"pid":"051001840124"},"geometry":{"type":"Polygon","coordinates":[[[-84.61342,39.255098],[-84.612681,39.255057],[-84.612684,39.255018],[-84.613498,39.254513],[-84.613829,39.254837],[-84.61342,39.255098]]]}},{"type":"Feature","properties":{"pid":"051002400217"},"geometry":{"type":"Polygon","coordinates":[[[-84.636178,39.247444],[-84.635491,39.247997],[-84.635402,39.247931],[-84.635207,39.248089],[-84.634641,39.247672],[-84.636178,39.247444]]]}},{"type":"Feature","properties":{"pid":"051002400219"},"geometry":{"type":"Polygon","coordinates":[[[-84.635207,39.248089],[-84.635402,39.247931],[-84.635491,39.247997],[-84.636178,39.247444],[-84.636737,39.247361],[-84.637168,39.247751],[-84.636714,39.24797],[-84.636221,39.247524],[-84.635568,39.248054],[-84.635836,39.248253],[-84.63564,39.248412],[-84.635207,39.248089]]]}},{"type":"Feature","properties":{"pid":"051002400224"},"geometry":{"type":"Polygon","coordinates":[[[-84.635725,39.248589],[-84.635597,39.248456],[-84.635738,39.248561],[-84.636853,39.24856],[-84.636714,39.24797],[-84.637168,39.247751],[-84.637818,39.24834],[-84.637805,39.248586],[-84.635725,39.248589]]]}},{"type":"Feature","properties":{"pid":"051002400252"},"geometry":{"type":"MultiPolygon","coordinates":[[[[-84.637952,39.245638],[-84.63788,39.245524],[-84.637905,39.245063],[-84.639862,39.245068],[-84.638809,39.245763],[-84.639843,39.246341],[-84.638622,39.24766],[-84.637696,39.248166],[-84.636757,39.247316],[-84.636387,39.247371],[-84.636367,39.246629],[-84.635676,39.246471],[-84.637952,39.245638]]],[[[-84.645527,39.247978],[-84.645504,39.24857],[-84.638094,39.24859],[-84.636737,39.247361],[-84.634514,39.247691],[-84.634483,39.247667],[-84.636751,39.247331],[-84.637693,39.248184],[-84.638635,39.24767],[-84.639442,39.246798],[-84.63973,39.247253],[-84.640156,39.247399],[-84.640442,39.247321],[-84.640693,39.247876],[-84.641678,39.247823],[-84.641963,39.247451],[-84.643102,39.247921],[-84.645527,39.247978]]]]}},{"type":"Feature","properties":{"pid":"051002400212"},"geometry":{"type":"Polygon","coordinates":[[[-84.635597,39.248456],[-84.635604,39.248385],[-84.63564,39.248412],[-84.635836,39.248253],[-84.635568,39.248054],[-84.63596,39.247736],[-84.636432,39.248164],[-84.636533,39.248057],[-84.636714,39.24797],[-84.636853,39.24856],[-84.635738,39.248561],[-84.635597,39.248456]]]}},{"type":"Feature","properties":{"pid":"051001810083"},"geometry":{"type":"Polygon","coordinates":[[[-84.615777,39.261798],[-84.615812,39.261387],[-84.61776,39.261488],[-84.617763,39.261901],[-84.615777,39.261798]]]}},{"type":"Feature","properties":{"pid":"051001810066"},"geometry":{"type":"Polygon","coordinates":[[[-84.617641,39.262911],[-84.617734,39.262503],[-84.61881,39.262559],[-84.619162,39.26299],[-84.617641,39.262911]]]}},{"type":"Feature","properties":{"pid":"051001810067"},"geometry":{"type":"Polygon","coordinates":[[[-84.617641,39.262911],[-84.619162,39.26299],[-84.619383,39.263262],[-84.61937,39.263413],[-84.617759,39.26333],[-84.617641,39.262911]]]}},{"type":"Feature","properties":{"pid":"051001810030"},"geometry":{"type":"Polygon","coordinates":[[[-84.61378,39.25936],[-84.613821,39.258805],[-84.614205,39.25885],[-84.614093,39.259393],[-84.61378,39.25936]]]}},{"type":"Feature","properties":{"pid":"051001810031"},"geometry":{"type":"Polygon","coordinates":[[[-84.614205,39.25885],[-84.614646,39.258903],[-84.614581,39.259228],[-84.614093,39.259393],[-84.614205,39.25885]]]}},{"type":"Feature","properties":{"pid":"051001810032"},"geometry":{"type":"Polygon","coordinates":[[[-84.615,39.25941],[-84.614581,39.259228],[-84.614646,39.258903],[-84.615126,39.258979],[-84.61507,39.259303],[-84.615,39.25941]]]}},{"type":"Feature","properties":{"pid":"051001810063"},"geometry":{"type":"Polygon","coordinates":[[[-84.617969,39.26169],[-84.61791,39.26134],[-84.618062,39.261349],[-84.6184,39.261184],[-84.619557,39.261243],[-84.619511,39.26177],[-84.617969,39.26169]]]}},{"type":"Feature","properties":{"pid":"051001810064"},"geometry":{"type":"Polygon","coordinates":[[[-84.617969,39.26169],[-84.619511,39.26177],[-84.619476,39.262181],[-84.617877,39.262098],[-84.617969,39.26169]]]}},{"type":"Feature","properties":{"pid":"051001840147"},"geometry":{"type":"Polygon","coordinates":[[[-84.612769,39.254069],[-84.612811,39.253477],[-84.613671,39.253518],[-84.613254,39.254151],[-84.612769,39.254069]]]}},{"type":"Feature","properties":{"pid":"051002700143"},"geometry":{"type":"Polygon","coordinates":[[[-84.622012,39.29343],[-84.619511,39.294385],[-84.619485,39.294345],[-84.621345,39.293634],[-84.620794,39.292795],[-84.621437,39.292559],[-84.622012,39.29343]]]}},{"type":"Feature","properties":{"pid":"051001600100"},"geometry":{"type":"Polygon","coordinates":[[[-84.617922,39.293497],[-84.618694,39.29317],[-84.619064,39.293704],[-84.618288,39.294011],[-84.618257,39.293964],[-84.61813,39.294091],[-84.617917,39.293912],[-84.617745,39.293673],[-84.617922,39.293497]]]}},{"type":"Feature","properties":{"pid":"051002400117"},"geometry":{"type":"Polygon","coordinates":[[[-84.624112,39.23844],[-84.624403,39.238471],[-84.624368,39.238864],[-84.623781,39.238803],[-84.623805,39.238713],[-84.624112,39.23844]]]}},{"type":"Feature","properties":{"pid":"051001810037"},"geometry":{"type":"Polygon","coordinates":[[[-84.614049,39.260243],[-84.614044,39.26052],[-84.613316,39.26049],[-84.613335,39.260216],[-84.614049,39.260243]]]}},{"type":"Feature","properties":{"pid":"051001810038"},"geometry":{"type":"Polygon","coordinates":[[[-84.614044,39.26052],[-84.614213,39.260744],[-84.614124,39.260844],[-84.613264,39.261262],[-84.613316,39.26049],[-84.614044,39.26052]]]}},{"type":"Feature","properties":{"pid":"051001840039"},"geometry":{"type":"Polygon","coordinates":[[[-84.620446,39.253147],[-84.621195,39.253333],[-84.62099,39.253683],[-84.620319,39.253366],[-84.620446,39.253147]]]}},{"type":"Feature","properties":{"pid":"051002700144"},"geometry":{"type":"Polygon","coordinates":[[[-84.623228,39.291901],[-84.623815,39.292791],[-84.619532,39.294417],[-84.619511,39.294385],[-84.622012,39.29343],[-84.621437,39.292559],[-84.623228,39.291901]]]}},{"type":"Feature","properties":{"pid":"051001840180"},"geometry":{"type":"Polygon","coordinates":[[[-84.614398,39.258683],[-84.613623,39.258593],[-84.613611,39.258498],[-84.613735,39.258378],[-84.614208,39.258212],[-84.614424,39.258343],[-84.614398,39.258683]]]}},{"type":"Feature","properties":{"pid":"051001900006"},"geometry":{"type":"Polygon","coordinates":[[[-84.613786,39.246016],[-84.612798,39.247268],[-84.611607,39.247133],[-84.611638,39.246761],[-84.611924,39.246397],[-84.613091,39.245195],[-84.614693,39.245387],[-84.613786,39.246016]]]}},{"type":"Feature","properties":{"pid":"051001900241"},"geometry":{"type":"Polygon","coordinates":[[[-84.61434,39.245344],[-84.613091,39.245195],[-84.613269,39.245031],[-84.614298,39.24436],[-84.614446,39.244378],[-84.61434,39.245344]]]}},{"type":"Feature","properties":{"pid":"051001840007"},"geometry":{"type":"Polygon","coordinates":[[[-84.616959,39.258453],[-84.617438,39.258509],[-84.617334,39.259054],[-84.616914,39.259005],[-84.616959,39.258453]]]}},{"type":"Feature","properties":{"pid":"051002700094"},"geometry":{"type":"Polygon","coordinates":[[[-84.619774,39.29317],[-84.618914,39.293489],[-84.618787,39.293305],[-84.619649,39.292988],[-84.619774,39.29317]]]}},{"type":"Feature","properties":{"pid":"051001820064"},"geometry":{"type":"Polygon","coordinates":[[[-84.603124,39.258239],[-84.603135,39.258101],[-84.603047,39.258094],[-84.603098,39.257453],[-84.604666,39.257644],[-84.60465,39.257723],[-84.604737,39.257771],[-84.604678,39.258382],[-84.604526,39.258576],[-84.604277,39.258694],[-84.60301,39.258551],[-84.603036,39.258229],[-84.603124,39.258239]]]}},{"type":"Feature","properties":{"pid":"051002500231"},"geometry":{"type":"Polygon","coordinates":[[[-84.631372,39.261121],[-84.629185,39.2602],[-84.629238,39.259651],[-84.631519,39.259637],[-84.631524,39.259582],[-84.631595,39.259581],[-84.631584,39.259691],[-84.631513,39.259692],[-84.631372,39.261121]]]}},{"type":"Feature","properties":{"pid":"051002510110"},"geometry":{"type":"Polygon","coordinates":[[[-84.629876,39.259315],[-84.629883,39.25926],[-84.630149,39.25929],[-84.631386,39.259535],[-84.631386,39.259583],[-84.629895,39.259593],[-84.629929,39.259321],[-84.629876,39.259315]]]}},{"type":"Feature","properties":{"pid":"051002510082"},"geometry":{"type":"Polygon","coordinates":[[[-84.628703,39.259205],[-84.629265,39.259246],[-84.629221,39.259597],[-84.628663,39.259588],[-84.628703,39.259205]]]}},{"type":"Feature","properties":{"pid":"051002510111"},"geometry":{"type":"Polygon","coordinates":[[[-84.629219,39.259186],[-84.629883,39.25926],[-84.629876,39.259315],[-84.629929,39.259321],[-84.629895,39.259593],[-84.629221,39.259597],[-84.629265,39.259246],[-84.62921,39.25924],[-84.629219,39.259186]]]}},{"type":"Feature","properties":{"pid":"051001840087"},"geometry":{"type":"Polygon","coordinates":[[[-84.617548,39.257937],[-84.617825,39.258261],[-84.618103,39.258587],[-84.616959,39.258453],[-84.616994,39.258009],[-84.618198,39.257728],[-84.618216,39.257781],[-84.617548,39.257937]]]}},{"type":"Feature","properties":{"pid":"051001840090"},"geometry":{"type":"Polygon","coordinates":[[[-84.616994,39.258009],[-84.617053,39.257283],[-84.618073,39.25715],[-84.618084,39.257204],[-84.617387,39.257294],[-84.617515,39.257887],[-84.616994,39.258009]]]}},{"type":"Feature","properties":{"pid":"051001840091"},"geometry":{"type":"Polygon","coordinates":[[[-84.617053,39.257283],[-84.617076,39.257002],[-84.618014,39.256879],[-84.618073,39.25715],[-84.617053,39.257283]]]}},{"type":"Feature","properties":{"pid":"051001840092"},"geometry":{"type":"Polygon","coordinates":[[[-84.617957,39.25661],[-84.618014,39.256879],[-84.617076,39.257002],[-84.617099,39.256713],[-84.617957,39.25661]]]}},{"type":"Feature","properties":{"pid":"051001840093"},"geometry":{"type":"Polygon","coordinates":[[[-84.617099,39.256713],[-84.617127,39.256376],[-84.617926,39.256353],[-84.617957,39.25661],[-84.617099,39.256713]]]}},{"type":"Feature","properties":{"pid":"051001840094"},"geometry":{"type":"Polygon","coordinates":[[[-84.617127,39.256376],[-84.61715,39.256046],[-84.617933,39.256095],[-84.617926,39.256353],[-84.617127,39.256376]]]}},{"type":"Feature","properties":{"pid":"051001810014"},"geometry":{"type":"Polygon","coordinates":[[[-84.616743,39.260191],[-84.615925,39.260096],[-84.616019,39.25898],[-84.616837,39.259074],[-84.616743,39.260191]]]}},{"type":"Feature","properties":{"pid":"051001810023"},"geometry":{"type":"Polygon","coordinates":[[[-84.615883,39.260566],[-84.615925,39.260096],[-84.616743,39.260191],[-84.616837,39.259074],[-84.617057,39.2591],[-84.617075,39.259497],[-84.617564,39.260652],[-84.615883,39.260566]]]}},{"type":"Feature","properties":{"pid":"051001840036"},"geometry":{"type":"Polygon","coordinates":[[[-84.620309,39.253021],[-84.620225,39.253213],[-84.620065,39.253406],[-84.619457,39.253029],[-84.619589,39.252903],[-84.620309,39.253021]]]}},{"type":"Feature","properties":{"pid":"051001840038"},"geometry":{"type":"Polygon","coordinates":[[[-84.620505,39.252912],[-84.621209,39.25295],[-84.621195,39.253333],[-84.620446,39.253147],[-84.620505,39.252912]]]}},{"type":"Feature","properties":{"pid":"051002600272"},"geometry":{"type":"Polygon","coordinates":[[[-84.629018,39.280274],[-84.629137,39.279086],[-84.630436,39.27972],[-84.630848,39.279206],[-84.631143,39.279349],[-84.631612,39.278768],[-84.631739,39.27883],[-84.631678,39.278841],[-84.631365,39.279231],[-84.631775,39.27943],[-84.63208,39.279663],[-84.632132,39.279604],[-84.632473,39.279769],[-84.631027,39.281573],[-84.628813,39.281609],[-84.62889,39.280844],[-84.628953,39.280859],[-84.628997,39.28097],[-84.629294,39.281229],[-84.62944,39.281208],[-84.629499,39.28115],[-84.629454,39.280876],[-84.629511,39.280304],[-84.629018,39.280274]]]}},{"type":"Feature","properties":{"pid":"051001830471"},"geometry":{"type":"Polygon","coordinates":[[[-84.605956,39.256143],[-84.606221,39.256177],[-84.60619,39.256591],[-84.605589,39.256458],[-84.605356,39.256284],[-84.605636,39.256163],[-84.605956,39.256143]]]}},{"type":"Feature","properties":{"pid":"051001830469"},"geometry":{"type":"Polygon","coordinates":[[[-84.605956,39.256143],[-84.606221,39.256177],[-84.60619,39.256591],[-84.605589,39.256458],[-84.605356,39.256284],[-84.605636,39.256163],[-84.605956,39.256143]]]}},{"type":"Feature","properties":{"pid":"051001830472"},"geometry":{"type":"Polygon","coordinates":[[[-84.605956,39.256143],[-84.606221,39.256177],[-84.60619,39.256591],[-84.605589,39.256458],[-84.605356,39.256284],[-84.605636,39.256163],[-84.605956,39.256143]]]}},{"type":"Feature","properties":{"pid":"051001830470"},"geometry":{"type":"Polygon","coordinates":[[[-84.605956,39.256143],[-84.606221,39.256177],[-84.60619,39.256591],[-84.605589,39.256458],[-84.605356,39.256284],[-84.605636,39.256163],[-84.605956,39.256143]]]}},{"type":"Feature","properties":{"pid":"051001840040"},"geometry":{"type":"Polygon","coordinates":[[[-84.620404,39.254006],[-84.620004,39.253705],[-84.620319,39.253366],[-84.62099,39.253683],[-84.620404,39.254006]]]}},{"type":"Feature","properties":{"pid":"051001840041"},"geometry":{"type":"Polygon","coordinates":[[[-84.619863,39.253832],[-84.620269,39.254094],[-84.620452,39.254351],[-84.620278,39.254521],[-84.619588,39.254094],[-84.619863,39.253832]]]}},{"type":"Feature","properties":{"pid":"051001840043"},"geometry":{"type":"Polygon","coordinates":[[[-84.619617,39.257384],[-84.61952,39.257648],[-84.619063,39.257595],[-84.618968,39.257148],[-84.619617,39.257384]]]}},{"type":"Feature","properties":{"pid":"051001840044"},"geometry":{"type":"Polygon","coordinates":[[[-84.619781,39.257188],[-84.619617,39.257384],[-84.618968,39.257148],[-84.618923,39.256939],[-84.619264,39.25684],[-84.619781,39.257188]]]}},{"type":"Feature","properties":{"pid":"051001840045"},"geometry":{"type":"Polygon","coordinates":[[[-84.620135,39.256939],[-84.619781,39.257188],[-84.619264,39.25684],[-84.619989,39.256632],[-84.620135,39.256939]]]}},{"type":"Feature","properties":{"pid":"051001840051"},"geometry":{"type":"Polygon","coordinates":[[[-84.620636,39.2553],[-84.620354,39.255566],[-84.619726,39.25506],[-84.619818,39.254971],[-84.620636,39.2553]]]}},{"type":"Feature","properties":{"pid":"051001840052"},"geometry":{"type":"Polygon","coordinates":[[[-84.620743,39.254955],[-84.620636,39.2553],[-84.619818,39.254971],[-84.619902,39.254888],[-84.620743,39.254955]]]}},{"type":"Feature","properties":{"pid":"051001840053"},"geometry":{"type":"Polygon","coordinates":[[[-84.620627,39.254602],[-84.620743,39.254955],[-84.619902,39.254888],[-84.620452,39.254351],[-84.620627,39.254602]]]}},{"type":"Feature","properties":{"pid":"051001840054"},"geometry":{"type":"Polygon","coordinates":[[[-84.620404,39.254006],[-84.62099,39.253683],[-84.621189,39.253968],[-84.620568,39.25423],[-84.620404,39.254006]]]}},{"type":"Feature","properties":{"pid":"051001840058"},"geometry":{"type":"Polygon","coordinates":[[[-84.620801,39.254563],[-84.621433,39.254318],[-84.621677,39.254667],[-84.620898,39.254786],[-84.620801,39.254563]]]}},{"type":"Feature","properties":{"pid":"051001840059"},"geometry":{"type":"Polygon","coordinates":[[[-84.621846,39.255074],[-84.620917,39.255021],[-84.620898,39.254786],[-84.621882,39.254635],[-84.621846,39.255074]]]}},{"type":"Feature","properties":{"pid":"051001840060"},"geometry":{"type":"Polygon","coordinates":[[[-84.620917,39.255021],[-84.621846,39.255074],[-84.621817,39.255422],[-84.621725,39.255491],[-84.620855,39.255252],[-84.620917,39.255021]]]}},{"type":"Feature","properties":{"pid":"051001840061"},"geometry":{"type":"Polygon","coordinates":[[[-84.620855,39.255252],[-84.621725,39.255491],[-84.621326,39.255791],[-84.620717,39.255461],[-84.620855,39.255252]]]}},{"type":"Feature","properties":{"pid":"051001840062"},"geometry":{"type":"Polygon","coordinates":[[[-84.620717,39.255461],[-84.621326,39.255791],[-84.620995,39.256039],[-84.620505,39.255644],[-84.620717,39.255461]]]}},{"type":"Feature","properties":{"pid":"051001840066"},"geometry":{"type":"Polygon","coordinates":[[[-84.620804,39.256887],[-84.620319,39.25691],[-84.620181,39.256641],[-84.620856,39.256447],[-84.620804,39.256887]]]}},{"type":"Feature","properties":{"pid":"051001840072"},"geometry":{"type":"Polygon","coordinates":[[[-84.620283,39.257076],[-84.620766,39.257048],[-84.620693,39.257673],[-84.62057,39.257659],[-84.620283,39.257076]]]}},{"type":"Feature","properties":{"pid":"051001840073"},"geometry":{"type":"Polygon","coordinates":[[[-84.620283,39.257076],[-84.620424,39.257362],[-84.62057,39.257659],[-84.620414,39.257641],[-84.619851,39.257341],[-84.620073,39.257164],[-84.620283,39.257076]]]}},{"type":"Feature","properties":{"pid":"051001840074"},"geometry":{"type":"Polygon","coordinates":[[[-84.620384,39.257796],[-84.619685,39.257715],[-84.619745,39.257502],[-84.619851,39.257341],[-84.620414,39.257641],[-84.620384,39.257796]]]}},{"type":"Feature","properties":{"pid":"051002500197"},"geometry":{"type":"Polygon","coordinates":[[[-84.638478,39.259484],[-84.638401,39.259073],[-84.639864,39.25906],[-84.640215,39.259469],[-84.638478,39.259484]]]}},{"type":"Feature","properties":{"pid":"051002500198"},"geometry":{"type":"Polygon","coordinates":[[[-84.638401,39.259073],[-84.638324,39.258662],[-84.639666,39.25865],[-84.639864,39.25906],[-84.638401,39.259073]]]}},{"type":"Feature","properties":{"pid":"051002500200"},"geometry":{"type":"Polygon","coordinates":[[[-84.638247,39.258251],[-84.63817,39.257839],[-84.63943,39.257828],[-84.639493,39.25824],[-84.638247,39.258251]]]}},{"type":"Feature","properties":{"pid":"051002500211"},"geometry":{"type":"Polygon","coordinates":[[[-84.639638,39.257655],[-84.639897,39.25713],[-84.640955,39.257726],[-84.640379,39.257732],[-84.640458,39.257889],[-84.639606,39.257898],[-84.639638,39.257655]]]}},{"type":"Feature","properties":{"pid":"051002500212"},"geometry":{"type":"Polygon","coordinates":[[[-84.639629,39.258103],[-84.640458,39.257889],[-84.640751,39.258472],[-84.639867,39.258699],[-84.639629,39.258103]]]}},{"type":"Feature","properties":{"pid":"051002500213"},"geometry":{"type":"Polygon","coordinates":[[[-84.640448,39.259434],[-84.64037,39.259414],[-84.640096,39.259112],[-84.639867,39.258699],[-84.640751,39.258472],[-84.641067,39.259099],[-84.640448,39.259434]]]}},{"type":"Feature","properties":{"pid":"051002600152"},"geometry":{"type":"Polygon","coordinates":[[[-84.633799,39.2795],[-84.633135,39.279353],[-84.633364,39.278116],[-84.633855,39.278943],[-84.633799,39.2795]]]}},{"type":"Feature","properties":{"pid":"051002600175"},"geometry":{"type":"Polygon","coordinates":[[[-84.634405,39.2796],[-84.633807,39.279421],[-84.633855,39.278943],[-84.633364,39.278116],[-84.633948,39.277771],[-84.634386,39.278036],[-84.634305,39.278719],[-84.634405,39.2796]]]}},{"type":"Feature","properties":{"pid":"051002600258"},"geometry":{"type":"Polygon","coordinates":[[[-84.634488,39.279701],[-84.634413,39.279668],[-84.634305,39.278719],[-84.634386,39.278036],[-84.633948,39.277771],[-84.63518,39.277045],[-84.635494,39.277972],[-84.634877,39.278336],[-84.63466,39.278204],[-84.634407,39.278453],[-84.634376,39.27872],[-84.634488,39.279701]]]}},{"type":"Feature","properties":{"pid":"051002600081"},"geometry":{"type":"Polygon","coordinates":[[[-84.631365,39.279231],[-84.631698,39.278828],[-84.632097,39.278996],[-84.631775,39.27943],[-84.631365,39.279231]]]}},{"type":"Feature","properties":{"pid":"051002600198"},"geometry":{"type":"Polygon","coordinates":[[[-84.627059,39.279098],[-84.627256,39.279473],[-84.626754,39.279825],[-84.626108,39.279415],[-84.627059,39.279098]]]}},{"type":"Feature","properties":{"pid":"051002600199"},"geometry":{"type":"Polygon","coordinates":[[[-84.627399,39.279364],[-84.627217,39.279038],[-84.628112,39.278734],[-84.628359,39.278956],[-84.627538,39.2795],[-84.627399,39.279364]]]}},{"type":"Feature","properties":{"pid":"051002600226"},"geometry":{"type":"Polygon","coordinates":[[[-84.628226,39.280127],[-84.629014,39.279605],[-84.628901,39.280736],[-84.628226,39.280127]]]}},{"type":"Feature","properties":{"pid":"051002600082"},"geometry":{"type":"Polygon","coordinates":[[[-84.631775,39.27943],[-84.632097,39.278996],[-84.632435,39.279161],[-84.63209,39.279583],[-84.631775,39.27943]]]}},{"type":"Feature","properties":{"pid":"051002600086"},"geometry":{"type":"Polygon","coordinates":[[[-84.634864,39.281132],[-84.634677,39.281022],[-84.635361,39.280205],[-84.63564,39.280374],[-84.635884,39.280588],[-84.634864,39.281132]]]}},{"type":"Feature","properties":{"pid":"051002600092"},"geometry":{"type":"Polygon","coordinates":[[[-84.634502,39.279823],[-84.633943,39.280589],[-84.633552,39.28036],[-84.634112,39.279666],[-84.634502,39.279823]]]}},{"type":"Feature","properties":{"pid":"051002600137"},"geometry":{"type":"Polygon","coordinates":[[[-84.63418,39.276024],[-84.633789,39.275745],[-84.634554,39.275098],[-84.63494,39.275381],[-84.63418,39.276024]]]}},{"type":"Feature","properties":{"pid":"051002520026"},"geometry":{"type":"Polygon","coordinates":[[[-84.626298,39.260716],[-84.626082,39.260945],[-84.625279,39.260568],[-84.625308,39.260248],[-84.626298,39.260716]]]}},{"type":"Feature","properties":{"pid":"051002520027"},"geometry":{"type":"Polygon","coordinates":[[[-84.626082,39.260945],[-84.625462,39.26134],[-84.625266,39.260713],[-84.625279,39.260568],[-84.626082,39.260945]]]}},{"type":"Feature","properties":{"pid":"051001600036"},"geometry":{"type":"Polygon","coordinates":[[[-84.613291,39.291989],[-84.613473,39.29115],[-84.613964,39.291221],[-84.613802,39.291972],[-84.613291,39.291989]]]}},{"type":"Feature","properties":{"pid":"051001600213"},"geometry":{"type":"Polygon","coordinates":[[[-84.613473,39.29115],[-84.613291,39.291989],[-84.613146,39.292022],[-84.613261,39.29154],[-84.611161,39.291238],[-84.611257,39.290833],[-84.613473,39.29115]]]}},{"type":"Feature","properties":{"pid":"051001700171"},"geometry":{"type":"Polygon","coordinates":[[[-84.614015,39.279832],[-84.612447,39.280008],[-84.612427,39.279966],[-84.614,39.279791],[-84.615894,39.278737],[-84.616884,39.279398],[-84.618337,39.278097],[-84.619439,39.278231],[-84.617582,39.27992],[-84.615886,39.27879],[-84.614015,39.279832]]]}},{"type":"Feature","properties":{"pid":"051002410050"},"geometry":{"type":"Polygon","coordinates":[[[-84.643436,39.244807],[-84.644131,39.244338],[-84.645595,39.244374],[-84.645743,39.240614],[-84.645423,39.240277],[-84.645761,39.24061],[-84.645565,39.245595],[-84.644211,39.245498],[-84.643436,39.244807]]]}},{"type":"Feature","properties":{"pid":"051002410059"},"geometry":{"type":"Polygon","coordinates":[[[-84.643014,39.245871],[-84.64317,39.245863],[-84.643161,39.245772],[-84.643932,39.245249],[-84.644211,39.245498],[-84.643958,39.246955],[-84.645528,39.246993],[-84.645779,39.240606],[-84.645486,39.240298],[-84.645797,39.240602],[-84.645545,39.247007],[-84.642315,39.24693],[-84.642332,39.246479],[-84.64224,39.246396],[-84.643014,39.245871]]]}},{"type":"Feature","properties":{"pid":"051001600028"},"geometry":{"type":"Polygon","coordinates":[[[-84.617144,39.292464],[-84.618227,39.292457],[-84.618393,39.292733],[-84.617141,39.292558],[-84.617144,39.292464]]]}},{"type":"Feature","properties":{"pid":"051001600098"},"geometry":{"type":"Polygon","coordinates":[[[-84.618416,39.292505],[-84.618277,39.292563],[-84.618166,39.292361],[-84.618462,39.29225],[-84.618416,39.292505]]]}},{"type":"Feature","properties":{"pid":"051002700057"},"geometry":{"type":"Polygon","coordinates":[[[-84.624617,39.286472],[-84.624347,39.286491],[-84.624129,39.286392],[-84.623733,39.285779],[-84.623791,39.285389],[-84.62383,39.285428],[-84.624577,39.283997],[-84.628361,39.283972],[-84.628329,39.285318],[-84.627496,39.285372],[-84.627193,39.285495],[-84.626883,39.285726],[-84.626192,39.285818],[-84.625431,39.286365],[-84.625179,39.286623],[-84.624617,39.286472]]]}},{"type":"Feature","properties":{"pid":"051002700044"},"geometry":{"type":"Polygon","coordinates":[[[-84.624442,39.286785],[-84.624672,39.286684],[-84.624781,39.286724],[-84.624766,39.287031],[-84.625172,39.287297],[-84.625152,39.287693],[-84.624799,39.287683],[-84.624811,39.287435],[-84.624482,39.287122],[-84.624442,39.286785]]]}},{"type":"Feature","properties":{"pid":"051002700122"},"geometry":{"type":"Polygon","coordinates":[[[-84.62352,39.29009],[-84.622546,39.286819],[-84.622594,39.286815],[-84.623198,39.288858],[-84.625112,39.288516],[-84.625058,39.289522],[-84.62352,39.29009]]]}},{"type":"Feature","properties":{"pid":"051002700123"},"geometry":{"type":"Polygon","coordinates":[[[-84.623459,39.287825],[-84.622921,39.287922],[-84.622594,39.286815],[-84.623168,39.286779],[-84.623459,39.287825]]]}},{"type":"Feature","properties":{"pid":"051002700124"},"geometry":{"type":"Polygon","coordinates":[[[-84.623954,39.287737],[-84.623459,39.287825],[-84.623168,39.286779],[-84.623655,39.286726],[-84.623954,39.287737]]]}},{"type":"Feature","properties":{"pid":"051002700126"},"geometry":{"type":"Polygon","coordinates":[[[-84.623791,39.285389],[-84.623733,39.285779],[-84.624129,39.286392],[-84.624347,39.286491],[-84.624063,39.286511],[-84.623626,39.286622],[-84.623655,39.286726],[-84.623464,39.286767],[-84.622353,39.286834],[-84.621506,39.286838],[-84.622479,39.284098],[-84.623791,39.285389]]]}},{"type":"Feature","properties":{"pid":"051001900023"},"geometry":{"type":"Polygon","coordinates":[[[-84.622582,39.243189],[-84.619401,39.242825],[-84.619425,39.242456],[-84.620511,39.241911],[-84.621128,39.241714],[-84.621217,39.241547],[-84.621461,39.241565],[-84.622582,39.243189]]]}},{"type":"Feature","properties":{"pid":"051002600227"},"geometry":{"type":"Polygon","coordinates":[[[-84.627882,39.279813],[-84.628702,39.27927],[-84.629019,39.279559],[-84.629014,39.279605],[-84.628226,39.280127],[-84.627882,39.279813]]]}},{"type":"Feature","properties":{"pid":"051001600192"},"geometry":{"type":"Polygon","coordinates":[[[-84.615,39.289588],[-84.614808,39.290398],[-84.614287,39.290324],[-84.614479,39.289514],[-84.615,39.289588]]]}},{"type":"Feature","properties":{"pid":"051001600193"},"geometry":{"type":"Polygon","coordinates":[[[-84.614287,39.290324],[-84.613766,39.290249],[-84.613958,39.289439],[-84.614479,39.289514],[-84.614287,39.290324]]]}},{"type":"Feature","properties":{"pid":"051001600194"},"geometry":{"type":"Polygon","coordinates":[[[-84.613766,39.290249],[-84.613245,39.290175],[-84.613436,39.289365],[-84.613958,39.289439],[-84.613766,39.290249]]]}},{"type":"Feature","properties":{"pid":"051001600195"},"geometry":{"type":"Polygon","coordinates":[[[-84.613106,39.290155],[-84.612584,39.29008],[-84.612776,39.28927],[-84.613297,39.289345],[-84.613106,39.290155]]]}},{"type":"Feature","properties":{"pid":"051001600196"},"geometry":{"type":"Polygon","coordinates":[[[-84.612584,39.29008],[-84.612063,39.290006],[-84.612255,39.289196],[-84.612776,39.28927],[-84.612584,39.29008]]]}},{"type":"Feature","properties":{"pid":"051001600197"},"geometry":{"type":"Polygon","coordinates":[[[-84.612063,39.290006],[-84.611542,39.289931],[-84.611734,39.289121],[-84.612255,39.289196],[-84.612063,39.290006]]]}},{"type":"Feature","properties":{"pid":"051002600133"},"geometry":{"type":"Polygon","coordinates":[[[-84.632519,39.276402],[-84.631673,39.277115],[-84.631226,39.276771],[-84.630837,39.276777],[-84.630026,39.273964],[-84.63006,39.273956],[-84.630317,39.274828],[-84.632519,39.276402]]]}},{"type":"Feature","properties":{"pid":"051002600134"},"geometry":{"type":"Polygon","coordinates":[[[-84.63006,39.273956],[-84.630094,39.273948],[-84.630349,39.274814],[-84.634244,39.277597],[-84.633364,39.278116],[-84.631887,39.277277],[-84.631673,39.277115],[-84.632519,39.276402],[-84.630317,39.274828],[-84.63006,39.273956]]]}},{"type":"Feature","properties":{"pid":"051002600267"},"geometry":{"type":"Polygon","coordinates":[[[-84.631359,39.276878],[-84.63121,39.277056],[-84.630092,39.277465],[-84.629816,39.277796],[-84.629228,39.277501],[-84.629298,39.2768],[-84.631226,39.276771],[-84.631359,39.276878]]]}},{"type":"Feature","properties":{"pid":"051002600157"},"geometry":{"type":"Polygon","coordinates":[[[-84.630816,39.278293],[-84.631732,39.27716],[-84.632143,39.277425],[-84.631276,39.278517],[-84.630816,39.278293]]]}},{"type":"Feature","properties":{"pid":"051002600158"},"geometry":{"type":"Polygon","coordinates":[[[-84.631359,39.276878],[-84.631732,39.27716],[-84.630816,39.278293],[-84.630364,39.278072],[-84.631359,39.276878]]]}},{"type":"Feature","properties":{"pid":"051002600271"},"geometry":{"type":"Polygon","coordinates":[[[-84.630364,39.278072],[-84.629816,39.277796],[-84.630092,39.277465],[-84.63121,39.277056],[-84.630364,39.278072]]]}},{"type":"Feature","properties":{"pid":"051002600079"},"geometry":{"type":"Polygon","coordinates":[[[-84.629965,39.279425],[-84.629516,39.279206],[-84.630407,39.278093],[-84.630856,39.278312],[-84.629965,39.279425]]]}},{"type":"Feature","properties":{"pid":"051002600076"},"geometry":{"type":"Polygon","coordinates":[[[-84.62997,39.277874],[-84.630407,39.278093],[-84.629516,39.279206],[-84.629075,39.278991],[-84.62997,39.277874]]]}},{"type":"Feature","properties":{"pid":"051002400251"},"geometry":{"type":"Polygon","coordinates":[[[-84.634452,39.247644],[-84.636369,39.24736],[-84.63635,39.24664],[-84.635652,39.24648],[-84.635034,39.246503],[-84.634956,39.24612],[-84.636188,39.245503],[-84.637172,39.245552],[-84.637199,39.245061],[-84.637905,39.245063],[-84.63788,39.245524],[-84.637952,39.245638],[-84.635676,39.246471],[-84.636367,39.246629],[-84.636387,39.247371],[-84.634452,39.247644]]]}},{"type":"Feature","properties":{"pid":"051002400166"},"geometry":{"type":"Polygon","coordinates":[[[-84.634084,39.245081],[-84.634051,39.245677],[-84.633402,39.246816],[-84.633336,39.246798],[-84.633998,39.245643],[-84.633194,39.245107],[-84.633592,39.244543],[-84.633768,39.244545],[-84.634084,39.245081]]]}},{"type":"Feature","properties":{"pid":"051002400226"},"geometry":{"type":"Polygon","coordinates":[[[-84.637459,39.243173],[-84.638093,39.243195],[-84.638024,39.244445],[-84.640382,39.244452],[-84.640379,39.245029],[-84.637971,39.245022],[-84.638073,39.24321],[-84.637438,39.243188],[-84.637463,39.243072],[-84.637335,39.243067],[-84.634107,39.245088],[-84.633984,39.2473],[-84.634084,39.245081],[-84.637325,39.243051],[-84.637483,39.243057],[-84.637459,39.243173]]]}},{"type":"Feature","properties":{"pid":"051002400231"},"geometry":{"type":"Polygon","coordinates":[[[-84.634388,39.247597],[-84.636296,39.247314],[-84.63628,39.246681],[-84.635643,39.246535],[-84.634974,39.246561],[-84.634878,39.246093],[-84.63617,39.245447],[-84.637104,39.245494],[-84.637234,39.243131],[-84.637335,39.243067],[-84.637463,39.243072],[-84.637438,39.243188],[-84.638073,39.24321],[-84.637971,39.245022],[-84.637147,39.24502],[-84.637121,39.245508],[-84.636175,39.245461],[-84.634897,39.2461],[-84.63499,39.246546],[-84.635645,39.246521],[-84.636297,39.246671],[-84.636314,39.247326],[-84.634388,39.247597]]]}},{"type":"Feature","properties":{"pid":"051002400236"},"geometry":{"type":"Polygon","coordinates":[[[-84.634357,39.247574],[-84.63626,39.247292],[-84.636245,39.246702],[-84.635639,39.246563],[-84.634944,39.246589],[-84.63484,39.24608],[-84.635696,39.245652],[-84.635668,39.245462],[-84.635288,39.24537],[-84.635137,39.245195],[-84.635394,39.245078],[-84.636068,39.245101],[-84.636141,39.243814],[-84.6372,39.243152],[-84.637104,39.245494],[-84.63617,39.245447],[-84.634878,39.246093],[-84.634974,39.246561],[-84.635643,39.246535],[-84.63628,39.246681],[-84.636296,39.247314],[-84.634388,39.247597],[-84.634357,39.247574]]]}},{"type":"Feature","properties":{"pid":"051002600074"},"geometry":{"type":"Polygon","coordinates":[[[-84.629075,39.278991],[-84.629228,39.277501],[-84.62997,39.277874],[-84.629075,39.278991]]]}},{"type":"Feature","properties":{"pid":"051002600156"},"geometry":{"type":"Polygon","coordinates":[[[-84.632143,39.277425],[-84.63257,39.277672],[-84.631713,39.278731],[-84.631276,39.278517],[-84.632143,39.277425]]]}},{"type":"Feature","properties":{"pid":"051002600080"},"geometry":{"type":"Polygon","coordinates":[[[-84.630823,39.279133],[-84.631255,39.278593],[-84.631526,39.278728],[-84.631121,39.279273],[-84.630823,39.279133]]]}},{"type":"Feature","properties":{"pid":"051002600200"},"geometry":{"type":"Polygon","coordinates":[[[-84.628284,39.278788],[-84.629153,39.278231],[-84.629019,39.279559],[-84.628112,39.278734],[-84.627217,39.279038],[-84.627182,39.278976],[-84.628136,39.278657],[-84.628284,39.278788]]]}},{"type":"Feature","properties":{"pid":"051002600077"},"geometry":{"type":"Polygon","coordinates":[[[-84.630856,39.278312],[-84.631305,39.278532],[-84.630414,39.279644],[-84.629965,39.279425],[-84.630856,39.278312]]]}},{"type":"Feature","properties":{"pid":"051002600187"},"geometry":{"type":"Polygon","coordinates":[[[-84.627313,39.276619],[-84.62659,39.276305],[-84.626883,39.275899],[-84.627132,39.275873],[-84.627601,39.27636],[-84.627313,39.276619]]]}},{"type":"Feature","properties":{"pid":"051002600263"},"geometry":{"type":"Polygon","coordinates":[[[-84.62849,39.275941],[-84.627601,39.27636],[-84.627331,39.276078],[-84.627222,39.275864],[-84.628399,39.275741],[-84.62849,39.275941]]]}},{"type":"Feature","properties":{"pid":"051002400250"},"geometry":{"type":"Polygon","coordinates":[[[-84.637696,39.248166],[-84.638622,39.24766],[-84.639445,39.246771],[-84.639743,39.247242],[-84.640156,39.247384],[-84.640859,39.247192],[-84.641168,39.247151],[-84.641709,39.247166],[-84.64172,39.246929],[-84.645562,39.247021],[-84.645527,39.247978],[-84.643102,39.247921],[-84.641963,39.247451],[-84.641678,39.247823],[-84.640693,39.247876],[-84.640442,39.247321],[-84.640156,39.247399],[-84.63973,39.247253],[-84.639442,39.246798],[-84.638635,39.24767],[-84.637693,39.248184],[-84.636751,39.247331],[-84.634467,39.247655],[-84.636757,39.247316],[-84.637696,39.248166]]]}},{"type":"Feature","properties":{"pid":"051002410060"},"geometry":{"type":"Polygon","coordinates":[[[-84.645797,39.240602],[-84.645517,39.240308],[-84.645815,39.240597],[-84.645562,39.247021],[-84.641492,39.246924],[-84.641538,39.246005],[-84.64338,39.244757],[-84.643932,39.245249],[-84.643161,39.245772],[-84.64317,39.245863],[-84.643014,39.245871],[-84.64224,39.246396],[-84.642332,39.246479],[-84.642315,39.24693],[-84.645545,39.247007],[-84.645797,39.240602]]]}},{"type":"Feature","properties":{"pid":"051002400187"},"geometry":{"type":"Polygon","coordinates":[[[-84.633964,39.247285],[-84.634514,39.247691],[-84.634138,39.247916],[-84.634088,39.248596],[-84.633883,39.248596],[-84.633964,39.247285]]]}},{"type":"Feature","properties":{"pid":"051002400229"},"geometry":{"type":"Polygon","coordinates":[[[-84.63618,39.245475],[-84.637138,39.245523],[-84.637164,39.245033],[-84.639957,39.245041],[-84.639822,39.245131],[-84.641027,39.246087],[-84.641524,39.246291],[-84.641513,39.246511],[-84.640489,39.246346],[-84.640361,39.246193],[-84.639867,39.246338],[-84.638838,39.245763],[-84.63991,39.245055],[-84.637181,39.245047],[-84.637155,39.245537],[-84.636185,39.245489],[-84.634936,39.246114],[-84.63502,39.246518],[-84.635649,39.246494],[-84.636332,39.24665],[-84.63635,39.247348],[-84.634435,39.247632],[-84.636332,39.247337],[-84.636315,39.24666],[-84.635647,39.246507],[-84.635005,39.246532],[-84.634917,39.246107],[-84.63618,39.245475]]]}},{"type":"Feature","properties":{"pid":"051002410037"},"geometry":{"type":"Polygon","coordinates":[[[-84.643592,39.248578],[-84.643791,39.248752],[-84.643155,39.249205],[-84.642303,39.24958],[-84.641454,39.249766],[-84.64141,39.250055],[-84.64157,39.250869],[-84.64147,39.250881],[-84.640798,39.250069],[-84.64072,39.249621],[-84.640563,39.249279],[-84.639695,39.248688],[-84.639686,39.248588],[-84.643592,39.248578]]]}},{"type":"Feature","properties":{"pid":"051002600114"},"geometry":{"type":"Polygon","coordinates":[[[-84.627347,39.273971],[-84.626936,39.273758],[-84.62772,39.272844],[-84.627962,39.272969],[-84.627347,39.273971]]]}},{"type":"Feature","properties":{"pid":"051002600132"},"geometry":{"type":"Polygon","coordinates":[[[-84.630026,39.273964],[-84.630837,39.276777],[-84.630391,39.276784],[-84.629428,39.27477],[-84.629608,39.274728],[-84.629513,39.274088],[-84.630026,39.273964]]]}},{"type":"Feature","properties":{"pid":"051002600003"},"geometry":{"type":"Polygon","coordinates":[[[-84.629734,39.275402],[-84.629967,39.275883],[-84.628965,39.276358],[-84.628501,39.275691],[-84.629734,39.275402]]]}},{"type":"Feature","properties":{"pid":"051002600140"},"geometry":{"type":"Polygon","coordinates":[[[-84.630391,39.276784],[-84.629298,39.2768],[-84.628965,39.276358],[-84.630029,39.276011],[-84.630391,39.276784]]]}},{"type":"Feature","properties":{"pid":"051002600153"},"geometry":{"type":"Polygon","coordinates":[[[-84.633151,39.279269],[-84.632489,39.279013],[-84.633253,39.278067],[-84.633364,39.278116],[-84.633151,39.279269]]]}},{"type":"Feature","properties":{"pid":"051002600155"},"geometry":{"type":"Polygon","coordinates":[[[-84.63257,39.277672],[-84.633253,39.278067],[-84.632432,39.279082],[-84.631713,39.278731],[-84.63257,39.277672]]]}},{"type":"Feature","properties":{"pid":"051002600274"},"geometry":{"type":"Polygon","coordinates":[[[-84.629075,39.278991],[-84.630414,39.279644],[-84.630823,39.279133],[-84.631121,39.279273],[-84.631529,39.278768],[-84.631515,39.27872],[-84.631612,39.278768],[-84.631143,39.279349],[-84.630848,39.279206],[-84.630436,39.27972],[-84.629137,39.279086],[-84.629018,39.280274],[-84.629511,39.280304],[-84.629454,39.280876],[-84.629499,39.28115],[-84.62944,39.281208],[-84.629294,39.281229],[-84.628997,39.28097],[-84.628953,39.280859],[-84.62889,39.280844],[-84.629075,39.278991]]]}},{"type":"Feature","properties":{"pid":"051001600198"},"geometry":{"type":"Polygon","coordinates":[[[-84.611542,39.289931],[-84.611021,39.289857],[-84.611212,39.289047],[-84.611734,39.289121],[-84.611542,39.289931]]]}},{"type":"Feature","properties":{"pid":"051001600200"},"geometry":{"type":"Polygon","coordinates":[[[-84.613245,39.290175],[-84.613175,39.290165],[-84.613587,39.288423],[-84.614699,39.288582],[-84.614479,39.289514],[-84.613436,39.289365],[-84.613245,39.290175]]]}},{"type":"Feature","properties":{"pid":"051001600201"},"geometry":{"type":"Polygon","coordinates":[[[-84.613175,39.290165],[-84.613106,39.290155],[-84.613297,39.289345],[-84.612255,39.289196],[-84.612475,39.288264],[-84.613587,39.288423],[-84.613175,39.290165]]]}},{"type":"Feature","properties":{"pid":"051002600225"},"geometry":{"type":"Polygon","coordinates":[[[-84.628482,39.281613],[-84.627997,39.281171],[-84.628659,39.280733],[-84.628881,39.280933],[-84.628813,39.281609],[-84.628482,39.281613]]]}},{"type":"Feature","properties":{"pid":"051001900217"},"geometry":{"type":"Polygon","coordinates":[[[-84.619802,39.24085],[-84.620657,39.2406],[-84.620512,39.240435],[-84.620569,39.240404],[-84.62136,39.241297],[-84.621217,39.241547],[-84.619492,39.241415],[-84.619425,39.242456],[-84.618717,39.242924],[-84.61774,39.243352],[-84.617834,39.242082],[-84.619096,39.241384],[-84.619802,39.24085]]]}},{"type":"Feature","properties":{"pid":"051001900237"},"geometry":{"type":"Polygon","coordinates":[[[-84.617038,39.242536],[-84.617786,39.242608],[-84.61774,39.243352],[-84.616668,39.243822],[-84.616518,39.24432],[-84.615248,39.244871],[-84.614693,39.245387],[-84.61434,39.245344],[-84.614446,39.244378],[-84.614298,39.24436],[-84.614781,39.244112],[-84.615284,39.243379],[-84.61649,39.242847],[-84.617038,39.242536]]]}},{"type":"Feature","properties":{"pid":"051002300299"},"geometry":{"type":"Polygon","coordinates":[[[-84.626889,39.234197],[-84.626748,39.234305],[-84.627003,39.2344],[-84.627629,39.234742],[-84.628177,39.234249],[-84.62948,39.234304],[-84.62941,39.23551],[-84.626644,39.235397],[-84.626769,39.235215],[-84.625886,39.234849],[-84.626748,39.234191],[-84.626889,39.234197]]]}},{"type":"Feature","properties":{"pid":"051001600064"},"geometry":{"type":"Polygon","coordinates":[[[-84.618499,39.291875],[-84.617792,39.291771],[-84.617593,39.291475],[-84.618526,39.291609],[-84.618499,39.291875]]]}},{"type":"Feature","properties":{"pid":"051002600238"},"geometry":{"type":"Polygon","coordinates":[[[-84.627744,39.275809],[-84.627689,39.275151],[-84.628452,39.275113],[-84.628504,39.27573],[-84.627744,39.275809]]]}},{"type":"Feature","properties":{"pid":"051002400167"},"geometry":{"type":"Polygon","coordinates":[[[-84.633402,39.246816],[-84.634051,39.245677],[-84.63397,39.24717],[-84.633402,39.246816]]]}},{"type":"Feature","properties":{"pid":"051002400218"},"geometry":{"type":"Polygon","coordinates":[[[-84.634011,39.2472],[-84.634107,39.245088],[-84.636141,39.243814],[-84.636068,39.245101],[-84.635394,39.245078],[-84.635137,39.245195],[-84.635288,39.24537],[-84.635668,39.245462],[-84.635696,39.245652],[-84.63484,39.24608],[-84.634612,39.24563],[-84.634088,39.245787],[-84.634011,39.2472]]]}},{"type":"Feature","properties":{"pid":"051002400062"},"geometry":{"type":"Polygon","coordinates":[[[-84.634084,39.245081],[-84.634221,39.243269],[-84.636101,39.243274],[-84.637073,39.242794],[-84.637176,39.243145],[-84.634084,39.245081]]]}},{"type":"Feature","properties":{"pid":"051002400230"},"geometry":{"type":"Polygon","coordinates":[[[-84.638838,39.245763],[-84.639867,39.246338],[-84.640361,39.246193],[-84.640489,39.246346],[-84.641513,39.246511],[-84.641492,39.246924],[-84.64172,39.246929],[-84.641709,39.247166],[-84.641168,39.247151],[-84.640859,39.247192],[-84.640156,39.247384],[-84.639743,39.247242],[-84.639445,39.246771],[-84.639843,39.246341],[-84.638809,39.245763],[-84.639862,39.245068],[-84.637199,39.245061],[-84.637172,39.245552],[-84.636188,39.245503],[-84.634956,39.24612],[-84.635034,39.246503],[-84.635652,39.24648],[-84.63635,39.24664],[-84.636369,39.24736],[-84.634435,39.247632],[-84.63635,39.247348],[-84.636332,39.24665],[-84.635649,39.246494],[-84.63502,39.246518],[-84.634936,39.246114],[-84.636185,39.245489],[-84.637155,39.245537],[-84.637181,39.245047],[-84.63991,39.245055],[-84.638838,39.245763]]]}},{"type":"Feature","properties":{"pid":"051002400215"},"geometry":{"type":"Polygon","coordinates":[[[-84.636314,39.247326],[-84.636297,39.246671],[-84.635645,39.246521],[-84.63499,39.246546],[-84.634897,39.2461],[-84.636175,39.245461],[-84.637121,39.245508],[-84.637147,39.24502],[-84.640379,39.245029],[-84.640382,39.244452],[-84.641616,39.244455],[-84.641524,39.246291],[-84.641027,39.246087],[-84.639822,39.245131],[-84.639957,39.245041],[-84.637164,39.245033],[-84.637138,39.245523],[-84.63618,39.245475],[-84.634917,39.246107],[-84.635005,39.246532],[-84.635647,39.246507],[-84.636315,39.24666],[-84.636332,39.247337],[-84.634404,39.247609],[-84.636314,39.247326]]]}},{"type":"Feature","properties":{"pid":"051001600041"},"geometry":{"type":"Polygon","coordinates":[[[-84.618686,39.289991],[-84.617293,39.289788],[-84.616492,39.288558],[-84.615945,39.288771],[-84.615758,39.287732],[-84.617286,39.287958],[-84.617018,39.286644],[-84.616397,39.285361],[-84.619105,39.285745],[-84.618686,39.289991]]]}},{"type":"Feature","properties":{"pid":"051001600042"},"geometry":{"type":"Polygon","coordinates":[[[-84.616987,39.289743],[-84.616577,39.289905],[-84.616173,39.289285],[-84.616575,39.289112],[-84.616495,39.28899],[-84.616093,39.289162],[-84.615986,39.288998],[-84.615945,39.288771],[-84.616492,39.288558],[-84.617293,39.289788],[-84.616987,39.289743]]]}},{"type":"Feature","properties":{"pid":"051001600060"},"geometry":{"type":"Polygon","coordinates":[[[-84.612475,39.288264],[-84.609964,39.287905],[-84.610041,39.28682],[-84.615591,39.287599],[-84.615601,39.287656],[-84.612715,39.287251],[-84.612475,39.288264]]]}},{"type":"Feature","properties":{"pid":"051001600104"},"geometry":{"type":"Polygon","coordinates":[[[-84.615315,39.285999],[-84.615516,39.286425],[-84.615737,39.287619],[-84.612584,39.287177],[-84.612947,39.285661],[-84.615315,39.285999]]]}},{"type":"Feature","properties":{"pid":"051001600125"},"geometry":{"type":"Polygon","coordinates":[[[-84.617286,39.287958],[-84.615758,39.287732],[-84.61567,39.287259],[-84.617105,39.287078],[-84.617286,39.287958]]]}},{"type":"Feature","properties":{"pid":"051001600191"},"geometry":{"type":"Polygon","coordinates":[[[-84.61533,39.290473],[-84.614808,39.290398],[-84.615,39.289588],[-84.615521,39.289663],[-84.61533,39.290473]]]}},{"type":"Feature","properties":{"pid":"051003200072"},"geometry":{"type":"Polygon","coordinates":[[[-84.647754,39.261531],[-84.647952,39.26241],[-84.646571,39.262622],[-84.646349,39.26176],[-84.647754,39.261531]]]}},{"type":"Feature","properties":{"pid":"051003200073"},"geometry":{"type":"Polygon","coordinates":[[[-84.647752,39.260846],[-84.647754,39.261531],[-84.646349,39.26176],[-84.646374,39.260964],[-84.647752,39.260846]]]}},{"type":"Feature","properties":{"pid":"051003200074"},"geometry":{"type":"Polygon","coordinates":[[[-84.647436,39.26011],[-84.647666,39.260518],[-84.647752,39.260846],[-84.646374,39.260964],[-84.646388,39.260535],[-84.647307,39.260048],[-84.647436,39.26011]]]}},{"type":"Feature","properties":{"pid":"051003200075"},"geometry":{"type":"Polygon","coordinates":[[[-84.646793,39.259566],[-84.647058,39.259893],[-84.647307,39.260048],[-84.646388,39.260535],[-84.646231,39.260411],[-84.646265,39.259342],[-84.646793,39.259566]]]}},{"type":"Feature","properties":{"pid":"051002500032"},"geometry":{"type":"Polygon","coordinates":[[[-84.63816,39.261777],[-84.638231,39.260221],[-84.638332,39.260212],[-84.638233,39.262365],[-84.636653,39.262396],[-84.636677,39.261737],[-84.63816,39.261777]]]}},{"type":"Feature","properties":{"pid":"051002500066"},"geometry":{"type":"Polygon","coordinates":[[[-84.634148,39.262414],[-84.636893,39.262396],[-84.636889,39.262576],[-84.636965,39.262585],[-84.636457,39.263191],[-84.636093,39.263398],[-84.635444,39.263437],[-84.635401,39.264029],[-84.634177,39.264035],[-84.634247,39.262969],[-84.634123,39.262778],[-84.634148,39.262414]]]}},{"type":"Feature","properties":{"pid":"051002500187"},"geometry":{"type":"Polygon","coordinates":[[[-84.635827,39.260004],[-84.635239,39.2597],[-84.635134,39.259692],[-84.635161,39.259028],[-84.635867,39.259045],[-84.635827,39.260004]]]}},{"type":"Feature","properties":{"pid":"051002500188"},"geometry":{"type":"Polygon","coordinates":[[[-84.635134,39.259692],[-84.635063,39.259687],[-84.635107,39.258615],[-84.636815,39.258656],[-84.636893,39.259069],[-84.635161,39.259028],[-84.635134,39.259692]]]}},{"type":"Feature","properties":{"pid":"051002500196"},"geometry":{"type":"Polygon","coordinates":[[[-84.636982,39.259554],[-84.636644,39.257737],[-84.637309,39.257739],[-84.637305,39.257847],[-84.63817,39.257839],[-84.638478,39.259484],[-84.640215,39.259469],[-84.640244,39.259533],[-84.640194,39.259577],[-84.640173,39.259534],[-84.636982,39.259554]]]}},{"type":"Feature","properties":{"pid":"051002500245"},"geometry":{"type":"Polygon","coordinates":[[[-84.634059,39.260375],[-84.633324,39.260311],[-84.633368,39.259626],[-84.634824,39.259744],[-84.63479,39.260296],[-84.634068,39.260238],[-84.634059,39.260375]]]}},{"type":"Feature","properties":{"pid":"051002500047"},"geometry":{"type":"Polygon","coordinates":[[[-84.637756,39.260259],[-84.63695,39.260322],[-84.636982,39.259554],[-84.637791,39.259544],[-84.637756,39.260259]]]}},{"type":"Feature","properties":{"pid":"051002500172"},"geometry":{"type":"Polygon","coordinates":[[[-84.63695,39.260322],[-84.637413,39.260286],[-84.637398,39.261022],[-84.636705,39.261004],[-84.636731,39.260291],[-84.63695,39.260322]]]}},{"type":"Feature","properties":{"pid":"051002500239"},"geometry":{"type":"Polygon","coordinates":[[[-84.638581,39.260199],[-84.637756,39.260259],[-84.637791,39.259544],[-84.638614,39.25954],[-84.638581,39.260199]]]}},{"type":"Feature","properties":{"pid":"051002500174"},"geometry":{"type":"Polygon","coordinates":[[[-84.638158,39.260228],[-84.638124,39.261037],[-84.637543,39.261025],[-84.637413,39.260286],[-84.638158,39.260228]]]}},{"type":"Feature","properties":{"pid":"051001820018"},"geometry":{"type":"Polygon","coordinates":[[[-84.606275,39.263366],[-84.606437,39.262534],[-84.606836,39.26258],[-84.606673,39.263415],[-84.606275,39.263366]]]}},{"type":"Feature","properties":{"pid":"051001820019"},"geometry":{"type":"Polygon","coordinates":[[[-84.606673,39.263415],[-84.606836,39.26258],[-84.607236,39.262626],[-84.60707,39.263463],[-84.606673,39.263415]]]}},{"type":"Feature","properties":{"pid":"051001820005"},"geometry":{"type":"Polygon","coordinates":[[[-84.605825,39.264332],[-84.606497,39.26393],[-84.606706,39.264135],[-84.606014,39.264561],[-84.605825,39.264332]]]}},{"type":"Feature","properties":{"pid":"051001820015"},"geometry":{"type":"Polygon","coordinates":[[[-84.605007,39.262371],[-84.605357,39.262409],[-84.605192,39.263233],[-84.604843,39.263191],[-84.605007,39.262371]]]}},{"type":"Feature","properties":{"pid":"051001820016"},"geometry":{"type":"Polygon","coordinates":[[[-84.605357,39.262409],[-84.605705,39.262446],[-84.605547,39.263277],[-84.605192,39.263233],[-84.605357,39.262409]]]}},{"type":"Feature","properties":{"pid":"051001820017"},"geometry":{"type":"Polygon","coordinates":[[[-84.605893,39.263319],[-84.606052,39.262488],[-84.606437,39.262534],[-84.606275,39.263366],[-84.605893,39.263319]]]}},{"type":"Feature","properties":{"pid":"051001820021"},"geometry":{"type":"Polygon","coordinates":[[[-84.607411,39.262647],[-84.607776,39.26269],[-84.60761,39.263529],[-84.607246,39.263485],[-84.607411,39.262647]]]}},{"type":"Feature","properties":{"pid":"051001820022"},"geometry":{"type":"Polygon","coordinates":[[[-84.60761,39.263529],[-84.607776,39.26269],[-84.608145,39.262734],[-84.607979,39.263575],[-84.60761,39.263529]]]}},{"type":"Feature","properties":{"pid":"051001820023"},"geometry":{"type":"Polygon","coordinates":[[[-84.607979,39.263575],[-84.608145,39.262734],[-84.608495,39.262774],[-84.608325,39.263618],[-84.607979,39.263575]]]}},{"type":"Feature","properties":{"pid":"051001820125"},"geometry":{"type":"Polygon","coordinates":[[[-84.607136,39.264562],[-84.606497,39.26393],[-84.608051,39.26412],[-84.608157,39.263596],[-84.609645,39.263784],[-84.609553,39.26473],[-84.607355,39.264469],[-84.606335,39.265105],[-84.606313,39.265083],[-84.607136,39.264562]]]}},{"type":"Feature","properties":{"pid":"051001820014"},"geometry":{"type":"Polygon","coordinates":[[[-84.605007,39.262371],[-84.604843,39.263191],[-84.604678,39.26317],[-84.604389,39.262763],[-84.604215,39.262366],[-84.60424,39.262329],[-84.604456,39.262307],[-84.605007,39.262371]]]}},{"type":"Feature","properties":{"pid":"051001820181"},"geometry":{"type":"Polygon","coordinates":[[[-84.605825,39.264332],[-84.605074,39.263514],[-84.604825,39.263188],[-84.608157,39.263596],[-84.608051,39.26412],[-84.606497,39.26393],[-84.605825,39.264332]]]}},{"type":"Feature","properties":{"pid":"051002500030"},"geometry":{"type":"Polygon","coordinates":[[[-84.640235,39.259664],[-84.63938,39.260111],[-84.639037,39.260176],[-84.638581,39.260199],[-84.638614,39.25954],[-84.640173,39.259534],[-84.640235,39.259664]]]}},{"type":"Feature","properties":{"pid":"051001840282"},"geometry":{"type":"Polygon","coordinates":[[[-84.615279,39.252636],[-84.614597,39.252905],[-84.613762,39.252811],[-84.613529,39.252946],[-84.6129,39.252876],[-84.612904,39.252829],[-84.613572,39.252904],[-84.613757,39.252797],[-84.614579,39.252889],[-84.61494,39.252364],[-84.615467,39.252423],[-84.615279,39.252636]]]}},{"type":"Feature","properties":{"pid":"051002500207"},"geometry":{"type":"Polygon","coordinates":[[[-84.639951,39.255972],[-84.639929,39.255909],[-84.640589,39.255336],[-84.639964,39.254546],[-84.641305,39.254138],[-84.641277,39.254822],[-84.639951,39.255972]]]}},{"type":"Feature","properties":{"pid":"051002500208"},"geometry":{"type":"Polygon","coordinates":[[[-84.640098,39.256302],[-84.639951,39.255972],[-84.641277,39.254822],[-84.641232,39.25592],[-84.640098,39.256302]]]}},{"type":"Feature","properties":{"pid":"051001840113"},"geometry":{"type":"Polygon","coordinates":[[[-84.618148,39.256669],[-84.618103,39.256371],[-84.619059,39.256336],[-84.618978,39.256561],[-84.618148,39.256669]]]}},{"type":"Feature","properties":{"pid":"051003200016"},"geometry":{"type":"Polygon","coordinates":[[[-84.657591,39.252717],[-84.656215,39.25805],[-84.655357,39.258239],[-84.655206,39.257826],[-84.654617,39.257263],[-84.654218,39.256509],[-84.65391,39.256141],[-84.65438,39.25626],[-84.655317,39.253751],[-84.653632,39.2536],[-84.653634,39.252555],[-84.657591,39.252717]]]}},{"type":"Feature","properties":{"pid":"051003200015"},"geometry":{"type":"Polygon","coordinates":[[[-84.656835,39.255648],[-84.657216,39.254116],[-84.659466,39.254231],[-84.6593,39.255823],[-84.656835,39.255648]]]}},{"type":"Feature","properties":{"pid":"051002600184"},"geometry":{"type":"Polygon","coordinates":[[[-84.628172,39.276811],[-84.627853,39.276399],[-84.628613,39.276063],[-84.628929,39.276457],[-84.628172,39.276811]]]}},{"type":"Feature","properties":{"pid":"051002600201"},"geometry":{"type":"Polygon","coordinates":[[[-84.629046,39.277759],[-84.629132,39.277796],[-84.629154,39.27757],[-84.629218,39.277602],[-84.629153,39.278231],[-84.628284,39.278788],[-84.628043,39.278575],[-84.629046,39.277759]]]}},{"type":"Feature","properties":{"pid":"051002600202"},"geometry":{"type":"Polygon","coordinates":[[[-84.627563,39.278242],[-84.628537,39.277528],[-84.629046,39.277759],[-84.628043,39.278575],[-84.628136,39.278657],[-84.627182,39.278976],[-84.62715,39.278919],[-84.627992,39.27863],[-84.627563,39.278242]]]}},{"type":"Feature","properties":{"pid":"051002600206"},"geometry":{"type":"Polygon","coordinates":[[[-84.628537,39.277528],[-84.628217,39.277763],[-84.627292,39.277354],[-84.627389,39.276917],[-84.628314,39.277324],[-84.628537,39.277528]]]}},{"type":"Feature","properties":{"pid":"051002600207"},"geometry":{"type":"Polygon","coordinates":[[[-84.628172,39.276811],[-84.628314,39.277324],[-84.627389,39.276917],[-84.627536,39.276609],[-84.627853,39.276399],[-84.628172,39.276811]]]}},{"type":"Feature","properties":{"pid":"051002600280"},"geometry":{"type":"Polygon","coordinates":[[[-84.628297,39.277265],[-84.628172,39.276811],[-84.628929,39.276457],[-84.629163,39.276777],[-84.629173,39.276997],[-84.628613,39.276967],[-84.628599,39.277124],[-84.628297,39.277265]]]}},{"type":"Feature","properties":{"pid":"051002600281"},"geometry":{"type":"Polygon","coordinates":[[[-84.628599,39.277124],[-84.628613,39.276967],[-84.629173,39.276997],[-84.629132,39.277796],[-84.628561,39.27755],[-84.628314,39.277324],[-84.628297,39.277265],[-84.628599,39.277124]]]}}],"name":"parcels-45252"}